key,type,item,english,translation,notes
language_title,string,,Language,Jazyk,
language_display_title,string,,Display language,Jazyk zobrazení,
language_display_subtitle,string,,Follows your device by default; choose one to override it,"Ve výchozím nastavení následuje vaše zařízení; vyberte jednu, kterou chcete přepsat",
language_system,string,,System default,Výchozí nastavení systému,
language_selected,string,,Selected,Vybraný,
nav_home,string,,Home,Domov,
nav_rooms,string,,Rooms,Pokoje,
nav_security,string,,Security,Zabezpečení,
nav_energy,string,,Energy,Energie,
nav_climate,string,,Climate,Podnebí,
nav_battery,string,,Battery,Baterie,
nav_settings,string,,Settings,Nastavení,
nav_room_detail,string,,Room Detail,Detail pokoje,
settings_title_connection,string,,Connection,Spojení,
settings_title_profile,string,,Profile,Profil,
settings_title_location,string,,Location,Umístění,
settings_title_notifications,string,,Notifications,Oznámení,
settings_title_appearance,string,,Appearance,Vzhled,
settings_title_header,string,,Header,Záhlaví,
settings_title_theme,string,,Theme,Téma,
settings_title_fonts,string,,Fonts,Písma,
settings_title_corners,string,,Corners,Rohy,
settings_title_icons,string,,Icons,ikony,
settings_title_nav_bar,string,,Navigation Bar,Navigační lišta,
settings_title_media_players,string,,Media Players,Přehrávače médií,
settings_title_dashboard,string,,Dashboard,Dashboard,
settings_title_family_sharing,string,,Family Sharing,Rodinné sdílení,
settings_title_backup_restore,string,,Backup and Restore,Zálohování a obnovení,
settings_title_account,string,,Account,Účet,
settings_title_about,string,,About HKI 7,O HKI 7,don't translate HKI 7
settings_title_license,string,,License,Licence,
settings_title_support,string,,Support,Podpora,
settings_subtitle_menu,string,,Everything that shapes your HKI 7 experience,"Vše, co utváří váš HKI 7 zážitek",don't translate HKI 7
settings_subtitle_account,string,,Your profile and this app installation,Váš profil a instalace této aplikace,
settings_subtitle_profile,string,,Personal details used throughout your dashboard,Osobní údaje používané na vašem řídicím panelu,
settings_subtitle_connection,string,,Server routes and local-network preferences,Trasy serveru a předvolby místní sítě,
settings_subtitle_location,string,,Presence updates and background access,Aktualizace přítomnosti a přístup na pozadí,
settings_subtitle_dashboard,string,,"Dashboards, tabs, media players, and popups","Řídicí panely, karty, přehrávače médií a vyskakovací okna",
settings_subtitle_appearance,string,,Make the dashboard feel like yours,Nechte palubní desku vypadat jako vy,
settings_subtitle_corners,string,,"Roundness of buttons, cards, and widgets","Kulatost tlačítek, karet a widgetů",
settings_subtitle_icons,string,,Icon animations and per-domain effects,Animace ikon a efekty pro jednotlivé domény,
settings_subtitle_header,string,,Choose whether the dashboard header is shown,"Zvolte, zda se má zobrazovat záhlaví řídicího panelu",
settings_subtitle_theme,string,,"Color, contrast, mode, and corner styling","Barva, kontrast, režim a styling rohů",
settings_subtitle_fonts,string,,"Size, weight, and typeface readability","Velikost, hmotnost a čitelnost písma",
settings_subtitle_nav_bar,string,,Choose which destinations are always within reach,"Vyberte si, které destinace jsou vždy na dosah",
settings_subtitle_media_players,string,,Names and mini-player visibility,Jména a viditelnost minihráčů,
settings_subtitle_notifications,string,,"Push delivery, history, and service behavior","Push doručení, historii a chování služby",
settings_subtitle_backup_restore,string,,Protect or move your dashboard configuration,Chraňte nebo přesuňte konfiguraci řídicího panelu,
settings_subtitle_family_sharing,string,,"Parental controls, dashboard sharing, and recipient permissions","Rodičovská kontrola, sdílení řídicího panelu a oprávnění příjemců",
settings_subtitle_about,string,,"The project, technology, and people behind HKI 7","Projekt, technologie a lidé stojící za HKI 7",don't translate HKI 7
settings_subtitle_license,string,,Open-source community core and optional premium materials,Open source komunitní jádro a volitelné prémiové materiály,
settings_subtitle_support,string,,Ways to help HKI 7 grow without buying Premium,"Způsoby, jak pomoci HKI 7 růst bez nákupu Premium",don't translate HKI 7
notification_channel_general,string,,General,Generál,
location_channel_name,string,,Location sharing,Sdílení polohy,
location_notification_title,string,,Home Assistant location,Home Assistant umístění,don't translate Home Assistant
location_notification_text,string,,Sharing your location with Home Assistant,Sdílení polohy s Home Assistant,don't translate Home Assistant
push_connection_channel_name,string,,Notification connection,Připojení oznámení,
push_connection_notification_title,string,,Connected to Home Assistant,Připojeno k Home Assistant,don't translate Home Assistant
push_connection_notification_text,string,,Listening for notifications,Poslouchání oznámení,
parcel_title,string,,Parcels,Pozemky,
parcel_generic_carrier,string,,Carrier,Dopravce,
parcel_incoming,string,,Incoming,Přicházející,
parcel_delivered,string,,Delivered,Doručeno,
parcel_outgoing,string,,Outgoing,Odchozí,
parcel_letters,string,,Letters,Dopisy,
parcel_mail,string,,Mail,Mail,
parcel_summary,string,,%1$d incoming · %2$d outgoing,%1$d příchozí · %2$d odchozí,keep %1$d %2$d
parcel_summary_with_letters,string,,%1$d incoming · %2$d outgoing · %3$d letters,%1$d příchozí · %2$d odchozí · %3$d písmen,keep %1$d %2$d %3$d
parcel_carrier_summary_with_letters,string,,%1$d incoming · %2$d outgoing · %3$d letters,%1$d příchozí · %2$d odchozí · %3$d písmen,keep %1$d %2$d %3$d
parcel_summary_with_letter_count,string,,%1$d incoming · %2$d outgoing · %3$s,%1$d příchozí · %2$d odchozí · %3$s,keep %1$d %2$d %3$s
parcel_tracking_history,string,,Tracking history,Historie sledování,
parcel_tracking_history_subtitle,string,,Parcel journey and status updates,Aktualizace cesty balíku a stavu,
parcel_choose_carrier_account,string,,Choose a carrier account,Vyberte účet operátora,
parcel_tab_count,string,,%1$s (%2$d),%1$s (%2$d),keep %1$s %2$d
parcel_empty_tab,string,,No %1$s parcels.,Žádné %1$s balíky.,keep %1$s
parcel_no_incoming,string,,No incoming parcels.,Žádné příchozí balíčky.,
parcel_no_delivered,string,,No delivered parcels.,Žádné doručené balíky.,
parcel_no_outgoing,string,,No outgoing parcels.,Žádné odchozí balíky.,
parcel_stage_registered,string,,Registered,Registrovaný,
parcel_stage_sorting,string,,Sorting,Řazení,
parcel_stage_on_the_way,string,,On the way,Na cestě,
parcel_unknown_status,string,,Unknown status,Neznámý stav,
parcel_status_in_transit,string,,In transit,V tranzitu,
parcel_status_out_for_delivery,string,,Out for delivery,Ven k doručení,
parcel_status_at_pickup_point,string,,Ready at pickup point,Připraveno v místě vyzvednutí,
parcel_status_ready_to_send,string,,Ready to send,Připraveno k odeslání,
parcel_letter_preview,string,,Letter preview,Náhled dopisu,
parcel_carriers,string,,Carriers,Nosiče,
parcel_track_new,string,,Track a new %1$s parcel by number,Sledujte nový balík %1$s podle čísla,keep %1$s
parcel_choose_carrier,string,,Choose a carrier,Vyberte dopravce,
parcel_settings_subtitle,string,,"Carrier accounts, aggregation, and appearance","Účty operátora, agregace a vzhled",
parcel_settings_accounts,string,,Accounts,Účty,
parcel_settings_organization,string,,Organization,Organizace,
parcel_settings_appearance,string,,Appearance,Vzhled,
action_remove,string,,Remove,Odstranit,
notification_delete,string,,Delete notification,Smazat oznámení,
notification_mark_all_read,string,,Mark all as read,Označit vše jako přečtené,
notification_mark_all_unread,string,,Mark all as unread,Označit vše jako nepřečtené,
notification_delete_all,string,,Delete all,Smazat vše,
notification_delete_all_archived,string,,Delete all archived,Smazat vše archivované,
notification_unread,string,,Unread,Nepřečtený,
notification_history,string,,History,Dějiny,
notification_mark_unread,string,,Mark as unread,Označit jako nepřečtené,
notification_mark_read,string,,Mark as read,Označit jako přečtené,
notification_archive,string,,Archive,Archiv,
notification_unarchive,string,,Unarchive,Zrušit archivaci,
notification_delete_action,string,,Delete,Vymazat,
entity_search_select_items,string,,Select items,Vyberte položky,
entity_search_choose_one,string,,Search and choose one entity,Vyhledejte a vyberte jednu entitu,
entity_search_choose_multiple,string,,Search and select one or more entities,Vyhledejte a vyberte jednu nebo více entit,
global_search_title,string,,Search,Vyhledávání,
global_search_subtitle,string,,Find and control any Home Assistant device or entity,Najděte a ovládejte jakékoli Home Assistant zařízení nebo entitu,don't translate Home Assistant
global_search_clear,string,,Clear search,Vymazat vyhledávání,
global_search_no_devices,string,,No matching devices.,Žádná odpovídající zařízení.,
global_search_no_entities,string,,No matching entities.,Žádné odpovídající entity.,
security_title,string,,Security,Zabezpečení,
security_subtitle,string,,Home status and activity,Stav a aktivita domova,
security_settings,string,,Security settings,Nastavení zabezpečení,
security_entities,string,,Security entities,Bezpečnostní subjekty,
security_reimport,string,,Re-import,Znovu importovat,
security_group_doors,string,,Doors,Dveře,
security_group_doors_subtitle,string,,Door contacts,Dveřní kontakty,
security_group_windows,string,,Windows,Windows,
security_group_windows_subtitle,string,,Window contacts,Okenní kontakty,
security_group_openings,string,,Openings,Otvory,
security_group_openings_subtitle,string,,Garage doors and other openings,Garážová vrata a další otvory,
security_group_garage_doors,string,,Garage doors,Garážová vrata,
security_group_garage_doors_subtitle,string,,Garage door covers,Kryty garážových vrat,
security_group_covers,string,,Covers,Kryty,
security_group_covers_subtitle,string,,"Blinds, shutters, and gates","Žaluzie, žaluzie a brány",
security_group_locks,string,,Locks,Zámky,
security_group_locks_subtitle,string,,Door and gate locks,Zámky dveří a vrat,
security_group_motion,string,,Motion,Pohyb,
security_group_motion_subtitle,string,,Motion detection,Detekce pohybu,
security_group_presence,string,,Presence,Přítomnost,
security_group_presence_subtitle,string,,Occupancy sensors,Senzory obsazenosti,
security_group_fire,string,,Fire and temperature,Oheň a teplota,
security_group_fire_subtitle,string,,"Fire, heat, cold, and safety alarms","Požární, tepelné, chladové a bezpečnostní hlásiče",
security_group_smoke,string,,Smoke,Kouř,
security_group_smoke_subtitle,string,,Smoke detectors,Detektory kouře,
security_group_gas,string,,Gas,Plyn,
security_group_gas_subtitle,string,,Combustible gas sensors,Senzory hořlavých plynů,
security_group_co2,string,,CO / CO₂,CO / CO₂,
security_group_co2_subtitle,string,,Carbon monoxide and carbon dioxide sensors,Senzory oxidu uhelnatého a oxidu uhličitého,
security_group_moisture,string,,Leaks,Netěsnosti,
security_group_moisture_subtitle,string,,Moisture and water leaks,Úniky vlhkosti a vody,
security_group_sound,string,,Sound,Zvuk,
security_group_sound_subtitle,string,,Sound and glass-break sensors,Senzory zvuku a rozbití skla,
security_group_light,string,,Light detection,Detekce světla,
security_group_light_subtitle,string,,Light and beam sensors,Světelné a paprskové senzory,
security_group_alarms,string,,Alarm systems,Poplašné systémy,
security_group_alarms_subtitle,string,,Alarm control panels,Poplachové ovládací panely,
security_group_cameras,string,,Cameras,Kamery,
security_group_cameras_subtitle,string,,Camera feeds,Napájení fotoaparátu,
security_no_search_active,string,,No search active · %1$s,Žádné aktivní vyhledávání · %1$s,keep %1$s
security_status_alert,string,,Security alert,Bezpečnostní upozornění,
security_status_alarm_pending,string,,Alarm pending,Poplach čeká na vyřízení,
security_status_changing_alarm,string,,Changing alarm mode,Změna režimu budíku,
security_status_needs_attention,string,,Needs attention,Vyžaduje pozornost,
security_status_motion,string,,Motion detected,Detekován pohyb,
security_status_sensor_activity,string,,Sensor activity,Aktivita senzoru,
security_status_alarm_unavailable,string,,Alarm unavailable,Alarm nedostupný,
security_status_devices_unavailable,string,,Devices unavailable,Zařízení nejsou k dispozici,
security_status_cameras_offline,string,,Cameras offline,Kamery offline,
security_status_all_secure,string,,All secure,Vše v bezpečí,
security_status_alarm_disarmed,string,,Alarm disarmed,Alarm deaktivován,
security_status_all_clear,string,,All clear,Vše jasné,
security_status_no_data,string,,No security data,Žádná bezpečnostní data,
security_metric_openings,string,,Openings,Otvory,
security_metric_locked,string,,Locked,Zamčeno,
security_metric_cameras_online,string,,Cameras online,Kamery online,
security_card_title,string,,Security card,Bezpečnostní karta,
security_card_subtitle,string,,"Name, layout, and card appearance","Název, rozvržení a vzhled karty",
security_stat_total,string,,Total,Celkový,
security_stat_active,string,,Active,Aktivní,
security_stat_clear,string,,Clear,Jasný,
security_cover_open,string,,Open,OTEVŘENO,
security_cover_stop,string,,Stop,Zastávka,
security_cover_close,string,,Close,Blízko,
security_restore,string,,Restore,Obnovit,
security_empty,string,,This is an empty security view. Swipe down on the header and open Security settings to add entities manually.,"Toto je prázdný pohled zabezpečení. Chcete-li entity přidat ručně, přejeďte po záhlaví dolů a otevřete Nastavení zabezpečení.",
connection_stopping_for_restart,string,,Stopping for restart…,Zastavení pro restart…,
connection_starting,string,,Home Assistant is starting…,Home Assistant začíná…,don't translate Home Assistant
connection_restoring_dashboard,string,,Restoring your dashboard…,Obnovování řídicího panelu…,
connection_restarting,string,,Home Assistant is restarting…,Home Assistant se restartuje…,don't translate Home Assistant
connection_auto_generating,string,,Auto-generating rooms and widgets…,Automatické generování místností a widgetů…,
connection_reconnecting,string,,Reconnecting to Home Assistant…,Opětovné připojování k Home Assistant…,don't translate Home Assistant
connection_unavailable_retrying,string,,Unavailable · Retrying…,Nedostupné · Opakování…,
connection_paused,string,,Connection paused,Připojení pozastaveno,
connection_connected,string,,Connected,Připojeno,
connection_server_not_found,string,,Server address could not be found,Adresa serveru nebyla nalezena,
connection_timed_out,string,,Connection timed out,Vypršel časový limit připojení,
connection_no_route,string,,No network route to Home Assistant,Žádná síťová trasa do Home Assistant,don't translate Home Assistant
connection_could_not_connect,string,,Could not connect to Home Assistant,Nelze se připojit k Home Assistant,don't translate Home Assistant
connection_secure_failed,string,,Secure connection failed,Zabezpečené připojení se nezdařilo,
connection_session_expired_refreshing,string,,Session expired · Refreshing login…,Platnost relace vypršela · Obnovování přihlášení…,
connection_interrupted,string,,Connection was interrupted,Spojení bylo přerušeno,
connection_error_title,string,,Connection error,Chyba připojení,
connection_all_systems_normal,string,,All systems normal,Všechny systémy normální,
action_undo,string,,Undo,Vrátit zpět,
action_redo,string,,Redo,Předělat,
connection_route_local,string,,Local,Místní,
connection_route_nabu_casa,string,,Nabu Casa,Nabu Casa,don't translate Nabu Casa
connection_route_external,string,,External,Externí,
settings_connection_via,string,,Connected via %1$s,Připojeno přes %1$s,keep %1$s
settings_connection_unknown,string,,Unknown,Neznámý,
settings_connection_connecting,string,,Connecting…,Spojovací…,
settings_this_home,string,,this home,tento domov,
settings_current_wifi,string,,Current Wi-Fi,Aktuální Wi-Fi,
settings_wifi_unavailable,string,,Not connected or location permission is missing,Není připojeno nebo chybí oprávnění k poloze,
settings_just_now,string,,just now,právě teď,
settings_primary_app_language,string,,Primary application language,Primární jazyk aplikace,
settings_android_build_configuration,string,,Android resources and build configuration,Zdroje Android a konfigurace sestavení,
page_settings_default_title,string,,Page settings,Nastavení stránky,
page_settings_choose_area,string,,Choose an area to configure,"Vyberte oblast, kterou chcete nakonfigurovat",
page_settings_focused_options,string,,Focused options for this page area,Zaměřené možnosti pro tuto oblast stránky,
page_settings_header_description,string,,Wallpaper and custom header color,Tapeta a vlastní barva záhlaví,
page_settings_custom_page_description,string,,"Name, subtitle, and navigation icon","Ikona názvu, titulků a navigace",
page_settings_badge_bar,string,,Badge bar,Lišta odznaků,
page_settings_badge_description,string,,"Visibility, alignment, and display options","Možnosti viditelnosti, zarovnání a zobrazení",
page_settings_persons,string,,Persons,Osoby,
page_settings_persons_description,string,,Visibility and ordering,Viditelnost a řazení,
page_settings_configure,string,,Configure,Konfigurovat,
room_config_title,string,,Room configuration,Konfigurace místnosti,
header_pill_left,string,,Left header pill,Levá hlavička pilulky,
header_pill_right,string,,Right header pill,Pravá hlavička pilulky,
alignment_split,string,,Split,Rozdělit,
alignment_center,string,,Center,Centrum,
weather_cloudy,string,,Cloudy,Zataženo,
home_default_markdown_content,string,,# Markdown\nOpen this widget's settings in **edit mode** to write your own content.,"# Markdown\nChcete-li psát svůj vlastní obsah, otevřete nastavení tohoto widgetu v **režimu úprav**.",\n = line break
home_settings_title,string,,Home settings,Domácí nastavení,
custom_page_settings_title,string,,%1$s settings,%1$s nastavení,keep %1$s
home_empty,string,,This is the homepage. Add widgets by swiping down on the header and enabling edit mode.,Toto je domovská stránka. Přidejte widgety přejetím dolů po záhlaví a povolením režimu úprav.,
custom_page_empty,string,,This page is empty. Add widgets by swiping down on the header and enabling edit mode.,Tato stránka je prázdná. Přidejte widgety přejetím dolů po záhlaví a povolením režimu úprav.,
select_camera_title,string,,Select camera,Vyberte fotoaparát,
select_entity_title,string,,Select entity,Vyberte entitu,
custom_camera_default_name,string,,Custom camera,Vlastní fotoaparát,
rooms_settings_title,string,,Rooms settings,Nastavení místností,
rooms_empty,string,,The rooms view is empty. Swipe down on the header and enable edit mode to add floors and rooms.,"Pohled na pokoje je prázdný. Chcete-li přidat podlaží a místnosti, přejeďte po záhlaví dolů a povolte režim úprav.",
floor_expand,string,,Expand floor,Rozšiřte podlahu,
floor_collapse,string,,Collapse floor,Zřítit podlahu,
floor_settings_title,string,,Floor,Patro,
floor_settings_subtitle,string,,"Identity, layout, and card style","Identita, rozvržení a styl karty",
universal_cover_status,string,,%1$d%% · %2$s,%1$d%% · %2$s,keep %1$d %2$s
universal_effects,string,,Effects,Efekty,
universal_open_door,string,,Open door,Otevřete dveře,
universal_vacuum_dock,string,,Dock,Dok,
universal_start,string,,Start,Start,
universal_pause,string,,Pause,Pauza,
universal_stop,string,,Stop,Zastávka,
universal_locate,string,,Locate,Lokalizovat,
universal_room_number,string,,Room %1$d,Místnost %1$d,keep %1$d
core_optional_display_name,string,,Optional display name override,Volitelné přepsání zobrazovaného názvu,
core_media_paused_track,string,,Paused: %1$s,Pozastaveno: %1$s,keep %1$s
core_percent_value,string,,%1$d percent,%1$d procent,keep %1$d
core_current_humidity,string,,Current humidity,Aktuální vlhkost,
core_tank_water_level,string,,Tank / water level,Nádrž / hladina vody,
core_pm25,string,,PM2.5,"PM2,5",
core_error_code,string,,Error code,Kód chyby,
core_bucket_full,string,,Bucket full,Kbelík plný,
core_clean_filter,string,,Clean filter,Vyčistěte filtr,
core_ionizer,string,,Ionizer,Ionizátor,
core_pump,string,,Pump,Čerpadlo,
core_beep_on_command,string,,Beep on command,Pípnutí na povel,
core_dawn,string,,Dawn,Svítání,
core_solar_noon,string,,Solar noon,Sluneční poledne,
core_dusk,string,,Dusk,Soumrak,
core_icon_category_common,string,,Common,Společný,
core_icon_category_home,string,,Home,Domov,
core_icon_category_weather,string,,Weather,Počasí,
core_icon_category_lock,string,,Lock,Zámek,
core_icon_category_people,string,,People,Lidé,
core_icon_category_auto,string,,Automotive,Automobilový průmysl,
core_icon_category_music,string,,Music,Hudba,
core_icon_category_battery,string,,Battery,Baterie,
core_icon_category_nature,string,,Nature,Příroda,
core_icon_category_places,string,,Places,Místa,
core_icon_category_food,string,,Food,Jídlo,
core_icon_category_navigation,string,,Navigation,Navigace,
core_icon_category_devices,string,,Devices,Zařízení,
core_icon_category_map,string,,Map,Mapa,
core_icon_category_media,string,,Media,Média,
core_icon_category_communication,string,,Communication,Sdělení,
core_icon_category_health,string,,Health,Zdraví,
core_icon_category_vehicles,string,,Vehicles,Vozidla,
core_icon_category_buildings,string,,Buildings,Budovy,
core_icon_category_electrical,string,,Electrical,Elektrický,
core_icon_category_sport,string,,Sport,Sport,
core_icon_category_objects,string,,Objects,Objekty,
core_icon_category_commerce,string,,Commerce,Obchod,
core_icon_category_games,string,,Games,Hry,
core_icon_category_finance,string,,Finance,Finance,
background_notification_channel_general,string,,General,Generál,
background_location_channel_name,string,,Location sharing,Sdílení polohy,
background_location_channel_description,string,,Keeps your device location up to date in Home Assistant,Udržuje polohu vašeho zařízení aktuální v Home Assistant,don't translate Home Assistant
background_location_notification_title,string,,Home Assistant location sharing,Home Assistant sdílení polohy,don't translate Home Assistant
background_location_notification_text,string,,Sharing your location with Home Assistant,Sdílení polohy s Home Assistant,don't translate Home Assistant
background_push_channel_name,string,,Notification connection,Připojení oznámení,
background_push_channel_description,string,,Keeps a background connection to Home Assistant for instant notifications,Udržuje připojení na pozadí k Home Assistant pro okamžitá upozornění,don't translate Home Assistant
background_push_notification_title,string,,Connected to Home Assistant,Připojeno k Home Assistant,don't translate Home Assistant
background_push_notification_text,string,,Waiting for notifications,Čekání na oznámení,
background_push_hide_action,string,,Hide this notification,Skrýt toto oznámení,
button_style_centered,string,,Centered,Na střed,
button_elements,string,,Elements,Prvky,
button_elements_description,string,,What appears on this button. Hide the name and state for an icon on its own.,Co se zobrazí na tomto tlačítku. Skryjte název a stav samotné ikony.,
stack_elements_title,string,,Elements on every button in this stack,Prvky na každém tlačítku v tomto zásobníku,
stack_elements_description,string,,"These apply to the whole stack, not to one button. Turning something off here hides it on every button in the stack; leaving it on lets each button decide for itself in its own settings.","Ty se vztahují na celý zásobník, nikoli na jedno tlačítko. Když zde něco vypnete, skryje se to na každém tlačítku v zásobníku; ponechání zapnuté umožňuje každému tlačítku, aby se rozhodlo samo ve svém vlastním nastavení.",
button_element_icon,string,,Icon,Ikona,
button_element_name,string,,Name,Jméno,
button_element_state,string,,State,Stát,
stack_show_title,string,,Show name,Zobrazit jméno,
stack_show_title_description,string,,Turn off for a stack with no heading at all.,Vypněte pro zásobník bez záhlaví.,
stack_show_icon,string,,Show icon,Zobrazit ikonu,
stack_show_icon_description,string,,The icon beside the heading.,Ikona vedle nadpisu.,
stack_center_title,string,,Center the heading,Vycentrujte nadpis,
stack_center_title_description,string,,Puts the icon and name in the middle instead of against the left edge.,Umístí ikonu a název doprostřed místo k levému okraji.,
cr_state_on,string,,On,Na,
cr_state_off,string,,Off,Vypnuto,
cr_open,string,,Open,OTEVŘENO,
cr_close,string,,Close,Blízko,
cr_stop,string,,Stop,Zastávka,
cr_closed,string,,Closed,ZAVŘENO,
cr_opening,string,,Opening,Otevírací,
cr_closing,string,,Closing,Zavírání,
cr_locked,string,,Locked,Zamčeno,
cr_unlocked,string,,Unlocked,Odemčený,
cr_unavailable,string,,Unavailable,Není k dispozici,
cr_unknown,string,,Unknown,Neznámý,
cr_idle,string,,Idle,Líný,
cr_home,string,,Home,Domov,
cr_away,string,,Away,Pryč,
cr_cleaning,string,,Cleaning,Čištění,
cr_returning,string,,Returning,Vracející se,
cr_paused,string,,Paused,Pozastaveno,
cr_error,string,,Error,Chyba,
cr_playing,string,,Playing,Hraní,
cr_buffering,string,,Buffering,Ukládání do vyrovnávací paměti,
cr_standby,string,,Standby,Pohotovostní,
cr_humidifying,string,,Humidifying,Zvlhčování,
cr_drying,string,,Drying,Sušení,
cr_detected,string,,Detected,Zjištěno,
cr_clear,string,,Clear,Jasný,
cr_problem,string,,Problem,Problém,
cr_ok,string,,OK,OK,
cr_low,string,,Low,Nízký,
cr_normal,string,,Normal,Normální,
cr_connected,string,,Connected,Připojeno,
cr_disconnected,string,,Disconnected,Odpojeno,
cr_plugged_in,string,,Plugged in,Zapojeno,
cr_unplugged,string,,Unplugged,Odpojeno,
cr_wet,string,,Wet,Mokrý,
cr_dry,string,,Dry,Schnout,
cr_none,string,,None,Žádný,
cr_any,string,,Any,Žádný,
cr_remove,string,,Remove,Odstranit,
cr_restore,string,,Restore,Obnovit,
cr_general,string,,General,Generál,
cr_identity,string,,Identity,Identita,
cr_appearance,string,,Appearance,Vzhled,
cr_layout,string,,Layout,Rozložení,
cr_behavior,string,,Behavior,Chování,
cr_profiles,string,,Profiles,Profily,
cr_playback,string,,Playback,Přehrávání,
cr_content,string,,Content,Obsah,
cr_actions,string,,Actions,Akce,
cr_protection,string,,Protection,Ochrana,
cr_power,string,,Power,Moc,
cr_brightness,string,,Brightness,Jas,
cr_temperature,string,,Temperature,Teplota,
cr_color,string,,Color,Barva,
cr_min,string,,Min,Min,
cr_avg,string,,Avg,Prům,
cr_max,string,,Max,Max,
cr_now,string,,Now,Teď,
cr_lowest,string,,Lowest,Nejnižší,
cr_average,string,,Average,Průměrný,
cr_highest,string,,Highest,Nejvyšší,
cr_live,string,,Live,Žít,
cr_once,string,,Once,Jednou,
cr_daily,string,,Daily,Denní,
cr_weekly,string,,Weekly,Týdně,
cr_monthly,string,,Monthly,Měsíční,
cr_yearly,string,,Yearly,Roční,
cr_action_tap,string,,Tap,Klepněte,
cr_action_double_tap,string,,Double tap,Dvakrát klepněte,
cr_action_hold,string,,Hold,Držet,
cr_mode,string,,Mode,Režim,
cr_mode_auto,string,,Auto,Auto,
cr_mode_heat,string,,Heat,Teplo,
cr_mode_cool,string,,Cool,Ochladit,
cr_mode_heat_cool,string,,Heat/cool,Ohřejte/zchlaďte,
cr_mode_dry,string,,Dry,Schnout,
cr_mode_fan_only,string,,Fan only,Pouze ventilátor,
cr_mode_low,string,,Low,Nízký,
cr_mode_medium,string,,Medium,Střední,
cr_mode_high,string,,High,Vysoký,
cr_mode_quiet,string,,Quiet,Klid,
cr_mode_boost,string,,Boost,Posílit,
cr_mode_eco,string,,Eco,Eco,
cr_mode_sleep,string,,Sleep,Spát,
cr_mode_manual,string,,Manual,Manuál,
cr_mode_vertical,string,,Vertical,Vertikální,
cr_mode_horizontal,string,,Horizontal,Horizontální,
cr_mode_both,string,,Both,Obě,
cr_mode_up,string,,Up,Nahoru,
cr_mode_down,string,,Down,Dolů,
cr_mode_center,string,,Center,Centrum,
cr_mode_left,string,,Left,Vlevo,
cr_mode_right,string,,Right,Právo,
cr_climate_fan,string,,Fan,Větrák,
cr_climate_vertical_airflow,string,,Vertical airflow,Vertikální proudění vzduchu,
cr_climate_horizontal_airflow,string,,Horizontal airflow,Horizontální proudění vzduchu,
cr_climate_preset,string,,Preset,Přednastaveno,
cr_fan_speed,string,,Fan speed,Rychlost ventilátoru,
cr_speed,string,,Speed,Rychlost,
cr_lower_target,string,,Lower target,Nižší cíl,
cr_raise_target,string,,Raise target,Zvýšit cíl,
cr_climate_temperature,string,,Temperature,Teplota,
cr_climate_all_temperature_sensors,string,,All temperature sensors,Všechna teplotní čidla,
cr_climate_outside,string,,Outside,Mimo,
cr_climate_outside_summary,string,,"Outdoor temperature, humidity, and pressure","Venkovní teplota, vlhkost a tlak",
cr_climate_humidity,string,,Humidity,Vlhkost,
cr_climate_all_humidity_sensors,string,,All humidity sensors,Všechna čidla vlhkosti,
cr_climate_air_pressure,string,,Air pressure,Tlak vzduchu,
cr_climate_all_pressure_sensors,string,,All air-pressure sensors,Všechny snímače tlaku vzduchu,
cr_climate_co2,string,,CO₂,CO₂,
cr_climate_carbon_dioxide_sensors,string,,Carbon-dioxide sensors,Senzory oxidu uhličitého,
cr_climate_air_quality,string,,Air quality,Kvalita vzduchu,
cr_climate_air_quality_summary,string,,"Particulates, AQI, VOCs, and gases","Částice, AQI, VOC a plyny",
cr_climate_entities,string,,Climate entities,Klimatické entity,
cr_climate_settings,string,,Climate settings,Nastavení klimatu,
cr_empty_climate_view,string,,No climate data is available yet.,Údaje o klimatu zatím nejsou k dispozici.,
cr_climate_fans,string,,Fans,Fanoušci,
cr_climate_air_purifiers,string,,Air purifiers,Čističe vzduchu,
cr_climate_humidifiers,string,,Humidifiers,Zvlhčovače,
cr_temperature_sensors,string,,Temperature sensors,Teplotní senzory,
cr_devices_active,string,,Devices active,Zařízení jsou aktivní,
cr_active_of_total,string,,%1$d of %2$d active,%1$d z %2$d aktivních,keep %1$d %2$d
cr_no_search_active,string,,No active search · %1$s,Žádné aktivní vyhledávání · %1$s,keep %1$s
cr_collapse_search,string,,Collapse search,Sbalit vyhledávání,
cr_expand_search,string,,Expand search,Rozbalte vyhledávání,
cr_custom_order,string,,Custom order,Vlastní objednávka,
cr_name_a_z,string,,Name A–Z,Jméno A–Z,
cr_name_z_a,string,,Name Z–A,Jméno Z–A,
cr_climate_device,string,,Climate device,Klimatizační zařízení,
cr_climate_device_subtitle,string,,"Name, icon, card style, and width","Název, ikona, styl karty a šířka",
cr_widget_requires_f1,string,,"Needs the F1 Sensor integration, which was not found on your Home Assistant","Vyžaduje integraci snímače F1, která nebyla nalezena na vašem Home Assistant",don't translate Home Assistant
cr_widget_requires_parcels,string,,"Needs a parcel integration, and none was found on your Home Assistant",Vyžaduje integraci balíku a na vašem Home Assistant nebyl žádný nalezen,don't translate Home Assistant
cr_widget_requires_waste,string,,"Needs a waste collection integration, and none was found on your Home Assistant",Vyžaduje integraci sběru odpadu a na vašem Home Assistant nebyl nalezen žádný,don't translate Home Assistant
cr_people_here_title,string,,Who is here,kdo je tady,
cr_people_here_empty,string,,Nobody is being tracked in this room right now.,V této místnosti není momentálně nikdo sledován.,
cr_people_here_unknown_room,string,,Room unknown,Pokoj neznámý,
cr_button_exclude_counters,string,,Leave out of counters,Vynechat z pultů,
cr_button_exclude_counters_hint,string,,"Keep the button, but stop it counting towards this room’s Lights and Devices totals","Držte tlačítko, ale zastavte jeho započítávání do součtů světel a zařízení této místnosti",
cr_count_with_average,string,,%1$s · avg %2$s%3$s,%1$s · prům. %2$s%3$s,keep %1$s %2$s %3$s
cr_outside_temperature,string,,Outside temperature,Venkovní teplota,
cr_outside_humidity,string,,Outside humidity,Venkovní vlhkost,
cr_outside_pressure,string,,Outside pressure,Vnější tlak,
cr_outside_air_pressure,string,,Outside air pressure,Tlak vnějšího vzduchu,
cr_no_sensors_found_for,string,,No %1$s sensors found.,Nebyly nalezeny žádné senzory %1$s.,keep %1$s
cr_climate_control,string,,Climate control,Ovládání klimatu,
cr_thermostat_dial,string,,Thermostat dial,Číselník termostatu,
cr_width_third,string,,Third,Třetí,
cr_width_half,string,,Half,Půl,
cr_width_full,string,,Full,Plný,
cr_select_item,string,,Select %1$s,Vyberte %1$s,keep %1$s
cr_set_outdoor_sensors,string,,"Set outdoor temperature, humidity, and pressure","Nastavte venkovní teplotu, vlhkost a tlak",
cr_auto_discovered_device_class,string,,Discovered automatically by device class,Zjištěno automaticky podle třídy zařízení,
cr_auto_discovered_climate_devices,string,,Climate devices discovered automatically,Klimatická zařízení zjištěna automaticky,
cr_pick_fan_entities_as_purifiers,string,,Choose fan entities to use as air purifiers,"Vyberte jednotky ventilátoru, které chcete použít jako čističky vzduchu",
cr_auto_discovered_humidifier_devices,string,,Humidifier devices discovered automatically,Zařízení zvlhčovače byla zjištěna automaticky,
cr_removed_entities,string,,Removed entities,Odebrané entity,
cr_entities_removed_edit_mode,string,,Entities removed in edit mode,Entity byly odstraněny v režimu úprav,
cr_card_indoor_climate_overview,string,,Indoor climate overview,Přehled vnitřního klimatu,
cr_card_sensor_device_tiles,string,,Sensor and device tiles,Dlaždice senzorů a zařízení,
cr_card_thermostats_ac,string,,Thermostats and AC,Termostaty a klimatizace,
cr_card_temperature_summary,string,,Temperature summary,Shrnutí teploty,
cr_card_humidity_summary,string,,Humidity summary,Shrnutí vlhkosti,
cr_card_air_pressure_summary,string,,Air-pressure summary,Shrnutí tlaku vzduchu,
cr_card_co2_summary,string,,CO₂ summary,Přehled CO₂,
cr_card_air_quality_summary,string,,Air-quality summary,Shrnutí kvality ovzduší,
cr_category_overview,string,,Overview,Přehled,
cr_category_devices,string,,Devices,Zařízení,
cr_category_sensors,string,,Sensors,Senzory,
cr_no_climate_sensors_devices,string,,No climate sensors or devices found.,Nebyly nalezeny žádné klimatické senzory ani zařízení.,
cr_no_climate_devices,string,,No climate devices found. Thermostats and AC units from Home Assistant appear here automatically.,Nebyla nalezena žádná klimatizační zařízení. Termostaty a jednotky klimatizace od Home Assistant se zde zobrazují automaticky.,don't translate Home Assistant
cr_no_fans,string,,No fans found. Fan entities from Home Assistant appear here automatically.,Nebyli nalezeni žádní fanoušci. Entity fanoušků z Home Assistant se zde zobrazují automaticky.,don't translate Home Assistant
cr_no_air_purifiers,string,,No air purifiers configured. Choose fan entities under Climate settings → Climate entities → Air purifiers.,Nejsou nakonfigurovány žádné čističky vzduchu. Vyberte entity ventilátoru v části Nastavení klimatu → Entity klimatu → Čističky vzduchu.,
cr_no_humidifiers,string,,No humidifiers found. Humidifier entities from Home Assistant appear here automatically.,Nebyly nalezeny žádné zvlhčovače. Entity zvlhčovače z Home Assistant se zde zobrazují automaticky.,don't translate Home Assistant
cr_unknown_climate_card,string,,Unknown climate card: %1$s,Neznámá klimatická karta: %1$s,keep %1$s
cr_select_climate_cards,string,,Select climate cards,Vyberte klimatické karty,
cr_entities_for,string,,%1$s entities,%1$s entity,keep %1$s
cr_climate_card,string,,Climate card,Klimatická karta,
cr_climate_card_dialog_subtitle,string,,Data sources and card appearance,Zdroje dat a vzhled karty,
cr_card_and_data,string,,Card and data,Karta a data,
cr_climate_stack,string,,Climate stack,Klimatický zásobník,
cr_climate_stack_dialog_subtitle,string,,"Cards, data sources, and layout","Karty, zdroje dat a rozložení",
cr_cards_and_data,string,,Cards and data,Karty a data,
cr_sensor_count,plural,one,%d sensor,%d senzor,keep %d
cr_sensor_count,plural,other,%d sensors,%d senzorů,keep %d
cr_sensor_count,plural,few,,%d senzorů,
cr_sensor_count,plural,many,,%d senzorů,
cr_device_count_on,plural,one,%1$d device · %2$d on,%1$d zařízení · %2$d zapnuto,keep %1$d %2$d
cr_device_count_on,plural,other,%1$d devices · %2$d on,%1$d zařízení · %2$d zapnuto,keep %1$d %2$d
cr_device_count_on,plural,few,,%1$d zařízení · %2$d zapnuto,
cr_device_count_on,plural,many,,%1$d zařízení · %2$d zapnuto,
cr_outside_sensors_set,plural,one,%d outside sensor set,%d nastaveno venkovní čidlo,keep %d
cr_outside_sensors_set,plural,other,%d outside sensors set,%d venkovních senzorů nastaveno,keep %d
cr_outside_sensors_set,plural,few,,%d venkovních senzorů nastaveno,
cr_outside_sensors_set,plural,many,,%d venkovních senzorů nastaveno,
cr_auto_plus_manual,plural,one,Automatic + %d manual,Automatická + %d manuální,keep %d
cr_auto_plus_manual,plural,other,Automatic + %d manual,Automatická + %d manuální,keep %d
cr_auto_plus_manual,plural,few,,Automatická + %d manuální,
cr_auto_plus_manual,plural,many,,Automatická + %d manuální,
cr_selected_count,plural,one,%d selected,Vybráno: %d,keep %d
cr_selected_count,plural,other,%d selected,Vybráno: %d,keep %d
cr_selected_count,plural,few,,Vybráno: %d,
cr_selected_count,plural,many,,Vybráno: %d,
cr_removed_count,plural,one,%d removed,%d odstraněno,keep %d
cr_removed_count,plural,other,%d removed,%d odstraněno,keep %d
cr_removed_count,plural,few,,%d odstraněno,
cr_removed_count,plural,many,,%d odstraněno,
cr_room,string,,Room,Pokoj,
cr_room_details,string,,Room details,Podrobnosti o pokoji,
cr_empty_room,string,,"This room is empty. Swipe down on the header, enable edit mode, and add widgets, buttons, or tiles.","Tato místnost je prázdná. Přejeďte po záhlaví dolů, povolte režim úprav a přidejte widgety, tlačítka nebo dlaždice.",
cr_default_markdown_content,string,,# Markdown\nOpen this widget in **edit mode** to write your own content.,# Markdown\nOtevřete tento widget v **režimu úprav** a napište svůj vlastní obsah.,\n = line break
cr_select_camera,string,,Select camera,Vyberte fotoaparát,
cr_select_entity,string,,Select entity,Vyberte entitu,
cr_custom_camera,string,,Custom camera,Vlastní fotoaparát,
cr_configure_widget,string,,Configure widget,Nakonfigurujte widget,
cr_configure_widget_subtitle,string,,Set the essentials before adding it,Před přidáním nastavte to podstatné,
cr_widget_options,string,,Widget options,Možnosti widgetů,
cr_widget_options_subtitle,string,,Choose what this widget should display,"Vyberte, co má tento widget zobrazovat",
cr_add_widget,string,,Add widget,Přidat widget,
cr_add_widget_subtitle,string,,Browse by purpose or search every widget,Procházejte podle účelu nebo prohledávejte každý widget,
cr_category_with_options,string,,%1$s · %2$s,%1$s · %2$s,keep %1$s %2$s
cr_widget_category_controls,string,,Controls,Ovládací prvky,
cr_widget_category_controls_description,string,,"Buttons, vacuums, and grouped controls","Tlačítka, vysavače a seskupené ovládací prvky",
cr_widget_category_cameras,string,,Cameras,Kamery,
cr_widget_category_cameras_description,string,,Live camera tiles and multi-camera views,Živé dlaždice kamery a pohledy z více kamer,
cr_widget_category_climate,string,,Climate and weather,Podnebí a počasí,
cr_widget_category_climate_description,string,,"Temperature, comfort, forecasts, and conditions","Teplota, pohodlí, předpovědi a podmínky",
cr_widget_category_energy,string,,Energy and batteries,Energie a baterie,
cr_widget_category_energy_description,string,,"Consumption, production, and device health","Spotřeba, výroba a zdraví zařízení",
cr_widget_category_information,string,,Information and media,Informace a média,
cr_widget_category_information_description,string,,"Calendars, deliveries, graphs, notes, and playback","Kalendáře, dodávky, grafy, poznámky a přehrávání",
cr_widget_category_layout,string,,Layout and structure,Rozložení a struktura,
cr_widget_category_layout_description,string,,Headings and flexible widget containers,Nadpisy a flexibilní kontejnery widgetů,
cr_widget_adaptive_lighting,string,,Adaptive Lighting,Adaptivní osvětlení,
cr_widget_adaptive_lighting_description,string,,Control any installed Adaptive Lighting profile,Ovládejte jakýkoli nainstalovaný profil adaptivního osvětlení,
cr_widget_button,string,,Button,Tlačítko,
cr_widget_button_description,string,,A single configurable entity control,Jediný konfigurovatelný ovládací prvek entity,
cr_widget_buttons,string,,Buttons,Tlačítka,
cr_widget_calendar,string,,Calendar,Kalendář,
cr_widget_calendar_description,string,,"Agenda, week, and month views from Home Assistant calendars","Zobrazení agendy, týdne a měsíce z kalendářů Home Assistant",don't translate Home Assistant
cr_widget_waste_collection,string,,Waste collection,Sběr odpadu,
cr_widget_waste_collection_description,string,,Upcoming collections from waste sensors,Nadcházející sběry ze senzorů odpadu,
cr_widget_parcels,string,,Parcels,Pozemky,
cr_widget_parcels_description,string,,Incoming and outgoing parcels from supported carriers,Příchozí a odchozí balíky od podporovaných dopravců,
cr_widget_camera,string,,Camera,Fotoaparát,
cr_widget_camera_description,string,,A single live camera tile or stream URL,Jedna živá dlaždice kamery nebo adresa URL streamu,
cr_widget_cameras,string,,Cameras,Kamery,
cr_widget_climate_card,string,,Climate card,Klimatická karta,
cr_widget_climate_card_description,string,,Any card from the Climate view,Libovolná karta z pohledu Klima,
cr_widget_energy_card,string,,Energy card,Energetická karta,
cr_widget_energy_card_description,string,,Any card from the Energy view,Jakákoli karta z pohledu Energie,
cr_widget_battery_levels,string,,Battery levels,Úrovně baterie,
cr_widget_battery_levels_description,string,,"Low batteries, or Battery+ only with type details",Slabé baterie nebo baterie+ pouze s podrobnostmi o typu,
cr_widget_header_text,string,,Header text,Text záhlaví,
cr_widget_header_text_description,string,,Add a section heading,Přidejte nadpis sekce,
cr_widget_markdown,string,,Markdown,Snížení,
cr_widget_markdown_description,string,,A free-form card written in Markdown,Karta volného formátu napsaná v Markdown,
cr_widget_iframe,string,,iFrame,iFrame,
cr_widget_iframe_description,string,,Embed any web page on your dashboard,Vložte libovolnou webovou stránku na svůj řídicí panel,
cr_widget_media_player,string,,Media player,Přehrávač médií,
cr_widget_media_player_description,string,,Now-playing tile with album art as the background,Právě přehrávaná dlaždice s obrázkem alba na pozadí,
cr_widget_sensor_graph,string,,Sensor graph,Graf senzoru,
cr_widget_sensor_graph_description,string,,"History graph for one or more sensors, as lines or bars","Graf historie pro jeden nebo více senzorů, jako čáry nebo sloupce",
cr_widget_vacuum,string,,Vacuum,Vakuum,
cr_widget_vacuum_description,string,,A single robot-vacuum control,Jediný robot-podtlakové ovládání,
cr_widget_weather,string,,Weather,Počasí,
cr_widget_weather_description,string,,A single weather card,Jedna karta počasí,
cr_widget_empty_stack,string,,Empty stack,Prázdný zásobník,
cr_widget_empty_stack_description,string,,Place widgets inside a configurable stack,Umístěte widgety do konfigurovatelného zásobníku,
cr_widget_button_stack,string,,Button stack,Zásobník knoflíků,
cr_widget_button_stack_description,string,,Group entities into configurable controls,Seskupte entity do konfigurovatelných ovládacích prvků,
cr_widget_camera_stack,string,,Camera stack,Stoh fotoaparátu,
cr_widget_camera_stack_description,string,,Show live camera tiles or a custom stream URL,Zobrazte živé dlaždice kamery nebo adresu URL vlastního streamu,
cr_widget_climate_stack,string,,Climate stack,Klimatický zásobník,
cr_widget_climate_stack_description,string,,"Group climate cards such as overview, thermostats, and sensors","Skupinové klimatické karty, jako je přehled, termostaty a senzory",
cr_widget_energy_stack,string,,Energy stack,Energetický zásobník,
cr_widget_energy_stack_description,string,,"Group energy cards such as usage, solar, gas, and water","Skupinové energetické karty, jako je spotřeba, solární energie, plyn a voda",
cr_widget_sensor_graph_stack,string,,Sensor graph stack,Zásobník grafů senzorů,
cr_widget_sensor_graph_stack_description,string,,Group several sensor-history graphs,Seskupte několik grafů historie senzorů,
cr_widget_swiping_stack,string,,Swiping stack,Přejetí zásobníku,
cr_widget_swiping_stack_description,string,,Swipe horizontally through nested widgets,Přejíždějte vodorovně přes vnořené widgety,
cr_widget_vacuum_stack,string,,Vacuum stack,Vakuový zásobník,
cr_widget_vacuum_stack_description,string,,Control robot vacuums with a map and battery status,Ovládejte robotické vysavače pomocí mapy a stavu baterie,
cr_widget_weather_stack,string,,Weather stack,Počasí zásobník,
cr_widget_weather_stack_description,string,,"Group conditions, forecast, wind, or rain-map cards","Skupinové karty podmínek, předpovědi, větru nebo deště",
cr_camera_settings,string,,Camera settings,Nastavení fotoaparátu,
cr_vacuum_settings,string,,Vacuum settings,Nastavení vakua,
cr_button_settings,string,,Button settings,Nastavení tlačítek,
cr_robot_image,string,,Robot image,Obrázek robota,
cr_map_camera,string,,Map camera,Mapová kamera,
cr_external_url,string,,External URL,Externí URL,
cr_valetudo_map,string,,Valetudo map,Valetudo mapa,don't translate Valetudo
cr_valetudo_map_hint,string,,Draws the map from a Valetudo robot and lets you tap a room to clean it. Pick the robot's map camera below.,Nakreslí mapu od robota Valetudo a umožní vám klepnout na místnost a vyčistit ji. Níže vyberte robotovu mapovou kameru.,don't translate Valetudo
cr_valetudo_camera_mode_note,string,,Using Map camera with a Valetudo map entity shows a blank tile. Valetudo does not render the map on the robot — its PNG is only a container for the map data. Choose Valetudo map instead to have HKI draw it.,"Při použití Mapové kamery s mapovou entitou Valetudo se zobrazí prázdná dlaždice. Valetudo nevykresluje mapu na robotu – jeho PNG je pouze kontejnerem pro mapová data. Místo toho zvolte mapu Valetudo, aby ji nakreslil HKI.",don't translate Valetudo
cr_animation_glow,string,,Glow,Záře,
cr_animation_spin,string,,Spin,Roztočit,
cr_animation_pulse,string,,Pulse,Puls,
cr_adaptive_lighting_widget,string,,Adaptive Lighting widget,Widget Adaptivní osvětlení,
cr_adaptive_lighting_widget_subtitle,string,,"Profiles, size, and appearance","Profily, velikost a vzhled",
cr_button_stack_dialog_subtitle,string,,"Layout, appearance, and entity order","Rozvržení, vzhled a pořadí entit",
cr_expand_stack,string,,Expand stack,Rozbalte zásobník,
cr_collapse_stack,string,,Collapse stack,Sbalit zásobník,
cr_hide_stack,string,,Hide stack,Skrýt zásobník,
cr_unhide_stack,string,,Unhide stack,Odkrýt zásobník,
cr_swiping_stack_dialog_subtitle,string,,"Pages, height, and card appearance","Stránky, výška a vzhled karty",
cr_empty_stack_dialog_subtitle,string,,Container layout and appearance,Uspořádání a vzhled kontejneru,
cr_header_text_dialog_subtitle,string,,Heading content and visual style,Obsah nadpisu a vizuální styl,
cr_animation_swipe,string,,Swipe,Výpad,
cr_animation_fade,string,,Fade,Vyblednout,
cr_animation_zoom,string,,Zoom,Přiblížení,
cr_animation_slide_fade,string,,Slide + fade,Slide + fade,
cr_animation_cube,string,,Cube,Krychle,
cr_animation_instant,string,,Instant,Okamžitý,
cr_paged_status,string,,%1$d/%2$d · %3$s,%1$d/%2$d · %3$s,keep %1$d %2$d %3$s
cr_cover_status,string,,%1$d%% · %2$s,%1$d%% · %2$s,keep %1$d %2$s
cr_paged_cover_status,string,,%1$d/%2$d · %3$d%% · %4$s,%1$d/%2$d · %3$d%% · %4$s,keep %1$d %2$d %3$d %4$s
cr_widget_option_count,plural,one,%d option,%d možnost,keep %d
cr_widget_option_count,plural,other,%d options,%d možností,keep %d
cr_widget_option_count,plural,few,,%d možností,
cr_widget_option_count,plural,many,,%d možností,
cr_configured_lights,plural,one,%d configured light,%d nakonfigurované světlo,keep %d
cr_configured_lights,plural,other,%d configured lights,%d nakonfigurovaných světel,keep %d
cr_configured_lights,plural,few,,%d nakonfigurovaných světel,
cr_configured_lights,plural,many,,%d nakonfigurovaných světel,
cr_quick_notifications,string,,Notifications,Oznámení,
cr_quick_notifications_instruction,string,,Swipe right from the upper-left edge.,Přejeďte prstem doprava od levého horního okraje.,
cr_quick_switch_homes,string,,Switch homes,Přepnout domy,
cr_quick_switch_homes_instruction,string,,Swipe left from the upper-right edge of the header.,Přejeďte doleva od pravého horního okraje záhlaví.,
cr_quick_actions,string,,Quick actions,Rychlé akce,
cr_quick_actions_instruction,string,,"Pull down on any page header for Search, Flows, Edit, and Settings.","Potáhněte dolů na libovolném záhlaví stránky pro vyhledávání, toky, úpravy a nastavení.",
cr_quick_media_player,string,,Media player,Přehrávač médií,
cr_quick_media_player_instruction,string,,"When the handle appears, swipe up on the bottom bar to restore the player.","Když se objeví úchyt, přejeďte po spodní liště nahoru a obnovte přehrávač.",
cr_quick_make_it_yours,string,,Make it yours,Udělejte to po svém,
cr_quick_make_it_yours_instruction,string,,"In edit mode, add and reorder rooms, floors, and widgets. Tap an item to configure it.","V režimu úprav můžete přidávat a měnit pořadí místností, podlaží a widgetů. Klepnutím na položku ji nakonfigurujte.",
cr_whats_new_1_1_0,array,1,"Eighteen more languages, taking HKI 7 to 36. Polish, Russian, Czech, Slovak, Hungarian, Romanian, Bulgarian, Croatian, Greek, Lithuanian, Latvian, Estonian, Danish, Thai and Hebrew join the list, along with Austrian German, Swiss German and Mexican Spanish. Hebrew lays the interface out right to left, as Arabic does.","Osmnáct dalších jazyků, z HKI 7 na 36. Polština, ruština, čeština, slovenština, maďarština, rumunština, bulharština, chorvatština, řečtina, litevština, lotyština, estonština, dánština, thajština a hebrejština, spolu s rakouskou němčinou, švýcarskou němčinou a mexickou španělštinou. Hebrejština rozkládá rozhraní zprava doleva, stejně jako arabština.",don't translate HKI 7
cr_whats_new_1_1_0,array,2,"HKI 7 now runs on Android 12 and later. It previously needed Android 14, which ruled out a lot of perfectly capable phones and tablets.","HKI 7 nyní běží na Androidu 12 a novějším. Dříve potřeboval Android 14, který vylučoval spoustu dokonale schopných telefonů a tabletů.",don't translate HKI 7
cr_whats_new_1_1_0,array,3,"Energy costs are shown in your own currency instead of always in euros. HKI 7 follows what your cost sensors report, and there is a Currency setting in Energy settings if you would rather choose one yourself.","Náklady na energii jsou uvedeny ve vaší vlastní měně, nikoli vždy v eurech. HKI 7 se řídí tím, co hlásí vaše nákladové senzory, a v nastavení energie je k dispozici nastavení měny, pokud byste si ji raději vybrali sami.",don't translate HKI 7
cr_whats_new_1_1_0,array,4,"The language picker has a search box and is sorted, which it needed at 36 entries. If you ever land in a language you cannot read, the way back is still the first thing on screen.","Výběr jazyka má vyhledávací pole a je tříděn, což potřeboval na 36 záznamů. Pokud se někdy dostanete do jazyka, který neumíte přečíst, cesta zpět je stále první věcí na obrazovce.",
cr_whats_new_1_1_0,array,5,"Views remember where you had scrolled to, and tapping the tab you are already on takes you back to the top.","Zobrazení si pamatují, kam jste se posunuli, a klepnutím na kartu, na které se již nacházíte, se vrátíte na začátek.",
cr_whats_new_1_1_0,array,6,"Swiping sideways no longer carries you out of a page you have opened, such as Solar inside Energy. Back now returns you to the view you came from rather than jumping to the home page.","Přejetím do strany se již nedostanete ze stránky, kterou jste otevřeli, jako je například Solar inside Energy. Zpět vás nyní vrátí do zobrazení, ze kterého jste přišli, místo toho, abyste skočili na domovskou stránku.",
cr_whats_new_1_1_0,array,7,"Scrollable rows say so. The pull-down menu, the navigation bar and the settings tabs all show an arrow at the edge when there is more to reach.","Posouvatelné řádky to říkají. Rozbalovací nabídka, navigační lišta a karty nastavení všechny zobrazují šipku na okraji, pokud je více na dosah.",
cr_whats_new_1_1_0,array,8,"Dialogs look and behave the same throughout. Six of them were plain Android dialogs with no close button in the corner, and buttons across the app now agree on what Close, Save and Done mean.","Dialogy vypadají a chovají se všude stejně. Šest z nich byly obyčejné dialogy Androidu bez tlačítka pro zavření v rohu a tlačítka napříč aplikací nyní souhlasí s tím, co znamenají Zavřít, Uložit a Hotovo.",
cr_whats_new_1_1_0,array,9,"Creating a dashboard asks first and then offers the same choices as first-time setup — so a new dashboard can start from a backup or from one your family has shared, as well as being generated or left empty. Your current dashboard is never overwritten, and shared dashboards are now marked as shared in the list.","Vytvoření řídicího panelu se nejprve zeptá a poté nabídne stejné možnosti jako při prvním nastavení – takže nový řídicí panel může začít ze zálohy nebo ze zálohy, kterou sdílí vaše rodina, a také může být vygenerován nebo ponechán prázdný. Váš aktuální řídicí panel se nikdy nepřepíše a sdílené řídicí panely jsou nyní v seznamu označeny jako sdílené.",
cr_whats_new_1_1_0,array,10,"The battery widget opens a list in place instead of taking you to a separate page, grouped by how urgent each one is and showing the battery type where Home Assistant knows it. There is a search box, and a button to open the full Battery view if you want it.","Widget baterie otevře seznam na místě, místo aby vás převedl na samostatnou stránku, seskupenou podle toho, jak naléhavá je každá z nich, a zobrazí typ baterie tam, kde jej Home Assistant zná. K dispozici je vyhledávací pole a tlačítko pro otevření úplného zobrazení baterie, pokud jej chcete.",don't translate Home Assistant
cr_whats_new_1_1_0,array,11,"Tapping the people counter in a room shows who is there, with each person's picture. The Rooms header now has a household counter too, showing where everyone is without opening every room.","Klepnutím na počítadlo lidí v místnosti ukážete, kdo tam je, s obrázkem každé osoby. Záhlaví Pokoje má nyní také domácí počítadlo, které ukazuje, kde se kdo nachází, aniž by bylo nutné otevírat každou místnost.",
cr_whats_new_1_1_0,array,12,"A button can be left out of a room's Lights and Devices counters, for the ones that are in the room but not really part of it.","Tlačítko lze vynechat z počítadel světel a zařízení v místnosti pro ta, která jsou v místnosti, ale nejsou její součástí.",
cr_whats_new_1_1_0,array,13,"Widgets that need an integration you do not have — Formula 1, Parcels, Waste Collection — are greyed out and say what is missing, instead of being added and then sitting empty.","Widgety, které potřebují integraci, kterou nemáte – Formule 1, Parcels, Waste Collection – jsou zašedlé a říkají, co chybí, místo aby byly přidány a pak zůstaly prázdné.",
cr_whats_new_1_1_0,array,14,"Parcel tracking covers fifteen more carriers, including PostNord, InPost, Swiss Post, An Post, Budbee, Sameday and Nova Post, each with its own logo.","Sledování zásilek pokrývá dalších patnáct dopravců, včetně PostNord, InPost, Swiss Post, An Post, Budbee, Sameday a Nova Post, z nichž každý má své vlastní logo.",
cr_whats_new_1_1_0,array,15,"A Valetudo robot vacuum picks up its live map automatically when your rooms are imported, rather than needing the camera chosen by hand.","Robotický vysavač Valetudo automaticky snímá svou živou mapu při importu vašich místností, aniž by potřeboval ručně vybranou kameru.",don't translate Valetudo
cr_whats_new_1_0_1,array,1,"Swiping between tabs now follows your finger. The pages move as you drag, you can change your mind mid-swipe and pull them back, and they settle where you let go. Previously the change was decided the moment you had dragged far enough and could not be taken back, while the animation that played afterwards was on its own timer and unrelated to the gesture — so the app committed to a page before your finger had finished asking for one.",,needs translation
cr_whats_new_1_0_1,array,2,"The bottom bar now keeps the selected tab in view. On a phone too narrow for every tab it scrolls the active one to the centre, so the tab you are on is always visible along with its neighbours — which is also the hint that there are more pages to swipe to. Reaching the last tab used to leave the indicator somewhere off the end of the bar.",,needs translation
cr_whats_new_1_0_1,array,3,"Swiping between rooms shows how many rooms there are and which one you are on, as dots above the navigation bar — or as a count once there are more than eight. Room swiping also stops at the last room instead of wrapping around to the first, matching how the tabs behave. Rooms an admin has hidden are now skipped by the swipe rather than only blocked when opened.",,needs translation
cr_whats_new_1_0_1,array,4,"The pull-down header menu animates to wherever you let it go, instead of jumping open or shut in a single frame. It settles by which half you released it in, a quick flick opens it without a full-length drag, and it can be caught and dragged again mid-animation. It also no longer stops dead partway when pulled a long way but not quite far enough.",,needs translation
cr_whats_new_1_0_1,array,5,"Settings remembers where you were. Coming back from a sub-menu returns to the place in the list you left rather than to the top, which was most noticeable on the long way down to About and Licenses. The page settings dialog had the opposite problem — one scroll position carried across unrelated sub-menus — and that is fixed too.",,needs translation
cr_whats_new_1_0_1,array,6,"The notification panel now has a button in the pull-down header menu, so the left-edge swipe is no longer the only way to reach it. That let the strip of screen edge reserved for the swipe shrink from 200dp to 88dp: the reserved strip is where Android's own back gesture stops working, and it had been covering the exact corner where the back arrow sits.",,needs translation
cr_whats_new_1_0_1,array,7,"Fixed the app closing instead of the notification panel when back was pressed during the panel's opening animation. Back is also defined for the tabs now — it returns to the first tab before leaving the app, rather than exiting from wherever you happened to have swiped to.",,needs translation
cr_whats_new_1_0_1,array,8,"The home switcher panel follows Android's predictive back gesture, sliding out with your finger and springing back if you change your mind.",,needs translation
cr_whats_new_1_0_1,array,9,"Four more languages: Norwegian, Swedish, Finnish and Arabic. Arabic lays the whole app out right to left — the navigation bar, the panels that slide in from the screen edge, and the swipe that moves between tabs all mirror, rather than only the text changing direction. Product names such as Home Assistant stay in Latin script wherever they appear.",,needs translation; don't translate Home Assistant
cr_whats_new_1_0_1,array,10,"Swiping between rooms is much smoother. A room screen is by far the heaviest page in the app, and the next one was being built during the first frames of the swipe — precisely when there was no time for it. It is now prepared while nothing is moving, and live sensor updates wait for the swipe to finish instead of redrawing every open page mid-gesture.",,needs translation
cr_whats_new_1_0_1,array,11,"The notification panel and the home switcher are dragged rather than flicked open, following your finger and settling where you let go. They close the same way: push them back towards the edge they came from. Tapping the panel itself no longer closes it, which it used to do anywhere you touched that was not a button.",,needs translation
cr_whats_new_1_0_1,array,12,"A horizontal row inside a page — a mode selector, a swipe row, a swiping stack — no longer hands the rest of the gesture to the page once it reaches its end. Picking the first or last item in such a row used to flip the whole page instead.",,needs translation
cr_whats_new_1_0_1,array,13,"Dialogs with tabs show how many there are and which one you are on, and a sideways swipe anywhere on the dialog changes tab. The swipe used to be written off as a scroll whenever it set off with the slight downward arc a thumb naturally makes, which made it feel like it worked only sometimes.",,needs translation
cr_whats_new_1_0_1,array,14,"Demo mode no longer talks to the network. Twenty-six requests — the whole HKI 7 Cloud surface plus the event timeline, camera snapshots and vacuum maps — were still being attempted against a server that does not exist, and one of them retried every three seconds for the entire session, filling the connection log with failures. Restarting Home Assistant in the demo is now simulated in a few seconds rather than showing ""restarting"" for two minutes and giving up.",,"needs translation; don't translate HKI 7 Cloud, Home Assistant"
cr_whats_new_1_0_0,array,1,"New Events tab in the notification drawer: a timeline of what your home has actually been doing. The front door opening, a light going off, someone arriving home — each with the time and, where Home Assistant knows, who did it. An admin picks which entities appear under Settings › Family Sharing › Events, once for the whole family rather than on every phone. It reads Home Assistant's own logbook rather than recording anything on the device, so it still shows what happened overnight while the app was closed, and it opens on the last 3 hours — a timeline answers what just happened — with 6h to 72h a tap away. Events never touch the notification bell's unread count: a timeline of doors opening would leave that badge permanently lit and mean nothing. Requires HKI 7 Cloud 0.9.0.*",,"needs translation; don't translate HKI 7 Cloud, Home Assistant"
cr_whats_new_1_0_0,array,2,"An admin can take parts of the timeline away from individual family members — a whole domain, or named entities — from the same Events tab. Everyone sees the full timeline unless something is taken out for them, so adding a person to the family does not mean building their timeline from scratch. The filtering happens in the HKI 7 Cloud component rather than in the app, so a restricted device is never even told which entities it is being kept away from. As with hidden views and rooms, this hides the timeline rather than the entities: Home Assistant has no per-entity read permission for non-admin accounts, so anyone signed in can still read those entities through Home Assistant itself.*",,"needs translation; don't translate HKI 7 Cloud, Home Assistant"
cr_whats_new_1_0_0,array,3,"The event roster takes whole domains as well as named entities, so ""every lock"" is one choice rather than eleven. Domains are resolved fresh each time the timeline opens, so a lock added next month joins on its own instead of the roster meaning whatever existed the day it was set. The editor shows what each domain currently covers, since one domain can be hundreds of entities. Requires HKI 7 Cloud 0.10.0.*",,needs translation; don't translate HKI 7 Cloud
cr_whats_new_1_0_0,array,4,"Events are labelled and filterable by what kind of thing they happened to — Doors, Windows, Motion, Lights, Locks. The filter row is built from what your timeline actually contains, so you are never offered a filter that can only come back empty. Days stay as the list headings: a timeline that reorders itself by category stops being a timeline.",,needs translation
cr_whats_new_1_0_0,array,5,"Weather artwork now animates in the daily forecast, the hourly strip and the header pill, not only on the hero card. Animation was previously switched off below a fixed size, which caught all three.",,needs translation
cr_whats_new_1_0_0,array,6,"Where weather artwork animates is now four separate switches — header pill, weather dialog, forecast strips, weather widget — instead of riding on the entity icon animation setting. The forecast strips animate a dozen icons side by side and are the only ones that ever cost anything noticeable, so turning those off need not mean losing the single small icon in the header pill. All four are on by default, and appear both in Settings › Appearance › Icons and in the header pill's own settings.",,needs translation
cr_whats_new_1_0_0,array,7,"The 6h/12h/24h/48h/72h range selector is centred rather than left-aligned everywhere it appears, and gains a 3h option.",,needs translation
cr_whats_new_1_0_0,array,8,"New Connection log at the bottom of Settings › Connection: what the app's connection has actually been doing — connection attempts, reconnects, sync and subscriptions — with buttons to copy or clear it. All of this was already being recorded; nothing displayed it. It holds the last 300 lines and starts empty each launch.",,needs translation
cr_whats_new_1_0_0,array,9,"A button stack's layout options are now named the same as a single button's. The same shape was called Tile on a button and Compact on a stack, which made them look like different features.",,needs translation
cr_whats_new_1_0_0,array,10,"New Centered button layout beside Standard, Square and Tile: a square card whose icon sits in the middle of the space above the text, with the name and state centred beneath it. The icon is pushed upward rather than crowded as the text grows. A grid of these reads as a keypad, which is what makes a remote control possible.",,needs translation
cr_whats_new_1_0_0,array,11,"A button's icon, name and state are each shown or hidden on their own, under a new Elements section in its settings. The old Icon only switch is gone — hiding both the name and state is what it did, and these also let you keep one of them. Existing icon-only buttons keep working.",,needs translation
cr_whats_new_1_0_0,array,12,"A button stack carries the same three switches for all of its children, so a stack of twenty buttons need not be set twenty times. Turning one off on the stack hides it on every button; leaving it on lets each button decide.",,needs translation
cr_whats_new_1_0_0,array,13,"Fixed the button stack settings dialog stopping about two thirds of the way down with empty space below it, leaving the rest unreachable on a tall phone or a tablet.",,needs translation
cr_whats_new_1_0_0,array,14,"Navigation bar, media players and popups moved from Settings › Appearance to Settings › Dashboard, below the dashboards themselves. They are parts of what the dashboard is made of rather than how it is styled.",,needs translation
cr_whats_new_1_0_0,array,15,"Settings › Connection ends with the connection log, and Restart Home Assistant now sits below it rather than above — it is the most disruptive thing on the screen and the least often wanted.",,needs translation; don't translate Home Assistant
cr_whats_new_1_0_0,array,16,"The Events tab gives an admin a button straight to Settings › Family Sharing › Events when nothing is being tracked yet, instead of only naming where to go.",,needs translation
cr_whats_new_1_0_0,array,17,"Entity and domain pickers list what is already selected first, so undoing a choice does not mean hunting for it alphabetically. The order is fixed when the picker opens, so ticking something does not make it jump away from your finger.",,needs translation
cr_whats_new_1_0_0,array,18,"A button stack's heading now has explicit Show name and Show icon switches, plus an option to centre them. Clearing the text field used to be the only way to get a stack with no heading, which hid that it was possible and meant losing the name to hide it.",,needs translation
cr_whats_new_beta_18,array,1,"An admin can now change who a published family dashboard is shared with, instead of only being able to choose at the moment of publishing. Settings › Family Sharing › Dashboards lists who each published dashboard reaches, with a Manage access button to add or remove people. Until now the only way to take a dashboard away from one person was to delete it for everybody.*",,needs translation
cr_whats_new_beta_18,array,2,"Losing access to a family dashboard now clears what was layered on top of it. The dashboard itself was already removed, but the rooms, widgets, pages, nav bar, header pill and theme it left behind on the device stayed — so the next dashboard an admin shared arrived on top of the previous one's leftovers and looked like it had failed to import in full. Everything that belonged to the revoked dashboard is now removed with it. Home Assistant connections, profiles and notification settings are untouched: losing a dashboard is not being signed out.*",,needs translation; don't translate Home Assistant
cr_whats_new_beta_18,array,3,"New Devices tab under Settings › Family Sharing, showing which HKI version each family device is running and flagging the ones older than yours, with the Home Assistant account, device name, Android version and when it last reported. Each install records this through the HKI 7 Cloud component over the connection the app already uses, so every signed-in device is covered — including one with Location and Notifications both switched off — and nothing is added to Home Assistant's entity list. A device can only ever report itself. An admin can forget a phone that has been replaced; one still in use reappears the next time its app opens. Requires HKI 7 Cloud 0.7.0.*",,"needs translation; don't translate HKI 7 Cloud, Home Assistant"
cr_whats_new_beta_18,array,4,"An admin can now require the family to update. ""Require everyone to be on this version"" in the Devices tab sets a household minimum; anyone below it gets a full-screen prompt on their next launch instead of the dashboard, with Google Play's in-app update doing the install. There is also a per-device ""Ask to update"" for when one phone is behind rather than everyone, which clears itself once that device updates. No app can install a newer version of itself, so Play does the actual work — which also means the prompt can only insist when Play genuinely has the update ready. When it does not, the prompt explains why and lets you past for that session, rather than locking someone out of their own locks and alarms over an update they cannot get. You can only require a version some family device already runs. Requires HKI 7 Cloud 0.8.0.*",,needs translation; don't translate HKI 7 Cloud
cr_whats_new_beta_18,array,5,"Each Family Sharing tab now says for itself when it needs a newer HKI 7 Cloud than the one installed, instead of that only appearing in the summary at the top of the screen. Parental controls, Permissions, Presence and Devices each carry the version they need, so it is clear before you configure a tab whose settings the installed component cannot store yet.",,needs translation; don't translate HKI 7 Cloud
cr_whats_new_beta_17,array,1,"Fixed a crash that could take the whole app down during the very first connection attempt after opening it, which read as ""the app won't even open"". The setup that runs on every launch had no error handling of its own, so a failure there — usually an expired session being refreshed on a flaky network — escaped as an unhandled error instead of surfacing as a connection error you could retry. As a backstop, an unexpected error on a background task can no longer terminate the app at all.",,needs translation
cr_whats_new_beta_17,array,2,"The dashboard no longer rebuilds itself every time Home Assistant reports a state change. The home screen tracked the complete entity list, so a single motion sensor tripping or a power meter ticking — several times a second on a busy install — invalidated the whole screen and every widget on it, even when nothing visible had changed. It now watches only what it actually draws.",,needs translation; don't translate Home Assistant
cr_whats_new_beta_17,array,3,"Entity icon animations no longer redo layout work on every frame they animate. The spin, pulse and glow effects re-ran the surrounding widget's composition on each animation frame instead of just redrawing the icon, so any dashboard with an active light, an open door or a recording camera paid that cost continuously. The animations look exactly the same.",,needs translation
cr_whats_new_beta_17,array,4,"Fixed the app becoming unresponsive — and eventually killed by Android — when opening the history of a busy entity, such as a motion sensor that logs thousands of state changes a day. Matching each history entry to its actor re-scanned and re-parsed the entire logbook's timestamps from scratch for every single entry, work that scaled with history size squared; a quiet entity never noticed, but a busy one could peg the CPU for ten seconds straight. The logbook is now parsed once instead of once per entry, and the whole fetch runs off the main thread.",,needs translation
cr_whats_new_beta_17,array,5,"Hardened how the app reads attributes Home Assistant sends for an entity: a value present but shaped unexpectedly (an object or array where a plain number or piece of text was expected) used to throw and crash whatever screen read it, instead of just being treated as missing.",,needs translation; don't translate Home Assistant
cr_whats_new_beta_17,array,6,"Fixed ""Push to family dashboard"" reporting a dashboard as already up to date no matter what had changed. A dashboard re-imported after a reinstall is stored locally under a different id than the one the cloud copy is published under, and the push check was still looking up the local export by the cloud id, finding nothing, and silently skipping that dashboard on every push.",,needs translation
cr_whats_new_beta_15,array,1,"The Formula 1 widget gains two new tabs and expands two existing ones. Calendar lists the season's races in order, with each circuit and the host country's flag. Grid shows the starting grid, with each driver's move up or down from where they qualified. Standings can now show a championship prediction alongside the points table — current and predicted final points, for drivers or constructors — when F1 Sensor's optional F1TV Auth is set up. Live gains a proper timing list: gap to the leader, interval to the car ahead, tyre compound and stint length, and pit/retired status for every driver, plus which lap the leader is on.",,needs translation
cr_whats_new_beta_15,array,2,"Fixed shared family dashboards failing to update at all once the owner added a widget type introduced in a newer app version, such as the To-Do List or Formula 1 widgets. A single unrecognized widget used to fail the whole dashboard, so a family member on an older build stopped receiving any of that dashboard's changes instead of just missing the new widget. Unrecognized widgets are now skipped individually, so the rest of a shared dashboard keeps working across app versions.",,needs translation
cr_whats_new_beta_15,array,3,"The To-Do widget's square card can now feature one whole list instead of items individually flagged high priority. A new Hero list picker in the widget's General tab — shown once it has at least one tab — chooses which list's open items appear on the card, labelled with that list's name, so what you see at a glance is a specific list like Chores rather than a scattered mix pulled from every tab. Deleting a tab that's currently the hero list clears the setting automatically.",,needs translation
cr_whats_new_beta_15,array,4,"Fixed the app crashing whenever it needed to reconnect to Home Assistant or the connection failed. The in-app push-notification channel ran its subscription in a way that let a dropped connection's error skip past the surrounding error handling entirely and crash the app outright. A separate mismatch also meant every single reconnect immediately tore the whole sync stack down and rebuilt it a second time, racing its own freshly made connection. Both are fixed.",,needs translation; don't translate Home Assistant
cr_whats_new_beta_14,array,1,"Settings › Family Sharing now shows which HKI 7 Cloud version is installed, and — if it's behind — exactly which family features that leaves unavailable, each labelled with the version that unlocks it. Previously the only way to find out a component was out of date was to hit a save that silently dropped part of what you configured.*",,needs translation; don't translate HKI 7 Cloud
cr_whats_new_beta_14,array,2,"New To-Do List widget: a shared checklist or shopping list the whole family can add to. Items support an optional quantity, category, priority (low, normal or high, shown as a flag) and due date, with Added by and Checked by attribution when more than one person edits the list. Choose Manual, A–Z, Priority, or Newest-first ordering, and filter between To do, All, and Done from the dialog. Editing can be limited to everyone, specific family members picked from the real Home Assistant user list, or admins only, enforced the same way the rest of the app's family permissions are. It follows the same design as every other widget, with the usual General, Permissions, Appearance and Visibility settings tabs.",,needs translation; don't translate Home Assistant
cr_whats_new_beta_14,array,3,"Room following can now be set to only place someone in the right room when the app starts, without tracking them for the rest of the session. The existing Ask before switching rooms switch only chose between asking and switching silently; there was no way to get the one-time placement without the app continuing to follow every move afterward. A new Keep following while the app is open switch under each person's room-following settings turns that continued tracking off on its own, leaving Open their room when the app starts to do the one placement it always did.*",,needs translation
cr_whats_new_beta_14,array,4,"New Formula 1 widget, for the F1 Sensor integration. The card shows the next race with a countdown and the circuit outline; opening it gives four tabs — Next race with the full session schedule and trackside weather, Standings for drivers and constructors, Results for the last grand prix with places gained or lost, and a Live tab that appears only while a session is running, showing the flag and race control messages. It finds its sensors on its own: F1 Sensor lets you rename its entities and pick a language, so the widget matches on the integration's stable internal keys rather than entity ids.",,needs translation
cr_whats_new_beta_14,array,5,"New Find my devices widget: a map of your phones, watches, tags and trackers. Add any device_tracker or person entity; the ones reporting GPS appear as pins on the map, the rest are still listed with their state. Tick as many as you like to show them together, or leave nothing ticked to see everything. Three filters narrow the list: All, Devices, and People. The card follows the same design as the other widgets, so background image, icon, width, shape and corner radius all work as you would expect.",,needs translation
cr_whats_new_beta_14,array,6,"The maps in the app no longer look like a printed atlas. HKI now uses the same muted CARTO basemap that Home Assistant's own map card uses, instead of the standard OpenStreetMap rendering, which was designed as a mapper's reference render rather than a background for an app. It also has a proper dark variant, so the map finally follows your theme instead of glowing white inside a dark dialog.",,needs translation; don't translate Home Assistant
cr_whats_new_beta_14,array,7,"Fixed room following doing nothing at all once Ask before switching rooms was turned off. That switch was being treated as a master off-switch for the whole feature, so with prompting disabled the app neither asked nor moved. It now does what it says: with prompting on you get the prompt, with it off the room simply opens. Don't ask again until I restart still stops both, since trading a prompt for a surprise jump would be worse.",,needs translation
cr_whats_new_beta_14,array,8,"Fixed the waste widget's settings dialog being cut off around two thirds of the way down while empty space sat below it. The dialog reserves a tall card but its contents were capped at a fixed height, so the scroll area stopped short of the space available. Both the settings dialog and the waste dialog itself now use the full height.",,needs translation
cr_whats_new_beta_14,array,9,"The waste dialog's calendar can now look 7, 14 or 28 days ahead, and is drawn as a week grid like the calendar widget rather than a flat list: weekday columns, one row per week, and a coloured dot per collection in its fraction's colour. Tap a day to see what is collected then; it opens on the next day with a collection.",,needs translation
cr_whats_new_beta_14,array,10,"Parcel dialogs now say Today or Tomorrow instead of naming the weekday. The whole question a delivery date answers is how soon, and “Wednesday” on a Wednesday made you work that out yourself.",,needs translation
cr_whats_new_beta_14,array,11,"The +2 bubble in the header, shown when there are more people than fit, now opens. Tapping it lists everyone with their name and state, and picking someone opens their detail dialog as usual. Previously those people were simply unreachable on a narrow header.",,needs translation
cr_whats_new_beta_14,array,12,"Fixed the map in the person dialog overflowing the dialog on a tablet or unfolded foldable. The map was drawn as a square as wide as the dialog, so on a 620dp-wide card it became 620dp tall and pushed the address off the bottom. It now takes the height left over instead.",,needs translation
cr_whats_new_beta_14,array,13,"Fixed notifications going undelivered while Home Assistant reported the device as not connected to local push notifications, even with the app open. The app stood aside for its background connection whenever the settings said that connection should be running — but when Android refused to start it, such as after a reboot, nothing was listening at all. The app now checks whether that connection is really running rather than whether it is meant to be, takes over when it is not, and hands the channel back the moment it does come up.",,needs translation; don't translate Home Assistant
cr_whats_new_beta_14,array,14,"Fixed room-following settings not taking effect on the device you changed them from. Turning following off, or changing how long a room must hold before it counts as a move, was written to the companion component but not to the device's own cached copy — so it kept following, and kept using the old dwell time, until the app was next started. Changes now apply immediately. The dwell slider also no longer offers zero seconds, which made the very first sensor reading count as a move.",,needs translation
cr_whats_new_beta_14,array,15,"The Formula 1 card now says one thing: the next grand prix and when it is — “Today 15:00” on the day, otherwise the date and time, in your own timezone. Track status is gone from it, because outside a session that read “Not running”, which is not what anyone glances at the card for. The status sits in the same dark pill the camera, vacuum and waste cards use, so it lines up with the rest of your dashboard again. The circuit outline stays as a faint watermark and the host country flag in the corner. The widget also no longer asks which F1 instance to use — it reads everything the integration publishes, so the dialog always has the full picture.",,needs translation
cr_whats_new_beta_14,array,16,"The To-Do List dialog's undo/redo and Close buttons moved from the title row to the bottom action bar, matching every other dialog in the app.",,needs translation
cr_whats_new_beta_14,array,17,* HKI 7 Cloud Component integration required.,,needs translation; don't translate HKI 7 Cloud
cr_whats_new_beta_13,array,1,"HKI can now follow you from room to room. Point it at a room-presence sensor such as ESPresense and it opens the room you are in when the app starts, then offers to switch views when you move somewhere else. Rooms also gain a purple counter showing how many people are in them, beside the motion and presence counters. An admin sets this up for the whole family under Settings › Family Sharing › Presence: pick each person's sensor and how long a new room must hold before it counts as a move. Sensor rooms named after your Home Assistant areas are matched automatically.*",,needs translation; don't translate Home Assistant
cr_whats_new_beta_13,array,2,"Notifications from Home Assistant can now carry action buttons. Add actions to a notify.mobile_app_… message and each one appears on the notification; tapping it sends the action back to Home Assistant, where an automation can respond. The buttons also appear on the in-app banner and in the notification drawer, because HKI hides system notifications while it is open. A URI action opens its link, a REPLY action takes a typed answer, and an action tapped while offline is delivered once the connection returns. Each notification can be actioned once.",,needs translation; don't translate Home Assistant
cr_whats_new_beta_13,array,3,"New Action button: a button that needs no entity at all. Give it a name, an icon, and whatever tap, hold, or double-tap action you like — navigate to a view or room, call a Home Assistant action, open a URL or a custom popup. Add one from the widget picker, from a button stack, or as an action badge in the badge area beside the header.",,needs translation; don't translate Home Assistant
cr_whats_new_beta_13,array,4,"Icon-only buttons can now be sized. Auto shrinks the icon as a stack gains columns, which is what makes icon-only usable in the four-, five-, and six-column custom popups where a fixed-size icon used to overflow the button. A button can also be given its own size.",,needs translation
cr_whats_new_beta_13,array,5,"Button stacks can push their appearance onto every button they hold: one Icon only for every button switch instead of the same switch on twenty buttons, plus an icon size they all inherit. A single button can still override the size.",,needs translation
cr_whats_new_beta_13,array,6,"The quick start guide can be browsed by hand. Swipe the gesture preview, tap a dot, or tap any tip to jump to it. It still plays on its own until you take over.",,needs translation
cr_whats_new_beta_13,array,7,"Fixed the waste widget showing the wrong icon and colour for every collection type outside Dutch: the type was matched against the translated label, so PMD shown as Packaging fell through to a generic grey-blue bin. PMD is orange with a recycling symbol again.",,needs translation
cr_whats_new_beta_13,array,8,"Fixed the room-following prompt appearing after Ask before switching rooms was turned off, and for the room already on screen. It now also offers Don't ask again until I restart the app, and the wait time can be set whether or not prompting is on.",,needs translation
cr_whats_new_beta_13,array,9,"Flows can express Any of these and nested logic, not just a flat list of ANDs. A group opens into its own list with a breadcrumb, and groups can hold groups, so motion detected AND (after sunset OR guest mode on) is buildable. It is the same structure Home Assistant's own editor writes, so a flow made in HA that used OR is no longer an untouchable advanced block.",,needs translation; don't translate Home Assistant
cr_whats_new_beta_13,array,10,"Thermostat dials on the Climate view no longer squeeze six across a landscape foldable. Dials hold at four per row until the window is genuinely desktop-wide, so each keeps enough width to read.",,needs translation
cr_whats_new_beta_13,array,11,"The Waiting for notifications message now has a Hide this notification button that jumps straight to its Android channel settings, where switching the channel off hides it for good while the connection keeps working. Android will not let a background connection run without a visible notification, so this is as far as muting can go. It also switches itself on when you have more than one Home Assistant server.",,needs translation; don't translate Home Assistant
cr_whats_new_beta_13,array,12,"The vacuum widget can now draw a Valetudo map itself. Choose Valetudo map as the button image and point it at your robot's map camera: HKI reads the map data Valetudo hides inside that camera's PNG and draws the floor, walls, rooms, the robot, its dock and the path it has taken. No add-on, custom component or extra Home Assistant integration is involved, and the map refreshes on its own while the robot is cleaning.",,"needs translation; don't translate Home Assistant, Valetudo"
cr_whats_new_beta_13,array,13,"Tap a room on the Valetudo map to send the robot to clean it. Rooms use the names you gave them in Valetudo. Cleaning a single room goes through Home Assistant's clean_area action, so first map the robot's segments to your areas in Home Assistant — until you do, the map says so instead of leaving the tap doing nothing.",,"needs translation; don't translate Home Assistant, Valetudo"
cr_whats_new_beta_13,array,14,"The vacuum settings now warn that plain Map camera on a Valetudo map entity shows a blank tile. Valetudo deliberately does not render the map on the robot, so its PNG is only a container for the data — Valetudo map is the mode that shows something.",,needs translation; don't translate Valetudo
cr_whats_new_beta_13,array,15,"The vacuum dialog now shows a Valetudo map whenever the map camera you picked actually carries one, whatever the button image is set to — the button image only decides how the tile on the dashboard looks. Cameras that turn out not to be Valetudo maps still show their picture, and HKI stops re-checking once it knows.",,needs translation; don't translate Valetudo
cr_whats_new_beta_13,array,16,"The robot image now spins while the vacuum is cleaning or returning to its dock, using the same icon animation settings as the rest of the app. A button's own animation setting still overrides it, and Off keeps it still.",,needs translation
cr_whats_new_beta_13,array,17,* HKI 7 Cloud Component integration required.,,needs translation; don't translate HKI 7 Cloud
cr_whats_new_beta_12,array,1,"Button widgets and button stacks can now hold an empty, fully transparent button. It takes up a grid cell without drawing anything, so the buttons around it line up exactly where you want them.",,needs translation
cr_whats_new_beta_12,array,2,Buttons can show just their icon. The new Icon only switch under a button's Appearance settings drops the name and state and centers a larger icon on the button.,,needs translation
cr_whats_new_beta_12,array,3,"New Custom popup action for buttons, badges, and dialog buttons. Point any tap, hold, or double tap at a popup you build yourself: it opens with the usual dialog title, status, history, and close controls, and you fill it with any widget the app offers. Popups are listed under Settings › Appearance › Popups, where Edit contents opens one ready to arrange. Popups are shared, so several buttons can open the same one, and stacks inside a popup can use up to six columns instead of three. While a popup is being arranged, a Done button sits beside Add widget to leave edit mode without closing it.",,needs translation
cr_whats_new_beta_12,array,4,"Fixed the Energy detail views (Solar, Electricity, Gas, Water, City heating, Battery) drawing their cards flush against each other with their headings missing. Production, Forecast, Inverters and the rest were hidden behind the card below them; the cards now keep their headings and the usual spacing.",,needs translation
cr_whats_new_beta_12,array,5,"Fixed Parental Controls refusing to save. An out-of-date HKI 7 Cloud component rejects the Visible and Invisible lists, which used to fail the whole policy; the permissions now save regardless and the message says the component needs updating. Those lists only filter entity lists such as global search — a button on a family dashboard stays visible unless it is hidden for that person explicitly.*",,needs translation; don't translate HKI 7 Cloud
cr_whats_new_beta_12,array,6,* HKI 7 Cloud Component integration required.,,needs translation; don't translate HKI 7 Cloud
cr_whats_new_beta_11,array,1,"Rooms, Climate, Security, Energy, and Battery dashboards now make better use of tablets and foldables. Large cards follow the Home and individual-room 1/2/3-column layout, while compact tiles auto-fit without becoming cramped. Climate, Security, and Energy cards use a height-aware masonry layout on wider displays, eliminating large gaps below shorter cards.",,needs translation
cr_whats_new_beta_11,array,2,State-colored icons on entity buttons and header/status pills now preserve their semantic hue while automatically shifting lighter or darker when they would blend into the current theme.,,needs translation
cr_whats_new_beta_11,array,3,"Selecting a family dashboard during onboarding now subscribes that installation to it. Owner edits are published when Save or Done is tapped, active clients refresh immediately, and offline clients reconcile when reopened. Non-admin subscribers cannot create or duplicate dashboards unless the app is fully reset.*",,needs translation
cr_whats_new_beta_11,array,4,"Dashboard setup during onboarding can now restore a local, Google Drive, or Home Assistant backup. New Google Drive and Home Assistant backups use consistent, informative names containing the app version and creation date.*",,"needs translation; don't translate Home Assistant, Google Drive"
cr_whats_new_beta_11,array,5,"Calendar widgets become vertically scrollable when their height is too small for every event, and hidden Home widgets are removed from the layout instead of leaving an empty space.",,needs translation
cr_whats_new_beta_11,array,6,"Parcel carrier cards now show the earliest expected delivery date and time for active incoming or outgoing shipments, including integrations that expose a separate next-delivery sensor.",,needs translation
cr_whats_new_beta_11,array,7,"Family permissions can now independently allow dashboard switching and creation. Fully restricted subscribers see a locked Dashboard settings tab; onboarding removes its placeholder dashboard when switching is denied, and a deleted family dashboard opens a permission-aware recovery screen instead of silently creating a replacement.*",,needs translation
cr_whats_new_beta_11,array,8,"Family permissions now also control manual re-importing. Non-admins cannot open Family Sharing settings, disabled onboarding choices explain why they are unavailable, and aesthetics-only editors see only visual controls. Their local names, icons, colors, backgrounds, styles, sizes, and layouts take priority when owner updates arrive.*",,needs translation
cr_whats_new_beta_11,array,9,"Climate sensor/device tabs, Security groups, and every Energy detail tab now follow the same responsive one-, two-, or three-column masonry rules, including their edit and reorder layouts.",,needs translation
cr_whats_new_beta_11,array,10,Aesthetics-only family editors can no longer change header-pill configuration or the dashboard's people; those functional settings remain controlled by the owner.*,,needs translation
cr_whats_new_beta_11,array,11,"Parental Controls now replaces manual entity-ID entry with Visible and Invisible lists. Admins can select complete Home Assistant domains or individual entities, and global search hides restricted entities and devices. Invisible entries always take precedence.*",,needs translation; don't translate Home Assistant
cr_whats_new_beta_11,array,12,"Energy setup now imports SmartGateways and DSMR Reader P1 meters even when the Home Assistant Energy dashboard has not been configured and the sensors are not attached to a device. Tariff 1 and tariff 2 readings are recognised separately, and usage charts and period totals add both tariffs together when no single grid import or export sensor is set.",,needs translation; don't translate Home Assistant
cr_whats_new_beta_11,array,13,* HKI 7 Cloud Component integration required.,,needs translation; don't translate HKI 7 Cloud
cr_whats_new_beta_10,array,1,"Visibility rules now work across all widgets and individual items, with time, entity, person, and mixed AND/OR conditions. Admins using a family-shared dashboard can choose whether an item is Visible or Hidden for a selected user. Person conditions use HKI 7 Cloud, whose requirement is shown when it is unavailable. New rules start empty so you choose Time, Entity, or Person.",,needs translation; don't translate HKI 7 Cloud
cr_whats_new_beta_10,array,2,"Room-status counter badges keep a stable two-digit width. Headers responsively fit one, two, or three counters per row like the home-page and person badges, without pushing the title down.",,needs translation
cr_whats_new_beta_10,array,3,"Energy setup now recognises SmartGateways and DSMR Reader MQTT sensor names, and choosing a source device refills its separate sensor roles. City heating has dedicated settings, a source tile and detail tab, plus an estimated natural-gas equivalent for J/GJ heat readings.",,needs translation
cr_whats_new_beta_10,array,4,"Calendar widget dialogs now use the available height correctly, fixing content that previously occupied only half the settings dialog or was cut off.",,needs translation
cr_whats_new_beta_10,array,5,"Re-import settings now use one consistently spelled and localized label across Rooms, Climate, Security, Energy, and Battery. Conditional visibility wording was also corrected in every supported language.",,needs translation
cr_whats_new_beta_10,array,6,"Fixed PostNL and the current parcel-integration parser, so incoming shipments once again show their complete tracking details and delivered state. Carrier support has also been brought up to date.",,needs translation
cr_whats_new_beta_10,array,7,"Added an in-app language selector with full coverage in 13 languages: Dutch, German, French, Spanish (plus Latin American Spanish), Italian, Turkish, Portuguese (plus Brazilian Portuguese), Japanese, Korean, and Chinese (Simplified and Traditional). Each language shows its native name with an English hint beneath it.",,needs translation
cr_whats_new_beta_10,array,8,"The reconnect status now shows the actual connection error, making Wi-Fi, mobile-data, and VPN handovers much easier to diagnose.",,needs translation
cr_whats_new_beta_10,array,9,Screen rotation now follows your device’s auto-rotate setting instead of staying locked to portrait.,,needs translation
cr_whats_new_beta_10,array,10,"The Climate ""Outside"" tile now appears as soon as a weather device is linked, even without dedicated sensors, counts its temperature, humidity and pressure attributes in the summary, and graphs them with matching sensor colors.",,needs translation
cr_whats_new_beta_10,array,11,"Parcel status codes are now normal sentences. Dates and times follow the selected language and 12/24-hour preference, nearby deliveries use weekday names, the current year is omitted, and same-day windows no longer repeat the date.",,needs translation
cr_whats_new_beta_9,array,1,"Drag to reorder cameras, thermostats, and energy cards. In edit mode the Security, Climate, and Energy views each get a Reorder button for their relevant cards.",,needs translation
cr_whats_new_beta_9,array,2,"New Climate Outside tile. Link a weather entity or outdoor temperature, humidity, and air-pressure sensors, then open the tile for individual history graphs.",,needs translation
cr_whats_new_beta_9,array,3,"Visibility now belongs to each button and header badge. Hide an item or schedule it once or on a daily, weekly, monthly, or yearly recurrence.",,needs translation
cr_whats_new_beta_9,array,4,Header badges can be renamed from Appearance settings.,,needs translation
cr_whats_new_beta_9,array,5,Swiping cards autoplay every three seconds by default.,,needs translation
cr_whats_new_beta_9,array,6,"The Weather dialog adds autoplay for Season, a windrose card, and an optional rain-map card from a camera or embedded web page.",,needs translation
cr_whats_new_beta_9,array,7,"The Parcels widget was rebuilt around carriers, with logos, account totals, shipment sections, estimates, tracking history, and add-by-tracking support where available.",,needs translation
cr_whats_new_beta_9,array,8,"Humidifiers and dehumidifiers now have native power, humidity, mode, speed, and helper controls throughout the app.",,needs translation
cr_whats_new_beta_9,array,9,Room status counters are interactive and open the entities behind each count.,,needs translation
cr_whats_new_beta_9,array,10,Buttons and badges can show a live countdown from a completion-time entity.,,needs translation
cr_whats_new_beta_9,array,11,Shared dashboards publish owner edits automatically and recipients receive them on their next sync.,,needs translation
cr_whats_new_beta_9,array,12,Header display settings now belong to each dashboard and travel through backups and family sharing.,,needs translation
cr_whats_new_beta_9,array,13,Camera widgets fill the entire tile and follow the configured corner radius.,,needs translation
cr_whats_new_beta_9,array,14,"Waste collections on the same day now overlap visibly, and the larger dialog can be dismissed by tapping outside.",,needs translation
cr_whats_new_beta_9,array,15,"Battery, Waste, camera, weather, and About visuals are now more consistent.",,needs translation
cr_whats_new_beta_9,array,16,"Binary sensors use Home Assistant-style Open/Closed, Wet/Dry, Detected/Clear, and Connected/Disconnected labels.",,needs translation; don't translate Home Assistant
cr_whats_new_beta_9,array,17,"Aesthetic-only editors can change existing badge visuals but cannot add, remove, or reconfigure badges.",,needs translation
cr_whats_new_beta_9,array,18,Fixed network handovers: sockets tied to the old Android network are discarded and the saved Home Assistant session reconnects without an unnecessary login. Reconnect status also shows the failure reason.,,needs translation; don't translate Home Assistant
cr_whats_new_beta_8,array,1,Child locks are no longer imported automatically as room controls.,,needs translation
cr_whats_new_beta_8,array,2,Every button and badge now honours Home Assistant entity-icon overrides.,,needs translation; don't translate Home Assistant
cr_whats_new_beta_8,array,3,Vacuums now appear in the room badge bar and open their controls when tapped.,,needs translation
cr_whats_new_beta_8,array,4,"Individual buttons in multi-item widgets can be hidden or scheduled, including recurring annual date ranges.",,needs translation
cr_whats_new_beta_8,array,5,Multiple camera badges now open one swipeable dialog with fullscreen paging.,,needs translation
cr_whats_new_beta_8,array,6,"Family Sharing now lists cloud-published dashboards so they can be imported, reshared, or deleted after a reinstall.",,needs translation
cr_whats_new_beta_7,array,1,Automatic room import now skips built-in helper controls while retaining genuine extra controls.,,needs translation
cr_whats_new_beta_7,array,2,Climate devices from different integrations are no longer merged into one control.,,needs translation
cr_whats_new_beta_7,array,3,"Climate-device icons now match air conditioners, humidifiers, dehumidifiers, and air purifiers.",,needs translation
cr_whats_new_beta_7,array,4,Air-purifier and humidifier icons pulse gently instead of spinning.,,needs translation
cr_whats_new_beta_7,array,5,Door locks now use closed-door and open-door icons.,,needs translation
cr_whats_new_beta_7,array,6,Multi-device header badges can be reordered to choose their leading entity.,,needs translation
cr_whats_new_beta_7,array,7,Animated icon effects are enabled by default on new installations.,,needs translation
cr_whats_new_beta_7,array,8,Buttons and badges can display an entity attribute and optional unit instead of its state.,,needs translation
cr_whats_new_beta_7,array,9,"Dashboards can now be copied with all rooms, widgets, and page settings.",,needs translation
cr_whats_new_beta_7,array,10,"Family Sharing now combines parental controls, dashboard sharing, and per-user permissions.",,needs translation
cr_whats_new_beta_7,array,11,Shared dashboards update automatically while keeping allowed local visual changes.,,needs translation
cr_whats_new_beta_7,array,12,Non-admin family members can use automatic per-room Adaptive Lighting controls when the HKI 7 Cloud component is installed.,,needs translation; don't translate HKI 7 Cloud
cr_whats_new_beta_7,array,13,Fixed unreadable header and pull-down labels in light mode and with custom appearances.,,needs translation
cr_whats_new_beta_7,array,14,About now provides What’s new and Full changelog buttons.,,needs translation
cr_whats_new_beta_7,array,15,Fixed the Unable to connect screen so it appears reliably when Home Assistant cannot be reached.,,needs translation; don't translate Home Assistant
cr_whats_new_beta_6,array,1,Fixed edit-mode action bars overlapping Android three-button navigation.,,needs translation
cr_whats_new_beta_6,array,2,The Backup and Restore screen now shows when each automatic cloud backup last ran.,,needs translation
cr_whats_new_beta_6,array,3,Each cloud backup now has a Back up now button.,,needs translation
cr_whats_new_beta_6,array,4,Fixed the oversized app icon after the themed-icon update.,,needs translation
cr_whats_new_beta_4_to_5,array,1,The Backup and Restore screen now shows when each automatic cloud backup last ran.,,needs translation
cr_whats_new_beta_4_to_5,array,2,Each cloud backup now has a Back up now button.,,needs translation
cr_whats_new_beta_4_to_5,array,3,Fixed the oversized app icon after the themed-icon update.,,needs translation
cr_whats_new_beta_3,array,1,"Added Simple Icons, Tabler, and Phosphor icon packs alongside Material Design Icons.",,needs translation
cr_whats_new_beta_3,array,2,"Added animated entity icons that glow, spin, or pulse while active.",,needs translation
cr_whats_new_beta_3,array,3,Added family dashboard sharing for admins.*,,needs translation
cr_whats_new_beta_3,array,4,Added parental controls that can hide selected views and rooms for specific people.*,,needs translation
cr_whats_new_beta_3,array,5,Added automatic daily backup to your own Home Assistant.*,,needs translation; don't translate Home Assistant
cr_whats_new_beta_3,array,6,Media-source icons are colored and can open the installed source app.,,needs translation
cr_whats_new_beta_3,array,7,New iFrame widget for embedding web pages.,,needs translation
cr_whats_new_beta_3,array,8,Energy views now show negative values while exporting power.,,needs translation
cr_whats_new_beta_3,array,9,Fixed onboarding completing when switching away before finishing.,,needs translation
cr_whats_new_beta_3,array,10,Fixed the thermostat-dial mode button overlapping nearby items.,,needs translation
cr_whats_new_beta_3,array,11,Many smaller bug fixes.,,needs translation
cr_whats_new_beta_3,array,12,* HKI 7 Cloud Component integration required.,,needs translation; don't translate HKI 7 Cloud
cr_whats_new_beta_2,array,1,"Improved layouts on short and narrow displays, with a single-column fallback throughout the app.",,needs translation
cr_whats_new_beta_2,array,2,Dialog headers use two rows on narrow screens so titles are no longer cut off.,,needs translation
cr_whats_new_beta_2,array,3,Fixed Adaptive Lighting sliders overlapping other elements.,,needs translation
cr_whats_new_beta_2,array,4,Navigation bars now indicate when more items are available off-screen.,,needs translation
cr_whats_new_beta_2,array,5,Fixed cameras ignoring the screen-orientation lock.,,needs translation
cr_whats_new_beta_2,array,6,Fixed zoom in camera dialogs and fullscreen cameras.,,needs translation
global_search_browse_entities,plural,one,Browse %1$d entity on this device,Procházet entitu %1$d na tomto zařízení,keep %1$d
global_search_browse_entities,plural,other,Browse %1$d entities on this device,Procházet %1$d entity na tomto zařízení,keep %1$d
global_search_browse_entities,plural,few,,Procházet %1$d entity na tomto zařízení,
global_search_browse_entities,plural,many,,Procházet %1$d entity na tomto zařízení,
global_search_entity_count,plural,one,%1$d entity,%1$d entity,keep %1$d
global_search_entity_count,plural,other,%1$d entities,%1$d entity,keep %1$d
global_search_entity_count,plural,few,,%1$d entity,
global_search_entity_count,plural,many,,%1$d entity,
rooms_count,plural,one,%1$d room,%1$d pokoj,keep %1$d
rooms_count,plural,other,%1$d rooms,%1$d pokoje,keep %1$d
rooms_count,plural,few,,%1$d pokoje,
rooms_count,plural,many,,%1$d pokoje,
core_system,string,,System,Systém,
core_greeting_morning,string,,Good Morning,Dobré ráno,
core_greeting_afternoon,string,,Good Afternoon,Dobré odpoledne,
core_greeting_evening,string,,Good Evening,Dobrý večer,
core_greeting_night,string,,Good Night,Dobrou noc,
core_last_seen_just_now,string,,Last seen just now,Naposledy viděno právě teď,
core_no_media_playing,string,,No media is playing,Nepřehrává se žádné médium,
core_media_players_playing,plural,one,%1$d media player is playing,Přehrává se přehrávač médií %1$d,keep %1$d
core_media_players_playing,plural,other,%1$d media players are playing,Přehrávají se %1$d přehrávače médií,keep %1$d
core_media_players_playing,plural,few,,Přehrávají se %1$d přehrávače médií,
core_media_players_playing,plural,many,,Přehrávají se %1$d přehrávače médií,
core_last_seen_minutes,plural,one,Last seen %1$d minute ago,Naposledy online před %1$d minutou,keep %1$d
core_last_seen_minutes,plural,other,Last seen %1$d minutes ago,Naposledy online před %1$d minutami,keep %1$d
core_last_seen_minutes,plural,few,,Naposledy online před %1$d minutami,
core_last_seen_minutes,plural,many,,Naposledy online před %1$d minutami,
core_last_seen_hours,plural,one,Last seen %1$d hour ago,Naposledy online před %1$d hodinou,keep %1$d
core_last_seen_hours,plural,other,Last seen %1$d hours ago,Naposledy online před %1$d hodinami,keep %1$d
core_last_seen_hours,plural,few,,Naposledy online před %1$d hodinami,
core_last_seen_hours,plural,many,,Naposledy online před %1$d hodinami,
core_last_seen_days,plural,one,Last seen %1$d day ago,Naposledy online před %1$d dnem,keep %1$d
core_last_seen_days,plural,other,Last seen %1$d days ago,Naposledy online před %1$d dny,keep %1$d
core_last_seen_days,plural,few,,Naposledy online před %1$d dny,
core_last_seen_days,plural,many,,Naposledy online před %1$d dny,
core_last_seen_weeks,plural,one,Last seen %1$d week ago,Naposledy online před %1$d týdnem,keep %1$d
core_last_seen_weeks,plural,other,Last seen %1$d weeks ago,Naposledy online před %1$d týdny,keep %1$d
core_last_seen_weeks,plural,few,,Naposledy online před %1$d týdny,
core_last_seen_weeks,plural,many,,Naposledy online před %1$d týdny,
dlg_1_advanced_shorthand_block_kept_unchanged,string,,1 advanced shorthand block (kept unchanged),1 pokročilý těsnopisný blok (zachován beze změny),
dlg_24_hour_format,string,,24-Hour Format,24hodinový formát,
dlg_action_count,string,,%1$s action,%1$s akce,keep %1$s
dlg_action,string,,Action,Akce,
dlg_action_data,string,,Action data,Údaje o akci,
dlg_action_data_object,string,,Action data object,Datový objekt akce,
dlg_action_details,string,,Action details,Podrobnosti o akci,
dlg_adapt_now,string,,Adapt now,Přizpůsobte se nyní,
dlg_adaptive_lighting,string,,Adaptive Lighting,Adaptivní osvětlení,
dlg_adaptive_lighting_is_unavailable,string,,Adaptive Lighting is unavailable,Adaptivní osvětlení není k dispozici,
dlg_add_4_10_entity_buttons_to_this_dialog_s,string,,Add 4–10 entity buttons to this dialog's nav bar.,Přidejte 4–10 tlačítek entit na navigační lištu tohoto dialogu.,
dlg_add,string,,Add,Přidat,
dlg_add_at_least_one_step,string,,Add at least one step,Přidejte alespoň jeden krok,
dlg_add_button,string,,Add button,Přidat tlačítko,
dlg_add_custom_buttons,string,,Add Custom Buttons,Přidat vlastní tlačítka,
dlg_add_more_for_a_full_row,string,,Add %1$s more for a full row.,Přidejte %1$s dalších pro celý řádek.,keep %1$s
dlg_add_to,string,,Add to %1$s,Přidat do %1$s,keep %1$s
dlg_advanced,string,,Advanced,Moderní,
dlg_advanced_action_data_json,string,,Advanced action data (JSON),Pokročilá data akcí (JSON),
dlg_advanced_shorthand_blocks_kept_unchanged,string,,%1$s advanced shorthand blocks (kept unchanged),%1$s pokročilé těsnopisné bloky (zachovány beze změny),keep %1$s
dlg_alarm_entities,string,,Alarm entities,Poplachové entity,
dlg_alarm_pending,string,,Alarm pending,Poplach čeká na vyřízení,
dlg_alignment,string,,Alignment,Zarovnání,
dlg_always,string,,Always,Vždy,
dlg_any_state,string,,Any state,Jakýkoli stát,
dlg_appearance,string,,Appearance,Vzhled,
dlg_apply,string,,Apply,Použít,
dlg_aspect_ratio,string,,Aspect ratio,Poměr stran,
dlg_astronomical_tap_or_swipe,string,,Astronomical · tap or swipe,Astronomické · klepněte nebo přejeďte prstem,
dlg_auto,string,,Auto,Auto,
dlg_auto_none,string,,Auto / none,Auto / žádné,
dlg_auto_scan,string,,Auto-scan,Automatické skenování,
dlg_automation,string,,Automation,Automatizace,
dlg_back,string,,Back,Zadní,
dlg_backspace,string,,Backspace,Backspace,
dlg_badge_bar_layout,string,,Badge bar layout,Rozložení lišty odznaku,
dlg_batt,string,,Batt,Batt,
dlg_battery_value,string,,Battery: %1$s,Baterie: %1$s,keep %1$s
dlg_built_in,string,,Built-in,Vestavěný,
dlg_cancel,string,,Cancel,Zrušit,
dlg_cancel_arming,string,,Cancel arming,Zrušte aktivaci,
dlg_change,string,,Change,Přeměna,
dlg_choose_a_side_when_the_badge_bar_is_split,string,,Choose a side when the badge bar is split,"Vyberte stranu, kdy je lišta odznaku rozdělena",
dlg_choose_a_state,string,,Choose a state,Vyberte stát,
dlg_condition,string,,Condition,Stav,
dlg_condition_is,string,,Is,je,
dlg_condition_is_not,string,,Is not,není,
dlg_condition_state,string,,State,Stát,
dlg_vis_and,string,,AND,A,
dlg_vis_conditional,string,,Conditional,Podmíněné,
dlg_vis_entity_state,string,,Entity state,Stav entity,
dlg_vis_person,string,,Person,Osoba,
dlg_visible,string,,Visible,Viditelné,
dlg_choose_person,string,,Choose person,Vyberte osobu,
dlg_person_condition_hint,string,,Matches the signed-in Home Assistant user. This rule travels with a shared dashboard.,Odpovídá přihlášenému uživateli Home Assistant. Toto pravidlo se používá se sdíleným řídicím panelem.,don't translate Home Assistant
dlg_person_requires_hki7_cloud,string,,Person visibility requires the HKI 7 Cloud component. Install it to select Home Assistant users here.,"Viditelnost osoby vyžaduje komponentu HKI 7 Cloud. Nainstalujte jej, abyste zde vybrali Home Assistant uživatelů.","don't translate HKI 7 Cloud, Home Assistant"
dlg_vis_match,string,,Match,Zápas,
dlg_vis_match_all,string,,All rules,Všechna pravidla,
dlg_vis_match_any,string,,Any rule,Jakékoli pravidlo,
dlg_vis_or,string,,OR,NEBO,
dlg_vis_time_schedule,string,,Time schedule,Časový harmonogram,
dlg_choose_a_visual_home_assistant_block,string,,Choose a visual Home Assistant block,Vyberte vizuální blok Home Assistant,don't translate Home Assistant
dlg_choose_action,string,,Choose action,Vyberte akci,
dlg_choose_an_action,string,,Choose an action,Vyberte akci,
dlg_choose_an_entity,string,,Choose an entity,Vyberte entitu,
dlg_choose_an_entity_first,string,,Choose an entity first,Nejprve vyberte entitu,
dlg_choose_entity,string,,Choose entity,Vyberte entitu,
dlg_choose_the_home_assistant_entities_that_drive_this_room,string,,Choose the Home Assistant entities that drive this room's live indicators. Indicators only appear while they are active.,"Vyberte entity Home Assistant, které řídí živé indikátory této místnosti. Indikátory se zobrazují pouze tehdy, když jsou aktivní.",don't translate Home Assistant
dlg_choose_the_profile_for_this_light,string,,Choose the profile for this light,Vyberte profil pro toto světlo,
dlg_choose_what_this_action_should_control,string,,Choose what this action should control,"Vyberte, co má tato akce ovládat",
dlg_choose_what_this_badge_summarizes,string,,Choose what this badge summarizes,"Vyberte, co tento odznak shrnuje",
dlg_choose_what_this_header_pill_shows,string,,Choose what this header pill shows,"Vyberte, co tato pilulka zobrazuje",
dlg_clear,string,,Clear,Jasný,
dlg_clear_rooms_view,string,,Clear rooms view?,Vymazat výhled na pokoje?,
dlg_climate_dialog_control,string,,Climate dialog control,Dialogové ovládání klimatu,
dlg_climate_sources_take_priority_and_use_their_current_temper,string,,Climate sources take priority and use their current_temperature and current_humidity values. ,Klimatické zdroje mají přednost a používají hodnoty aktuální_teplota a aktuální_vlhkost.,keep the space at the start/end
dlg_climate_summary,string,,Climate summary,Shrnutí klimatu,
dlg_close,string,,Close,Blízko,
dlg_confirm,string,,Confirm,Potvrdit,
dlg_controls_light_in_this_profile,string,,Controls %1$s light%2$s in this profile.,Ovládá %1$s light%2$s v tomto profilu.,keep %1$s %2$s
dlg_countdown_timer,string,,Countdown timer,Odpočítávací časovač,
dlg_create_a_flow,string,,Create a flow,Vytvořte tok,
dlg_current,string,,Current %1$s%%,Aktuální %1$s%%,keep %1$s
dlg_current_weather,string,,Current weather,Aktuální počasí,
dlg_custom,string,,Custom,Zvyk,
dlg_custom_buttons,string,,Custom buttons,Vlastní tlačítka,
dlg_custom_value,string,,Custom %1$s,Vlastní %1$s,keep %1$s
dlg_custom_name,string,,Custom name,Vlastní název,
dlg_custom_seconds,string,,Custom seconds,Vlastní sekundy,
dlg_custom_state,string,,Custom state...,Vlastní stav...,
dlg_date,string,,Date,Datum,
dlg_day_to,string,,%1$s day%2$s to %3$s,%1$s den%2$s až %3$s,keep %1$s %2$s %3$s
dlg_delete_automation,string,,Delete automation?,Smazat automatizaci?,
dlg_delete,string,,Delete,Vymazat,
dlg_description,string,,Description,Popis,
dlg_details,string,,Details,Podrobnosti,
dlg_device_value,string,,Device: %1$s,Zařízení: %1$s,keep %1$s
dlg_device,string,,Device,Zařízení,
dlg_direction,string,,Direction —,Směr —,
dlg_display,string,,Display,Zobrazit,
dlg_display_linked_entities_and_dialog_layout,string,,"Display, linked entities, and dialog layout","Zobrazení, propojené entity a rozložení dialogů",
dlg_display_mode,string,,Display mode,Režim zobrazení,
dlg_display_order,string,,Display order,Pořadí zobrazení,
dlg_done,string,,Done,Hotovo,
dlg_door_sensors,string,,Door sensors,Dveřní senzory,
dlg_edit,string,,Edit,Upravit,
dlg_empty_bin,string,,Empty bin: %1$s,Prázdný koš: %1$s,keep %1$s
dlg_end,string,,End: %1$s,Konec: %1$s,keep %1$s
dlg_enter_a_valid_json_object,string,,Enter a valid JSON object,Zadejte platný objekt JSON,
dlg_enter_code,string,,Enter code,Zadejte kód,
dlg_enter_the_same_data_object_home_assistant_shows_in,string,,Enter the same data object Home Assistant shows in YAML. JSON is used here so values keep their exact type.,"Zadejte stejný datový objekt Home Assistant zobrazený v YAML. Zde se používá JSON, takže hodnoty si zachovávají svůj přesný typ.",don't translate Home Assistant
dlg_entities_count,string,,Entities (%1$s),Entity (%1$s),keep %1$s
dlg_entities_appearance_and_interactions,string,,"Entities, appearance, and interactions","Entity, vzhled a interakce",
dlg_entities,string,,Entities,Entity,
dlg_entities_that_signal_activity_or_safety_states,string,,Entities that signal activity or safety states,"Entity, které signalizují stavy aktivity nebo bezpečnosti",
dlg_entity_integrations,string,,Entity integrations,Integrace entit,
dlg_entity_name,string,,Entity name,Název entity,
dlg_entity_picture,string,,Entity picture,Obrázek entity,
dlg_event,string,,Event,Událost,
dlg_exact_text_or_number_reported_by_home_assistant,string,,Exact text or number reported by Home Assistant,Přesný text nebo číslo nahlásil Home Assistant,don't translate Home Assistant
dlg_exit_full_screen,string,,Exit full screen,Ukončete celou obrazovku,
dlg_floor,string,,Floor,Patro,
dlg_floor_assignment,string,,Floor assignment,Přiřazení podlahy,
dlg_flows,string,,Flows,Toky,
dlg_forecast,string,,Forecast,Předpověď,
dlg_forget_selection,string,,Forget selection,Zapomeňte na výběr,
dlg_forward,string,,Forward,Vpřed,
dlg_from,string,,From %1$s,Od %1$s,keep %1$s
dlg_from_state,string,,From state,Ze státu,
dlg_full_day_name,string,,Full Day Name,Název celého dne,
dlg_group_light_paused_for_manual_control,string,,%1$s group light%2$s paused for manual control.,%1$s skupinové světlo%2$s pozastaveno pro ruční ovládání.,keep %1$s %2$s
dlg_header_appearance,string,,Header appearance,Vzhled záhlaví,
dlg_header_custom_color_rrggbb,string,,Header custom color (#RRGGBB),Vlastní barva záhlaví (#RRGGBB),
dlg_header_pill,string,,Header pill,Hlavička pilulka,
dlg_hidden,string,,Hidden,Skrytý,
dlg_hidden_during,string,,Hidden during,Skrytý během,
dlg_hide_this_badge_or_schedule_when_it_appears,string,,"Hide this badge, or schedule when it appears","Skryjte tento odznak nebo naplánujte, až se objeví",
dlg_https,string,,https://…,https://…,
dlg_humidity,string,,Humidity,Vlhkost,
dlg_icon,string,,Icon,Ikona,
dlg_icon_animation,string,,Icon animation,Animace ikon,
dlg_icon_value,string,,Icon: %1$s,Ikona: %1$s,keep %1$s
dlg_identity,string,,Identity,Identita,
dlg_identity_presentation_indicators_and_maintenance,string,,"Identity, presentation, indicators, and maintenance","Identita, prezentace, indikátory a údržba",
dlg_import_only_rooms_that_have_not_been_edited_or,string,,"Import only rooms that have not been edited, or rebuild everything. Rebuilding removes all edited rooms and floors before importing them from scratch.","Importujte pouze místnosti, které nebyly upraveny, nebo vše znovu postavte. Přestavba odstraní všechny upravené místnosti a podlaží před jejich importováním od začátku.",
dlg_import_unedited,string,,Import unedited,Importovat bez úprav,
dlg_interactions,string,,Interactions,Interakce,
dlg_is,string,, is,je,keep the space at the start/end
dlg_items,string,,%1$s items,%1$s položek,keep %1$s
dlg_last_run,string,,Last run %1$s,Poslední spuštění %1$s,keep %1$s
dlg_left,string,,Left,Vlevo,
dlg_left_side_overflows_right,string,,Left side overflows right,Levá strana přetéká doprava,
dlg_live,string,,Live,Žít,
dlg_live_uppercase,string,,LIVE,ŽÍT,
dlg_live_indicators,string,,Live indicators,Živé indikátory,
dlg_loading_actions,string,,Loading actions…,Načítání akcí…,
dlg_lunar_phase,string,,Lunar phase,Lunární fáze,
dlg_map,string,,Map,Mapa,
dlg_map_value,string,,Map: %1$s,Mapa: %1$s,keep %1$s
dlg_media,string,,Media,Média,
dlg_media_browsing_isn_t_available_for_this_player,string,,Media browsing isn't available for this player.,Procházení médií není pro tento přehrávač k dispozici.,
dlg_media_library,string,,Media library,Knihovna médií,
dlg_media_players,string,,Media players,Přehrávače médií,
dlg_meteorological_tap_or_swipe,string,,Meteorological · tap or swipe,Meteorologické · klepněte nebo přejeďte prstem,
dlg_mm,string,,%1$s mm,%1$s mm,keep %1$s
dlg_modes,string,,Modes,Režimy,
dlg_moon,string,,Moon,Měsíc,
dlg_move_down,string,,Move down,Posuňte se dolů,
dlg_move_up,string,,Move up,Posuňte se nahoru,
dlg_multiple_climate_values_are_averaged_separate_sensor_value,string,,Multiple climate values are averaged. Separate sensor values are averaged only when no climate source is selected.,"Více klimatických hodnot je zprůměrováno. Hodnoty samostatných senzorů jsou zprůměrovány pouze v případě, že není vybrán žádný zdroj klimatu.",
dlg_name,string,,Name,Jméno,
dlg_name_and_icon_used_throughout_the_app,string,,Name and icon used throughout the app,Název a ikona používané v celé aplikaci,
dlg_name_optional,string,,Name (optional),Jméno (volitelné),
dlg_native_home_assistant_automations_always_in_sync,string,,"Native Home Assistant automations, always in sync","Nativní automatizace Home Assistant, vždy synchronizované",don't translate Home Assistant
dlg_never_triggered,string,,Never triggered,Nikdy nespuštěno,
dlg_new_flow,string,,New flow,Nový tok,
dlg_next_camera,string,,Next camera,Další kamera,
dlg_no_conditions_this_flow_always_continues,string,,No conditions — this flow always continues,Žádné podmínky – tento tok vždy pokračuje,
dlg_no_door_sensor,string,,No door sensor,Bez dveřního senzoru,
dlg_no_forecast_available,string,,No forecast available,Předpověď není k dispozici,
dlg_no_matching_automations,string,,No matching automations,Žádné odpovídající automatizace,
dlg_no_native_home_assistant_automations_found,string,,No native Home Assistant automations found,Nebyly nalezeny žádné nativní automatizace Home Assistant,don't translate Home Assistant
dlg_no_profile_available,string,,No profile available,Žádný profil není k dispozici,
dlg_no_stream_available,string,,No stream available,Není dostupný žádný stream,
dlg_no_supported_alarm_modes_reported_by_this_entity,string,,No supported alarm modes reported by this entity,Tato entita nenahlásila žádné podporované režimy alarmu,
dlg_no_target,string,,No target,Žádný cíl,
dlg_none,string,,None,Žádný,
dlg_none_timer_follows_the_completion_time_only,string,,None — timer follows the completion time only,Žádný — časovač sleduje pouze čas dokončení,
dlg_not_loaded_by_home_assistant,string,,Not loaded by Home Assistant,Nenačteno Home Assistant,don't translate Home Assistant
dlg_nothing_here,string,,Nothing here.,Tady nic.,
dlg_off_uppercase,string,,OFF,VYPNUTO,
dlg_off,string,,Off,Vypnuto,
dlg_on_uppercase,string,,ON,NA,
dlg_on,string,,On,Na,
dlg_percent_on,string,,%1$s%% • ON,%1$s%% • ZAPNUTO,keep %1$s
dlg_open_camera_full_screen,string,,Open camera full screen,Otevřete fotoaparát na celou obrazovku,
dlg_open,string,,Open,OTEVŘENO,
dlg_optional_controls_and_sensors_for_richer_dialogs,string,,Optional controls and sensors for richer dialogs,Volitelné ovládací prvky a senzory pro bohatší dialogy,
dlg_optional_fields_passed_to_home_assistant,string,,Optional fields passed to Home Assistant,Nepovinná pole předána do Home Assistant,don't translate Home Assistant
dlg_optional_label_shown_when_name_is_enabled_above,string,,"Optional label shown when ""Name"" is enabled above","Volitelný štítek zobrazený, když je výše povoleno „Název“.",
dlg_oscillate,string,,Oscillate,Oscilovat,
dlg_pause,string,,Pause,Pauza,
dlg_pause_adaptation,string,,Pause adaptation,Pozastavit adaptaci,
dlg_pending_timer,string,,Pending timer,Čekající časovač,
dlg_pick_a_source_device_or_fine_tune_individual_roles,string,,Pick a source device or fine-tune individual roles,Vyberte zdrojové zařízení nebo dolaďte jednotlivé role,
dlg_place_this_room_in_the_correct_floor_group,string,,Place this room in the correct floor group,Umístěte tuto místnost do správné podlahové skupiny,
dlg_placement,string,,Placement,Umístění,
dlg_players_summarized_by_the_room_header_and_card,string,,Players summarized by the room header and card,Hráči shrnutí podle záhlaví místnosti a karty,
dlg_please_wait,string,,Please wait…,Čekejte prosím…,
dlg_precipitation,string,,Precipitation,Srážky,
dlg_presets_uppercase,string,,PRESETS,PŘEDVOLBY,
dlg_presets,string,,Presets,Předvolby,
dlg_previous_camera,string,,Previous camera,Předchozí fotoaparát,
dlg_profile,string,,Profile,Profil,
dlg_profile_switches_affect_every_light_assigned_to,string,,Profile switches affect every light assigned to %1$s.,Přepínače profilů ovlivňují každé světlo přiřazené k %1$s.,keep %1$s
dlg_rain,string,,Rain,Déšť,
dlg_rain_map,string,,Rain map,Dešťová mapa,
dlg_rain_map_url_iframe,string,,Rain map URL (iframe),URL dešťové mapy (iframe),
dlg_re_import_rooms,string,,Re-import rooms,Znovu importujte pokoje,
dlg_read_only_home_assistant_automation,string,,Read-only Home Assistant automation,Automatizace Home Assistant pouze pro čtení,don't translate Home Assistant
dlg_recipes_create_regular_home_assistant_automations_you_can,string,,Recipes create regular Home Assistant automations. You can continue editing them in either HKI7 or Home Assistant.,Recepty vytvářejí běžné automatizace Home Assistant. Můžete je dále upravovat v HKI7 nebo Home Assistant.,"don't translate Home Assistant, HKI7"
dlg_remove,string,,Remove,Odstranit,
dlg_remove_edits_and_import_all,string,,Remove edits and import all,Odstraňte úpravy a importujte všechny,
dlg_repeat,string,,Repeat,Opakovat,
dlg_repeats_every_day_only_the_time_of_day_is,string,,Repeats every day — only the time of day is used.,Opakuje se každý den — používá se pouze denní čas.,
dlg_repeats_every_month_only_the_day_of_the_month,string,,Repeats every month — only the day of the month and time are used.,Opakuje se každý měsíc — používá se pouze den v měsíci a čas.,
dlg_repeats_every_week_only_the_weekday_and_time_are,string,,Repeats every week — only the weekday and time are used.,Opakuje se každý týden — používá se pouze den v týdnu a čas.,
dlg_repeats_every_year_the_year_is_ignored_so_e,string,,"Repeats every year — the year is ignored, so e.g. 24–26 Dec recurs each Christmas.","Opakuje se každý rok — rok je ignorován, takže např. 24.–26. prosince se opakuje každé Vánoce.",
dlg_required,string,, (required),(požadovaný),keep the space at the start/end
dlg_required_state,string,,Required state,Požadovaný stav,
dlg_resume_adaptation,string,,Resume adaptation,Obnovit adaptaci,
dlg_resume,string,,Resume,Resumé,
dlg_reverse,string,,Reverse,Zvrátit,
dlg_right,string,,Right,Právo,
dlg_right_side_overflows_left,string,,Right side overflows left,Pravá strana přetéká doleva,
dlg_room_areas,string,,Room areas,Oblasti místnosti,
dlg_room_climate,string,,Room climate,Klima v místnosti,
dlg_room_name,string,,Room name,Název místnosti,
dlg_run_mode,string,,Run mode,Provozní režim,
dlg_running_state_entity,string,,Running-state entity,Subjekt běžícího státu,
dlg_s_are,string,,s are,s jsou,
dlg_save,string,,Save,Uložit,
dlg_save_in_home_assistant,string,,Save in Home Assistant,Uložit do Home Assistant,don't translate Home Assistant
dlg_saved_directly_in_the_native_automation,string,,Saved directly in the native automation,Uloženo přímo v nativní automatizaci,
dlg_scheduled,string,,Scheduled,Naplánováno,
dlg_search_actions,string,,Search actions,Vyhledávací akce,
dlg_search_automations,string,,Search automations,Vyhledávací automatizace,
dlg_season,string,,Season,Sezóna,
dlg_select,string,,Select %1$s,Vyberte %1$s,keep %1$s
dlg_select_a_mode_to_continue,string,,Select a mode to continue,Pokračujte výběrem režimu,
dlg_select_battery_sensor,string,,Select Battery Sensor,Vyberte Snímač baterie,
dlg_select_door_sensor,string,,Select Door Sensor,Vyberte Snímač dveří,
dlg_select_empty_bin_control,string,,Select Empty Bin Control,Vyberte Kontrola prázdného koše,
dlg_select_entities,string,,Select Entities,Vyberte Entity,
dlg_select_entity,string,,Select Entity,Vyberte položku Entita,
dlg_select_map_camera,string,,Select Map Camera,Vyberte Map Camera,
dlg_select_media_players,string,,Select Media Players,Vyberte Přehrávače médií,
dlg_select_running_state_entity,string,,Select running-state entity,Vyberte entitu běžícího stavu,
dlg_select_target_entity,string,,Select Target Entity,Vyberte Cílová entita,
dlg_select_the_alarm_panels_summarized_by_this_pill,string,,Select the alarm panels summarized by this pill,Vyberte panely alarmů shrnuté touto pilulkou,
dlg_select_vacuum_entity,string,,Select Vacuum Entity,Vyberte položku Vakuová entita,
dlg_select_water_level,string,,Select Water Level,Vyberte Hladinu vody,
dlg_selected,string,,%1$s · Selected,%1$s · Vybráno,keep %1$s
dlg_set,string,,Set,Soubor,
dlg_shape,string,,Shape,Tvar,
dlg_shape_visible_information_and_icon_behavior,string,,"Shape, visible information, and icon behavior","Tvar, viditelné informace a chování ikon",
dlg_show_a_descending_timer_when_the_value_is_a,string,,"Show a descending timer when the value is a completion time (e.g. a washer/dryer finish time). Active while counting, off at zero.","Zobrazit sestupný časovač, když je hodnotou čas dokončení (např. čas dokončení pračky/sušičky). Aktivní při počítání, vypnuto na nule.",
dlg_show_a_live_radar_rain_map_card_a_camera,string,,Show a live radar/rain map card — a camera entity or an embedded web page (iframe),Zobrazit živou kartu radaru/dešťové mapy – entitu kamery nebo vloženou webovou stránku (iframe),
dlg_show_badge_bar,string,,Show badge bar,Zobrazit lištu odznaků,
dlg_show_the_entity_s_state_or_one_of_its,string,,"Show the entity's state, or one of its attributes instead.",Místo toho zobrazte stav entity nebo jeden z jejích atributů.,
dlg_side_split_alignment,string,,Side (split alignment),Strana (rozdělené zarovnání),
dlg_snapshot,string,,Snapshot,Momentka,
dlg_span_badges,string,,Span badges,Span odznaky,
dlg_speed,string,,SPEED,RYCHLOST,
dlg_start,string,,Start: %1$s,Začátek: %1$s,keep %1$s
dlg_start_with_a_useful_recipe_then_adjust_each_step,string,,"Start with a useful recipe, then adjust each step",Začněte s užitečným receptem a poté upravte každý krok,
dlg_state,string,,State,Stát,
dlg_state_text,string,,State text,Státní text,
dlg_switch,string,,SWITCH,PŘEPÍNAČ,
dlg_tap_hold_and_dialog_quick_actions,string,,"Tap, hold, and dialog quick actions","Rychlé akce klepnutím, podržením a dialogem",
dlg_target_range_percent,string,,TARGET (%1$s–%2$s%%),CÍL (%1$s–%2$s%%),keep %1$s %2$s
dlg_target,string,,Target,Cíl,
dlg_target_entity_optional,string,,Target entity (optional),Cílová entita (volitelné),
dlg_temperature,string,,Temperature,Teplota,
dlg_temperature_and_humidity_sources_for_the_room,string,,Temperature and humidity sources for the room,Zdroje teploty a vlhkosti v místnosti,
dlg_value_with_unit,string,,%1$s%2$s,%1$s%2$s,keep %1$s %2$s
dlg_negative_value,string,,-%1$s,-%1$s,keep %1$s
dlg_spaced_temperature,string,,  %1$s°,%1$s°,keep %1$s; keep the space at the start/end
dlg_value_and_unit,string,,%1$s %2$s,%1$s %2$s,keep %1$s %2$s
dlg_temperature_value,string,,%1$s°,%1$s°,keep %1$s
dlg_updating_value,string,,%1$s…,%1$s…,keep %1$s
dlg_sentence_pair,string,,%1$s. %2$s,%1$s. %2$s,keep %1$s %2$s
dlg_labeled_value_unit,string,,%1$s: %2$s%3$s,%1$s: %2$s%3$s,keep %1$s %2$s %3$s
dlg_selected_value,string,,✓ %1$s,✓ %1$s,keep %1$s
dlg_zoom_multiplier,string,,%1$s×,%1$s×,keep %1$s
dlg_page_of_pages,string,,%1$s/%2$s,%1$s/%2$s,keep %1$s %2$s
dlg_labeled_value,string,,%1$s: %2$s,%1$s: %2$s,keep %1$s %2$s
dlg_percentage,string,,%1$s%%,%1$s%%,keep %1$s
dlg_that_profile,string,,that profile,ten profil,
dlg_the_exact_dates_you_pick_leave_a_bound_as,string,,"The exact dates you pick. Leave a bound as ""Any"" for an open-ended range.","Přesná data, která si vyberete. Pro rozsah s otevřeným koncem ponechte mez jako „Jakýkoli“.",
dlg_the_room_header_and_card_show_a_single_player,string,,"The room header and card show a single player's media, or an active-player count when multiple players are selected.","Záhlaví a karta místnosti zobrazují média jednoho hráče nebo počet aktivních hráčů, pokud je vybráno více hráčů.",
dlg_thermostat_dial,string,,Thermostat dial,Číselník termostatu,
dlg_this_action_does_not_use_an_entity_target,string,,This action does not use an entity target.,Tato akce nepoužívá cíl entity.,
dlg_this_action_has_no_required_target_or_additional_fields,string,,This action has no required target or additional fields.,Tato akce nemá žádný povinný cíl ani další pole.,
dlg_this_automation_is_managed_outside_home_assistant_s_ui,string,,"This automation is managed outside Home Assistant's UI (usually YAML). HKI7 can show it, but will not overwrite it.","Tato automatizace je spravována mimo uživatelské rozhraní Home Assistant (obvykle YAML). HKI7 jej může zobrazit, ale nepřepíše ho.","don't translate Home Assistant, HKI7"
dlg_this_entity,string,,This entity,Tato entita,
dlg_this_light_is_paused_for_manual_control,string,,This light is paused for manual control.,Toto světlo je pozastaveno pro ruční ovládání.,
dlg_this_removes_all_imported_rooms_and_floors_from_this,string,,This removes all imported rooms and floors from this view.,Tím se z tohoto zobrazení odeberou všechny importované místnosti a podlaží.,
dlg_this_removes_the_native_automation_from_home_assistant_thi,string,,This removes the native automation from Home Assistant. This cannot be undone from HKI7.,Tím se odstraní nativní automatizace z Home Assistant. Tuto akci nelze z HKI7 vrátit zpět.,"don't translate Home Assistant, HKI7"
dlg_time,string,,Time,Čas,
dlg_to_state,string,,To state,Konstatovat,
dlg_turn_on,string,,Turn On,Zapnout,
dlg_unit,string,,Unit,Jednotka,
dlg_untitled,string,,Untitled,Bez názvu,
dlg_url_https,string,,URL (https://…),URL (https://…),
dlg_vacuum_entities,string,,Vacuum entities,Vakuové entity,
dlg_vertical_slider,string,,Vertical slider,Vertikální posuvník,
dlg_visibility,string,,Visibility,Viditelnost,
dlg_visibility_alignment_and_overflow_behavior,string,,"Visibility, alignment, and overflow behavior","Viditelnost, zarovnání a chování při přetečení",
dlg_visible_during,string,,Visible during,Viditelné během,
dlg_waiting_for_home_assistant,string,,Waiting for Home Assistant,Čekání na Home Assistant,don't translate Home Assistant
dlg_wallpaper_and_optional_custom_color,string,,Wallpaper and optional custom color,Tapeta a volitelná vlastní barva,
dlg_wallpaper_url_or_path,string,,Wallpaper URL or path,URL tapety nebo cesta,
dlg_water_value,string,,Water: %1$s,Voda: %1$s,keep %1$s
dlg_water,string,,Water,Voda,
dlg_weather_details,string,,Weather details,Podrobnosti o počasí,
dlg_weather_entities,string,,Weather entities,Entity počasí,
dlg_when,string,,When,Když,
dlg_when_and_if_then,string,,When · And if · Then,Kdy · A pokud · Pak,
dlg_widget_width,string,,Widget width,Šířka widgetu,
dlg_wind,string,,Wind,Vítr,
dlg_any,string,,Any,Žádný,
dlg_once,string,,Once,Jednou,
dlg_daily,string,,Daily,Denní,
dlg_weekly,string,,Weekly,Týdně,
dlg_monthly,string,,Monthly,Měsíční,
dlg_yearly,string,,Yearly,Roční,
dlg_default,string,,Default,Výchozí,
dlg_toggle,string,,Toggle,Přepnout,
dlg_more_information,string,,More information,Více informací,
dlg_navigate,string,,Navigate,Navigovat,
dlg_url,string,,URL,URL,
dlg_home,string,,Home,Domov,
dlg_rooms,string,,Rooms,Pokoje,
dlg_energy,string,,Energy,Energie,
dlg_climate,string,,Climate,Podnebí,
dlg_security,string,,Security,Zabezpečení,
dlg_battery,string,,Battery,Baterie,
dlg_settings,string,,Settings,Nastavení,
dlg_room_value,string,,Room · %1$s,Místnost · %1$s,keep %1$s
dlg_could_not_load_home_assistant_actions,string,,Could not load Home Assistant actions,Nelze načíst Home Assistant akcí,don't translate Home Assistant
dlg_show_entity_default_this_one,string,,Show entity (default: this one),Zobrazit entitu (výchozí: tato),
dlg_target_entity_default_this_one,string,,Target entity (default: this one),Cílová entita (výchozí: tato),
dlg_select_destination,string,,Select destination,Vyberte cíl,
dlg_choose_target,string,,Choose target,Vyberte cíl,
dlg_target_and_action_data,string,,Target and action data,Cílová a akční data,
dlg_tap,string,,Tap,Klepněte,
dlg_hold,string,,Hold,Držet,
dlg_double_tap,string,,Double tap,Dvakrát klepněte,
dlg_alarm_disarmed,string,,Disarmed,Odzbrojeno,
dlg_alarm_armed_home,string,,Armed home,Ozbrojený domov,
dlg_alarm_armed_away,string,,Armed away,Ozbrojený pryč,
dlg_alarm_armed_night,string,,Armed night,Ozbrojená noc,
dlg_alarm_armed_vacation,string,,Armed vacation,Ozbrojená dovolená,
dlg_alarm_armed_custom,string,,Armed (custom),Ozbrojený (vlastní),
dlg_alarm_arming,string,,Arming…,Aktivuje se…,
dlg_alarm_disarming,string,,Disarming…,Odzbrojující…,
dlg_alarm_triggered,string,,TRIGGERED,SPUŠTĚNO,
dlg_alarm_disarmed_message,string,,Alarm disarmed,Alarm deaktivován,
dlg_alarm_command,string,,Alarm command,Poplachový příkaz,
dlg_alarm_command_accepted,string,,%1$s accepted,%1$s přijato,keep %1$s
dlg_alarm_command_failed,string,,Command failed. Check the code and try again.,Příkaz selhal. Zkontrolujte kód a zkuste to znovu.,
dlg_alarm_arming_cancelled,string,,Arming cancelled,Zajištění zrušeno,
dlg_alarm_cancel_failed,string,,Cancellation failed. Check the code and try again.,Zrušení se nezdařilo. Zkontrolujte kód a zkuste to znovu.,
dlg_alarm_arm_home,string,,Arm home,Arm home,
dlg_alarm_arm_away,string,,Arm away,Paže pryč,
dlg_alarm_arm_night,string,,Arm night,Paže noc,
dlg_alarm_arm_custom,string,,Arm custom,Vlastní paže,
dlg_alarm_arm_vacation,string,,Arm vacation,Arm dovolená,
dlg_alarm_disarm,string,,Disarm,Odzbrojit,
dlg_room_configuration,string,,Room configuration,Konfigurace místnosti,
dlg_choose_room_area_to_configure,string,,Choose a room area to configure,"Vyberte oblast místnosti, kterou chcete nakonfigurovat",
dlg_focused_room_options,string,,Options for this room area,Možnosti pro tuto oblast místnosti,
dlg_general,string,,General,Generál,
dlg_name_and_icon,string,,Name and icon,Jméno a ikona,
dlg_header,string,,Header,Záhlaví,
dlg_wallpaper_and_custom_color,string,,Wallpaper and custom color,Tapeta a vlastní barva,
dlg_badge_bar,string,,Badge bar,Lišta odznaků,
dlg_alignment_and_display_options,string,,Alignment and display options,Možnosti zarovnání a zobrazení,
dlg_assign_room_to_floor,string,,Assign this room to a floor,Přiřaďte tuto místnost do patra,
dlg_room_status,string,,Room status,Stav pokoje,
dlg_room_status_summary,string,,"Media, activity, safety, and climate indicators","Indikátory médií, aktivity, bezpečnosti a klimatu",
dlg_reimport_from_home_assistant,string,,Re-import from Home Assistant,Znovu importovat z Home Assistant,don't translate Home Assistant
dlg_import_or_rebuild_rooms,string,,Import new rooms or rebuild every room,Importujte nové místnosti nebo přestavte každou místnost,
dlg_clear_rooms_view_action,string,,Clear rooms view,Jasný výhled na pokoje,
dlg_remove_imported_rooms_and_floors,string,,Remove imported rooms and floors,Odstraňte importované místnosti a podlahy,
dlg_room,string,,Room,Pokoj,
dlg_split,string,,Split,Rozdělit,
dlg_center,string,,Center,Centrum,
dlg_doors,string,,Doors,Dveře,
dlg_windows,string,,Windows,Windows,
dlg_motion,string,,Motion,Pohyb,
dlg_presence,string,,Presence,Přítomnost,
dlg_lights,string,,Lights,Světla,
dlg_devices,string,,Devices,Zařízení,
dlg_smoke,string,,Smoke,Kouř,
dlg_gas,string,,Gas,Plyn,
dlg_fire,string,,Fire,Oheň,
dlg_full,string,,Full,Plný,
dlg_half,string,,Half,Půl,
dlg_third,string,,Third,Třetí,
dlg_choose_vacuum_entity_instead,string,,Choose a vacuum entity instead,Místo toho zvolte vakuovou entitu,
dlg_camera_live_page,string,,%1$d/%2$d · Live,%1$d/%2$d · Živě,keep %1$d %2$d
dlg_weather,string,,Weather,Počasí,
dlg_weather_and_season,string,,%1$s · %2$s,%1$s · %2$s,keep %1$s %2$s
dlg_weather_state_clear_night,string,,Clear night,Jasná noc,
dlg_weather_state_cloudy,string,,Cloudy,Zataženo,
dlg_weather_state_exceptional,string,,Exceptional,Výjimečný,
dlg_weather_state_fog,string,,Fog,Mlha,
dlg_weather_state_hail,string,,Hail,Kroupy,
dlg_weather_state_lightning,string,,Lightning,Blesk,
dlg_weather_state_lightning_rainy,string,,Thunderstorms,Bouřky,
dlg_weather_state_partly_cloudy,string,,Partly cloudy,Částečně oblačno,
dlg_weather_state_pouring,string,,Pouring rain,Nalévající se déšť,
dlg_weather_state_rainy,string,,Rainy,Deštivý,
dlg_weather_state_snowy,string,,Snowy,Zasněžený,
dlg_weather_state_snowy_rainy,string,,Sleet,Plískanice,
dlg_weather_state_sunny,string,,Sunny,Slunný,
dlg_weather_state_windy,string,,Windy,Větrný,
dlg_weather_state_windy_variant,string,,Windy and cloudy,Větrno a zataženo,
dlg_selected_entities_summary,plural,one,%1$d selected · %2$s,%1$d vybráno · %2$s,keep %1$d %2$s
dlg_selected_entities_summary,plural,other,%1$d selected · %2$s,%1$d vybráno · %2$s,keep %1$d %2$s
dlg_selected_entities_summary,plural,few,,%1$d vybráno · %2$s,
dlg_selected_entities_summary,plural,many,,%1$d vybráno · %2$s,
dlg_action_data_value_summary,plural,one,%1$s · %2$d data value,%1$s · Hodnota dat %2$d,keep %1$s %2$d
dlg_action_data_value_summary,plural,other,%1$s · %2$d data values,%1$s · %2$d datové hodnoty,keep %1$s %2$d
dlg_action_data_value_summary,plural,few,,%1$s · %2$d datové hodnoty,
dlg_action_data_value_summary,plural,many,,%1$s · %2$d datové hodnoty,
dlg_seconds_short,plural,one,%d sec,%d s,keep %d
dlg_seconds_short,plural,other,%d sec,%d s,keep %d
dlg_seconds_short,plural,few,,%d s,
dlg_seconds_short,plural,many,,%d s,
dlg_arming_in_seconds,plural,one,Arming in %d second,Aktivace za %d sekundu,keep %d
dlg_arming_in_seconds,plural,other,Arming in %d seconds,Aktivace za %d sekund,keep %d
dlg_arming_in_seconds,plural,few,,Aktivace za %d sekund,
dlg_arming_in_seconds,plural,many,,Aktivace za %d sekund,
energy_extra_sensors,string,,Energy sensors,Energetické senzory,
energy_extra_settings,string,,Energy settings,Nastavení energie,
energy_extra_previous_period,string,,Previous period,Předchozí období,
energy_extra_next_period,string,,Next period,Další období,
energy_extra_empty_view_hint,string,,This energy view is empty. Swipe down on the header and open Energy settings to add entities manually.,Tento energetický pohled je prázdný. Přejeďte prstem po záhlaví dolů a otevřete Nastavení energie a přidejte entity ručně.,
energy_extra_electricity,string,,Electricity,Elektřina,
energy_extra_solar,string,,Solar,Sluneční,
energy_extra_home,string,,Home,Domov,
energy_extra_battery,string,,Battery,Baterie,
energy_extra_gas,string,,Gas,Plyn,
energy_extra_city_heating,string,,City heating,Vytápění města,
energy_extra_water,string,,Water,Voda,
energy_extra_energy,string,,Energy,Energie,
energy_extra_power,string,,Power,Moc,
energy_extra_carbon,string,,Carbon,Uhlík,
energy_extra_devices,string,,Devices,Zařízení,
energy_extra_device,string,,Device,Zařízení,
energy_extra_importing,string,,Importing,Import,
energy_extra_exporting,string,,Exporting,Export,
energy_extra_idle,string,,Idle,Líný,
energy_extra_charging,string,,Charging,Nabíjení,
energy_extra_discharging,string,,Discharging,Vybíjení,
energy_extra_producing,string,,Producing,Výroba,
energy_extra_consuming,string,,Consuming,Spotřební,
energy_extra_grid_idle,string,,Grid idle,Mřížka nečinná,
energy_extra_importing_power,string,,Importing power,Dovoz energie,
energy_extra_exporting_power,string,,Exporting power,Export energie,
energy_extra_battery_supporting,string,,Battery supplying power,Baterie dodávající energii,
energy_extra_battery_charging,string,,Battery charging,Nabíjení baterie,
energy_extra_solar_producing,string,,Solar producing,Solární výroba,
energy_extra_home_consuming,string,,Home consuming,Domácí konzumace,
energy_extra_energy_idle,string,,Energy idle,Energie nečinná,
energy_extra_today_value,string,,%1$s today,%1$s dnes,keep %1$s
energy_extra_used_period,string,,Used %1$s,Použité %1$s,keep %1$s
energy_extra_produced_period,string,,Produced %1$s,Vyrobeno %1$s,keep %1$s
energy_extra_fossil_percentage,string,,%1$s%% fossil,%1$s%% fosilie,keep %1$s
energy_extra_self_used_percentage,string,,Self-used · %1$d%%,Vlastní použití · %1$d%%,keep %1$d
energy_extra_electricity_total,string,,Electricity total,Elektřina celkem,
energy_extra_top_consumers,string,,Top consumers,Nejlepší spotřebitelé,
energy_extra_device_energy,string,,Device energy,Energie zařízení,
energy_extra_individual_water_usage,string,,Individual water usage,Individuální spotřeba vody,
energy_extra_production,string,,Production,Výroba,
energy_extra_forecast,string,,Forecast,Předpověď,
energy_extra_inverters,string,,Inverters,Střídače,
energy_extra_now,string,,Now,Teď,
energy_extra_usage,string,,Usage,Používání,
energy_extra_total,string,,Total,Celkový,
energy_extra_cost,string,,Cost,Náklady,
energy_extra_charge,string,,Charge,Účtovat,
energy_extra_grid_flow,string,,Grid flow,Tok mřížky,
energy_extra_self_sufficient,string,,Self-sufficient,soběstačný,
energy_extra_carbon_footprint,string,,Carbon footprint,Uhlíková stopa,
energy_extra_self_used,string,,Self-used,Vlastní použití,
energy_extra_last_seven_days,string,,Last 7 days,Posledních 7 dní,
energy_extra_lifetime,string,,Lifetime,Celý život,
energy_extra_power_per_phase,string,,Power per phase,Výkon na fázi,
energy_extra_tariff_meter_readings,string,,Tariff meter readings,Odečty tarifních měřičů,
energy_extra_tariff_one,string,,Tariff 1,tarif 1,
energy_extra_tariff_two,string,,Tariff 2,tarif 2,
energy_extra_solar_production,string,,Solar production,Solární výroba,
energy_extra_category_overview,string,,Overview,Přehled,
energy_extra_category_electricity_subtitle,string,,"Grid power, phases, import/export, tariffs, and cost","Síťový výkon, fáze, import/export, tarify a náklady",
energy_extra_category_solar_subtitle,string,,"Production, forecast, and inverter device","Výrobní, předpovědní a invertorové zařízení",
energy_extra_category_battery_subtitle,string,,Charge level and battery power,Úroveň nabití a výkon baterie,
energy_extra_category_carbon_subtitle,string,,Grid carbon-footprint device,Grid zařízení na uhlíkovou stopu,
energy_extra_category_usage_cost_subtitle,string,,Usage and cost,Použití a náklady,
energy_extra_category_devices_subtitle,string,,"Power, energy, and individual water devices","Napájecí, energetická a jednotlivá vodní zařízení",
energy_extra_category_city_heating_subtitle,string,,"Heat energy, current output, and cost","Tepelná energie, proudový výkon a náklady",
energy_extra_card_live_source_tiles,string,,Live source tiles,Živé zdrojové dlaždice,
energy_extra_card_electricity_totals_usage,string,,Electricity totals and usage,Celková elektřina a spotřeba,
energy_extra_card_home_battery,string,,Home battery,Domácí baterie,
energy_extra_card_gas_usage,string,,Gas usage,Spotřeba plynu,
energy_extra_card_city_heating_usage,string,,City-heating usage,Využití vytápění města,
energy_extra_card_water_usage,string,,Water usage,Spotřeba vody,
energy_extra_card_device_energy_bars,string,,Device energy bars,Energetické tyčinky zařízení,
energy_extra_select_energy_cards,string,,Select energy cards,Vyberte energetické karty,
energy_extra_role_grid_power,string,,Grid power (W),Výkon sítě (W),
energy_extra_role_home_power,string,,Home power (W),Domácí výkon (W),
energy_extra_role_solar_power,string,,Solar power (W),Solární výkon (W),
energy_extra_role_battery_power,string,,Battery power (W),Výkon baterie (W),
energy_extra_role_battery_level,string,,Battery level (%),Úroveň baterie (%),
energy_extra_role_grid_import,string,,Grid import (kWh),Dovoz sítě (kWh),
energy_extra_role_grid_export,string,,Grid export (kWh),Export do sítě (kWh),
energy_extra_role_solar_production,string,,Solar production (kWh),Solární výroba (kWh),
energy_extra_role_phase_one_power,string,,Phase 1 power,Napájení fáze 1,
energy_extra_role_phase_two_power,string,,Phase 2 power,Napájení fáze 2,
energy_extra_role_phase_three_power,string,,Phase 3 power,Napájení fáze 3,
energy_extra_role_import_meter_tariff_one,string,,Import meter tariff 1,Dovozní tarif měřidla 1,
energy_extra_role_import_meter_tariff_two,string,,Import meter tariff 2,Dovozní tarif měřiče 2,
energy_extra_role_export_meter_tariff_one,string,,Export meter tariff 1,Vývozní tarif měřidla 1,
energy_extra_role_export_meter_tariff_two,string,,Export meter tariff 2,Vývozní tarif měřiče 2,
energy_extra_role_energy_cost,string,,Energy cost,Náklady na energii,
energy_extra_role_gas_total,string,,Gas total (m³),Plyn celkem (m³),
energy_extra_role_gas_flow_now,string,,Gas flow (now),Průtok plynu (nyní),
energy_extra_role_gas_cost,string,,Gas cost,Náklady na plyn,
energy_extra_role_water_total,string,,Water total,Voda celkem,
energy_extra_role_water_flow_now,string,,Water flow (now),Průtok vody (nyní),
energy_extra_role_water_cost,string,,Water cost,Náklady na vodu,
energy_extra_role_individual_water_devices,string,,Individual water devices,Jednotlivá vodní zařízení,
energy_extra_role_power_devices,string,,Power devices,Napájecí zařízení,
energy_extra_role_energy_devices,string,,Energy devices,Energetická zařízení,
energy_extra_sensor_current_power_import,string,,"Current power (W, + = import)","Aktuální výkon (W, + = import)",
energy_extra_sensor_power_phase_one,string,,Power phase 1 (W),Fáze výkonu 1 (W),
energy_extra_sensor_power_phase_two,string,,Power phase 2 (W),Fáze výkonu 2 (W),
energy_extra_sensor_power_phase_three,string,,Power phase 3 (W),Fáze výkonu 3 (W),
energy_extra_sensor_current_phase_one,string,,Current phase 1 (A),Fáze proudu 1 (A),
energy_extra_sensor_current_phase_two,string,,Current phase 2 (A),Fáze proudu 2 (A),
energy_extra_sensor_current_phase_three,string,,Current phase 3 (A),Fáze proudu 3 (A),
energy_extra_sensor_voltage_phase_one,string,,Voltage phase 1 (V),Napěťová fáze 1 (V),
energy_extra_sensor_voltage_phase_two,string,,Voltage phase 2 (V),Napěťová fáze 2 (V),
energy_extra_sensor_voltage_phase_three,string,,Voltage phase 3 (V),Napěťová fáze 3 (V),
energy_extra_sensor_home_consumption_power,string,,Home consumption power (W),Domácí spotřeba energie (W),
energy_extra_sensor_energy_import,string,,Energy import (kWh),Dovoz energie (kWh),
energy_extra_sensor_energy_import_tariff_one,string,,Energy import tariff 1 (kWh),Sazba dovozu energie 1 (kWh),
energy_extra_sensor_energy_import_tariff_two,string,,Energy import tariff 2 (kWh),Sazba dovozu energie 2 (kWh),
energy_extra_sensor_energy_export,string,,Energy export (kWh),Export energie (kWh),
energy_extra_sensor_energy_export_tariff_one,string,,Energy export tariff 1 (kWh),Vývozní tarif energie 1 (kWh),
energy_extra_sensor_energy_export_tariff_two,string,,Energy export tariff 2 (kWh),Vývozní tarif energie 2 (kWh),
energy_extra_sensor_energy_cost_today,string,,Energy cost today,Dnešní cena energie,
energy_extra_sensor_current_power_production,string,,Current power production (W),Současná výroba energie (W),
energy_extra_sensor_energy_production_today,string,,Energy production today (kWh),Dnešní výroba energie (kWh),
energy_extra_sensor_energy_production_seven_days,string,,Energy production over the last 7 days,Výroba energie za posledních 7 dní,
energy_extra_sensor_lifetime_energy_production,string,,Lifetime energy production,Celoživotní výroba energie,
energy_extra_sensor_battery_power_charging,string,,"Battery power (W, + = charging)","Výkon baterie (W, + = nabíjení)",
energy_extra_sensor_gas_used_today,string,,Gas used today (m³),Dnes spotřebovaný plyn (m³),
energy_extra_sensor_current_gas_flow,string,,"Current gas flow (m³/h, optional)","Aktuální průtok plynu (m³/h, volitelně)",
energy_extra_sensor_gas_cost_today,string,,Gas cost today,Cena plynu dnes,
energy_extra_sensor_city_heating_total,string,,Heat energy total (J/MJ/GJ/kWh),Tepelná energie celkem (J/MJ/GJ/kWh),
energy_extra_sensor_city_heating_current,string,,Current heat output (optional),Aktuální tepelný výkon (volitelné),
energy_extra_sensor_city_heating_cost,string,,City-heating cost,Náklady na vytápění města,
energy_extra_estimated_gas_equivalent,string,,Estimated gas equivalent,Odhadovaný ekvivalent plynu,
energy_extra_estimated_gas_note,string,,Based on 35.17 MJ per m³ of natural gas,"Na základě 35,17 MJ na m³ zemního plynu",
energy_extra_sensor_water_used_today,string,,Water used today (L/m³),Dnes použitá voda (l/m³),
energy_extra_sensor_current_water_flow,string,,"Current water flow (L/min, optional)","Aktuální průtok vody (l/min, volitelně)",
energy_extra_sensor_water_cost_today,string,,Water cost today,Dnes stojí voda,
energy_extra_picker_top_consumer_devices,string,,Top-consumer devices,Špičková spotřebitelská zařízení,
energy_extra_picker_device_energy_counters,string,,Device energy counters,Čítače energie zařízení,
energy_extra_auto_power_sensors_help,string,,All sensors with device_class power are included automatically. Remove a device to create your own list.,Všechny senzory s výkonem device_class jsou automaticky zahrnuty. Odeberte zařízení a vytvořte si vlastní seznam.,
energy_extra_auto_energy_sensors_help,string,,All sensors with device_class energy are included automatically. Their counter changes are used for the selected period.,Všechny senzory s energií ve třídě zařízení jsou automaticky zahrnuty. Jejich změny počítadla se použijí pro zvolené období.,
energy_extra_currency,string,,Currency,Měna,
energy_extra_currency_subtitle,string,,Which currency the cost stats are shown in,V jaké měně se zobrazují statistiky nákladů,
energy_extra_currency_search,string,,Search currencies,Hledat měny,
energy_extra_currency_automatic,string,,Automatic,Automatický,
energy_extra_currency_automatic_subtitle,string,,"Follow your cost sensors, then your device region",Sledujte své cenové senzory a poté oblast svého zařízení,
energy_extra_currency_automatic_value,string,,Automatic (%1$s),Automaticky (%1$s),keep %1$s
energy_extra_currency_manual_value,string,,%1$s (%2$s),%1$s (%2$s),keep %1$s %2$s
energy_extra_energy_card,string,,Energy card,Energetická karta,
energy_extra_energy_card_subtitle,string,,Data sources and card appearance,Zdroje dat a vzhled karty,
energy_extra_card_and_data,string,,Card and data,Karta a data,
energy_extra_energy_stack,string,,Energy stack,Energetický zásobník,
energy_extra_energy_stack_subtitle,string,,"Cards, data sources, and layout","Karty, zdroje dat a rozložení",
energy_extra_cards_and_data,string,,Cards and data,Karty a data,
events_tab,string,,Events,Události,
events_empty,string,,No events yet,Zatím žádné události,
events_empty_hint,string,,Recent activity for the entities your family admin added to the timeline appears here.,"Zde se zobrazí nedávná aktivita pro entity, které váš správce rodiny přidal na časovou osu.",
events_not_configured,string,,No events are being tracked,Nejsou sledovány žádné události,
events_not_configured_admin,string,,Choose which entities appear here in Settings › Family Sharing › Events.,"Vyberte, které entity se zde zobrazí v Nastavení › Rodinné sdílení › Události.",
events_not_configured_member,string,,Your family admin decides which entities appear here.,"O tom, které entity se zde objeví, rozhoduje váš rodinný správce.",
events_unavailable,string,,The event timeline needs HKI 7 Cloud %1$s.,Časová osa události potřebuje HKI 7 Cloud %1$s.,keep %1$s; don't translate HKI 7 Cloud
events_set_up_button,string,,Choose entities,Vyberte entity,
events_no_matches,string,,No matching events,Žádné odpovídající události,
events_loading,string,,Loading events…,Načítání událostí…,
events_today,string,,Today,Dnes,
events_yesterday,string,,Yesterday,Včera,
events_by,string,,by %1$s,od %1$s,keep %1$s
events_filter_all,string,,All,Vše,
event_category_door,string,,Doors,Dveře,
event_category_window,string,,Windows,Windows,
event_category_motion,string,,Motion,Pohyb,
event_category_moisture,string,,Water,Voda,
event_category_safety,string,,Smoke & gas,Kouř a plyn,
event_category_problem,string,,Problems,Problémy,
event_category_battery,string,,Batteries,Baterie,
event_category_connectivity,string,,Connectivity,Konektivita,
event_category_light,string,,Lights,Světla,
event_category_switch,string,,Switches,Přepínače,
event_category_lock,string,,Locks,Zámky,
event_category_cover,string,,Covers,Kryty,
event_category_climate,string,,Climate,Podnebí,
event_category_presence,string,,People,Lidé,
event_category_alarm,string,,Alarm,Poplach,
event_category_media,string,,Media,Média,
event_category_vacuum,string,,Vacuum,Vakuum,
event_category_automation,string,,Automations,Automatizace,
event_category_sensor,string,,Sensors,Senzory,
event_verb_opened,string,,was opened,byla otevřena,
event_verb_closed,string,,was closed,byla uzavřena,
event_verb_opening,string,,is opening,se otevírá,
event_verb_closing,string,,is closing,se zavírá,
event_verb_locked,string,,was locked,byl uzamčen,
event_verb_unlocked,string,,was unlocked,byl odemčen,
event_verb_motion_detected,string,,detected motion,detekovaný pohyb,
event_verb_motion_cleared,string,,stopped detecting motion,přestal detekovat pohyb,
event_verb_moisture_detected,string,,detected moisture,zjištěná vlhkost,
event_verb_moisture_cleared,string,,is dry again,je opět suchý,
event_verb_alarm_detected,string,,raised an alarm,vyvolal poplach,
event_verb_alarm_cleared,string,,cleared,vyčištěno,
event_verb_problem_detected,string,,reported a problem,nahlásil problém,
event_verb_problem_cleared,string,,is back to normal,je zpět k normálu,
event_verb_battery_low,string,,reported a low battery,hlásil vybitou baterii,
event_verb_battery_normal,string,,has a healthy battery again,má opět zdravou baterii,
event_verb_connected,string,,came online,přišel online,
event_verb_disconnected,string,,went offline,přešel do režimu offline,
event_verb_turned_on,string,,was turned on,byla zapnuta,
event_verb_turned_off,string,,was turned off,byla vypnuta,
event_verb_detected,string,,was triggered,byl spuštěn,
event_verb_cleared,string,,cleared,vyčištěno,
event_verb_arrived_home,string,,arrived home,dorazil domů,
event_verb_left_home,string,,left home,odešel z domova,
event_verb_arrived_at,string,,arrived at %1$s,dorazil na %1$s,keep %1$s
event_verb_disarmed,string,,was disarmed,byl odzbrojen,
event_verb_armed,string,,was armed,byl ozbrojen,
event_verb_arming,string,,is arming,zbrojí,
event_verb_pending,string,,is counting down,odpočítává se,
event_verb_triggered,string,,was triggered,byl spuštěn,
event_verb_set_to,string,,was set to %1$s,byla nastavena na %1$s,keep %1$s
event_verb_started_cleaning,string,,started cleaning,zahájil úklid,
event_verb_returning_to_dock,string,,is returning to its dock,se vrací do doku,
event_verb_docked,string,,docked,zakotvila,
event_verb_started_playing,string,,started playing,začal hrát,
event_verb_paused,string,,was paused,byla pozastavena,
event_verb_stopped,string,,stopped,zastavil,
event_verb_generic,string,,changed to %1$s,změněno na %1$s,keep %1$s
ui_0f_s_788ca6f,string,,%.0f %s,%.0f %s,keep %.0f %s
ui_1_advanced_shorthand_block_kept_unchanged_d4dcbd7,string,,1 advanced shorthand block (kept unchanged),1 pokročilý těsnopisný blok (zachován beze změny),
ui_1f_16b5d7d,string,,%.1f,%.1f,keep %.1f
ui_1f_b07a377,string,,%.1f°,%.1f°,keep %.1f
ui_1f_c_5b83308,string,,%.1f °C,%.1f °C,keep %.1f
ui_1f_kwh_507c039,string,,%.1f kWh,%.1f kWh,keep %.1f
ui_1f_kwh_self_used_b4798a5,string,, · %%.1f kWh self-used (%1$s%%%%),· %%.1f kWh vlastní spotřeba (%1$s%%%%),keep %1$s; keep the space at the start/end
ui_1f_of_1f_kwh_d_00c25f6,string,,%.1f of %.1f kWh · %d%%,%.1f z %.1f kWh · %d%%,keep %.1f %d
ui_1f_s_0cafc63,string,,%.1f %s,%.1f %s,keep %.1f %s
ui_24_hour_format_b195a8f,string,,24-Hour Format,24hodinový formát,
ui_2f_kwh_76c1688,string,,%.2f kWh,%.2f kWh,keep %.2f
ui_a_fast_auto_generating_dashboard_for_home_assistant_let_0fad4a9,string,,"A fast, auto-generating dashboard for Home Assistant\nLet's connect to your server.","Rychlý, automaticky se generující řídicí panel pro Home Assistant\nPojďme se připojit k vašemu serveru.",don't translate Home Assistant; \n = line break
ui_a_modern_touch_first_android_dashboard_and_companion_for_814cbdb,string,,"A modern, touch-first Android dashboard and companion for Home Assistant.","Moderní, dotykový panel Android a společník pro Home Assistant.",don't translate Home Assistant
ui_about_6b21fb7,string,,About,O,
ui_accidental_touch_protection_e2683f4,string,,Accidental-touch protection,Ochrana proti náhodnému dotyku,
ui_account_85dfa32,string,,Account,Účet,
ui_action_49924bc,string,,%1$s action,%1$s akce,keep %1$s
ui_action_97c89a4,string,,Action,Akce,
ui_action_data_e5a7704,string,,Action data,Údaje o akci,
ui_action_data_object_8850c05,string,,Action data object,Datový objekt akce,
ui_action_details_d623b1c,string,,Action details,Podrobnosti o akci,
ui_active_0af2854,string,,%1$s · %2$s active,%1$s · %2$s aktivní,keep %1$s %2$s
ui_active_25ff32f,string,,%1$s/%2$s active,%1$s/%2$s aktivní,keep %1$s %2$s
ui_active_a733b80,string,,Active,Aktivní,
ui_active_c7260b5,string,,%1$s%% • ACTIVE,%1$s%% • AKTIVNÍ,keep %1$s
ui_active_connection_54db7a1,string,,Active connection,Aktivní připojení,
ui_activity_81c0d91,string,,Activity,Aktivita,
ui_activity_indication_and_collapsing_0764a94,string,,Activity indication and collapsing,Indikace aktivity a kolaps,
ui_adapt_now_c30eb08,string,,Adapt now,Přizpůsobte se nyní,
ui_adaptive_lighting_7587880,string,,Adaptive lighting,Adaptivní osvětlení,
ui_adaptive_lighting_e2cffbd,string,,Adaptive Lighting,Adaptivní osvětlení,
ui_adaptive_lighting_is_unavailable_6b9ada3,string,,Adaptive Lighting is unavailable,Adaptivní osvětlení není k dispozici,
ui_add_016df71,string,,Add (%1$s),Přidat (%1$s),keep %1$s
ui_add_4_10_entity_buttons_to_this_dialog_s_cdedf23,string,,Add 4–10 entity buttons to this dialog's nav bar.,Přidejte 4–10 tlačítek entit na navigační lištu tohoto dialogu.,
ui_add_61cc55a,string,,Add,Přidat,
ui_add_and_edit_each_chart_in_this_stack_0c0cb11,string,,Add and edit each chart in this stack,Přidejte a upravte každý graf v tomto zásobníku,
ui_add_at_least_one_step_3620909,string,,Add at least one step,Přidejte alespoň jeden krok,
ui_add_button_3d7db43,string,,Add button,Přidat tlačítko,
ui_add_camera_cf03528,string,,Add Camera,Přidat fotoaparát,
ui_add_carrier_device_7945283,string,,Add carrier device,Přidat zařízení operátora,
ui_add_current_network_64cabf3,string,,"Add current network ""%1$s""",Přidat aktuální síť „%1$s“,keep %1$s
ui_add_custom_buttons_83a0768,string,,Add Custom Buttons,Přidat vlastní tlačítka,
ui_add_custom_camera_url_aab29ef,string,,Add Custom Camera URL,Přidat adresu URL vlastní kamery,
ui_add_entities_333152e,string,,Add entities,Přidat entity,
ui_add_entity_f99dc1d,string,,Add entity,Přidat entitu,
ui_add_every_integration_account_that_should_contribute_parce_ce58afb,string,,Add every integration account that should contribute parcels,"Přidejte každý integrační účet, který by měl přispívat balíčky",
ui_add_floor_63c715d,string,,Add Floor,Přidat podlahu,
ui_add_graph_079e4ca,string,,Add graph,Přidat graf,
ui_add_home_assistant_a6ccea8,string,,Add Home Assistant,Přidat Home Assistant,don't translate Home Assistant
ui_add_home_assistant_instance_625838a,string,,Add Home Assistant instance,Přidat instanci Home Assistant,don't translate Home Assistant
ui_add_individual_water_meters_to_compare_their_usage_daec0de,string,,Add individual water meters to compare their usage.,Přidejte jednotlivé vodoměry a porovnejte jejich využití.,
ui_add_instance_step_df337b3,string,,add_instance_step,add_instance_step,
ui_add_more_for_a_full_row_ed977e3,string,,Add %1$s more for a full row.,Přidejte %1$s dalších pro celý řádek.,keep %1$s
ui_add_one_focused_card_c2f2ed8,string,,Add one focused card,Přidejte jednu zaměřenou kartu,
ui_add_or_edit_entities_b59919b,string,,Add or edit entities,Přidat nebo upravit entity,
ui_add_parcel_82c0bf8,string,,Add parcel,Přidat balíček,
ui_add_parcel_bde8afb,string,,Add Parcel,Přidat balíček,
ui_add_room_5a95991,string,,Add Room,Přidat místnost,
ui_add_sensors_d6df16f,string,,Add sensors,Přidejte senzory,
ui_add_to_cd52e85,string,,Add to %1$s,Přidat do %1$s,keep %1$s
ui_add_widget_a9df350,string,,Add Widget,Přidat widget,
ui_add_widget_dd4416e,string,,Add widget,Přidat widget,
ui_adding_ffb2e62,string,,Adding…,Přidávání…,
ui_admin_b38222e,string,,%1$s (admin),%1$s (správce),keep %1$s
ui_administrative_controls_for_your_home_assistant_server_e56ebd9,string,,Administrative controls for your Home Assistant server,Ovládací prvky pro správu vašeho serveru Home Assistant,don't translate Home Assistant
ui_advanced_4d06472,string,,Advanced,Moderní,
ui_advanced_action_data_json_622e363,string,,Advanced action data (JSON),Pokročilá data akcí (JSON),
ui_advanced_shorthand_blocks_kept_unchanged_aa253ae,string,,%1$s advanced shorthand blocks (kept unchanged),%1$s pokročilé těsnopisné bloky (zachovány beze změny),keep %1$s
ui_aesthetic_changes_only_f31f444,string,,Aesthetic changes only,Pouze estetické změny,
ui_aggregate_carriers_eae26c7,string,,Aggregate carriers,Agregátní nosiče,
ui_agree_ee68d34,string,,Agree,souhlas,
ui_air_circulating_273e82b,string,,Air circulating,Cirkulace vzduchu,
ui_air_circulation_devices_a14e95d,string,,Air circulation devices,Zařízení pro cirkulaci vzduchu,
ui_air_cleaning_devices_4364277,string,,Air cleaning devices,Zařízení na čištění vzduchu,
ui_air_purifiers_476147b,string,,Air purifiers,Čističe vzduchu,
ui_air_purifiers_are_fan_entities_in_home_assistant_so_3fa4fdb,string,,"Air purifiers are fan entities in Home Assistant, so they can't be auto-detected. Select yours here.","Čističe vzduchu jsou v Home Assistant ventilátorové entity, takže je nelze automaticky detekovat. Vyberte si tu svou.",don't translate Home Assistant
ui_airphase_1f2d2b6,string,,airPhase,airPhase,
ui_alarm_25f8c55,string,,Alarm,Poplach,
ui_alarm_entities_b462ba5,string,,Alarm entities,Poplachové entity,
ui_alarm_pending_e2c04aa,string,,Alarm pending,Poplach čeká na vyřízení,
ui_alarm_triggered_641ff6f,string,,Alarm triggered,Alarm spuštěn,
ui_alarm_unavailable_867909b,string,,Alarm unavailable,Alarm nedostupný,
ui_alignment_7f8c517,string,,Alignment,Zarovnání,
ui_all_6a72085,string,,All,Vše,
ui_all_batteries_ok_9676f73,string,,All batteries OK,Všechny baterie OK,
ui_all_calendar_entities_bffb01d,string,,All calendar entities,Všechny entity kalendáře,
ui_all_levels_6b4fde3,string,,All levels,Všechny úrovně,
ui_all_off_97b7833,string,,All off,Vše vypnuto,
ui_all_thermostats_59c8297,string,,All thermostats,Všechny termostaty,
ui_all_types_30c8a0f,string,,All types,Všechny typy,
ui_allow_all_the_time_d91ab85,string,,Allow All The Time,Povolit po celou dobu,
ui_allow_editing_24f2b54,string,,Allow editing,Povolit úpravy,
ui_allow_theme_colors_icons_names_and_wallpaper_but_not_efc8a97,string,,"Allow theme, colors, icons, names and wallpaper — but not adding or removing widgets, buttons or rooms","Povolit motiv, barvy, ikony, názvy a tapety – ale nepřidávat ani odebírat widgety, tlačítka nebo místnosti",
ui_always_a91bcce,string,,Always,Vždy,
ui_an_admin_can_share_one_dashboard_with_the_whole_5a5434d,string,,"An admin can share one dashboard with the whole family so everyone gets the same layout. To use it, an admin needs to install the HKI 7 Cloud component and share a dashboard first.","Správce může sdílet jeden řídicí panel s celou rodinou, takže všichni mají stejné rozložení. Chcete-li ji použít, musí správce nainstalovat komponentu HKI 7 Cloud a nejprve sdílet řídicí panel.",don't translate HKI 7 Cloud
ui_an_admin_needs_to_install_the_hki_7_cloud_0e9241b,string,,An admin needs to install the HKI 7 Cloud component and share a dashboard first.,Správce musí nejprve nainstalovat komponentu HKI 7 Cloud a sdílet řídicí panel.,don't translate HKI 7 Cloud
ui_android_location_permission_2ff3839,string,,Android Location Permission,Oprávnění k poloze Android,
ui_animated_icons_aa39cfe,string,,Animated icons,Animované ikony,
ui_animation_62afd21,string,,Animation,Animace,
ui_announced_letter_3a7ac05,string,,Announced letter,Oznámený dopis,
ui_any_state_c7274cb,string,,Any state,Jakýkoli stát,
ui_appearance_41def7a,string,,Appearance,Vzhled,
ui_applies_to_all_dashboard_buttons_widgets_stacks_rooms_and_9715deb,string,,"Applies to all dashboard buttons, widgets, stacks, rooms, and cards.","Platí pro všechna tlačítka na panelu, widgety, zásobníky, místnosti a karty.",
ui_apply_cfea419,string,,Apply,Použít,
ui_archived_eddc813,string,,Archived,Archivováno,
ui_are_you_sure_you_want_to_clear_battery_config_3e19f24,string,,Are you sure you want to clear battery config?,Opravdu chcete vymazat konfiguraci baterie?,
ui_armed_32caa31,string,,Armed,Ozbrojený,
ui_armed_away_6834abf,string,,Armed away,Ozbrojený pryč,
ui_armed_home_c8d0b44,string,,Armed home,Ozbrojený domov,
ui_armed_night_80659bd,string,,Armed night,Ozbrojená noc,
ui_arming_in_seconds_b9e07a8,string,,Arming in %1$s seconds,Aktivace za %1$s sekund,keep %1$s
ui_aspect_ratio_4e077cf,string,,Aspect ratio,Poměr stran,
ui_aspect_ratio_used_by_every_stream_275bb52,string,,Aspect ratio used by every stream,Poměr stran používaný každým streamem,
ui_astronomical_tap_or_swipe_683fe28,string,,Astronomical · tap or swipe,Astronomické · klepněte nebo přejeďte prstem,
ui_at_target_6a8dbb5,string,,At target,V cíli,
ui_auto_c614ba7,string,,Auto,Auto,
ui_auto_dashboard_c7a509a,string,,Auto dashboard,Automatická palubní deska,
ui_auto_discovered_e0643da,string,,Auto-discovered,Automaticky objeveno,
ui_auto_generate_0f86c24,string,,Auto Generate,Automatické generování,
ui_auto_generate_1502534,string,,Auto generate,Automatické generování,
ui_auto_generation_is_a_one_time_starting_point_the_6b317fe,string,,"Auto generation is a one-time starting point. The Home page starts empty in either mode, and you can re-import Home Assistant data later from individual views.",Automatické generování je jednorázový výchozí bod. Domovská stránka začíná prázdná v obou režimech a později můžete znovu importovat Home Assistant data z jednotlivých zobrazení.,don't translate Home Assistant
ui_auto_manual_342b68e,string,,Auto + %1$s manual,Auto + %1$s manuál,keep %1$s
ui_auto_none_f606e9b,string,,Auto / none,Auto / žádné,
ui_auto_scan_150eb4b,string,,Auto-scan,Automatické skenování,
ui_auto_unavailable_33737ba,string,,Auto / unavailable,Auto / nedostupné,
ui_automatic_cloud_backup_494d882,string,,Automatic cloud backup,Automatické zálohování do cloudu,
ui_automatic_configuration_only_battery_class_percentage_sens_ce9ab03,string,,Automatic configuration: only battery-class percentage sensors are included.,Automatická konfigurace: zahrnuty jsou pouze procentuální senzory třídy baterie.,
ui_automatic_local_cloud_backup_7aef407,string,,Automatic local cloud backup,Automatické lokální zálohování do cloudu,
ui_automatic_paging_and_transition_style_792709a,string,,Automatic paging and transition style,Automatické stránkování a styl přechodu,
ui_automatically_backs_up_your_dashboard_and_appearance_setti_cd89812,string,,"Automatically backs up your dashboard and appearance settings to your own Home Assistant every day, so you can restore them any time. Requires the HKI 7 Cloud custom component (install it via HACS).","Každý den automaticky zálohuje váš řídicí panel a nastavení vzhledu do vašeho vlastního Home Assistant, takže je můžete kdykoli obnovit. Vyžaduje vlastní komponentu HKI 7 Cloud (nainstalujte ji přes HACS).","don't translate HKI 7 Cloud, Home Assistant"
ui_automation_a15fde5,string,,Automation,Automatizace,
ui_automations_even_when_the_app_is_closed_or_not_d27e5b1,string,,"automations, even when the app is closed or not in use.\n\n","automatizace, i když je aplikace zavřená nebo se nepoužívá.",\n = line break
ui_autoplay_95619b5,string,,Autoplay,Automatické přehrávání,
ui_average_93a8018,string,,average,průměrný,
ui_azimuth_d2fbdb3,string,,Azimuth,Azimut,
ui_back_b52b36b,string,,Back,Zadní,
ui_back_up_now_527bf1a,string,,Back up now,Nyní zálohujte,
ui_background_image_url_or_path_dfc4908,string,,Background image (URL or path),Obrázek na pozadí (URL nebo cesta),
ui_background_location_5f56f21,string,,Background location,Umístění na pozadí,
ui_background_notifications_563a463,string,,Background notifications,Oznámení na pozadí,
ui_background_usage_fd8ed73,string,,Background Usage,Použití na pozadí,
ui_backing_up_f600558,string,,Backing up…,Zálohování…,
ui_backspace_88d130a,string,,Backspace,Backspace,
ui_backup_and_restore_a593246,string,,Backup and Restore,Zálohování a obnovení,
ui_backup_dd96994,string,,Backup,Zálohování,
ui_backups_contain_dashboard_and_appearance_configuration_onl_d5856be,string,,"Backups contain dashboard and appearance configuration only. Connection details, app permissions, location state, and notification history are not included.","Zálohy obsahují pouze konfiguraci řídicího panelu a vzhledu. Podrobnosti připojení, oprávnění aplikací, stav polohy a historie oznámení nejsou zahrnuty.",
ui_badge_bar_layout_4b4dfdd,string,,Badge bar layout,Rozložení lišty odznaku,
ui_bars_ad5fb3b,string,,Bars,Bary,
ui_batt_679d0aa,string,,Batt,Batt,
ui_batteries_0970f9d,string,,Batteries,Baterie,
ui_battery_4a9be04,string,,Battery,Baterie,
ui_battery_74dff99,string,,Battery: %1$s,Baterie: %1$s,keep %1$s
ui_battery_attention_0feaa08,string,,battery-attention,baterie-pozornost,
ui_battery_battery_notes_only_14e5936,string,,Battery+ / Battery Notes only,Baterie+ / Baterie Pouze poznámky,
ui_battery_energy_25638f8,string,,battery-energy,baterie-energie,
ui_battery_entities_visible_9299588,string,,%1$s battery entities visible,%1$s entity baterie viditelné,keep %1$s
ui_battery_fill_8b6793e,string,,battery-fill,doplnění baterie,
ui_battery_health_12c0ce4,string,,BATTERY HEALTH,ZDRAVÍ BATERIE,
ui_battery_health_8cc8e64,string,,BATTERY+ HEALTH,BATERIE+ ZDRAVÍ,
ui_battery_level_is_healthy_1de4c4f,string,,Battery level is healthy,Úroveň baterie je v pořádku,
ui_battery_levels_7c61b65,string,,Battery Levels,Úrovně baterie,
ui_battery_optimization_7676ca5,string,,Battery Optimization,Optimalizace baterie,
ui_battery_orbit_9aa5d8c,string,,battery-orbit,baterie-oběžná dráha,
ui_battery_rules_be75b3c,string,,Battery rules,Pravidla baterie,
ui_battery_sensor_optional_0e261e6,string,,Battery sensor (optional),Senzor baterie (volitelně),
ui_behavior_70cb647,string,,Behavior,Chování,
ui_birthday_yyyy_mm_dd_d1a9b03,string,,Birthday (YYYY-MM-DD),Narozeniny (RRRR-MM-DD),
ui_bold_100_1b94255,string,,Bold (+100),Tučné (+100),
ui_bolder_200_9cc5d65,string,,Bolder (+200),Výraznější (+200),
ui_boldest_300_c5a490d,string,,Boldest (+300),Nejodvážnější (+300),
ui_boldness_10b6938,string,,Boldness · %1$s,Odvaha · %1$s,keep %1$s
ui_brand_and_third_party_work_8d6d517,string,,Brand and third-party work,Práce se značkou a třetí stranou,
ui_brightness_222d6d5,string,,%1$s brightness,%1$s jas,keep %1$s
ui_brightness_8e06ad0,string,,BRIGHTNESS,JAS,
ui_brightness_slider_a427c80,string,,Brightness slider,Posuvník jasu,
ui_build_the_interface_entirely_your_way_e94582f,string,,Build the interface entirely your way.,Sestavte si rozhraní zcela po svém.,
ui_building_your_dashboard_2943961,string,,Building your dashboard,Vytváření řídicího panelu,
ui_built_in_20f409c,string,,Built-in,Vestavěný,
ui_button_794145f,string,,Button,Tlačítko,
ui_button_image_2483e32,string,,Button image,Obrázek tlačítka,
ui_button_lock_28d87b1,string,,Button lock,Zámek tlačítka,
ui_button_stack_ee9e7f8,string,,Button Stack,Zásobník tlačítek,
ui_button_type_890a578,string,,Button type,Typ tlačítka,
ui_buttons_available_from_this_person_s_detail_dialog_ab3f9f9,string,,Buttons available from this person's detail dialog,Tlačítka dostupná v dialogovém okně podrobností této osoby,
ui_c_286a95c,string,,%1$s %2$s°C,%1$s %2$s°C,keep %1$s %2$s
ui_c_3d3c16f,string,,%1$s - %2$s°C,%1$s - %2$s°C,keep %1$s %2$s
ui_c_a178665,string,,°C,°C,
ui_calendar_content_1f185c8,string,,Calendar content,Obsah kalendáře,
ui_calendars_9444501,string,,Calendars,Kalendáře,
ui_camera_4da9c9a,string,,Camera,Fotoaparát,
ui_camera_aspect_ratio_928bf09,string,,Camera aspect ratio,Poměr stran fotoaparátu,
ui_camera_display_20a9c82,string,,Camera display,Displej fotoaparátu,
ui_camera_feed_cc1f19e,string,,Camera Feed,Zdroj fotoaparátu,
ui_camera_page_6b1987b,string,,camera_page,camera_page,
ui_camera_stack_645ea0f,string,,Camera Stack,Stoh fotoaparátu,
ui_camera_url_0eebe87,string,,Camera URL,Adresa URL fotoaparátu,
ui_cameras_d3daff3,string,,Cameras,Kamery,
ui_camerascan_00bd2cb,string,,cameraScan,CameraScan,
ui_can_t_reach_the_server_73079bd,string,,Can't reach the server,Nelze se spojit se serverem,
ui_cancel_77dfd21,string,,Cancel,Zrušit,
ui_cancel_arming_5d383c8,string,,Cancel arming,Zrušte aktivaci,
ui_card_4d4ce73,string,,Card,Karta,
ui_card_data_4a42176,string,,Card & data,Karta a data,
ui_card_entities_e548a55,string,,Card & entities,Karta a entity,
ui_card_layout_f83b655,string,,Card layout,Rozložení karty,
ui_card_settings_1a3b62a,string,,Card settings,Nastavení karty,
ui_card_shape_and_width_0d513f7,string,,Card shape and width,Tvar a šířka karty,
ui_card_shape_width_and_background_e4aff1c,string,,"Card shape, width, and background","Tvar, šířka a pozadí karty",
ui_card_size_shape_and_background_df75707,string,,"Card size, shape, and background","Velikost, tvar a pozadí karty",
ui_card_width_icon_and_styling_de70fd8,string,,"Card width, icon, and styling","Šířka karty, ikona a styl",
ui_card_width_shape_icon_and_background_c3695b5,string,,"Card width, shape, icon, and background","Šířka, tvar, ikona a pozadí karty",
ui_cards_0f830bc,string,,Cards,Karty,
ui_cards_data_a33e044,string,,Cards & data,Karty a data,
ui_cards_entities_be4393a,string,,Cards & entities,Karty a entity,
ui_carrier_accounts_20ad36c,string,,Carrier accounts,Účty operátorů,
ui_carrier_devices_9927ae1,string,,Carrier devices,Nosná zařízení,
ui_carrier_display_name_optional_5ca06fc,string,,Carrier display name (optional),Zobrazované jméno operátora (volitelné),
ui_center_adapt_now_and_pause_buttons_81074b2,string,,Center Adapt now and Pause buttons,Střed tlačítek Přizpůsobit nyní a Pozastavit,
ui_change_64fbd99,string,,Change,Přeměna,
ui_change_avatar_image_217fbce,string,,Change avatar image,Změnit obrázek avatara,
ui_changing_mode_3da68b4,string,,Changing mode,Změna režimu,
ui_charge_flow_ceb6c62,string,,Charge & flow,Nabíjení a průtok,
ui_chart_66c7734,string,,Chart,Schéma,
ui_checking_for_shared_dashboards_5f2f823,string,,Checking for shared dashboards…,Kontrola sdílených řídicích panelů…,
ui_checking_for_the_hki_7_cloud_component_c76112a,string,,Checking for the HKI 7 Cloud component…,Kontrola komponenty HKI 7 Cloud…,don't translate HKI 7 Cloud
ui_choose_78b7c9f,string,,Choose,Vybrat,
ui_choose_a_different_server_47e6ce6,string,,Choose a different server,Vyberte jiný server,
ui_choose_a_side_when_the_badge_bar_is_split_6e3c73d,string,,Choose a side when the badge bar is split,"Vyberte stranu, kdy je lišta odznaku rozdělena",
ui_choose_a_state_7ab7191,string,,Choose a state,Vyberte stát,
ui_choose_a_visual_home_assistant_block_e7c8652,string,,Choose a visual Home Assistant block,Vyberte vizuální blok Home Assistant,don't translate Home Assistant
ui_choose_action_cf9c80e,string,,Choose action,Vyberte akci,
ui_choose_an_action_e82323b,string,,Choose an action,Vyberte akci,
ui_choose_an_entity_00fd1cc,string,,Choose an entity,Vyberte entitu,
ui_choose_an_entity_first_d59e681,string,,Choose an entity first,Nejprve vyberte entitu,
ui_choose_an_expanded_or_compact_dashboard_header_815902d,string,,Choose an expanded or compact dashboard header,Vyberte rozšířené nebo kompaktní záhlaví řídicího panelu,
ui_choose_avatar_image_bcd5b00,string,,Choose avatar image,Vyberte obrázek avatara,
ui_choose_between_the_full_header_and_a_compact_navigation_90ec55e,string,,Choose between the full header and a compact navigation bar,Vyberte si mezi úplným záhlavím a kompaktním navigačním panelem,
ui_choose_entity_31b0424,string,,Choose entity,Vyberte entitu,
ui_choose_how_this_phone_or_tablet_appears_in_home_419da67,string,,Choose how this phone or tablet appears in Home Assistant,"Vyberte, jak se tento telefon nebo tablet zobrazí v Home Assistant",don't translate Home Assistant
ui_choose_icon_b0047ce,string,,Choose icon,Vyberte ikonu,
ui_choose_included_cards_and_shared_entity_overrides_a507343,string,,Choose included cards and shared entity overrides,Vyberte zahrnuté karty a přepsání sdílených entit,
ui_choose_included_views_and_shared_entity_overrides_41f2e64,string,,Choose included views and shared entity overrides,Vyberte zahrnutá zobrazení a přepsání sdílených entit,
ui_choose_one_or_more_carrier_devices_in_widget_settings_100a4ca,string,,Choose one or more carrier devices in widget settings.,Vyberte jedno nebo více zařízení operátora v nastavení widgetu.,
ui_choose_person_entity_977db64,string,,Choose person entity,Vyberte entitu osoby,
ui_choose_the_climate_view_and_optional_entity_overrides_a69cbbc,string,,Choose the climate view and optional entity overrides,Vyberte zobrazení klimatu a volitelné přepsání entit,
ui_choose_the_energy_view_and_override_its_entities_if_523c3be,string,,Choose the energy view and override its entities if needed,Vyberte zobrazení energie a v případě potřeby přepište jeho entity,
ui_choose_the_entity_and_card_content_8bde89a,string,,Choose the entity and card content,Vyberte entitu a obsah karty,
ui_choose_the_home_assistant_entities_that_drive_this_room_53a4061,string,,Choose the Home Assistant entities that drive this room's live indicators. Indicators only appear while they are active.,"Vyberte entity Home Assistant, které řídí živé indikátory této místnosti. Indikátory se zobrazují pouze tehdy, když jsou aktivní.",don't translate Home Assistant
ui_choose_the_home_assistant_shown_in_hki_7_b29bc26,string,,Choose the Home Assistant shown in HKI 7,Vyberte Home Assistant zobrazené v HKI 7,"don't translate Home Assistant, HKI 7"
ui_choose_the_player_and_dashboard_label_7fa88ba,string,,Choose the player and dashboard label,Vyberte přehrávač a štítek ovládacího panelu,
ui_choose_the_profile_for_this_light_d8c7bae,string,,Choose the profile for this light,Vyberte profil pro toto světlo,
ui_choose_the_sensors_plotted_together_3bc1663,string,,Choose the sensors plotted together,Vyberte senzory vynesené společně,
ui_choose_the_source_and_when_a_battery_is_considered_0b993df,string,,Choose the source and when a battery is considered low,Vyberte zdroj a kdy je baterie považována za vybitou,
ui_choose_what_tap_double_tap_and_hold_should_do_0bbe9c8,string,,"Choose what tap, double tap, and hold should do","Vyberte, co má dělat klepnutí, dvojité klepnutí a podržení",
ui_choose_what_this_action_should_control_7ebe4ab,string,,Choose what this action should control,"Vyberte, co má tato akce ovládat",
ui_choose_what_this_badge_summarizes_a7af7e6,string,,Choose what this badge summarizes,"Vyberte, co tento odznak shrnuje",
ui_choose_what_this_header_pill_shows_0bbdbc2,string,,Choose what this header pill shows,"Vyberte, co tato pilulka zobrazuje",
ui_choose_where_to_restore_the_dashboard_configuration_from_bb40b34,string,,Choose where to restore the dashboard configuration from.,"Vyberte, odkud chcete obnovit konfiguraci řídicího panelu.",
ui_choose_whether_this_person_appears_in_the_home_header_49f0ec2,string,,Choose whether this person appears in the Home header,"Vyberte, zda se tato osoba zobrazí v záhlaví Domů",
ui_choose_which_profiles_this_widget_can_control_2cd9b2b,string,,Choose which profiles this widget can control,"Vyberte, které profily může tento widget ovládat",
ui_choose_who_can_see_this_dashboard_they_can_import_2f5e49d,string,,Choose who can see this dashboard. They can import it into their own app.,"Vyberte, kdo může tento panel zobrazit. Mohou jej importovat do své vlastní aplikace.",
ui_choose_your_dashboard_1ec85e9,string,,Choose your dashboard,Vyberte si palubní desku,
ui_clean_rooms_4dc67ab,string,,Clean rooms,Čisté pokoje,
ui_clean_selected_43d8dd5,string,,Clean selected,Vybráno čištění,
ui_clear_719ea39,string,,Clear,Jasný,
ui_clear_battery_config_d8854f7,string,,Clear battery config?,Vymazat konfiguraci baterie?,
ui_clear_battery_view_1952347,string,,Clear battery view?,Vymazat pohled na baterii?,
ui_clear_battery_view_5ef09bf,string,,Clear Battery View,Vymazat zobrazení baterie,
ui_clear_climate_view_48e8a5e,string,,Clear Climate View,Jasný pohled na klima,
ui_clear_climate_view_9a1339c,string,,Clear climate view?,Jasný výhled na klima?,
ui_clear_config_51f6330,string,,Clear config,Vymazat konfiguraci,
ui_clear_energy_view_401c166,string,,Clear Energy View,Jasný pohled na energii,
ui_clear_energy_view_d577bb7,string,,Clear energy view?,Jasný energetický pohled?,
ui_clear_filters_4122267,string,,Clear filters,Vymazat filtry,
ui_clear_rooms_view_87a43ca,string,,Clear Rooms View,Vymazat výhled na místnosti,
ui_clear_rooms_view_f1d0d72,string,,Clear rooms view?,Vymazat výhled na pokoje?,
ui_clear_search_67300d0,string,,Clear search,Vymazat vyhledávání,
ui_clear_security_view_219e25b,string,,Clear Security View,Vymazat zobrazení zabezpečení,
ui_clear_security_view_48790f7,string,,Clear security view?,Vymazat pohled na zabezpečení?,
ui_clear_selection_247fd63,string,,Clear selection,Jasný výběr,
ui_climate_4857860,string,,Climate,Podnebí,
ui_climate_cards_f4996fd,string,,Climate Cards,Klimatické karty,
ui_climate_devices_are_found_automatically_add_extra_entities_5ebd8b7,string,,Climate devices are found automatically; add extra entities here if any are missing.,"Klimatizační zařízení jsou vyhledána automaticky; přidejte sem další entity, pokud nějaké chybí.",
ui_climate_dialog_control_add9f2b,string,,Climate dialog control,Dialogové ovládání klimatu,
ui_climate_sources_take_priority_and_use_their_current_temper_5dbcde3,string,,Climate sources take priority and use their current_temperature and current_humidity values. ,Klimatické zdroje mají přednost a používají hodnoty aktuální_teplota a aktuální_vlhkost.,keep the space at the start/end
ui_climate_stack_cards_dcff178,string,,Climate Stack Cards,Karty klimatického balíčku,
ui_climate_summary_4686577,string,,Climate summary,Shrnutí klimatu,
ui_climatedooropen_026f1c8,string,,climateDoorOpen,klimaDoorOpen,
ui_climatehouse_9c0637a,string,,climateHouse,klimaDům,
ui_climatewindowopen_9b0794a,string,,climateWindowOpen,klimaOtevřít okno,
ui_close_bbfa773,string,,Close,Blízko,
ui_cloud_backup_is_off_71dfae1,string,,Cloud backup is off,Cloudové zálohování je vypnuté,
ui_collapsed_by_default_65a57c6,string,,Collapsed by default,Ve výchozím nastavení sbaleno,
ui_collapsible_c932fac,string,,Collapsible,Skládací,
ui_collection_30c54a9,string,,Collection,Sbírka,
ui_color_1d0c830,string,,Color,Barva,
ui_color_typography_and_component_shape_b82e582,string,,"Color, typography, and component shape","Barva, typografie a tvar součásti",
ui_colors_and_light_dark_mode_37de9d5,string,,Colors and light/dark mode,Barvy a režim světlo/tma,
ui_columns_cf723c5,string,,Columns,Sloupce,
ui_combine_multiple_accounts_from_the_same_carrier_into_one_0006a49,string,,Combine multiple accounts from the same carrier into one tab and parcel list.,Spojte více účtů od stejného dopravce do jedné záložky a seznamu balíků.,
ui_comfortpulse_100b63b,string,,comfortPulse,komfortPulse,
ui_community_source_716abd9,string,,Community source,Komunitní zdroj,
ui_compact_1df39aa,string,,Compact,Kompaktní,
ui_compact_header_50275e8,string,,Compact header,Kompaktní hlavička,
ui_compact_mode_hides_the_left_header_pill_persons_subtitle_da84968,string,,"Compact mode hides the left header pill, persons, subtitle/status information, and room counters. Swipe down on the compact bar to open Search, Flows, Edit, and Settings.","Kompaktní režim skryje levou hlavičku, osoby, informace o titulcích/stavu a počítadla místností. Přejetím prstem dolů na kompaktním panelu otevřete Vyhledávání, Toky, Upravit a Nastavení.",
ui_compact_tile_height_78b57a3,string,,Compact tile height,Kompaktní výška dlaždice,
ui_configured_light_65a3aad,string,,%1$s configured light%2$s,%1$s nakonfigurované světlo%2$s,keep %1$s %2$s
ui_confirm_04a2122,string,,Confirm,Potvrdit,
ui_connect_b65463c,string,,Connect,Připojit,
ui_connected_through_home_assistant_cloud_47a54c0,string,,Connected through Home Assistant Cloud,Připojeno přes Home Assistant Cloud,don't translate Home Assistant
ui_connected_through_your_external_home_assistant_address_966b0e6,string,,Connected through your external Home Assistant address,Připojeno prostřednictvím vaší externí adresy Home Assistant,don't translate Home Assistant
ui_connected_through_your_home_network_cdf4e0f,string,,Connected through your home network,Připojeno prostřednictvím vaší domácí sítě,
ui_connecting_fd3e796,string,,Connecting…,Spojovací…,
ui_connection_6512ee1,string,,Connection,Spojení,
ui_connection_switched_to_8f04753,string,,Connection switched to %1$s,Připojení přepnuto na %1$s,keep %1$s
ui_contacting_your_home_assistant_server_e0a53d1,string,,Contacting your Home Assistant server…,Kontaktování vašeho serveru Home Assistant…,don't translate Home Assistant
ui_content_4f9be05,string,,Content,Obsah,
ui_continue_2e02623,string,,Continue,Pokračovat,
ui_continuous_gps_for_live_tracking_uses_much_more_battery_fdcd80d,string,,Continuous GPS for live tracking — uses much more battery. Leave off for official-app-like behavior.,Nepřetržité GPS pro živé sledování — spotřebuje mnohem více baterie. Nechejte vypnout pro chování podobné oficiální aplikaci.,
ui_control_ea1d3df,string,,Control,Řízení,
ui_control_how_accounts_become_tabs_and_lists_f100249,string,,Control how accounts become tabs and lists,"Určete, jak se účty stanou kartami a seznamy",
ui_control_layout_4c3b047,string,,Control layout,Rozložení ovládání,
ui_controls_and_history_sensors_used_by_the_dialog_f71675d,string,,Controls and history sensors used by the dialog,Ovládací prvky a senzory historie používané v dialogu,
ui_controls_light_in_this_profile_cd11089,string,,Controls %1$s light%2$s in this profile.,Ovládá %1$s light%2$s v tomto profilu.,keep %1$s %2$s
ui_cooling_5569ac4,string,,Cooling,Chlazení,
ui_copy_af74f7c,string,,Copy,Kopie,
ui_copy_dashboard_2ea354e,string,,Copy dashboard,Kopírovat řídicí panel,
ui_copyright_2026_jimz011_b8f2c24,string,,Copyright © 2026 Jimz011,Copyright © 2026 Jimz011,
ui_corners_f1fb139,string,,Corners,Rohy,
ui_could_not_add_the_parcel_check_the_number_and_fd157b4,string,,Could not add the parcel. Check the number and try again.,Balíček se nepodařilo přidat. Zkontrolujte číslo a zkuste to znovu.,
ui_couldn_t_reach_a30cc1b,string,,Couldn't reach %1$s,Nelze dosáhnout %1$s,keep %1$s
ui_couldn_t_reach_your_home_assistant_server_2a17c09,string,,Couldn't reach your Home Assistant server.,Nelze se spojit se serverem Home Assistant.,don't translate Home Assistant
ui_countdown_timer_282cb17,string,,Countdown timer,Odpočítávací časovač,
ui_create_6e157c5,string,,Create,Vytvořit,
ui_create_a_flow_11b4415,string,,Create a flow,Vytvořte tok,
ui_create_a_separate_dashboard_auto_generate_imports_once_and_a5f0ef1,string,,Create a separate dashboard. Auto Generate imports once and then becomes editable; Start Empty only keeps persons available.,Vytvořte samostatný řídicí panel. Automaticky generovat importy jednou a poté je lze upravovat; Start Empty udržuje dostupné pouze osoby.,
ui_create_custom_page_d1f53e7,string,,Create custom page,Vytvořit vlastní stránku,
ui_created_by_jimz011_2026_hki_7_v_20cbca0,string,,Created by Jimz011 - 2026 • HKI 7 v%1$s,Vytvořil Jimz011 – 2026 • HKI 7 v%1$s,keep %1$s; don't translate HKI 7
ui_created_by_jimz011_with_help_from_ai_assisted_development_47c9a41,string,,"Created by Jimz011 with help from AI-assisted development tools. Product direction, design choices, testing, and responsibility for the released app remain with the project creator.","Vytvořil Jimz011 s pomocí vývojových nástrojů s podporou AI. Směrování produktu, výběr designu, testování a odpovědnost za vydanou aplikaci zůstávají na tvůrci projektu.",
ui_created_openly_1cc16d4,string,,Created openly,Vytvořeno otevřeně,
ui_creates_a_full_duplicate_of_including_all_rooms_widgets_b96bbb1,string,,"Creates a full duplicate of ""%1$s"", including all rooms, widgets, and page settings. The copy is added to your dashboards without switching to it.","Vytvoří úplný duplikát ""%1$s"", včetně všech místností, widgetů a nastavení stránky. Kopie se přidá na vaše řídicí panely, aniž by se na ně přepínalo.",keep %1$s
ui_critical_04b7b26,string,,Critical,Kritické,
ui_critical_low_5852b16,string,,%1$s critical · %2$s low,%1$s kritické · %2$s nízké,keep %1$s %2$s
ui_critical_replace_soon_dbd946d,string,,Critical — replace soon,Kritické – brzy vyměňte,
ui_current_4fc0e2b,string,,Current,Proud,
ui_current_88a0a02,string,,%1$s° current,%1$s° aktuální,keep %1$s
ui_current_charge_b6b0b3d,string,,Current charge,Aktuální poplatek,
ui_current_e4ef83d,string,,Current %1$s%%,Aktuální %1$s%%,keep %1$s
ui_current_weather_0fc6239,string,,Current weather,Aktuální počasí,
ui_currently_loaded_69ef6fb,string,,Currently loaded,Aktuálně načteno,
ui_custom_081ae3f,string,,Custom,Zvyk,
ui_custom_buttons_c580449,string,,Custom buttons,Vlastní tlačítka,
ui_custom_camera_ada9096,string,,Custom Camera,Vlastní fotoaparát,
ui_custom_camera_url_8191b15,string,,Custom camera URL,Adresa URL vlastní kamery,
ui_custom_ed17691,string,,Custom %1$s,Vlastní %1$s,keep %1$s
ui_custom_entities_d6e76ae,string,,Custom entities,Vlastní entity,
ui_custom_name_6af17c2,string,,Custom name,Vlastní název,
ui_custom_order_a7a5984,string,,Custom order,Vlastní objednávka,
ui_custom_seconds_7467e28,string,,Custom seconds,Vlastní sekundy,
ui_custom_state_378153b,string,,Custom state...,Vlastní stav...,
ui_custom_url_9c155e9,string,,Custom URL,Vlastní adresa URL,
ui_customize_device_energy_b754bb5,string,,Customize device energy,Přizpůsobte energii zařízení,
ui_customize_top_consumers_eb249c5,string,,Customize top consumers,Přizpůsobte top spotřebitelům,
ui_customize_water_devices_81ce5f6,string,,Customize water devices,Přizpůsobte vodní zařízení,
ui_d_6388bb3,string,,"%1$s d, %2$s","%1$s d, %2$s",keep %1$s %2$s
ui_daily_backup_is_active_111a631,string,,Daily backup is active,Denní zálohování je aktivní,
ui_dashboard_d87f47b,string,,Dashboard,Dashboard,
ui_dashboard_header_36d8656,string,,Dashboard header,Záhlaví řídicího panelu,
ui_dashboard_name_466f3af,string,,Dashboard name,Název řídicího panelu,
ui_dashboard_width_and_card_shape_3fcad11,string,,Dashboard width and card shape,Šířka palubní desky a tvar karty,
ui_dashboards_197565b,string,,Dashboards,Řídicí panely,
ui_dashboards_shared_by_your_family_import_to_add_a_8a6d06e,string,,Dashboards shared by your family. Import to add a copy to your dashboards; import again later to pull updates.,"Panely sdílené vaší rodinou. Importovat, chcete-li přidat kopii na své řídicí panely; importovat znovu později a stáhnout aktualizace.",
ui_dashboards_visual_style_and_everyday_navigation_17f3ac2,string,,"Dashboards, visual style, and everyday navigation","Řídicí panely, vizuální styl a každodenní navigace",
ui_data_series_e5977fb,string,,Data series,Datová řada,
ui_data_sources_dadd6ac,string,,Data sources,Zdroje dat,
ui_date_eb9a4bc,string,,Date,Datum,
ui_datetime_f1e5baf,string,,DateTime,Datum a čas,
ui_day_to_839bf92,string,,%1$s day%2$s to %3$s,%1$s den%2$s až %3$s,keep %1$s %2$s %3$s
ui_decrease_67e19d8,string,,Decrease,Pokles,
ui_default_808d7dc,string,,Default,Výchozí,
ui_default_effect_per_type_a4ce3c4,string,,Default effect per type,Výchozí efekt podle typu,
ui_default_view_343256a,string,,Default view,Výchozí zobrazení,
ui_default_weather_entity_588d455,string,,Default weather entity,Výchozí entita počasí,
ui_defrosting_c3b2817,string,,Defrosting,Rozmrazování,
ui_delete_0c6013a,string,,"Delete ""%1$s""?",Smazat „%1$s“?,keep %1$s
ui_delete_137cdc2,string,,Delete %1$s?,Smazat %1$s?,keep %1$s
ui_delete_automation_442d61c,string,,Delete automation?,Smazat automatizaci?,
ui_delete_f6fdbe4,string,,Delete,Vymazat,
ui_delete_floor_07c4a91,string,,Delete floor,Smazat podlahu,
ui_delivered_eea956c,string,,Delivered,Doručeno,
ui_demo_mode_a85b728,string,,Demo mode,Demo režim,
ui_description_55f8ebc,string,,Description,Popis,
ui_details_dc3decb,string,,Details,Podrobnosti,
ui_detected_carbon_intensity_9983458,string,,Detected carbon intensity,Zjištěná uhlíková intenzita,
ui_device_8c01559,string,,Device: %1$s,Zařízení: %1$s,keep %1$s
ui_device_a5a74a6,string,,Device,Zařízení,
ui_device_details_39c277d,string,,Device details,Podrobnosti o zařízení,
ui_device_details_eb36018,string,,DEVICE DETAILS,PODROBNOSTI ZAŘÍZENÍ,
ui_device_energy_79de3d8,string,,Device energy,Energie zařízení,
ui_device_helpers_6a8b199,string,,Device & helpers,Zařízení a pomocníci,
ui_device_name_79d7a15,string,,Device name,Název zařízení,
ui_device_tracker_and_geocoded_location_f9e2d34,string,,Device tracker and geocoded location,Sledování zařízení a geokódovaná poloha,
ui_devices_728190e,string,,devices,zařízení,
ui_devices_df485c8,string,,Devices,Zařízení,
ui_dialog_control_63e18cf,string,,Dialog control,Dialogové ovládání,
ui_direction_5a47d4d,string,,Direction —,Směr —,
ui_disable_battery_optimization_d3201bf,string,,Disable Battery Optimization,Zakázat optimalizaci baterie,
ui_disarmed_aaa4d9e,string,,Disarmed,Odzbrojeno,
ui_discovered_acbb9e0,string,,Discovered,Objeveno,
ui_dismiss_70afe9e,string,,Dismiss,Propustit,
ui_display_574ff9b,string,,Display,Zobrazit,
ui_display_linked_entities_and_dialog_layout_e6987f9,string,,"Display, linked entities, and dialog layout","Zobrazení, propojené entity a rozložení dialogů",
ui_display_mode_627bc30,string,,Display mode,Režim zobrazení,
ui_display_order_5f1293a,string,,Display order,Pořadí zobrazení,
ui_done_e9b450d,string,,Done,Hotovo,
ui_door_locked_4b46012,string,,Door\nLocked,Dveře\nZamčeno,\n = line break
ui_door_open_74899a4,string,,Door\nOpen,Dveře\nOtevřít,\n = line break
ui_door_sensor_turns_lock_card_red_when_open_9bc1372,string,,Door sensor (turns lock card red when open),Dveřní senzor (při otevření změní barvu zámku na červenou),
ui_door_sensors_a7bb309,string,,Door sensors,Dveřní senzory,
ui_double_tap_a268e89,string,,Double tap,Dvakrát klepněte,
ui_drag_horizontally_across_the_full_button_547ea8c,string,,Drag horizontally across the full button,Přetáhněte vodorovně přes celé tlačítko,
ui_drag_to_reorder_use_the_eye_button_to_hide_cd28b4c,string,,Drag to reorder. Use the eye button to hide an item or schedule when it shows.,"Přetažením změníte pořadí. Pomocí tlačítka oka skryjte položku nebo plán, když se zobrazí.",
ui_drag_to_set_the_order_cameras_appear_on_the_7bcb4f5,string,,Drag to set the order cameras appear on the Security view.,Přetažením nastavíte pořadí zobrazení kamer v pohledu Zabezpečení.,
ui_drag_to_set_the_order_the_cards_appear_below_b6a92e4,string,,Drag to set the order the cards appear below the house on the Energy view.,"Tažením nastavte pořadí, v jakém se budou karty zobrazovat pod domem v pohledu Energie.",
ui_drag_to_set_the_order_thermostats_and_ac_units_62d49e7,string,,Drag to set the order thermostats and AC units appear on the Climate view.,"Přetažením nastavte pořadí termostatů a jednotek klimatizace, které se zobrazí v zobrazení Klima.",
ui_drying_7ea61a9,string,,Drying,Sušení,
ui_e_e0184ad,string,,E,E,
ui_each_group_controls_one_part_of_this_page_286a40b,string,,Each group controls one part of this page,Každá skupina ovládá jednu část této stránky,
ui_each_home_keeps_its_own_login_dashboard_notification_conne_c261f94,string,,"Each home keeps its own login, dashboard, notification connection, and location registration","Každá domácnost si uchovává své vlastní přihlašovací údaje, řídicí panel, připojení oznámení a registraci polohy",
ui_edit_5301648,string,,Edit,Upravit,
ui_edit_entities_485ee65,string,,Edit entities,Upravit entity,
ui_edit_page_17e45f8,string,,Edit page,Upravit stránku,
ui_edit_sensors_6c38d51,string,,Edit sensors,Upravit senzory,
ui_effects_8f25a85,string,,Effects,Efekty,
ui_electricity_925cf7f,string,,Electricity,Elektřina,
ui_electricity_total_c81c63f,string,,Electricity Total,Elektřina celkem,
ui_elevation_a514da1,string,,Elevation,Nadmořská výška,
ui_empty_3159fe4,string,,Empty,Prázdný,
ui_empty_bin_0cbe2d7,string,,Empty bin,Prázdný koš,
ui_empty_bin_bcf05c4,string,,Empty bin: %1$s,Prázdný koš: %1$s,keep %1$s
ui_empty_bin_optional_fallback_e40b857,string,,Empty bin (optional fallback),Vyprázdnit přihrádku (volitelná záložní),
ui_empty_iframe_open_its_settings_in_edit_mode_and_c17ba2f,string,,Empty iFrame — open its settings in edit mode and enter a web address.,Vyprázdnit iFrame — otevřete jeho nastavení v režimu úprav a zadejte webovou adresu.,
ui_empty_markdown_widget_open_its_settings_in_edit_mode_b65072d,string,,Empty markdown widget — open its settings in edit mode to write content.,Empty markdown widget — otevřete jeho nastavení v režimu úprav pro zápis obsahu.,
ui_empty_stack_79d38d5,string,,Empty Stack,Prázdný zásobník,
ui_enable_cloud_backup_32fe82b,string,,Enable cloud backup,Povolit zálohování do cloudu,
ui_enable_home_assistant_backup_bd7cf62,string,,Enable Home Assistant backup,Povolit zálohování Home Assistant,don't translate Home Assistant
ui_enable_the_features_hki_7_may_use_in_the_52e596d,string,,Enable the features HKI 7 may use in the background,"Povolte funkce, které může HKI 7 používat na pozadí",don't translate HKI 7
ui_enabled_e22fb09,string,,ENABLED,POVOLENO,
ui_end_2a002eb,string,,End: %1$s,Konec: %1$s,keep %1$s
ui_energy_437bcb1,string,,Energy,Energie,
ui_energy_cards_c84abda,string,,Energy Cards,Energetické karty,
ui_energy_counters_imported_from_home_assistant_s_energy_dash_9dd23f9,string,,Energy counters imported from Home Assistant's Energy dashboard.,Čítače energie importované z řídicího panelu Energy Home Assistant.,don't translate Home Assistant
ui_energy_stack_cards_5ac4b4c,string,,Energy Stack Cards,Karty energetického zásobníku,
ui_energyscene_374cbbb,string,,energyScene,energetická scéna,
ui_enter_a_pin_4e6a960,string,,Enter a PIN,Zadejte PIN,
ui_enter_a_valid_json_object_00d1e89,string,,Enter a valid JSON object,Zadejte platný objekt JSON,
ui_enter_an_address_manually_5eda99d,string,,Enter an address manually,Zadejte adresu ručně,
ui_enter_code_ab45ae5,string,,Enter code,Zadejte kód,
ui_enter_http_url_relative_path_or_webrtc_id_e_bb736eb,string,,"Enter HTTP URL, relative path, or WebRTC ID (e.g., poort_hd)","Zadejte adresu URL HTTP, relativní cestu nebo ID WebRTC (např. poort_hd)",
ui_enter_http_url_relative_path_or_webrtc_path_e_41da8c2,string,,"Enter HTTP URL, relative path, or WebRTC path (e.g., url: poort_hd)","Zadejte adresu URL HTTP, relativní cestu nebo cestu WebRTC (např. url: poort_hd)",
ui_enter_the_same_data_object_home_assistant_shows_in_f7e27af,string,,Enter the same data object Home Assistant shows in YAML. JSON is used here so values keep their exact type.,"Zadejte stejný datový objekt Home Assistant zobrazený v YAML. Zde se používá JSON, takže hodnoty si zachovávají svůj přesný typ.",don't translate Home Assistant
ui_entities_390082d,string,,Entities · %1$s,Entity · %1$s,keep %1$s
ui_entities_6510c2f,string,,Entities (%1$s),Entity (%1$s),keep %1$s
ui_entities_9d88f3c,string,,entities,entity,
ui_entities_appearance_and_interactions_b90b013,string,,"Entities, appearance, and interactions","Entity, vzhled a interakce",
ui_entities_f7638a2,string,,Entities,Entity,
ui_entities_that_signal_activity_or_safety_states_769b862,string,,Entities that signal activity or safety states,"Entity, které signalizují stavy aktivity nebo bezpečnosti",
ui_entity_icons_gently_glow_spin_or_pulse_while_the_b3a8910,string,,"Entity icons gently glow, spin, or pulse while the device is on. Only active devices animate.","Ikony entit jemně svítí, otáčejí se nebo pulzují, když je zařízení zapnuté. Animují pouze aktivní zařízení.",
ui_entity_integrations_852a3e0,string,,Entity integrations,Integrace entit,
ui_entity_name_9543eb8,string,,Entity name,Název entity,
ui_entity_picture_0569c68,string,,Entity picture,Obrázek entity,
ui_entity_unavailable_3974ddb,string,,Entity unavailable,Entita je nedostupná,
ui_event_ad8919a,string,,Event,Událost,
ui_every_contribution_helps_and_payment_is_never_required_1bc44f2,string,,"Every contribution helps, and payment is never required",Každý příspěvek pomáhá a platba není nikdy vyžadována,
ui_everyday_navigation_e2f1711,string,,Everyday navigation,Každodenní navigace,
ui_everyone_c756f6a,string,,Everyone,Každý,
ui_exact_text_or_number_reported_by_home_assistant_00e5cc6,string,,Exact text or number reported by Home Assistant,Přesný text nebo číslo nahlásil Home Assistant,don't translate Home Assistant
ui_example_com_or_https_8381ca6,string,,example.com or https://…,example.com nebo https://…,
ui_existing_camera_5fb3653,string,,Existing Camera,Stávající kamera,
ui_exit_demo_mode_ab94122,string,,Exit Demo Mode,Ukončete režim Demo,
ui_exit_full_screen_3d9afda,string,,Exit full screen,Ukončete celou obrazovku,
ui_exiting_removes_the_sample_home_and_returns_to_the_05548e1,string,,"Exiting removes the sample home and returns to the welcome screen, where you can connect a real Home Assistant server.","Ukončením odstraníte ukázkovou domovskou stránku a vrátíte se na uvítací obrazovku, kde můžete připojit skutečný Home Assistant server.",don't translate Home Assistant
ui_expected_delivery_78d54b2,string,,Expected delivery,Očekávané doručení,
ui_expected_today_4af5600,string,,Expected today,Očekávané dnes,
ui_external_url_or_nabu_casa_url_d2e1eed,string,,External URL or Nabu Casa URL,Externí adresa URL nebo adresa URL Nabu Casa,don't translate Nabu Casa
ui_family_sharing_160fddb,string,,Family Sharing,Rodinné sdílení,
ui_family_sharing_settings_are_controlled_by_a_home_assistant_cdb35a2,string,,Family Sharing settings are controlled by a Home Assistant admin. You can use a dashboard shared with you below.,Nastavení Rodinného sdílení řídí správce Home Assistant. Níže můžete použít panel sdílený s vámi.,don't translate Home Assistant
ui_fan_ec38406,string,,Fan,Větrák,
ui_fan_modes_fbaa3df,string,,Fan & modes,Ventilátor a režimy,
ui_fans_73d38db,string,,Fans,Fanoušci,
ui_fetch_climate_entities_from_home_assistant_again_a65f837,string,,Fetch climate entities from Home Assistant again.,Znovu načtěte klimatické entity z Home Assistant.,don't translate Home Assistant
ui_fetch_rooms_floors_and_their_entities_from_home_assistant_0d84305,string,,"Fetch rooms, floors, and their entities from Home Assistant again.","Znovu načtěte místnosti, patra a jejich entity z Home Assistant.",don't translate Home Assistant
ui_fetch_security_entities_from_home_assistant_again_577b666,string,,Fetch security entities from Home Assistant again.,Znovu načtěte entity zabezpečení z Home Assistant.,don't translate Home Assistant
ui_fetch_the_home_assistant_energy_dashboard_configuration_ag_9180e9b,string,,Fetch the Home Assistant energy dashboard configuration again.,Znovu načtěte konfiguraci energetického řídicího panelu Home Assistant.,don't translate Home Assistant
ui_find_home_assistant_locally_c992bdf,string,,Find Home Assistant locally,Najděte Home Assistant lokálně,don't translate Home Assistant
ui_firmware_94fe490,string,,Firmware %1$s,Firmware %1$s,keep %1$s
ui_five_simple_gestures_are_all_you_need_to_get_d4c2675,string,,Five simple gestures are all you need to get around HKI 7.,K ovládání HKI 7 stačí pět jednoduchých gest.,don't translate HKI 7
ui_fixed_tab_10fe998,string,,Fixed tab,Opravená záložka,
ui_floor_7db82f7,string,,Floor,Patro,
ui_floor_assignment_288a740,string,,Floor assignment,Přiřazení podlahy,
ui_floor_name_e9d98d6,string,,Floor name,Název podlahy,
ui_floor_settings_640cb8e,string,,Floor settings,Nastavení podlahy,
ui_flowphase_101d9f0,string,,flowPhase,flowPhase,
ui_flows_1242655,string,,Flows,Toky,
ui_focused_groups_keep_advanced_options_easy_to_find_44ac86e,string,,Focused groups keep advanced options easy to find,Zaměřené skupiny umožňují snadné nalezení pokročilých možností,
ui_font_family_54a1848,string,,Font family,Rodina písem,
ui_font_size_ef89fc7,string,,Font size · %1$s%%,Velikost písma · %1$s%%,keep %1$s
ui_fonts_ffe688a,string,,Fonts,Písma,
ui_force_high_refresh_rate_214de79,string,,Force high refresh rate,Vynutit vysokou obnovovací frekvenci,
ui_forecast_528bc4b,string,,Forecast,Předpověď,
ui_forecast_entities_c950412,string,,Forecast entities,Prognostické entity,
ui_forget_selection_7864f34,string,,Forget selection,Zapomeňte na výběr,
ui_forward_ba4e722,string,,Forward,Vpřed,
ui_from_ad3b521,string,,From %1$s,Od %1$s,keep %1$s
ui_from_state_6c7eaef,string,,From state,Ze státu,
ui_full_changelog_ae838e7,string,,Full changelog,Kompletní changelog,
ui_full_controls_68749a5,string,,Full controls,Plné ovládání,
ui_full_day_name_25ab7ee,string,,Full Day Name,Název celého dne,
ui_full_url_or_a_path_on_your_home_assistant_66f9c59,string,,Full URL or a path on your Home Assistant server (e.g. /local/vacuum.png),Úplná adresa URL nebo cesta na vašem serveru Home Assistant (např. /local/vacuum.png),don't translate Home Assistant
ui_gas_ead9650,string,,Gas,Plyn,
ui_generating_your_rooms_01654a1,string,,Generating your rooms,Generování vašich pokojů,
ui_get_started_bd2cb05,string,,Get Started,Začněte,
ui_give_a_humidifier_a_fan_select_input_select_to_860be4d,string,,"Give a humidifier a fan / select / input_select to control its speed; its options replace the humidifier's mode chips, and modes move to the dialog's nav bar.",Dejte zvlhčovači ventilátor / select / input_select pro ovládání jeho rychlosti; jeho možnosti nahrazují čipy režimů zvlhčovače a režimy se přesunou na navigační lištu dialogového okna.,
ui_glow_6ae5a62,string,,glow,záře,
ui_glowphase_748e6d6,string,,glowPhase,glowPhase,
ui_glowpulse_9269294,string,,glowPulse,glowPulse,
ui_good_61dedcf,string,,Good,Dobrý,
ui_google_drive_07c2964,string,,Google Drive,Google Drive,don't translate Google Drive
ui_got_it_5b8027f,string,,Got it,Rozumím,
ui_got_it_let_s_explore_107038f,string,,Got it — let's explore,Rozumím – pojďme prozkoumat,
ui_graph_sensor_c63cbb6,string,,Graph %1$s · %2$s sensor%3$s,Graf %1$s · %2$s senzor%3$s,keep %1$s %2$s %3$s
ui_graph_style_6acd980,string,,Graph Style,Styl grafu,
ui_graphs_7839947,string,,Graphs,Grafy,
ui_grid_density_and_button_presentation_b7907e5,string,,Grid density and button presentation,Hustota mřížky a prezentace tlačítek,
ui_grid_density_width_and_tile_shape_267ad9a,string,,"Grid density, width, and tile shape","Hustota, šířka a tvar dlaždice",
ui_grid_phases_0a5eae5,string,,Grid & phases,Mřížka a fáze,
ui_group_light_paused_for_manual_control_78d6b74,string,,%1$s group light%2$s paused for manual control.,%1$s skupinové světlo%2$s pozastaveno pro ruční ovládání.,keep %1$s %2$s
ui_group_related_cards_in_one_section_f978d2b,string,,Group related cards in one section,Seskupte související karty do jedné sekce,
ui_guide_motion_579dcaf,string,,guide_motion,guide_motion,
ui_guide_progress_6138614,string,,guide_progress,průvodce_pokrok,
ui_gust_53f5da4,string,, (gust %1$s),(poryv %1$s),keep %1$s; keep the space at the start/end
ui_h_0be1674,string,,%1$sh,%1$sh,keep %1$s
ui_header_31341c6,string,,Header,Záhlaví,
ui_header_appearance_40327c9,string,,Header appearance,Vzhled záhlaví,
ui_header_custom_color_rrggbb_1887d0a,string,,Header custom color (#RRGGBB),Vlastní barva záhlaví (#RRGGBB),
ui_header_pill_d7520cf,string,,Header pill,Hlavička pilulka,
ui_header_text_7f71314,string,,Header text,Text záhlaví,
ui_header_text_f7593e7,string,,Header Text,Text záhlaví,
ui_header_wallpaper_url_or_path_25cf2b6,string,,Header wallpaper URL or path,URL tapety záhlaví nebo cesta,
ui_heading_some_bold_text_a_list_item_one_item_b7f049b,string,,"# Heading\nSome **bold** text, a list:\n- item one\n- item two","# Nadpis\nNějaký **tučný** text, seznam:\n- položka jedna\n- položka dvě",\n = line break
ui_healthy_80ea156,string,,Healthy,Zdravý,
ui_heating_f2a3e6e,string,,Heating,Topení,
ui_height_3f608b4,string,,Height,Výška,
ui_help_the_project_without_buying_premium_e960d10,string,,Help the project without buying Premium,Pomozte projektu bez nákupu Premium,
ui_hidden_1364716,string,,%1$s hidden,%1$s skryté,keep %1$s
ui_hidden_d4c2792,string,,Hidden,Skrytý,
ui_hidden_during_c0afbbc,string,,Hidden during,Skrytý během,
ui_hidden_rooms_f621ba4,string,,Hidden rooms,Skryté místnosti,
ui_hidden_items_advanced_title,string,,Hidden items (advanced),Skryté položky (pokročilé),
ui_hidden_items_advanced_hint,string,,Comma-separated list of button entity ids or badge/widget ids to hide from this person specifically. A button's id is its entity id; a badge or widget's id is shown in its own Appearance settings.,"Čárkami oddělený seznam ID entit tlačítka nebo ID odznaku/widgetu, které se mají před touto osobou skrýt. ID tlačítka je id jeho entity; ID odznaku nebo widgetu se zobrazí v jeho vlastním nastavení vzhledu.",
ui_hidden_views_3e16d85,string,,Hidden views,Skryté pohledy,
ui_hide_certain_views_or_rooms_from_specific_people_to_f10458c,string,,Hide certain views or rooms from specific people to keep their dashboard simple. This is UX-level hiding — it does not restrict what they can do in Home Assistant itself.,"Skryjte určitá zobrazení nebo místnosti před konkrétními lidmi, aby byl jejich řídicí panel jednoduchý. Toto je skrytí na úrovni UX – neomezuje to, co mohou dělat v samotném Home Assistant.",don't translate Home Assistant
ui_hide_connection_notification_dcee06a,string,,Hide Connection Notification,Skrýt oznámení o připojení,
ui_hide_this_badge_or_schedule_when_it_appears_e149fbf,string,,"Hide this badge, or schedule when it appears","Skryjte tento odznak nebo naplánujte, až se objeví",
ui_hide_this_button_or_schedule_when_it_appears_a28bf66,string,,"Hide this button, or schedule when it appears","Skryjte toto tlačítko nebo naplánujte, až se objeví",
ui_high_accuracy_mode_954d2c5,string,,High accuracy mode,Režim vysoké přesnosti,
ui_history_90ccd64,string,,History,Dějiny,
ui_hki_7_68a9e17,string,,HKI 7,HKI 7,don't translate HKI 7
ui_hki_7_collects_location_data_to_enable_presence_detection_2dda033,string,,HKI 7 collects location data to enable presence detection and zone-based ,"HKI 7 shromažďuje údaje o poloze, aby umožnila detekci přítomnosti a na základě zóny",don't translate HKI 7; keep the space at the start/end
ui_hki_7_logo_a445c44,string,,HKI 7 logo,Logo HKI 7,don't translate HKI 7
ui_hki_7_turns_your_native_home_assistant_entities_rooms_c95b345,string,,"HKI 7 turns your native Home Assistant entities, rooms, automations, media, energy data, and services into a configurable mobile dashboard. It is designed to stay connected to Home Assistant as the source of truth while offering a distinct HKI interface.","HKI 7 promění vaše nativní Home Assistant entity, místnosti, automatizace, média, energetická data a služby na konfigurovatelný mobilní řídicí panel. Je navržen tak, aby zůstal ve spojení s Home Assistant jako zdrojem pravdy a zároveň nabízel odlišné rozhraní HKI.","don't translate Home Assistant, HKI 7"
ui_hki_7_v_d5594a7,string,,HKI 7 v%1$s,HKI 7 v%1$s,keep %1$s; don't translate HKI 7
ui_home_and_rooms_are_always_shown_reorder_the_other_bea984a,string,,Home and Rooms are always shown. Reorder the other tabs with the arrows and toggle each on or off.,Vždy se zobrazí Domov a Místnosti. Změňte pořadí ostatních karet pomocí šipek a každou zapněte nebo vypněte.,
ui_home_assistant_backup_is_off_4524f2e,string,,Home Assistant backup is off,Zálohování Home Assistant je vypnuté,don't translate Home Assistant
ui_home_assistant_c8fd3bb,string,,Home Assistant,Home Assistant,don't translate Home Assistant
ui_home_assistant_instances_b0de2f3,string,,Home Assistant instances,Home Assistant instancí,don't translate Home Assistant
ui_home_assistant_will_be_unavailable_briefly_while_it_restar_df30b45,string,,Home Assistant will be unavailable briefly while it restarts. Administrator access is required.,Home Assistant bude během restartu krátce nedostupný. Je vyžadován přístup správce.,don't translate Home Assistant
ui_home_security_aa534f2,string,,HOME SECURITY,ZABEZPEČENÍ DOMU,
ui_home_wi_fi_names_comma_separated_b71c6ab,string,,Home Wi-Fi names (comma separated),Názvy domácích Wi-Fi (oddělené čárkami),
ui_hourly_forecast_50f6c9c,string,,Hourly forecast,Hodinová předpověď,
ui_how_this_control_communicates_state_ad17a3d,string,,How this control communicates state,Jak tento ovládací prvek sděluje stav,
ui_how_this_icon_animates_while_the_device_is_active_dffdaf5,string,,"How this icon animates while the device is active. ""Auto"" follows the global setting; the rest override it for this icon.","Jak se tato ikona animuje, když je zařízení aktivní. „Auto“ se řídí globálním nastavením; zbytek ji u této ikony přepíše.",
ui_http_homeassistant_local_8123_67b2235,string,,http://homeassistant.local:8123,http://homeassistant.local:8123,
ui_http_url_relative_path_or_webrtc_name_e_g_dfc56c4,string,,"HTTP URL, relative path, or WebRTC name (e.g., url: poort_hd)","HTTP URL, relativní cesta nebo název WebRTC (např. url: poort_hd)",
ui_https_1a66279,string,,https://…,https://…,
ui_https_example_ui_nabu_casa_4d97501,string,,https://example.ui.nabu.casa,https://example.ui.nabu.casa,
ui_humidifiers_aa38e2a,string,,Humidifiers,Zvlhčovače,
ui_humidifiers_are_found_automatically_from_the_humidifier_do_0717429,string,,Humidifiers are found automatically from the humidifier domain; add extra entities here if any are missing.,"Zvlhčovače jsou nalezeny automaticky z domény zvlhčovačů; přidejte sem další entity, pokud nějaké chybí.",
ui_humidifying_5d5f6c5,string,,Humidifying,Zvlhčování,
ui_humidity_65adb9c,string,,Humidity,Vlhkost,
ui_humidity_control_devices_c7e4846,string,,Humidity control devices,Zařízení pro regulaci vlhkosti,
ui_humidity_sensor_graphed_in_activity_5b792e1,string,,Humidity sensor (graphed in Activity),Senzor vlhkosti (graficky znázorněný v Aktivitě),
ui_icon_716f63b,string,,Icon,Ikona,
ui_icon_animation_5b1faae,string,,Icon animation,Animace ikon,
ui_icon_animations_and_effects_db0dea4,string,,Icon animations and effects,Animace a efekty ikon,
ui_icon_eeaa97d,string,,Icon: %1$s,Ikona: %1$s,keep %1$s
ui_icon_feedback_180b871,string,,Icon & feedback,Ikona a zpětná vazba,
ui_icons_edb8f6c,string,,Icons,ikony,
ui_identity_7e5a975,string,,Identity,Identita,
ui_identity_and_connection_bee53f8,string,,Identity and connection,Identita a spojení,
ui_identity_presentation_indicators_and_maintenance_d46fbf4,string,,"Identity, presentation, indicators, and maintenance","Identita, prezentace, indikátory a údržba",
ui_idle_cc1ebdd,string,,Idle,Líný,
ui_image_50e19fd,string,,Image,Obraz,
ui_image_style_size_shape_and_background_40c17b6,string,,"Image style, size, shape, and background","Styl, velikost, tvar a pozadí obrázku",
ui_image_url_or_path_ddd8d74,string,,Image URL or path,Adresa URL obrázku nebo cesta,
ui_import_d6fbc9d,string,,Import,Importovat,
ui_import_entities_that_have_not_been_edited_or_remove_6edde59,string,,"Import entities that have not been edited, or remove all climate edits and import from scratch.","Importujte entity, které nebyly upraveny, nebo odeberte všechny úpravy klimatu a importujte od začátku.",
ui_import_entities_that_have_not_been_edited_or_remove_9851b28,string,,"Import entities that have not been edited, or remove all security edits and import from scratch.","Importujte entity, které nebyly upraveny, nebo odeberte všechny úpravy zabezpečení a importujte od začátku.",
ui_import_from_family_f9eb88d,string,,Import from family,Dovoz od rodiny,
ui_import_only_rooms_and_entities_that_have_not_been_478d449,string,,"Import only rooms and entities that have not been edited, or remove all edited rooms and floors and import everything from scratch.","Importujte pouze místnosti a entity, které nebyly upraveny, nebo odeberte všechny upravené místnosti a podlaží a importujte vše od začátku.",
ui_import_only_rooms_that_have_not_been_edited_or_d59bee5,string,,"Import only rooms that have not been edited, or rebuild everything. Rebuilding removes all edited rooms and floors before importing them from scratch.","Importujte pouze místnosti, které nebyly upraveny, nebo vše znovu postavte. Přestavba odstraní všechny upravené místnosti a podlaží před jejich importováním od začátku.",
ui_import_sensors_with_device_class_battery_and_unit_of_dfaced9,string,,Import sensors with device_class battery and unit_of_measurement %.,Importujte senzory s baterií třídy zařízení a procentem jednotky_of_měření %.,
ui_import_settings_that_have_not_been_edited_or_remove_2fc3850,string,,"Import settings that have not been edited, or remove all energy edits and import from scratch.","Importujte nastavení, která nebyla upravena, nebo odeberte všechny úpravy energie a importujte od začátku.",
ui_import_unedited_4a58143,string,,Import unedited,Importovat bez úprav,
ui_imported_stacks_cannot_be_removed_in_auto_mode_hide_608f9ed,string,,"Imported stacks cannot be removed in auto mode. Hide the stack instead, or take over / switch to manual mode to delete it permanently.",Importované stohy nelze odebrat v automatickém režimu. Místo toho zásobník skryjte nebo jej převezměte / přepněte do ručního režimu a trvale jej smažte.,
ui_importing_820599d,string,,Importing…,Import…,
ui_importing_areas_and_entities_from_home_assistant_0e50b82,string,,Importing areas and entities from Home Assistant…,Import oblastí a entit z Home Assistant…,don't translate Home Assistant
ui_incoming_outgoing_1815915,string,,%1$s incoming · %2$s outgoing%3$s,%1$s příchozí · %2$s odchozí%3$s,keep %1$s %2$s %3$s
ui_incoming_outgoing_49b9c0b,string,,%1$s incoming · %2$s outgoing,%1$s příchozí · %2$s odchozí,keep %1$s %2$s
ui_incorrect_pin_2de1d18,string,,Incorrect PIN,Nesprávný PIN,
ui_increase_5a7fecf,string,,Increase,Zvýšení,
ui_individual_water_usage_21dd78c,string,,Individual water usage,Individuální spotřeba vody,
ui_individual_widgets_ff1526f,string,,Individual widgets,Jednotlivé widgety,
ui_indoor_average_53abf03,string,,INDOOR AVERAGE,VNITŘNÍ PRŮMĚR,
ui_indoor_comfort_7060319,string,,Indoor comfort,Vnitřní pohodlí,
ui_instance_name_e98a2eb,string,,Instance name,Název instance,
ui_interactions_0b3583e,string,,Interactions,Interakce,
ui_internal_url_acab9b2,string,,Internal URL,Interní URL,
ui_interval_seconds_eaeeb46,string,,Interval seconds,Intervalové sekundy,
ui_is_c24d775,string,, is,je,keep the space at the start/end
ui_item_corner_roundness_5032003,string,,Item corner roundness,Zaoblenost rohu položky,
ui_items_cabff0b,string,,%1$s items,%1$s položek,keep %1$s
ui_k_df46805,string,,%1$sK,%1$sK,keep %1$s
ui_keep_existing_edits_or_remove_all_battery_edits_and_acc0236,string,,"Keep existing edits, or remove all battery edits and import from scratch.",Ponechte stávající úpravy nebo odstraňte všechny úpravy baterie a importujte od začátku.,
ui_keep_only_the_title_right_header_pill_and_back_7777651,string,,"Keep only the title, right header pill, and back button when a page has one.","Ponechte si pouze nadpis, pilulku pravého záhlaví a tlačítko Zpět, pokud ho stránka obsahuje.",
ui_keeps_a_connection_to_home_assistant_for_instant_notificat_ecaee7d,string,,Keeps a connection to Home Assistant for instant notifications,Udržuje připojení k Home Assistant pro okamžitá upozornění,don't translate Home Assistant
ui_keeps_presence_detection_and_zone_automations_working_andr_c48598a,string,,Keeps presence detection and zone automations working. Android should show ‘Allow all the time’.,Udržuje detekci přítomnosti a zónovou automatizaci v provozu. Android by měl zobrazovat „Povolit vždy“.,
ui_keeps_your_device_location_updated_in_home_assistant_e295875,string,,Keeps your device location updated in Home Assistant,Udržuje aktuální polohu vašeho zařízení v Home Assistant,don't translate Home Assistant
ui_km_h_ede7178,string,,%1$s km/h,%1$s km/h,keep %1$s
ui_kwh_72c28e9,string,,kWh,kWh,
ui_languages_and_frameworks_used_by_the_android_app_fb4ac97,string,,Languages and frameworks used by the Android app,Jazyky a rámce používané aplikací pro Android,
ui_last_backup_05509f8,string,,Last backup %1$s,Poslední záloha %1$s,keep %1$s
ui_last_h_3faaee1,string,,Last %1$sh,Poslední %1$sh,keep %1$s
ui_last_run_b27f32a,string,,Last run %1$s,Poslední spuštění %1$s,keep %1$s
ui_layout_972ad8d,string,,Layout,Rozložení,
ui_leave_a_tip_5f90f10,string,,Leave a tip,Nechte tip,
ui_leave_empty_to_use_the_home_assistant_name_f769e92,string,,Leave empty to use the Home Assistant name,"Chcete-li použít název Home Assistant, ponechte prázdné",don't translate Home Assistant
ui_leave_this_empty_for_local_only_access_add_an_cc6bf85,string,,Leave this empty for local-only access. Add an external or Nabu Casa URL to use HKI 7 away from home.,"Pro přístup pouze pro místní ponechte toto pole prázdné. Chcete-li používat HKI 7 mimo domov, přidejte externí nebo Nabu Casa URL.","don't translate Nabu Casa, HKI 7"
ui_left_8ae1c34,string,,Left,Vlevo,
ui_left_side_overflows_right_fc8533c,string,,Left side overflows right,Levá strana přetéká doprava,
ui_less_526cb74,string,,Less,Méně,
ui_let_hki_7_create_the_first_version_for_you_dc36439,string,,Let HKI 7 create the first version for you.,Nechte HKI 7 vytvořit první verzi za vás.,don't translate HKI 7
ui_let_this_person_enter_edit_mode_667df39,string,,Let this person enter edit mode,Umožněte této osobě vstoupit do režimu úprav,
ui_level_7c7f5d0,string,,Level,Úroveň,
ui_level_unavailable_a442183,string,,Level unavailable,Úroveň není k dispozici,
ui_license_3229609,string,,License,Licence,
ui_light_is_turned_off_ebc0cf1,string,,Light is turned off,Světlo je vypnuté,
ui_lines_c6fd387,string,,Lines,Čáry,
ui_link_a_device_to_auto_fill_the_humidifier_s_6f65010,string,,"Link a device to auto-fill the humidifier's helper entities, or set them by hand",Připojte zařízení k automatickému plnění pomocných entit zvlhčovače nebo je nastavte ručně,
ui_link_a_speed_control_197d75a,string,,Link a speed control,Připojte ovladač rychlosti,
ui_linked_speed_control_optional_95fd680,string,,Linked speed control (optional),Propojená regulace rychlosti (volitelné),
ui_live_65c821a,string,,Live,Žít,
ui_live_6990f01,string,,LIVE,ŽÍT,
ui_live_indicators_11ef687,string,,Live indicators,Živé indikátory,
ui_live_power_sensors_imported_from_home_assistant_s_configur_1b926f2,string,,Live power sensors imported from Home Assistant's configured Energy devices.,Senzory živého výkonu importované z nakonfigurovaných energetických zařízení Home Assistant.,don't translate Home Assistant
ui_loading_actions_260b0c0,string,,Loading actions…,Načítání akcí…,
ui_loading_actions_877bfd9,string,,Loading actions...,Načítání akcí...,
ui_loading_camera_50a8065,string,,Loading camera…,Načítání fotoaparátu…,
ui_loading_device_a3fda88,string,,Loading device...,Načítání zařízení...,
ui_local_file_576d5ac,string,,Local file,Místní soubor,
ui_local_network_optional_42aba01,string,,Local network (optional),Místní síť (volitelné),
ui_local_only_05ed059,string,,Local Only,Pouze místní,
ui_locating_e46bab0,string,,Locating…,Vyhledávání…,
ui_location_access_3b68001,string,,Location access,Přístup k poloze,
ui_location_d219c68,string,,Location,Umístění,
ui_location_unavailable_3a57dda,string,,Location Unavailable,Místo není k dispozici,
ui_lock_c37eb4c,string,,LOCK,ZÁMEK,
ui_locked_a798882,string,,Locked,Zamčeno,
ui_locks_the_screen_to_its_highest_refresh_rate_while_585256f,string,,Locks the screen to its highest refresh rate while the app is open (uses more battery).,"Uzamkne obrazovku na nejvyšší obnovovací frekvenci, když je aplikace otevřená (spotřebovává více baterie).",
ui_log_in_again_1ee6e18,string,,Log in again,Přihlaste se znovu,
ui_logging_in_again_keeps_your_dashboard_and_settings_9a8ed6f,string,,Logging in again keeps your dashboard and settings.,Opětovné přihlášení zachová váš řídicí panel a nastavení.,
ui_logo_url_or_ha_local_path_optional_e795f06,string,,Logo URL or HA/local path (optional),URL loga nebo HA/místní cesta (volitelné),
ui_logout_keep_config_32a0cfb,string,,Logout (Keep Config),Odhlásit se (zachovat konfiguraci),
ui_low_a124947,string,,Low,Nízký,
ui_low_ba7cae2,string,,%1$s low,%1$s nízká,keep %1$s
ui_low_batteries_41d22d9,string,,%1$s low batteries,%1$s vybité baterie,keep %1$s
ui_low_plan_a_replacement_34435da,string,,Low — plan a replacement,Nízká – naplánujte výměnu,
ui_low_threshold_1ecfd8b,string,,Low threshold (%),Nízký práh (%),
ui_lunar_phase_301b75e,string,,Lunar phase,Lunární fáze,
ui_mail_92379cb,string,,Mail,Mail,
ui_maintenance_94de303,string,,Maintenance,Údržba,
ui_manage_items_d854c4b,string,,Manage items,Spravovat položky,
ui_manage_order_411f2d9,string,,Manage order,Spravovat objednávku,
ui_managed_by_an_admin_805ae65,string,,Managed by an admin,Spravováno administrátorem,
ui_manual_configuration_only_selected_entities_and_devices_ar_10e150b,string,,Manual configuration: only selected entities and devices are shown.,Ruční konfigurace: jsou zobrazeny pouze vybrané entity a zařízení.,
ui_map_ab478f3,string,,Map,Mapa,
ui_map_c5cc79f,string,,Map: %1$s,Mapa: %1$s,keep %1$s
ui_map_camera_for_dialog_2bc4344,string,,Map camera (for dialog),Mapová kamera (pro dialog),
ui_map_status_sensors_and_control_bindings_8cc2dbd,string,,"Map, status sensors, and control bindings","Mapa, stavové senzory a řídicí vazby",
ui_map_unavailable_0ccd149,string,,Map unavailable,Mapa není k dispozici,
ui_markdown_23e67fc,string,,Markdown,Snížení,
ui_matching_entities_are_added_automatically_by_home_assistan_07ebdac,string,,Matching entities are added automatically by Home Assistant device class. Add any missing or custom entities here.,Odpovídající entity jsou přidány automaticky podle třídy zařízení Home Assistant. Sem přidejte chybějící nebo vlastní entity.,don't translate Home Assistant
ui_media_0c77aee,string,,Media,Média,
ui_media_browsing_isn_t_available_for_this_player_e068417,string,,Media browsing isn't available for this player.,Procházení médií není pro tento přehrávač k dispozici.,
ui_media_library_b9c5845,string,,Media library,Knihovna médií,
ui_media_players_a4b8cf2,string,,Media players,Přehrávače médií,
ui_media_players_ec25525,string,,Media Players,Přehrávače médií,
ui_messages_safety_and_portability_ee58dfe,string,,"Messages, safety, and portability","Zprávy, bezpečnost a přenositelnost",
ui_messages_sent_to_this_device_via_home_assistant_s_87e4a32,string,,Messages sent to this device via\nHome Assistant's notify service appear here.,Zprávy odeslané do tohoto zařízení prostřednictvím\nZde se zobrazí služba upozornění Home Assistant.,don't translate Home Assistant; \n = line break
ui_meteorological_tap_or_swipe_3f3d67e,string,,Meteorological · tap or swipe,Meteorologické · klepněte nebo přejeďte prstem,
ui_meter_readings_a3c12c4,string,,Meter readings,Stavy měřidel,
ui_mixed_climate_5d22eb9,string,,Mixed climate,Smíšené klima,
ui_mm_ce9b88b,string,,%1$s mm,%1$s mm,keep %1$s
ui_mmm_d_9367bcf,string,,"%1$s, MMM d","%1$s, MMM d",keep %1$s
ui_mode_a7b93d2,string,,Mode,Režim,
ui_modes_6fc3ca8,string,,MODES,REŽIMY,
ui_modes_79f5b22,string,,Modes,Režimy,
ui_monitoring_a814345,string,,Monitoring,Sledování,
ui_moon_846b902,string,,Moon,Měsíc,
ui_move_down_260ff8a,string,,Move down,Posuňte se dolů,
ui_move_up_b4f57cd,string,,Move up,Posuňte se nahoru,
ui_mozilla_public_license_2_0_mpl_2_0_4ec8335,string,,Mozilla Public License 2.0 (MPL-2.0),Mozilla Public License 2.0 (MPL-2.0),
ui_multiple_climate_values_are_averaged_separate_sensor_value_cfccbf4,string,,Multiple climate values are averaged. Separate sensor values are averaged only when no climate source is selected.,"Více klimatických hodnot je zprůměrováno. Hodnoty samostatných senzorů jsou zprůměrovány pouze v případě, že není vybrán žádný zdroj klimatu.",
ui_mywifi_mywifi_5g_2a163c1,string,,"MyWiFi, MyWiFi-5G","MyWiFi, MyWiFi-5G",
ui_n_b51a607,string,,N,N,
ui_name_709a232,string,,Name,Jméno,
ui_name_a_z_257c1c4,string,,Name A-Z,Jméno A-Z,
ui_name_and_icon_shown_above_this_container_9076bde,string,,Name and icon shown above this container,Název a ikona zobrazené nad tímto kontejnerem,
ui_name_and_icon_shown_above_this_floor_3755eda,string,,Name and icon shown above this floor,Jméno a ikona zobrazené nad tímto podlažím,
ui_name_and_icon_used_throughout_the_app_bed8e83,string,,Name and icon used throughout the app,Název a ikona používané v celé aplikaci,
ui_name_optional_9c9f03a,string,,Name (optional),Jméno (volitelné),
ui_name_subtitle_and_navigation_icon_3f2e8c4,string,,"Name, subtitle, and navigation icon","Ikona názvu, titulků a navigace",
ui_name_this_device_4d603e2,string,,Name this device,Pojmenujte toto zařízení,
ui_name_width_and_icon_a4d694b,string,,"Name, width, and icon","Název, šířka a ikona",
ui_name_z_a_daabfb6,string,,Name Z-A,Jméno Z-A,
ui_native_home_assistant_automations_always_in_sync_ae8941e,string,,"Native Home Assistant automations, always in sync","Nativní automatizace Home Assistant, vždy synchronizované",don't translate Home Assistant
ui_navigation_bar_e90e3de,string,,Navigation Bar,Navigační lišta,
ui_network_routes_for_1d18efd,string,,Network routes for %1$s,Síťové trasy pro %1$s,keep %1$s
ui_never_sent_to_the_developer_or_to_any_third_f0479e9,string,,"never sent to the developer or to any third party, and you can turn this ",nikdy neposláno vývojáři ani žádné třetí straně a můžete to změnit,keep the space at the start/end
ui_never_triggered_c91b347,string,,Never triggered,Nikdy nespuštěno,
ui_new_dashboard_4d3c071,string,,New Dashboard,Nový Dashboard,
ui_new_floor_1389094,string,,New floor,Nová podlaha,
ui_new_flow_d4cef94,string,,New flow,Nový tok,
ui_next_camera_14994be,string,,Next camera,Další kamera,
ui_no_active_parcels_or_mail_6c9d49c,string,,No active parcels or mail.,Žádné aktivní balíky ani pošta.,
ui_no_activity_in_this_period_5cb3978,string,,No activity in this period,V tomto období žádná aktivita,
ui_no_adaptive_lighting_profiles_are_currently_available_6d29642,string,,No Adaptive Lighting profiles are currently available.,Momentálně nejsou k dispozici žádné profily adaptivního osvětlení.,
ui_no_air_purifiers_configured_add_fan_entities_under_climate_fd229a8,string,,No air purifiers configured. Add fan entities under Climate Settings → Climate Entities → Air purifiers.,Nejsou nakonfigurovány žádné čističky vzduchu. Přidejte entity ventilátoru v části Nastavení klimatu → Entity klimatu → Čističky vzduchu.,
ui_no_alarm_585ad82,string,,No alarm,Žádný alarm,
ui_no_announced_letters_4382408,string,,No announced letters.,Žádné oznámené dopisy.,
ui_no_archived_notifications_ed5604b,string,,No archived notifications,Žádná archivovaná oznámení,
ui_no_battery_entities_found_turn_off_battery_filtering_to_dfbc403,string,,No Battery+ entities found. Turn off Battery+ filtering to show all battery sensors.,"Nebyly nalezeny žádné entity Battery+. Chcete-li zobrazit všechny senzory baterie, vypněte filtrování baterie+.",
ui_no_battery_sensors_found_7cc0962,string,,No battery sensors found.,Nebyly nalezeny žádné senzory baterie.,
ui_no_camera_selected_717ad35,string,,No camera selected,Není vybrána žádná kamera,
ui_no_carbon_intensity_sensor_found_on_this_device_140bf09,string,,No carbon intensity sensor found on this device,Na tomto zařízení nebyl nalezen žádný senzor intenzity uhlíku,
ui_no_cards_yet_open_the_stack_settings_to_pick_021dada,string,,No cards yet — open the stack settings to pick energy cards.,Zatím žádné karty — otevřete nastavení zásobníku a vyberte energetické karty.,
ui_no_cards_yet_open_the_stack_settings_to_pick_ca8008f,string,,No cards yet — open the stack settings to pick climate cards.,Zatím žádné karty – otevřete nastavení zásobníku a vyberte karty klimatu.,
ui_no_climate_data_37d45e0,string,,No climate data,Žádné údaje o klimatu,
ui_no_climate_devices_found_thermostats_and_ac_units_from_2e47541,string,,No climate devices found. Thermostats and AC units from Home Assistant appear here automatically.,Nebyla nalezena žádná klimatizační zařízení. Termostaty a jednotky klimatizace od Home Assistant se zde zobrazují automaticky.,don't translate Home Assistant
ui_no_collections_in_the_next_7_days_6d48bf4,string,,No collections in the next 7 days.,Žádné sbírky v příštích 7 dnech.,
ui_no_conditions_this_flow_always_continues_c95e76f,string,,No conditions — this flow always continues,Žádné podmínky – tento tok vždy pokračuje,
ui_no_dashboards_have_been_shared_with_you_yet_ask_38b2c0d,string,,"No dashboards have been shared with you yet. Ask an admin to share one, or pick another option above.","Zatím s vámi nejsou sdíleny žádné panely. Požádejte správce, aby jeden sdílel, nebo vyberte jinou možnost výše.",
ui_no_dashboards_have_been_shared_with_you_yet_ask_877080a,string,,No dashboards have been shared with you yet. Ask an admin to share one.,"Zatím s vámi nejsou sdíleny žádné panely. Požádejte správce, aby jeden sdílel.",
ui_no_data_d802d23,string,,No data,Žádná data,
ui_no_door_sensor_f6b60c8,string,,No door sensor,Bez dveřního senzoru,
ui_no_energy_sensors_found_eeecdec,string,,No energy sensors found.,Nebyly nalezeny žádné energetické senzory.,
ui_no_events_e339ba7,string,,No events,Žádné události,
ui_no_fans_found_fan_entities_from_home_assistant_appear_279dab7,string,,No fans found. Fan entities from Home Assistant appear here automatically.,Nebyli nalezeni žádní fanoušci. Entity fanoušků z Home Assistant se zde zobrazují automaticky.,don't translate Home Assistant
ui_no_forecast_available_ed48809,string,,No forecast available,Předpověď není k dispozici,
ui_no_graphs_yet_open_the_stack_settings_to_add_87f742f,string,,No graphs yet — open the stack settings to add sensor graphs.,Zatím žádné grafy – otevřete nastavení zásobníku a přidejte grafy senzorů.,
ui_no_heading_162947f,string,,No heading,Žádný nadpis,
ui_no_hourly_forecast_available_9ef5a5f,string,,No hourly forecast available,Není k dispozici žádná hodinová předpověď,
ui_no_humidifiers_found_humidifier_entities_from_home_assista_eeadbd7,string,,No humidifiers found. Humidifier entities from Home Assistant appear here automatically; extras can be added in Climate Settings.,Nebyly nalezeny žádné zvlhčovače. Entity zvlhčovače z Home Assistant se zde objevují automaticky; doplňky lze přidat v nastavení klimatu.,don't translate Home Assistant
ui_no_individual_water_devices_configured_d0060ba,string,,No individual water devices configured.,Nejsou nakonfigurována žádná jednotlivá vodní zařízení.,
ui_no_letter_image_available_eeb42c0,string,,No letter image available,Obrázek písmena není k dispozici,
ui_no_map_camera_configured_d72057b,string,,No map camera\nconfigured,Žádná mapová kamera\nnakonfigurováno,\n = line break
ui_no_map_camera_set_configure_in_button_settings_b54466c,string,,No map camera set.\nConfigure in button settings.,Žádná sada mapové kamery.\nNakonfigurujte v nastavení tlačítka.,\n = line break
ui_no_matches_cd0af6c,string,,No matches,Žádné zápasy,
ui_no_matching_automations_4489522,string,,No matching automations,Žádné odpovídající automatizace,
ui_no_media_players_found_1248a89,string,,No media players found.,Nebyly nalezeny žádné přehrávače médií.,
ui_no_native_home_assistant_automations_found_725a043,string,,No native Home Assistant automations found,Nebyly nalezeny žádné nativní automatizace Home Assistant,don't translate Home Assistant
ui_no_non_admin_users_found_on_this_home_assistant_e9e665d,string,,No non-admin users found on this Home Assistant.,"Na tomto Home Assistant nebyli nalezeni žádní uživatelé, kteří nejsou správci.",don't translate Home Assistant
ui_no_notifications_a72159d,string,,No Notifications,Žádná oznámení,
ui_no_notifications_b08626f,string,,No notifications,Žádná upozornění,
ui_no_options_available_7a19b6d,string,,No options available,Nejsou k dispozici žádné možnosti,
ui_no_other_entities_on_this_device_fbc481b,string,,No other entities on this device.,Na tomto zařízení nejsou žádné další entity.,
ui_no_other_users_found_on_this_home_assistant_cb89d3d,string,,No other users found on this Home Assistant.,V tomto Home Assistant nebyli nalezeni žádní další uživatelé.,don't translate Home Assistant
ui_no_parcel_selected_922a402,string,,No parcel selected,Nebyl vybrán žádný balík,
ui_no_parcels_cf4c0a0,string,,No %1$s parcels.,Žádné %1$s balíky.,keep %1$s
ui_no_phase_sensors_configured_in_energy_settings_b88c1dc,string,,No phase sensors configured in Energy Settings.,V nastavení energie nejsou nakonfigurovány žádné fázové senzory.,
ui_no_power_sensors_found_caf2e07,string,,No power sensors found.,Nebyly nalezeny žádné senzory napájení.,
ui_no_power_sensors_found_on_this_device_or_its_942e9be,string,,No power sensors found on this device (or its sub-devices) yet.,Na tomto zařízení (nebo jeho dílčích zařízeních) zatím nebyly nalezeny žádné senzory napájení.,
ui_no_profile_available_98d6e00,string,,No profile available,Žádný profil není k dispozici,
ui_no_sensors_found_edacf22,string,,No %1$s sensors found.,Nebyly nalezeny žádné senzory %1$s.,keep %1$s
ui_no_sensors_selected_open_the_widget_settings_in_edit_cd87a2e,string,,No sensors selected — open the widget settings in edit mode.,Nejsou vybrány žádné senzory – otevřete nastavení widgetu v režimu úprav.,
ui_no_servers_found_yet_make_sure_you_re_on_7e6832d,string,,"No servers found yet. Make sure you're on the same Wi-Fi, or enter the address below.","Zatím nebyly nalezeny žádné servery. Ujistěte se, že jste na stejné Wi-Fi, nebo zadejte adresu níže.",
ui_no_speed_control_linked_cb0e9ad,string,,No speed control linked,Není připojena regulace rychlosti,
ui_no_status_history_enable_parcel_history_in_the_integration_302ca4a,string,,No status history (enable parcel history in the integration options),Žádná historie stavu (povolit historii balíků v možnostech integrace),
ui_no_stream_available_0535c4e,string,,No stream available,Není dostupný žádný stream,
ui_no_stream_available_6bfd14a,string,,No Stream Available,Není k dispozici žádný stream,
ui_no_supported_alarm_modes_reported_by_this_entity_588b22a,string,,No supported alarm modes reported by this entity,Tato entita nenahlásila žádné podporované režimy alarmu,
ui_no_target_f919b89,string,,No target,Žádný cíl,
ui_no_tariff_sensors_configured_in_energy_settings_2ad6a3c,string,,No tariff sensors configured in Energy Settings.,V Nastavení energie nejsou nakonfigurována žádná tarifní čidla.,
ui_no_thanks_6d745b3,string,,No thanks,"Ne, děkuji",
ui_no_upcoming_collections_feff2a6,string,,No upcoming collections,Žádné nadcházející kolekce,
ui_no_waste_sensors_selected_68b51ce,string,,No waste sensors selected,Nebyly vybrány žádné odpadní senzory,
ui_no_waste_sensors_selected_add_them_via_the_widget_554ff3d,string,,No waste sensors selected. Add them via the widget settings in edit mode.,Nebyly vybrány žádné odpadní senzory. Přidejte je pomocí nastavení widgetu v režimu úprav.,
ui_no_weather_cards_ce32255,string,,No weather cards,Žádné karty počasí,
ui_no_weather_entity_available_7476bcb,string,,No weather entity available,Není k dispozici žádná entita počasí,
ui_no_widgets_match_73a3c20,string,,"No widgets match ""%1$s""",Žádné widgety neodpovídají „%1$s“,keep %1$s
ui_none_6eef664,string,,None,Žádný,
ui_none_auto_cc8786f,string,,None / Auto,Žádný / Auto,
ui_none_modes_stay_as_the_only_control_b62bff7,string,,None — modes stay as the only control,Žádný – režimy zůstávají jediným ovládacím prvkem,
ui_none_of_your_configured_carriers_support_adding_a_parcel_21dc0a4,string,,"None of your configured carriers support adding a parcel by tracking number. Account-based carriers (PostNL, DPD, DHL) only track what's already in your account.","Žádný z vašich nakonfigurovaných přepravců nepodporuje přidání zásilky podle čísla zásilky. Operátoři založení na účtu (PostNL, DPD, DHL) sledují pouze to, co již na vašem účtu je.",
ui_none_selected_5798946,string,,None selected,Nebyl vybrán žádný,
ui_none_timer_follows_the_completion_time_only_09d470a,string,,None — timer follows the completion time only,Žádný — časovač sleduje pouze čas dokončení,
ui_not_enough_data_cdb9d58,string,,Not enough data,Nedostatek dat,
ui_not_enough_data_in_this_period_48188c4,string,,Not enough data in this period,V tomto období není dostatek údajů,
ui_not_loaded_by_home_assistant_95f811a,string,,Not loaded by Home Assistant,Nenačteno Home Assistant,don't translate Home Assistant
ui_not_set_93039e6,string,,Not set,Nenastaveno,
ui_nothing_here_7f42022,string,,Nothing here.,Tady nic.,
ui_nothing_hidden_fd1cdd3,string,,Nothing hidden,Nic skrytého,
ui_nothing_is_shared_yet_fca61d0,string,,Nothing is shared yet.,Zatím není nic sdíleno.,
ui_nothing_removed_d67902f,string,,Nothing removed.,Nic nebylo odstraněno.,
ui_nothing_removed_use_edit_mode_on_the_climate_page_dd07910,string,,Nothing removed. Use edit mode on the Climate page to remove cards; they land here and can be restored.,Nic nebylo odstraněno. K odstranění karet použijte režim úprav na stránce Klima; přistávají zde a mohou být obnoveny.,
ui_nothing_to_reorder_yet_cdcbb36,string,,Nothing to reorder yet.,Zatím není co doobjednat.,
ui_notification_c18f8f2,string,,Notification,Oznámení,
ui_notifications_753a22b,string,,Notifications,Oznámení,
ui_notifications_are_delivered_over_the_app_s_live_connection_d2aa965,string,,Notifications are delivered over the app's live connection whenever it is open — send them from Home Assistant with the notify service for this device. Swipe in from the left edge to see the history.,"Oznámení jsou doručována prostřednictvím živého připojení aplikace, kdykoli je otevřena – odešlete je z Home Assistant pomocí služby upozornění pro toto zařízení. Historii zobrazíte přejetím z levého okraje.",don't translate Home Assistant
ui_now_e3b8204,string,,Now,Teď,
ui_of_3_enabled_5cdedd4,string,,%1$s of 3 enabled,%1$s ze 3 povoleno,keep %1$s
ui_of_home_fdfd824,string,,%1$s%% of home,%1$s%% domova,keep %1$s
ui_off_ad50489,string,,OFF,VYPNUTO,
ui_off_at_any_time_in_android_settings_4607e2c,string,,off at any time in Android settings.,vypnout kdykoli v nastavení systému Android.,
ui_off_e3de5ab,string,,Off,Vypnuto,
ui_ok_9ce3bd4,string,,OK,OK,
ui_on_12469c7,string,,On - %1$s%%,Zapnuto – %1$s%%,keep %1$s
ui_on_387d7a5,string,,ON,NA,
ui_on_e0049a6,string,,On,Na,
ui_on_f9ca2fe,string,,%1$s%% • ON,%1$s%% • ZAPNUTO,keep %1$s
ui_on_these_wi_fi_networks_the_app_connects_via_82d3f1f,string,,On these Wi-Fi networks the app connects via the internal URL; everywhere else it uses the main server URL above.,V těchto sítích Wi-Fi se aplikace připojuje prostřednictvím interní adresy URL; všude jinde používá hlavní adresu URL serveru výše.,
ui_on_this_device_a7f9620,string,,On this device,Na tomto zařízení,
ui_onboard_step_fefaac1,string,,onboard_step,onboard_step,
ui_only_percentage_sensors_classified_by_home_assistant_as_ba_0d94a2a,string,,Only percentage sensors classified by Home Assistant as batteries are imported. ,Importují se pouze procentuální senzory klasifikované Home Assistant jako baterie.,don't translate Home Assistant; keep the space at the start/end
ui_only_show_battery_entities_and_include_battery_type_detail_b216867,string,,Only show Battery+ entities and include battery type details,Zobrazit pouze entity Battery+ a zahrnout podrobnosti o typu baterie,
ui_only_show_battery_entities_and_include_type_quantity_and_0d8ce40,string,,"Only show Battery+ entities and include type, quantity, and related battery info.","Zobrazte pouze entity Battery+ a uveďte typ, množství a související informace o baterii.",
ui_open_camera_full_screen_afc186b,string,,Open camera full screen,Otevřete fotoaparát na celou obrazovku,
ui_open_cf9b770,string,,Open,OTEVŘENO,
ui_open_history_for_graph_ae801d5,string,,Open history for graph,Otevřít historii pro graf,
ui_open_link_d2de1a2,string,,Open link,Otevřít odkaz,
ui_open_source_and_premium_licensing_0328125,string,,Open-source and premium licensing,Open source a prémiové licencování,
ui_open_the_component_on_github_c1e5ee5,string,,Open the component on GitHub,Otevřete komponentu na GitHubu,
ui_open_this_panel_by_swiping_left_from_the_upper_671e63c,string,,Open this panel by swiping left from the upper-right edge of any page header.,Otevřete tento panel přejetím doleva od pravého horního okraje libovolného záhlaví stránky.,
ui_opening_dashboard_8e99930,string,,Opening dashboard…,Otevírání palubní desky…,
ui_openstreetmap_fa78a33,string,,OpenStreetMap,OpenStreetMap,
ui_optional_context_shown_by_the_lock_card_03f6814,string,,Optional context shown by the lock card,Volitelný kontext zobrazený kartou zámku,
ui_optional_controls_and_sensors_for_richer_dialogs_7a80e7b,string,,Optional controls and sensors for richer dialogs,Volitelné ovládací prvky a senzory pro bohatší dialogy,
ui_optional_display_name_and_icon_override_f7a6cda,string,,Optional display name and icon override,Volitelný zobrazovaný název a přepsání ikony,
ui_optional_fields_passed_to_home_assistant_54dffc6,string,,Optional fields passed to Home Assistant,Nepovinná pole předána do Home Assistant,don't translate Home Assistant
ui_optional_label_shown_when_name_is_enabled_above_8229e92,string,,"Optional label shown when ""Name"" is enabled above","Volitelný štítek zobrazený, když je výše povoleno „Název“.",
ui_optional_name_and_icon_overrides_5dfd062,string,,Optional name and icon overrides,Volitelné přepsání názvu a ikony,
ui_optional_name_and_icon_shown_above_this_stack_272f237,string,,Optional name and icon shown above this stack,Volitelný název a ikona zobrazené nad tímto zásobníkem,
ui_optional_premium_5ae8183,string,,Optional Premium,Volitelné Premium,
ui_optional_support_for_development_and_testing_costs_5d6af95,string,,Optional support for development and testing costs,Volitelná podpora nákladů na vývoj a testování,
ui_optional_title_and_dashboard_width_e04c6e8,string,,Optional title and dashboard width,Volitelný nadpis a šířka panelu,
ui_optional_title_width_and_supported_shape_8b2e456,string,,"Optional title, width, and supported shape","Volitelný název, šířka a podporovaný tvar",
ui_options_6bf5da9,string,,Options,Možnosti,
ui_organization_519255a,string,,Organization,Organizace,
ui_oscillate_3d3c9bd,string,,Oscillate,Oscilovat,
ui_outside_cbbef8c,string,,OUTSIDE,MIMO,
ui_outside_is_never_auto_detected_either_link_a_weather_eb8cc14,string,,"Outside is never auto-detected. Either link a weather entity (it usually carries temperature, humidity and pressure) or pick individual outdoor sensors below. The temperature feeds the Outside tile and the hero's outside reading.","Vnějšek není nikdy automaticky detekován. Buď propojte meteorologickou entitu (obvykle přenáší teplotu, vlhkost a tlak), nebo níže vyberte jednotlivá venkovní čidla. Teplota dodává dílku Venku a venkovnímu čtení hrdiny.",
ui_outside_weather_entity_98e8465,string,,Outside weather entity,Venkovní entita počasí,
ui_page_areas_1068b64,string,,Page areas,Oblasti stránky,
ui_page_icon_b58a288,string,,Page icon,Ikona stránky,
ui_page_identity_dafa8dd,string,,Page identity,Identita stránky,
ui_page_name_c99f51a,string,,Page name,Název stránky,
ui_page_settings_0a44afc,string,,Page settings,Nastavení stránky,
ui_page_subtitle_8a04084,string,,Page subtitle,Podtitul stránky,
ui_parcel_9ddaaee,string,,Parcel,Balíček,
ui_parcels_16129ec,string,,Parcels,Pozemky,
ui_parental_controls_c4f61d0,string,,Parental controls,Rodičovská kontrola,
ui_parental_controls_dashboard_sharing_and_permissions_b74e0c0,string,,"Parental controls, dashboard sharing, and permissions","Rodičovská kontrola, sdílení řídicího panelu a oprávnění",
ui_parental_controls_sharing_needs_the_hki_7_cloud_component_7929459,string,,Parental controls & sharing — needs the HKI 7 Cloud component,Rodičovská kontrola a sdílení – vyžaduje komponentu HKI 7 Cloud,don't translate HKI 7 Cloud
ui_pause_781961b,string,,Pause,Pauza,
ui_pause_adaptation_821b33e,string,,Pause adaptation,Pozastavit adaptaci,
ui_pending_timer_dbf15fa,string,,Pending timer,Čekající časovač,
ui_people_b37554f,string,,People,Lidé,
ui_permission_needed_7c7a8e5,string,,Permission needed,Je potřeba povolení,
ui_permissions_d06d555,string,,Permissions,Oprávnění,
ui_person_settings_977e009,string,,Person settings,Nastavení osoby,
ui_personal_information_used_throughout_hki_7_b7d1b08,string,,Personal information used throughout HKI 7,Osobní údaje používané po celou dobu HKI 7,don't translate HKI 7
ui_personalize_7602b35,string,,Personalize,Přizpůsobit,
ui_persons_order_9fe91dc,string,,Persons order,Objednávka osob,
ui_phase_17619b8,string,,Phase %1$s,Fáze %1$s,keep %1$s
ui_pick_a_carbon_footprint_device_ea1fe94,string,,Pick a carbon footprint device,Vyberte zařízení na uhlíkovou stopu,
ui_pick_a_device_to_auto_fill_the_sensors_below_f396326,string,,Pick a device to auto-fill the sensors below,"Vyberte zařízení, které bude automaticky plnit níže uvedené senzory",
ui_pick_a_source_device_or_fine_tune_individual_roles_beb54f5,string,,Pick a source device or fine-tune individual roles,Vyberte zdrojové zařízení nebo dolaďte jednotlivé role,
ui_pick_a_starting_point_everything_remains_editable_340924e,string,,Pick a starting point; everything remains editable,Vyberte výchozí bod; vše zůstává upravitelné,
ui_pickup_b6da461,string,,Pickup: %1$s,Vyzvednutí: %1$s,keep %1$s
ui_pin_3adadd3,string,,PIN,KOLÍK,
ui_place_this_room_in_the_correct_floor_group_52c044a,string,,Place this room in the correct floor group,Umístěte tuto místnost do správné podlahové skupiny,
ui_placement_ab89d05,string,,Placement,Umístění,
ui_playback_c8e3087,string,,Playback,Přehrávání,
ui_player_e53407c,string,,Player,Hráč,
ui_players_summarized_by_the_room_header_and_card_729ea70,string,,Players summarized by the room header and card,Hráči shrnutí podle záhlaví místnosti a karty,
ui_please_wait_5afeca7,string,,Please wait…,Čekejte prosím…,
ui_position_d0b0314,string,,POSITION,POZICE,
ui_postal_code_optional_b86b6a2,string,,Postal code (optional),PSČ (volitelné),
ui_power_c2b6b52,string,,POWER,MOC,
ui_power_overview_a204dd7,string,,Power overview,Přehled napájení,
ui_power_per_phase_1f38fb0,string,,Power per phase,Výkon na fázi,
ui_precipitation_60d5e73,string,,Precipitation,Srážky,
ui_premium_icon_packs_animated_icons_and_artwork_premium_them_6363fef,string,,"Premium icon packs, animated icons and artwork, premium themes, entitlement services, and any separately marked premium modules are not covered by MPL-2.0. They remain proprietary and are licensed for personal use through a valid Premium entitlement.","MPL-2.0 se nevztahuje na balíčky prémiových ikon, animované ikony a umělecká díla, prémiová témata, služby nároků a jakékoli samostatně označené prémiové moduly. Zůstávají majetkem a jsou licencovány pro osobní použití prostřednictvím platného prémiového oprávnění.",
ui_presets_6891289,string,,PRESETS,PŘEDVOLBY,
ui_presets_e709e76,string,,Presets,Předvolby,
ui_press_ea683ad,string,,Press,Stiskněte,
ui_prevents_android_from_delaying_battery_charging_and_presen_623b898,string,,"Prevents Android from delaying battery, charging, and presence updates while the device is idle.","Zabraňuje systému Android zpožďovat baterii, nabíjení a aktualizace přítomnosti, když je zařízení nečinné.",
ui_previous_camera_5014da7,string,,Previous camera,Předchozí fotoaparát,
ui_produced_5028c07,string,,Produced %1$s,Vyrobeno %1$s,keep %1$s
ui_production_overview_fbbfc38,string,,Production overview,Přehled výroby,
ui_profile_ff4fc02,string,,Profile,Profil,
ui_profile_switches_affect_every_light_assigned_to_19ba9ec,string,,Profile switches affect every light assigned to %1$s.,Přepínače profilů ovlivňují každé světlo přiřazené k %1$s.,keep %1$s
ui_profiles_0c2a930,string,,Profiles,Profily,
ui_project_information_licensing_and_community_support_9fc47d6,string,,"Project information, licensing, and community support","Informace projektu, licencování a podpora komunity",
ui_publish_one_of_your_dashboards_to_your_family_recipients_88c1d49,string,,Publish one of your dashboards to your family. Recipients import it from Settings › Dashboard and can pull updates later. Set what they may change under Permissions.,"Zveřejněte jeden ze svých panelů své rodině. Příjemci jej importují z Nastavení › Řídicí panel a mohou později stahovat aktualizace. V části Oprávnění nastavte, co mohou změnit.",
ui_published_to_your_family_33fc8da,string,,Published to your family,Publikováno vaší rodině,
ui_pulse_8439fc4,string,,pulse,puls,
ui_pulsescale_939f5c2,string,,pulseScale,pulseScale,
ui_push_delivery_and_history_aa3e29d,string,,Push delivery and history,Push doručení a historii,
ui_push_my_changes_now_ddff3f6,string,,Push my changes now,Zatlačte mé změny hned,
ui_pushing_3c52088,string,,Pushing…,Tlačí…,
ui_quick_actions_e47e804,string,,Quick actions,Rychlé akce,
ui_quick_start_gesture_23ee6fe,string,,quick_start_gesture,gesto rychlého_startu,
ui_rain_0a858c9,string,,Rain,Déšť,
ui_rain_map_7c1862a,string,,Rain map,Dešťová mapa,
ui_rain_map_image_url_0c47012,string,,Rain map image URL,URL obrázku dešťové mapy,
ui_rain_map_url_iframe_3f22653,string,,Rain map URL (iframe),URL dešťové mapy (iframe),
ui_re_import_batteries_9473d07,string,,Re-import batteries,Znovu importujte baterie,
ui_re_import_batteries_f3b8458,string,,Re-import Batteries,Znovu importujte baterie,
ui_re_import_climate_3ed098c,string,,Re-import climate,Znovu importujte klima,
ui_re_import_climate_f7f5678,string,,Re-import Climate,Znovu importujte klima,
ui_re_import_energy_9e66bbb,string,,Re-import Energy,Znovu importujte energii,
ui_re_import_energy_c0b0fcc,string,,Re-import energy,Znovu importujte energii,
ui_re_import_rooms_6cc58f9,string,,Re-import rooms,Znovu importujte pokoje,
ui_re_import_rooms_b49077d,string,,Re-import Rooms,Znovu importovat místnosti,
ui_re_import_security_411e76d,string,,Re-import Security,Opětovný import Zabezpečení,
ui_re_import_security_fcf0ad8,string,,Re-import security,Znovu importujte zabezpečení,
ui_read_only_home_assistant_automation_46d25b7,string,,Read-only Home Assistant automation,Automatizace Home Assistant pouze pro čtení,don't translate Home Assistant
ui_read_the_full_mpl_2_0_4d68c7d,string,,Read the full MPL 2.0,Přečtěte si celý MPL 2.0,
ui_ready_20c7c55,string,,Ready,Připraveno,
ui_receive_home_assistant_alerts_and_actionable_notifications_386435f,string,,Receive Home Assistant alerts and actionable notifications on this device.,Dostávejte Home Assistant upozornění a upozornění na toto zařízení.,don't translate Home Assistant
ui_recipes_create_regular_home_assistant_automations_you_can_a81bf72,string,,Recipes create regular Home Assistant automations. You can continue editing them in either HKI7 or Home Assistant.,Recepty vytvářejí běžné automatizace Home Assistant. Můžete je dále upravovat v HKI7 nebo Home Assistant.,"don't translate Home Assistant, HKI7"
ui_recommended_e37d21e,string,,RECOMMENDED,DOPORUČUJEME,
ui_recording_09b5b61,string,,Recording · ,Nahrávání ·,keep the space at the start/end
ui_refresh_56e3bad,string,,Refresh,Obnovit,
ui_refresh_connection_46966aa,string,,Refresh Connection,Obnovit připojení,
ui_refresh_interval_f086d9d,string,,Refresh interval,Interval obnovy,
ui_relock_after_4db5c55,string,,Relock after,Poté znovu zamkněte,
ui_remote_access_is_ready_0e26b5a,string,,Remote access is ready.,Vzdálený přístup je připraven.,
ui_remote_access_optional_75dd54d,string,,Remote access (optional),Vzdálený přístup (volitelné),
ui_remove_436e1a0,string,,Remove %1$s?,Odebrat %1$s?,keep %1$s
ui_remove_avatar_58e0c56,string,,Remove avatar,Odebrat avatara,
ui_remove_e963907,string,,Remove,Odstranit,
ui_remove_edits_and_import_all_7f0b4a1,string,,Remove edits and import all,Odstraňte úpravy a importujte všechny,
ui_removed_entities_559c584,string,,Removed entities (%1$s),Odebrané entity (%1$s),keep %1$s
ui_removed_entities_6dbeb2d,string,,Removed entities,Odebrané entity,
ui_removed_entities_are_excluded_from_cards_graphs_tiles_and_628e91a,string,,"Removed entities are excluded from cards, graphs, tiles and averages. Tap ✕ to restore.","Odebrané entity jsou vyloučeny z karet, grafů, dlaždic a průměrů. Klepnutím na ✕ obnovíte.",
ui_rename_d3f4cb8,string,,Rename,Přejmenovat,
ui_rename_dashboard_ceb1d6d,string,,Rename dashboard,Přejmenovat řídicí panel,
ui_rename_home_assistant_f1a0d6f,string,,Rename Home Assistant,Přejmenovat Home Assistant,don't translate Home Assistant
ui_rename_players_and_choose_which_ones_may_show_the_212864f,string,,Rename players and choose which ones may show the mini player above the navigation bar while playing.,"Přejmenujte hráče a vyberte, které z nich mohou při hraní zobrazovat minipřehrávač nad navigační lištou.",
ui_rename_players_and_mini_player_visibility_8d0e1f7,string,,Rename players and mini player visibility,Přejmenování hráčů a viditelnost minipřehrávače,
ui_rendering_style_and_history_range_be872e9,string,,Rendering style and history range,Styl vykreslování a rozsah historie,
ui_reorder_and_hide_tabs_39de701,string,,Reorder and hide tabs,Změnit pořadí a skrýt karty,
ui_reorder_cameras_b226c47,string,,Reorder cameras,Změňte pořadí fotoaparátů,
ui_reorder_cards_147ed64,string,,Reorder cards,Změňte pořadí karet,
ui_reorder_devices_8bcc061,string,,Reorder devices,Změňte pořadí zařízení,
ui_repeat_659eba1,string,,Repeat,Opakovat,
ui_repeats_every_day_only_the_time_of_day_is_a71f502,string,,Repeats every day — only the time of day is used.,Opakuje se každý den — používá se pouze denní čas.,
ui_repeats_every_month_only_the_day_of_the_month_93ca445,string,,Repeats every month — only the day of the month and time are used.,Opakuje se každý měsíc — používá se pouze den v měsíci a čas.,
ui_repeats_every_week_only_the_weekday_and_time_are_8f36757,string,,Repeats every week — only the weekday and time are used.,Opakuje se každý týden — používá se pouze den v týdnu a čas.,
ui_repeats_every_year_the_year_is_ignored_so_e_a661f32,string,,"Repeats every year — the year is ignored, so e.g. 24–26 Dec recurs each Christmas.","Opakuje se každý rok — rok je ignorován, takže např. 24.–26. prosince se opakuje každé Vánoce.",
ui_require_an_extra_gesture_or_pin_before_actions_run_19ae393,string,,Require an extra gesture or PIN before actions run,Před spuštěním akcí vyžadovat další gesto nebo PIN,
ui_required_9100e2e,string,, (required),(požadovaný),keep the space at the start/end
ui_required_state_bdc9c95,string,,Required state,Požadovaný stav,
ui_reset_44c57ab,string,,Reset,Resetovat,
ui_reset_everything_2d6cd07,string,,Reset Everything,Obnovit vše,
ui_restart_b134bd5,string,,Restart,Restartujte,
ui_restart_home_assistant_0206bf0,string,,Restart Home Assistant?,Restartovat Home Assistant?,don't translate Home Assistant
ui_restart_home_assistant_551322c,string,,Restart Home Assistant,Restartovat Home Assistant,don't translate Home Assistant
ui_restarting_b86eee1,string,,Restarting…,Restartování…,
ui_restore_3cbe6d6,string,,Restore,Obnovit,
ui_restore_backup_a65eaa8,string,,Restore backup,Obnovit zálohu,
ui_restore_from_cloud_52b6663,string,,Restore from cloud,Obnovení z cloudu,
ui_restore_from_home_assistant_13aec1d,string,,Restore from Home Assistant,Obnovit z Home Assistant,don't translate Home Assistant
ui_resume_adaptation_ac73b12,string,,Resume adaptation,Obnovit adaptaci,
ui_resume_b3bd0b5,string,,Resume,Resumé,
ui_reverse_57f9933,string,,Reverse,Zvrátit,
ui_right_954daa8,string,,Right,Právo,
ui_right_side_overflows_left_d75893d,string,,Right side overflows left,Pravá strana přetéká doleva,
ui_room_areas_584c8ee,string,,Room areas,Oblasti místnosti,
ui_room_climate_c57811d,string,,Room climate,Klima v místnosti,
ui_room_name_8605e33,string,,Room name,Název místnosti,
ui_room_scale_6602c22,string,,room-scale,pokojové měřítko,
ui_rooms_3a28d6f,string,,Rooms,Pokoje,
ui_rooms_are_imported_2ef3415,string,,Rooms are imported,Pokoje jsou dovezeny,
ui_rooms_in_auto_mode_are_imported_from_home_assistant_c583d84,string,,Rooms in auto mode are imported from Home Assistant. Switch to manual or take over the current dashboard to add widgets by hand.,Místnosti v automatickém režimu jsou importovány z Home Assistant. Přepněte na ruční nebo převezměte aktuální řídicí panel a přidejte widgety ručně.,don't translate Home Assistant
ui_rotation_acaf322,string,,rotation,otáčení,
ui_roundness_of_buttons_cards_and_widgets_3573fff,string,,"Roundness of buttons, cards and widgets","Kulatost tlačítek, karet a widgetů",
ui_run_b1b3926,string,,Run,Běh,
ui_run_mode_12ce660,string,,Run mode,Provozní režim,
ui_running_state_entity_3c8ffde,string,,Running-state entity,Subjekt běžícího státu,
ui_s_02aa629,string,,S,S,
ui_s_are_81c69ca,string,,s are,s jsou,
ui_s_refresh_10a9b0b,string,,%1$ss refresh,%1$ss obnovení,keep %1$s
ui_save_efc007a,string,,Save,Uložit,
ui_save_in_home_assistant_eacb2ce,string,,Save in Home Assistant,Uložit do Home Assistant,don't translate Home Assistant
ui_save_local_network_7f0247d,string,,Save Local Network,Uložit místní síť,
ui_save_or_restore_dashboard_configuration_be8f39f,string,,Save or restore dashboard configuration,Uložte nebo obnovte konfiguraci řídicího panelu,
ui_save_profile_f597c0e,string,,Save profile,Uložit profil,
ui_save_remote_access_05740bc,string,,Save Remote Access,Uložit vzdálený přístup,
ui_saved_directly_in_the_native_automation_734f9ba,string,,Saved directly in the native automation,Uloženo přímo v nativní automatizaci,
ui_saving_56a2285,string,,Saving…,Ukládání…,
ui_scanning_36c4a06,string,,Scanning…,Snímání…,
ui_scheduled_1cd1bda,string,,Scheduled,Naplánováno,
ui_search_actions_9313854,string,,Search actions,Vyhledávací akce,
ui_search_automations_9172ba9,string,,Search automations,Vyhledávací automatizace,
ui_search_batteries_a63e58b,string,,Search batteries,Hledání baterií,
ui_search_bce0641,string,,Search,Vyhledávání,
ui_search_by_name_28abc03,string,,Search by name,Hledejte podle jména,
ui_search_devices_2ce0b70,string,,Search devices,Vyhledejte zařízení,
ui_search_entities_7c70008,string,,Search entities,Hledat entity,
ui_search_f54fbca,string,,Search…,Vyhledávání…,
ui_search_filters_3d10e32,string,,Search & filters,Vyhledávání a filtry,
ui_search_sort_9fe6cb4,string,,Search & sort,Hledat a třídit,
ui_search_the_material_design_icon_library_2a2aa8d,string,,Search the Material Design icon library,Prohledejte knihovnu ikon Material Design,
ui_search_widgets_9525879,string,,Search widgets,Hledat widgety,
ui_season_62255f5,string,,Season,Sezóna,
ui_season_card_flip_6683142,string,,season-card-flip,season-card-flip,
ui_secondary_line_ca81690,string,,Secondary line,Sekundární čára,
ui_seconds_5fb1db5,string,,Seconds,Sekundy,
ui_securitydoor_929c4fc,string,,securityDoor,zabezpečeníDveře,
ui_securitygarage_499e9f7,string,,securityGarage,zabezpečeníGaráž,
ui_securitygate_0743480,string,,securityGate,securityGate,
ui_securityhouse_08bd121,string,,securityHouse,zabezpečeníDům,
ui_securityphase_f4739f6,string,,securityPhase,securityPhase,
ui_securitypulse_5340cf8,string,,securityPulse,zabezpečeníPuls,
ui_securitywindow_4619bf3,string,,securityWindow,zabezpečeníWindow,
ui_select_0fc8ec5,string,,Select %1$s,Vyberte %1$s,keep %1$s
ui_select_a_mode_to_continue_0426fc8,string,,Select a mode to continue,Pokračujte výběrem režimu,
ui_select_an_effect_to_turn_it_on_75d9bec,string,,Select an effect to turn it on,"Vyberte efekt, který chcete zapnout",
ui_select_an_inverter_device_in_energy_settings_solar_to_4a0aade,string,,Select an inverter device in Energy Settings → Solar to list its inverters here.,"Vyberte invertorové zařízení v Nastavení energie → Solární, abyste zde uvedli jeho střídače.",
ui_select_an_option_08d7aa3,string,,Select an option,Vyberte možnost,
ui_select_battery_devices_bfc9841,string,,Select Battery Devices,Vyberte Battery Devices,
ui_select_battery_entities_b08b299,string,,Select Battery Entities,Vyberte Entity baterie,
ui_select_battery_sensor_51f1222,string,,Select Battery Sensor,Vyberte Snímač baterie,
ui_select_calendars_and_the_view_shown_first_d5c38b5,string,,Select calendars and the view shown first,Vyberte kalendáře a zobrazení zobrazené jako první,
ui_select_calendars_e26b0da,string,,Select Calendars,Vyberte Kalendáře,
ui_select_camera_70cf6fb,string,,Select Camera,Vyberte Fotoaparát,
ui_select_climate_card_18f3b6e,string,,Select Climate Card,Vyberte Klimatickou kartu,
ui_select_device_87a4751,string,,Select Device,Vyberte Zařízení,
ui_select_door_sensor_f345fbf,string,,Select Door Sensor,Vyberte Snímač dveří,
ui_select_empty_bin_control_d992252,string,,Select Empty Bin Control,Vyberte Kontrola prázdného koše,
ui_select_energy_card_9b5bf0c,string,,Select Energy Card,Vyberte Energetickou kartu,
ui_select_entities_affed45,string,,Select Entities,Vyberte Entity,
ui_select_entity_4b3713e,string,,Select Entity,Vyberte položku Entita,
ui_select_forecast_entities_f0ec511,string,,Select Forecast Entities,Vyberte Entity prognózy,
ui_select_humidity_sensor_8192d0e,string,,Select Humidity Sensor,Vyberte Snímač vlhkosti,
ui_select_map_camera_d5ae262,string,,Select Map Camera,Vyberte Map Camera,
ui_select_media_player_73f4f5b,string,,Select Media Player,Vyberte Přehrávač médií,
ui_select_media_players_e0da90e,string,,Select Media Players,Vyberte Přehrávače médií,
ui_select_outside_3593063,string,,Select outside %1$s,Vybrat mimo %1$s,keep %1$s
ui_select_running_state_entity_136482a,string,,Select running-state entity,Vyberte entitu běžícího stavu,
ui_select_sensor_2564e1a,string,,Select Sensor,Vyberte Snímač,
ui_select_sensors_5141d75,string,,Select Sensors,Vyberte položku Senzory,
ui_select_speed_control_20f7efa,string,,Select speed control,Zvolte ovládání rychlosti,
ui_select_target_entity_654e6ac,string,,Select Target Entity,Vyberte Cílová entita,
ui_select_temperature_sensor_821f54c,string,,Select Temperature Sensor,Vyberte Snímač teploty,
ui_select_the_alarm_panels_summarized_by_this_pill_f9b23e6,string,,Select the alarm panels summarized by this pill,Vyberte panely alarmů shrnuté touto pilulkou,
ui_select_to_auto_detect_map_battery_and_controls_72bc9d7,string,,"Select to auto-detect map, battery and controls","Vyberte pro automatickou detekci mapy, baterie a ovládacích prvků",
ui_select_to_auto_fill_helper_entities_below_84a8833,string,,Select to auto-fill helper entities below,Vyberte pro automatické vyplňování pomocných entit níže,
ui_select_vacuum_4663021,string,,Select Vacuum,Vyberte Vakuum,
ui_select_vacuum_entity_dbda6f4,string,,Select Vacuum Entity,Vyberte položku Vakuová entita,
ui_select_vacuums_7c2d22a,string,,Select Vacuums,Vyberte možnost Vakua,
ui_select_waste_sensors_6006d5f,string,,Select Waste Sensors,Vyberte Waste Senzory,
ui_select_water_level_562845a,string,,Select Water Level,Vyberte Hladinu vody,
ui_select_weather_2357e9d,string,,Select Weather,Vyberte Počasí,
ui_select_weather_entity_d489986,string,,Select Weather Entity,Vyberte entitu počasí,
ui_select_week_calendar_640f382,string,,Select Week Calendar,Vyberte Týdenní kalendář,
ui_selected_61ed328,string,,%1$s selected,%1$s vybráno,keep %1$s
ui_selected_b82aaa5,string,,%1$s · Selected,%1$s · Vybráno,keep %1$s
ui_selected_for_this_card_3c4a588,string,,%1$s selected for this card,Pro tuto kartu vybráno %1$s,keep %1$s
ui_sensor_620ec21,string,,%1$s sensor%2$s,%1$s senzor%2$s,keep %1$s %2$s
ui_sensor_efb9fbf,string,,SENSOR,SENZOR,
ui_sensor_graphs_5eb3573,string,,Sensor Graphs,Grafy senzorů,
ui_sensor_picture_c3a0ed2,string,,Sensor picture,Obrázek snímače,
ui_sensors_711bf35,string,,Sensors,Senzory,
ui_sensors_and_an_optional_week_calendar_399bad3,string,,Sensors and an optional week calendar,Senzory a volitelný týdenní kalendář,
ui_sensors_are_found_automatically_by_device_class_add_sensor_150bab5,string,,%1$s sensors are found automatically by device class; add sensors missing that class here.,"%1$s senzory jsou nalezeny automaticky podle třídy zařízení; přidejte sem senzory, kterým tato třída chybí.",keep %1$s
ui_separate_commercial_content_0408620,string,,Separate commercial content,Samostatný komerční obsah,
ui_server_url_1d5d1ef,string,,Server URL,Adresa URL serveru,
ui_services_data_7864c0a,string,,Services & data,Služby a data,
ui_session_f7f1997,string,,Session,Zasedání,
ui_set_448ab73,string,,Set,Soubor,
ui_set_a_rain_map_image_url_in_this_widget_03729b8,string,,Set a rain map image URL in this widget's settings,Nastavte URL obrázku dešťové mapy v nastavení tohoto widgetu,
ui_set_the_control_style_for_every_thermostat_on_this_de5cd1e,string,,Set the control style for every thermostat on this Climate page. Standalone climate widgets keep their own layout settings.,Nastavte styl ovládání pro každý termostat na této stránce Klima. Samostatné widgety klimatu si uchovávají vlastní nastavení rozvržení.,
ui_set_what_each_person_may_do_per_user_like_aa86ea2,string,,"Set what each person may do — per user, like the hidden views above. These apply when they use a dashboard you shared.","Nastavte, co může každý člověk dělat – podle uživatele, jako výše uvedená skrytá zobrazení. Ty platí, když používají řídicí panel, který jste sdíleli.",
ui_settings_c7f73bb,string,,Settings,Nastavení,
ui_setup_changed_b184bf0,string,,Setup changed,Nastavení změněno,
ui_setup_progress_1a8adef,string,,Setup progress,Průběh nastavení,
ui_shape_and_width_on_the_dashboard_c89fefa,string,,Shape and width on the dashboard,Tvar a šířka na palubní desce,
ui_shape_ea5c1a2,string,,Shape,Tvar,
ui_shape_visible_information_and_icon_behavior_63dec1c,string,,"Shape, visible information, and icon behavior","Tvar, viditelné informace a chování ikon",
ui_share_09ca55c,string,,Share,Podíl,
ui_share_b300e5f,string,,"Share ""%1$s""",Sdílet „%1$s“,keep %1$s
ui_share_dashboards_0917ff1,string,,Share dashboards,Sdílejte řídicí panely,
ui_shared_dashboard_86876c0,string,,Shared dashboard,Sdílený řídicí panel,
ui_shared_with_me_f40ca84,string,,Shared with me,Sdíleno se mnou,
ui_sharing_ad00590,string,,Sharing…,Sdílení…,
ui_show_a_descending_timer_when_the_value_is_a_1ae7350,string,,"Show a descending timer when the value is a completion time (e.g. a washer/dryer finish time). Active while counting, off at zero.","Zobrazit sestupný časovač, když je hodnotou čas dokončení (např. čas dokončení pračky/sušičky). Aktivní při počítání, vypnuto na nule.",
ui_show_a_live_radar_rain_map_card_a_camera_a0e11c8,string,,Show a live radar/rain map card — a camera entity or an embedded web page (iframe),Zobrazit živou kartu radaru/dešťové mapy – entitu kamery nebo vloženou webovou stránku (iframe),
ui_show_activity_badge_f5d56bb,string,,Show activity badge,Zobrazit odznak aktivity,
ui_show_badge_bar_827499b,string,,Show badge bar,Zobrazit lištu odznaků,
ui_show_flows_button_9e888be,string,,Show flows button,Tlačítko Zobrazit toky,
ui_show_global_search_e7aefbe,string,,Show global search,Zobrazit globální vyhledávání,
ui_show_group_380c43e,string,,Show group,Zobrazit skupinu,
ui_show_in_header_43f0dfd,string,,Show in header,Zobrazit v záhlaví,
ui_show_persons_c4e81a0,string,,Show persons,Zobrazit osoby,
ui_show_the_automations_flows_button_16254ce,string,,Show the automations (flows) button,Zobrazit tlačítko automatizace (toků).,
ui_show_the_entity_s_state_or_one_of_its_1008a4d,string,,"Show the entity's state, or one of its attributes instead",Místo toho zobrazte stav entity nebo jeden z jejích atributů,
ui_show_the_entity_s_state_or_one_of_its_e721168,string,,"Show the entity's state, or one of its attributes instead.",Místo toho zobrazte stav entity nebo jeden z jejích atributů.,
ui_show_the_global_search_button_0517d8b,string,,Show the global search button,Zobrazit tlačítko globálního vyhledávání,
ui_show_widget_name_5ad7fc9,string,,Show widget name,Zobrazit název widgetu,
ui_shown_b1015a1,string,,%1$s shown,%1$s zobrazeno,keep %1$s
ui_shows_an_icon_matching_the_waste_type_gft_pmd_1966fe0,string,,"Shows an icon matching the waste type (GFT, PMD, paper, …).","Zobrazuje ikonu odpovídající typu odpadu (GFT, PMD, papír, …).",
ui_side_split_alignment_b9c5399,string,,Side (split alignment),Strana (rozdělené zarovnání),
ui_sign_out_safely_or_reset_this_installation_681fac2,string,,Sign out safely or reset this installation,Bezpečně se odhlaste nebo resetujte tuto instalaci,
ui_signing_you_in_10d0636,string,,Signing you in…,Přihlašování…,
ui_size_shape_and_artwork_4bb38bb,string,,"Size, shape, and artwork","Velikost, tvar a kresba",
ui_size_shape_and_background_24dd9b6,string,,"Size, shape, and background","Velikost, tvar a pozadí",
ui_snapshot_b08ae37,string,,Snapshot,Momentka,
ui_solar_0e26539,string,,Solar,Sluneční,
ui_solar_noon_599372c,string,,Solar noon %1$s,Sluneční poledne %1$s,keep %1$s
ui_sort_d5f73d6,string,,Sort: %1$s,Řadit: %1$s,keep %1$s
ui_source_and_card_refresh_behavior_0a26324,string,,Source and card refresh behavior,Chování zdroje a obnovování karty,
ui_source_device_4ddad2a,string,,Source device,Zdrojové zařízení,
ui_span_badges_58c73f2,string,,Span badges,Span odznaky,
ui_speed_265ffc5,string,,SPEED,RYCHLOST,
ui_speed_control_89a2786,string,,Speed control,Ovládání rychlosti,
ui_spin_a801301,string,,spin,roztočit,
ui_square_82810cb,string,,Square,Náměstí,
ui_stack_cards_8bdc343,string,,Stack Cards,Zásobník karet,
ui_stack_layout_1623679,string,,Stack layout,Rozložení zásobníku,
ui_stack_name_7507e93,string,,Stack name,Název zásobníku,
ui_stack_page_3d91ce9,string,,stack_page,stack_page,
ui_stack_title_46ccc2d,string,,Stack title,Název zásobníku,
ui_stack_title_cc2f1ed,string,,Stack Title,Název zásobníku,
ui_stacks_249f056,string,,Stacks,Hromady,
ui_standard_2dfa660,string,,Standard,Norma,
ui_start_24758a5,string,,Start: %1$s,Začátek: %1$s,keep %1$s
ui_start_empty_25336ee,string,,Start empty,Začněte naprázdno,
ui_start_empty_888db50,string,,Start Empty,Start Empty,
ui_start_new_dashboard_8c71127,string,,Start new dashboard?,Spustit nový řídicí panel?,
ui_start_with_a_useful_recipe_then_adjust_each_step_d560a2a,string,,"Start with a useful recipe, then adjust each step",Začněte s užitečným receptem a poté upravte každý krok,
ui_state_a725020,string,,State,Stát,
ui_state_bef84bb,string,,STATE,STÁT,
ui_state_text_6749c0a,string,,State text,Státní text,
ui_stream_df06386,string,,Stream,Proud,
ui_style_99a0efc,string,,Style,Styl,
ui_sunrise_and_sunset_data_unavailable_3295324,string,,Sunrise and sunset data unavailable,Údaje o východu a západu slunce nejsou k dispozici,
ui_sunrise_fadf71c,string,,Sunrise,Východ slunce,
ui_sunset_181bcd5,string,,Sunset,Západ slunce,
ui_support_f32d5a3,string,,Support,Podpora,
ui_support_via_buy_me_a_coffee_d7dadd1,string,,Support via Buy Me a Coffee,Podpora prostřednictvím Kup mi kávu,
ui_support_via_paypal_7184a5d,string,,Support via PayPal,Podpora přes PayPal,
ui_support_without_premium_0a4aebd,string,,Support without Premium,Podpora bez Premium,
ui_supports_headings_lists_quotes_code_bold_italic_code_strik_e295744,string,,"Supports # headings, lists, > quotes, ``` code, **bold**, *italic*, `code`, ~~strike~~ and [links](https://…).","Podporuje # nadpisy, seznamy, > uvozovky, kód ```, **tučné**, *kurzíva*, `kód`, ~~strike~~ a [odkazy](https://…).",
ui_swing_65d8d45,string,,Swing,Houpačka,
ui_swing_horizontal_c166cda,string,,Swing (horizontal),Houpačka (horizontální),
ui_swipe_left_from_the_upper_right_edge_of_a_416c467,string,,Swipe left from the upper-right edge of a page header to switch homes at any time.,Přejetím doleva z pravého horního okraje záhlaví stránky můžete kdykoli přepnout domovské stránky.,
ui_switch_b02cbd9,string,,SWITCH,PŘEPÍNAČ,
ui_switch_home_e6ceda2,string,,Switch home,Přepnout domů,
ui_system_dark_theme_c7e4ff9,string,,System Dark Theme,Tmavé téma systému,
ui_system_light_theme_5bc7623,string,,System Light Theme,Světlé téma systému,
ui_systems_idle_584a6f0,string,,Systems idle,Systémy nečinné,
ui_t_c2c53d6,string,,T,T,
ui_tabs_and_media_controls_shown_throughout_the_app_5d9c1ff,string,,Tabs and media controls shown throughout the app,Karty a ovládací prvky médií zobrazené v celé aplikaci,
ui_tap_here_or_use_the_button_while_edit_mode_8baf490,string,,Tap here or use the + button while edit mode is active to add widgets to this stack.,"Klepněte sem nebo použijte tlačítko +, když je aktivní režim úprav, pro přidání widgetů do tohoto zásobníku.",
ui_tap_here_or_use_the_button_while_edit_mode_b06aac5,string,,Tap here or use the + button while edit mode is active to add entities to this stack.,"Klepněte sem nebo použijte tlačítko +, když je aktivní režim úprav, a přidejte entity do tohoto zásobníku.",
ui_tap_hold_and_dialog_quick_actions_2052817,string,,"Tap, hold, and dialog quick actions","Rychlé akce klepnutím, podržením a dialogem",
ui_tap_share_to_publish_or_update_d185341,string,,Tap Share to publish or update,Klepnutím na Sdílet publikujte nebo aktualizujte,
ui_tap_to_add_a_weather_card_a3508a9,string,,Tap + to add a weather card,Klepnutím na + přidáte kartu počasí,
ui_tap_to_load_0c49cab,string,,Tap to load,Klepnutím načtete,
ui_tap_x_to_restore_an_entity_to_the_battery_ad0eb75,string,,Tap X to restore an entity to the battery page.,Klepnutím na X obnovíte entitu na stránku baterie.,
ui_target_49d76ad,string,,TARGET (%1$s–%2$s%%),CÍL (%1$s–%2$s%%),keep %1$s %2$s
ui_target_61ad50a,string,,Target,Cíl,
ui_target_entity_optional_cdb68af,string,,Target entity (optional),Cílová entita (volitelné),
ui_target_f762108,string,,TARGET,CÍL,
ui_technology_d018b08,string,,Technology,Technologie,
ui_temperature_0a9062a,string,,Temperature,Teplota,
ui_temperature_and_humidity_sources_for_the_room_8960580,string,,Temperature and humidity sources for the room,Zdroje teploty a vlhkosti v místnosti,
ui_temperature_cc6906a,string,,TEMPERATURE,TEPLOTA,
ui_temperature_sensor_graphed_in_activity_1088c3d,string,,Temperature sensor (graphed in Activity),Teplotní senzor (graficky znázorněný v Aktivitě),
ui_text_054812c,string,,%1$s +%2$s,%1$s +%2$s,keep %1$s %2$s
ui_text_0726b05,string,,%1$s%2$s,%1$s%2$s,keep %1$s %2$s
ui_text_16b6ffd,string,,-%1$s,-%1$s,keep %1$s
ui_text_2cd9114,string,,%1$s (%2$s),%1$s (%2$s),keep %1$s %2$s
ui_text_2fb8748,string,,%1$s · ,%1$s ·,keep %1$s; keep the space at the start/end
ui_text_33e0751,string,,.%1$s,.%1$s,keep %1$s
ui_text_42cae2b,string,,  %1$s°,%1$s°,keep %1$s; keep the space at the start/end
ui_text_4ad598c,string,, · %1$s%%,· %1$s%%,keep %1$s; keep the space at the start/end
ui_text_5256c76,string,,↑ %1$s,↑ %1$s,keep %1$s
ui_text_59f6071,string,,%1$s - %2$s,%1$s – %2$s,keep %1$s %2$s
ui_text_68fdf13,string,,%1$s.,%1$s.,keep %1$s
ui_text_78c505f,string,,%1$s %2$s,%1$s %2$s,keep %1$s %2$s
ui_text_7c73907,string,,↓ %1$s,↓ %1$s,keep %1$s
ui_text_7f1f581,string,,%1$s°,%1$s°,keep %1$s
ui_text_89a38e4,string,,%1$s…,%1$s…,keep %1$s
ui_text_8f71dfd,string,,%1$s. %2$s,%1$s. %2$s,keep %1$s %2$s
ui_text_96dfbd3,string,,%1$s: %2$s%3$s,%1$s: %2$s%3$s,keep %1$s %2$s %3$s
ui_text_9704d5c,string,,%1$s/%2$s - ,%1$s/%2$s -,keep %1$s %2$s; keep the space at the start/end
ui_text_98d3f75,string,,✓ %1$s,✓ %1$s,keep %1$s
ui_text_9e5a283,string,,%1$s×,%1$s×,keep %1$s
ui_text_a105b80,string,,%1$s/%2$s,%1$s/%2$s,keep %1$s %2$s
ui_text_be10035,string,, · %1$s,· %1$s,keep %1$s; keep the space at the start/end
ui_text_c1aacd9,string,,%1$s · %2$s,%1$s · %2$s,keep %1$s %2$s
ui_text_c3328c3,string,,Text,Text,
ui_text_c79f712,string,,%1$s,%1$s,keep %1$s
ui_text_cc9d930,string,,%1$s — %2$s %3$s,%1$s — %2$s %3$s,keep %1$s %2$s %3$s
ui_text_df0282e,string,,%1$s: %2$s,%1$s: %2$s,keep %1$s %2$s
ui_text_f168b71,string,,+%1$s,+%1$s,keep %1$s
ui_text_fc9db15,string,,%1$s%%,%1$s%%,keep %1$s
ui_text_size_boldness_and_font_family_365f489,string,,"Text size, boldness and font family","Velikost textu, tučnost a rodina písem",
ui_that_profile_35adbf0,string,,that profile,ten profil,
ui_the_effect_used_when_a_button_s_animation_is_7cce891,string,,"The effect used when a button's animation is set to ""Auto"". You can still override any individual button.","Efekt použitý, když je animace tlačítka nastavena na ""Auto"". Stále můžete přepsat libovolné jednotlivé tlačítko.",
ui_the_exact_dates_you_pick_leave_a_bound_as_19357e8,string,,"The exact dates you pick. Leave a bound as ""Any"" for an open-ended range.","Přesná data, která si vyberete. Pro rozsah s otevřeným koncem ponechte mez jako „Jakýkoli“.",
ui_the_heading_shown_between_dashboard_sections_b03805f,string,,The heading shown between dashboard sections,Nadpis zobrazený mezi sekcemi řídicího panelu,
ui_the_hki_7_community_source_code_is_free_and_f4f3f51,string,,"The HKI 7 community source code is free and open source under the Mozilla Public License 2.0. You may use, study, modify, and redistribute it. When you distribute modified MPL-covered files, those files and their source must remain available under MPL-2.0.","Zdrojový kód komunity HKI 7 je bezplatný a open source pod licencí Mozilla Public License 2.0. Můžete jej používat, studovat, upravovat a dále distribuovat. Když distribuujete upravené soubory pokryté MPL, tyto soubory a jejich zdroj musí zůstat dostupné pod MPL-2.0.",don't translate HKI 7
ui_the_hki_7_name_and_logos_are_project_trademarks_985ffec,string,,"The HKI 7 name and logos are project trademarks and are not granted for misleading redistribution. Home Assistant and other third-party names, libraries, fonts, and artwork remain subject to their respective licenses and trademarks. The software is provided without warranty, as described by MPL-2.0.","Název a loga HKI 7 jsou ochranné známky projektu a nejsou uděleny za zavádějící redistribuci. Home Assistant a další názvy, knihovny, písma a umělecká díla třetích stran zůstávají předmětem příslušných licencí a ochranných známek. Software je poskytován bez záruky, jak je popsáno v MPL-2.0.","don't translate Home Assistant, HKI 7"
ui_the_interface_is_built_with_jetpack_compose_coroutines_and_fe7f52d,string,,"The interface is built with Jetpack Compose. Coroutines and Flow handle live state, while JSON and YAML-compatible data keep HKI 7 connected with Home Assistant.","Rozhraní je vytvořeno pomocí Jetpack Compose. Coroutines a Flow se starají o živý stav, zatímco data kompatibilní s JSON a YAML udržují HKI 7 propojené s Home Assistant.","don't translate Home Assistant, HKI 7"
ui_the_open_source_community_core_remains_usable_without_prem_d83ff8a,string,,The open-source community core remains usable without Premium. Premium purchases fund extra visual content and continued development; they do not remove the freedoms granted for MPL-covered files.,Open-source komunitní jádro zůstává použitelné i bez Premium. Prémiové nákupy financují další vizuální obsah a pokračující vývoj; neodstraňují svobody udělené pro soubory s MPL.,
ui_the_page_starts_empty_with_its_own_header_and_5a325c0,string,,"The page starts empty with its own header and page settings, while keeping the Home widget catalogue.","Stránka začíná prázdná s vlastním záhlavím a nastavením stránky, při zachování katalogu widgetů Domů.",
ui_the_quick_brown_fox_jumps_over_the_lazy_dog_2204ad2,string,,The quick brown fox jumps over the lazy dog — 0123456789,Rychlá hnědá liška skáče přes líného psa — 0123456789,
ui_the_room_header_and_card_show_a_single_player_3e24a17,string,,"The room header and card show a single player's media, or an active-player count when multiple players are selected.","Záhlaví a karta místnosti zobrazují média jednoho hráče nebo počet aktivních hráčů, pokud je vybráno více hráčů.",
ui_the_text_shown_on_the_dashboard_fff5c98,string,,The text shown on the dashboard,Text zobrazený na palubní desce,
ui_the_web_page_shown_on_this_card_ce97bfd,string,,The web page shown on this card,Webová stránka zobrazená na této kartě,
ui_theme_a797e30,string,,Theme,Téma,
ui_theme_and_navigation_bar_474ee6b,string,,Theme and navigation bar,Téma a navigační lišta,
ui_thermostat_dial_e6af91b,string,,Thermostat dial,Číselník termostatu,
ui_thermostats_601da0c,string,,Thermostats,Termostaty,
ui_thermostats_ac_7d2ace4,string,,Thermostats & AC,Termostaty a klimatizace,
ui_these_are_stored_in_the_cloud_import_one_to_558c62d,string,,"These are stored in the cloud. Import one to edit or re-share it, or delete it to remove it from everyone. Your edits are also pushed automatically when you open the app.","Ty jsou uloženy v cloudu. Importujte jednu, chcete-li ji upravit nebo znovu sdílet, nebo ji smažte, abyste ji odstranili ze všech. Vaše úpravy jsou také automaticky přeneseny při otevření aplikace.",
ui_these_links_open_in_your_browser_tips_do_not_049b881,string,,These links open in your browser. Tips do not unlock Premium features and do not create an obligation to provide individual support.,Tyto odkazy se otevírají ve vašem prohlížeči. Tipy neodemykají prémiové funkce a nezakládají povinnost poskytovat individuální podporu.,
ui_these_permissions_are_optional_and_can_be_changed_later_aa7a106,string,,These permissions are optional and can be changed later in Android Settings.,Tato oprávnění jsou volitelná a lze je později změnit v Nastavení systému Android.,
ui_thin_100_9e7a443,string,,Thin (-100),Tenký (-100),
ui_thinner_200_6ae7a6f,string,,Thinner (-200),Ředidlo (-200),
ui_this_action_does_not_use_an_entity_target_5952444,string,,This action does not use an entity target.,Tato akce nepoužívá cíl entity.,
ui_this_action_has_no_required_target_or_additional_fields_987a410,string,,This action has no required target or additional fields.,Tato akce nemá žádný povinný cíl ani další pole.,
ui_this_automation_is_managed_outside_home_assistant_s_ui_89d26f5,string,,"This automation is managed outside Home Assistant's UI (usually YAML). HKI7 can show it, but will not overwrite it.","Tato automatizace je spravována mimo uživatelské rozhraní Home Assistant (obvykle YAML). HKI7 jej může zobrazit, ale nepřepíše ho.","don't translate Home Assistant, HKI7"
ui_this_card_uses_its_own_entities_e572388,string,,This card uses its own entities,Tato karta používá své vlastní entity,
ui_this_dashboard_is_currently_being_generated_from_home_assi_470200d,string,,This dashboard is currently being generated from Home Assistant. You can edit rooms as soon as the one-time import finishes.,"Tento řídicí panel se aktuálně generuje z Home Assistant. Místnosti můžete upravovat, jakmile jednorázový import skončí.",don't translate Home Assistant
ui_this_entity_2ddd36d,string,,This entity,Tato entita,
ui_this_entity_has_no_attributes_to_show_b09f4c9,string,,This entity has no attributes to show.,Tato entita nemá žádné atributy k zobrazení.,
ui_this_light_is_paused_for_manual_control_706bffa,string,,This light is paused for manual control.,Toto světlo je pozastaveno pro ruční ovládání.,
ui_this_name_is_used_when_the_device_registers_with_8aba2f2,string,,This name is used when the device registers with Home Assistant.,"Tento název se používá, když se zařízení zaregistruje u Home Assistant.",don't translate Home Assistant
ui_this_permanently_removes_this_dashboard_and_its_room_and_8087734,string,,This permanently removes this dashboard and its room and page configuration.,To trvale odstraní tento řídicí panel a jeho konfiguraci místnosti a stránky.,
ui_this_removes_all_imported_battery_entities_from_this_view_7a74283,string,,This removes all imported battery entities from this view.,Tím se z tohoto zobrazení odeberou všechny importované entity baterie.,
ui_this_removes_all_imported_climate_entities_from_this_view_713f511,string,,This removes all imported climate entities from this view.,Tím se z tohoto zobrazení odstraní všechny importované klimatické entity.,
ui_this_removes_all_imported_energy_entities_from_this_view_7397917,string,,This removes all imported energy entities from this view.,Tím se z tohoto pohledu odstraní všechny importované energetické entity.,
ui_this_removes_all_imported_rooms_and_floors_from_this_d1cbbff,string,,This removes all imported rooms and floors from this view.,Tím se z tohoto zobrazení odeberou všechny importované místnosti a podlaží.,
ui_this_removes_all_imported_security_entities_from_this_view_6443e5c,string,,This removes all imported security entities from this view.,Tím se z tohoto zobrazení odeberou všechny importované entity zabezpečení.,
ui_this_removes_its_login_mobile_app_registration_details_and_69afc19,string,,"This removes its login, mobile-app registration details, and HKI dashboards from this device. The Home Assistant server itself is not changed.","Tím se z tohoto zařízení odstraní jeho přihlašovací údaje, podrobnosti o registraci mobilní aplikace a řídicí panely HKI. Samotný server Home Assistant se nezmění.",don't translate Home Assistant
ui_this_removes_the_native_automation_from_home_assistant_thi_2a48e1a,string,,This removes the native automation from Home Assistant. This cannot be undone from HKI7.,Tím se odstraní nativní automatizace z Home Assistant. Tuto akci nelze z HKI7 vrátit zpět.,"don't translate Home Assistant, HKI7"
ui_this_removes_the_shared_dashboard_from_the_cloud_for_4bab01c,string,,This removes the shared dashboard from the cloud for everyone. People currently using it fall back to an auto-generated dashboard. Their local copies aren't touched until they next open the app.,"Tímto odeberete sdílený řídicí panel z cloudu pro všechny. Lidé, kteří jej aktuálně používají, se vrátí k automaticky generovanému řídicímu panelu. Jejich místní kopie se nedotknou, dokud aplikaci znovu nespustí.",
ui_this_runs_on_a_small_free_home_assistant_add_f46f2e3,string,,"This runs on a small, free Home Assistant add-on (the HKI 7 Cloud component). It isn't on HACS by default yet, so add it as a custom repository — the app then handles everything else.","Toto běží na malém bezplatném doplňku Home Assistant (komponenta HKI 7 Cloud). Ve výchozím nastavení ještě není na HACS, takže jej přidejte jako vlastní úložiště – aplikace pak zvládne vše ostatní.","don't translate HKI 7 Cloud, Home Assistant"
ui_this_source_code_form_is_subject_to_the_terms_c8e4e24,string,,"This Source Code Form is subject to the terms of the Mozilla Public License, v. 2.0. If a copy of the MPL was not distributed with this file, you can obtain one at mozilla.org/MPL/2.0/.","Tento formulář zdrojového kódu podléhá podmínkám veřejné licence Mozilla, v. 2.0. Pokud kopie MPL nebyla distribuována s tímto souborem, můžete ji získat na mozilla.org/MPL/2.0/.",
ui_this_stack_has_no_items_0f92c8d,string,,This stack has no items.,Tento zásobník neobsahuje žádné položky.,
ui_this_travels_with_the_dashboard_so_cloud_backups_and_1dd603d,string,," This travels with the dashboard, so cloud backups and family sharing keep it.","To cestuje s řídicím panelem, takže zálohování v cloudu a rodinné sdílení si to udrží.",keep the space at the start/end
ui_tile_2dd2c66,string,,Tile,Dlaždice,
ui_tilt_aceae6f,string,,TILT,NÁKLON,
ui_time_6c82e6d,string,,Time,Čas,
ui_time_range_9257117,string,,Time Range,Časový rozsah,
ui_title_768e0c1,string,,Title,Titul,
ui_title_collapse_behavior_and_dashboard_width_a64a590,string,,"Title, collapse behavior, and dashboard width","Název, chování sbalení a šířka řídicího panelu",
ui_title_collapse_behavior_and_width_dd2b475,string,,"Title, collapse behavior, and width","Název, chování sbalení a šířka",
ui_title_optional_932fc13,string,,Title (optional),Název (volitelné),
ui_title_width_and_icon_41ec073,string,,"Title, width, and icon","Název, šířka a ikona",
ui_to_state_2a995a1,string,,To state,Konstatovat,
ui_today_24345a1,string,,Today,Dnes,
ui_tomorrow_1948bf2,string,,Tomorrow,Zítra,
ui_top_consumers_0199dbf,string,,Top consumers,Nejlepší spotřebitelé,
ui_tracking_number_4e40c54,string,,Tracking number,Sledovací číslo,
ui_try_again_042c862,string,,Try again,Zkuste to znovu,
ui_try_the_demo_home_no_server_needed_bc58247,string,,Try the demo home — no server needed,Vyzkoušejte domovskou ukázku – není potřeba žádný server,
ui_turn_off_all_3a7a2b0,string,,Turn off all,Vypněte vše,
ui_turn_on_a5aa418,string,,Turn On,Zapnout,
ui_turn_the_light_on_to_access_controls_25f4ad6,string,,Turn the light on to access controls,Pro přístup k ovládacím prvkům rozsviťte světlo,
ui_turn_the_notification_connection_channel_off_on_the_next_cdddec0,string,,"Turn the ""Notification connection"" channel off on the next screen — the connection keeps working, only its notification disappears.","Na další obrazovce vypněte kanál ""Připojení upozornění"" — připojení funguje dál, pouze jeho upozornění zmizí.",
ui_two_rows_1b1737f,string,,Two rows,Dvě řady,
ui_type_3deb745,string,,Type,Typ,
ui_type_icon_839142a,string,,Type icon,Zadejte ikonu,
ui_unable_to_connect_8207f1b,string,,Unable to connect,Nelze se připojit,
ui_unit_f6b935a,string,,Unit,Jednotka,
ui_unknown_bc7819b,string,,Unknown,Neznámý,
ui_unknown_energy_card_b8e46de,string,,Unknown energy card: %1$s,Neznámá energetická karta: %1$s,keep %1$s
ui_unlock_1526a17,string,,Unlock,Odemknout,
ui_unlock_button_ad521c4,string,,Unlock button,Tlačítko pro odemknutí,
ui_unlock_method_dff380e,string,,Unlock method,Metoda odemknutí,
ui_unlocked_b3da702,string,,Unlocked,Odemčený,
ui_unrestricted_background_cebdb1e,string,,Unrestricted background,Neomezené pozadí,
ui_untitled_621521f,string,,Untitled,Bez názvu,
ui_untitled_event_ef8d264,string,,Untitled event,Akce bez názvu,
ui_upcoming_523baab,string,,Upcoming,Nadcházející,
ui_update_fb91e24,string,,Update,Aktualizovat,
ui_update_location_now_d338c2c,string,,Update Location Now,Aktualizujte polohu,
ui_updated_62d2331,string,,Updated %1$s,Aktualizováno %1$s,keep %1$s
ui_url_https_a1a19ec,string,,URL (https://…),URL (https://…),
ui_usage_overview_fc2eefc,string,,Usage overview,Přehled použití,
ui_use_1d4d43c,string,,Use,Použití,
ui_use_a_dashboard_an_admin_has_shared_with_you_8b1cfdb,string,,Use a dashboard an admin has shared with you.,"Použijte panel, který s vámi sdílí administrátor.",
ui_use_a_family_shared_dashboard_9b8ab51,string,,Use a family shared dashboard,Použijte rodinný sdílený řídicí panel,
ui_use_a_recognizable_name_such_as_kitchen_tablet_or_ca9f431,string,,"Use a recognizable name, such as ‘Kitchen tablet’ or ‘Jimmy’s phone’.","Použijte rozpoznatelný název, například „Kuchyňský tablet“ nebo „Jimmyho telefon“.",
ui_use_family_shared_dashboard_28e06c2,string,,Use family shared dashboard,Používejte rodinný sdílený hlavní panel,
ui_used_6a4ebbf,string,,Used %1$s,Použité %1$s,keep %1$s
ui_uses_hki_7_s_private_google_drive_storage_enable_0559ced,string,,Uses HKI 7's private Google Drive storage. Enable it once to create an immediate backup and then back up automatically every day.,"Používá soukromé úložiště Google Drive HKI 7. Povolte jej jednou, chcete-li vytvořit okamžitou zálohu a poté automaticky zálohovat každý den.","don't translate Google Drive, HKI 7"
ui_uses_the_sun_entity_configured_in_weather_settings_e580a39,string,,Uses the Sun entity configured in Weather settings.,Používá entitu Slunce nakonfigurovanou v nastavení počasí.,
ui_using_a_shared_dashboard_applies_the_permissions_the_admin_a337a76,string,,Using a shared dashboard applies the permissions the admin set for it.,"Použití sdíleného řídicího panelu použije oprávnění, která pro něj správce nastavil.",
ui_using_the_climate_view_s_entities_8befb0f,string,,Using the Climate view's entities,Použití entit pohledu Klima,
ui_using_the_energy_view_s_entities_7ca9bed,string,,Using the Energy view's entities,Použití entit pohledu Energie,
ui_vacuum_5fe15df,string,,Vacuum,Vakuum,
ui_vacuum_device_3deae52,string,,Vacuum device,Vakuové zařízení,
ui_vacuum_entities_c7da1d7,string,,Vacuum entities,Vakuové entity,
ui_vacuum_map_8236541,string,,Vacuum map,Vakuová mapa,
ui_vacuum_stack_b93d3b7,string,,Vacuum Stack,Vakuový zásobník,
ui_vertical_slider_e09cef1,string,,Vertical slider,Vertikální posuvník,
ui_view_on_github_0c77991,string,,View on GitHub,Zobrazit na GitHubu,
ui_visibility_7d9ff4f,string,,Visibility,Viditelnost,
ui_visibility_alignment_and_overflow_behavior_467f44f,string,,"Visibility, alignment, and overflow behavior","Viditelnost, zarovnání a chování při přetečení",
ui_visibility_and_ordering_in_the_page_header_0f9e3d8,string,,Visibility and ordering in the page header,Viditelnost a řazení v záhlaví stránky,
ui_visible_during_791f42c,string,,Visible during,Viditelné během,
ui_visible_persons_4b7ae6c,string,,Visible persons,Viditelné osoby,
ui_visual_style_bc567f3,string,,Visual style,Vizuální styl,
ui_w_e2415cb,string,,W,W,
ui_waiting_for_home_assistant_af224aa,string,,Waiting for Home Assistant,Čekání na Home Assistant,don't translate Home Assistant
ui_wallpaper_and_an_optional_custom_color_f4f12f1,string,,Wallpaper and an optional custom color,Tapeta a volitelná vlastní barva,
ui_wallpaper_and_optional_custom_color_0dc6738,string,,Wallpaper and optional custom color,Tapeta a volitelná vlastní barva,
ui_wallpaper_url_or_path_e208631,string,,Wallpaper URL or path,URL tapety nebo cesta,
ui_waste_collection_7cdf205,string,,Waste Collection,Sběr odpadu,
ui_waste_sensors_8bfd3ec,string,,Waste sensors,Senzory odpadu,
ui_watch_d91ebf5,string,,Watch,Hodinky,
ui_water_5480538,string,,Water: %1$s,Voda: %1$s,keep %1$s
ui_water_de9b1be,string,,Water,Voda,
ui_water_level_optional_fallback_61b2be5,string,,Water level (optional fallback),Hladina vody (volitelně záložní),
ui_water_meters_imported_from_home_assistant_s_energy_dashboa_b1ac157,string,,Water meters imported from Home Assistant's Energy dashboard.,Vodoměry importované z řídicího panelu Energy společnosti Home Assistant.,don't translate Home Assistant
ui_we_ll_check_your_home_network_first_you_can_c7ca0f0,string,,We'll check your home network first; you can also enter an address,Nejprve zkontrolujeme vaši domácí síť; můžete také zadat adresu,
ui_weather_284af3e,string,,Weather,Počasí,
ui_weather_card_0c6594c,string,,Weather Card,Počasí Card,
ui_weather_details_bc94175,string,,Weather details,Podrobnosti o počasí,
ui_weather_entities_0a2c547,string,,Weather entities,Entity počasí,
ui_weather_entity_402cbd9,string,,Weather entity,Entita počasí,
ui_weather_source_778baeb,string,,Weather source,Zdroj počasí,
ui_weather_stack_4d4f763,string,,Weather Stack,Počasí Stack,
ui_weather_type_fe0b7cc,string,,Weather Type,Typ počasí,
ui_web_address_url_55052c9,string,,Web address (URL),webová adresa (URL),
ui_week_calendar_shown_in_the_dialog_6d4f28b,string,,Week calendar (shown in the dialog),Týdenní kalendář (zobrazený v dialogu),
ui_welcome_to_hki_7_9e317bb,string,,Welcome to HKI 7,Vítejte v HKI 7,don't translate HKI 7
ui_what_hki_7_is_and_how_it_is_built_247bace,string,,What HKI 7 is and how it is built,Co je HKI 7 a jak se staví,don't translate HKI 7
ui_what_it_does_ca032b5,string,,What it does,Co to dělá,
ui_what_s_new_4d8dc5f,string,,What's new,Co je nového,
ui_when_769bb19,string,,When,Když,
ui_when_and_if_then_dd86ebe,string,,When · And if · Then,Kdy · A pokud · Pak,
ui_when_reporting_a_problem_include_your_android_version_home_784a4e6,string,,"When reporting a problem, include your Android version, Home Assistant version, the affected entity or integration, and clear steps to reproduce it. Removing private URLs, tokens, names, and location data first helps keep support safe.","Při nahlašování problému uveďte svou verzi Androidu, verzi Home Assistant, dotčenou entitu nebo integraci a jasné kroky k jejich reprodukci. Odstranění soukromých adres URL, tokenů, názvů a údajů o poloze nejprve pomůže udržet podporu v bezpečí.",don't translate Home Assistant
ui_when_the_value_is_a_completion_time_e_g_7dce367,string,,"When the value is a completion time (e.g. a washer/dryer finish time), show a descending timer. The button reads active while counting and turns off at zero.","Když je hodnotou čas dokončení (např. čas dokončení pračky/sušičky), zobrazte sestupný časovač. Tlačítko je aktivní během počítání a zhasne při nule.",
ui_widget_height_b26de24,string,,Widget height,Výška widgetu,
ui_widget_name_55e5340,string,,Widget name,Název widgetu,
ui_widget_presentation_a3a8cdc,string,,Widget presentation,Widget prezentace,
ui_widget_width_1d89599,string,,Widget width,Šířka widgetu,
ui_width_a58ddf5,string,,Width,Šířka,
ui_width_and_height_6ed6746,string,,Width and height,Šířka a výška,
ui_width_and_optional_icon_671e2ef,string,,Width and optional icon,Šířka a volitelná ikona,
ui_width_columns_and_container_shape_984a191,string,,"Width, columns, and container shape","Šířka, sloupce a tvar nádoby",
ui_width_shape_and_collapse_behavior_7abc6f4,string,,"Width, shape, and collapse behavior","Chování šířky, tvaru a sbalení",
ui_wind_142b575,string,,Wind,Vítr,
ui_worth_watching_a3d46c7,string,,Worth watching,Stojí za zhlédnutí,
ui_would_you_like_to_add_an_existing_camera_entity_00d5bc3,string,,Would you like to add an existing camera entity or a custom URL?,Chcete přidat existující entitu kamery nebo vlastní adresu URL?,
ui_write_the_information_shown_on_this_card_4ca5db7,string,,Write the information shown on this card,Napište informace zobrazené na této kartě,
ui_you_can_help_by_testing_new_builds_reporting_reproducible_5310461,string,,"You can help by testing new builds, reporting reproducible bugs, suggesting thoughtful improvements, helping with translations or documentation, sharing HKI 7 with other Home Assistant users, and giving constructive feedback.","Můžete pomoci testováním nových sestavení, hlášením reprodukovatelných chyb, navrhováním promyšlených vylepšení, pomocí s překlady nebo dokumentací, sdílením HKI 7 s ostatními uživateli Home Assistant a poskytováním konstruktivní zpětné vazby.","don't translate Home Assistant, HKI 7"
ui_you_re_exploring_the_built_in_sample_home_63c2ad1,string,,You're exploring the built-in sample home,Prozkoumáváte vestavěný ukázkový domov,
ui_your_automations_and_devices_will_be_unavailable_briefly_h_8a8572e,string,,Your automations and devices will be unavailable briefly. HKI7 will reconnect automatically when Home Assistant is ready.,"Vaše automatizace a zařízení budou krátce nedostupné. HKI7 se automaticky znovu připojí, jakmile bude Home Assistant připraveno.","don't translate Home Assistant, HKI7"
ui_your_dashboard_is_ready_0719f75,string,,Your dashboard is ready,Váš přístrojový panel je připraven,
ui_your_home_72412fa,string,,Your home,Tvůj domov,
ui_your_location_is_shared_only_with_your_own_home_c75bd6d,string,,Your location is shared only with your own Home Assistant server. It is ,Vaše poloha je sdílena pouze s vaším vlastním Home Assistant serverem. To je,don't translate Home Assistant; keep the space at the start/end
logs_title,string,,Connection log,Protokol připojení,
logs_subtitle,string,,What the app's connection to Home Assistant has been doing,Co dělalo připojení aplikace k Home Assistant,don't translate Home Assistant
logs_empty,string,,Connection log,Protokol připojení,
logs_empty_hint,string,,"Nothing logged yet. Connection attempts, reconnects, sync and subscriptions appear here as they happen.","Zatím není nic přihlášeno. Pokusy o připojení, opětovné připojení, synchronizace a odběry se zde zobrazují tak, jak k nim dojde.",
logs_count,string,,Connection log (%1$d),Protokol připojení (%1$d),keep %1$d
logs_copy,string,,Copy the log,Zkopírujte protokol,
logs_clear,string,,Clear the log,Vymažte protokol,
logs_show_all,string,,Show all %1$d,Zobrazit vše %1$d,keep %1$d
logs_show_less,string,,Show less,Ukažte méně,
parcel_letter_count,plural,one,%1$d letter,%1$d dopis,keep %1$d
parcel_letter_count,plural,other,%1$d letters,%1$d písmen,keep %1$d
parcel_letter_count,plural,few,,%1$d písmen,
parcel_letter_count,plural,many,,%1$d písmen,
spacer_empty_button,string,,Empty button,Prázdné tlačítko,
spacer_empty_button_description,string,,Transparent placeholder that only reserves space,"Transparentní zástupný symbol, který pouze rezervuje místo",
spacer_add_empty_button,string,,Add empty button,Přidat prázdné tlačítko,
popup_custom_popup,string,,Custom popup,Vlastní vyskakovací okno,
popup_choose,string,,Choose a popup,Vyberte vyskakovací okno,
popup_none_yet,string,,No popups yet,Zatím žádná vyskakovací okna,
popup_new,string,,New popup,Nové vyskakovací okno,
popup_default_name,string,,New popup,Nové vyskakovací okno,
popup_name,string,,Popup name,Název vyskakovacího okna,
popup_edit_contents,string,,Edit contents,Upravit obsah,
popup_delete,string,,Delete popup,Smazat vyskakovací okno,
popup_status_entity,string,,Status entity,Stavová entita,
popup_status_entity_hint,string,,Optional. Its state fills the dialog's status line and adds the history view.,Volitelný. Jeho stav vyplní stavový řádek dialogu a přidá zobrazení historie.,
popup_settings_subtitle,string,,"Name, icon, and status entity","Název, ikona a entita stavu",
popup_shared_hint,string,,Popups are shared: other buttons can open this same popup.,Vyskakovací okna jsou sdílená: stejné vyskakovací okno lze otevřít jinými tlačítky.,
popup_empty,string,,This popup is empty. Tap Edit to add widgets.,Toto vyskakovací okno je prázdné. Klepnutím na Upravit přidáte widgety.,
popup_settings_title,string,,Popups,Vyskakovací okna,
popup_settings_subtitle_section,string,,Build and edit your custom popups,Vytvářejte a upravujte svá vlastní vyskakovací okna,
popup_settings_hint,string,,"Popups open from a button, badge, or dialog button set to the Custom popup action. Edit contents opens the popup itself so you can arrange its widgets.","Vyskakovací okna se otevírají z tlačítka, odznaku nebo dialogového tlačítka nastaveného na akci Vlastní vyskakovací okno. Upravit obsah otevře samotné vyskakovací okno, takže můžete uspořádat jeho widgety.",
button_icon_only,string,,Icon only,Pouze ikona,
button_icon_size,string,,Icon size,Velikost ikony,
button_icon_size_description,string,,"Auto shrinks the icon as the stack gains columns, so it still fits a narrow button.","Auto zmenšuje ikonu, jak zásobník získává sloupce, takže se stále vejde na úzké tlačítko.",
button_icon_size_auto,string,,Auto,Auto,
button_icon_size_value,string,,%1$d dp,%1$d dp,keep %1$d
stack_child_icon_only,string,,Icon only for every button,Ikona pouze pro každé tlačítko,
stack_child_icon_only_description,string,,"Applies to all buttons in this stack, so you don't have to set it on each one.","Platí pro všechna tlačítka v tomto zásobníku, takže jej nemusíte nastavovat u každého z nich.",
stack_child_icon_size,string,,Icon size for every button,Velikost ikony pro každé tlačítko,
button_icon_only_description,string,,"Hide the name and state, centering the icon on the button",Skryjte název a stav a vycentrujte ikonu na tlačítku,
action_button,string,,Action button,Akční tlačítko,
action_button_description,string,,"A button without an entity: give it a name, an icon, and any action","Tlačítko bez entity: dejte mu název, ikonu a jakoukoli akci",
action_button_add,string,,Add action button,Tlačítko Přidat akci,
action_badge_add,string,,Add action badge,Přidejte akční odznak,
security_entity_count,plural,one,%1$d entity,%1$d entity,keep %1$d
security_entity_count,plural,other,%1$d entities,%1$d entity,keep %1$d
security_entity_count,plural,few,,%1$d entity,
security_entity_count,plural,many,,%1$d entity,
family_permission_switch_dashboards,string,,Allow switching dashboards,Povolit přepínání řídicích panelů,
family_permission_switch_dashboards_subtitle,string,,Let this person load another existing dashboard,Umožněte této osobě načíst jiný existující řídicí panel,
family_permission_create_dashboards,string,,Allow creating dashboards,Povolit vytváření řídicích panelů,
family_permission_create_dashboards_subtitle,string,,Let this person create or duplicate dashboards,Umožněte této osobě vytvářet nebo duplikovat řídicí panely,
family_dashboard_tab_locked,string,,Locked by family permissions,Uzamčeno oprávněními rodiny,
family_dashboard_access_lost_title,string,,Family access removed,Rodinný přístup byl odebrán,
family_dashboard_access_lost_message,string,,"You no longer have access to HKI 7 through this family dashboard. Choose another dashboard shared with you, or use any other option your family permissions allow.","Prostřednictvím tohoto rodinného panelu již nemáte přístup k HKI 7. Vyberte jiný řídicí panel, který s vámi sdílíme, nebo použijte jakoukoli jinou možnost, kterou umožňují vaše rodinná oprávnění.",don't translate HKI 7
family_access_manage,string,,Manage access,Spravovat přístup,
family_access_title,string,,Who can see %1$s,Kdo může vidět %1$s,keep %1$s
family_access_description,string,,Add or remove people. Everyone you remove loses this dashboard the next time their app syncs.,"Přidat nebo odebrat lidi. Každý, koho odeberete, o tento řídicí panel přijde při příští synchronizaci aplikace.",
family_access_shared_everyone,string,,Shared with everyone,Sdíleno se všemi,
family_access_shared_nobody,string,,Shared with no one,Sdíleno s nikým,
family_access_shared_with,string,,Shared with %1$s,Sdíleno s %1$s,keep %1$s
family_access_unknown_user,string,,Unknown user,Neznámý uživatel,
family_access_revoke_warning,string,,"Losing access deletes their copy of this dashboard, along with any colours, icons, and names they changed on it.","Ztráta přístupu smaže jejich kopii tohoto řídicího panelu spolu se všemi barvami, ikonami a názvy, které na něm změnili.",
family_versions_title,string,,HKI versions,verze HKI,
family_versions_description,string,,Which HKI build each family device is running. This device is on %1$s. A device appears once it has opened HKI 7 1.0.0-beta.18 or newer at least once.,"Které sestavení HKI každé rodinné zařízení běží. Toto zařízení je na %1$s. Zařízení se objeví, jakmile alespoň jednou otevře HKI 7 1.0.0-beta.18 nebo novější.",keep %1$s; don't translate HKI 7
family_versions_empty,string,,No family devices have reported a version yet.,Žádná rodinná zařízení zatím nehlásila verzi.,
family_versions_loading,string,,Loading family devices…,Načítání rodinných zařízení…,
family_versions_unavailable,string,,Home Assistant could not return the family device list. Check that HKI 7 Cloud is up to date.,"Home Assistant nemohl vrátit seznam rodinných zařízení. Zkontrolujte, zda je HKI 7 Cloud aktuální.","don't translate HKI 7 Cloud, Home Assistant"
family_versions_outdated,string,,Older than yours,Starší než tvoje,
family_versions_android,string,,Android %1$s,Android %1$s,keep %1$s
family_versions_reported,string,,reported %1$s,nahlášeno %1$s,keep %1$s
family_versions_forget,string,,Forget this device,Zapomeňte na toto zařízení,
family_versions_forget_hint,string,,Forgetting a device only clears it from this list. One that is still in use reappears the next time its app opens.,"Zapomenutím zařízení se pouze vymaže z tohoto seznamu. Ten, který se stále používá, se znovu objeví při příštím otevření jeho aplikace.",
family_versions_nudge,string,,Ask to update to %1$s,Požádat o aktualizaci na %1$s,keep %1$s
family_versions_nudge_clear,string,,Cancel update request,Zrušit požadavek na aktualizaci,
family_versions_nudge_pending,string,,Waiting for this device to update to %1$s. The request clears itself once it does.,"Čeká se, až se toto zařízení aktualizuje na %1$s. Jakmile se požadavek vymaže, sám se vymaže.",keep %1$s
family_require_title,string,,Require an HKI version,Vyžadovat verzi HKI,
family_require_description,string,,"Everyone below the version you require is asked to update before they can keep using HKI. Nothing here installs anything — Google Play does the update, so people are only ever held up when Play actually has it ready for them.","Všichni pod požadovanou verzí jsou požádáni o aktualizaci, než budou moci nadále používat HKI. Nic zde nic neinstaluje – Google Play provádí aktualizaci, takže lidé jsou vždy zdrženi, pouze když to pro ně Play skutečně má.",
family_require_current,string,,Currently required: %1$s,Aktuálně vyžadováno: %1$s,keep %1$s
family_require_set,string,,Require everyone to be on %1$s,"Vyžadovat, aby všichni byli na %1$s",keep %1$s
family_require_clear,string,,Clear the requirement,Vymažte požadavek,
family_require_hint,string,,"You can only require a version some device already runs, so a requirement can never be one nobody is able to install.","Můžete vyžadovat pouze verzi, která již na některém zařízení běží, takže požadavek nikdy nemůže být takový, který nikdo nemůže nainstalovat.",
settings_extra_family_require_failed,string,,Could not change the required version. It has to be one a family device already runs.,"Požadovanou verzi nelze změnit. Musí to být jedno z rodinných zařízení, které již běží.",
settings_extra_family_nudge_failed,string,,Could not ask “%1$s” to update.,Nelze požádat „%1$s“ o aktualizaci.,keep %1$s
app_update_required_title,string,,Time to update HKI,Čas aktualizovat HKI,
app_update_required_title_device,string,,This device needs an HKI update,Toto zařízení vyžaduje aktualizaci HKI,
app_update_required_message,string,,Your family is on HKI %1$s. This device is on %2$s.,Vaše rodina používá HKI %1$s. Toto zařízení je na %2$s.,keep %1$s %2$s
app_update_required_checking,string,,Checking Google Play…,Kontrola Google Play…,
app_update_required_update,string,,Update now,Aktualizujte nyní,
app_update_required_open_store,string,,Open HKI in the Play Store,Otevřete HKI v Obchodě Play,
app_update_required_opened_store,string,,"Google Play could not take over here, so its store page was opened instead.","Google Play zde nemohl převzít, takže byla otevřena jeho stránka obchodu.",
app_update_required_unavailable,string,,"Google Play has no update ready for this device yet. That usually means the release hasn't reached you, or this copy of HKI didn't come from the Play Store.","Google Play zatím nemá pro toto zařízení připravenou žádnou aktualizaci. To obvykle znamená, že se k vám vydání nedostalo nebo tato kopie HKI nepocházela z Obchodu Play.",
app_update_required_continue,string,,Continue without updating,Pokračujte bez aktualizace,
settings_extra_active_instance,string,,Active instance,Aktivní instance,
settings_extra_automatic_cloud_backup_enabled,string,,Automatic cloud backup enabled.,Automatické zálohování do cloudu povoleno.,
settings_extra_background_restricted_warning,string,,Restricted — background sync will not work,Omezeno — synchronizace na pozadí nebude fungovat,
settings_extra_backup_failed,string,,Backup failed: %1$s,Zálohování se nezdařilo: %1$s,keep %1$s
settings_extra_backup_unreadable,string,,The backup could not be read,Zálohu nelze přečíst,
settings_extra_battery_optimized_warning,string,,Optimized — may interrupt background sync,Optimalizováno – může přerušit synchronizaci na pozadí,
settings_extra_buy_me_a_coffee_logo,string,,Buy Me a Coffee logo,Logo Kup mi kávu,
settings_extra_cloud_backup_created,string,,Cloud backup created.,Cloudová záloha byla vytvořena.,
settings_extra_cloud_backup_failed,string,,Cloud backup failed: %1$s,Zálohování do cloudu se nezdařilo: %1$s,keep %1$s
settings_extra_cloud_component_missing,string,,"The HKI 7 Cloud component was not found on your Home Assistant. Install it through HACS, then try again.",Komponenta HKI 7 Cloud nebyla ve vašem Home Assistant nalezena. Nainstalujte jej přes HACS a zkuste to znovu.,"don't translate HKI 7 Cloud, Home Assistant"
settings_extra_copy_dashboard,string,,Copy %1$s,Kopírovat %1$s,keep %1$s
settings_extra_corner_modern,string,,Modern,Moderní,
settings_extra_corner_round,string,,Round,Kolo,
settings_extra_corner_sharp,string,,Sharp,Ostrý,
settings_extra_create_custom_page,string,,Create custom page,Vytvořit vlastní stránku,
settings_extra_custom_page_identity_subtitle,string,,Identity and navigation appearance,Identita a vzhled navigace,
settings_extra_dashboard_backup_saved,string,,Dashboard backup saved.,Záloha řídicího panelu byla uložena.,
settings_extra_dashboard_copy_name,string,,%1$s copy,%1$s kopie,keep %1$s
settings_extra_dashboard_default_name,string,,Dashboard %1$d,Hlavní panel %1$d,keep %1$d
settings_extra_new_dashboard_confirm_body,string,,This adds a dashboard alongside the one you are using. Your current dashboard is kept exactly as it is and is never overwritten — you can switch between them at any time.,"To přidá řídicí panel vedle toho, který používáte. Váš aktuální řídicí panel je zachován přesně tak, jak je, a nikdy se nepřepíše – můžete mezi nimi kdykoli přepínat.",
settings_extra_new_dashboard_confirm_action,string,,Continue,Pokračovat,
settings_extra_new_dashboard_created,string,,Created “%1$s”,Vytvořeno „%1$s“,keep %1$s
uif_onboarding_shared_already_added,string,,Already added,Již přidáno,
settings_extra_dashboard_shared_badge,string,,Shared,Sdíleno,
settings_extra_dashboard_shared_subtitle,string,,Shared with you by your family. Tap to load,Sdíleno s vámi vaší rodinou. Klepnutím načtete,
settings_extra_dashboard_shared_loaded,string,,Shared with you by your family. Currently loaded,Sdíleno s vámi vaší rodinou. Aktuálně načteno,
settings_extra_dashboard_generating,string,,Your new dashboard is being generated automatically.,Váš nový řídicí panel se generuje automaticky.,
settings_extra_dashboard_mode_auto,string,,Automatic,Automatický,
settings_extra_dashboard_mode_manual,string,,Manual,Manuál,
settings_extra_dashboard_restored,string,,Dashboard configuration restored.,Konfigurace řídicího panelu byla obnovena.,
settings_extra_dashboard_shared,string,,“%1$s” shared.,„%1$s“ sdíleno.,keep %1$s
settings_extra_dashboard_sharing_failed,string,,Could not share the dashboard.,Hlavní panel nelze sdílet.,
settings_extra_default_user_name,string,,User,Uživatel,
settings_extra_delete_dashboard,string,,Delete %1$s,Smazat %1$s,keep %1$s
settings_extra_device_tracker,string,,Device tracker,Sledovač zařízení,
settings_extra_device_tracker_subtitle,string,,"Name used for location, geocoded location, battery, and charging entities","Název používaný pro umístění, geokódované umístění, baterii a entity nabíjení",
settings_extra_drive_access_token_missing,string,,Google Drive authorization did not return an access token.,Google Drive autorizace nevrátila přístupový token.,don't translate Google Drive
settings_extra_drive_authorization_cancelled,string,,Google Drive authorization was cancelled.,Autorizace Google Drive byla zrušena.,don't translate Google Drive
settings_extra_drive_authorization_failed,string,,Google Drive authorization failed: %1$s,Autorizace Google Drive selhala: %1$s,keep %1$s; don't translate Google Drive
settings_extra_drive_authorization_open_failed,string,,Google Drive authorization could not be opened.,Autorizaci Google Drive nelze otevřít.,don't translate Google Drive
settings_extra_drive_backups_load_failed,string,,Could not load Google Drive backups: %1$s,Nelze načíst zálohy Google Drive: %1$s,keep %1$s; don't translate Google Drive
settings_extra_edit_custom_page,string,,Edit custom page,Upravit vlastní stránku,
settings_extra_effect_glow,string,,Glow,Záře,
settings_extra_effect_group_alerts,string,,Sensors and alarms,Senzory a alarmy,
settings_extra_effect_group_climate,string,,Climate and humidity,Klima a vlhkost,
settings_extra_effect_group_fans,string,,Fans and vacuums,Ventilátory a vysavače,
settings_extra_effect_group_lights,string,,Lights and switches,Světla a vypínače,
settings_extra_effect_group_media,string,,Media players,Přehrávače médií,
settings_extra_effect_group_other,string,,Everything else,Všechno ostatní,
settings_extra_effect_none,string,,None,Žádný,
settings_extra_effect_pulse,string,,Pulse,Puls,
settings_extra_effect_spin,string,,Spin,Roztočit,
settings_extra_empty_dashboard_created,string,,An empty dashboard was created.,Byl vytvořen prázdný řídicí panel.,
settings_extra_font_atkinson,string,,Atkinson Hyperlegible,Atkinson Hyperčitelný,
settings_extra_font_bree_serif,string,,Bree Serif,Bree Serif,
settings_extra_font_comfortaa,string,,Comfortaa,Comfortaa,
settings_extra_font_cursive,string,,Cursive,Kurzívní,
settings_extra_font_default,string,,Default,Výchozí,
settings_extra_font_monospace,string,,Monospace,Jednoprostorový,
settings_extra_font_nunito,string,,Nunito,Nunito,
settings_extra_font_patrick_hand,string,,Patrick Hand,Patrik Ruka,
settings_extra_font_sans_serif,string,,Sans serif,Bezpatkové,
settings_extra_font_serif,string,,Serif,Serif,
settings_extra_font_space_grotesk,string,,Space Grotesk,Vesmírný Grotesk,
settings_extra_ha_backup_created,string,,Home Assistant backup created.,Záloha Home Assistant vytvořena.,don't translate Home Assistant
settings_extra_ha_backup_enabled,string,,Home Assistant backup enabled.,Zálohování Home Assistant povoleno.,don't translate Home Assistant
settings_extra_ha_backup_failed,string,,Home Assistant backup failed. Is the HKI 7 Cloud component reachable?,Zálohování Home Assistant se nezdařilo. Je komponenta HKI 7 Cloud dosažitelná?,"don't translate HKI 7 Cloud, Home Assistant"
settings_extra_ha_backups_load_failed,string,,Could not load Home Assistant backups: %1$s,Nelze načíst zálohy Home Assistant: %1$s,keep %1$s; don't translate Home Assistant
settings_extra_hide_tab,string,,Hide tab,Skrýt kartu,
settings_extra_hki_cloud_step_add_integration,string,,"Go to Settings → Devices & Services → Add Integration, choose “HKI 7 Cloud,” and confirm.","Přejděte do Nastavení → Zařízení a služby → Přidat integraci, vyberte „HKI 7 Cloud“ a potvrďte.",don't translate HKI 7 Cloud
settings_extra_hki_cloud_step_add_repository,string,,"Paste %1$s, choose the “Integration” category, and add it.","Vložte %1$s, vyberte kategorii „Integrace“ a přidejte ji.",keep %1$s
settings_extra_hki_cloud_step_install,string,,"Open the new “HKI 7 Cloud” entry, install it, and restart Home Assistant.","Otevřete novou položku „HKI 7 Cloud“, nainstalujte ji a restartujte Home Assistant.","don't translate HKI 7 Cloud, Home Assistant"
settings_extra_hki_cloud_step_open_custom_repositories,string,,"In Home Assistant, open HACS → the ⋮ menu in the top-right → Custom repositories.",V Home Assistant otevřete HACS → nabídku ⋮ vpravo nahoře → Vlastní úložiště.,don't translate Home Assistant
settings_extra_hki_cloud_step_reopen,string,,Reopen this screen. The features will appear automatically.,Znovu otevřete tuto obrazovku. Funkce se objeví automaticky.,
settings_extra_hki_cloud_version,string,,HKI 7 Cloud v%1$s installed,HKI 7 Cloud v%1$s nainstalováno,keep %1$s; don't translate HKI 7 Cloud
settings_extra_hki_cloud_version_unknown,string,,HKI 7 Cloud installed (update to see its version),HKI 7 Cloud nainstalováno (aktualizací zobrazíte jeho verzi),don't translate HKI 7 Cloud
settings_extra_hki_cloud_update_to_unlock,string,,Update to unlock:,Aktualizujte pro odemknutí:,
settings_extra_hki_cloud_feature_requires,string,,%1$s (needs v%2$s+),%1$s (potřebuje v%2$s+),keep %1$s %2$s
settings_extra_hki_cloud_feature_reimport,string,,Manually re-importing or clearing dashboard view data,Ruční opětovné importování nebo vymazání dat zobrazení řídicího panelu,
settings_extra_hki_cloud_feature_search_lists,string,,Per-person Visible/Invisible global search lists,Globální vyhledávací seznamy viditelných/neviditelných pro osobu,
settings_extra_hki_cloud_feature_room_follow,string,,Room following,Následující pokoj,
settings_extra_hki_cloud_feature_room_follow_launch_only,string,,"Room following: only place someone on launch, without tracking further moves","Následující místnost: umístěte pouze někoho na start, bez sledování dalších pohybů",
settings_extra_hki_cloud_feature_devices,string,,Seeing which HKI version each family device runs,"Podívejte se, která verze HKI běží na jednotlivých zařízeních rodiny",
settings_extra_hki_cloud_feature_required_version,string,,Requiring the family to update to a given HKI version,Vyžadování aktualizace rodiny na danou verzi HKI,
settings_extra_hki_cloud_feature_events,string,,"The event timeline, and hiding parts of it from individual people",Časová osa události a skrytí jejích částí před jednotlivými lidmi,
settings_extra_hki_cloud_tab_requires,string,,"Needs HKI 7 Cloud v%1$s or newer. Update the component in HACS — until then, what you set here won't take effect.","Vyžaduje HKI 7 Cloud v%1$s nebo novější. Aktualizujte komponentu v HACS — do té doby se to, co zde nastavíte, neprojeví.",keep %1$s; don't translate HKI 7 Cloud
settings_extra_location_allowed_always,string,,Allowed all the time,Po celou dobu povoleno,
settings_extra_location_allowed_foreground,string,,Allowed only while using the app,Povoleno pouze při používání aplikace,
settings_extra_location_not_allowed,string,,Not allowed,Není povoleno,
language_search_placeholder,string,,Search languages,Hledat jazyky,
language_search_no_matches,string,,No language matches “%1$s”,Žádný jazyk neodpovídá „%1$s“,keep %1$s
settings_extra_language_dutch,string,,Nederlands,Nizozemsko,
settings_extra_language_english,string,,English,angličtina,
settings_extra_language_french,string,,Français,Français,
settings_extra_language_german,string,,Deutsch,německy,
settings_extra_language_italian,string,,Italiano,italština,
settings_extra_language_spanish,string,,Español,španělsky,
settings_extra_language_turkish,string,,Türkçe,Turecko,
settings_extra_language_portuguese,string,,Português,português,
settings_extra_language_portuguese_brazil,string,,Português (Brasil),português (Brazílie),
settings_extra_language_spanish_latam,string,,Español (Latinoamérica),španělština (latinoamerika),
settings_extra_language_japanese,string,,日本語,日本語,
settings_extra_language_korean,string,,한국어,한국어,
settings_extra_language_chinese_simplified,string,,中文（简体）,中文（简体）,
settings_extra_language_chinese_traditional,string,,中文（繁體）,中文（繁體）,
settings_extra_no_drive_backups,string,,No Google Drive backups were found.,Nebyly nalezeny žádné zálohy Google Drive.,don't translate Google Drive
settings_extra_no_ha_backups,string,,No Home Assistant backups were found. Is the HKI 7 Cloud component installed?,Nebyly nalezeny žádné zálohy Home Assistant. Je komponenta HKI 7 Cloud nainstalována?,"don't translate HKI 7 Cloud, Home Assistant"
settings_extra_notifications_multi_home_required,string,,Required while multiple homes receive notifications. Manage each home under Connection.,"Vyžaduje se, když oznámení přijímá více domácností. Spravujte každou domácnost v části Připojení.",
settings_extra_notifications_persistent_connection,string,,Keeps a persistent connection to Home Assistant while the app is closed. This uses more battery.,"Udržuje trvalé připojení k Home Assistant, když je aplikace zavřená. To spotřebovává více baterie.",don't translate Home Assistant
settings_extra_paypal_logo,string,,PayPal logo,Logo PayPal,
settings_extra_policy_update_failed,string,,Could not update the policy.,Zásady se nepodařilo aktualizovat.,
settings_extra_policy_needs_component_update,string,,Permissions saved. Update HKI 7 Cloud to also store the Visible and Invisible lists.,"Oprávnění uložena. Aktualizujte HKI 7 Cloud, aby ukládal také seznamy Viditelný a Neviditelný.",don't translate HKI 7 Cloud
settings_extra_policy_needs_component_update_room_follow,string,,Permissions saved. Update HKI 7 Cloud to also store the room following settings.,"Oprávnění uložena. Aktualizujte HKI 7 Cloud, aby také ukládala následující nastavení.",don't translate HKI 7 Cloud
settings_extra_policy_needs_component_update_events,string,,"Permissions saved, but this HKI 7 Cloud is too old to hide events from this person — they would see the whole timeline. Update it to apply the restriction.","Oprávnění uložena, ale tento HKI 7 Cloud je příliš starý na to, aby před tímto člověkem skryl události – viděl by celou časovou osu. Chcete-li použít omezení, aktualizujte jej.",don't translate HKI 7 Cloud
settings_extra_tab_presence,string,,Presence,Přítomnost,
settings_extra_tab_events,string,,Events,Události,
settings_extra_events_title,string,,Event timeline,Časová osa události,
settings_extra_events_description,string,,"Choose which entities the family sees recent activity for, in the Events tab of the notification drawer. Set once here rather than on each phone. This hides the timeline, not the entities — anyone signed in to Home Assistant can still read them there.","Na kartě Události na vysouvacím panelu vyberte, pro které entity rodina uvidí nedávnou aktivitu. Nastavit jednou zde, nikoli na každém telefonu. Tím se skryje časová osa, nikoli entity – kdokoli přihlášený do Home Assistant je tam stále může číst.",don't translate Home Assistant
settings_extra_events_loading,string,,Loading the roster…,Načítání seznamu…,
settings_extra_events_unavailable,string,,Could not read the roster from HKI 7 Cloud.,Nelze přečíst seznam od HKI 7 Cloud.,don't translate HKI 7 Cloud
settings_extra_events_empty,string,,No entities are being tracked yet.,Zatím nejsou sledovány žádné entity.,
settings_extra_events_choose,string,,Choose entities,Vyberte entity,
settings_extra_events_edit,string,,Edit entities,Upravit entity,
settings_extra_events_pick_title,string,,Entities to show events for,"Entity, pro které se mají zobrazit události",
settings_extra_events_save_failed,string,,Could not save the event roster.,Seznam události se nepodařilo uložit.,
settings_extra_events_capped,string,,Saved %1$d entities and %2$d domains. The timeline roster is capped.,Uloženo %1$d entit a %2$d domén. Rozpis časové osy je omezen.,keep %1$d %2$d
settings_extra_events_whole_domain,string,,All %1$s (%2$d entities),Všechny %1$s (%2$d entity),keep %1$s %2$d
settings_extra_events_resolved_capped,string,,"This roster covers %2$d entities, but a timeline subscribes to at most %1$d. Remove a domain, or add entities by name instead.","Tento seznam pokrývá %2$d entity, ale časová osa je přihlášena k odběru nejvýše %1$d. Odeberte doménu nebo místo toho přidejte entity podle názvu.",keep %2$d %1$d
settings_extra_events_per_person_title,string,,Who sees what,Kdo co vidí,
settings_extra_events_per_person_description,string,,Everyone sees the whole timeline unless you take something out of it for them.,"Všichni vidí celou časovou osu, pokud z ní pro ně něco neuberete.",
settings_extra_events_sees_everything,string,,Sees the whole timeline,Vidí celou časovou osu,
settings_extra_events_hidden_count,string,,%1$d hidden,%1$d skryté,keep %1$d
settings_extra_events_manage,string,,Manage,Spravovat,
settings_extra_events_hidden_title,string,,Hide from this person,Skrýt se před touto osobou,
settings_extra_events_notifications_hint,string,,"The Events tab in the notification drawer shows recent activity for the entities your family admin chose. It is set for the whole family in Family Sharing, not per device.","Karta Události na vysouvacím panelu oznámení zobrazuje nedávnou aktivitu pro entity, které váš rodinný správce vybral. Je nastaveno pro celou rodinu ve Rodinném sdílení, nikoli pro zařízení.",
settings_extra_events_open_family_sharing,string,,Open Family Sharing,Otevřete Rodinné sdílení,
settings_extra_room_follow_title,string,,Room following,Následující pokoj,
settings_extra_room_follow_description,string,,"Pick the room-presence sensor that tracks each person's phone, such as an ESPresense sensor. The app opens the room they are in and offers to follow them as they move.","Vyberte snímač přítomnosti v místnosti, který sleduje telefon každé osoby, jako je snímač ESPresense. Aplikace otevře místnost, ve které se nacházejí, a nabídne jim, že je budete při pohybu sledovat.",
settings_extra_room_follow_sensor,string,,Presence sensor,Senzor přítomnosti,
settings_extra_room_follow_none,string,,No sensor,Žádný senzor,
settings_extra_room_follow_enabled,string,,Follow this person between rooms,Následujte tuto osobu mezi místnostmi,
settings_extra_room_follow_open_on_launch,string,,Open their room when the app starts,Otevřete jejich pokoj při spuštění aplikace,
settings_extra_room_follow_continue_after_launch,string,,Keep following while the app is open,"Sledujte, dokud je aplikace otevřená",
settings_extra_room_follow_continue_after_launch_hint,string,,"Turn off to only place them in the right room when the app starts, without switching rooms again while they're using it.","Vypnutím je umístíte do správné místnosti pouze při spuštění aplikace, aniž byste během používání znovu přepínali místnosti.",
settings_extra_room_follow_prompt_on_move,string,,Ask before switching rooms,Zeptejte se před změnou místnosti,
settings_extra_room_follow_dwell,string,,Wait before a move counts,"Počkejte, než se tah započítá",
settings_extra_room_follow_dwell_value,string,,%1$d s,%1$d s,keep %1$d
settings_extra_room_follow_dwell_hint,string,,Room-presence sensors drift between nearby rooms. A longer wait means fewer false moves.,Senzory přítomnosti v místnosti se pohybují mezi sousedními místnostmi. Delší čekání znamená méně chybných tahů.,
settings_extra_room_follow_rooms,string,,Sensor states,Stavy senzorů,
settings_extra_room_follow_rooms_matched,string,,Matched automatically,Automaticky spárováno,
settings_extra_room_follow_rooms_unmatched,string,,Pick a room,Vyberte si pokoj,
settings_extra_room_follow_no_states,string,,No states seen yet. States appear here once the sensor reports them.,"Zatím nebyly vidět žádné státy. Stavy se zde objeví, jakmile je senzor nahlásí.",
room_follow_moved_title,string,,You moved to %1$s,Přestěhovali jste se do %1$s,keep %1$s
room_follow_moved_message,string,,"Switch to that room, or stay where you are?","Přepnout do té místnosti, nebo zůstat tam, kde jsi?",
room_follow_moved_switch,string,,Switch,Přepínač,
room_follow_moved_stay,string,,Stay,Pobyt,
room_follow_moved_silence,string,,Don't ask again until I restart the app,"Neptejte se znovu, dokud aplikaci nerestartuji",
settings_extra_rename_dashboard,string,,Rename %1$s,Přejmenovat %1$s,keep %1$s
settings_extra_rename_instance,string,,Rename %1$s,Přejmenovat %1$s,keep %1$s
settings_extra_restart_home_assistant_failed,string,,Could not restart Home Assistant.,Nelze restartovat Home Assistant.,don't translate Home Assistant
settings_extra_restore_failed,string,,Restore failed: %1$s,Obnovení se nezdařilo: %1$s,keep %1$s
settings_extra_selected_file_open_failed,string,,Could not open the selected file,Vybraný soubor nelze otevřít,
settings_extra_set_dashboard_default,string,,Set %1$s as the default dashboard,Nastavit %1$s jako výchozí řídicí panel,keep %1$s
settings_extra_family_device_forget_failed,string,,Could not forget “%1$s.”,Nelze zapomenout „%1$s.“,keep %1$s
settings_extra_shared_dashboard_access_failed,string,,Could not change who can see “%1$s.”,"Nelze změnit, kdo vidí „%1$s“.",keep %1$s
settings_extra_shared_dashboard_access_updated,string,,Updated who can see “%1$s.”,"Aktualizováno, kdo vidí „%1$s“.",keep %1$s
settings_extra_shared_dashboard_delete_failed,string,,Could not delete “%1$s.”,Nelze smazat „%1$s“.,keep %1$s
settings_extra_shared_dashboard_deleted,string,,“%1$s” was deleted from the cloud.,„%1$s“ bylo smazáno z cloudu.,keep %1$s
settings_extra_shared_dashboard_import_failed,string,,Could not import “%1$s.”,Nelze importovat „%1$s“.,keep %1$s
settings_extra_shared_dashboard_imported,string,,“%1$s” was imported into your dashboards.,„%1$s“ bylo importováno do vašich panelů.,keep %1$s
settings_extra_shared_dashboard_now_using,string,,Now using “%1$s.”,Nyní se používá „%1$s.“,keep %1$s
settings_extra_shared_dashboard_use_failed,string,,Could not use “%1$s.”,Nelze použít „%1$s.“,keep %1$s
settings_extra_shared_dashboards_up_to_date,string,,Shared dashboards are already up to date.,Sdílené řídicí panely jsou již aktuální.,
settings_extra_show_tab,string,,Show tab,Zobrazit kartu,
settings_extra_tab_dashboards,string,,Dashboards,Řídicí panely,
settings_extra_tab_devices,string,,Devices,Zařízení,
settings_extra_tab_parental_controls,string,,Parental controls,Rodičovská kontrola,
settings_extra_tab_permissions,string,,Permissions,Oprávnění,
settings_extra_technology_kotlin,string,,Kotlin,Kotlin,
settings_extra_technology_xml_kotlin_dsl,string,,XML and Kotlin DSL,XML a Kotlin DSL,
settings_extra_theme_amber,string,,Amber,Jantar,
settings_extra_theme_auto,string,,Auto,Auto,
settings_extra_theme_blue,string,,Blue,Modrý,
settings_extra_theme_custom,string,,Custom,Zvyk,
settings_extra_theme_dark,string,,Dark,Tmavý,
settings_extra_theme_green,string,,Green,Zelený,
settings_extra_theme_light,string,,Light,Světlo,
settings_extra_theme_rose,string,,Rose,Růže,
settings_extra_theme_system,string,,System,Systém,
settings_extra_unknown_error,string,,Unknown error,Neznámá chyba,
settings_extra_unrestricted_recommended,string,,Unrestricted (recommended),Neomezené (doporučeno),
settings_extra_view_battery,string,,Battery,Baterie,
settings_extra_view_climate,string,,Climate,Podnebí,
settings_extra_view_energy,string,,Energy,Energie,
settings_extra_view_rooms,string,,Rooms,Pokoje,
settings_extra_view_security,string,,Security,Zabezpečení,
settings_extra_minutes_ago,plural,one,%1$d minute ago,před %1$d minutou,keep %1$d
settings_extra_minutes_ago,plural,other,%1$d minutes ago,před %1$d minutami,keep %1$d
settings_extra_minutes_ago,plural,few,,před %1$d minutami,
settings_extra_minutes_ago,plural,many,,před %1$d minutami,
settings_extra_hours_ago,plural,one,%1$d hour ago,před %1$d hodinou,keep %1$d
settings_extra_hours_ago,plural,other,%1$d hours ago,před %1$d hodinami,keep %1$d
settings_extra_hours_ago,plural,few,,před %1$d hodinami,
settings_extra_hours_ago,plural,many,,před %1$d hodinami,
settings_extra_days_ago,plural,one,%1$d day ago,před %1$d dnem,keep %1$d
settings_extra_days_ago,plural,other,%1$d days ago,před %1$d dny,keep %1$d
settings_extra_days_ago,plural,few,,před %1$d dny,
settings_extra_days_ago,plural,many,,před %1$d dny,
settings_extra_shared_dashboards_pushed,plural,one,Pushed changes to %1$d shared dashboard.,Odeslány změny do sdíleného řídicího panelu %1$d.,keep %1$d
settings_extra_shared_dashboards_pushed,plural,other,Pushed changes to %1$d shared dashboards.,Odeslané změny do %1$d sdílených řídicích panelů.,keep %1$d
settings_extra_shared_dashboards_pushed,plural,few,,Odeslané změny do %1$d sdílených řídicích panelů.,
settings_extra_shared_dashboards_pushed,plural,many,,Odeslané změny do %1$d sdílených řídicích panelů.,
family_permission_reimport,string,,Allow re-importing,Povolit opětovný import,
family_permission_reimport_subtitle,string,,"Let this person manually re-import or clear Rooms, Climate, Security, Energy, and Battery data","Umožněte této osobě ručně znovu importovat nebo vymazat data místností, klimatu, zabezpečení, energie a baterie",
family_dashboard_create_disabled_reason,string,,Your family administrator has disabled dashboard creation. This account can only use family-shared dashboards.,Správce vaší rodiny zakázal vytváření panelu. Tento účet může používat pouze panely sdílené rodinou.,
family_dashboard_restore_disabled_reason,string,,"Your family administrator has disabled dashboard switching. Restoring a backup could replace the family dashboard, so this account can only select a shared dashboard.","Správce vaší rodiny zakázal přepínání panelu. Obnovení zálohy by mohlo nahradit rodinný řídicí panel, takže tento účet může vybrat pouze sdílený řídicí panel.",
family_settings_admin_only,string,,Locked — only a Home Assistant administrator can manage family sharing,Uzamčeno – rodinné sdílení může spravovat pouze správce Home Assistant,don't translate Home Assistant
family_aesthetics_only_explanation,string,,"Aesthetics-only access allows local names, icons, colors, backgrounds, card styles, shapes, sizes, and layout. Entities, actions, visibility rules, content, controls, and other behavior remain managed by the dashboard owner.","Přístup pouze pro estetiku umožňuje místní názvy, ikony, barvy, pozadí, styly karet, tvary, velikosti a rozvržení. Entity, akce, pravidla viditelnosti, obsah, ovládací prvky a další chování zůstávají spravovány vlastníkem řídicího panelu.",
parental_search_access_title,string,,Entity search access,Přístup k vyhledávání entit,
parental_search_access_hint,string,,Choose which Home Assistant domains or individual entities this person can find in global search. Invisible selections always take precedence.,"Vyberte, které Home Assistant domény nebo jednotlivé entity může tato osoba najít v globálním vyhledávání. Neviditelné výběry mají vždy přednost.",don't translate Home Assistant
parental_search_visible_title,string,,Visible,Viditelné,
parental_search_invisible_title,string,,Invisible,Neviditelný,
parental_search_visible_empty,string,,All entities are visible unless they appear in the Invisible list.,"Všechny entity jsou viditelné, pokud se neobjeví v seznamu Neviditelné.",
parental_search_invisible_empty,string,,No entities are explicitly hidden.,Žádné entity nejsou explicitně skryté.,
parental_search_picker_subtitle,string,,Select entire domains or individual entities,Vyberte celé domény nebo jednotlivé entity,
parental_search_domains,string,,Domains,domény,
parental_search_entire_domain,string,,Entire domain,Celá doména,
parental_search_domain_chip,string,,Domain: %1$s,Doména: %1$s,keep %1$s
uif_a_state,string,,a state,stát,
uif_a_time,string,,a time,čas,
uif_actions,string,,Actions,Akce,
uif_active,string,,Active,Aktivní,
uif_adaptive,string,,Adaptive,Adaptivní,
uif_advanced,string,,Advanced,Moderní,
uif_air_quality,string,,Air quality,Kvalita vzduchu,
uif_alarm,string,,Alarm,Poplach,
uif_alarms,string,,Alarms,Alarmy,
uif_allow,string,,Allow,Povolit,
uif_allow_all_the_time,string,,Allow all the time,Povolte celou dobu,
uif_and_separator,string,,\u0020and\u0020,\\u0020a\\u0020,
uif_appearance,string,,Appearance,Vzhled,
uif_aqi,string,,AQI,AQI,
uif_auto,string,,Auto,Auto,
uif_back,string,,Back,Zadní,
uif_beep,string,,Beep,Pípnutí,
uif_brightness,string,,Brightness,Jas,
uif_bucket,string,,Bucket,Vědro,
uif_choose_action,string,,Choose action,Vyberte akci,
uif_choose_entity,string,,Choose entity,Vyberte entitu,
uif_choose_target,string,,Choose target,Vyberte cíl,
uif_circle,string,,Circle,Kruh,
uif_color,string,,Color,Barva,
uif_date,string,,Date,Datum,
uif_date_and_time,string,,Date and time,Datum a čas,
uif_defrost,string,,Defrost,Rozmrazovat,
uif_devices_on,string,,Devices on,Zařízení jsou zapnutá,
uif_direction_east_short,string,,E,E,
uif_direction_north_short,string,,N,N,
uif_direction_northeast_short,string,,NE,NE,
uif_direction_northwest_short,string,,NW,SZ,
uif_direction_south_short,string,,S,S,
uif_direction_southeast_short,string,,SE,SE,
uif_direction_southwest_short,string,,SW,SW,
uif_direction_west_short,string,,W,W,
uif_display,string,,Display,Zobrazit,
uif_edit,string,,Edit,Upravit,
uif_enable,string,,Enable,Umožnit,
uif_enable_location,string,,Enable location,Povolit polohu,
uif_enabled,string,,Enabled,Povoleno,
uif_entities,string,,Entities,Entity,
uif_error,string,,Error,Chyba,
uif_fan_speed,string,,Fan speed,Rychlost ventilátoru,
uif_feels_like_temperature,string,,Feels like %1$d°,Vypadá to jako %1$d°,keep %1$d
uif_filter,string,,Filter,Filtr,
uif_fire,string,,Fire,Oheň,
uif_flow_actions_available,string,,Actions available in Home Assistant,Akce dostupné v Home Assistant,don't translate Home Assistant
uif_flow_actions_load_failed,string,,Could not load Home Assistant actions,Nelze načíst Home Assistant akcí,don't translate Home Assistant
uif_flow_advanced_block_unchanged,string,,Advanced block (kept unchanged),Rozšířený blok (zachován beze změny),
uif_flow_after_format,string,,After (HH:MM:SS),Po (HH:MM:SS),
uif_flow_after_time,string,,after %1$s,po %1$s,keep %1$s
uif_flow_at_time,string,,At %1$s,V %1$s,keep %1$s
uif_flow_automation_delete_failed,string,,Could not delete this automation,Tuto automatizaci nelze smazat,
uif_flow_automation_deleted,string,,Deleted from Home Assistant,Smazáno z Home Assistant,don't translate Home Assistant
uif_flow_automation_load_failed,string,,Could not load this automation,Tuto automatizaci nelze načíst,
uif_flow_automation_save_failed,string,,Could not save this automation,Tuto automatizaci se nepodařilo uložit,
uif_flow_automation_saved,string,,Saved and loaded in Home Assistant,Uloženo a načteno v Home Assistant,don't translate Home Assistant
uif_flow_before_format,string,,Before (HH:MM:SS),Před (HH:MM:SS),
uif_flow_before_time,string,,before %1$s,před %1$s,keep %1$s
uif_flow_domain_actions_first,string,,%1$s actions are shown first,%1$s akce jsou zobrazeny jako první,keep %1$s
uif_flow_entity_becomes_state,string,,%1$s becomes %2$s,%1$s se změní na %2$s,keep %1$s %2$s
uif_flow_entity_is_state,string,,%1$s is %2$s,%1$s je %2$s,keep %1$s %2$s
uif_flow_entity_state,string,,Entity state,Stav entity,
uif_flow_ha_action,string,,Home Assistant action,Home Assistant akce,don't translate Home Assistant
uif_flow_mode_parallel,string,,Parallel,Paralelní,
uif_flow_mode_parallel_description,string,,Start every trigger as a separate run at the same time.,Spusťte každý spouštěč jako samostatný běh současně.,
uif_flow_mode_queued,string,,Queued,Ve frontě,
uif_flow_mode_queued_description,string,,"Wait, then run each trigger in the order it arrived.","Počkejte a poté spusťte každý trigger v pořadí, v jakém dorazil.",
uif_flow_mode_restart,string,,Restart,Restartujte,
uif_flow_mode_restart_description,string,,Stop the current run and start again when conditions still pass.,"Zastavte aktuální běh a začněte znovu, když podmínky stále přetrvávají.",
uif_flow_mode_single,string,,Single,Singl,
uif_flow_mode_single_description,string,,Ignore a new trigger while this flow is still running.,"Ignorujte nový spouštěč, dokud tento tok stále běží.",
uif_flow_perform_ha_action,string,,Perform a Home Assistant action,Proveďte akci Home Assistant,don't translate Home Assistant
uif_flow_section_and_if,string,,And if,A kdyby,
uif_flow_section_then,string,,Then,Pak,
uif_flow_section_when,string,,When,Když,
uif_flow_sun_event,string,,Sun event,Sluneční událost,
uif_flow_sunrise_or_sunset,string,,Sunrise or sunset,Východ nebo západ slunce,
uif_flow_time_format,string,,Time (HH:MM:SS),Čas (HH:MM:SS),
uif_flow_time_window,string,,Time window,Časové okno,
uif_flow_group_any,string,,Any of these,Kterýkoli z těchto,
uif_flow_group_all,string,,All of these,Všechny tyto,
uif_flow_group_none,string,,None of these,Nic z toho,
uif_flow_group_empty,string,,Empty — open it to add conditions,Prázdné – otevřete jej a přidejte podmínky,
uif_flow_group_open,string,,Open group,Otevřená skupina,
uif_flow_group_back,string,,Back,Zadní,
uif_flow_group_count,plural,one,%1$d condition inside,%1$d stav uvnitř,keep %1$d
uif_flow_group_count,plural,other,%1$d conditions inside,%1$d podmínky uvnitř,keep %1$d
uif_flow_group_count,plural,few,,%1$d podmínky uvnitř,
uif_flow_group_count,plural,many,,%1$d podmínky uvnitř,
uif_flow_within_time_window,string,,Within a time window,V rámci časového okna,
uif_full,string,,Full,Plný,
uif_gas,string,,Gas,Plyn,
uif_glow,string,,Glow,Záře,
uif_half,string,,Half,Půl,
uif_header_pill,string,,Header pill,Hlavička pilulka,
uif_hold,string,,Hold,Držet,
uif_humidity,string,,Humidity,Vlhkost,
uif_ionizer,string,,Ionizer,Ionizátor,
uif_lights_on,string,,Lights on,Rozsvícená světla,
uif_mode_auto,string,,Auto,Auto,
uif_mode_away,string,,Away,Pryč,
uif_mode_baby,string,,Baby,Dítě,
uif_mode_boost,string,,Boost,Posílit,
uif_mode_clothes,string,,Clothes,Oblečení,
uif_mode_comfort,string,,Comfort,Pohodlí,
uif_mode_continuous,string,,Continuous,Kontinuální,
uif_mode_dry,string,,Dry,Schnout,
uif_mode_eco,string,,Eco,Eco,
uif_mode_high,string,,High,Vysoký,
uif_mode_home,string,,Home,Domov,
uif_mode_laundry,string,,Laundry,Prádelna,
uif_mode_low,string,,Low,Nízký,
uif_mode_manual,string,,Manual,Manuál,
uif_mode_medium,string,,Medium,Střední,
uif_mode_normal,string,,Normal,Normální,
uif_mode_purify,string,,Purify,Očistit,
uif_mode_quiet,string,,Quiet,Klid,
uif_mode_sleep,string,,Sleep,Spát,
uif_moon,string,,Moon,Měsíc,
uif_moon_phase_first_quarter,string,,First quarter,První čtvrtletí,
uif_moon_phase_full,string,,Full moon,Úplněk,
uif_moon_phase_last_quarter,string,,Last quarter,Poslední čtvrtletí,
uif_moon_phase_new,string,,New moon,Novoluní,
uif_moon_phase_waning_crescent,string,,Waning crescent,Ubývající půlměsíc,
uif_moon_phase_waning_gibbous,string,,Waning gibbous,Slábnoucí gibbous,
uif_moon_phase_waxing_crescent,string,,Waxing crescent,Dorůstající půlměsíc,
uif_moon_phase_waxing_gibbous,string,,Waxing gibbous,Voskování gibbous,
uif_motion,string,,Motion,Pohyb,
uif_mute,string,,Mute,Ztlumit,
uif_next,string,,Next,Další,
uif_none,string,,None,Žádný,
uif_off,string,,Off,Vypnuto,
uif_onboarding_add_in_edit_mode,string,,Add everything yourself in Edit mode,Přidejte vše sami v režimu úprav,
uif_onboarding_add_internal_url_later,string,,"For a faster direct connection at home, you can add an internal URL and your home Wi-Fi networks later in Settings > Connection.",Pro rychlejší přímé připojení doma můžete později v Nastavení > Připojení přidat interní adresu URL a své domácí sítě Wi-Fi.,
uif_onboarding_add_remote_url_later,string,,"To connect while you're away from home, add a Nabu Casa or external URL later in Settings > Connection.","Chcete-li se připojit, když nejste doma, přidejte Nabu Casa nebo externí adresu URL později v Nastavení > Připojení.",don't translate Nabu Casa
uif_onboarding_auto_entities,string,,"Finds suitable Climate, Security, Energy and Battery entities","Najde vhodné entity Climate, Security, Energy a Battery",
uif_onboarding_auto_generate,string,,Auto generate,Automatické generování,
uif_onboarding_auto_rooms_floors,string,,Creates rooms and floors from Home Assistant areas,Vytváří místnosti a podlahy z Home Assistant oblastí,don't translate Home Assistant
uif_onboarding_building_dashboard,string,,Building dashboard…,Budování panelu…,
uif_onboarding_connection_failed,string,,Connection failed,Připojení se nezdařilo,
uif_onboarding_everything_editable,string,,Everything can be changed afterward in Edit mode,Vše lze později změnit v režimu úprav,
uif_onboarding_external_access_explanation,string,,HKI 7 can reach your smart home both at home and while you're away through the external URL you entered.,"HKI 7 může dosáhnout vašeho chytrého domova doma i když jste pryč, prostřednictvím externí adresy URL, kterou jste zadali.",don't translate HKI 7
uif_onboarding_local_access_explanation,string,,Your smart home is currently available to HKI 7 only while this device can reach your local Home Assistant network.,"Váš chytrý dům je aktuálně k dispozici pouze pro HKI 7, pokud toto zařízení může dosáhnout vaší místní sítě Home Assistant.","don't translate Home Assistant, HKI 7"
uif_onboarding_login_failed,string,,Login failed: %1$s,Přihlášení se nezdařilo: %1$s,keep %1$s
uif_onboarding_nabu_casa_access_explanation,string,,HKI 7 can reach your smart home both at home and while you're away through your Nabu Casa URL.,"HKI 7 může dosáhnout vašeho chytrého domova doma i když jste pryč, prostřednictvím vaší adresy URL Nabu Casa.","don't translate Nabu Casa, HKI 7"
uif_onboarding_no_authorization_code,string,,Login failed: Home Assistant returned no authorization code.,Přihlášení se nezdařilo: Home Assistant nevrátil žádný autorizační kód.,don't translate Home Assistant
uif_onboarding_preparing_dashboard,string,,Preparing dashboard…,Příprava řídicího panelu…,
uif_onboarding_server_http_error,string,,The server answered with HTTP %1$d,Server odpověděl pomocí HTTP %1$d,keep %1$d
uif_onboarding_shared_import_failed,string,,Could not import “%1$s”. Try again.,Nelze importovat „%1$s“. Zkuste to znovu.,keep %1$s
uif_onboarding_start_empty,string,,Start empty,Začněte naprázdno,
uif_onboarding_starts_empty,string,,"Starts without imported rooms, widgets or view entities","Spustí se bez importovaných místností, widgetů nebo entit zobrazení",
uif_open,string,,Open,OTEVŘENO,
uif_open_doors,string,,Open doors,Otevřete dveře,
uif_open_settings,string,,Open settings,Otevřete nastavení,
uif_open_windows,string,,Open windows,Otevřete okna,
uif_pause,string,,Pause,Pauza,
uif_percentage,string,,Percentage,Procento,
uif_percentage_value,string,,%1$d%%,%1$d%%,keep %1$d
uif_pick_to_auto_fill,string,,Pick to auto-fill,Vyberte pro automatické vyplňování,
uif_pill,string,,Pill,Pilulka,
uif_play,string,,Play,Hrát,
uif_playlists,string,,Playlists,Playlisty,
uif_pm25,string,,PM2.5,"PM2,5",
uif_presence,string,,Presence,Přítomnost,
uif_pressure,string,,Pressure,Tlak,
uif_pressure_hpa,string,,%1$d hPa,%1$d hPa,keep %1$d
uif_previous,string,,Previous,Předchozí,
uif_pulse,string,,Pulse,Puls,
uif_pump,string,,Pump,Čerpadlo,
uif_rain,string,,Rain,Déšť,
uif_rain_map_camera,string,,Rain map camera,Kamera s dešťovou mapou,
uif_recipe_arrive_home_description,string,,Activate a scene when someone arrives home,"Aktivujte scénu, když někdo přijde domů",
uif_recipe_arrive_home_title,string,,Welcome home,Vítejte doma,
uif_recipe_bedtime_description,string,,Turn off a light at a chosen bedtime,Zhasněte světlo ve zvolenou dobu spánku,
uif_recipe_bedtime_title,string,,Bedtime lights,Světla před spaním,
uif_recipe_blank_description,string,,Build an automation from an empty canvas,Sestavte automatizaci z prázdného plátna,
uif_recipe_blank_title,string,,Start empty,Začněte naprázdno,
uif_recipe_close_covers_description,string,,Close a cover when the sun sets,"Když slunce zapadne, zavřete kryt",
uif_recipe_close_covers_title,string,,Close covers at sunset,Při západu slunce zavřete kryty,
uif_recipe_entity_state_description,string,,Run an action when an entity reaches a state,"Spustit akci, když entita dosáhne stavu",
uif_recipe_entity_state_title,string,,Entity changes,Změny entity,
uif_recipe_leave_home_description,string,,Turn off a light when someone leaves home,"Zhasněte světlo, když někdo odchází z domu",
uif_recipe_leave_home_title,string,,Leaving home,Opuštění domova,
uif_recipe_lock_at_night_description,string,,Lock a door at a chosen time,Zamkněte dveře ve zvolený čas,
uif_recipe_lock_at_night_title,string,,Lock up at night,Zamykat v noci,
uif_recipe_morning_scene_description,string,,Activate a scene at a chosen morning time,Aktivujte scénu ve zvolený čas ráno,
uif_recipe_morning_scene_title,string,,Morning scene,Ranní scéna,
uif_recipe_motion_lights_description,string,,Turn on a light when motion is detected,"Zapněte světlo, když je detekován pohyb",
uif_recipe_motion_lights_title,string,,Motion lighting,Pohybové osvětlení,
uif_recipe_open_covers_description,string,,Open a cover when the sun rises,"Otevřete kryt, když vyjde slunce",
uif_recipe_open_covers_title,string,,Open covers at sunrise,Otevřete kryty při východu slunce,
uif_recipe_schedule_description,string,,Run an action at a fixed time every day,Spusťte akci každý den v pevně stanovený čas,
uif_recipe_schedule_title,string,,At a time,Najednou,
uif_recipe_sunrise_lights_off_description,string,,Turn off a light when the sun rises,"Vypněte světlo, když vyjde slunce",
uif_recipe_sunrise_lights_off_title,string,,Lights off at sunrise,Světla zhasnutá při východu slunce,
uif_recipe_sunset_description,string,,Run an action at sunset,Spusťte akci při západu slunce,
uif_recipe_sunset_title,string,,Around sunset,Kolem západu slunce,
uif_refresh,string,,Refresh,Obnovit,
uif_remove,string,,Remove,Odstranit,
uif_repeat,string,,Repeat,Opakovat,
uif_run,string,,Run,Běh,
uif_season,string,,Season,Sezóna,
uif_season_autumn,string,,Autumn,Podzim,
uif_season_spring,string,,Spring,Jaro,
uif_season_summer,string,,Summer,Letní,
uif_season_winter,string,,Winter,Zima,
uif_shuffle,string,,Shuffle,Zamíchat,
uif_sleep,string,,Sleep,Spát,
uif_smoke,string,,Smoke,Kouř,
uif_source,string,,Source,Zdroj,
uif_source_device,string,,Source device,Zdrojové zařízení,
uif_speed,string,,Speed,Rychlost,
uif_speed_kmh,string,,%1$d km/h,%1$d km/h,keep %1$d
uif_spin,string,,Spin,Roztočit,
uif_state_active,string,,Active,Aktivní,
uif_state_away,string,,Away,Pryč,
uif_state_buffering,string,,Buffering,Ukládání do vyrovnávací paměti,
uif_state_cleaning,string,,Cleaning,Čištění,
uif_state_closed,string,,Closed,ZAVŘENO,
uif_state_docked,string,,Docked,Ukotveno,
uif_state_error,string,,Error,Chyba,
uif_state_home,string,,Home,Domov,
uif_state_idle,string,,Idle,Líný,
uif_state_locked,string,,Locked,Zamčeno,
uif_state_off,string,,Off,Vypnuto,
uif_state_on,string,,On,Na,
uif_state_open,string,,Open,OTEVŘENO,
uif_state_paused,string,,Paused,Pozastaveno,
uif_state_playing,string,,Playing,Hraní,
uif_state_returning,string,,Returning,Vracející se,
uif_state_standby,string,,Standby,Pohotovostní,
uif_state_unavailable,string,,Unavailable,Není k dispozici,
uif_state_unknown,string,,Unknown,Neznámý,
uif_state_unlocked,string,,Unlocked,Odemčený,
uif_sun,string,,Sun,Slunce,
uif_sunrise,string,,Sunrise,Východ slunce,
uif_sunset,string,,Sunset,Západ slunce,
uif_tank,string,,Tank,Nádrž,
uif_tap,string,,Tap,Klepněte,
uif_third,string,,Third,Třetí,
uif_time,string,,Time,Čas,
uif_unknown,string,,Unknown,Neznámý,
uif_update_failed,string,,Could not update %1$s,Nelze aktualizovat %1$s,keep %1$s
uif_updated,string,,%1$s updated,%1$s aktualizováno,keep %1$s
uif_weather,string,,Weather,Počasí,
uif_wind,string,,Wind,Vítr,
uif_active_device_count,plural,one,%1$d active device,%1$d aktivní zařízení,keep %1$d
uif_active_device_count,plural,other,%1$d active devices,%1$d aktivních zařízení,keep %1$d
uif_active_device_count,plural,few,,%1$d aktivních zařízení,
uif_active_device_count,plural,many,,%1$d aktivních zařízení,
uif_adaptive_group_paused_count,plural,one,%1$d group light is paused for manual control.,%1$d skupinové světlo je pozastaveno pro ruční ovládání.,keep %1$d
uif_adaptive_group_paused_count,plural,other,%1$d group lights are paused for manual control.,%1$d skupinová světla jsou pozastavena pro ruční ovládání.,keep %1$d
uif_adaptive_group_paused_count,plural,few,,%1$d skupinová světla jsou pozastavena pro ruční ovládání.,
uif_adaptive_group_paused_count,plural,many,,%1$d skupinová světla jsou pozastavena pro ruční ovládání.,
uif_adaptive_profile_light_count,plural,one,Controls %1$d light in this profile.,Ovládá světlo %1$d v tomto profilu.,keep %1$d
uif_adaptive_profile_light_count,plural,other,Controls %1$d lights in this profile.,Ovládá světla %1$d v tomto profilu.,keep %1$d
uif_adaptive_profile_light_count,plural,few,,Ovládá světla %1$d v tomto profilu.,
uif_adaptive_profile_light_count,plural,many,,Ovládá světla %1$d v tomto profilu.,
uif_days_to_season,plural,one,%1$d day to %2$s,%1$d den až %2$s,keep %1$d %2$s
uif_days_to_season,plural,other,%1$d days to %2$s,%1$d dní až %2$s,keep %1$d %2$s
uif_days_to_season,plural,few,,%1$d dní až %2$s,
uif_days_to_season,plural,many,,%1$d dní až %2$s,
uif_device_on_count,plural,one,%1$d device on,%1$d zařízení zapnuto,keep %1$d
uif_device_on_count,plural,other,%1$d devices on,%1$d zařízení zapnuto,keep %1$d
uif_device_on_count,plural,few,,%1$d zařízení zapnuto,
uif_device_on_count,plural,many,,%1$d zařízení zapnuto,
uif_fire_detector_count,plural,one,%1$d fire detector active,%1$d požární hlásič aktivní,keep %1$d
uif_fire_detector_count,plural,other,%1$d fire detectors active,%1$d požární hlásiče aktivní,keep %1$d
uif_fire_detector_count,plural,few,,%1$d požární hlásiče aktivní,
uif_fire_detector_count,plural,many,,%1$d požární hlásiče aktivní,
uif_flow_advanced_block_count,plural,one,%1$d advanced shorthand block (kept unchanged),%1$d pokročilý těsnopisný blok (zachován beze změny),keep %1$d
uif_flow_advanced_block_count,plural,other,%1$d advanced shorthand blocks (kept unchanged),%1$d pokročilé těsnopisné bloky (zachovány beze změny),keep %1$d
uif_flow_advanced_block_count,plural,few,,%1$d pokročilé těsnopisné bloky (zachovány beze změny),
uif_flow_advanced_block_count,plural,many,,%1$d pokročilé těsnopisné bloky (zachovány beze změny),
uif_gas_detector_count,plural,one,%1$d gas detector active,%1$d detektor plynu aktivní,keep %1$d
uif_gas_detector_count,plural,other,%1$d gas detectors active,%1$d detektory plynu aktivní,keep %1$d
uif_gas_detector_count,plural,few,,%1$d detektory plynu aktivní,
uif_gas_detector_count,plural,many,,%1$d detektory plynu aktivní,
uif_light_on_count,plural,one,%1$d light on,%1$d svítí,keep %1$d
uif_light_on_count,plural,other,%1$d lights on,%1$d svítí,keep %1$d
uif_light_on_count,plural,few,,%1$d svítí,
uif_light_on_count,plural,many,,%1$d svítí,
uif_media_item_count,plural,one,%1$d item,%1$d položka,keep %1$d
uif_media_item_count,plural,other,%1$d items,%1$d položek,keep %1$d
uif_media_item_count,plural,few,,%1$d položek,
uif_media_item_count,plural,many,,%1$d položek,
uif_motion_sensor_count,plural,one,%1$d motion sensor active,%1$d pohybový senzor aktivní,keep %1$d
uif_motion_sensor_count,plural,other,%1$d motion sensors active,%1$d pohybové senzory aktivní,keep %1$d
uif_motion_sensor_count,plural,few,,%1$d pohybové senzory aktivní,
uif_motion_sensor_count,plural,many,,%1$d pohybové senzory aktivní,
uif_open_door_count,plural,one,%1$d open door,%1$d otevřené dveře,keep %1$d
uif_open_door_count,plural,other,%1$d open doors,%1$d otevřené dveře,keep %1$d
uif_open_door_count,plural,few,,%1$d otevřené dveře,
uif_open_door_count,plural,many,,%1$d otevřené dveře,
uif_open_window_count,plural,one,%1$d open window,%1$d otevřít okno,keep %1$d
uif_open_window_count,plural,other,%1$d open windows,%1$d otevřená okna,keep %1$d
uif_open_window_count,plural,few,,%1$d otevřená okna,
uif_open_window_count,plural,many,,%1$d otevřená okna,
uif_presence_sensor_count,plural,one,%1$d presence sensor active,%1$d senzor přítomnosti aktivní,keep %1$d
uif_presence_sensor_count,plural,other,%1$d presence sensors active,%1$d senzory přítomnosti aktivní,keep %1$d
uif_presence_sensor_count,plural,few,,%1$d senzory přítomnosti aktivní,
uif_presence_sensor_count,plural,many,,%1$d senzory přítomnosti aktivní,
uif_smoke_detector_count,plural,one,%1$d smoke detector active,%1$d detektor kouře aktivní,keep %1$d
uif_smoke_detector_count,plural,other,%1$d smoke detectors active,%1$d detektory kouře aktivní,keep %1$d
uif_smoke_detector_count,plural,few,,%1$d detektory kouře aktivní,
uif_smoke_detector_count,plural,many,,%1$d detektory kouře aktivní,
weather_animate_title,string,,Animated weather,Animované počasí,
weather_animate_description,string,,"Where the full-colour weather artwork plays. Turn a surface off to show its still artwork instead — the forecast strips are the ones that cost the most, since they animate a dozen icons side by side.","Kde hraje plnobarevná předloha počasí. Vypněte povrch, aby se místo toho zobrazil jeho nehybný obraz – proužky prognózy jsou ty, které stojí nejvíce, protože animují tucet ikon vedle sebe.",
weather_animate_applies_everywhere,string,,"These apply to this device everywhere weather is shown, not just to this pill. The same switches are in Settings › Appearance › Icons.","Ty se vztahují na toto zařízení všude, kde se zobrazuje počasí, nejen na tuto pilulku. Stejné přepínače jsou v Nastavení › Vzhled › Ikony.",
weather_animate_pill,string,,Header pill,Hlavička pilulka,
weather_animate_pill_description,string,,The small weather icon beside the dashboard title.,Malá ikona počasí vedle názvu řídicího panelu.,
weather_animate_dialog,string,,Weather dialog,Dialog počasí,
weather_animate_dialog_description,string,,The large icon on the current-weather card when you open the weather.,"Velká ikona na kartě aktuálního počasí, když otevřete počasí.",
weather_animate_forecast,string,,Forecast strips,Předpovědní pásy,
weather_animate_forecast_description,string,,"The daily and hourly rows, in the dialog and on the dashboard.",Denní a hodinové řádky v dialogu a na řídicím panelu.,
weather_animate_widget,string,,Weather widget,Widget počasí,
weather_animate_widget_description,string,,The weather card on the dashboard itself.,Karta počasí na samotné palubní desce.,
widgets_tab_content,string,,Content,Obsah,
widgets_tab_appearance,string,,Appearance,Vzhled,
widgets_tab_data,string,,Data,Data,
widgets_tab_chart,string,,Chart,Schéma,
widgets_tab_graphs,string,,Graphs,Grafy,
widgets_tab_layout,string,,Layout,Rozložení,
widgets_tab_data_sources,string,,Data sources,Zdroje dat,
widgets_remove,string,,Remove,Odstranit,
widgets_reimport,string,,Re-import,Znovu importovat,
widgets_unavailable,string,,Unavailable,Není k dispozici,
widgets_today,string,,Today,Dnes,
widgets_tomorrow,string,,Tomorrow,Zítra,
widgets_yesterday,string,,Yesterday,Včera,
widgets_today_initial,string,,T,T,
widgets_date_range,string,,%1$s – %2$s,%1$s – %2$s,keep %1$s %2$s
widgets_iframe_title,string,,iFrame,iFrame,
widgets_iframe_subtitle,string,,Embed a web page on your dashboard,Vložte webovou stránku na svůj řídicí panel,
widgets_ratio_square,string,,Square,Náměstí,
widgets_ratio_wide,string,,Wide,Široký,
widgets_ratio_tall,string,,Tall,Vysoký,
widgets_markdown_title,string,,Markdown,Snížení,
widgets_markdown_subtitle,string,,Content and card appearance,Obsah a vzhled karty,
widgets_media_player_title,string,,Media player,Přehrávač médií,
widgets_media_player_subtitle,string,,"Source, layout, and artwork","Zdroj, rozložení a předloha",
widgets_stat_min,string,,Min,Min,
widgets_stat_average,string,,Avg,Prům,
widgets_stat_max,string,,Max,Max,
widgets_sensor_graph_title,string,,Sensor graph,Graf senzoru,
widgets_sensor_graph_subtitle,string,,"Entities, chart style, and appearance","Entity, styl grafu a vzhled",
widgets_sensor_graph_stack_title,string,,Sensor graph stack,Zásobník grafů senzorů,
widgets_sensor_graph_stack_subtitle,string,,Grouped charts and stack layout,Seskupené grafy a rozložení zásobníku,
widgets_graph_sensor_count,plural,one,Graph %1$d · %2$d sensor,Graf %1$d · %2$d senzor,keep %1$d %2$d
widgets_graph_sensor_count,plural,other,Graph %1$d · %2$d sensors,Graf %1$d · %2$d senzory,keep %1$d %2$d
widgets_graph_sensor_count,plural,few,,Graf %1$d · %2$d senzory,
widgets_graph_sensor_count,plural,many,,Graf %1$d · %2$d senzory,
widgets_calendar_title,string,,Calendar,Kalendář,
widgets_calendar_subtitle,string,,"Calendars, default view, and appearance","Kalendáře, výchozí zobrazení a vzhled",
widgets_calendar_agenda,string,,Agenda,Agenda,
widgets_calendar_week,string,,Week,Týden,
widgets_calendar_month,string,,Month,Měsíc,
widgets_calendar_no_entity,string,,No calendar entity available,Není k dispozici žádná entita kalendáře,
widgets_calendar_no_upcoming_events,string,,No events in the coming days,Žádné události v následujících dnech,
widgets_calendar_no_events_for,string,,No events for %1$s,Žádné události pro %1$s,keep %1$s
widgets_calendar_all_day,string,,All day,Celý den,
widgets_calendar_time_unknown,string,,Time unknown,Čas neznámý,
widgets_vacuum_state_cleaning,string,,Cleaning,Čištění,
widgets_vacuum_state_docked,string,,Docked,Ukotveno,
widgets_vacuum_state_paused,string,,Paused,Pozastaveno,
widgets_vacuum_state_error,string,,Error,Chyba,
widgets_vacuum_state_returning,string,,Returning to dock,Návrat do doku,
widgets_vacuum_dock,string,,Dock,Dok,
widgets_vacuum_start,string,,Start,Start,
widgets_vacuum_pause,string,,Pause,Pauza,
widgets_vacuum_stop,string,,Stop,Zastávka,
widgets_vacuum_locate,string,,Locate,Lokalizovat,
widgets_vacuum_page_status,string,,%1$d/%2$d · %3$s,%1$d/%2$d · %3$s,keep %1$d %2$d %3$s
widgets_vacuum_fan_speed,string,,Fan speed,Rychlost ventilátoru,
widgets_vacuum_water_level,string,,Water level,Hladina vody,
widgets_vacuum_map,string,,Vacuum map,Vakuová mapa,
widgets_vacuum_room_number,string,,Room %1$d,Místnost %1$d,keep %1$d
widgets_vacuum_room_label,string,,Room %1$s,Místnost %1$s,keep %1$s
widgets_vacuum_valetudo_decode_failed,string,,No Valetudo map data in this camera entity,V této entitě kamery nejsou žádná mapová data Valetudo,don't translate Valetudo
widgets_vacuum_valetudo_tap_hint,string,,Tap a room to clean it,Klepnutím na místnost ji vyčistíte,
widgets_vacuum_valetudo_unmapped,string,,Map this robot's segments to areas in Home Assistant to clean a room by tapping it,Namapujte segmenty tohoto robota na oblasti v Home Assistant a vyčistěte místnost klepnutím na něj,don't translate Home Assistant
widgets_vacuum_valetudo_cleaning,string,,Cleaning %1$s,Čištění %1$s,keep %1$s
widgets_waste_collection_title,string,,Waste collection,Sběr odpadu,
widgets_waste_collection_subtitle,string,,"Sensors, calendar, and appearance","Senzory, kalendář a vzhled",
widgets_waste_sensor_picture_help,string,,Shows the sensor’s entity_picture (falls back to the type icon when no picture is available).,"Zobrazuje entity_picture senzoru (pokud není k dispozici žádný obrázek, vrátí se zpět na ikonu typu).",
ui_people_dialog_title,string,,People,Lidé,
widgets_f1_title,string,,Formula 1,Formule 1,
widgets_f1_subtitle,string,,"Race weekend, standings, and results","Závodní víkend, pořadí a výsledky",
widgets_f1_sources_subtitle,string,,Read from the F1 Sensor integration,Přečtěte si z integrace snímače F1,
widgets_f1_tab_next,string,,Next race,Další závod,
widgets_f1_tab_calendar,string,,Calendar,Kalendář,
widgets_f1_tab_standings,string,,Standings,Pořadí,
widgets_f1_tab_grid,string,,Grid,Mřížka,
widgets_f1_tab_results,string,,Results,Výsledky,
widgets_f1_tab_live,string,,Live,Žít,
widgets_f1_drivers,string,,Drivers,Ovladače,
widgets_f1_constructors,string,,Constructors,Konstruktéři,
widgets_f1_prediction,string,,Prediction,Předpověď,
widgets_f1_schedule,string,,Session schedule,Harmonogram relace,
widgets_f1_race_control,string,,Race control,Řízení závodu,
widgets_f1_timing,string,,Timing,Načasování,
widgets_f1_round,string,,Round %1$s,Kolo %1$s,keep %1$s
widgets_f1_lap_short,string,,Lap %1$s,Kolo %1$s,keep %1$s
widgets_f1_lap_of,string,,Lap %1$d / %2$d,Kolo %1$d / %2$d,keep %1$d %2$d
widgets_f1_wins_short,string,,%1$s wins,%1$s vyhrává,keep %1$s
widgets_f1_points_wins_legend,string,,Right-hand column shows championship points.,Pravý sloupec ukazuje mistrovské body.,
widgets_f1_prediction_now,string,,Now: %1$s pts,Nyní: %1$s bodů,keep %1$s
widgets_f1_prediction_legend,string,,Right-hand column shows predicted final points. Needs F1TV Auth in F1 Sensor.,Pravý sloupec ukazuje předpokládané konečné body. Vyžaduje F1TV Auth ve F1 senzoru.,
widgets_f1_status_pit,string,,In pit,V jámě,
widgets_f1_status_out,string,,Retired,V důchodu,
widgets_f1_no_calendar,string,,No season schedule available yet,Rozpis sezóny zatím není k dispozici,
widgets_f1_no_grid,string,,No starting grid available yet,Startovní rošt zatím není k dispozici,
widgets_f1_no_prediction,string,,No championship prediction available. Needs F1TV Auth in F1 Sensor.,Není k dispozici žádná předpověď šampionátu. Vyžaduje F1TV Auth ve F1 senzoru.,
widgets_f1_lights_out_in,string,,Lights out in %1$s,Světla zhasnou za %1$s,keep %1$s
widgets_f1_next_in,string,,%1$s · %2$s,%1$s · %2$s,keep %1$s %2$s
widgets_f1_in_days_hours,string,,in %1$dd %2$dh,za %1$dd %2$dh,keep %1$d %2$d
widgets_f1_in_hours_minutes,string,,in %1$dh %2$dm,za %1$dh %2$dm,keep %1$d %2$d
widgets_f1_in_minutes,string,,in %1$dm,v %1$dm,keep %1$d
widgets_f1_no_upcoming,string,,No upcoming race,Žádný nadcházející závod,
widgets_f1_today_at,string,,Today %1$s,Dnes %1$s,keep %1$s
widgets_f1_tomorrow_at,string,,Tomorrow %1$s,Zítra %1$s,keep %1$s
widgets_f1_time_unknown,string,,Time to be confirmed,Čas na potvrzení,
widgets_f1_sensors_used,string,,"This widget uses the next race, season calendar, starting grid, driver and constructor standings, last race results, weather, and — during a session — track status, session status, race control, driver positions, and current tyres. It also shows a championship prediction when F1 Sensor's optional F1TV Auth is set up. Other F1 Sensor options are not needed for it.","Tento widget používá příští závod, kalendář sezóny, startovní rošt, pořadí jezdců a konstruktérů, výsledky posledních závodů, počasí a – během relace – stav trati, stav relace, kontrolu závodu, pozice jezdců a aktuální pneumatiky. Zobrazuje také předpověď šampionátu, když je nastaveno volitelné ověření F1TV senzoru F1. Jiné možnosti senzoru F1 pro něj nejsou potřeba.",
widgets_f1_no_standings,string,,No standings available yet,Zatím nejsou k dispozici žádné umístění,
widgets_f1_no_results,string,,No race results available yet,Výsledky závodu zatím nejsou k dispozici,
widgets_f1_no_race_control,string,,No race control messages,Žádné zprávy o kontrole závodu,
widgets_f1_not_found,string,,F1 Sensor not found,F1 Snímač nenalezen,
widgets_f1_not_found_long,string,,The F1 Sensor integration was not found. Install it in Home Assistant (HACS: Nicxe/f1_sensor) and its sensors are picked up automatically.,Integrace senzoru F1 nebyla nalezena. Nainstalujte jej do Home Assistant (HACS: Nicxe/f1_sensor) a jeho senzory se automaticky zachytí.,don't translate Home Assistant
widgets_f1_found,string,,Found %1$d F1 sensors.,Nalezeno %1$d F1 senzorů.,keep %1$d
widgets_f1_default_tab,string,,Opening tab,Otevírací karta,
widgets_f1_background_help,string,,"With no background image the card shows the upcoming race, with the circuit outline as a faint watermark behind it.",Karta bez obrázku na pozadí ukazuje nadcházející závod a za ním je obrys okruhu jako slabý vodoznak.,
widgets_f1_session_fp1,string,,Practice 1,Cvičení 1,
widgets_f1_session_fp2,string,,Practice 2,Cvičení 2,
widgets_f1_session_fp3,string,,Practice 3,Cvičení 3,
widgets_f1_session_sprint_quali,string,,Sprint qualifying,Kvalifikace sprintu,
widgets_f1_session_sprint,string,,Sprint,Sprint,
widgets_f1_session_qualifying,string,,Qualifying,Kvalifikační,
widgets_f1_session_race,string,,Race,Rasa,
widgets_f1_flag_green,string,,Track clear,Trať volná,
widgets_f1_flag_yellow,string,,Yellow flag,Žlutá vlajka,
widgets_f1_flag_red,string,,Red flag,Červená vlajka,
widgets_f1_flag_safety_car,string,,Safety car,Bezpečnostní vůz,
widgets_f1_flag_vsc,string,,Virtual safety car,Virtuální safety car,
widgets_f1_flag_chequered,string,,Chequered flag,Šachovnicová vlajka,
widgets_f1_flag_unknown,string,,Not running,Neběží,
cr_widget_f1,string,,Formula 1,Formule 1,
cr_widget_f1_description,string,,"Race weekend, standings, and results","Závodní víkend, pořadí a výsledky",
widgets_todo_title,string,,To-Do List,Seznam úkolů,
widgets_todo_shopping_title,string,,Shopping List,Nákupní seznam,
widgets_todo_subtitle,string,,A shared checklist your family can add to and check off,"Sdílený kontrolní seznam, který může vaše rodina přidat a odškrtnout",
widgets_todo_empty,string,,No items yet,Zatím žádné položky,
widgets_todo_all_done,string,,All done,Vše hotovo,
widgets_todo_remaining,string,,%1$d of %2$d left,Zbývá %1$d z %2$d,keep %1$d %2$d
widgets_todo_remaining_short,string,,%1$d/%2$d,%1$d/%2$d,keep %1$d %2$d
widgets_todo_add_placeholder,string,,Add an item…,Přidat položku…,
widgets_todo_read_only,string,,You don't have permission to edit this list.,Nemáte oprávnění tento seznam upravovat.,
widgets_todo_filter_active,string,,To do,dělat,
widgets_todo_filter_all,string,,All,Vše,
widgets_todo_filter_done,string,,Done,Hotovo,
widgets_todo_clear_completed,string,,Clear completed,Vymazání dokončeno,
widgets_todo_completed_section,string,,Completed (%1$d),Dokončeno (%1$d),keep %1$d
widgets_todo_new_category,string,,New tab,Nová karta,
widgets_todo_manage_categories,string,,Manage tabs,Spravovat karty,
widgets_todo_edit_item,string,,Edit item,Upravit položku,
widgets_todo_item_text,string,,Item,Položka,
widgets_todo_quantity,string,,Quantity,Množství,
widgets_todo_category,string,,Category,Kategorie,
widgets_todo_note,string,,Note,Poznámka,
widgets_todo_priority,string,,Priority,Přednost,
widgets_todo_priority_low,string,,Low,Nízký,
widgets_todo_priority_normal,string,,Normal,Normální,
widgets_todo_priority_high,string,,High,Vysoký,
widgets_todo_due_date,string,,Due date,Datum splatnosti,
widgets_todo_clear_due_date,string,,Clear due date,Vymazat datum splatnosti,
widgets_todo_delete_item,string,,Delete,Vymazat,
widgets_todo_checked_by,string,,Checked by %1$s,Zkontrolováno %1$s,keep %1$s
widgets_todo_added_by,string,,Added by %1$s,Přidáno uživatelem %1$s,keep %1$s
widgets_todo_tab_general,string,,General,Generál,
widgets_todo_tab_permissions,string,,Permissions,Oprávnění,
widgets_todo_list_type,string,,List type,Typ seznamu,
widgets_todo_type_todo,string,,To-do,Úkoly,
widgets_todo_type_shopping,string,,Shopping,Nakupování,
widgets_todo_sort_mode,string,,Sort order,Řadit pořadí,
widgets_todo_sort_manual,string,,Manual,Manuál,
widgets_todo_sort_alphabetical,string,,A–Z,A–Z,
widgets_todo_sort_priority,string,,Priority,Přednost,
widgets_todo_sort_newest,string,,Newest first,Nejdříve nejnovější,
widgets_todo_show_completed,string,,Show completed items by default,Ve výchozím nastavení zobrazovat dokončené položky,
widgets_todo_hero_list,string,,Hero list,Seznam hrdinů,
widgets_todo_hero_list_hint,string,,Show this list's open items on the square card.,Ukažte otevřené položky tohoto seznamu na čtvercové kartě.,
widgets_todo_permissions_subtitle,string,,"Choose who can add, check off, or remove items","Vyberte, kdo může položky přidávat, zaškrtávat nebo odebírat",
widgets_todo_perm_everyone,string,,Everyone,Každý,
widgets_todo_perm_specific,string,,Specific family members,Konkrétní členové rodiny,
widgets_todo_perm_admin_only,string,,Admins only,Pouze správci,
widgets_todo_permissions_admin_required,string,,Only an admin can choose specific members,Pouze administrátor může vybrat konkrétní členy,
widgets_todo_no_users_found,string,,No Home Assistant users found,Nebyli nalezeni žádní uživatelé Home Assistant,don't translate Home Assistant
cr_widget_todo,string,,To-Do List,Seznam úkolů,
cr_widget_todo_description,string,,"Shared checklist or shopping list, editable by everyone, chosen members, or admins only","Sdílený kontrolní seznam nebo nákupní seznam, který mohou upravovat všichni, vybraní členové nebo pouze správci",
widgets_find_devices_title,string,,Find my devices,Najít moje zařízení,
widgets_find_devices_subtitle,string,,"Devices, map, and appearance","Zařízení, mapa a vzhled",
widgets_find_devices_label,string,,Devices,Zařízení,
widgets_find_select_devices,string,,Select devices,Vyberte zařízení,
widgets_find_sources_subtitle,string,,Trackers to show on the map,Stopaři k zobrazení na mapě,
widgets_find_gps_help,string,,Any device_tracker or person entity can be added. Those reporting GPS coordinates appear on the map; the rest are still listed with their state.,"Lze přidat jakýkoli nástroj pro sledování zařízení nebo osobu. Ti, kteří hlásí GPS souřadnice, se objeví na mapě; zbytek je stále uveden se svým stavem.",
widgets_find_my_devices,string,,My devices,Moje zařízení,
widgets_find_filter_all,string,,All,Vše,
widgets_find_filter_devices,string,,Devices,Zařízení,
widgets_find_filter_persons,string,,People,Lidé,
widgets_find_showing_selected,string,,Showing %1$d selected,Zobrazuje se vybrané %1$d,keep %1$d
widgets_find_show_all,string,,Show all,Zobrazit vše,
widgets_find_none_in_filter,string,,Nothing of this kind in this widget,Nic takového v tomto widgetu není,
widgets_find_refresh,string,,Refresh,Obnovit,
widgets_find_summary,string,,%1$d of %2$d home,%1$d z %2$d domovů,keep %1$d %2$d
widgets_find_no_devices_selected,string,,No devices selected,Nejsou vybrána žádná zařízení,
widgets_find_no_location,string,,None of these devices report a location yet,Žádné z těchto zařízení zatím nehlásí polohu,
widgets_find_no_gps,string,,No location,Bez umístění,
widgets_find_state_home,string,,Home,Domov,
widgets_find_state_away,string,,Away,Pryč,
widgets_find_state_unknown,string,,Unknown,Neznámý,
cr_widget_find_devices,string,,Find my devices,Najít moje zařízení,
cr_widget_find_devices_description,string,,"Map of your phones, tags, and trackers","Mapa vašich telefonů, značek a sledovačů",
widgets_waste_calendar_range,string,,Calendar range,Rozsah kalendáře,
widgets_waste_calendar_days,string,,%1$d days,%1$d dnů,keep %1$d
widgets_waste_calendar_range_help,string,,"How far ahead the dialog's calendar looks. It is shown as a week grid, rounded out to whole weeks.","Jak daleko dopředu vypadá kalendář dialogu. Zobrazuje se jako týdenní mřížka, zaokrouhlená na celé týdny.",
widgets_waste_no_collection_on,string,,No collection on %1$s,Žádná sbírka na %1$s,keep %1$s
widgets_waste_organic,string,,Organic waste,Organický odpad,
widgets_waste_packaging,string,,Packaging,Obal,
widgets_waste_paper,string,,Paper,Papír,
widgets_waste_residual,string,,Residual waste,Zbytkový odpad,
widgets_waste_glass,string,,Glass,Sklo,
widgets_waste_textiles,string,,Textiles,Textilie,
widgets_waste_plastic,string,,Plastic,Plast,
widgets_waste_christmas_trees,string,,Christmas trees,vánoční stromky,
widgets_waste_bulky,string,,Bulky waste,Objemný odpad,
widgets_waste_duo_bin,string,,Duo bin,Duo přihrádka,
widgets_weather_title,string,,Weather,Počasí,
widgets_weather_subtitle,string,,"Entity, card type, and appearance","Entita, typ karty a vzhled",
widgets_weather_style_current,string,,Current weather,Aktuální počasí,
widgets_weather_style_daily,string,,Daily forecast,Denní předpověď,
widgets_weather_style_hourly,string,,Hourly forecast,Hodinová předpověď,
widgets_weather_style_horizon,string,,Sunrise & sunset horizon,Horizont východu a západu slunce,
widgets_weather_style_wind,string,,Wind compass,Větrný kompas,
widgets_weather_style_rain_map,string,,Rain map (image URL),Dešťová mapa (URL obrázku),
widgets_compass_directions,array,1,N,,needs translation
widgets_compass_directions,array,2,NNE,,needs translation
widgets_compass_directions,array,3,NE,,needs translation
widgets_compass_directions,array,4,ENE,,needs translation
widgets_compass_directions,array,5,E,,needs translation
widgets_compass_directions,array,6,ESE,,needs translation
widgets_compass_directions,array,7,SE,,needs translation
widgets_compass_directions,array,8,SSE,,needs translation
widgets_compass_directions,array,9,S,,needs translation
widgets_compass_directions,array,10,SSW,,needs translation
widgets_compass_directions,array,11,SW,,needs translation
widgets_compass_directions,array,12,WSW,,needs translation
widgets_compass_directions,array,13,W,,needs translation
widgets_compass_directions,array,14,WNW,,needs translation
widgets_compass_directions,array,15,NW,,needs translation
widgets_compass_directions,array,16,NNW,,needs translation
widgets_battery_entities,string,,Battery entities,Entity baterie,
widgets_battery_settings,string,,Battery settings,Nastavení baterie,
widgets_battery_empty_view_hint,string,,This battery view is empty. Swipe down on the header and open Battery settings to add entities manually.,"Toto zobrazení baterie je prázdné. Chcete-li entity přidat ručně, přejeďte po záhlaví dolů a otevřete Nastavení baterie.",
widgets_battery_levels_title,string,,Battery levels,Úrovně baterie,
widgets_battery_levels_subtitle,string,,"Thresholds, sources, and appearance","Prahové hodnoty, zdroje a vzhled",
widgets_battery_rules,string,,Battery rules,Pravidla baterie,
widgets_battery_all,string,,All,Vše,
widgets_battery_critical,string,,Critical,Kritické,
widgets_battery_low,string,,Low,Nízký,
widgets_battery_watch,string,,Watch,Hodinky,
widgets_battery_good,string,,Good,Dobrý,
widgets_battery_unknown,string,,Unknown,Neznámý,
widgets_battery_range_critical,string,,0–10%,0–10%,
widgets_battery_range_low,string,,11–30%,11–30%,
widgets_battery_range_watch,string,,31–50%,31–50%,
widgets_battery_range_good,string,,Above 50%,nad 50 %,
widgets_battery_range_unknown,string,,Unavailable or unknown,Nedostupné nebo neznámé,
widgets_battery_no_data,string,,No battery data,Žádné údaje o baterii,
widgets_battery_levels_unavailable,string,,Battery levels unavailable,Úrovně baterie nejsou k dispozici,
widgets_battery_levels_healthy,string,,Battery levels look healthy,Úroveň baterie vypadá zdravě,
widgets_battery_lowest_detail,string,,Lowest: %1$s at %2$d%%,Nejnižší: %1$s na %2$d%%,keep %1$s %2$d
widgets_battery_showing_plus,string,,Showing Battery+ devices,Zobrazení zařízení Battery+,
widgets_battery_waiting_levels,string,,Waiting for reported levels,Čekání na nahlášené úrovně,
widgets_battery_lowest,string,,Lowest,Nejnižší,
widgets_battery_attention,string,,Attention,Pozor,
widgets_battery_tracked,string,,Tracked,Sledováno,
widgets_battery_level,string,,Level,Úroveň,
widgets_battery_name,string,,Name,Jméno,
widgets_battery_type,string,,Battery type,Typ baterie,
widgets_battery_entity,string,,Entity,Entita,
widgets_battery_quantity,string,,Quantity,Množství,
widgets_battery_quantity_short,string,,Qty %1$s,Množství %1$s,keep %1$s
widgets_battery_device_id,string,,Device ID,ID zařízení,
widgets_battery_unknown_type,string,,Unknown type,Neznámý typ,
widgets_battery_sort_summary,string,,Sort: %1$s,Řadit: %1$s,keep %1$s
widgets_battery_no_filters,string,,No filters active,Nejsou aktivní žádné filtry,
widgets_battery_collapse_filters,string,,Collapse filters,Sbalit filtry,
widgets_battery_expand_filters,string,,Expand filters,Rozbalte filtry,
widgets_battery_low_count,plural,one,%1$d low battery,%1$d vybitá baterie,keep %1$d
widgets_battery_low_count,plural,other,%1$d low batteries,%1$d vybité baterie,keep %1$d
widgets_battery_low_count,plural,few,,%1$d vybité baterie,
widgets_battery_low_count,plural,many,,%1$d vybité baterie,
widgets_battery_critical_count,plural,one,%1$d critical battery,%1$d kritická baterie,keep %1$d
widgets_battery_critical_count,plural,other,%1$d critical batteries,%1$d kritických baterií,keep %1$d
widgets_battery_critical_count,plural,few,,%1$d kritických baterií,
widgets_battery_critical_count,plural,many,,%1$d kritických baterií,
widgets_battery_attention_count,plural,one,%1$d battery needs attention,Baterie %1$d vyžaduje pozornost,keep %1$d
widgets_battery_attention_count,plural,other,%1$d batteries need attention,Baterie %1$d vyžadují pozornost,keep %1$d
widgets_battery_attention_count,plural,few,,Baterie %1$d vyžadují pozornost,
widgets_battery_attention_count,plural,many,,Baterie %1$d vyžadují pozornost,
widgets_energy_day,string,,Day,Den,
widgets_energy_week,string,,Week,Týden,
widgets_energy_month,string,,Month,Měsíc,
widgets_energy_year,string,,Year,Rok,
widgets_energy_this_week,string,,This week,Tento týden,
widgets_energy_this_month,string,,This month,Tento měsíc,
widgets_energy_this_year,string,,This year,Letos,
widgets_energy_today_lower,string,,today,dnes,
widgets_energy_this_week_lower,string,,this week,tento týden,
widgets_energy_this_month_lower,string,,this month,tento měsíc,
widgets_energy_this_year_lower,string,,this year,letos,
widgets_energy_yesterday_lower,string,,yesterday,včera,
widgets_energy_consumed_solar,string,,Consumed solar,Spotřebované solární,
widgets_energy_imported,string,,Imported,Importováno,
widgets_energy_exported,string,,Exported,Exportováno,
widgets_energy_phase_number,string,,Phase %1$d,Fáze %1$d,keep %1$d
widgets_energy_forecast_number,string,,Forecast %1$d,Předpověď %1$d,keep %1$d
widgets_energy_ha_forecast,string,,Home Assistant forecast,Home Assistant předpověď,don't translate Home Assistant
widgets_battery_search,string,,Search devices,Vyhledejte zařízení,
widgets_battery_none,string,,No batteries match that search.,Tomuto vyhledávání neodpovídají žádné baterie.,
widgets_battery_open_page,string,,Open battery page,Otevřete stránku baterie,
