key,type,item,english,translation,notes
language_title,string,,Language,Sprog,
language_display_title,string,,Display language,Vis sprog,
language_display_subtitle,string,,Follows your device by default; choose one to override it,Følger din enhed som standard; vælg en for at tilsidesætte den,
language_system,string,,System default,System standard,
language_selected,string,,Selected,Valgt,
nav_home,string,,Home,Hjem,
nav_rooms,string,,Rooms,Værelser,
nav_security,string,,Security,Sikkerhed,
nav_energy,string,,Energy,Energi,
nav_climate,string,,Climate,Klima,
nav_battery,string,,Battery,Batteri,
nav_settings,string,,Settings,Indstillinger,
nav_room_detail,string,,Room Detail,Rum detalje,
settings_title_connection,string,,Connection,Forbindelse,
settings_title_profile,string,,Profile,Profil,
settings_title_location,string,,Location,Beliggenhed,
settings_title_notifications,string,,Notifications,Meddelelser,
settings_title_appearance,string,,Appearance,Udseende,
settings_title_header,string,,Header,Overskrift,
settings_title_theme,string,,Theme,Tema,
settings_title_fonts,string,,Fonts,Skrifttyper,
settings_title_corners,string,,Corners,Hjørner,
settings_title_icons,string,,Icons,Ikoner,
settings_title_nav_bar,string,,Navigation Bar,Navigationslinje,
settings_title_media_players,string,,Media Players,Medieafspillere,
settings_title_dashboard,string,,Dashboard,Dashboard,
settings_title_family_sharing,string,,Family Sharing,Familiedeling,
settings_title_backup_restore,string,,Backup and Restore,Sikkerhedskopiering og gendannelse,
settings_title_account,string,,Account,Konto,
settings_title_about,string,,About HKI 7,Om HKI 7,don't translate HKI 7
settings_title_license,string,,License,Licens,
settings_title_support,string,,Support,Støtte,
settings_subtitle_menu,string,,Everything that shapes your HKI 7 experience,"Alt det, der former din HKI 7-oplevelse",don't translate HKI 7
settings_subtitle_account,string,,Your profile and this app installation,Din profil og denne app installation,
settings_subtitle_profile,string,,Personal details used throughout your dashboard,Personlige oplysninger brugt i hele dit dashboard,
settings_subtitle_connection,string,,Server routes and local-network preferences,Serverruter og lokale netværkspræferencer,
settings_subtitle_location,string,,Presence updates and background access,Tilstedeværelsesopdateringer og baggrundsadgang,
settings_subtitle_dashboard,string,,"Dashboards, tabs, media players, and popups","Dashboards, faner, medieafspillere og popups",
settings_subtitle_appearance,string,,Make the dashboard feel like yours,Få dashboardet til at føles som dit,
settings_subtitle_corners,string,,"Roundness of buttons, cards, and widgets","Rundhed af knapper, kort og widgets",
settings_subtitle_icons,string,,Icon animations and per-domain effects,Ikonanimationer og per-domæne effekter,
settings_subtitle_header,string,,Choose whether the dashboard header is shown,"Vælg, om dashboard-overskriften skal vises",
settings_subtitle_theme,string,,"Color, contrast, mode, and corner styling","Farve, kontrast, tilstand og hjørnestyling",
settings_subtitle_fonts,string,,"Size, weight, and typeface readability","Størrelse, vægt og læsbarhed af skrifttyper",
settings_subtitle_nav_bar,string,,Choose which destinations are always within reach,Vælg hvilke destinationer der altid er inden for rækkevidde,
settings_subtitle_media_players,string,,Names and mini-player visibility,Navne og synlighed for minispillere,
settings_subtitle_notifications,string,,"Push delivery, history, and service behavior","Push-levering, historik og serviceadfærd",
settings_subtitle_backup_restore,string,,Protect or move your dashboard configuration,Beskyt eller flyt din dashboard-konfiguration,
settings_subtitle_family_sharing,string,,"Parental controls, dashboard sharing, and recipient permissions","Forældrekontrol, dashboarddeling og modtagertilladelser",
settings_subtitle_about,string,,"The project, technology, and people behind HKI 7","Projektet, teknologien og folkene bag HKI 7",don't translate HKI 7
settings_subtitle_license,string,,Open-source community core and optional premium materials,Open source-fællesskabskerne og valgfri premium-materialer,
settings_subtitle_support,string,,Ways to help HKI 7 grow without buying Premium,Måder at hjælpe HKI 7 med at vokse uden at købe Premium,don't translate HKI 7
notification_channel_general,string,,General,Generel,
location_channel_name,string,,Location sharing,Placeringsdeling,
location_notification_title,string,,Home Assistant location,Home Assistant placering,don't translate Home Assistant
location_notification_text,string,,Sharing your location with Home Assistant,Deler din placering med Home Assistant,don't translate Home Assistant
push_connection_channel_name,string,,Notification connection,Notifikationsforbindelse,
push_connection_notification_title,string,,Connected to Home Assistant,Forbundet til Home Assistant,don't translate Home Assistant
push_connection_notification_text,string,,Listening for notifications,Lytter efter notifikationer,
parcel_title,string,,Parcels,Pakker,
parcel_generic_carrier,string,,Carrier,Transportør,
parcel_incoming,string,,Incoming,Indkommende,
parcel_delivered,string,,Delivered,Leveret,
parcel_outgoing,string,,Outgoing,Udgående,
parcel_letters,string,,Letters,Breve,
parcel_mail,string,,Mail,Post,
parcel_summary,string,,%1$d incoming · %2$d outgoing,%1$d indgående · %2$d udgående,keep %1$d %2$d
parcel_summary_with_letters,string,,%1$d incoming · %2$d outgoing · %3$d letters,%1$d indgående · %2$d udgående · %3$d bogstaver,keep %1$d %2$d %3$d
parcel_carrier_summary_with_letters,string,,%1$d incoming · %2$d outgoing · %3$d letters,%1$d indgående · %2$d udgående · %3$d bogstaver,keep %1$d %2$d %3$d
parcel_summary_with_letter_count,string,,%1$d incoming · %2$d outgoing · %3$s,%1$d indgående · %2$d udgående · %3$s,keep %1$d %2$d %3$s
parcel_tracking_history,string,,Tracking history,Sporingshistorik,
parcel_tracking_history_subtitle,string,,Parcel journey and status updates,Pakkerejse og statusopdateringer,
parcel_choose_carrier_account,string,,Choose a carrier account,Vælg en operatørkonto,
parcel_tab_count,string,,%1$s (%2$d),%1$s (%2$d),keep %1$s %2$d
parcel_empty_tab,string,,No %1$s parcels.,Ingen %1$s pakker.,keep %1$s
parcel_no_incoming,string,,No incoming parcels.,Ingen indgående pakker.,
parcel_no_delivered,string,,No delivered parcels.,Ingen afleverede pakker.,
parcel_no_outgoing,string,,No outgoing parcels.,Ingen udgående pakker.,
parcel_stage_registered,string,,Registered,Registreret,
parcel_stage_sorting,string,,Sorting,Sortering,
parcel_stage_on_the_way,string,,On the way,På vej,
parcel_unknown_status,string,,Unknown status,Ukendt status,
parcel_status_in_transit,string,,In transit,I transit,
parcel_status_out_for_delivery,string,,Out for delivery,Ude til levering,
parcel_status_at_pickup_point,string,,Ready at pickup point,Klar på afhentningsstedet,
parcel_status_ready_to_send,string,,Ready to send,Klar til at sende,
parcel_letter_preview,string,,Letter preview,Forhåndsvisning af brev,
parcel_carriers,string,,Carriers,Transportører,
parcel_track_new,string,,Track a new %1$s parcel by number,Spor en ny %1$s pakke efter nummer,keep %1$s
parcel_choose_carrier,string,,Choose a carrier,Vælg en transportør,
parcel_settings_subtitle,string,,"Carrier accounts, aggregation, and appearance","Transportørkonti, sammenlægning og udseende",
parcel_settings_accounts,string,,Accounts,Regnskaber,
parcel_settings_organization,string,,Organization,Organisation,
parcel_settings_appearance,string,,Appearance,Udseende,
action_remove,string,,Remove,Fjerne,
notification_delete,string,,Delete notification,Slet notifikation,
notification_mark_all_read,string,,Mark all as read,Marker alle som læst,
notification_mark_all_unread,string,,Mark all as unread,Marker alle som ulæste,
notification_delete_all,string,,Delete all,Slet alle,
notification_delete_all_archived,string,,Delete all archived,Slet alle arkiverede,
notification_unread,string,,Unread,Ulæst,
notification_history,string,,History,Historie,
notification_mark_unread,string,,Mark as unread,Markér som ulæst,
notification_mark_read,string,,Mark as read,Markér som læst,
notification_archive,string,,Archive,Arkiv,
notification_unarchive,string,,Unarchive,Fjern arkivering,
notification_delete_action,string,,Delete,Slet,
entity_search_select_items,string,,Select items,Vælg elementer,
entity_search_choose_one,string,,Search and choose one entity,Søg og vælg én enhed,
entity_search_choose_multiple,string,,Search and select one or more entities,Søg og vælg en eller flere enheder,
global_search_title,string,,Search,Søge,
global_search_subtitle,string,,Find and control any Home Assistant device or entity,Find og kontroller enhver Home Assistant enhed eller enhed,don't translate Home Assistant
global_search_clear,string,,Clear search,Ryd søgning,
global_search_no_devices,string,,No matching devices.,Ingen matchende enheder.,
global_search_no_entities,string,,No matching entities.,Ingen matchende enheder.,
security_title,string,,Security,Sikkerhed,
security_subtitle,string,,Home status and activity,Hjemmestatus og aktivitet,
security_settings,string,,Security settings,Sikkerhedsindstillinger,
security_entities,string,,Security entities,Sikkerhedsenheder,
security_reimport,string,,Re-import,Genimport,
security_group_doors,string,,Doors,Døre,
security_group_doors_subtitle,string,,Door contacts,Dørkontakter,
security_group_windows,string,,Windows,Windows,
security_group_windows_subtitle,string,,Window contacts,Vindues kontakter,
security_group_openings,string,,Openings,Åbninger,
security_group_openings_subtitle,string,,Garage doors and other openings,Garageporte og andre åbninger,
security_group_garage_doors,string,,Garage doors,Garageporte,
security_group_garage_doors_subtitle,string,,Garage door covers,Garageportdæksler,
security_group_covers,string,,Covers,Covers,
security_group_covers_subtitle,string,,"Blinds, shutters, and gates","Persienner, skodder og porte",
security_group_locks,string,,Locks,Låse,
security_group_locks_subtitle,string,,Door and gate locks,Dør- og portlåse,
security_group_motion,string,,Motion,Bevægelse,
security_group_motion_subtitle,string,,Motion detection,Bevægelsesdetektering,
security_group_presence,string,,Presence,Tilstedeværelse,
security_group_presence_subtitle,string,,Occupancy sensors,Tilstedeværelsessensorer,
security_group_fire,string,,Fire and temperature,Ild og temperatur,
security_group_fire_subtitle,string,,"Fire, heat, cold, and safety alarms","Brand-, varme-, kulde- og sikkerhedsalarmer",
security_group_smoke,string,,Smoke,Røg,
security_group_smoke_subtitle,string,,Smoke detectors,Røgdetektorer,
security_group_gas,string,,Gas,Gas,
security_group_gas_subtitle,string,,Combustible gas sensors,Brændbare gassensorer,
security_group_co2,string,,CO / CO₂,CO/CO₂,
security_group_co2_subtitle,string,,Carbon monoxide and carbon dioxide sensors,Kulilte- og kuldioxidsensorer,
security_group_moisture,string,,Leaks,Utætheder,
security_group_moisture_subtitle,string,,Moisture and water leaks,Fugt- og vandlækager,
security_group_sound,string,,Sound,Sund,
security_group_sound_subtitle,string,,Sound and glass-break sensors,Lyd- og glasbrudssensorer,
security_group_light,string,,Light detection,Lysdetektion,
security_group_light_subtitle,string,,Light and beam sensors,Lys- og strålesensorer,
security_group_alarms,string,,Alarm systems,Alarmsystemer,
security_group_alarms_subtitle,string,,Alarm control panels,Alarm kontrolpaneler,
security_group_cameras,string,,Cameras,Kameraer,
security_group_cameras_subtitle,string,,Camera feeds,Kamera feeds,
security_no_search_active,string,,No search active · %1$s,Ingen søgning aktiv · %1$s,keep %1$s
security_status_alert,string,,Security alert,Sikkerhedsadvarsel,
security_status_alarm_pending,string,,Alarm pending,Alarm afventer,
security_status_changing_alarm,string,,Changing alarm mode,Ændring af alarmtilstand,
security_status_needs_attention,string,,Needs attention,Har brug for opmærksomhed,
security_status_motion,string,,Motion detected,Bevægelse registreret,
security_status_sensor_activity,string,,Sensor activity,Sensoraktivitet,
security_status_alarm_unavailable,string,,Alarm unavailable,Alarmen er ikke tilgængelig,
security_status_devices_unavailable,string,,Devices unavailable,Enheder er ikke tilgængelige,
security_status_cameras_offline,string,,Cameras offline,Kameraer offline,
security_status_all_secure,string,,All secure,Alt sammen sikkert,
security_status_alarm_disarmed,string,,Alarm disarmed,Alarmen deaktiveret,
security_status_all_clear,string,,All clear,Alt klart,
security_status_no_data,string,,No security data,Ingen sikkerhedsdata,
security_metric_openings,string,,Openings,Åbninger,
security_metric_locked,string,,Locked,Låst,
security_metric_cameras_online,string,,Cameras online,Kameraer online,
security_card_title,string,,Security card,Sikkerhedskort,
security_card_subtitle,string,,"Name, layout, and card appearance","Navn, layout og kortudseende",
security_stat_total,string,,Total,Total,
security_stat_active,string,,Active,Aktiv,
security_stat_clear,string,,Clear,Klar,
security_cover_open,string,,Open,Åben,
security_cover_stop,string,,Stop,Stop,
security_cover_close,string,,Close,Tæt,
security_restore,string,,Restore,Gendan,
security_empty,string,,This is an empty security view. Swipe down on the header and open Security settings to add entities manually.,"Dette er en tom sikkerhedsvisning. Stryg ned på overskriften, og åbn Sikkerhedsindstillinger for at tilføje enheder manuelt.",
connection_stopping_for_restart,string,,Stopping for restart…,Stopper for genstart...,
connection_starting,string,,Home Assistant is starting…,Home Assistant starter...,don't translate Home Assistant
connection_restoring_dashboard,string,,Restoring your dashboard…,Gendanner dit betjeningspanel...,
connection_restarting,string,,Home Assistant is restarting…,Home Assistant genstarter...,don't translate Home Assistant
connection_auto_generating,string,,Auto-generating rooms and widgets…,Automatisk generering af rum og widgets...,
connection_reconnecting,string,,Reconnecting to Home Assistant…,Genopretter forbindelse til Home Assistant...,don't translate Home Assistant
connection_unavailable_retrying,string,,Unavailable · Retrying…,Utilgængelig · Prøver igen...,
connection_paused,string,,Connection paused,Forbindelsen sat på pause,
connection_connected,string,,Connected,Forbundet,
connection_server_not_found,string,,Server address could not be found,Serveradressen kunne ikke findes,
connection_timed_out,string,,Connection timed out,Forbindelsen fik timeout,
connection_no_route,string,,No network route to Home Assistant,Ingen netværksrute til Home Assistant,don't translate Home Assistant
connection_could_not_connect,string,,Could not connect to Home Assistant,Kunne ikke oprette forbindelse til Home Assistant,don't translate Home Assistant
connection_secure_failed,string,,Secure connection failed,Sikker forbindelse mislykkedes,
connection_session_expired_refreshing,string,,Session expired · Refreshing login…,Session udløbet · Opdaterer login...,
connection_interrupted,string,,Connection was interrupted,Forbindelsen blev afbrudt,
connection_error_title,string,,Connection error,Forbindelsesfejl,
connection_all_systems_normal,string,,All systems normal,Alle systemer normale,
action_undo,string,,Undo,Fortryd,
action_redo,string,,Redo,Gentag,
connection_route_local,string,,Local,Lokal,
connection_route_nabu_casa,string,,Nabu Casa,Nabu Casa,don't translate Nabu Casa
connection_route_external,string,,External,Ekstern,
settings_connection_via,string,,Connected via %1$s,Forbundet via %1$s,keep %1$s
settings_connection_unknown,string,,Unknown,Ukendt,
settings_connection_connecting,string,,Connecting…,Opretter forbindelse...,
settings_this_home,string,,this home,dette hjem,
settings_current_wifi,string,,Current Wi-Fi,Nuværende Wi-Fi,
settings_wifi_unavailable,string,,Not connected or location permission is missing,"Ikke forbundet, eller placeringstilladelse mangler",
settings_just_now,string,,just now,lige nu,
settings_primary_app_language,string,,Primary application language,Primært applikationssprog,
settings_android_build_configuration,string,,Android resources and build configuration,Android-ressourcer og build-konfiguration,
page_settings_default_title,string,,Page settings,Sideindstillinger,
page_settings_choose_area,string,,Choose an area to configure,"Vælg et område, der skal konfigureres",
page_settings_focused_options,string,,Focused options for this page area,Fokuserede muligheder for dette sideområde,
page_settings_header_description,string,,Wallpaper and custom header color,Tapet og tilpasset overskriftsfarve,
page_settings_custom_page_description,string,,"Name, subtitle, and navigation icon","Navn, undertekst og navigationsikon",
page_settings_badge_bar,string,,Badge bar,Badge bar,
page_settings_badge_description,string,,"Visibility, alignment, and display options","Indstillinger for synlighed, justering og visning",
page_settings_persons,string,,Persons,Personer,
page_settings_persons_description,string,,Visibility and ordering,Synlighed og bestilling,
page_settings_configure,string,,Configure,Konfigurer,
room_config_title,string,,Room configuration,Rumkonfiguration,
header_pill_left,string,,Left header pill,Venstre header pille,
header_pill_right,string,,Right header pill,Højre header pille,
alignment_split,string,,Split,Dele,
alignment_center,string,,Center,Centrum,
weather_cloudy,string,,Cloudy,Overskyet,
home_default_markdown_content,string,,# Markdown\nOpen this widget's settings in **edit mode** to write your own content.,# Markdown\nÅbn denne widgets indstillinger i **redigeringstilstand** for at skrive dit eget indhold.,\n = line break
home_settings_title,string,,Home settings,Hjem indstillinger,
custom_page_settings_title,string,,%1$s settings,%1$s indstillinger,keep %1$s
home_empty,string,,This is the homepage. Add widgets by swiping down on the header and enabling edit mode.,Dette er hjemmesiden. Tilføj widgets ved at stryge ned på overskriften og aktivere redigeringstilstand.,
custom_page_empty,string,,This page is empty. Add widgets by swiping down on the header and enabling edit mode.,Denne side er tom. Tilføj widgets ved at stryge ned på overskriften og aktivere redigeringstilstand.,
select_camera_title,string,,Select camera,Vælg kamera,
select_entity_title,string,,Select entity,Vælg enhed,
custom_camera_default_name,string,,Custom camera,Brugerdefineret kamera,
rooms_settings_title,string,,Rooms settings,Indstillinger for rum,
rooms_empty,string,,The rooms view is empty. Swipe down on the header and enable edit mode to add floors and rooms.,Værelsesvisningen er tom. Stryg ned på overskriften og aktiver redigeringstilstand for at tilføje etager og rum.,
floor_expand,string,,Expand floor,Udvid gulvet,
floor_collapse,string,,Collapse floor,Saml gulv,
floor_settings_title,string,,Floor,Etage,
floor_settings_subtitle,string,,"Identity, layout, and card style","Identitet, layout og kortstil",
universal_cover_status,string,,%1$d%% · %2$s,%1$d%% · %2$s,keep %1$d %2$s
universal_effects,string,,Effects,Effekter,
universal_open_door,string,,Open door,Åben dør,
universal_vacuum_dock,string,,Dock,Dok,
universal_start,string,,Start,Starte,
universal_pause,string,,Pause,Pause,
universal_stop,string,,Stop,Stop,
universal_locate,string,,Locate,Find,
universal_room_number,string,,Room %1$d,Værelse %1$d,keep %1$d
core_optional_display_name,string,,Optional display name override,Valgfri tilsidesættelse af visningsnavn,
core_media_paused_track,string,,Paused: %1$s,Pause: %1$s,keep %1$s
core_percent_value,string,,%1$d percent,%1$d procent,keep %1$d
core_current_humidity,string,,Current humidity,Aktuel luftfugtighed,
core_tank_water_level,string,,Tank / water level,Tank/vandstand,
core_pm25,string,,PM2.5,"PM2,5",
core_error_code,string,,Error code,Fejlkode,
core_bucket_full,string,,Bucket full,Spanden fuld,
core_clean_filter,string,,Clean filter,Rens filteret,
core_ionizer,string,,Ionizer,Ionisator,
core_pump,string,,Pump,Pumpe,
core_beep_on_command,string,,Beep on command,Bip på kommando,
core_dawn,string,,Dawn,Daggry,
core_solar_noon,string,,Solar noon,Solen middag,
core_dusk,string,,Dusk,Skumring,
core_icon_category_common,string,,Common,Fælles,
core_icon_category_home,string,,Home,Hjem,
core_icon_category_weather,string,,Weather,Vejr,
core_icon_category_lock,string,,Lock,Låse,
core_icon_category_people,string,,People,Mennesker,
core_icon_category_auto,string,,Automotive,Automotive,
core_icon_category_music,string,,Music,Musik,
core_icon_category_battery,string,,Battery,Batteri,
core_icon_category_nature,string,,Nature,Natur,
core_icon_category_places,string,,Places,Steder,
core_icon_category_food,string,,Food,Mad,
core_icon_category_navigation,string,,Navigation,Navigation,
core_icon_category_devices,string,,Devices,Enheder,
core_icon_category_map,string,,Map,Kort,
core_icon_category_media,string,,Media,Medier,
core_icon_category_communication,string,,Communication,Meddelelse,
core_icon_category_health,string,,Health,Sundhed,
core_icon_category_vehicles,string,,Vehicles,Køretøjer,
core_icon_category_buildings,string,,Buildings,Bygninger,
core_icon_category_electrical,string,,Electrical,Elektrisk,
core_icon_category_sport,string,,Sport,Sport,
core_icon_category_objects,string,,Objects,Objekter,
core_icon_category_commerce,string,,Commerce,Handel,
core_icon_category_games,string,,Games,Spil,
core_icon_category_finance,string,,Finance,Finansiere,
background_notification_channel_general,string,,General,Generel,
background_location_channel_name,string,,Location sharing,Placeringsdeling,
background_location_channel_description,string,,Keeps your device location up to date in Home Assistant,Holder din enheds placering opdateret i Home Assistant,don't translate Home Assistant
background_location_notification_title,string,,Home Assistant location sharing,Home Assistant placeringsdeling,don't translate Home Assistant
background_location_notification_text,string,,Sharing your location with Home Assistant,Deler din placering med Home Assistant,don't translate Home Assistant
background_push_channel_name,string,,Notification connection,Notifikationsforbindelse,
background_push_channel_description,string,,Keeps a background connection to Home Assistant for instant notifications,Bevarer en baggrundsforbindelse til Home Assistant for øjeblikkelige meddelelser,don't translate Home Assistant
background_push_notification_title,string,,Connected to Home Assistant,Forbundet til Home Assistant,don't translate Home Assistant
background_push_notification_text,string,,Waiting for notifications,Venter på notifikationer,
background_push_hide_action,string,,Hide this notification,Skjul denne notifikation,
button_style_centered,string,,Centered,Centreret,
button_elements,string,,Elements,Elementer,
button_elements_description,string,,What appears on this button. Hide the name and state for an icon on its own.,Hvad vises på denne knap. Skjul navnet og tilstanden for et ikon alene.,
stack_elements_title,string,,Elements on every button in this stack,Elementer på hver knap i denne stak,
stack_elements_description,string,,"These apply to the whole stack, not to one button. Turning something off here hides it on every button in the stack; leaving it on lets each button decide for itself in its own settings.","Disse gælder for hele stakken, ikke for én knap. Hvis du slår noget fra her, skjules det på hver knap i stakken; ved at lade den være tændt lader hver knap bestemme sig selv i sine egne indstillinger.",
button_element_icon,string,,Icon,Ikon,
button_element_name,string,,Name,Navn,
button_element_state,string,,State,Tilstand,
stack_show_title,string,,Show name,Vis navn,
stack_show_title_description,string,,Turn off for a stack with no heading at all.,Sluk for en stak uden overskrift overhovedet.,
stack_show_icon,string,,Show icon,Vis ikon,
stack_show_icon_description,string,,The icon beside the heading.,Ikonet ved siden af overskriften.,
stack_center_title,string,,Center the heading,Centrer overskriften,
stack_center_title_description,string,,Puts the icon and name in the middle instead of against the left edge.,Sætter ikonet og navnet i midten i stedet for mod venstre kant.,
cr_state_on,string,,On,På,
cr_state_off,string,,Off,Slukket,
cr_open,string,,Open,Åben,
cr_close,string,,Close,Tæt,
cr_stop,string,,Stop,Stop,
cr_closed,string,,Closed,Lukket,
cr_opening,string,,Opening,Åbning,
cr_closing,string,,Closing,Lukning,
cr_locked,string,,Locked,Låst,
cr_unlocked,string,,Unlocked,Ulåst,
cr_unavailable,string,,Unavailable,Ikke tilgængelig,
cr_unknown,string,,Unknown,Ukendt,
cr_idle,string,,Idle,Ledig,
cr_home,string,,Home,Hjem,
cr_away,string,,Away,Væk,
cr_cleaning,string,,Cleaning,Rensning,
cr_returning,string,,Returning,Vender tilbage,
cr_paused,string,,Paused,Pause,
cr_error,string,,Error,Fejl,
cr_playing,string,,Playing,Spiller,
cr_buffering,string,,Buffering,Buffer,
cr_standby,string,,Standby,Standby,
cr_humidifying,string,,Humidifying,Befugtende,
cr_drying,string,,Drying,Tørring,
cr_detected,string,,Detected,Opdaget,
cr_clear,string,,Clear,Klar,
cr_problem,string,,Problem,Problem,
cr_ok,string,,OK,OK,
cr_low,string,,Low,Lav,
cr_normal,string,,Normal,Normal,
cr_connected,string,,Connected,Forbundet,
cr_disconnected,string,,Disconnected,Afbrudt,
cr_plugged_in,string,,Plugged in,Tilsluttet,
cr_unplugged,string,,Unplugged,Frakoblet,
cr_wet,string,,Wet,Våd,
cr_dry,string,,Dry,Tørre,
cr_none,string,,None,Ingen,
cr_any,string,,Any,Enhver,
cr_remove,string,,Remove,Fjerne,
cr_restore,string,,Restore,Gendan,
cr_general,string,,General,Generel,
cr_identity,string,,Identity,Identitet,
cr_appearance,string,,Appearance,Udseende,
cr_layout,string,,Layout,Layout,
cr_behavior,string,,Behavior,Opførsel,
cr_profiles,string,,Profiles,Profiler,
cr_playback,string,,Playback,Afspilning,
cr_content,string,,Content,Tilfreds,
cr_actions,string,,Actions,Handlinger,
cr_protection,string,,Protection,Beskyttelse,
cr_power,string,,Power,Magt,
cr_brightness,string,,Brightness,Lysstyrke,
cr_temperature,string,,Temperature,Temperatur,
cr_color,string,,Color,Farve,
cr_min,string,,Min,Min,
cr_avg,string,,Avg,Gns,
cr_max,string,,Max,Maks,
cr_now,string,,Now,Nu,
cr_lowest,string,,Lowest,Laveste,
cr_average,string,,Average,Gennemsnit,
cr_highest,string,,Highest,Højest,
cr_live,string,,Live,Levende,
cr_once,string,,Once,Engang,
cr_daily,string,,Daily,Daglig,
cr_weekly,string,,Weekly,Ugentlig,
cr_monthly,string,,Monthly,Månedlig,
cr_yearly,string,,Yearly,Årligt,
cr_action_tap,string,,Tap,Tryk på,
cr_action_double_tap,string,,Double tap,Dobbelttryk,
cr_action_hold,string,,Hold,Holde,
cr_mode,string,,Mode,Mode,
cr_mode_auto,string,,Auto,Auto,
cr_mode_heat,string,,Heat,Varme,
cr_mode_cool,string,,Cool,Afkøle,
cr_mode_heat_cool,string,,Heat/cool,Varm/køl,
cr_mode_dry,string,,Dry,Tørre,
cr_mode_fan_only,string,,Fan only,Kun ventilator,
cr_mode_low,string,,Low,Lav,
cr_mode_medium,string,,Medium,Medium,
cr_mode_high,string,,High,Høj,
cr_mode_quiet,string,,Quiet,Stille,
cr_mode_boost,string,,Boost,Boost,
cr_mode_eco,string,,Eco,Øko,
cr_mode_sleep,string,,Sleep,Sove,
cr_mode_manual,string,,Manual,Manuel,
cr_mode_vertical,string,,Vertical,Lodret,
cr_mode_horizontal,string,,Horizontal,Vandret,
cr_mode_both,string,,Both,Begge,
cr_mode_up,string,,Up,Op,
cr_mode_down,string,,Down,Ned,
cr_mode_center,string,,Center,Centrum,
cr_mode_left,string,,Left,Venstre,
cr_mode_right,string,,Right,Højre,
cr_climate_fan,string,,Fan,Ventilator,
cr_climate_vertical_airflow,string,,Vertical airflow,Lodret luftstrøm,
cr_climate_horizontal_airflow,string,,Horizontal airflow,Vandret luftstrøm,
cr_climate_preset,string,,Preset,Forudindstillet,
cr_fan_speed,string,,Fan speed,Blæserhastighed,
cr_speed,string,,Speed,Hastighed,
cr_lower_target,string,,Lower target,Lavere mål,
cr_raise_target,string,,Raise target,Hæv målet,
cr_climate_temperature,string,,Temperature,Temperatur,
cr_climate_all_temperature_sensors,string,,All temperature sensors,Alle temperaturfølere,
cr_climate_outside,string,,Outside,Uden for,
cr_climate_outside_summary,string,,"Outdoor temperature, humidity, and pressure","Udendørs temperatur, luftfugtighed og tryk",
cr_climate_humidity,string,,Humidity,Fugtighed,
cr_climate_all_humidity_sensors,string,,All humidity sensors,Alle fugtsensorer,
cr_climate_air_pressure,string,,Air pressure,Lufttryk,
cr_climate_all_pressure_sensors,string,,All air-pressure sensors,Alle lufttrykssensorer,
cr_climate_co2,string,,CO₂,CO₂,
cr_climate_carbon_dioxide_sensors,string,,Carbon-dioxide sensors,Kuldioxid sensorer,
cr_climate_air_quality,string,,Air quality,Luftkvalitet,
cr_climate_air_quality_summary,string,,"Particulates, AQI, VOCs, and gases","Partikler, AQI, VOC'er og gasser",
cr_climate_entities,string,,Climate entities,Klimaenheder,
cr_climate_settings,string,,Climate settings,Klimaindstillinger,
cr_empty_climate_view,string,,No climate data is available yet.,Ingen klimadata er tilgængelige endnu.,
cr_climate_fans,string,,Fans,Fans,
cr_climate_air_purifiers,string,,Air purifiers,Luftrensere,
cr_climate_humidifiers,string,,Humidifiers,Luftfugtere,
cr_temperature_sensors,string,,Temperature sensors,Temperaturfølere,
cr_devices_active,string,,Devices active,Enheder aktive,
cr_active_of_total,string,,%1$d of %2$d active,%1$d af %2$d aktive,keep %1$d %2$d
cr_no_search_active,string,,No active search · %1$s,Ingen aktiv søgning · %1$s,keep %1$s
cr_collapse_search,string,,Collapse search,Skjul søgning,
cr_expand_search,string,,Expand search,Udvid søgning,
cr_custom_order,string,,Custom order,Brugerdefineret rækkefølge,
cr_name_a_z,string,,Name A–Z,Navn A–Z,
cr_name_z_a,string,,Name Z–A,Navn Z-A,
cr_climate_device,string,,Climate device,Klimaapparat,
cr_climate_device_subtitle,string,,"Name, icon, card style, and width","Navn, ikon, kortstil og bredde",
cr_widget_requires_f1,string,,"Needs the F1 Sensor integration, which was not found on your Home Assistant","Har brug for F1-sensorintegration, som ikke blev fundet på din Home Assistant",don't translate Home Assistant
cr_widget_requires_parcels,string,,"Needs a parcel integration, and none was found on your Home Assistant","Har brug for en pakkeintegration, og ingen blev fundet på din Home Assistant",don't translate Home Assistant
cr_widget_requires_waste,string,,"Needs a waste collection integration, and none was found on your Home Assistant","Har brug for en affaldsindsamlingsintegration, og ingen blev fundet på din Home Assistant",don't translate Home Assistant
cr_people_here_title,string,,Who is here,Hvem er her,
cr_people_here_empty,string,,Nobody is being tracked in this room right now.,Ingen bliver sporet i dette rum lige nu.,
cr_people_here_unknown_room,string,,Room unknown,Værelse ukendt,
cr_button_exclude_counters,string,,Leave out of counters,Lad være med tællere,
cr_button_exclude_counters_hint,string,,"Keep the button, but stop it counting towards this room’s Lights and Devices totals","Behold knappen, men stop den med at tælle med i dette rums samlede lys og enheder",
cr_count_with_average,string,,%1$s · avg %2$s%3$s,%1$s · gns. %2$s%3$s,keep %1$s %2$s %3$s
cr_outside_temperature,string,,Outside temperature,Udetemperatur,
cr_outside_humidity,string,,Outside humidity,Udvendig fugtighed,
cr_outside_pressure,string,,Outside pressure,Udefrakommende pres,
cr_outside_air_pressure,string,,Outside air pressure,Udefrakommende lufttryk,
cr_no_sensors_found_for,string,,No %1$s sensors found.,Ingen %1$s sensorer fundet.,keep %1$s
cr_climate_control,string,,Climate control,Klimakontrol,
cr_thermostat_dial,string,,Thermostat dial,Termostatskive,
cr_width_third,string,,Third,Tredje,
cr_width_half,string,,Half,Halv,
cr_width_full,string,,Full,Fuld,
cr_select_item,string,,Select %1$s,Vælg %1$s,keep %1$s
cr_set_outdoor_sensors,string,,"Set outdoor temperature, humidity, and pressure","Indstil udendørs temperatur, luftfugtighed og tryk",
cr_auto_discovered_device_class,string,,Discovered automatically by device class,Opdaget automatisk af enhedsklasse,
cr_auto_discovered_climate_devices,string,,Climate devices discovered automatically,Klimaenheder opdaget automatisk,
cr_pick_fan_entities_as_purifiers,string,,Choose fan entities to use as air purifiers,Vælg ventilatorenheder til brug som luftrensere,
cr_auto_discovered_humidifier_devices,string,,Humidifier devices discovered automatically,Fugterenheder opdaget automatisk,
cr_removed_entities,string,,Removed entities,Fjernede enheder,
cr_entities_removed_edit_mode,string,,Entities removed in edit mode,Enheder fjernet i redigeringstilstand,
cr_card_indoor_climate_overview,string,,Indoor climate overview,Indeklimaoversigt,
cr_card_sensor_device_tiles,string,,Sensor and device tiles,Sensor- og enhedsfliser,
cr_card_thermostats_ac,string,,Thermostats and AC,Termostater og AC,
cr_card_temperature_summary,string,,Temperature summary,Temperaturoversigt,
cr_card_humidity_summary,string,,Humidity summary,Fugtighedsoversigt,
cr_card_air_pressure_summary,string,,Air-pressure summary,Lufttryk resumé,
cr_card_co2_summary,string,,CO₂ summary,CO₂ oversigt,
cr_card_air_quality_summary,string,,Air-quality summary,Resumé af luftkvalitet,
cr_category_overview,string,,Overview,Oversigt,
cr_category_devices,string,,Devices,Enheder,
cr_category_sensors,string,,Sensors,Sensorer,
cr_no_climate_sensors_devices,string,,No climate sensors or devices found.,Ingen klimasensorer eller enheder fundet.,
cr_no_climate_devices,string,,No climate devices found. Thermostats and AC units from Home Assistant appear here automatically.,Ingen klimaenheder fundet. Termostater og AC-enheder fra Home Assistant vises automatisk her.,don't translate Home Assistant
cr_no_fans,string,,No fans found. Fan entities from Home Assistant appear here automatically.,Ingen fans fundet. Fan-enheder fra Home Assistant vises her automatisk.,don't translate Home Assistant
cr_no_air_purifiers,string,,No air purifiers configured. Choose fan entities under Climate settings → Climate entities → Air purifiers.,Ingen luftrensere konfigureret. Vælg ventilatorenheder under Klimaindstillinger → Klimaenheder → Luftrensere.,
cr_no_humidifiers,string,,No humidifiers found. Humidifier entities from Home Assistant appear here automatically.,Ingen luftfugtere fundet. Befugtningsenheder fra Home Assistant vises her automatisk.,don't translate Home Assistant
cr_unknown_climate_card,string,,Unknown climate card: %1$s,Ukendt klimakort: %1$s,keep %1$s
cr_select_climate_cards,string,,Select climate cards,Vælg klimakort,
cr_entities_for,string,,%1$s entities,%1$s enheder,keep %1$s
cr_climate_card,string,,Climate card,Klimakort,
cr_climate_card_dialog_subtitle,string,,Data sources and card appearance,Datakilder og kortets udseende,
cr_card_and_data,string,,Card and data,Kort og data,
cr_climate_stack,string,,Climate stack,Klimastak,
cr_climate_stack_dialog_subtitle,string,,"Cards, data sources, and layout","Kort, datakilder og layout",
cr_cards_and_data,string,,Cards and data,Kort og data,
cr_sensor_count,plural,one,%d sensor,%d sensor,keep %d
cr_sensor_count,plural,other,%d sensors,%d sensorer,keep %d
cr_device_count_on,plural,one,%1$d device · %2$d on,%1$d enhed · %2$d tændt,keep %1$d %2$d
cr_device_count_on,plural,other,%1$d devices · %2$d on,%1$d enheder · %2$d tændt,keep %1$d %2$d
cr_outside_sensors_set,plural,one,%d outside sensor set,%d udvendig sensor sæt,keep %d
cr_outside_sensors_set,plural,other,%d outside sensors set,%d udvendige sensorer indstillet,keep %d
cr_auto_plus_manual,plural,one,Automatic + %d manual,Automatisk + %d manuel,keep %d
cr_auto_plus_manual,plural,other,Automatic + %d manual,Automatisk + %d manuel,keep %d
cr_selected_count,plural,one,%d selected,%d valgt,keep %d
cr_selected_count,plural,other,%d selected,%d valgt,keep %d
cr_removed_count,plural,one,%d removed,%d fjernet,keep %d
cr_removed_count,plural,other,%d removed,%d fjernet,keep %d
cr_room,string,,Room,Værelse,
cr_room_details,string,,Room details,Værelsesdetaljer,
cr_empty_room,string,,"This room is empty. Swipe down on the header, enable edit mode, and add widgets, buttons, or tiles.","Dette rum er tomt. Stryg ned på overskriften, aktiver redigeringstilstand, og tilføj widgets, knapper eller fliser.",
cr_default_markdown_content,string,,# Markdown\nOpen this widget in **edit mode** to write your own content.,# Markdown\nÅbn denne widget i **redigeringstilstand** for at skrive dit eget indhold.,\n = line break
cr_select_camera,string,,Select camera,Vælg kamera,
cr_select_entity,string,,Select entity,Vælg enhed,
cr_custom_camera,string,,Custom camera,Brugerdefineret kamera,
cr_configure_widget,string,,Configure widget,Konfigurer widget,
cr_configure_widget_subtitle,string,,Set the essentials before adding it,"Indstil det væsentlige, før du tilføjer det",
cr_widget_options,string,,Widget options,Widget muligheder,
cr_widget_options_subtitle,string,,Choose what this widget should display,"Vælg, hvad denne widget skal vise",
cr_add_widget,string,,Add widget,Tilføj widget,
cr_add_widget_subtitle,string,,Browse by purpose or search every widget,"Gennemse efter formål, eller søg i hver widget",
cr_category_with_options,string,,%1$s · %2$s,%1$s · %2$s,keep %1$s %2$s
cr_widget_category_controls,string,,Controls,Kontrolelementer,
cr_widget_category_controls_description,string,,"Buttons, vacuums, and grouped controls","Knapper, støvsugere og grupperede kontroller",
cr_widget_category_cameras,string,,Cameras,Kameraer,
cr_widget_category_cameras_description,string,,Live camera tiles and multi-camera views,Live kamerafliser og multikameravisninger,
cr_widget_category_climate,string,,Climate and weather,Klima og vejr,
cr_widget_category_climate_description,string,,"Temperature, comfort, forecasts, and conditions","Temperatur, komfort, vejrudsigter og forhold",
cr_widget_category_energy,string,,Energy and batteries,Energi og batterier,
cr_widget_category_energy_description,string,,"Consumption, production, and device health","Forbrug, produktion og enhedens sundhed",
cr_widget_category_information,string,,Information and media,Information og medier,
cr_widget_category_information_description,string,,"Calendars, deliveries, graphs, notes, and playback","Kalendere, leveringer, grafer, noter og afspilning",
cr_widget_category_layout,string,,Layout and structure,Layout og struktur,
cr_widget_category_layout_description,string,,Headings and flexible widget containers,Overskrifter og fleksible widgetbeholdere,
cr_widget_adaptive_lighting,string,,Adaptive Lighting,Adaptiv belysning,
cr_widget_adaptive_lighting_description,string,,Control any installed Adaptive Lighting profile,Styr enhver installeret Adaptive Lighting-profil,
cr_widget_button,string,,Button,Knap,
cr_widget_button_description,string,,A single configurable entity control,En enkelt konfigurerbar enhedskontrol,
cr_widget_buttons,string,,Buttons,Knapper,
cr_widget_calendar,string,,Calendar,Kalender,
cr_widget_calendar_description,string,,"Agenda, week, and month views from Home Assistant calendars","Agenda-, uge- og månedsvisninger fra Home Assistant-kalendere",don't translate Home Assistant
cr_widget_waste_collection,string,,Waste collection,Affaldsindsamling,
cr_widget_waste_collection_description,string,,Upcoming collections from waste sensors,Kommende indsamlinger fra affaldssensorer,
cr_widget_parcels,string,,Parcels,Pakker,
cr_widget_parcels_description,string,,Incoming and outgoing parcels from supported carriers,Indgående og udgående pakker fra understøttede transportører,
cr_widget_camera,string,,Camera,Kamera,
cr_widget_camera_description,string,,A single live camera tile or stream URL,En enkelt live kameraflise eller stream-URL,
cr_widget_cameras,string,,Cameras,Kameraer,
cr_widget_climate_card,string,,Climate card,Klimakort,
cr_widget_climate_card_description,string,,Any card from the Climate view,Ethvert kort fra klimavisningen,
cr_widget_energy_card,string,,Energy card,Energikort,
cr_widget_energy_card_description,string,,Any card from the Energy view,Ethvert kort fra energivisningen,
cr_widget_battery_levels,string,,Battery levels,Batteriniveauer,
cr_widget_battery_levels_description,string,,"Low batteries, or Battery+ only with type details","Lavt batteri, eller kun batteri+ med typeoplysninger",
cr_widget_header_text,string,,Header text,Overskriftstekst,
cr_widget_header_text_description,string,,Add a section heading,Tilføj en sektionsoverskrift,
cr_widget_markdown,string,,Markdown,Markdown,
cr_widget_markdown_description,string,,A free-form card written in Markdown,Et frit kort skrevet i Markdown,
cr_widget_iframe,string,,iFrame,iFrame,
cr_widget_iframe_description,string,,Embed any web page on your dashboard,Integrer enhver webside på dit dashboard,
cr_widget_media_player,string,,Media player,Medieafspiller,
cr_widget_media_player_description,string,,Now-playing tile with album art as the background,Nu spillede flise med albumcover som baggrund,
cr_widget_sensor_graph,string,,Sensor graph,Sensor graf,
cr_widget_sensor_graph_description,string,,"History graph for one or more sensors, as lines or bars","Historiegraf for en eller flere sensorer, som linjer eller søjler",
cr_widget_vacuum,string,,Vacuum,Vakuum,
cr_widget_vacuum_description,string,,A single robot-vacuum control,En enkelt robot-vakuum kontrol,
cr_widget_weather,string,,Weather,Vejr,
cr_widget_weather_description,string,,A single weather card,Et enkelt vejrkort,
cr_widget_empty_stack,string,,Empty stack,Tom stak,
cr_widget_empty_stack_description,string,,Place widgets inside a configurable stack,Placer widgets i en konfigurerbar stak,
cr_widget_button_stack,string,,Button stack,Knap stak,
cr_widget_button_stack_description,string,,Group entities into configurable controls,Gruppér enheder i konfigurerbare kontroller,
cr_widget_camera_stack,string,,Camera stack,Kamera stak,
cr_widget_camera_stack_description,string,,Show live camera tiles or a custom stream URL,Vis live kamerafliser eller en tilpasset stream-URL,
cr_widget_climate_stack,string,,Climate stack,Klimastak,
cr_widget_climate_stack_description,string,,"Group climate cards such as overview, thermostats, and sensors","Grupper klimakort såsom oversigt, termostater og sensorer",
cr_widget_energy_stack,string,,Energy stack,Energi stak,
cr_widget_energy_stack_description,string,,"Group energy cards such as usage, solar, gas, and water","Grupper energikort såsom forbrug, sol, gas og vand",
cr_widget_sensor_graph_stack,string,,Sensor graph stack,Sensor graf stak,
cr_widget_sensor_graph_stack_description,string,,Group several sensor-history graphs,Gruppér flere sensorhistorie-grafer,
cr_widget_swiping_stack,string,,Swiping stack,Swiping stak,
cr_widget_swiping_stack_description,string,,Swipe horizontally through nested widgets,Stryg vandret gennem indlejrede widgets,
cr_widget_vacuum_stack,string,,Vacuum stack,Vakuum stak,
cr_widget_vacuum_stack_description,string,,Control robot vacuums with a map and battery status,Styr robotstøvsugere med et kort og batteristatus,
cr_widget_weather_stack,string,,Weather stack,Vejr stak,
cr_widget_weather_stack_description,string,,"Group conditions, forecast, wind, or rain-map cards","Gruppeforhold, vejrudsigt, vind- eller regnkort",
cr_camera_settings,string,,Camera settings,Kameraindstillinger,
cr_vacuum_settings,string,,Vacuum settings,Vakuum indstillinger,
cr_button_settings,string,,Button settings,Knapindstillinger,
cr_robot_image,string,,Robot image,Robot billede,
cr_map_camera,string,,Map camera,Kort kamera,
cr_external_url,string,,External URL,Ekstern URL,
cr_valetudo_map,string,,Valetudo map,Valetudo kort,don't translate Valetudo
cr_valetudo_map_hint,string,,Draws the map from a Valetudo robot and lets you tap a room to clean it. Pick the robot's map camera below.,Tegner kortet fra en Valetudo-robot og lader dig trykke på et rum for at rense det. Vælg robottens kortkamera nedenfor.,don't translate Valetudo
cr_valetudo_camera_mode_note,string,,Using Map camera with a Valetudo map entity shows a blank tile. Valetudo does not render the map on the robot — its PNG is only a container for the map data. Choose Valetudo map instead to have HKI draw it.,Brug af kortkamera med en Valetudo kortentitet viser en tom flise. Valetudo gengiver ikke kortet på robotten - dets PNG er kun en beholder for kortdata. Vælg Valetudo kort i stedet for at få HKI til at tegne det.,don't translate Valetudo
cr_animation_glow,string,,Glow,Glød,
cr_animation_spin,string,,Spin,Spin,
cr_animation_pulse,string,,Pulse,Puls,
cr_adaptive_lighting_widget,string,,Adaptive Lighting widget,Adaptiv belysningswidget,
cr_adaptive_lighting_widget_subtitle,string,,"Profiles, size, and appearance","Profiler, størrelse og udseende",
cr_button_stack_dialog_subtitle,string,,"Layout, appearance, and entity order","Layout, udseende og enhedsrækkefølge",
cr_expand_stack,string,,Expand stack,Udvid stakken,
cr_collapse_stack,string,,Collapse stack,Skjul stakken sammen,
cr_hide_stack,string,,Hide stack,Skjul stakken,
cr_unhide_stack,string,,Unhide stack,Vis stakken,
cr_swiping_stack_dialog_subtitle,string,,"Pages, height, and card appearance","Sider, højde og kortets udseende",
cr_empty_stack_dialog_subtitle,string,,Container layout and appearance,Container layout og udseende,
cr_header_text_dialog_subtitle,string,,Heading content and visual style,Overskriftsindhold og visuel stil,
cr_animation_swipe,string,,Swipe,Swipe,
cr_animation_fade,string,,Fade,Falme,
cr_animation_zoom,string,,Zoom,Zoom,
cr_animation_slide_fade,string,,Slide + fade,Slide + fade,
cr_animation_cube,string,,Cube,terning,
cr_animation_instant,string,,Instant,Øjeblikkelig,
cr_paged_status,string,,%1$d/%2$d · %3$s,%1$d/%2$d · %3$s,keep %1$d %2$d %3$s
cr_cover_status,string,,%1$d%% · %2$s,%1$d%% · %2$s,keep %1$d %2$s
cr_paged_cover_status,string,,%1$d/%2$d · %3$d%% · %4$s,%1$d/%2$d · %3$d%% · %4$s,keep %1$d %2$d %3$d %4$s
cr_widget_option_count,plural,one,%d option,%d mulighed,keep %d
cr_widget_option_count,plural,other,%d options,%d muligheder,keep %d
cr_configured_lights,plural,one,%d configured light,%d konfigureret lys,keep %d
cr_configured_lights,plural,other,%d configured lights,%d konfigurerede lys,keep %d
cr_quick_notifications,string,,Notifications,Meddelelser,
cr_quick_notifications_instruction,string,,Swipe right from the upper-left edge.,Stryg til højre fra den øverste venstre kant.,
cr_quick_switch_homes,string,,Switch homes,Skift hjem,
cr_quick_switch_homes_instruction,string,,Swipe left from the upper-right edge of the header.,Stryg til venstre fra den øverste højre kant af overskriften.,
cr_quick_actions,string,,Quick actions,Hurtige handlinger,
cr_quick_actions_instruction,string,,"Pull down on any page header for Search, Flows, Edit, and Settings.","Træk ned på en sidehoved for Søgning, Flow, Rediger og Indstillinger.",
cr_quick_media_player,string,,Media player,Medieafspiller,
cr_quick_media_player_instruction,string,,"When the handle appears, swipe up on the bottom bar to restore the player.","Når håndtaget vises, skal du stryge op på den nederste bjælke for at gendanne afspilleren.",
cr_quick_make_it_yours,string,,Make it yours,Gør det til dit,
cr_quick_make_it_yours_instruction,string,,"In edit mode, add and reorder rooms, floors, and widgets. Tap an item to configure it.","I redigeringstilstand kan du tilføje og omarrangere rum, etager og widgets. Tryk på et element for at konfigurere det.",
cr_whats_new_1_1_0,array,1,"Eighteen more languages, taking HKI 7 to 36. Polish, Russian, Czech, Slovak, Hungarian, Romanian, Bulgarian, Croatian, Greek, Lithuanian, Latvian, Estonian, Danish, Thai and Hebrew join the list, along with Austrian German, Swiss German and Mexican Spanish. Hebrew lays the interface out right to left, as Arabic does.","Atten sprog mere, hvilket tager HKI 7 til 36. Polsk, russisk, tjekkisk, slovakisk, ungarsk, rumænsk, bulgarsk, kroatisk, græsk, litauisk, lettisk, estisk, dansk, thailandsk og hebraisk kommer med på listen, sammen med østrigsk tysk, schweizertysk og mexicansk spansk. Hebraisk lægger grænsefladen ud fra højre mod venstre, som arabisk gør.",don't translate HKI 7
cr_whats_new_1_1_0,array,2,"HKI 7 now runs on Android 12 and later. It previously needed Android 14, which ruled out a lot of perfectly capable phones and tablets.","HKI 7 kører nu på Android 12 og nyere. Den havde tidligere brug for Android 14, hvilket udelukkede en masse perfekt egnede telefoner og tablets.",don't translate HKI 7
cr_whats_new_1_1_0,array,3,"Energy costs are shown in your own currency instead of always in euros. HKI 7 follows what your cost sensors report, and there is a Currency setting in Energy settings if you would rather choose one yourself.","Energiomkostninger vises i din egen valuta i stedet for altid i euro. HKI 7 følger, hvad dine omkostningssensorer rapporterer, og der er en Valuta-indstilling i Energiindstillinger, hvis du hellere vil vælge en selv.",don't translate HKI 7
cr_whats_new_1_1_0,array,4,"The language picker has a search box and is sorted, which it needed at 36 entries. If you ever land in a language you cannot read, the way back is still the first thing on screen.","Sprogvælgeren har en søgeboks og er sorteret, som den havde brug for ved 36 poster. Hvis du nogensinde lander på et sprog, du ikke kan læse, er vejen tilbage stadig det første på skærmen.",
cr_whats_new_1_1_0,array,5,"Views remember where you had scrolled to, and tapping the tab you are already on takes you back to the top.","Visninger husker, hvor du var rullet til, og ved at trykke på den fane, du allerede er på, kommer du tilbage til toppen.",
cr_whats_new_1_1_0,array,6,"Swiping sideways no longer carries you out of a page you have opened, such as Solar inside Energy. Back now returns you to the view you came from rather than jumping to the home page.","At stryge sidelæns fører dig ikke længere ud af en side, du har åbnet, såsom Solar inde i Energi. Tilbage nu vender dig tilbage til den visning, du kom fra, i stedet for at hoppe til startsiden.",
cr_whats_new_1_1_0,array,7,"Scrollable rows say so. The pull-down menu, the navigation bar and the settings tabs all show an arrow at the edge when there is more to reach.","Rulbare rækker siger det. Rullemenuen, navigationslinjen og indstillingsfanerne viser alle en pil i kanten, når der er mere at nå.",
cr_whats_new_1_1_0,array,8,"Dialogs look and behave the same throughout. Six of them were plain Android dialogs with no close button in the corner, and buttons across the app now agree on what Close, Save and Done mean.","Dialoger ser ud og opfører sig ens hele vejen igennem. Seks af dem var almindelige Android-dialoger uden lukkeknap i hjørnet, og knapper på tværs af appen er nu enige om, hvad Luk, Gem og Udført betyder.",
cr_whats_new_1_1_0,array,9,"Creating a dashboard asks first and then offers the same choices as first-time setup — so a new dashboard can start from a backup or from one your family has shared, as well as being generated or left empty. Your current dashboard is never overwritten, and shared dashboards are now marked as shared in the list.","Oprettelse af et dashboard spørger først og giver derefter de samme valgmuligheder som førstegangsopsætning - så et nyt dashboard kan starte fra en sikkerhedskopi eller fra en, din familie har delt, såvel som at blive genereret eller efterladt tom. Dit nuværende dashboard overskrives aldrig, og delte dashboards er nu markeret som delt på listen.",
cr_whats_new_1_1_0,array,10,"The battery widget opens a list in place instead of taking you to a separate page, grouped by how urgent each one is and showing the battery type where Home Assistant knows it. There is a search box, and a button to open the full Battery view if you want it.","Batteri-widgetten åbner en liste på plads i stedet for at føre dig til en separat side, grupperet efter, hvor hastende hver enkelt er, og som viser batteritypen, hvor Home Assistant kender den. Der er et søgefelt og en knap til at åbne den fulde batterivisning, hvis du ønsker det.",don't translate Home Assistant
cr_whats_new_1_1_0,array,11,"Tapping the people counter in a room shows who is there, with each person's picture. The Rooms header now has a household counter too, showing where everyone is without opening every room.","Ved at trykke på persontælleren i et rum vises, hvem der er der, med hver persons billede. Rooms-headeren har nu også en husstandstæller, der viser, hvor alle er uden at åbne hvert rum.",
cr_whats_new_1_1_0,array,12,"A button can be left out of a room's Lights and Devices counters, for the ones that are in the room but not really part of it.","En knap kan udelades fra et rums lys- og enhedstællere, for dem, der er i rummet, men som ikke rigtig er en del af det.",
cr_whats_new_1_1_0,array,13,"Widgets that need an integration you do not have — Formula 1, Parcels, Waste Collection — are greyed out and say what is missing, instead of being added and then sitting empty.","Widgets, der har brug for en integration, du ikke har — Formel 1, Pakker, Affaldsindsamling — er nedtonet og siger, hvad der mangler, i stedet for at blive tilføjet og så stå tomme.",
cr_whats_new_1_1_0,array,14,"Parcel tracking covers fifteen more carriers, including PostNord, InPost, Swiss Post, An Post, Budbee, Sameday and Nova Post, each with its own logo.","Pakkesporing dækker femten flere transportører, herunder PostNord, InPost, Swiss Post, An Post, Budbee, Sameday og Nova Post, hver med sit eget logo.",
cr_whats_new_1_1_0,array,15,"A Valetudo robot vacuum picks up its live map automatically when your rooms are imported, rather than needing the camera chosen by hand.","En Valetudo robotstøvsuger opfanger sit live-kort automatisk, når dine lokaler importeres, i stedet for at have brug for kameraet valgt i hånden.",don't translate Valetudo
cr_whats_new_1_0_1,array,1,"Swiping between tabs now follows your finger. The pages move as you drag, you can change your mind mid-swipe and pull them back, and they settle where you let go. Previously the change was decided the moment you had dragged far enough and could not be taken back, while the animation that played afterwards was on its own timer and unrelated to the gesture — so the app committed to a page before your finger had finished asking for one.",,needs translation
cr_whats_new_1_0_1,array,2,"The bottom bar now keeps the selected tab in view. On a phone too narrow for every tab it scrolls the active one to the centre, so the tab you are on is always visible along with its neighbours — which is also the hint that there are more pages to swipe to. Reaching the last tab used to leave the indicator somewhere off the end of the bar.",,needs translation
cr_whats_new_1_0_1,array,3,"Swiping between rooms shows how many rooms there are and which one you are on, as dots above the navigation bar — or as a count once there are more than eight. Room swiping also stops at the last room instead of wrapping around to the first, matching how the tabs behave. Rooms an admin has hidden are now skipped by the swipe rather than only blocked when opened.",,needs translation
cr_whats_new_1_0_1,array,4,"The pull-down header menu animates to wherever you let it go, instead of jumping open or shut in a single frame. It settles by which half you released it in, a quick flick opens it without a full-length drag, and it can be caught and dragged again mid-animation. It also no longer stops dead partway when pulled a long way but not quite far enough.",,needs translation
cr_whats_new_1_0_1,array,5,"Settings remembers where you were. Coming back from a sub-menu returns to the place in the list you left rather than to the top, which was most noticeable on the long way down to About and Licenses. The page settings dialog had the opposite problem — one scroll position carried across unrelated sub-menus — and that is fixed too.",,needs translation
cr_whats_new_1_0_1,array,6,"The notification panel now has a button in the pull-down header menu, so the left-edge swipe is no longer the only way to reach it. That let the strip of screen edge reserved for the swipe shrink from 200dp to 88dp: the reserved strip is where Android's own back gesture stops working, and it had been covering the exact corner where the back arrow sits.",,needs translation
cr_whats_new_1_0_1,array,7,"Fixed the app closing instead of the notification panel when back was pressed during the panel's opening animation. Back is also defined for the tabs now — it returns to the first tab before leaving the app, rather than exiting from wherever you happened to have swiped to.",,needs translation
cr_whats_new_1_0_1,array,8,"The home switcher panel follows Android's predictive back gesture, sliding out with your finger and springing back if you change your mind.",,needs translation
cr_whats_new_1_0_1,array,9,"Four more languages: Norwegian, Swedish, Finnish and Arabic. Arabic lays the whole app out right to left — the navigation bar, the panels that slide in from the screen edge, and the swipe that moves between tabs all mirror, rather than only the text changing direction. Product names such as Home Assistant stay in Latin script wherever they appear.",,needs translation; don't translate Home Assistant
cr_whats_new_1_0_1,array,10,"Swiping between rooms is much smoother. A room screen is by far the heaviest page in the app, and the next one was being built during the first frames of the swipe — precisely when there was no time for it. It is now prepared while nothing is moving, and live sensor updates wait for the swipe to finish instead of redrawing every open page mid-gesture.",,needs translation
cr_whats_new_1_0_1,array,11,"The notification panel and the home switcher are dragged rather than flicked open, following your finger and settling where you let go. They close the same way: push them back towards the edge they came from. Tapping the panel itself no longer closes it, which it used to do anywhere you touched that was not a button.",,needs translation
cr_whats_new_1_0_1,array,12,"A horizontal row inside a page — a mode selector, a swipe row, a swiping stack — no longer hands the rest of the gesture to the page once it reaches its end. Picking the first or last item in such a row used to flip the whole page instead.",,needs translation
cr_whats_new_1_0_1,array,13,"Dialogs with tabs show how many there are and which one you are on, and a sideways swipe anywhere on the dialog changes tab. The swipe used to be written off as a scroll whenever it set off with the slight downward arc a thumb naturally makes, which made it feel like it worked only sometimes.",,needs translation
cr_whats_new_1_0_1,array,14,"Demo mode no longer talks to the network. Twenty-six requests — the whole HKI 7 Cloud surface plus the event timeline, camera snapshots and vacuum maps — were still being attempted against a server that does not exist, and one of them retried every three seconds for the entire session, filling the connection log with failures. Restarting Home Assistant in the demo is now simulated in a few seconds rather than showing ""restarting"" for two minutes and giving up.",,"needs translation; don't translate HKI 7 Cloud, Home Assistant"
cr_whats_new_1_0_0,array,1,"New Events tab in the notification drawer: a timeline of what your home has actually been doing. The front door opening, a light going off, someone arriving home — each with the time and, where Home Assistant knows, who did it. An admin picks which entities appear under Settings › Family Sharing › Events, once for the whole family rather than on every phone. It reads Home Assistant's own logbook rather than recording anything on the device, so it still shows what happened overnight while the app was closed, and it opens on the last 3 hours — a timeline answers what just happened — with 6h to 72h a tap away. Events never touch the notification bell's unread count: a timeline of doors opening would leave that badge permanently lit and mean nothing. Requires HKI 7 Cloud 0.9.0.*",,"needs translation; don't translate HKI 7 Cloud, Home Assistant"
cr_whats_new_1_0_0,array,2,"An admin can take parts of the timeline away from individual family members — a whole domain, or named entities — from the same Events tab. Everyone sees the full timeline unless something is taken out for them, so adding a person to the family does not mean building their timeline from scratch. The filtering happens in the HKI 7 Cloud component rather than in the app, so a restricted device is never even told which entities it is being kept away from. As with hidden views and rooms, this hides the timeline rather than the entities: Home Assistant has no per-entity read permission for non-admin accounts, so anyone signed in can still read those entities through Home Assistant itself.*",,"needs translation; don't translate HKI 7 Cloud, Home Assistant"
cr_whats_new_1_0_0,array,3,"The event roster takes whole domains as well as named entities, so ""every lock"" is one choice rather than eleven. Domains are resolved fresh each time the timeline opens, so a lock added next month joins on its own instead of the roster meaning whatever existed the day it was set. The editor shows what each domain currently covers, since one domain can be hundreds of entities. Requires HKI 7 Cloud 0.10.0.*",,needs translation; don't translate HKI 7 Cloud
cr_whats_new_1_0_0,array,4,"Events are labelled and filterable by what kind of thing they happened to — Doors, Windows, Motion, Lights, Locks. The filter row is built from what your timeline actually contains, so you are never offered a filter that can only come back empty. Days stay as the list headings: a timeline that reorders itself by category stops being a timeline.",,needs translation
cr_whats_new_1_0_0,array,5,"Weather artwork now animates in the daily forecast, the hourly strip and the header pill, not only on the hero card. Animation was previously switched off below a fixed size, which caught all three.",,needs translation
cr_whats_new_1_0_0,array,6,"Where weather artwork animates is now four separate switches — header pill, weather dialog, forecast strips, weather widget — instead of riding on the entity icon animation setting. The forecast strips animate a dozen icons side by side and are the only ones that ever cost anything noticeable, so turning those off need not mean losing the single small icon in the header pill. All four are on by default, and appear both in Settings › Appearance › Icons and in the header pill's own settings.",,needs translation
cr_whats_new_1_0_0,array,7,"The 6h/12h/24h/48h/72h range selector is centred rather than left-aligned everywhere it appears, and gains a 3h option.",,needs translation
cr_whats_new_1_0_0,array,8,"New Connection log at the bottom of Settings › Connection: what the app's connection has actually been doing — connection attempts, reconnects, sync and subscriptions — with buttons to copy or clear it. All of this was already being recorded; nothing displayed it. It holds the last 300 lines and starts empty each launch.",,needs translation
cr_whats_new_1_0_0,array,9,"A button stack's layout options are now named the same as a single button's. The same shape was called Tile on a button and Compact on a stack, which made them look like different features.",,needs translation
cr_whats_new_1_0_0,array,10,"New Centered button layout beside Standard, Square and Tile: a square card whose icon sits in the middle of the space above the text, with the name and state centred beneath it. The icon is pushed upward rather than crowded as the text grows. A grid of these reads as a keypad, which is what makes a remote control possible.",,needs translation
cr_whats_new_1_0_0,array,11,"A button's icon, name and state are each shown or hidden on their own, under a new Elements section in its settings. The old Icon only switch is gone — hiding both the name and state is what it did, and these also let you keep one of them. Existing icon-only buttons keep working.",,needs translation
cr_whats_new_1_0_0,array,12,"A button stack carries the same three switches for all of its children, so a stack of twenty buttons need not be set twenty times. Turning one off on the stack hides it on every button; leaving it on lets each button decide.",,needs translation
cr_whats_new_1_0_0,array,13,"Fixed the button stack settings dialog stopping about two thirds of the way down with empty space below it, leaving the rest unreachable on a tall phone or a tablet.",,needs translation
cr_whats_new_1_0_0,array,14,"Navigation bar, media players and popups moved from Settings › Appearance to Settings › Dashboard, below the dashboards themselves. They are parts of what the dashboard is made of rather than how it is styled.",,needs translation
cr_whats_new_1_0_0,array,15,"Settings › Connection ends with the connection log, and Restart Home Assistant now sits below it rather than above — it is the most disruptive thing on the screen and the least often wanted.",,needs translation; don't translate Home Assistant
cr_whats_new_1_0_0,array,16,"The Events tab gives an admin a button straight to Settings › Family Sharing › Events when nothing is being tracked yet, instead of only naming where to go.",,needs translation
cr_whats_new_1_0_0,array,17,"Entity and domain pickers list what is already selected first, so undoing a choice does not mean hunting for it alphabetically. The order is fixed when the picker opens, so ticking something does not make it jump away from your finger.",,needs translation
cr_whats_new_1_0_0,array,18,"A button stack's heading now has explicit Show name and Show icon switches, plus an option to centre them. Clearing the text field used to be the only way to get a stack with no heading, which hid that it was possible and meant losing the name to hide it.",,needs translation
cr_whats_new_beta_18,array,1,"An admin can now change who a published family dashboard is shared with, instead of only being able to choose at the moment of publishing. Settings › Family Sharing › Dashboards lists who each published dashboard reaches, with a Manage access button to add or remove people. Until now the only way to take a dashboard away from one person was to delete it for everybody.*",,needs translation
cr_whats_new_beta_18,array,2,"Losing access to a family dashboard now clears what was layered on top of it. The dashboard itself was already removed, but the rooms, widgets, pages, nav bar, header pill and theme it left behind on the device stayed — so the next dashboard an admin shared arrived on top of the previous one's leftovers and looked like it had failed to import in full. Everything that belonged to the revoked dashboard is now removed with it. Home Assistant connections, profiles and notification settings are untouched: losing a dashboard is not being signed out.*",,needs translation; don't translate Home Assistant
cr_whats_new_beta_18,array,3,"New Devices tab under Settings › Family Sharing, showing which HKI version each family device is running and flagging the ones older than yours, with the Home Assistant account, device name, Android version and when it last reported. Each install records this through the HKI 7 Cloud component over the connection the app already uses, so every signed-in device is covered — including one with Location and Notifications both switched off — and nothing is added to Home Assistant's entity list. A device can only ever report itself. An admin can forget a phone that has been replaced; one still in use reappears the next time its app opens. Requires HKI 7 Cloud 0.7.0.*",,"needs translation; don't translate HKI 7 Cloud, Home Assistant"
cr_whats_new_beta_18,array,4,"An admin can now require the family to update. ""Require everyone to be on this version"" in the Devices tab sets a household minimum; anyone below it gets a full-screen prompt on their next launch instead of the dashboard, with Google Play's in-app update doing the install. There is also a per-device ""Ask to update"" for when one phone is behind rather than everyone, which clears itself once that device updates. No app can install a newer version of itself, so Play does the actual work — which also means the prompt can only insist when Play genuinely has the update ready. When it does not, the prompt explains why and lets you past for that session, rather than locking someone out of their own locks and alarms over an update they cannot get. You can only require a version some family device already runs. Requires HKI 7 Cloud 0.8.0.*",,needs translation; don't translate HKI 7 Cloud
cr_whats_new_beta_18,array,5,"Each Family Sharing tab now says for itself when it needs a newer HKI 7 Cloud than the one installed, instead of that only appearing in the summary at the top of the screen. Parental controls, Permissions, Presence and Devices each carry the version they need, so it is clear before you configure a tab whose settings the installed component cannot store yet.",,needs translation; don't translate HKI 7 Cloud
cr_whats_new_beta_17,array,1,"Fixed a crash that could take the whole app down during the very first connection attempt after opening it, which read as ""the app won't even open"". The setup that runs on every launch had no error handling of its own, so a failure there — usually an expired session being refreshed on a flaky network — escaped as an unhandled error instead of surfacing as a connection error you could retry. As a backstop, an unexpected error on a background task can no longer terminate the app at all.",,needs translation
cr_whats_new_beta_17,array,2,"The dashboard no longer rebuilds itself every time Home Assistant reports a state change. The home screen tracked the complete entity list, so a single motion sensor tripping or a power meter ticking — several times a second on a busy install — invalidated the whole screen and every widget on it, even when nothing visible had changed. It now watches only what it actually draws.",,needs translation; don't translate Home Assistant
cr_whats_new_beta_17,array,3,"Entity icon animations no longer redo layout work on every frame they animate. The spin, pulse and glow effects re-ran the surrounding widget's composition on each animation frame instead of just redrawing the icon, so any dashboard with an active light, an open door or a recording camera paid that cost continuously. The animations look exactly the same.",,needs translation
cr_whats_new_beta_17,array,4,"Fixed the app becoming unresponsive — and eventually killed by Android — when opening the history of a busy entity, such as a motion sensor that logs thousands of state changes a day. Matching each history entry to its actor re-scanned and re-parsed the entire logbook's timestamps from scratch for every single entry, work that scaled with history size squared; a quiet entity never noticed, but a busy one could peg the CPU for ten seconds straight. The logbook is now parsed once instead of once per entry, and the whole fetch runs off the main thread.",,needs translation
cr_whats_new_beta_17,array,5,"Hardened how the app reads attributes Home Assistant sends for an entity: a value present but shaped unexpectedly (an object or array where a plain number or piece of text was expected) used to throw and crash whatever screen read it, instead of just being treated as missing.",,needs translation; don't translate Home Assistant
cr_whats_new_beta_17,array,6,"Fixed ""Push to family dashboard"" reporting a dashboard as already up to date no matter what had changed. A dashboard re-imported after a reinstall is stored locally under a different id than the one the cloud copy is published under, and the push check was still looking up the local export by the cloud id, finding nothing, and silently skipping that dashboard on every push.",,needs translation
cr_whats_new_beta_15,array,1,"The Formula 1 widget gains two new tabs and expands two existing ones. Calendar lists the season's races in order, with each circuit and the host country's flag. Grid shows the starting grid, with each driver's move up or down from where they qualified. Standings can now show a championship prediction alongside the points table — current and predicted final points, for drivers or constructors — when F1 Sensor's optional F1TV Auth is set up. Live gains a proper timing list: gap to the leader, interval to the car ahead, tyre compound and stint length, and pit/retired status for every driver, plus which lap the leader is on.",,needs translation
cr_whats_new_beta_15,array,2,"Fixed shared family dashboards failing to update at all once the owner added a widget type introduced in a newer app version, such as the To-Do List or Formula 1 widgets. A single unrecognized widget used to fail the whole dashboard, so a family member on an older build stopped receiving any of that dashboard's changes instead of just missing the new widget. Unrecognized widgets are now skipped individually, so the rest of a shared dashboard keeps working across app versions.",,needs translation
cr_whats_new_beta_15,array,3,"The To-Do widget's square card can now feature one whole list instead of items individually flagged high priority. A new Hero list picker in the widget's General tab — shown once it has at least one tab — chooses which list's open items appear on the card, labelled with that list's name, so what you see at a glance is a specific list like Chores rather than a scattered mix pulled from every tab. Deleting a tab that's currently the hero list clears the setting automatically.",,needs translation
cr_whats_new_beta_15,array,4,"Fixed the app crashing whenever it needed to reconnect to Home Assistant or the connection failed. The in-app push-notification channel ran its subscription in a way that let a dropped connection's error skip past the surrounding error handling entirely and crash the app outright. A separate mismatch also meant every single reconnect immediately tore the whole sync stack down and rebuilt it a second time, racing its own freshly made connection. Both are fixed.",,needs translation; don't translate Home Assistant
cr_whats_new_beta_14,array,1,"Settings › Family Sharing now shows which HKI 7 Cloud version is installed, and — if it's behind — exactly which family features that leaves unavailable, each labelled with the version that unlocks it. Previously the only way to find out a component was out of date was to hit a save that silently dropped part of what you configured.*",,needs translation; don't translate HKI 7 Cloud
cr_whats_new_beta_14,array,2,"New To-Do List widget: a shared checklist or shopping list the whole family can add to. Items support an optional quantity, category, priority (low, normal or high, shown as a flag) and due date, with Added by and Checked by attribution when more than one person edits the list. Choose Manual, A–Z, Priority, or Newest-first ordering, and filter between To do, All, and Done from the dialog. Editing can be limited to everyone, specific family members picked from the real Home Assistant user list, or admins only, enforced the same way the rest of the app's family permissions are. It follows the same design as every other widget, with the usual General, Permissions, Appearance and Visibility settings tabs.",,needs translation; don't translate Home Assistant
cr_whats_new_beta_14,array,3,"Room following can now be set to only place someone in the right room when the app starts, without tracking them for the rest of the session. The existing Ask before switching rooms switch only chose between asking and switching silently; there was no way to get the one-time placement without the app continuing to follow every move afterward. A new Keep following while the app is open switch under each person's room-following settings turns that continued tracking off on its own, leaving Open their room when the app starts to do the one placement it always did.*",,needs translation
cr_whats_new_beta_14,array,4,"New Formula 1 widget, for the F1 Sensor integration. The card shows the next race with a countdown and the circuit outline; opening it gives four tabs — Next race with the full session schedule and trackside weather, Standings for drivers and constructors, Results for the last grand prix with places gained or lost, and a Live tab that appears only while a session is running, showing the flag and race control messages. It finds its sensors on its own: F1 Sensor lets you rename its entities and pick a language, so the widget matches on the integration's stable internal keys rather than entity ids.",,needs translation
cr_whats_new_beta_14,array,5,"New Find my devices widget: a map of your phones, watches, tags and trackers. Add any device_tracker or person entity; the ones reporting GPS appear as pins on the map, the rest are still listed with their state. Tick as many as you like to show them together, or leave nothing ticked to see everything. Three filters narrow the list: All, Devices, and People. The card follows the same design as the other widgets, so background image, icon, width, shape and corner radius all work as you would expect.",,needs translation
cr_whats_new_beta_14,array,6,"The maps in the app no longer look like a printed atlas. HKI now uses the same muted CARTO basemap that Home Assistant's own map card uses, instead of the standard OpenStreetMap rendering, which was designed as a mapper's reference render rather than a background for an app. It also has a proper dark variant, so the map finally follows your theme instead of glowing white inside a dark dialog.",,needs translation; don't translate Home Assistant
cr_whats_new_beta_14,array,7,"Fixed room following doing nothing at all once Ask before switching rooms was turned off. That switch was being treated as a master off-switch for the whole feature, so with prompting disabled the app neither asked nor moved. It now does what it says: with prompting on you get the prompt, with it off the room simply opens. Don't ask again until I restart still stops both, since trading a prompt for a surprise jump would be worse.",,needs translation
cr_whats_new_beta_14,array,8,"Fixed the waste widget's settings dialog being cut off around two thirds of the way down while empty space sat below it. The dialog reserves a tall card but its contents were capped at a fixed height, so the scroll area stopped short of the space available. Both the settings dialog and the waste dialog itself now use the full height.",,needs translation
cr_whats_new_beta_14,array,9,"The waste dialog's calendar can now look 7, 14 or 28 days ahead, and is drawn as a week grid like the calendar widget rather than a flat list: weekday columns, one row per week, and a coloured dot per collection in its fraction's colour. Tap a day to see what is collected then; it opens on the next day with a collection.",,needs translation
cr_whats_new_beta_14,array,10,"Parcel dialogs now say Today or Tomorrow instead of naming the weekday. The whole question a delivery date answers is how soon, and “Wednesday” on a Wednesday made you work that out yourself.",,needs translation
cr_whats_new_beta_14,array,11,"The +2 bubble in the header, shown when there are more people than fit, now opens. Tapping it lists everyone with their name and state, and picking someone opens their detail dialog as usual. Previously those people were simply unreachable on a narrow header.",,needs translation
cr_whats_new_beta_14,array,12,"Fixed the map in the person dialog overflowing the dialog on a tablet or unfolded foldable. The map was drawn as a square as wide as the dialog, so on a 620dp-wide card it became 620dp tall and pushed the address off the bottom. It now takes the height left over instead.",,needs translation
cr_whats_new_beta_14,array,13,"Fixed notifications going undelivered while Home Assistant reported the device as not connected to local push notifications, even with the app open. The app stood aside for its background connection whenever the settings said that connection should be running — but when Android refused to start it, such as after a reboot, nothing was listening at all. The app now checks whether that connection is really running rather than whether it is meant to be, takes over when it is not, and hands the channel back the moment it does come up.",,needs translation; don't translate Home Assistant
cr_whats_new_beta_14,array,14,"Fixed room-following settings not taking effect on the device you changed them from. Turning following off, or changing how long a room must hold before it counts as a move, was written to the companion component but not to the device's own cached copy — so it kept following, and kept using the old dwell time, until the app was next started. Changes now apply immediately. The dwell slider also no longer offers zero seconds, which made the very first sensor reading count as a move.",,needs translation
cr_whats_new_beta_14,array,15,"The Formula 1 card now says one thing: the next grand prix and when it is — “Today 15:00” on the day, otherwise the date and time, in your own timezone. Track status is gone from it, because outside a session that read “Not running”, which is not what anyone glances at the card for. The status sits in the same dark pill the camera, vacuum and waste cards use, so it lines up with the rest of your dashboard again. The circuit outline stays as a faint watermark and the host country flag in the corner. The widget also no longer asks which F1 instance to use — it reads everything the integration publishes, so the dialog always has the full picture.",,needs translation
cr_whats_new_beta_14,array,16,"The To-Do List dialog's undo/redo and Close buttons moved from the title row to the bottom action bar, matching every other dialog in the app.",,needs translation
cr_whats_new_beta_14,array,17,* HKI 7 Cloud Component integration required.,,needs translation; don't translate HKI 7 Cloud
cr_whats_new_beta_13,array,1,"HKI can now follow you from room to room. Point it at a room-presence sensor such as ESPresense and it opens the room you are in when the app starts, then offers to switch views when you move somewhere else. Rooms also gain a purple counter showing how many people are in them, beside the motion and presence counters. An admin sets this up for the whole family under Settings › Family Sharing › Presence: pick each person's sensor and how long a new room must hold before it counts as a move. Sensor rooms named after your Home Assistant areas are matched automatically.*",,needs translation; don't translate Home Assistant
cr_whats_new_beta_13,array,2,"Notifications from Home Assistant can now carry action buttons. Add actions to a notify.mobile_app_… message and each one appears on the notification; tapping it sends the action back to Home Assistant, where an automation can respond. The buttons also appear on the in-app banner and in the notification drawer, because HKI hides system notifications while it is open. A URI action opens its link, a REPLY action takes a typed answer, and an action tapped while offline is delivered once the connection returns. Each notification can be actioned once.",,needs translation; don't translate Home Assistant
cr_whats_new_beta_13,array,3,"New Action button: a button that needs no entity at all. Give it a name, an icon, and whatever tap, hold, or double-tap action you like — navigate to a view or room, call a Home Assistant action, open a URL or a custom popup. Add one from the widget picker, from a button stack, or as an action badge in the badge area beside the header.",,needs translation; don't translate Home Assistant
cr_whats_new_beta_13,array,4,"Icon-only buttons can now be sized. Auto shrinks the icon as a stack gains columns, which is what makes icon-only usable in the four-, five-, and six-column custom popups where a fixed-size icon used to overflow the button. A button can also be given its own size.",,needs translation
cr_whats_new_beta_13,array,5,"Button stacks can push their appearance onto every button they hold: one Icon only for every button switch instead of the same switch on twenty buttons, plus an icon size they all inherit. A single button can still override the size.",,needs translation
cr_whats_new_beta_13,array,6,"The quick start guide can be browsed by hand. Swipe the gesture preview, tap a dot, or tap any tip to jump to it. It still plays on its own until you take over.",,needs translation
cr_whats_new_beta_13,array,7,"Fixed the waste widget showing the wrong icon and colour for every collection type outside Dutch: the type was matched against the translated label, so PMD shown as Packaging fell through to a generic grey-blue bin. PMD is orange with a recycling symbol again.",,needs translation
cr_whats_new_beta_13,array,8,"Fixed the room-following prompt appearing after Ask before switching rooms was turned off, and for the room already on screen. It now also offers Don't ask again until I restart the app, and the wait time can be set whether or not prompting is on.",,needs translation
cr_whats_new_beta_13,array,9,"Flows can express Any of these and nested logic, not just a flat list of ANDs. A group opens into its own list with a breadcrumb, and groups can hold groups, so motion detected AND (after sunset OR guest mode on) is buildable. It is the same structure Home Assistant's own editor writes, so a flow made in HA that used OR is no longer an untouchable advanced block.",,needs translation; don't translate Home Assistant
cr_whats_new_beta_13,array,10,"Thermostat dials on the Climate view no longer squeeze six across a landscape foldable. Dials hold at four per row until the window is genuinely desktop-wide, so each keeps enough width to read.",,needs translation
cr_whats_new_beta_13,array,11,"The Waiting for notifications message now has a Hide this notification button that jumps straight to its Android channel settings, where switching the channel off hides it for good while the connection keeps working. Android will not let a background connection run without a visible notification, so this is as far as muting can go. It also switches itself on when you have more than one Home Assistant server.",,needs translation; don't translate Home Assistant
cr_whats_new_beta_13,array,12,"The vacuum widget can now draw a Valetudo map itself. Choose Valetudo map as the button image and point it at your robot's map camera: HKI reads the map data Valetudo hides inside that camera's PNG and draws the floor, walls, rooms, the robot, its dock and the path it has taken. No add-on, custom component or extra Home Assistant integration is involved, and the map refreshes on its own while the robot is cleaning.",,"needs translation; don't translate Home Assistant, Valetudo"
cr_whats_new_beta_13,array,13,"Tap a room on the Valetudo map to send the robot to clean it. Rooms use the names you gave them in Valetudo. Cleaning a single room goes through Home Assistant's clean_area action, so first map the robot's segments to your areas in Home Assistant — until you do, the map says so instead of leaving the tap doing nothing.",,"needs translation; don't translate Home Assistant, Valetudo"
cr_whats_new_beta_13,array,14,"The vacuum settings now warn that plain Map camera on a Valetudo map entity shows a blank tile. Valetudo deliberately does not render the map on the robot, so its PNG is only a container for the data — Valetudo map is the mode that shows something.",,needs translation; don't translate Valetudo
cr_whats_new_beta_13,array,15,"The vacuum dialog now shows a Valetudo map whenever the map camera you picked actually carries one, whatever the button image is set to — the button image only decides how the tile on the dashboard looks. Cameras that turn out not to be Valetudo maps still show their picture, and HKI stops re-checking once it knows.",,needs translation; don't translate Valetudo
cr_whats_new_beta_13,array,16,"The robot image now spins while the vacuum is cleaning or returning to its dock, using the same icon animation settings as the rest of the app. A button's own animation setting still overrides it, and Off keeps it still.",,needs translation
cr_whats_new_beta_13,array,17,* HKI 7 Cloud Component integration required.,,needs translation; don't translate HKI 7 Cloud
cr_whats_new_beta_12,array,1,"Button widgets and button stacks can now hold an empty, fully transparent button. It takes up a grid cell without drawing anything, so the buttons around it line up exactly where you want them.",,needs translation
cr_whats_new_beta_12,array,2,Buttons can show just their icon. The new Icon only switch under a button's Appearance settings drops the name and state and centers a larger icon on the button.,,needs translation
cr_whats_new_beta_12,array,3,"New Custom popup action for buttons, badges, and dialog buttons. Point any tap, hold, or double tap at a popup you build yourself: it opens with the usual dialog title, status, history, and close controls, and you fill it with any widget the app offers. Popups are listed under Settings › Appearance › Popups, where Edit contents opens one ready to arrange. Popups are shared, so several buttons can open the same one, and stacks inside a popup can use up to six columns instead of three. While a popup is being arranged, a Done button sits beside Add widget to leave edit mode without closing it.",,needs translation
cr_whats_new_beta_12,array,4,"Fixed the Energy detail views (Solar, Electricity, Gas, Water, City heating, Battery) drawing their cards flush against each other with their headings missing. Production, Forecast, Inverters and the rest were hidden behind the card below them; the cards now keep their headings and the usual spacing.",,needs translation
cr_whats_new_beta_12,array,5,"Fixed Parental Controls refusing to save. An out-of-date HKI 7 Cloud component rejects the Visible and Invisible lists, which used to fail the whole policy; the permissions now save regardless and the message says the component needs updating. Those lists only filter entity lists such as global search — a button on a family dashboard stays visible unless it is hidden for that person explicitly.*",,needs translation; don't translate HKI 7 Cloud
cr_whats_new_beta_12,array,6,* HKI 7 Cloud Component integration required.,,needs translation; don't translate HKI 7 Cloud
cr_whats_new_beta_11,array,1,"Rooms, Climate, Security, Energy, and Battery dashboards now make better use of tablets and foldables. Large cards follow the Home and individual-room 1/2/3-column layout, while compact tiles auto-fit without becoming cramped. Climate, Security, and Energy cards use a height-aware masonry layout on wider displays, eliminating large gaps below shorter cards.",,needs translation
cr_whats_new_beta_11,array,2,State-colored icons on entity buttons and header/status pills now preserve their semantic hue while automatically shifting lighter or darker when they would blend into the current theme.,,needs translation
cr_whats_new_beta_11,array,3,"Selecting a family dashboard during onboarding now subscribes that installation to it. Owner edits are published when Save or Done is tapped, active clients refresh immediately, and offline clients reconcile when reopened. Non-admin subscribers cannot create or duplicate dashboards unless the app is fully reset.*",,needs translation
cr_whats_new_beta_11,array,4,"Dashboard setup during onboarding can now restore a local, Google Drive, or Home Assistant backup. New Google Drive and Home Assistant backups use consistent, informative names containing the app version and creation date.*",,"needs translation; don't translate Home Assistant, Google Drive"
cr_whats_new_beta_11,array,5,"Calendar widgets become vertically scrollable when their height is too small for every event, and hidden Home widgets are removed from the layout instead of leaving an empty space.",,needs translation
cr_whats_new_beta_11,array,6,"Parcel carrier cards now show the earliest expected delivery date and time for active incoming or outgoing shipments, including integrations that expose a separate next-delivery sensor.",,needs translation
cr_whats_new_beta_11,array,7,"Family permissions can now independently allow dashboard switching and creation. Fully restricted subscribers see a locked Dashboard settings tab; onboarding removes its placeholder dashboard when switching is denied, and a deleted family dashboard opens a permission-aware recovery screen instead of silently creating a replacement.*",,needs translation
cr_whats_new_beta_11,array,8,"Family permissions now also control manual re-importing. Non-admins cannot open Family Sharing settings, disabled onboarding choices explain why they are unavailable, and aesthetics-only editors see only visual controls. Their local names, icons, colors, backgrounds, styles, sizes, and layouts take priority when owner updates arrive.*",,needs translation
cr_whats_new_beta_11,array,9,"Climate sensor/device tabs, Security groups, and every Energy detail tab now follow the same responsive one-, two-, or three-column masonry rules, including their edit and reorder layouts.",,needs translation
cr_whats_new_beta_11,array,10,Aesthetics-only family editors can no longer change header-pill configuration or the dashboard's people; those functional settings remain controlled by the owner.*,,needs translation
cr_whats_new_beta_11,array,11,"Parental Controls now replaces manual entity-ID entry with Visible and Invisible lists. Admins can select complete Home Assistant domains or individual entities, and global search hides restricted entities and devices. Invisible entries always take precedence.*",,needs translation; don't translate Home Assistant
cr_whats_new_beta_11,array,12,"Energy setup now imports SmartGateways and DSMR Reader P1 meters even when the Home Assistant Energy dashboard has not been configured and the sensors are not attached to a device. Tariff 1 and tariff 2 readings are recognised separately, and usage charts and period totals add both tariffs together when no single grid import or export sensor is set.",,needs translation; don't translate Home Assistant
cr_whats_new_beta_11,array,13,* HKI 7 Cloud Component integration required.,,needs translation; don't translate HKI 7 Cloud
cr_whats_new_beta_10,array,1,"Visibility rules now work across all widgets and individual items, with time, entity, person, and mixed AND/OR conditions. Admins using a family-shared dashboard can choose whether an item is Visible or Hidden for a selected user. Person conditions use HKI 7 Cloud, whose requirement is shown when it is unavailable. New rules start empty so you choose Time, Entity, or Person.",,needs translation; don't translate HKI 7 Cloud
cr_whats_new_beta_10,array,2,"Room-status counter badges keep a stable two-digit width. Headers responsively fit one, two, or three counters per row like the home-page and person badges, without pushing the title down.",,needs translation
cr_whats_new_beta_10,array,3,"Energy setup now recognises SmartGateways and DSMR Reader MQTT sensor names, and choosing a source device refills its separate sensor roles. City heating has dedicated settings, a source tile and detail tab, plus an estimated natural-gas equivalent for J/GJ heat readings.",,needs translation
cr_whats_new_beta_10,array,4,"Calendar widget dialogs now use the available height correctly, fixing content that previously occupied only half the settings dialog or was cut off.",,needs translation
cr_whats_new_beta_10,array,5,"Re-import settings now use one consistently spelled and localized label across Rooms, Climate, Security, Energy, and Battery. Conditional visibility wording was also corrected in every supported language.",,needs translation
cr_whats_new_beta_10,array,6,"Fixed PostNL and the current parcel-integration parser, so incoming shipments once again show their complete tracking details and delivered state. Carrier support has also been brought up to date.",,needs translation
cr_whats_new_beta_10,array,7,"Added an in-app language selector with full coverage in 13 languages: Dutch, German, French, Spanish (plus Latin American Spanish), Italian, Turkish, Portuguese (plus Brazilian Portuguese), Japanese, Korean, and Chinese (Simplified and Traditional). Each language shows its native name with an English hint beneath it.",,needs translation
cr_whats_new_beta_10,array,8,"The reconnect status now shows the actual connection error, making Wi-Fi, mobile-data, and VPN handovers much easier to diagnose.",,needs translation
cr_whats_new_beta_10,array,9,Screen rotation now follows your device’s auto-rotate setting instead of staying locked to portrait.,,needs translation
cr_whats_new_beta_10,array,10,"The Climate ""Outside"" tile now appears as soon as a weather device is linked, even without dedicated sensors, counts its temperature, humidity and pressure attributes in the summary, and graphs them with matching sensor colors.",,needs translation
cr_whats_new_beta_10,array,11,"Parcel status codes are now normal sentences. Dates and times follow the selected language and 12/24-hour preference, nearby deliveries use weekday names, the current year is omitted, and same-day windows no longer repeat the date.",,needs translation
cr_whats_new_beta_9,array,1,"Drag to reorder cameras, thermostats, and energy cards. In edit mode the Security, Climate, and Energy views each get a Reorder button for their relevant cards.",,needs translation
cr_whats_new_beta_9,array,2,"New Climate Outside tile. Link a weather entity or outdoor temperature, humidity, and air-pressure sensors, then open the tile for individual history graphs.",,needs translation
cr_whats_new_beta_9,array,3,"Visibility now belongs to each button and header badge. Hide an item or schedule it once or on a daily, weekly, monthly, or yearly recurrence.",,needs translation
cr_whats_new_beta_9,array,4,Header badges can be renamed from Appearance settings.,,needs translation
cr_whats_new_beta_9,array,5,Swiping cards autoplay every three seconds by default.,,needs translation
cr_whats_new_beta_9,array,6,"The Weather dialog adds autoplay for Season, a windrose card, and an optional rain-map card from a camera or embedded web page.",,needs translation
cr_whats_new_beta_9,array,7,"The Parcels widget was rebuilt around carriers, with logos, account totals, shipment sections, estimates, tracking history, and add-by-tracking support where available.",,needs translation
cr_whats_new_beta_9,array,8,"Humidifiers and dehumidifiers now have native power, humidity, mode, speed, and helper controls throughout the app.",,needs translation
cr_whats_new_beta_9,array,9,Room status counters are interactive and open the entities behind each count.,,needs translation
cr_whats_new_beta_9,array,10,Buttons and badges can show a live countdown from a completion-time entity.,,needs translation
cr_whats_new_beta_9,array,11,Shared dashboards publish owner edits automatically and recipients receive them on their next sync.,,needs translation
cr_whats_new_beta_9,array,12,Header display settings now belong to each dashboard and travel through backups and family sharing.,,needs translation
cr_whats_new_beta_9,array,13,Camera widgets fill the entire tile and follow the configured corner radius.,,needs translation
cr_whats_new_beta_9,array,14,"Waste collections on the same day now overlap visibly, and the larger dialog can be dismissed by tapping outside.",,needs translation
cr_whats_new_beta_9,array,15,"Battery, Waste, camera, weather, and About visuals are now more consistent.",,needs translation
cr_whats_new_beta_9,array,16,"Binary sensors use Home Assistant-style Open/Closed, Wet/Dry, Detected/Clear, and Connected/Disconnected labels.",,needs translation; don't translate Home Assistant
cr_whats_new_beta_9,array,17,"Aesthetic-only editors can change existing badge visuals but cannot add, remove, or reconfigure badges.",,needs translation
cr_whats_new_beta_9,array,18,Fixed network handovers: sockets tied to the old Android network are discarded and the saved Home Assistant session reconnects without an unnecessary login. Reconnect status also shows the failure reason.,,needs translation; don't translate Home Assistant
cr_whats_new_beta_8,array,1,Child locks are no longer imported automatically as room controls.,,needs translation
cr_whats_new_beta_8,array,2,Every button and badge now honours Home Assistant entity-icon overrides.,,needs translation; don't translate Home Assistant
cr_whats_new_beta_8,array,3,Vacuums now appear in the room badge bar and open their controls when tapped.,,needs translation
cr_whats_new_beta_8,array,4,"Individual buttons in multi-item widgets can be hidden or scheduled, including recurring annual date ranges.",,needs translation
cr_whats_new_beta_8,array,5,Multiple camera badges now open one swipeable dialog with fullscreen paging.,,needs translation
cr_whats_new_beta_8,array,6,"Family Sharing now lists cloud-published dashboards so they can be imported, reshared, or deleted after a reinstall.",,needs translation
cr_whats_new_beta_7,array,1,Automatic room import now skips built-in helper controls while retaining genuine extra controls.,,needs translation
cr_whats_new_beta_7,array,2,Climate devices from different integrations are no longer merged into one control.,,needs translation
cr_whats_new_beta_7,array,3,"Climate-device icons now match air conditioners, humidifiers, dehumidifiers, and air purifiers.",,needs translation
cr_whats_new_beta_7,array,4,Air-purifier and humidifier icons pulse gently instead of spinning.,,needs translation
cr_whats_new_beta_7,array,5,Door locks now use closed-door and open-door icons.,,needs translation
cr_whats_new_beta_7,array,6,Multi-device header badges can be reordered to choose their leading entity.,,needs translation
cr_whats_new_beta_7,array,7,Animated icon effects are enabled by default on new installations.,,needs translation
cr_whats_new_beta_7,array,8,Buttons and badges can display an entity attribute and optional unit instead of its state.,,needs translation
cr_whats_new_beta_7,array,9,"Dashboards can now be copied with all rooms, widgets, and page settings.",,needs translation
cr_whats_new_beta_7,array,10,"Family Sharing now combines parental controls, dashboard sharing, and per-user permissions.",,needs translation
cr_whats_new_beta_7,array,11,Shared dashboards update automatically while keeping allowed local visual changes.,,needs translation
cr_whats_new_beta_7,array,12,Non-admin family members can use automatic per-room Adaptive Lighting controls when the HKI 7 Cloud component is installed.,,needs translation; don't translate HKI 7 Cloud
cr_whats_new_beta_7,array,13,Fixed unreadable header and pull-down labels in light mode and with custom appearances.,,needs translation
cr_whats_new_beta_7,array,14,About now provides What’s new and Full changelog buttons.,,needs translation
cr_whats_new_beta_7,array,15,Fixed the Unable to connect screen so it appears reliably when Home Assistant cannot be reached.,,needs translation; don't translate Home Assistant
cr_whats_new_beta_6,array,1,Fixed edit-mode action bars overlapping Android three-button navigation.,,needs translation
cr_whats_new_beta_6,array,2,The Backup and Restore screen now shows when each automatic cloud backup last ran.,,needs translation
cr_whats_new_beta_6,array,3,Each cloud backup now has a Back up now button.,,needs translation
cr_whats_new_beta_6,array,4,Fixed the oversized app icon after the themed-icon update.,,needs translation
cr_whats_new_beta_4_to_5,array,1,The Backup and Restore screen now shows when each automatic cloud backup last ran.,,needs translation
cr_whats_new_beta_4_to_5,array,2,Each cloud backup now has a Back up now button.,,needs translation
cr_whats_new_beta_4_to_5,array,3,Fixed the oversized app icon after the themed-icon update.,,needs translation
cr_whats_new_beta_3,array,1,"Added Simple Icons, Tabler, and Phosphor icon packs alongside Material Design Icons.",,needs translation
cr_whats_new_beta_3,array,2,"Added animated entity icons that glow, spin, or pulse while active.",,needs translation
cr_whats_new_beta_3,array,3,Added family dashboard sharing for admins.*,,needs translation
cr_whats_new_beta_3,array,4,Added parental controls that can hide selected views and rooms for specific people.*,,needs translation
cr_whats_new_beta_3,array,5,Added automatic daily backup to your own Home Assistant.*,,needs translation; don't translate Home Assistant
cr_whats_new_beta_3,array,6,Media-source icons are colored and can open the installed source app.,,needs translation
cr_whats_new_beta_3,array,7,New iFrame widget for embedding web pages.,,needs translation
cr_whats_new_beta_3,array,8,Energy views now show negative values while exporting power.,,needs translation
cr_whats_new_beta_3,array,9,Fixed onboarding completing when switching away before finishing.,,needs translation
cr_whats_new_beta_3,array,10,Fixed the thermostat-dial mode button overlapping nearby items.,,needs translation
cr_whats_new_beta_3,array,11,Many smaller bug fixes.,,needs translation
cr_whats_new_beta_3,array,12,* HKI 7 Cloud Component integration required.,,needs translation; don't translate HKI 7 Cloud
cr_whats_new_beta_2,array,1,"Improved layouts on short and narrow displays, with a single-column fallback throughout the app.",,needs translation
cr_whats_new_beta_2,array,2,Dialog headers use two rows on narrow screens so titles are no longer cut off.,,needs translation
cr_whats_new_beta_2,array,3,Fixed Adaptive Lighting sliders overlapping other elements.,,needs translation
cr_whats_new_beta_2,array,4,Navigation bars now indicate when more items are available off-screen.,,needs translation
cr_whats_new_beta_2,array,5,Fixed cameras ignoring the screen-orientation lock.,,needs translation
cr_whats_new_beta_2,array,6,Fixed zoom in camera dialogs and fullscreen cameras.,,needs translation
global_search_browse_entities,plural,one,Browse %1$d entity on this device,Gennemse %1$d enhed på denne enhed,keep %1$d
global_search_browse_entities,plural,other,Browse %1$d entities on this device,Gennemse %1$d enheder på denne enhed,keep %1$d
global_search_entity_count,plural,one,%1$d entity,%1$d enhed,keep %1$d
global_search_entity_count,plural,other,%1$d entities,%1$d enheder,keep %1$d
rooms_count,plural,one,%1$d room,%1$d værelse,keep %1$d
rooms_count,plural,other,%1$d rooms,%1$d værelser,keep %1$d
core_system,string,,System,System,
core_greeting_morning,string,,Good Morning,Godmorgen,
core_greeting_afternoon,string,,Good Afternoon,God eftermiddag,
core_greeting_evening,string,,Good Evening,God aften,
core_greeting_night,string,,Good Night,Godnat,
core_last_seen_just_now,string,,Last seen just now,Sidst set lige nu,
core_no_media_playing,string,,No media is playing,Der afspilles ingen medier,
core_media_players_playing,plural,one,%1$d media player is playing,%1$d medieafspiller afspiller,keep %1$d
core_media_players_playing,plural,other,%1$d media players are playing,%1$d medieafspillere afspiller,keep %1$d
core_last_seen_minutes,plural,one,Last seen %1$d minute ago,Sidst set for %1$d minut siden,keep %1$d
core_last_seen_minutes,plural,other,Last seen %1$d minutes ago,Sidst set for %1$d minutter siden,keep %1$d
core_last_seen_hours,plural,one,Last seen %1$d hour ago,Sidst set for %1$d time siden,keep %1$d
core_last_seen_hours,plural,other,Last seen %1$d hours ago,Sidst set for %1$d timer siden,keep %1$d
core_last_seen_days,plural,one,Last seen %1$d day ago,Sidst set for %1$d dag siden,keep %1$d
core_last_seen_days,plural,other,Last seen %1$d days ago,Sidst set for %1$d dage siden,keep %1$d
core_last_seen_weeks,plural,one,Last seen %1$d week ago,Sidst set for %1$d for uge siden,keep %1$d
core_last_seen_weeks,plural,other,Last seen %1$d weeks ago,Sidst set for %1$d uger siden,keep %1$d
dlg_1_advanced_shorthand_block_kept_unchanged,string,,1 advanced shorthand block (kept unchanged),1 avanceret stenografiblok (holdes uændret),
dlg_24_hour_format,string,,24-Hour Format,24-timers format,
dlg_action_count,string,,%1$s action,%1$s handling,keep %1$s
dlg_action,string,,Action,Handling,
dlg_action_data,string,,Action data,Handlingsdata,
dlg_action_data_object,string,,Action data object,Handlingsdataobjekt,
dlg_action_details,string,,Action details,Handlingsdetaljer,
dlg_adapt_now,string,,Adapt now,Tilpas nu,
dlg_adaptive_lighting,string,,Adaptive Lighting,Adaptiv belysning,
dlg_adaptive_lighting_is_unavailable,string,,Adaptive Lighting is unavailable,Adaptiv belysning er ikke tilgængelig,
dlg_add_4_10_entity_buttons_to_this_dialog_s,string,,Add 4–10 entity buttons to this dialog's nav bar.,Tilføj 4-10 entitetsknapper til denne dialogs navigeringslinje.,
dlg_add,string,,Add,Tilføje,
dlg_add_at_least_one_step,string,,Add at least one step,Tilføj mindst ét trin,
dlg_add_button,string,,Add button,Tilføj knap,
dlg_add_custom_buttons,string,,Add Custom Buttons,Tilføj brugerdefinerede knapper,
dlg_add_more_for_a_full_row,string,,Add %1$s more for a full row.,Tilføj %1$s mere for en hel række.,keep %1$s
dlg_add_to,string,,Add to %1$s,Føj til %1$s,keep %1$s
dlg_advanced,string,,Advanced,Fremskreden,
dlg_advanced_action_data_json,string,,Advanced action data (JSON),Avancerede handlingsdata (JSON),
dlg_advanced_shorthand_blocks_kept_unchanged,string,,%1$s advanced shorthand blocks (kept unchanged),%1$s avancerede stenografiblokke (holdes uændret),keep %1$s
dlg_alarm_entities,string,,Alarm entities,Alarmenheder,
dlg_alarm_pending,string,,Alarm pending,Alarm afventer,
dlg_alignment,string,,Alignment,Justering,
dlg_always,string,,Always,Altid,
dlg_any_state,string,,Any state,Enhver stat,
dlg_appearance,string,,Appearance,Udseende,
dlg_apply,string,,Apply,Anvende,
dlg_aspect_ratio,string,,Aspect ratio,Størrelsesforhold,
dlg_astronomical_tap_or_swipe,string,,Astronomical · tap or swipe,Astronomisk · tryk eller stryg,
dlg_auto,string,,Auto,Auto,
dlg_auto_none,string,,Auto / none,Auto / ingen,
dlg_auto_scan,string,,Auto-scan,Automatisk scanning,
dlg_automation,string,,Automation,Automatisering,
dlg_back,string,,Back,Tilbage,
dlg_backspace,string,,Backspace,Backspace,
dlg_badge_bar_layout,string,,Badge bar layout,Badge bar layout,
dlg_batt,string,,Batt,Batt,
dlg_battery_value,string,,Battery: %1$s,Batteri: %1$s,keep %1$s
dlg_built_in,string,,Built-in,Indbygget,
dlg_cancel,string,,Cancel,Ophæve,
dlg_cancel_arming,string,,Cancel arming,Annuller tilkobling,
dlg_change,string,,Change,Forandring,
dlg_choose_a_side_when_the_badge_bar_is_split,string,,Choose a side when the badge bar is split,"Vælg en side, når badgebjælken er delt",
dlg_choose_a_state,string,,Choose a state,Vælg en stat,
dlg_condition,string,,Condition,Tilstand,
dlg_condition_is,string,,Is,Er,
dlg_condition_is_not,string,,Is not,er ikke,
dlg_condition_state,string,,State,Tilstand,
dlg_vis_and,string,,AND,OG,
dlg_vis_conditional,string,,Conditional,Betinget,
dlg_vis_entity_state,string,,Entity state,Enhedstilstand,
dlg_vis_person,string,,Person,Person,
dlg_visible,string,,Visible,Synlig,
dlg_choose_person,string,,Choose person,Vælg person,
dlg_person_condition_hint,string,,Matches the signed-in Home Assistant user. This rule travels with a shared dashboard.,Matcher den loggede Home Assistant-bruger. Denne regel følger med et delt dashboard.,don't translate Home Assistant
dlg_person_requires_hki7_cloud,string,,Person visibility requires the HKI 7 Cloud component. Install it to select Home Assistant users here.,Personsynlighed kræver komponenten HKI 7 Cloud. Installer det for at vælge Home Assistant brugere her.,"don't translate HKI 7 Cloud, Home Assistant"
dlg_vis_match,string,,Match,Kamp,
dlg_vis_match_all,string,,All rules,Alle regler,
dlg_vis_match_any,string,,Any rule,Enhver regel,
dlg_vis_or,string,,OR,ELLER,
dlg_vis_time_schedule,string,,Time schedule,Tidsplan,
dlg_choose_a_visual_home_assistant_block,string,,Choose a visual Home Assistant block,Vælg en visuel Home Assistant blok,don't translate Home Assistant
dlg_choose_action,string,,Choose action,Vælg handling,
dlg_choose_an_action,string,,Choose an action,Vælg en handling,
dlg_choose_an_entity,string,,Choose an entity,Vælg en enhed,
dlg_choose_an_entity_first,string,,Choose an entity first,Vælg først en enhed,
dlg_choose_entity,string,,Choose entity,Vælg enhed,
dlg_choose_the_home_assistant_entities_that_drive_this_room,string,,Choose the Home Assistant entities that drive this room's live indicators. Indicators only appear while they are active.,"Vælg de Home Assistant-enheder, der driver dette rums live-indikatorer. Indikatorer vises kun, mens de er aktive.",don't translate Home Assistant
dlg_choose_the_profile_for_this_light,string,,Choose the profile for this light,Vælg profilen til denne lampe,
dlg_choose_what_this_action_should_control,string,,Choose what this action should control,"Vælg, hvad denne handling skal kontrollere",
dlg_choose_what_this_badge_summarizes,string,,Choose what this badge summarizes,"Vælg, hvad dette badge opsummerer",
dlg_choose_what_this_header_pill_shows,string,,Choose what this header pill shows,"Vælg, hvad denne header-pille viser",
dlg_clear,string,,Clear,Klar,
dlg_clear_rooms_view,string,,Clear rooms view?,Ryd udsigt til værelserne?,
dlg_climate_dialog_control,string,,Climate dialog control,Kontrol af klimadialog,
dlg_climate_sources_take_priority_and_use_their_current_temper,string,,Climate sources take priority and use their current_temperature and current_humidity values. ,Klimakilder har prioritet og bruger deres aktuelle_temperatur og aktuelle_fugtighedsværdier.,keep the space at the start/end
dlg_climate_summary,string,,Climate summary,Klimaoversigt,
dlg_close,string,,Close,Tæt,
dlg_confirm,string,,Confirm,Bekræfte,
dlg_controls_light_in_this_profile,string,,Controls %1$s light%2$s in this profile.,Styrer %1$s lys%2$s i denne profil.,keep %1$s %2$s
dlg_countdown_timer,string,,Countdown timer,Nedtællingstimer,
dlg_create_a_flow,string,,Create a flow,Skab et flow,
dlg_current,string,,Current %1$s%%,Nuværende %1$s%%,keep %1$s
dlg_current_weather,string,,Current weather,Aktuelt vejr,
dlg_custom,string,,Custom,Skik,
dlg_custom_buttons,string,,Custom buttons,Brugerdefinerede knapper,
dlg_custom_value,string,,Custom %1$s,Tilpasset %1$s,keep %1$s
dlg_custom_name,string,,Custom name,Brugerdefineret navn,
dlg_custom_seconds,string,,Custom seconds,Brugerdefinerede sekunder,
dlg_custom_state,string,,Custom state...,Tilpasset tilstand...,
dlg_date,string,,Date,Dato,
dlg_day_to,string,,%1$s day%2$s to %3$s,%1$s dag%2$s til %3$s,keep %1$s %2$s %3$s
dlg_delete_automation,string,,Delete automation?,Vil du slette automatisering?,
dlg_delete,string,,Delete,Slet,
dlg_description,string,,Description,Beskrivelse,
dlg_details,string,,Details,Detaljer,
dlg_device_value,string,,Device: %1$s,Enhed: %1$s,keep %1$s
dlg_device,string,,Device,Enhed,
dlg_direction,string,,Direction —,Retning -,
dlg_display,string,,Display,Vise,
dlg_display_linked_entities_and_dialog_layout,string,,"Display, linked entities, and dialog layout","Display, sammenkædede enheder og dialoglayout",
dlg_display_mode,string,,Display mode,Visningstilstand,
dlg_display_order,string,,Display order,Vis rækkefølge,
dlg_done,string,,Done,Færdig,
dlg_door_sensors,string,,Door sensors,Dørsensorer,
dlg_edit,string,,Edit,Redigere,
dlg_empty_bin,string,,Empty bin: %1$s,Tom beholder: %1$s,keep %1$s
dlg_end,string,,End: %1$s,Slut: %1$s,keep %1$s
dlg_enter_a_valid_json_object,string,,Enter a valid JSON object,Indtast et gyldigt JSON-objekt,
dlg_enter_code,string,,Enter code,Indtast kode,
dlg_enter_the_same_data_object_home_assistant_shows_in,string,,Enter the same data object Home Assistant shows in YAML. JSON is used here so values keep their exact type.,"Indtast det samme dataobjekt Home Assistant viser i YAML. JSON bruges her, så værdier bevarer deres nøjagtige type.",don't translate Home Assistant
dlg_entities_count,string,,Entities (%1$s),Enheder (%1$s),keep %1$s
dlg_entities_appearance_and_interactions,string,,"Entities, appearance, and interactions","Entiteter, udseende og interaktioner",
dlg_entities,string,,Entities,Enheder,
dlg_entities_that_signal_activity_or_safety_states,string,,Entities that signal activity or safety states,"Enheder, der signalerer aktivitet eller sikkerhedstilstande",
dlg_entity_integrations,string,,Entity integrations,Entitetsintegrationer,
dlg_entity_name,string,,Entity name,Enhedens navn,
dlg_entity_picture,string,,Entity picture,Enhedsbillede,
dlg_event,string,,Event,Tilfælde,
dlg_exact_text_or_number_reported_by_home_assistant,string,,Exact text or number reported by Home Assistant,Præcis tekst eller nummer rapporteret af Home Assistant,don't translate Home Assistant
dlg_exit_full_screen,string,,Exit full screen,Afslut fuld skærm,
dlg_floor,string,,Floor,Etage,
dlg_floor_assignment,string,,Floor assignment,Etageopgave,
dlg_flows,string,,Flows,Strømme,
dlg_forecast,string,,Forecast,Vejrudsigt,
dlg_forget_selection,string,,Forget selection,Glem valg,
dlg_forward,string,,Forward,Forward,
dlg_from,string,,From %1$s,Fra %1$s,keep %1$s
dlg_from_state,string,,From state,Fra staten,
dlg_full_day_name,string,,Full Day Name,Heldagsnavn,
dlg_group_light_paused_for_manual_control,string,,%1$s group light%2$s paused for manual control.,%1$s gruppelys%2$s sat på pause for manuel kontrol.,keep %1$s %2$s
dlg_header_appearance,string,,Header appearance,Overskrifts udseende,
dlg_header_custom_color_rrggbb,string,,Header custom color (#RRGGBB),Overskrifts tilpasset farve (#RRGGBB),
dlg_header_pill,string,,Header pill,Header pille,
dlg_hidden,string,,Hidden,Skjult,
dlg_hidden_during,string,,Hidden during,Skjult under,
dlg_hide_this_badge_or_schedule_when_it_appears,string,,"Hide this badge, or schedule when it appears","Skjul dette badge, eller planlæg, hvornår det vises",
dlg_https,string,,https://…,https://…,
dlg_humidity,string,,Humidity,Fugtighed,
dlg_icon,string,,Icon,Ikon,
dlg_icon_animation,string,,Icon animation,Ikon animation,
dlg_icon_value,string,,Icon: %1$s,Ikon: %1$s,keep %1$s
dlg_identity,string,,Identity,Identitet,
dlg_identity_presentation_indicators_and_maintenance,string,,"Identity, presentation, indicators, and maintenance","Identitet, præsentation, indikatorer og vedligeholdelse",
dlg_import_only_rooms_that_have_not_been_edited_or,string,,"Import only rooms that have not been edited, or rebuild everything. Rebuilding removes all edited rooms and floors before importing them from scratch.","Importer kun rum, der ikke er blevet redigeret, eller genopbyg alt. Genopbygning fjerner alle redigerede rum og gulve, før de importeres fra bunden.",
dlg_import_unedited,string,,Import unedited,Importer uredigeret,
dlg_interactions,string,,Interactions,Interaktioner,
dlg_is,string,, is,er,keep the space at the start/end
dlg_items,string,,%1$s items,%1$s elementer,keep %1$s
dlg_last_run,string,,Last run %1$s,Sidste kørsel %1$s,keep %1$s
dlg_left,string,,Left,Venstre,
dlg_left_side_overflows_right,string,,Left side overflows right,Venstre side flyder over højre,
dlg_live,string,,Live,Levende,
dlg_live_uppercase,string,,LIVE,LEVENDE,
dlg_live_indicators,string,,Live indicators,Levende indikatorer,
dlg_loading_actions,string,,Loading actions…,Indlæser handlinger...,
dlg_lunar_phase,string,,Lunar phase,Månefase,
dlg_map,string,,Map,Kort,
dlg_map_value,string,,Map: %1$s,Kort: %1$s,keep %1$s
dlg_media,string,,Media,Medier,
dlg_media_browsing_isn_t_available_for_this_player,string,,Media browsing isn't available for this player.,Mediebrowsing er ikke tilgængelig for denne afspiller.,
dlg_media_library,string,,Media library,Mediebibliotek,
dlg_media_players,string,,Media players,Medieafspillere,
dlg_meteorological_tap_or_swipe,string,,Meteorological · tap or swipe,Meteorologisk · tryk eller stryg,
dlg_mm,string,,%1$s mm,%1$s mm,keep %1$s
dlg_modes,string,,Modes,Tilstande,
dlg_moon,string,,Moon,Måne,
dlg_move_down,string,,Move down,Flyt ned,
dlg_move_up,string,,Move up,Flyt op,
dlg_multiple_climate_values_are_averaged_separate_sensor_value,string,,Multiple climate values are averaged. Separate sensor values are averaged only when no climate source is selected.,"Der tages et gennemsnit af flere klimaværdier. Separate sensorværdier beregnes kun, når der ikke er valgt nogen klimakilde.",
dlg_name,string,,Name,Navn,
dlg_name_and_icon_used_throughout_the_app,string,,Name and icon used throughout the app,Navn og ikon bruges i hele appen,
dlg_name_optional,string,,Name (optional),Navn (valgfrit),
dlg_native_home_assistant_automations_always_in_sync,string,,"Native Home Assistant automations, always in sync","Indbyggede Home Assistant automatiseringer, altid synkroniseret",don't translate Home Assistant
dlg_never_triggered,string,,Never triggered,Aldrig udløst,
dlg_new_flow,string,,New flow,Nyt flow,
dlg_next_camera,string,,Next camera,Næste kamera,
dlg_no_conditions_this_flow_always_continues,string,,No conditions — this flow always continues,Ingen betingelser - dette flow fortsætter altid,
dlg_no_door_sensor,string,,No door sensor,Ingen dørsensor,
dlg_no_forecast_available,string,,No forecast available,Ingen prognose tilgængelig,
dlg_no_matching_automations,string,,No matching automations,Ingen matchende automatiseringer,
dlg_no_native_home_assistant_automations_found,string,,No native Home Assistant automations found,Ingen indbyggede Home Assistant-automatiseringer fundet,don't translate Home Assistant
dlg_no_profile_available,string,,No profile available,Ingen tilgængelig profil,
dlg_no_stream_available,string,,No stream available,Ingen stream tilgængelig,
dlg_no_supported_alarm_modes_reported_by_this_entity,string,,No supported alarm modes reported by this entity,Ingen understøttede alarmtilstande rapporteret af denne enhed,
dlg_no_target,string,,No target,Intet mål,
dlg_none,string,,None,Ingen,
dlg_none_timer_follows_the_completion_time_only,string,,None — timer follows the completion time only,Ingen — timeren følger kun færdiggørelsestiden,
dlg_not_loaded_by_home_assistant,string,,Not loaded by Home Assistant,Ikke indlæst af Home Assistant,don't translate Home Assistant
dlg_nothing_here,string,,Nothing here.,Intet her.,
dlg_off_uppercase,string,,OFF,SLUKKET,
dlg_off,string,,Off,Slukket,
dlg_on_uppercase,string,,ON,PÅ,
dlg_on,string,,On,På,
dlg_percent_on,string,,%1$s%% • ON,%1$s%% • TIL,keep %1$s
dlg_open_camera_full_screen,string,,Open camera full screen,Åbn kameraet i fuld skærm,
dlg_open,string,,Open,Åben,
dlg_optional_controls_and_sensors_for_richer_dialogs,string,,Optional controls and sensors for richer dialogs,Valgfrie kontroller og sensorer til fyldigere dialoger,
dlg_optional_fields_passed_to_home_assistant,string,,Optional fields passed to Home Assistant,Valgfrie felter videregivet til Home Assistant,don't translate Home Assistant
dlg_optional_label_shown_when_name_is_enabled_above,string,,"Optional label shown when ""Name"" is enabled above","Valgfri etiket vist, når ""Navn"" er aktiveret ovenfor",
dlg_oscillate,string,,Oscillate,Oscillere,
dlg_pause,string,,Pause,Pause,
dlg_pause_adaptation,string,,Pause adaptation,Pause tilpasning,
dlg_pending_timer,string,,Pending timer,Afventer timer,
dlg_pick_a_source_device_or_fine_tune_individual_roles,string,,Pick a source device or fine-tune individual roles,"Vælg en kildeenhed, eller finjuster individuelle roller",
dlg_place_this_room_in_the_correct_floor_group,string,,Place this room in the correct floor group,Placer dette rum i den rigtige etagegruppe,
dlg_placement,string,,Placement,Placering,
dlg_players_summarized_by_the_room_header_and_card,string,,Players summarized by the room header and card,Spillere opsummeret af rummets overskrift og kort,
dlg_please_wait,string,,Please wait…,Vent venligst...,
dlg_precipitation,string,,Precipitation,Nedbør,
dlg_presets_uppercase,string,,PRESETS,FORUDINDSTILLINGER,
dlg_presets,string,,Presets,Forudindstillinger,
dlg_previous_camera,string,,Previous camera,Tidligere kamera,
dlg_profile,string,,Profile,Profil,
dlg_profile_switches_affect_every_light_assigned_to,string,,Profile switches affect every light assigned to %1$s.,"Profilkontakter påvirker hvert lys, der er tildelt %1$s.",keep %1$s
dlg_rain,string,,Rain,Regn,
dlg_rain_map,string,,Rain map,Regn kort,
dlg_rain_map_url_iframe,string,,Rain map URL (iframe),Regnkort-URL (iframe),
dlg_re_import_rooms,string,,Re-import rooms,Re-import værelser,
dlg_read_only_home_assistant_automation,string,,Read-only Home Assistant automation,Skrivebeskyttet Home Assistant automatisering,don't translate Home Assistant
dlg_recipes_create_regular_home_assistant_automations_you_can,string,,Recipes create regular Home Assistant automations. You can continue editing them in either HKI7 or Home Assistant.,Opskrifter skaber regelmæssige Home Assistant automatiseringer. Du kan fortsætte med at redigere dem i enten HKI7 eller Home Assistant.,"don't translate Home Assistant, HKI7"
dlg_remove,string,,Remove,Fjerne,
dlg_remove_edits_and_import_all,string,,Remove edits and import all,Fjern redigeringer og importer alle,
dlg_repeat,string,,Repeat,Gentage,
dlg_repeats_every_day_only_the_time_of_day_is,string,,Repeats every day — only the time of day is used.,Gentages hver dag - kun tidspunktet på dagen bruges.,
dlg_repeats_every_month_only_the_day_of_the_month,string,,Repeats every month — only the day of the month and time are used.,Gentages hver måned — kun månedsdagen og klokkeslættet bruges.,
dlg_repeats_every_week_only_the_weekday_and_time_are,string,,Repeats every week — only the weekday and time are used.,Gentages hver uge - kun ugedag og tid bruges.,
dlg_repeats_every_year_the_year_is_ignored_so_e,string,,"Repeats every year — the year is ignored, so e.g. 24–26 Dec recurs each Christmas.","Gentages hvert år — året ignoreres, så f.eks. 24.-26. december gentages hver jul.",
dlg_required,string,, (required),(påkrævet),keep the space at the start/end
dlg_required_state,string,,Required state,Påkrævet tilstand,
dlg_resume_adaptation,string,,Resume adaptation,Genoptag tilpasning,
dlg_resume,string,,Resume,Genoptage,
dlg_reverse,string,,Reverse,Bagside,
dlg_right,string,,Right,Højre,
dlg_right_side_overflows_left,string,,Right side overflows left,Højre side flyder over venstre,
dlg_room_areas,string,,Room areas,Rum områder,
dlg_room_climate,string,,Room climate,Værelsesklima,
dlg_room_name,string,,Room name,Værelsesnavn,
dlg_run_mode,string,,Run mode,Kør tilstand,
dlg_running_state_entity,string,,Running-state entity,Entitet i kørende tilstand,
dlg_s_are,string,,s are,s er,
dlg_save,string,,Save,Spare,
dlg_save_in_home_assistant,string,,Save in Home Assistant,Gem i Home Assistant,don't translate Home Assistant
dlg_saved_directly_in_the_native_automation,string,,Saved directly in the native automation,Gemt direkte i den oprindelige automatisering,
dlg_scheduled,string,,Scheduled,Planlagt,
dlg_search_actions,string,,Search actions,Søgehandlinger,
dlg_search_automations,string,,Search automations,Søgeautomatiseringer,
dlg_season,string,,Season,Sæson,
dlg_select,string,,Select %1$s,Vælg %1$s,keep %1$s
dlg_select_a_mode_to_continue,string,,Select a mode to continue,Vælg en tilstand for at fortsætte,
dlg_select_battery_sensor,string,,Select Battery Sensor,Vælg Batterisensor,
dlg_select_door_sensor,string,,Select Door Sensor,Vælg Dørsensor,
dlg_select_empty_bin_control,string,,Select Empty Bin Control,Vælg Empty Bin Control,
dlg_select_entities,string,,Select Entities,Vælg Enheder,
dlg_select_entity,string,,Select Entity,Vælg Entitet,
dlg_select_map_camera,string,,Select Map Camera,Vælg Kortkamera,
dlg_select_media_players,string,,Select Media Players,Vælg Medieafspillere,
dlg_select_running_state_entity,string,,Select running-state entity,Vælg enheden i kørende tilstand,
dlg_select_target_entity,string,,Select Target Entity,Vælg Målenhed,
dlg_select_the_alarm_panels_summarized_by_this_pill,string,,Select the alarm panels summarized by this pill,Vælg alarmpanelerne opsummeret af denne pille,
dlg_select_vacuum_entity,string,,Select Vacuum Entity,Vælg Vacuum Entity,
dlg_select_water_level,string,,Select Water Level,Vælg Vandstand,
dlg_selected,string,,%1$s · Selected,%1$s · Valgt,keep %1$s
dlg_set,string,,Set,Sæt,
dlg_shape,string,,Shape,Form,
dlg_shape_visible_information_and_icon_behavior,string,,"Shape, visible information, and icon behavior","Form, synlig information og ikonadfærd",
dlg_show_a_descending_timer_when_the_value_is_a,string,,"Show a descending timer when the value is a completion time (e.g. a washer/dryer finish time). Active while counting, off at zero.","Vis en faldende timer, når værdien er en færdiggørelsestid (f.eks. sluttidspunktet for en vaskemaskine/tørretumbler). Aktiv mens der tælles, slukket ved nul.",
dlg_show_a_live_radar_rain_map_card_a_camera,string,,Show a live radar/rain map card — a camera entity or an embedded web page (iframe),Vis et live radar-/regnkort - en kameraenhed eller en integreret webside (iframe),
dlg_show_badge_bar,string,,Show badge bar,Vis badge bar,
dlg_show_the_entity_s_state_or_one_of_its,string,,"Show the entity's state, or one of its attributes instead.",Vis enhedens tilstand eller en af dens attributter i stedet for.,
dlg_side_split_alignment,string,,Side (split alignment),Side (opdelt justering),
dlg_snapshot,string,,Snapshot,Snapshot,
dlg_span_badges,string,,Span badges,Span badges,
dlg_speed,string,,SPEED,HASTIGHED,
dlg_start,string,,Start: %1$s,Start: %1$s,keep %1$s
dlg_start_with_a_useful_recipe_then_adjust_each_step,string,,"Start with a useful recipe, then adjust each step","Start med en nyttig opskrift, og juster derefter hvert trin",
dlg_state,string,,State,Tilstand,
dlg_state_text,string,,State text,Angiv tekst,
dlg_switch,string,,SWITCH,SKIFTE,
dlg_tap_hold_and_dialog_quick_actions,string,,"Tap, hold, and dialog quick actions","Tryk, hold og dialog hurtige handlinger",
dlg_target_range_percent,string,,TARGET (%1$s–%2$s%%),MÅL (%1$s–%2$s%%),keep %1$s %2$s
dlg_target,string,,Target,Mål,
dlg_target_entity_optional,string,,Target entity (optional),Målenhed (valgfrit),
dlg_temperature,string,,Temperature,Temperatur,
dlg_temperature_and_humidity_sources_for_the_room,string,,Temperature and humidity sources for the room,Temperatur- og fugtkilder til rummet,
dlg_value_with_unit,string,,%1$s%2$s,%1$s%2$s,keep %1$s %2$s
dlg_negative_value,string,,-%1$s,-%1$s,keep %1$s
dlg_spaced_temperature,string,,  %1$s°,%1$s°,keep %1$s; keep the space at the start/end
dlg_value_and_unit,string,,%1$s %2$s,%1$s %2$s,keep %1$s %2$s
dlg_temperature_value,string,,%1$s°,%1$s°,keep %1$s
dlg_updating_value,string,,%1$s…,%1$s...,keep %1$s
dlg_sentence_pair,string,,%1$s. %2$s,%1$s. %2$s,keep %1$s %2$s
dlg_labeled_value_unit,string,,%1$s: %2$s%3$s,%1$s: %2$s%3$s,keep %1$s %2$s %3$s
dlg_selected_value,string,,✓ %1$s,✓ %1$s,keep %1$s
dlg_zoom_multiplier,string,,%1$s×,%1$s×,keep %1$s
dlg_page_of_pages,string,,%1$s/%2$s,%1$s/%2$s,keep %1$s %2$s
dlg_labeled_value,string,,%1$s: %2$s,%1$s: %2$s,keep %1$s %2$s
dlg_percentage,string,,%1$s%%,%1$s%%,keep %1$s
dlg_that_profile,string,,that profile,den profil,
dlg_the_exact_dates_you_pick_leave_a_bound_as,string,,"The exact dates you pick. Leave a bound as ""Any"" for an open-ended range.","De nøjagtige datoer, du vælger. Efterlad en grænse som ""Alle"" for et åbent område.",
dlg_the_room_header_and_card_show_a_single_player,string,,"The room header and card show a single player's media, or an active-player count when multiple players are selected.","Rummets overskrift og kortet viser en enkelt spillers medie eller et antal aktive spillere, når der er valgt flere spillere.",
dlg_thermostat_dial,string,,Thermostat dial,Termostatskive,
dlg_this_action_does_not_use_an_entity_target,string,,This action does not use an entity target.,Denne handling bruger ikke et enhedsmål.,
dlg_this_action_has_no_required_target_or_additional_fields,string,,This action has no required target or additional fields.,Denne handling har ingen obligatoriske mål eller yderligere felter.,
dlg_this_automation_is_managed_outside_home_assistant_s_ui,string,,"This automation is managed outside Home Assistant's UI (usually YAML). HKI7 can show it, but will not overwrite it.","Denne automatisering styres uden for Home Assistants brugergrænseflade (normalt YAML). HKI7 kan vise det, men vil ikke overskrive det.","don't translate Home Assistant, HKI7"
dlg_this_entity,string,,This entity,Denne enhed,
dlg_this_light_is_paused_for_manual_control,string,,This light is paused for manual control.,Dette lys er sat på pause for manuel styring.,
dlg_this_removes_all_imported_rooms_and_floors_from_this,string,,This removes all imported rooms and floors from this view.,Dette fjerner alle importerede rum og etager fra denne visning.,
dlg_this_removes_the_native_automation_from_home_assistant_thi,string,,This removes the native automation from Home Assistant. This cannot be undone from HKI7.,Dette fjerner den oprindelige automatisering fra Home Assistant. Dette kan ikke fortrydes fra HKI7.,"don't translate Home Assistant, HKI7"
dlg_time,string,,Time,Tid,
dlg_to_state,string,,To state,At oplyse,
dlg_turn_on,string,,Turn On,Tænd,
dlg_unit,string,,Unit,Enhed,
dlg_untitled,string,,Untitled,Uden titel,
dlg_url_https,string,,URL (https://…),URL (https://...),
dlg_vacuum_entities,string,,Vacuum entities,Vakuum enheder,
dlg_vertical_slider,string,,Vertical slider,Lodret skyder,
dlg_visibility,string,,Visibility,Sigtbarhed,
dlg_visibility_alignment_and_overflow_behavior,string,,"Visibility, alignment, and overflow behavior","Synlighed, justering og overløbsadfærd",
dlg_visible_during,string,,Visible during,Synlig under,
dlg_waiting_for_home_assistant,string,,Waiting for Home Assistant,Venter på Home Assistant,don't translate Home Assistant
dlg_wallpaper_and_optional_custom_color,string,,Wallpaper and optional custom color,Tapet og valgfri brugerdefineret farve,
dlg_wallpaper_url_or_path,string,,Wallpaper URL or path,Baggrunds URL eller sti,
dlg_water_value,string,,Water: %1$s,Vand: %1$s,keep %1$s
dlg_water,string,,Water,Vand,
dlg_weather_details,string,,Weather details,Vejr detaljer,
dlg_weather_entities,string,,Weather entities,Vejret enheder,
dlg_when,string,,When,Når,
dlg_when_and_if_then,string,,When · And if · Then,Hvornår · Og hvis · Så,
dlg_widget_width,string,,Widget width,Widget bredde,
dlg_wind,string,,Wind,Vind,
dlg_any,string,,Any,Enhver,
dlg_once,string,,Once,Engang,
dlg_daily,string,,Daily,Daglig,
dlg_weekly,string,,Weekly,Ugentlig,
dlg_monthly,string,,Monthly,Månedlig,
dlg_yearly,string,,Yearly,Årligt,
dlg_default,string,,Default,Misligholdelse,
dlg_toggle,string,,Toggle,Skift,
dlg_more_information,string,,More information,Mere information,
dlg_navigate,string,,Navigate,Navigere,
dlg_url,string,,URL,URL,
dlg_home,string,,Home,Hjem,
dlg_rooms,string,,Rooms,Værelser,
dlg_energy,string,,Energy,Energi,
dlg_climate,string,,Climate,Klima,
dlg_security,string,,Security,Sikkerhed,
dlg_battery,string,,Battery,Batteri,
dlg_settings,string,,Settings,Indstillinger,
dlg_room_value,string,,Room · %1$s,Værelse · %1$s,keep %1$s
dlg_could_not_load_home_assistant_actions,string,,Could not load Home Assistant actions,Kunne ikke indlæse Home Assistant handlinger,don't translate Home Assistant
dlg_show_entity_default_this_one,string,,Show entity (default: this one),Vis enhed (standard: denne),
dlg_target_entity_default_this_one,string,,Target entity (default: this one),Målenhed (standard: denne),
dlg_select_destination,string,,Select destination,Vælg destination,
dlg_choose_target,string,,Choose target,Vælg mål,
dlg_target_and_action_data,string,,Target and action data,Mål- og handlingsdata,
dlg_tap,string,,Tap,Tryk på,
dlg_hold,string,,Hold,Holde,
dlg_double_tap,string,,Double tap,Dobbelttryk,
dlg_alarm_disarmed,string,,Disarmed,Afvæbnet,
dlg_alarm_armed_home,string,,Armed home,Bevæbnet hjem,
dlg_alarm_armed_away,string,,Armed away,Bevæbnet væk,
dlg_alarm_armed_night,string,,Armed night,Bevæbnet nat,
dlg_alarm_armed_vacation,string,,Armed vacation,Bevæbnet ferie,
dlg_alarm_armed_custom,string,,Armed (custom),Bevæbnet (brugerdefineret),
dlg_alarm_arming,string,,Arming…,Tilkobler...,
dlg_alarm_disarming,string,,Disarming…,Afvæbner...,
dlg_alarm_triggered,string,,TRIGGERED,UDLØST,
dlg_alarm_disarmed_message,string,,Alarm disarmed,Alarmen deaktiveret,
dlg_alarm_command,string,,Alarm command,Alarm kommando,
dlg_alarm_command_accepted,string,,%1$s accepted,%1$s accepteret,keep %1$s
dlg_alarm_command_failed,string,,Command failed. Check the code and try again.,"Kommandoen mislykkedes. Tjek koden, og prøv igen.",
dlg_alarm_arming_cancelled,string,,Arming cancelled,Tilkobling annulleret,
dlg_alarm_cancel_failed,string,,Cancellation failed. Check the code and try again.,"Annullering mislykkedes. Tjek koden, og prøv igen.",
dlg_alarm_arm_home,string,,Arm home,Arm hjem,
dlg_alarm_arm_away,string,,Arm away,Arm væk,
dlg_alarm_arm_night,string,,Arm night,Arm nat,
dlg_alarm_arm_custom,string,,Arm custom,Arm tilpasset,
dlg_alarm_arm_vacation,string,,Arm vacation,Arm ferie,
dlg_alarm_disarm,string,,Disarm,Afvæbne,
dlg_room_configuration,string,,Room configuration,Rumkonfiguration,
dlg_choose_room_area_to_configure,string,,Choose a room area to configure,Vælg et rumområde at konfigurere,
dlg_focused_room_options,string,,Options for this room area,Muligheder for dette rumområde,
dlg_general,string,,General,Generel,
dlg_name_and_icon,string,,Name and icon,Navn og ikon,
dlg_header,string,,Header,Overskrift,
dlg_wallpaper_and_custom_color,string,,Wallpaper and custom color,Tapet og tilpasset farve,
dlg_badge_bar,string,,Badge bar,Badge bar,
dlg_alignment_and_display_options,string,,Alignment and display options,Justerings- og visningsmuligheder,
dlg_assign_room_to_floor,string,,Assign this room to a floor,Tildel dette rum til en etage,
dlg_room_status,string,,Room status,Værelsesstatus,
dlg_room_status_summary,string,,"Media, activity, safety, and climate indicators","Medier, aktivitet, sikkerhed og klimaindikatorer",
dlg_reimport_from_home_assistant,string,,Re-import from Home Assistant,Genimport fra Home Assistant,don't translate Home Assistant
dlg_import_or_rebuild_rooms,string,,Import new rooms or rebuild every room,Importer nye lokaler eller genopbyg hvert værelse,
dlg_clear_rooms_view_action,string,,Clear rooms view,Klar udsigt til værelserne,
dlg_remove_imported_rooms_and_floors,string,,Remove imported rooms and floors,Fjern importerede rum og gulve,
dlg_room,string,,Room,Værelse,
dlg_split,string,,Split,Dele,
dlg_center,string,,Center,Centrum,
dlg_doors,string,,Doors,Døre,
dlg_windows,string,,Windows,Windows,
dlg_motion,string,,Motion,Bevægelse,
dlg_presence,string,,Presence,Tilstedeværelse,
dlg_lights,string,,Lights,Lys,
dlg_devices,string,,Devices,Enheder,
dlg_smoke,string,,Smoke,Røg,
dlg_gas,string,,Gas,Gas,
dlg_fire,string,,Fire,Brand,
dlg_full,string,,Full,Fuld,
dlg_half,string,,Half,Halv,
dlg_third,string,,Third,Tredje,
dlg_choose_vacuum_entity_instead,string,,Choose a vacuum entity instead,Vælg en vakuumenhed i stedet for,
dlg_camera_live_page,string,,%1$d/%2$d · Live,%1$d/%2$d · Live,keep %1$d %2$d
dlg_weather,string,,Weather,Vejr,
dlg_weather_and_season,string,,%1$s · %2$s,%1$s · %2$s,keep %1$s %2$s
dlg_weather_state_clear_night,string,,Clear night,Klar nat,
dlg_weather_state_cloudy,string,,Cloudy,Overskyet,
dlg_weather_state_exceptional,string,,Exceptional,Enestående,
dlg_weather_state_fog,string,,Fog,Tåge,
dlg_weather_state_hail,string,,Hail,Hagl,
dlg_weather_state_lightning,string,,Lightning,Lyn,
dlg_weather_state_lightning_rainy,string,,Thunderstorms,Tordenvejr,
dlg_weather_state_partly_cloudy,string,,Partly cloudy,Delvist skyet,
dlg_weather_state_pouring,string,,Pouring rain,Silende regn,
dlg_weather_state_rainy,string,,Rainy,Regnfuld,
dlg_weather_state_snowy,string,,Snowy,Snefyldt,
dlg_weather_state_snowy_rainy,string,,Sleet,Slud,
dlg_weather_state_sunny,string,,Sunny,Solrig,
dlg_weather_state_windy,string,,Windy,Blæsende,
dlg_weather_state_windy_variant,string,,Windy and cloudy,Blæst og overskyet,
dlg_selected_entities_summary,plural,one,%1$d selected · %2$s,%1$d valgt · %2$s,keep %1$d %2$s
dlg_selected_entities_summary,plural,other,%1$d selected · %2$s,%1$d valgt · %2$s,keep %1$d %2$s
dlg_action_data_value_summary,plural,one,%1$s · %2$d data value,%1$s · %2$d dataværdi,keep %1$s %2$d
dlg_action_data_value_summary,plural,other,%1$s · %2$d data values,%1$s · %2$d dataværdier,keep %1$s %2$d
dlg_seconds_short,plural,one,%d sec,%d sek,keep %d
dlg_seconds_short,plural,other,%d sec,%d sek,keep %d
dlg_arming_in_seconds,plural,one,Arming in %d second,Tilkobling om %d sekund,keep %d
dlg_arming_in_seconds,plural,other,Arming in %d seconds,Tilkobling om %d sekunder,keep %d
energy_extra_sensors,string,,Energy sensors,Energisensorer,
energy_extra_settings,string,,Energy settings,Energiindstillinger,
energy_extra_previous_period,string,,Previous period,Tidligere periode,
energy_extra_next_period,string,,Next period,Næste periode,
energy_extra_empty_view_hint,string,,This energy view is empty. Swipe down on the header and open Energy settings to add entities manually.,"Dette energisyn er tomt. Stryg ned på overskriften, og åbn Energiindstillinger for at tilføje enheder manuelt.",
energy_extra_electricity,string,,Electricity,Elektricitet,
energy_extra_solar,string,,Solar,Solar,
energy_extra_home,string,,Home,Hjem,
energy_extra_battery,string,,Battery,Batteri,
energy_extra_gas,string,,Gas,Gas,
energy_extra_city_heating,string,,City heating,Byvarme,
energy_extra_water,string,,Water,Vand,
energy_extra_energy,string,,Energy,Energi,
energy_extra_power,string,,Power,Magt,
energy_extra_carbon,string,,Carbon,Kulstof,
energy_extra_devices,string,,Devices,Enheder,
energy_extra_device,string,,Device,Enhed,
energy_extra_importing,string,,Importing,Importerer,
energy_extra_exporting,string,,Exporting,Eksporterer,
energy_extra_idle,string,,Idle,Ledig,
energy_extra_charging,string,,Charging,Opladning,
energy_extra_discharging,string,,Discharging,Afladning,
energy_extra_producing,string,,Producing,Producerer,
energy_extra_consuming,string,,Consuming,Forbrugende,
energy_extra_grid_idle,string,,Grid idle,Gitter i tomgang,
energy_extra_importing_power,string,,Importing power,Import af kraft,
energy_extra_exporting_power,string,,Exporting power,Eksport af kraft,
energy_extra_battery_supporting,string,,Battery supplying power,Batteri leverer strøm,
energy_extra_battery_charging,string,,Battery charging,Batteriopladning,
energy_extra_solar_producing,string,,Solar producing,Solar producerende,
energy_extra_home_consuming,string,,Home consuming,Hjem forbrugende,
energy_extra_energy_idle,string,,Energy idle,Energi tomgang,
energy_extra_today_value,string,,%1$s today,%1$s i dag,keep %1$s
energy_extra_used_period,string,,Used %1$s,Brugt %1$s,keep %1$s
energy_extra_produced_period,string,,Produced %1$s,Produceret %1$s,keep %1$s
energy_extra_fossil_percentage,string,,%1$s%% fossil,%1$s%% fossil,keep %1$s
energy_extra_self_used_percentage,string,,Self-used · %1$d%%,Selvbrugt · %1$d%%,keep %1$d
energy_extra_electricity_total,string,,Electricity total,Elektricitet i alt,
energy_extra_top_consumers,string,,Top consumers,Topforbrugere,
energy_extra_device_energy,string,,Device energy,Enhedens energi,
energy_extra_individual_water_usage,string,,Individual water usage,Individuelt vandforbrug,
energy_extra_production,string,,Production,Produktion,
energy_extra_forecast,string,,Forecast,Vejrudsigt,
energy_extra_inverters,string,,Inverters,Invertere,
energy_extra_now,string,,Now,Nu,
energy_extra_usage,string,,Usage,Brug,
energy_extra_total,string,,Total,Total,
energy_extra_cost,string,,Cost,Koste,
energy_extra_charge,string,,Charge,Oplade,
energy_extra_grid_flow,string,,Grid flow,Grid flow,
energy_extra_self_sufficient,string,,Self-sufficient,Selvforsynende,
energy_extra_carbon_footprint,string,,Carbon footprint,Carbon fodaftryk,
energy_extra_self_used,string,,Self-used,Selvbrugt,
energy_extra_last_seven_days,string,,Last 7 days,Sidste 7 dage,
energy_extra_lifetime,string,,Lifetime,Livstid,
energy_extra_power_per_phase,string,,Power per phase,Strøm pr. fase,
energy_extra_tariff_meter_readings,string,,Tariff meter readings,Tarifmåleraflæsninger,
energy_extra_tariff_one,string,,Tariff 1,Takst 1,
energy_extra_tariff_two,string,,Tariff 2,Takst 2,
energy_extra_solar_production,string,,Solar production,Solcelleproduktion,
energy_extra_category_overview,string,,Overview,Oversigt,
energy_extra_category_electricity_subtitle,string,,"Grid power, phases, import/export, tariffs, and cost","Netstrøm, faser, import/eksport, tariffer og omkostninger",
energy_extra_category_solar_subtitle,string,,"Production, forecast, and inverter device","Produktion, prognose og inverter enhed",
energy_extra_category_battery_subtitle,string,,Charge level and battery power,Opladningsniveau og batteristrøm,
energy_extra_category_carbon_subtitle,string,,Grid carbon-footprint device,Grid carbon-footprint enhed,
energy_extra_category_usage_cost_subtitle,string,,Usage and cost,Anvendelse og omkostninger,
energy_extra_category_devices_subtitle,string,,"Power, energy, and individual water devices","Strøm, energi og individuelle vandenheder",
energy_extra_category_city_heating_subtitle,string,,"Heat energy, current output, and cost","Varmeenergi, strømudgang og omkostninger",
energy_extra_card_live_source_tiles,string,,Live source tiles,Live source fliser,
energy_extra_card_electricity_totals_usage,string,,Electricity totals and usage,Elektricitet i alt og forbrug,
energy_extra_card_home_battery,string,,Home battery,Hjemmebatteri,
energy_extra_card_gas_usage,string,,Gas usage,Gasforbrug,
energy_extra_card_city_heating_usage,string,,City-heating usage,Brug af byvarme,
energy_extra_card_water_usage,string,,Water usage,Vandforbrug,
energy_extra_card_device_energy_bars,string,,Device energy bars,Enhedens energibarer,
energy_extra_select_energy_cards,string,,Select energy cards,Vælg energikort,
energy_extra_role_grid_power,string,,Grid power (W),Neteffekt (W),
energy_extra_role_home_power,string,,Home power (W),Hjemmestrøm (W),
energy_extra_role_solar_power,string,,Solar power (W),Solenergi (W),
energy_extra_role_battery_power,string,,Battery power (W),Batteristyrke (W),
energy_extra_role_battery_level,string,,Battery level (%),Batteriniveau (%),
energy_extra_role_grid_import,string,,Grid import (kWh),Netimport (kWh),
energy_extra_role_grid_export,string,,Grid export (kWh),Neteksport (kWh),
energy_extra_role_solar_production,string,,Solar production (kWh),Solproduktion (kWh),
energy_extra_role_phase_one_power,string,,Phase 1 power,Fase 1 strøm,
energy_extra_role_phase_two_power,string,,Phase 2 power,Fase 2 strøm,
energy_extra_role_phase_three_power,string,,Phase 3 power,Fase 3 strøm,
energy_extra_role_import_meter_tariff_one,string,,Import meter tariff 1,Importmålertakst 1,
energy_extra_role_import_meter_tariff_two,string,,Import meter tariff 2,Importmålertakst 2,
energy_extra_role_export_meter_tariff_one,string,,Export meter tariff 1,Eksportmålertakst 1,
energy_extra_role_export_meter_tariff_two,string,,Export meter tariff 2,Eksportmålertakst 2,
energy_extra_role_energy_cost,string,,Energy cost,Energiomkostninger,
energy_extra_role_gas_total,string,,Gas total (m³),Gas i alt (m³),
energy_extra_role_gas_flow_now,string,,Gas flow (now),Gasflow (nu),
energy_extra_role_gas_cost,string,,Gas cost,Gas omkostninger,
energy_extra_role_water_total,string,,Water total,Vand i alt,
energy_extra_role_water_flow_now,string,,Water flow (now),Vandgennemstrømning (nu),
energy_extra_role_water_cost,string,,Water cost,Vand omkostninger,
energy_extra_role_individual_water_devices,string,,Individual water devices,Individuelle vandapparater,
energy_extra_role_power_devices,string,,Power devices,Strøm enheder,
energy_extra_role_energy_devices,string,,Energy devices,Energiapparater,
energy_extra_sensor_current_power_import,string,,"Current power (W, + = import)","Nuværende effekt (W, + = import)",
energy_extra_sensor_power_phase_one,string,,Power phase 1 (W),Effektfase 1 (W),
energy_extra_sensor_power_phase_two,string,,Power phase 2 (W),Effektfase 2 (W),
energy_extra_sensor_power_phase_three,string,,Power phase 3 (W),Effektfase 3 (W),
energy_extra_sensor_current_phase_one,string,,Current phase 1 (A),Nuværende fase 1 (A),
energy_extra_sensor_current_phase_two,string,,Current phase 2 (A),Nuværende fase 2 (A),
energy_extra_sensor_current_phase_three,string,,Current phase 3 (A),Nuværende fase 3 (A),
energy_extra_sensor_voltage_phase_one,string,,Voltage phase 1 (V),Spændingsfase 1 (V),
energy_extra_sensor_voltage_phase_two,string,,Voltage phase 2 (V),Spændingsfase 2 (V),
energy_extra_sensor_voltage_phase_three,string,,Voltage phase 3 (V),Spændingsfase 3 (V),
energy_extra_sensor_home_consumption_power,string,,Home consumption power (W),Strømforbrug i hjemmet (W),
energy_extra_sensor_energy_import,string,,Energy import (kWh),Energiimport (kWh),
energy_extra_sensor_energy_import_tariff_one,string,,Energy import tariff 1 (kWh),Energiimporttakst 1 (kWh),
energy_extra_sensor_energy_import_tariff_two,string,,Energy import tariff 2 (kWh),Energiimporttakst 2 (kWh),
energy_extra_sensor_energy_export,string,,Energy export (kWh),Energieksport (kWh),
energy_extra_sensor_energy_export_tariff_one,string,,Energy export tariff 1 (kWh),Energieksporttarif 1 (kWh),
energy_extra_sensor_energy_export_tariff_two,string,,Energy export tariff 2 (kWh),Energieksporttarif 2 (kWh),
energy_extra_sensor_energy_cost_today,string,,Energy cost today,Energiomkostninger i dag,
energy_extra_sensor_current_power_production,string,,Current power production (W),Nuværende strømproduktion (W),
energy_extra_sensor_energy_production_today,string,,Energy production today (kWh),Energiproduktion i dag (kWh),
energy_extra_sensor_energy_production_seven_days,string,,Energy production over the last 7 days,Energiproduktion over de sidste 7 dage,
energy_extra_sensor_lifetime_energy_production,string,,Lifetime energy production,Livsvarig energiproduktion,
energy_extra_sensor_battery_power_charging,string,,"Battery power (W, + = charging)","Batteristyrke (W, + = opladning)",
energy_extra_sensor_gas_used_today,string,,Gas used today (m³),Gas brugt i dag (m³),
energy_extra_sensor_current_gas_flow,string,,"Current gas flow (m³/h, optional)","Aktuel gasstrøm (m³/h, valgfri)",
energy_extra_sensor_gas_cost_today,string,,Gas cost today,Gasprisen i dag,
energy_extra_sensor_city_heating_total,string,,Heat energy total (J/MJ/GJ/kWh),Total varmeenergi (J/MJ/GJ/kWh),
energy_extra_sensor_city_heating_current,string,,Current heat output (optional),Aktuel varmeydelse (valgfrit),
energy_extra_sensor_city_heating_cost,string,,City-heating cost,By-opvarmning omkostninger,
energy_extra_estimated_gas_equivalent,string,,Estimated gas equivalent,Estimeret gasækvivalent,
energy_extra_estimated_gas_note,string,,Based on 35.17 MJ per m³ of natural gas,"Baseret på 35,17 MJ pr. m³ naturgas",
energy_extra_sensor_water_used_today,string,,Water used today (L/m³),Vand brugt i dag (L/m³),
energy_extra_sensor_current_water_flow,string,,"Current water flow (L/min, optional)","Aktuel vandstrøm (L/min, valgfri)",
energy_extra_sensor_water_cost_today,string,,Water cost today,Vand koster i dag,
energy_extra_picker_top_consumer_devices,string,,Top-consumer devices,Topforbrugerenheder,
energy_extra_picker_device_energy_counters,string,,Device energy counters,Enhedens energitællere,
energy_extra_auto_power_sensors_help,string,,All sensors with device_class power are included automatically. Remove a device to create your own list.,Alle sensorer med device_class power medfølger automatisk. Fjern en enhed for at oprette din egen liste.,
energy_extra_auto_energy_sensors_help,string,,All sensors with device_class energy are included automatically. Their counter changes are used for the selected period.,Alle sensorer med device_class energi inkluderes automatisk. Deres tællerændringer bruges i den valgte periode.,
energy_extra_currency,string,,Currency,Valuta,
energy_extra_currency_subtitle,string,,Which currency the cost stats are shown in,Hvilken valuta omkostningsstatistikken vises i,
energy_extra_currency_search,string,,Search currencies,Søg i valutaer,
energy_extra_currency_automatic,string,,Automatic,Automatisk,
energy_extra_currency_automatic_subtitle,string,,"Follow your cost sensors, then your device region",Følg dine prissensorer og derefter din enhedsregion,
energy_extra_currency_automatic_value,string,,Automatic (%1$s),Automatisk (%1$s),keep %1$s
energy_extra_currency_manual_value,string,,%1$s (%2$s),%1$s (%2$s),keep %1$s %2$s
energy_extra_energy_card,string,,Energy card,Energikort,
energy_extra_energy_card_subtitle,string,,Data sources and card appearance,Datakilder og kortets udseende,
energy_extra_card_and_data,string,,Card and data,Kort og data,
energy_extra_energy_stack,string,,Energy stack,Energi stak,
energy_extra_energy_stack_subtitle,string,,"Cards, data sources, and layout","Kort, datakilder og layout",
energy_extra_cards_and_data,string,,Cards and data,Kort og data,
events_tab,string,,Events,Begivenheder,
events_empty,string,,No events yet,Ingen begivenheder endnu,
events_empty_hint,string,,Recent activity for the entities your family admin added to the timeline appears here.,"Seneste aktivitet for de enheder, som din familieadministrator har føjet til tidslinjen, vises her.",
events_not_configured,string,,No events are being tracked,Ingen begivenheder spores,
events_not_configured_admin,string,,Choose which entities appear here in Settings › Family Sharing › Events.,"Vælg, hvilke enheder der skal vises her i Indstillinger › Familiedeling › Begivenheder.",
events_not_configured_member,string,,Your family admin decides which entities appear here.,"Din familieadministrator bestemmer, hvilke enheder der skal vises her.",
events_unavailable,string,,The event timeline needs HKI 7 Cloud %1$s.,Hændelsens tidslinje skal bruge HKI 7 Cloud %1$s.,keep %1$s; don't translate HKI 7 Cloud
events_set_up_button,string,,Choose entities,Vælg enheder,
events_no_matches,string,,No matching events,Ingen matchende begivenheder,
events_loading,string,,Loading events…,Indlæser begivenheder...,
events_today,string,,Today,I dag,
events_yesterday,string,,Yesterday,I går,
events_by,string,,by %1$s,af %1$s,keep %1$s
events_filter_all,string,,All,Alle,
event_category_door,string,,Doors,Døre,
event_category_window,string,,Windows,Windows,
event_category_motion,string,,Motion,Bevægelse,
event_category_moisture,string,,Water,Vand,
event_category_safety,string,,Smoke & gas,Røg & gas,
event_category_problem,string,,Problems,Problemer,
event_category_battery,string,,Batteries,Batterier,
event_category_connectivity,string,,Connectivity,Forbindelse,
event_category_light,string,,Lights,Lys,
event_category_switch,string,,Switches,Afbrydere,
event_category_lock,string,,Locks,Låse,
event_category_cover,string,,Covers,Covers,
event_category_climate,string,,Climate,Klima,
event_category_presence,string,,People,Mennesker,
event_category_alarm,string,,Alarm,Alarm,
event_category_media,string,,Media,Medier,
event_category_vacuum,string,,Vacuum,Vakuum,
event_category_automation,string,,Automations,Automatiseringer,
event_category_sensor,string,,Sensors,Sensorer,
event_verb_opened,string,,was opened,blev åbnet,
event_verb_closed,string,,was closed,blev lukket,
event_verb_opening,string,,is opening,åbner,
event_verb_closing,string,,is closing,er ved at lukke,
event_verb_locked,string,,was locked,var låst,
event_verb_unlocked,string,,was unlocked,blev låst op,
event_verb_motion_detected,string,,detected motion,registreret bevægelse,
event_verb_motion_cleared,string,,stopped detecting motion,holdt op med at registrere bevægelse,
event_verb_moisture_detected,string,,detected moisture,opdaget fugt,
event_verb_moisture_cleared,string,,is dry again,er tør igen,
event_verb_alarm_detected,string,,raised an alarm,slog alarm,
event_verb_alarm_cleared,string,,cleared,ryddet,
event_verb_problem_detected,string,,reported a problem,rapporteret et problem,
event_verb_problem_cleared,string,,is back to normal,er tilbage til normalen,
event_verb_battery_low,string,,reported a low battery,rapporterede et lavt batteri,
event_verb_battery_normal,string,,has a healthy battery again,har et sundt batteri igen,
event_verb_connected,string,,came online,kom online,
event_verb_disconnected,string,,went offline,gik offline,
event_verb_turned_on,string,,was turned on,var tændt,
event_verb_turned_off,string,,was turned off,var slukket,
event_verb_detected,string,,was triggered,blev udløst,
event_verb_cleared,string,,cleared,ryddet,
event_verb_arrived_home,string,,arrived home,kommet hjem,
event_verb_left_home,string,,left home,forlod hjemmet,
event_verb_arrived_at,string,,arrived at %1$s,ankom til %1$s,keep %1$s
event_verb_disarmed,string,,was disarmed,blev afvæbnet,
event_verb_armed,string,,was armed,var bevæbnet,
event_verb_arming,string,,is arming,bevæbner,
event_verb_pending,string,,is counting down,tæller ned,
event_verb_triggered,string,,was triggered,blev udløst,
event_verb_set_to,string,,was set to %1$s,blev indstillet til %1$s,keep %1$s
event_verb_started_cleaning,string,,started cleaning,begyndte at gøre rent,
event_verb_returning_to_dock,string,,is returning to its dock,vender tilbage til sin kaj,
event_verb_docked,string,,docked,forankret,
event_verb_started_playing,string,,started playing,begyndte at spille,
event_verb_paused,string,,was paused,blev sat på pause,
event_verb_stopped,string,,stopped,stoppet,
event_verb_generic,string,,changed to %1$s,ændret til %1$s,keep %1$s
ui_0f_s_788ca6f,string,,%.0f %s,%.0f %s,keep %.0f %s
ui_1_advanced_shorthand_block_kept_unchanged_d4dcbd7,string,,1 advanced shorthand block (kept unchanged),1 avanceret stenografiblok (holdes uændret),
ui_1f_16b5d7d,string,,%.1f,%.1f,keep %.1f
ui_1f_b07a377,string,,%.1f°,%.1f°,keep %.1f
ui_1f_c_5b83308,string,,%.1f °C,%.1f °C,keep %.1f
ui_1f_kwh_507c039,string,,%.1f kWh,%.1f kWh,keep %.1f
ui_1f_kwh_self_used_b4798a5,string,, · %%.1f kWh self-used (%1$s%%%%),· %%.1f kWh selvbrugt (%1$s%%%%),keep %1$s; keep the space at the start/end
ui_1f_of_1f_kwh_d_00c25f6,string,,%.1f of %.1f kWh · %d%%,%.1f af %.1f kWh · %d%%,keep %.1f %d
ui_1f_s_0cafc63,string,,%.1f %s,%.1f %s,keep %.1f %s
ui_24_hour_format_b195a8f,string,,24-Hour Format,24-timers format,
ui_2f_kwh_76c1688,string,,%.2f kWh,%.2f kWh,keep %.2f
ui_a_fast_auto_generating_dashboard_for_home_assistant_let_0fad4a9,string,,"A fast, auto-generating dashboard for Home Assistant\nLet's connect to your server.","Et hurtigt, autogenererende dashboard til Home Assistant\nLad os oprette forbindelse til din server.",don't translate Home Assistant; \n = line break
ui_a_modern_touch_first_android_dashboard_and_companion_for_814cbdb,string,,"A modern, touch-first Android dashboard and companion for Home Assistant.","Et moderne, touch-first Android-dashboard og ledsager til Home Assistant.",don't translate Home Assistant
ui_about_6b21fb7,string,,About,Om,
ui_accidental_touch_protection_e2683f4,string,,Accidental-touch protection,Beskyttelse mod utilsigtet berøring,
ui_account_85dfa32,string,,Account,Konto,
ui_action_49924bc,string,,%1$s action,%1$s handling,keep %1$s
ui_action_97c89a4,string,,Action,Handling,
ui_action_data_e5a7704,string,,Action data,Handlingsdata,
ui_action_data_object_8850c05,string,,Action data object,Handlingsdataobjekt,
ui_action_details_d623b1c,string,,Action details,Handlingsdetaljer,
ui_active_0af2854,string,,%1$s · %2$s active,%1$s · %2$s aktiv,keep %1$s %2$s
ui_active_25ff32f,string,,%1$s/%2$s active,%1$s/%2$s aktiv,keep %1$s %2$s
ui_active_a733b80,string,,Active,Aktiv,
ui_active_c7260b5,string,,%1$s%% • ACTIVE,%1$s%% • AKTIV,keep %1$s
ui_active_connection_54db7a1,string,,Active connection,Aktiv forbindelse,
ui_activity_81c0d91,string,,Activity,Aktivitet,
ui_activity_indication_and_collapsing_0764a94,string,,Activity indication and collapsing,Aktivitetsindikation og kollaps,
ui_adapt_now_c30eb08,string,,Adapt now,Tilpas nu,
ui_adaptive_lighting_7587880,string,,Adaptive lighting,Adaptiv belysning,
ui_adaptive_lighting_e2cffbd,string,,Adaptive Lighting,Adaptiv belysning,
ui_adaptive_lighting_is_unavailable_6b9ada3,string,,Adaptive Lighting is unavailable,Adaptiv belysning er ikke tilgængelig,
ui_add_016df71,string,,Add (%1$s),Tilføj (%1$s),keep %1$s
ui_add_4_10_entity_buttons_to_this_dialog_s_cdedf23,string,,Add 4–10 entity buttons to this dialog's nav bar.,Tilføj 4-10 entitetsknapper til denne dialogs navigeringslinje.,
ui_add_61cc55a,string,,Add,Tilføje,
ui_add_and_edit_each_chart_in_this_stack_0c0cb11,string,,Add and edit each chart in this stack,Tilføj og rediger hvert diagram i denne stak,
ui_add_at_least_one_step_3620909,string,,Add at least one step,Tilføj mindst ét trin,
ui_add_button_3d7db43,string,,Add button,Tilføj knap,
ui_add_camera_cf03528,string,,Add Camera,Tilføj kamera,
ui_add_carrier_device_7945283,string,,Add carrier device,Tilføj mobilenhed,
ui_add_current_network_64cabf3,string,,"Add current network ""%1$s""","Tilføj nuværende netværk ""%1$s""",keep %1$s
ui_add_custom_buttons_83a0768,string,,Add Custom Buttons,Tilføj brugerdefinerede knapper,
ui_add_custom_camera_url_aab29ef,string,,Add Custom Camera URL,Tilføj tilpasset kamera-URL,
ui_add_entities_333152e,string,,Add entities,Tilføj enheder,
ui_add_entity_f99dc1d,string,,Add entity,Tilføj enhed,
ui_add_every_integration_account_that_should_contribute_parce_ce58afb,string,,Add every integration account that should contribute parcels,"Tilføj hver integrationskonto, der skal bidrage med pakker",
ui_add_floor_63c715d,string,,Add Floor,Tilføj gulv,
ui_add_graph_079e4ca,string,,Add graph,Tilføj graf,
ui_add_home_assistant_a6ccea8,string,,Add Home Assistant,Tilføj Home Assistant,don't translate Home Assistant
ui_add_home_assistant_instance_625838a,string,,Add Home Assistant instance,Tilføj Home Assistant forekomst,don't translate Home Assistant
ui_add_individual_water_meters_to_compare_their_usage_daec0de,string,,Add individual water meters to compare their usage.,Tilføj individuelle vandmålere for at sammenligne deres forbrug.,
ui_add_instance_step_df337b3,string,,add_instance_step,add_instance_step,
ui_add_more_for_a_full_row_ed977e3,string,,Add %1$s more for a full row.,Tilføj %1$s mere for en hel række.,keep %1$s
ui_add_one_focused_card_c2f2ed8,string,,Add one focused card,Tilføj et fokuseret kort,
ui_add_or_edit_entities_b59919b,string,,Add or edit entities,Tilføj eller rediger enheder,
ui_add_parcel_82c0bf8,string,,Add parcel,Tilføj pakke,
ui_add_parcel_bde8afb,string,,Add Parcel,Tilføj pakke,
ui_add_room_5a95991,string,,Add Room,Tilføj værelse,
ui_add_sensors_d6df16f,string,,Add sensors,Tilføj sensorer,
ui_add_to_cd52e85,string,,Add to %1$s,Føj til %1$s,keep %1$s
ui_add_widget_a9df350,string,,Add Widget,Tilføj widget,
ui_add_widget_dd4416e,string,,Add widget,Tilføj widget,
ui_adding_ffb2e62,string,,Adding…,Tilføjer...,
ui_admin_b38222e,string,,%1$s (admin),%1$s (admin),keep %1$s
ui_administrative_controls_for_your_home_assistant_server_e56ebd9,string,,Administrative controls for your Home Assistant server,Administrative kontroller til din Home Assistant-server,don't translate Home Assistant
ui_advanced_4d06472,string,,Advanced,Fremskreden,
ui_advanced_action_data_json_622e363,string,,Advanced action data (JSON),Avancerede handlingsdata (JSON),
ui_advanced_shorthand_blocks_kept_unchanged_aa253ae,string,,%1$s advanced shorthand blocks (kept unchanged),%1$s avancerede stenografiblokke (holdes uændret),keep %1$s
ui_aesthetic_changes_only_f31f444,string,,Aesthetic changes only,Kun æstetiske ændringer,
ui_aggregate_carriers_eae26c7,string,,Aggregate carriers,Samlede transportører,
ui_agree_ee68d34,string,,Agree,Enig,
ui_air_circulating_273e82b,string,,Air circulating,Luft cirkulerer,
ui_air_circulation_devices_a14e95d,string,,Air circulation devices,Luftcirkulationsanordninger,
ui_air_cleaning_devices_4364277,string,,Air cleaning devices,Luftrensningsapparater,
ui_air_purifiers_476147b,string,,Air purifiers,Luftrensere,
ui_air_purifiers_are_fan_entities_in_home_assistant_so_3fa4fdb,string,,"Air purifiers are fan entities in Home Assistant, so they can't be auto-detected. Select yours here.","Luftrensere er ventilatorenheder i Home Assistant, så de kan ikke registreres automatisk. Vælg din her.",don't translate Home Assistant
ui_airphase_1f2d2b6,string,,airPhase,airPhase,
ui_alarm_25f8c55,string,,Alarm,Alarm,
ui_alarm_entities_b462ba5,string,,Alarm entities,Alarmenheder,
ui_alarm_pending_e2c04aa,string,,Alarm pending,Alarm afventer,
ui_alarm_triggered_641ff6f,string,,Alarm triggered,Alarm udløst,
ui_alarm_unavailable_867909b,string,,Alarm unavailable,Alarmen er ikke tilgængelig,
ui_alignment_7f8c517,string,,Alignment,Justering,
ui_all_6a72085,string,,All,Alle,
ui_all_batteries_ok_9676f73,string,,All batteries OK,Alle batterier OK,
ui_all_calendar_entities_bffb01d,string,,All calendar entities,Alle kalenderenheder,
ui_all_levels_6b4fde3,string,,All levels,Alle niveauer,
ui_all_off_97b7833,string,,All off,Helt slukket,
ui_all_thermostats_59c8297,string,,All thermostats,Alle termostater,
ui_all_types_30c8a0f,string,,All types,Alle typer,
ui_allow_all_the_time_d91ab85,string,,Allow All The Time,Tillad hele tiden,
ui_allow_editing_24f2b54,string,,Allow editing,Tillad redigering,
ui_allow_theme_colors_icons_names_and_wallpaper_but_not_efc8a97,string,,"Allow theme, colors, icons, names and wallpaper — but not adding or removing widgets, buttons or rooms","Tillad temaer, farver, ikoner, navne og tapet - men ikke tilføje eller fjerne widgets, knapper eller rum",
ui_always_a91bcce,string,,Always,Altid,
ui_an_admin_can_share_one_dashboard_with_the_whole_5a5434d,string,,"An admin can share one dashboard with the whole family so everyone gets the same layout. To use it, an admin needs to install the HKI 7 Cloud component and share a dashboard first.","En administrator kan dele ét dashboard med hele familien, så alle får det samme layout. For at bruge det skal en administrator installere komponenten HKI 7 Cloud og dele et dashboard først.",don't translate HKI 7 Cloud
ui_an_admin_needs_to_install_the_hki_7_cloud_0e9241b,string,,An admin needs to install the HKI 7 Cloud component and share a dashboard first.,En administrator skal først installere komponenten HKI 7 Cloud og dele et dashboard.,don't translate HKI 7 Cloud
ui_android_location_permission_2ff3839,string,,Android Location Permission,Android-placeringstilladelse,
ui_animated_icons_aa39cfe,string,,Animated icons,Animerede ikoner,
ui_animation_62afd21,string,,Animation,Animation,
ui_announced_letter_3a7ac05,string,,Announced letter,Meddelt brev,
ui_any_state_c7274cb,string,,Any state,Enhver stat,
ui_appearance_41def7a,string,,Appearance,Udseende,
ui_applies_to_all_dashboard_buttons_widgets_stacks_rooms_and_9715deb,string,,"Applies to all dashboard buttons, widgets, stacks, rooms, and cards.","Gælder for alle dashboardknapper, widgets, stakke, rum og kort.",
ui_apply_cfea419,string,,Apply,Anvende,
ui_archived_eddc813,string,,Archived,Arkiveret,
ui_are_you_sure_you_want_to_clear_battery_config_3e19f24,string,,Are you sure you want to clear battery config?,"Er du sikker på, at du vil rydde batterikonfigurationen?",
ui_armed_32caa31,string,,Armed,Bevæbnet,
ui_armed_away_6834abf,string,,Armed away,Bevæbnet væk,
ui_armed_home_c8d0b44,string,,Armed home,Bevæbnet hjem,
ui_armed_night_80659bd,string,,Armed night,Bevæbnet nat,
ui_arming_in_seconds_b9e07a8,string,,Arming in %1$s seconds,Tilkobling om %1$s sekunder,keep %1$s
ui_aspect_ratio_4e077cf,string,,Aspect ratio,Størrelsesforhold,
ui_aspect_ratio_used_by_every_stream_275bb52,string,,Aspect ratio used by every stream,Størrelsesforhold brugt af hver stream,
ui_astronomical_tap_or_swipe_683fe28,string,,Astronomical · tap or swipe,Astronomisk · tryk eller stryg,
ui_at_target_6a8dbb5,string,,At target,I mål,
ui_auto_c614ba7,string,,Auto,Auto,
ui_auto_dashboard_c7a509a,string,,Auto dashboard,Auto dashboard,
ui_auto_discovered_e0643da,string,,Auto-discovered,Auto-opdaget,
ui_auto_generate_0f86c24,string,,Auto Generate,Generer automatisk,
ui_auto_generate_1502534,string,,Auto generate,Generer automatisk,
ui_auto_generation_is_a_one_time_starting_point_the_6b317fe,string,,"Auto generation is a one-time starting point. The Home page starts empty in either mode, and you can re-import Home Assistant data later from individual views.","Autogenerering er et engangsudgangspunkt. Hjemmesiden starter tom i begge tilstande, og du kan genimportere Home Assistant data senere fra individuelle visninger.",don't translate Home Assistant
ui_auto_manual_342b68e,string,,Auto + %1$s manual,Auto + %1$s manual,keep %1$s
ui_auto_none_f606e9b,string,,Auto / none,Auto / ingen,
ui_auto_scan_150eb4b,string,,Auto-scan,Automatisk scanning,
ui_auto_unavailable_33737ba,string,,Auto / unavailable,Auto / ikke tilgængelig,
ui_automatic_cloud_backup_494d882,string,,Automatic cloud backup,Automatisk cloud backup,
ui_automatic_configuration_only_battery_class_percentage_sens_ce9ab03,string,,Automatic configuration: only battery-class percentage sensors are included.,Automatisk konfiguration: Kun batteriklasse-procentsensorer er inkluderet.,
ui_automatic_local_cloud_backup_7aef407,string,,Automatic local cloud backup,Automatisk lokal cloud backup,
ui_automatic_paging_and_transition_style_792709a,string,,Automatic paging and transition style,Automatisk personsøgning og overgangsstil,
ui_automatically_backs_up_your_dashboard_and_appearance_setti_cd89812,string,,"Automatically backs up your dashboard and appearance settings to your own Home Assistant every day, so you can restore them any time. Requires the HKI 7 Cloud custom component (install it via HACS).","Sikkerhedskopierer automatisk dit dashboard og dine udseendeindstillinger til din egen Home Assistant hver dag, så du kan gendanne dem til enhver tid. Kræver den brugerdefinerede HKI 7 Cloud-komponent (installer den via HACS).","don't translate HKI 7 Cloud, Home Assistant"
ui_automation_a15fde5,string,,Automation,Automatisering,
ui_automations_even_when_the_app_is_closed_or_not_d27e5b1,string,,"automations, even when the app is closed or not in use.\n\n","automatiseringer, selv når appen er lukket eller ikke er i brug.",\n = line break
ui_autoplay_95619b5,string,,Autoplay,Autoplay,
ui_average_93a8018,string,,average,gennemsnit,
ui_azimuth_d2fbdb3,string,,Azimuth,Azimuth,
ui_back_b52b36b,string,,Back,Tilbage,
ui_back_up_now_527bf1a,string,,Back up now,Back up nu,
ui_background_image_url_or_path_dfc4908,string,,Background image (URL or path),Baggrundsbillede (URL eller sti),
ui_background_location_5f56f21,string,,Background location,Baggrundsplacering,
ui_background_notifications_563a463,string,,Background notifications,Baggrundsmeddelelser,
ui_background_usage_fd8ed73,string,,Background Usage,Brug af baggrund,
ui_backing_up_f600558,string,,Backing up…,Sikkerhedskopierer...,
ui_backspace_88d130a,string,,Backspace,Backspace,
ui_backup_and_restore_a593246,string,,Backup and Restore,Sikkerhedskopiering og gendannelse,
ui_backup_dd96994,string,,Backup,Backup,
ui_backups_contain_dashboard_and_appearance_configuration_onl_d5856be,string,,"Backups contain dashboard and appearance configuration only. Connection details, app permissions, location state, and notification history are not included.","Sikkerhedskopier indeholder kun dashboard og udseendekonfiguration. Forbindelsesdetaljer, apptilladelser, placeringstilstand og notifikationshistorik er ikke inkluderet.",
ui_badge_bar_layout_4b4dfdd,string,,Badge bar layout,Badge bar layout,
ui_bars_ad5fb3b,string,,Bars,Barer,
ui_batt_679d0aa,string,,Batt,Batt,
ui_batteries_0970f9d,string,,Batteries,Batterier,
ui_battery_4a9be04,string,,Battery,Batteri,
ui_battery_74dff99,string,,Battery: %1$s,Batteri: %1$s,keep %1$s
ui_battery_attention_0feaa08,string,,battery-attention,batteri-opmærksomhed,
ui_battery_battery_notes_only_14e5936,string,,Battery+ / Battery Notes only,Kun batteri+ / batteribemærkninger,
ui_battery_energy_25638f8,string,,battery-energy,batteri-energi,
ui_battery_entities_visible_9299588,string,,%1$s battery entities visible,%1$s batterienheder synlige,keep %1$s
ui_battery_fill_8b6793e,string,,battery-fill,batterifyldning,
ui_battery_health_12c0ce4,string,,BATTERY HEALTH,BATTERI SUNDHED,
ui_battery_health_8cc8e64,string,,BATTERY+ HEALTH,BATTERI+ SUNDHED,
ui_battery_level_is_healthy_1de4c4f,string,,Battery level is healthy,Batteriniveauet er sundt,
ui_battery_levels_7c61b65,string,,Battery Levels,Batteriniveauer,
ui_battery_optimization_7676ca5,string,,Battery Optimization,Batterioptimering,
ui_battery_orbit_9aa5d8c,string,,battery-orbit,batteri-kredsløb,
ui_battery_rules_be75b3c,string,,Battery rules,Batteriregler,
ui_battery_sensor_optional_0e261e6,string,,Battery sensor (optional),Batterisensor (valgfri),
ui_behavior_70cb647,string,,Behavior,Opførsel,
ui_birthday_yyyy_mm_dd_d1a9b03,string,,Birthday (YYYY-MM-DD),Fødselsdag (ÅÅÅÅ-MM-DD),
ui_bold_100_1b94255,string,,Bold (+100),Fed (+100),
ui_bolder_200_9cc5d65,string,,Bolder (+200),Mere (+200),
ui_boldest_300_c5a490d,string,,Boldest (+300),Fedeste (+300),
ui_boldness_10b6938,string,,Boldness · %1$s,Dristighed · %1$s,keep %1$s
ui_brand_and_third_party_work_8d6d517,string,,Brand and third-party work,Brand og tredjeparts arbejde,
ui_brightness_222d6d5,string,,%1$s brightness,%1$s lysstyrke,keep %1$s
ui_brightness_8e06ad0,string,,BRIGHTNESS,LYSSTYRKE,
ui_brightness_slider_a427c80,string,,Brightness slider,Skyder for lysstyrke,
ui_build_the_interface_entirely_your_way_e94582f,string,,Build the interface entirely your way.,Byg grænsefladen helt på din måde.,
ui_building_your_dashboard_2943961,string,,Building your dashboard,Opbygning af dit dashboard,
ui_built_in_20f409c,string,,Built-in,Indbygget,
ui_button_794145f,string,,Button,Knap,
ui_button_image_2483e32,string,,Button image,Knap billede,
ui_button_lock_28d87b1,string,,Button lock,Knaplås,
ui_button_stack_ee9e7f8,string,,Button Stack,Knap stak,
ui_button_type_890a578,string,,Button type,Knap type,
ui_buttons_available_from_this_person_s_detail_dialog_ab3f9f9,string,,Buttons available from this person's detail dialog,Knapper tilgængelige fra denne persons detaljedialog,
ui_c_286a95c,string,,%1$s %2$s°C,%1$s %2$s°C,keep %1$s %2$s
ui_c_3d3c16f,string,,%1$s - %2$s°C,%1$s - %2$s°C,keep %1$s %2$s
ui_c_a178665,string,,°C,°C,
ui_calendar_content_1f185c8,string,,Calendar content,Kalenderindhold,
ui_calendars_9444501,string,,Calendars,Kalendere,
ui_camera_4da9c9a,string,,Camera,Kamera,
ui_camera_aspect_ratio_928bf09,string,,Camera aspect ratio,Kameraets billedformat,
ui_camera_display_20a9c82,string,,Camera display,Kamera display,
ui_camera_feed_cc1f19e,string,,Camera Feed,Kamerafeed,
ui_camera_page_6b1987b,string,,camera_page,kamera_side,
ui_camera_stack_645ea0f,string,,Camera Stack,Kamera stak,
ui_camera_url_0eebe87,string,,Camera URL,Kamera URL,
ui_cameras_d3daff3,string,,Cameras,Kameraer,
ui_camerascan_00bd2cb,string,,cameraScan,kameraScan,
ui_can_t_reach_the_server_73079bd,string,,Can't reach the server,Kan ikke nå serveren,
ui_cancel_77dfd21,string,,Cancel,Ophæve,
ui_cancel_arming_5d383c8,string,,Cancel arming,Annuller tilkobling,
ui_card_4d4ce73,string,,Card,Kort,
ui_card_data_4a42176,string,,Card & data,Kort & data,
ui_card_entities_e548a55,string,,Card & entities,Kort og enheder,
ui_card_layout_f83b655,string,,Card layout,Kort layout,
ui_card_settings_1a3b62a,string,,Card settings,Kortindstillinger,
ui_card_shape_and_width_0d513f7,string,,Card shape and width,Kortets form og bredde,
ui_card_shape_width_and_background_e4aff1c,string,,"Card shape, width, and background","Kortets form, bredde og baggrund",
ui_card_size_shape_and_background_df75707,string,,"Card size, shape, and background","Kortstørrelse, form og baggrund",
ui_card_width_icon_and_styling_de70fd8,string,,"Card width, icon, and styling","Kortbredde, ikon og stil",
ui_card_width_shape_icon_and_background_c3695b5,string,,"Card width, shape, icon, and background","Kortets bredde, form, ikon og baggrund",
ui_cards_0f830bc,string,,Cards,Kort,
ui_cards_data_a33e044,string,,Cards & data,Kort og data,
ui_cards_entities_be4393a,string,,Cards & entities,Kort og enheder,
ui_carrier_accounts_20ad36c,string,,Carrier accounts,Transportørkonti,
ui_carrier_devices_9927ae1,string,,Carrier devices,Transportørenheder,
ui_carrier_display_name_optional_5ca06fc,string,,Carrier display name (optional),Visningsnavn fra mobilselskab (valgfrit),
ui_center_adapt_now_and_pause_buttons_81074b2,string,,Center Adapt now and Pause buttons,Center Tilpas nu og Pause knapper,
ui_change_64fbd99,string,,Change,Forandring,
ui_change_avatar_image_217fbce,string,,Change avatar image,Skift avatarbillede,
ui_changing_mode_3da68b4,string,,Changing mode,Skifter tilstand,
ui_charge_flow_ceb6c62,string,,Charge & flow,Opladning og flow,
ui_chart_66c7734,string,,Chart,Diagram,
ui_checking_for_shared_dashboards_5f2f823,string,,Checking for shared dashboards…,Søger efter delte betjeningspaneler...,
ui_checking_for_the_hki_7_cloud_component_c76112a,string,,Checking for the HKI 7 Cloud component…,Kontrollerer for komponenten HKI 7 Cloud...,don't translate HKI 7 Cloud
ui_choose_78b7c9f,string,,Choose,Vælge,
ui_choose_a_different_server_47e6ce6,string,,Choose a different server,Vælg en anden server,
ui_choose_a_side_when_the_badge_bar_is_split_6e3c73d,string,,Choose a side when the badge bar is split,"Vælg en side, når badgebjælken er delt",
ui_choose_a_state_7ab7191,string,,Choose a state,Vælg en stat,
ui_choose_a_visual_home_assistant_block_e7c8652,string,,Choose a visual Home Assistant block,Vælg en visuel Home Assistant blok,don't translate Home Assistant
ui_choose_action_cf9c80e,string,,Choose action,Vælg handling,
ui_choose_an_action_e82323b,string,,Choose an action,Vælg en handling,
ui_choose_an_entity_00fd1cc,string,,Choose an entity,Vælg en enhed,
ui_choose_an_entity_first_d59e681,string,,Choose an entity first,Vælg først en enhed,
ui_choose_an_expanded_or_compact_dashboard_header_815902d,string,,Choose an expanded or compact dashboard header,Vælg en udvidet eller kompakt dashboardoverskrift,
ui_choose_avatar_image_bcd5b00,string,,Choose avatar image,Vælg avatarbillede,
ui_choose_between_the_full_header_and_a_compact_navigation_90ec55e,string,,Choose between the full header and a compact navigation bar,Vælg mellem den fulde sidehoved og en kompakt navigationslinje,
ui_choose_entity_31b0424,string,,Choose entity,Vælg enhed,
ui_choose_how_this_phone_or_tablet_appears_in_home_419da67,string,,Choose how this phone or tablet appears in Home Assistant,"Vælg, hvordan denne telefon eller tablet skal se ud i Home Assistant",don't translate Home Assistant
ui_choose_icon_b0047ce,string,,Choose icon,Vælg ikon,
ui_choose_included_cards_and_shared_entity_overrides_a507343,string,,Choose included cards and shared entity overrides,Vælg inkluderede kort og delte enhedstilsidesættelser,
ui_choose_included_views_and_shared_entity_overrides_41f2e64,string,,Choose included views and shared entity overrides,Vælg inkluderede visninger og delt enhedstilsidesættelse,
ui_choose_one_or_more_carrier_devices_in_widget_settings_100a4ca,string,,Choose one or more carrier devices in widget settings.,Vælg en eller flere operatørenheder i widgetindstillinger.,
ui_choose_person_entity_977db64,string,,Choose person entity,Vælg personenhed,
ui_choose_the_climate_view_and_optional_entity_overrides_a69cbbc,string,,Choose the climate view and optional entity overrides,Vælg klimavisning og valgfri enhedstilsidesættelse,
ui_choose_the_energy_view_and_override_its_entities_if_523c3be,string,,Choose the energy view and override its entities if needed,"Vælg energivisningen, og tilsidesæt dens entiteter, hvis det er nødvendigt",
ui_choose_the_entity_and_card_content_8bde89a,string,,Choose the entity and card content,Vælg enhed og kortindhold,
ui_choose_the_home_assistant_entities_that_drive_this_room_53a4061,string,,Choose the Home Assistant entities that drive this room's live indicators. Indicators only appear while they are active.,"Vælg de Home Assistant-enheder, der driver dette rums live-indikatorer. Indikatorer vises kun, mens de er aktive.",don't translate Home Assistant
ui_choose_the_home_assistant_shown_in_hki_7_b29bc26,string,,Choose the Home Assistant shown in HKI 7,Vælg Home Assistant vist i HKI 7,"don't translate Home Assistant, HKI 7"
ui_choose_the_player_and_dashboard_label_7fa88ba,string,,Choose the player and dashboard label,Vælg afspilleren og dashboardetiket,
ui_choose_the_profile_for_this_light_d8c7bae,string,,Choose the profile for this light,Vælg profilen til denne lampe,
ui_choose_the_sensors_plotted_together_3bc1663,string,,Choose the sensors plotted together,Vælg sensorerne plottet sammen,
ui_choose_the_source_and_when_a_battery_is_considered_0b993df,string,,Choose the source and when a battery is considered low,Vælg kilden og hvornår et batteri anses for lavt,
ui_choose_what_tap_double_tap_and_hold_should_do_0bbe9c8,string,,"Choose what tap, double tap, and hold should do","Vælg, hvad tryk, dobbelttryk og hold skal gøre",
ui_choose_what_this_action_should_control_7ebe4ab,string,,Choose what this action should control,"Vælg, hvad denne handling skal kontrollere",
ui_choose_what_this_badge_summarizes_a7af7e6,string,,Choose what this badge summarizes,"Vælg, hvad dette badge opsummerer",
ui_choose_what_this_header_pill_shows_0bbdbc2,string,,Choose what this header pill shows,"Vælg, hvad denne header-pille viser",
ui_choose_where_to_restore_the_dashboard_configuration_from_bb40b34,string,,Choose where to restore the dashboard configuration from.,"Vælg, hvor du vil gendanne dashboard-konfigurationen fra.",
ui_choose_whether_this_person_appears_in_the_home_header_49f0ec2,string,,Choose whether this person appears in the Home header,"Vælg, om denne person skal vises i startoverskriften",
ui_choose_which_profiles_this_widget_can_control_2cd9b2b,string,,Choose which profiles this widget can control,"Vælg, hvilke profiler denne widget kan styre",
ui_choose_who_can_see_this_dashboard_they_can_import_2f5e49d,string,,Choose who can see this dashboard. They can import it into their own app.,"Vælg, hvem der kan se dette betjeningspanel. De kan importere det til deres egen app.",
ui_choose_your_dashboard_1ec85e9,string,,Choose your dashboard,Vælg dit dashboard,
ui_clean_rooms_4dc67ab,string,,Clean rooms,Rene værelser,
ui_clean_selected_43d8dd5,string,,Clean selected,Rens valgt,
ui_clear_719ea39,string,,Clear,Klar,
ui_clear_battery_config_d8854f7,string,,Clear battery config?,Vil du slette batterikonfigurationen?,
ui_clear_battery_view_1952347,string,,Clear battery view?,Ryd batterivisning?,
ui_clear_battery_view_5ef09bf,string,,Clear Battery View,Ryd batterivisning,
ui_clear_climate_view_48e8a5e,string,,Clear Climate View,Klar klimaudsigt,
ui_clear_climate_view_9a1339c,string,,Clear climate view?,Klart klimaudsigt?,
ui_clear_config_51f6330,string,,Clear config,Ryd konfiguration,
ui_clear_energy_view_401c166,string,,Clear Energy View,Klar energivisning,
ui_clear_energy_view_d577bb7,string,,Clear energy view?,Klart energisyn?,
ui_clear_filters_4122267,string,,Clear filters,Ryd filtre,
ui_clear_rooms_view_87a43ca,string,,Clear Rooms View,Udsigt over klare værelser,
ui_clear_rooms_view_f1d0d72,string,,Clear rooms view?,Ryd udsigt til værelserne?,
ui_clear_search_67300d0,string,,Clear search,Ryd søgning,
ui_clear_security_view_219e25b,string,,Clear Security View,Ryd sikkerhedsvisning,
ui_clear_security_view_48790f7,string,,Clear security view?,Ryd sikkerhedsvisning?,
ui_clear_selection_247fd63,string,,Clear selection,Ryd markering,
ui_climate_4857860,string,,Climate,Klima,
ui_climate_cards_f4996fd,string,,Climate Cards,Klimakort,
ui_climate_devices_are_found_automatically_add_extra_entities_5ebd8b7,string,,Climate devices are found automatically; add extra entities here if any are missing.,"Klimaenheder findes automatisk; tilføje ekstra enheder her, hvis der mangler nogen.",
ui_climate_dialog_control_add9f2b,string,,Climate dialog control,Kontrol af klimadialog,
ui_climate_sources_take_priority_and_use_their_current_temper_5dbcde3,string,,Climate sources take priority and use their current_temperature and current_humidity values. ,Klimakilder har prioritet og bruger deres aktuelle_temperatur og aktuelle_fugtighedsværdier.,keep the space at the start/end
ui_climate_stack_cards_dcff178,string,,Climate Stack Cards,Klimastakkort,
ui_climate_summary_4686577,string,,Climate summary,Klimaoversigt,
ui_climatedooropen_026f1c8,string,,climateDoorOpen,klimaDør Åben,
ui_climatehouse_9c0637a,string,,climateHouse,klimahus,
ui_climatewindowopen_9b0794a,string,,climateWindowOpen,klimavindue Åben,
ui_close_bbfa773,string,,Close,Tæt,
ui_cloud_backup_is_off_71dfae1,string,,Cloud backup is off,Cloud backup er slået fra,
ui_collapsed_by_default_65a57c6,string,,Collapsed by default,Skjulet som standard,
ui_collapsible_c932fac,string,,Collapsible,Sammenklappelig,
ui_collection_30c54a9,string,,Collection,Samling,
ui_color_1d0c830,string,,Color,Farve,
ui_color_typography_and_component_shape_b82e582,string,,"Color, typography, and component shape","Farve, typografi og komponentform",
ui_colors_and_light_dark_mode_37de9d5,string,,Colors and light/dark mode,Farver og lys/mørke tilstand,
ui_columns_cf723c5,string,,Columns,Kolonner,
ui_combine_multiple_accounts_from_the_same_carrier_into_one_0006a49,string,,Combine multiple accounts from the same carrier into one tab and parcel list.,Kombiner flere konti fra samme udbyder til én fane og en pakkeliste.,
ui_comfortpulse_100b63b,string,,comfortPulse,komfortPulse,
ui_community_source_716abd9,string,,Community source,Fællesskabets kilde,
ui_compact_1df39aa,string,,Compact,Kompakt,
ui_compact_header_50275e8,string,,Compact header,Kompakt header,
ui_compact_mode_hides_the_left_header_pill_persons_subtitle_da84968,string,,"Compact mode hides the left header pill, persons, subtitle/status information, and room counters. Swipe down on the compact bar to open Search, Flows, Edit, and Settings.","Kompakt tilstand skjuler venstre sidehovedpille, personer, undertekster/statusoplysninger og rumtællere. Stryg ned på den kompakte bjælke for at åbne Søgning, Flow, Rediger og Indstillinger.",
ui_compact_tile_height_78b57a3,string,,Compact tile height,Kompakt flisehøjde,
ui_configured_light_65a3aad,string,,%1$s configured light%2$s,%1$s konfigureret lys%2$s,keep %1$s %2$s
ui_confirm_04a2122,string,,Confirm,Bekræfte,
ui_connect_b65463c,string,,Connect,Forbinde,
ui_connected_through_home_assistant_cloud_47a54c0,string,,Connected through Home Assistant Cloud,Forbundet gennem Home Assistant Cloud,don't translate Home Assistant
ui_connected_through_your_external_home_assistant_address_966b0e6,string,,Connected through your external Home Assistant address,Forbundet via din eksterne Home Assistant adresse,don't translate Home Assistant
ui_connected_through_your_home_network_cdf4e0f,string,,Connected through your home network,Tilsluttet via dit hjemmenetværk,
ui_connecting_fd3e796,string,,Connecting…,Opretter forbindelse...,
ui_connection_6512ee1,string,,Connection,Forbindelse,
ui_connection_switched_to_8f04753,string,,Connection switched to %1$s,Forbindelsen skiftet til %1$s,keep %1$s
ui_contacting_your_home_assistant_server_e0a53d1,string,,Contacting your Home Assistant server…,Kontakter din Home Assistant-server...,don't translate Home Assistant
ui_content_4f9be05,string,,Content,Tilfreds,
ui_continue_2e02623,string,,Continue,Fortsætte,
ui_continuous_gps_for_live_tracking_uses_much_more_battery_fdcd80d,string,,Continuous GPS for live tracking — uses much more battery. Leave off for official-app-like behavior.,Kontinuerlig GPS til live tracking — bruger meget mere batteri. Lad være med officiel app-lignende adfærd.,
ui_control_ea1d3df,string,,Control,Kontrollere,
ui_control_how_accounts_become_tabs_and_lists_f100249,string,,Control how accounts become tabs and lists,"Styr, hvordan konti bliver til faner og lister",
ui_control_layout_4c3b047,string,,Control layout,Kontrol layout,
ui_controls_and_history_sensors_used_by_the_dialog_f71675d,string,,Controls and history sensors used by the dialog,"Kontrolelementer og historiesensorer, der bruges af dialogen",
ui_controls_light_in_this_profile_cd11089,string,,Controls %1$s light%2$s in this profile.,Styrer %1$s lys%2$s i denne profil.,keep %1$s %2$s
ui_cooling_5569ac4,string,,Cooling,Køling,
ui_copy_af74f7c,string,,Copy,Kopi,
ui_copy_dashboard_2ea354e,string,,Copy dashboard,Kopiér dashboard,
ui_copyright_2026_jimz011_b8f2c24,string,,Copyright © 2026 Jimz011,Copyright © 2026 Jimz011,
ui_corners_f1fb139,string,,Corners,Hjørner,
ui_could_not_add_the_parcel_check_the_number_and_fd157b4,string,,Could not add the parcel. Check the number and try again.,"Pakken kunne ikke tilføjes. Tjek nummeret, og prøv igen.",
ui_couldn_t_reach_a30cc1b,string,,Couldn't reach %1$s,Kunne ikke nå %1$s,keep %1$s
ui_couldn_t_reach_your_home_assistant_server_2a17c09,string,,Couldn't reach your Home Assistant server.,Kunne ikke nå din Home Assistant-server.,don't translate Home Assistant
ui_countdown_timer_282cb17,string,,Countdown timer,Nedtællingstimer,
ui_create_6e157c5,string,,Create,Skabe,
ui_create_a_flow_11b4415,string,,Create a flow,Skab et flow,
ui_create_a_separate_dashboard_auto_generate_imports_once_and_a5f0ef1,string,,Create a separate dashboard. Auto Generate imports once and then becomes editable; Start Empty only keeps persons available.,Opret et separat dashboard. Auto Generer importer én gang og bliver derefter redigerbar; Start Tom holder kun personer tilgængelige.,
ui_create_custom_page_d1f53e7,string,,Create custom page,Opret tilpasset side,
ui_created_by_jimz011_2026_hki_7_v_20cbca0,string,,Created by Jimz011 - 2026 • HKI 7 v%1$s,Oprettet af Jimz011 - 2026 • HKI 7 v%1$s,keep %1$s; don't translate HKI 7
ui_created_by_jimz011_with_help_from_ai_assisted_development_47c9a41,string,,"Created by Jimz011 with help from AI-assisted development tools. Product direction, design choices, testing, and responsibility for the released app remain with the project creator.","Skabt af Jimz011 med hjælp fra AI-assisteret udviklingsværktøjer. Produktretning, designvalg, test og ansvar for den frigivne app forbliver hos projektskaberen.",
ui_created_openly_1cc16d4,string,,Created openly,Skabt åbent,
ui_creates_a_full_duplicate_of_including_all_rooms_widgets_b96bbb1,string,,"Creates a full duplicate of ""%1$s"", including all rooms, widgets, and page settings. The copy is added to your dashboards without switching to it.","Opretter en fuld duplikat af ""%1$s"", inklusive alle rum, widgets og sideindstillinger. Kopien føjes til dine dashboards uden at skifte til den.",keep %1$s
ui_critical_04b7b26,string,,Critical,Kritisk,
ui_critical_low_5852b16,string,,%1$s critical · %2$s low,%1$s kritisk · %2$s lav,keep %1$s %2$s
ui_critical_replace_soon_dbd946d,string,,Critical — replace soon,Kritisk - udskift snart,
ui_current_4fc0e2b,string,,Current,Strøm,
ui_current_88a0a02,string,,%1$s° current,%1$s° strøm,keep %1$s
ui_current_charge_b6b0b3d,string,,Current charge,Nuværende afgift,
ui_current_e4ef83d,string,,Current %1$s%%,Nuværende %1$s%%,keep %1$s
ui_current_weather_0fc6239,string,,Current weather,Aktuelt vejr,
ui_currently_loaded_69ef6fb,string,,Currently loaded,Aktuelt indlæst,
ui_custom_081ae3f,string,,Custom,Skik,
ui_custom_buttons_c580449,string,,Custom buttons,Brugerdefinerede knapper,
ui_custom_camera_ada9096,string,,Custom Camera,Brugerdefineret kamera,
ui_custom_camera_url_8191b15,string,,Custom camera URL,Brugerdefineret kamera-URL,
ui_custom_ed17691,string,,Custom %1$s,Tilpasset %1$s,keep %1$s
ui_custom_entities_d6e76ae,string,,Custom entities,Brugerdefinerede enheder,
ui_custom_name_6af17c2,string,,Custom name,Brugerdefineret navn,
ui_custom_order_a7a5984,string,,Custom order,Brugerdefineret rækkefølge,
ui_custom_seconds_7467e28,string,,Custom seconds,Brugerdefinerede sekunder,
ui_custom_state_378153b,string,,Custom state...,Tilpasset tilstand...,
ui_custom_url_9c155e9,string,,Custom URL,Brugerdefineret URL,
ui_customize_device_energy_b754bb5,string,,Customize device energy,Tilpas enhedens energi,
ui_customize_top_consumers_eb249c5,string,,Customize top consumers,Tilpas topforbrugere,
ui_customize_water_devices_81ce5f6,string,,Customize water devices,Tilpas vandapparater,
ui_d_6388bb3,string,,"%1$s d, %2$s","%1$s d, %2$s",keep %1$s %2$s
ui_daily_backup_is_active_111a631,string,,Daily backup is active,Daglig backup er aktiv,
ui_dashboard_d87f47b,string,,Dashboard,Dashboard,
ui_dashboard_header_36d8656,string,,Dashboard header,Dashboard header,
ui_dashboard_name_466f3af,string,,Dashboard name,Dashboard navn,
ui_dashboard_width_and_card_shape_3fcad11,string,,Dashboard width and card shape,Dashboardbredde og kortform,
ui_dashboards_197565b,string,,Dashboards,Dashboards,
ui_dashboards_shared_by_your_family_import_to_add_a_8a6d06e,string,,Dashboards shared by your family. Import to add a copy to your dashboards; import again later to pull updates.,Dashboards deles af din familie. Importer for at tilføje en kopi til dine dashboards; importer igen senere for at trække opdateringer.,
ui_dashboards_visual_style_and_everyday_navigation_17f3ac2,string,,"Dashboards, visual style, and everyday navigation","Dashboards, visuel stil og hverdagsnavigation",
ui_data_series_e5977fb,string,,Data series,Dataserie,
ui_data_sources_dadd6ac,string,,Data sources,Datakilder,
ui_date_eb9a4bc,string,,Date,Dato,
ui_datetime_f1e5baf,string,,DateTime,DatoTid,
ui_day_to_839bf92,string,,%1$s day%2$s to %3$s,%1$s dag%2$s til %3$s,keep %1$s %2$s %3$s
ui_decrease_67e19d8,string,,Decrease,Formindske,
ui_default_808d7dc,string,,Default,Misligholdelse,
ui_default_effect_per_type_a4ce3c4,string,,Default effect per type,Standardeffekt pr. type,
ui_default_view_343256a,string,,Default view,Standardvisning,
ui_default_weather_entity_588d455,string,,Default weather entity,Standard vejrentitet,
ui_defrosting_c3b2817,string,,Defrosting,Optøning,
ui_delete_0c6013a,string,,"Delete ""%1$s""?","Vil du slette ""%1$s""?",keep %1$s
ui_delete_137cdc2,string,,Delete %1$s?,Vil du slette %1$s?,keep %1$s
ui_delete_automation_442d61c,string,,Delete automation?,Vil du slette automatisering?,
ui_delete_f6fdbe4,string,,Delete,Slet,
ui_delete_floor_07c4a91,string,,Delete floor,Slet etage,
ui_delivered_eea956c,string,,Delivered,Leveret,
ui_demo_mode_a85b728,string,,Demo mode,Demo-tilstand,
ui_description_55f8ebc,string,,Description,Beskrivelse,
ui_details_dc3decb,string,,Details,Detaljer,
ui_detected_carbon_intensity_9983458,string,,Detected carbon intensity,Detekteret kulstofintensitet,
ui_device_8c01559,string,,Device: %1$s,Enhed: %1$s,keep %1$s
ui_device_a5a74a6,string,,Device,Enhed,
ui_device_details_39c277d,string,,Device details,Enhedsdetaljer,
ui_device_details_eb36018,string,,DEVICE DETAILS,ENHEDSDETALJER,
ui_device_energy_79de3d8,string,,Device energy,Enhedens energi,
ui_device_helpers_6a8b199,string,,Device & helpers,Apparat og hjælpere,
ui_device_name_79d7a15,string,,Device name,Enhedens navn,
ui_device_tracker_and_geocoded_location_f9e2d34,string,,Device tracker and geocoded location,Enhedssporing og geokodet placering,
ui_devices_728190e,string,,devices,enheder,
ui_devices_df485c8,string,,Devices,Enheder,
ui_dialog_control_63e18cf,string,,Dialog control,Dialog kontrol,
ui_direction_5a47d4d,string,,Direction —,Retning -,
ui_disable_battery_optimization_d3201bf,string,,Disable Battery Optimization,Deaktiver batterioptimering,
ui_disarmed_aaa4d9e,string,,Disarmed,Afvæbnet,
ui_discovered_acbb9e0,string,,Discovered,Opdaget,
ui_dismiss_70afe9e,string,,Dismiss,Afskedige,
ui_display_574ff9b,string,,Display,Vise,
ui_display_linked_entities_and_dialog_layout_e6987f9,string,,"Display, linked entities, and dialog layout","Display, sammenkædede enheder og dialoglayout",
ui_display_mode_627bc30,string,,Display mode,Visningstilstand,
ui_display_order_5f1293a,string,,Display order,Vis rækkefølge,
ui_done_e9b450d,string,,Done,Færdig,
ui_door_locked_4b46012,string,,Door\nLocked,Dør\nLåst,\n = line break
ui_door_open_74899a4,string,,Door\nOpen,Dør\nÅbn,\n = line break
ui_door_sensor_turns_lock_card_red_when_open_9bc1372,string,,Door sensor (turns lock card red when open),"Dørsensor (gør låsekortet rødt, når det er åbent)",
ui_door_sensors_a7bb309,string,,Door sensors,Dørsensorer,
ui_double_tap_a268e89,string,,Double tap,Dobbelttryk,
ui_drag_horizontally_across_the_full_button_547ea8c,string,,Drag horizontally across the full button,Træk vandret hen over hele knappen,
ui_drag_to_reorder_use_the_eye_button_to_hide_cd28b4c,string,,Drag to reorder. Use the eye button to hide an item or schedule when it shows.,"Træk for at omarrangere. Brug øjeknappen til at skjule et element eller tidsplan, når det vises.",
ui_drag_to_set_the_order_cameras_appear_on_the_7bcb4f5,string,,Drag to set the order cameras appear on the Security view.,"Træk for at indstille rækkefølgen, kameraer vises i Sikkerhedsvisningen.",
ui_drag_to_set_the_order_the_cards_appear_below_b6a92e4,string,,Drag to set the order the cards appear below the house on the Energy view.,"Træk for at indstille den rækkefølge, kortene vises under huset i energivisningen.",
ui_drag_to_set_the_order_thermostats_and_ac_units_62d49e7,string,,Drag to set the order thermostats and AC units appear on the Climate view.,"Træk for at indstille rækkefølgen, termostater og AC-enheder vises i klimavisningen.",
ui_drying_7ea61a9,string,,Drying,Tørring,
ui_e_e0184ad,string,,E,E,
ui_each_group_controls_one_part_of_this_page_286a40b,string,,Each group controls one part of this page,Hver gruppe kontrollerer en del af denne side,
ui_each_home_keeps_its_own_login_dashboard_notification_conne_c261f94,string,,"Each home keeps its own login, dashboard, notification connection, and location registration","Hvert hjem beholder sit eget login, dashboard, meddelelsesforbindelse og lokationsregistrering",
ui_edit_5301648,string,,Edit,Redigere,
ui_edit_entities_485ee65,string,,Edit entities,Rediger enheder,
ui_edit_page_17e45f8,string,,Edit page,Rediger side,
ui_edit_sensors_6c38d51,string,,Edit sensors,Rediger sensorer,
ui_effects_8f25a85,string,,Effects,Effekter,
ui_electricity_925cf7f,string,,Electricity,Elektricitet,
ui_electricity_total_c81c63f,string,,Electricity Total,Elektricitet i alt,
ui_elevation_a514da1,string,,Elevation,Højde,
ui_empty_3159fe4,string,,Empty,Tom,
ui_empty_bin_0cbe2d7,string,,Empty bin,Tom skraldespand,
ui_empty_bin_bcf05c4,string,,Empty bin: %1$s,Tom beholder: %1$s,keep %1$s
ui_empty_bin_optional_fallback_e40b857,string,,Empty bin (optional fallback),Tøm skraldespand (valgfrit alternativ),
ui_empty_iframe_open_its_settings_in_edit_mode_and_c17ba2f,string,,Empty iFrame — open its settings in edit mode and enter a web address.,"Tom iFrame — åbn dens indstillinger i redigeringstilstand, og indtast en webadresse.",
ui_empty_markdown_widget_open_its_settings_in_edit_mode_b65072d,string,,Empty markdown widget — open its settings in edit mode to write content.,Tom markdown-widget — åbn dens indstillinger i redigeringstilstand for at skrive indhold.,
ui_empty_stack_79d38d5,string,,Empty Stack,Tom stak,
ui_enable_cloud_backup_32fe82b,string,,Enable cloud backup,Aktiver cloud backup,
ui_enable_home_assistant_backup_bd7cf62,string,,Enable Home Assistant backup,Aktiver Home Assistant backup,don't translate Home Assistant
ui_enable_the_features_hki_7_may_use_in_the_52e596d,string,,Enable the features HKI 7 may use in the background,Aktiver de funktioner HKI 7 kan bruge i baggrunden,don't translate HKI 7
ui_enabled_e22fb09,string,,ENABLED,AKTIVERET,
ui_end_2a002eb,string,,End: %1$s,Slut: %1$s,keep %1$s
ui_energy_437bcb1,string,,Energy,Energi,
ui_energy_cards_c84abda,string,,Energy Cards,Energikort,
ui_energy_counters_imported_from_home_assistant_s_energy_dash_9dd23f9,string,,Energy counters imported from Home Assistant's Energy dashboard.,Energitællere importeret fra Home Assistants energi-dashboard.,don't translate Home Assistant
ui_energy_stack_cards_5ac4b4c,string,,Energy Stack Cards,Energy Stack-kort,
ui_energyscene_374cbbb,string,,energyScene,energiScene,
ui_enter_a_pin_4e6a960,string,,Enter a PIN,Indtast en pinkode,
ui_enter_a_valid_json_object_00d1e89,string,,Enter a valid JSON object,Indtast et gyldigt JSON-objekt,
ui_enter_an_address_manually_5eda99d,string,,Enter an address manually,Indtast en adresse manuelt,
ui_enter_code_ab45ae5,string,,Enter code,Indtast kode,
ui_enter_http_url_relative_path_or_webrtc_id_e_bb736eb,string,,"Enter HTTP URL, relative path, or WebRTC ID (e.g., poort_hd)","Indtast HTTP URL, relativ sti eller WebRTC ID (f.eks. poort_hd)",
ui_enter_http_url_relative_path_or_webrtc_path_e_41da8c2,string,,"Enter HTTP URL, relative path, or WebRTC path (e.g., url: poort_hd)","Indtast HTTP URL, relativ sti eller WebRTC-sti (f.eks. url: poort_hd)",
ui_enter_the_same_data_object_home_assistant_shows_in_f7e27af,string,,Enter the same data object Home Assistant shows in YAML. JSON is used here so values keep their exact type.,"Indtast det samme dataobjekt Home Assistant viser i YAML. JSON bruges her, så værdier bevarer deres nøjagtige type.",don't translate Home Assistant
ui_entities_390082d,string,,Entities · %1$s,Enheder · %1$s,keep %1$s
ui_entities_6510c2f,string,,Entities (%1$s),Enheder (%1$s),keep %1$s
ui_entities_9d88f3c,string,,entities,enheder,
ui_entities_appearance_and_interactions_b90b013,string,,"Entities, appearance, and interactions","Entiteter, udseende og interaktioner",
ui_entities_f7638a2,string,,Entities,Enheder,
ui_entities_that_signal_activity_or_safety_states_769b862,string,,Entities that signal activity or safety states,"Enheder, der signalerer aktivitet eller sikkerhedstilstande",
ui_entity_icons_gently_glow_spin_or_pulse_while_the_b3a8910,string,,"Entity icons gently glow, spin, or pulse while the device is on. Only active devices animate.","Entitetsikoner lyser blidt, drejer eller pulserer, mens enheden er tændt. Kun aktive enheder animerer.",
ui_entity_integrations_852a3e0,string,,Entity integrations,Entitetsintegrationer,
ui_entity_name_9543eb8,string,,Entity name,Enhedens navn,
ui_entity_picture_0569c68,string,,Entity picture,Enhedsbillede,
ui_entity_unavailable_3974ddb,string,,Entity unavailable,Enheden er ikke tilgængelig,
ui_event_ad8919a,string,,Event,Tilfælde,
ui_every_contribution_helps_and_payment_is_never_required_1bc44f2,string,,"Every contribution helps, and payment is never required","Ethvert bidrag hjælper, og betaling er aldrig påkrævet",
ui_everyday_navigation_e2f1711,string,,Everyday navigation,Daglig navigation,
ui_everyone_c756f6a,string,,Everyone,Alle sammen,
ui_exact_text_or_number_reported_by_home_assistant_00e5cc6,string,,Exact text or number reported by Home Assistant,Præcis tekst eller nummer rapporteret af Home Assistant,don't translate Home Assistant
ui_example_com_or_https_8381ca6,string,,example.com or https://…,example.com eller https://...,
ui_existing_camera_5fb3653,string,,Existing Camera,Eksisterende kamera,
ui_exit_demo_mode_ab94122,string,,Exit Demo Mode,Afslut demotilstand,
ui_exit_full_screen_3d9afda,string,,Exit full screen,Afslut fuld skærm,
ui_exiting_removes_the_sample_home_and_returns_to_the_05548e1,string,,"Exiting removes the sample home and returns to the welcome screen, where you can connect a real Home Assistant server.","Hvis du afslutter, fjernes prøvens hjem og vender tilbage til velkomstskærmen, hvor du kan tilslutte en rigtig Home Assistant-server.",don't translate Home Assistant
ui_expected_delivery_78d54b2,string,,Expected delivery,Forventet levering,
ui_expected_today_4af5600,string,,Expected today,Forventet i dag,
ui_external_url_or_nabu_casa_url_d2e1eed,string,,External URL or Nabu Casa URL,Ekstern URL eller Nabu Casa URL,don't translate Nabu Casa
ui_family_sharing_160fddb,string,,Family Sharing,Familiedeling,
ui_family_sharing_settings_are_controlled_by_a_home_assistant_cdb35a2,string,,Family Sharing settings are controlled by a Home Assistant admin. You can use a dashboard shared with you below.,"Indstillinger for familiedeling styres af en Home Assistant-administrator. Du kan bruge et dashboard, der deles med dig nedenfor.",don't translate Home Assistant
ui_fan_ec38406,string,,Fan,Ventilator,
ui_fan_modes_fbaa3df,string,,Fan & modes,Ventilator og tilstande,
ui_fans_73d38db,string,,Fans,Fans,
ui_fetch_climate_entities_from_home_assistant_again_a65f837,string,,Fetch climate entities from Home Assistant again.,Hent klimaenheder fra Home Assistant igen.,don't translate Home Assistant
ui_fetch_rooms_floors_and_their_entities_from_home_assistant_0d84305,string,,"Fetch rooms, floors, and their entities from Home Assistant again.","Hent værelser, etager og deres enheder fra Home Assistant igen.",don't translate Home Assistant
ui_fetch_security_entities_from_home_assistant_again_577b666,string,,Fetch security entities from Home Assistant again.,Hent sikkerhedsenheder fra Home Assistant igen.,don't translate Home Assistant
ui_fetch_the_home_assistant_energy_dashboard_configuration_ag_9180e9b,string,,Fetch the Home Assistant energy dashboard configuration again.,Hent Home Assistant energi-dashboard-konfigurationen igen.,don't translate Home Assistant
ui_find_home_assistant_locally_c992bdf,string,,Find Home Assistant locally,Find Home Assistant lokalt,don't translate Home Assistant
ui_firmware_94fe490,string,,Firmware %1$s,Firmware %1$s,keep %1$s
ui_five_simple_gestures_are_all_you_need_to_get_d4c2675,string,,Five simple gestures are all you need to get around HKI 7.,Fem enkle bevægelser er alt hvad du behøver for at komme rundt HKI 7.,don't translate HKI 7
ui_fixed_tab_10fe998,string,,Fixed tab,Fast fane,
ui_floor_7db82f7,string,,Floor,Etage,
ui_floor_assignment_288a740,string,,Floor assignment,Etageopgave,
ui_floor_name_e9d98d6,string,,Floor name,Etagenavn,
ui_floor_settings_640cb8e,string,,Floor settings,Gulvindstillinger,
ui_flowphase_101d9f0,string,,flowPhase,flowPhase,
ui_flows_1242655,string,,Flows,Strømme,
ui_focused_groups_keep_advanced_options_easy_to_find_44ac86e,string,,Focused groups keep advanced options easy to find,Fokuserede grupper gør det nemt at finde avancerede muligheder,
ui_font_family_54a1848,string,,Font family,Fontfamilie,
ui_font_size_ef89fc7,string,,Font size · %1$s%%,Skriftstørrelse · %1$s%%,keep %1$s
ui_fonts_ffe688a,string,,Fonts,Skrifttyper,
ui_force_high_refresh_rate_214de79,string,,Force high refresh rate,Tving høj opdateringshastighed,
ui_forecast_528bc4b,string,,Forecast,Vejrudsigt,
ui_forecast_entities_c950412,string,,Forecast entities,Prognose enheder,
ui_forget_selection_7864f34,string,,Forget selection,Glem valg,
ui_forward_ba4e722,string,,Forward,Forward,
ui_from_ad3b521,string,,From %1$s,Fra %1$s,keep %1$s
ui_from_state_6c7eaef,string,,From state,Fra staten,
ui_full_changelog_ae838e7,string,,Full changelog,Fuld ændringslog,
ui_full_controls_68749a5,string,,Full controls,Fuld kontrol,
ui_full_day_name_25ab7ee,string,,Full Day Name,Heldagsnavn,
ui_full_url_or_a_path_on_your_home_assistant_66f9c59,string,,Full URL or a path on your Home Assistant server (e.g. /local/vacuum.png),Fuld URL eller en sti på din Home Assistant-server (f.eks. /local/vacuum.png),don't translate Home Assistant
ui_gas_ead9650,string,,Gas,Gas,
ui_generating_your_rooms_01654a1,string,,Generating your rooms,Generering af dine værelser,
ui_get_started_bd2cb05,string,,Get Started,Kom i gang,
ui_give_a_humidifier_a_fan_select_input_select_to_860be4d,string,,"Give a humidifier a fan / select / input_select to control its speed; its options replace the humidifier's mode chips, and modes move to the dialog's nav bar.","Giv en luftfugter en ventilator / select / input_select for at styre dens hastighed; dens muligheder erstatter befugterens tilstandschips, og tilstande flyttes til dialogboksens navigeringslinje.",
ui_glow_6ae5a62,string,,glow,glød,
ui_glowphase_748e6d6,string,,glowPhase,glowPhase,
ui_glowpulse_9269294,string,,glowPulse,glødPulse,
ui_good_61dedcf,string,,Good,God,
ui_google_drive_07c2964,string,,Google Drive,Google Drive,don't translate Google Drive
ui_got_it_5b8027f,string,,Got it,Forstår det,
ui_got_it_let_s_explore_107038f,string,,Got it — let's explore,Forstået - lad os udforske,
ui_graph_sensor_c63cbb6,string,,Graph %1$s · %2$s sensor%3$s,Graf %1$s · %2$s sensor%3$s,keep %1$s %2$s %3$s
ui_graph_style_6acd980,string,,Graph Style,Grafstil,
ui_graphs_7839947,string,,Graphs,Grafer,
ui_grid_density_and_button_presentation_b7907e5,string,,Grid density and button presentation,Gittertæthed og knappræsentation,
ui_grid_density_width_and_tile_shape_267ad9a,string,,"Grid density, width, and tile shape","Gittertæthed, bredde og fliseform",
ui_grid_phases_0a5eae5,string,,Grid & phases,Gitter & faser,
ui_group_light_paused_for_manual_control_78d6b74,string,,%1$s group light%2$s paused for manual control.,%1$s gruppelys%2$s sat på pause for manuel kontrol.,keep %1$s %2$s
ui_group_related_cards_in_one_section_f978d2b,string,,Group related cards in one section,Gruppér relaterede kort i én sektion,
ui_guide_motion_579dcaf,string,,guide_motion,guide_motion,
ui_guide_progress_6138614,string,,guide_progress,guide_progress,
ui_gust_53f5da4,string,, (gust %1$s),(vindstød %1$s),keep %1$s; keep the space at the start/end
ui_h_0be1674,string,,%1$sh,%1$st,keep %1$s
ui_header_31341c6,string,,Header,Overskrift,
ui_header_appearance_40327c9,string,,Header appearance,Overskrifts udseende,
ui_header_custom_color_rrggbb_1887d0a,string,,Header custom color (#RRGGBB),Overskrifts tilpasset farve (#RRGGBB),
ui_header_pill_d7520cf,string,,Header pill,Header pille,
ui_header_text_7f71314,string,,Header text,Overskriftstekst,
ui_header_text_f7593e7,string,,Header Text,Overskriftstekst,
ui_header_wallpaper_url_or_path_25cf2b6,string,,Header wallpaper URL or path,Overskriftsbaggrunds URL eller sti,
ui_heading_some_bold_text_a_list_item_one_item_b7f049b,string,,"# Heading\nSome **bold** text, a list:\n- item one\n- item two","# Overskrift\nNoget **fed** tekst, en liste:\n- punkt et\n- punkt to",\n = line break
ui_healthy_80ea156,string,,Healthy,Sund,
ui_heating_f2a3e6e,string,,Heating,Opvarmning,
ui_height_3f608b4,string,,Height,Højde,
ui_help_the_project_without_buying_premium_e960d10,string,,Help the project without buying Premium,Hjælp projektet uden at købe Premium,
ui_hidden_1364716,string,,%1$s hidden,%1$s skjult,keep %1$s
ui_hidden_d4c2792,string,,Hidden,Skjult,
ui_hidden_during_c0afbbc,string,,Hidden during,Skjult under,
ui_hidden_rooms_f621ba4,string,,Hidden rooms,Skjulte rum,
ui_hidden_items_advanced_title,string,,Hidden items (advanced),Skjulte elementer (avanceret),
ui_hidden_items_advanced_hint,string,,Comma-separated list of button entity ids or badge/widget ids to hide from this person specifically. A button's id is its entity id; a badge or widget's id is shown in its own Appearance settings.,"Kommasepareret liste over knapenheds-id'er eller badge-/widget-id'er, der specifikt skal skjules for denne person. En knaps id er dens enheds-id; en badge eller widgets id vises i dens egne udseendeindstillinger.",
ui_hidden_views_3e16d85,string,,Hidden views,Skjulte udsigter,
ui_hide_certain_views_or_rooms_from_specific_people_to_f10458c,string,,Hide certain views or rooms from specific people to keep their dashboard simple. This is UX-level hiding — it does not restrict what they can do in Home Assistant itself.,"Skjul bestemte visninger eller rum for bestemte personer for at holde deres dashboard simpelt. Dette er skjul på UX-niveau - det begrænser ikke, hvad de kan gøre i selve Home Assistant.",don't translate Home Assistant
ui_hide_connection_notification_dcee06a,string,,Hide Connection Notification,Skjul forbindelsesmeddelelse,
ui_hide_this_badge_or_schedule_when_it_appears_e149fbf,string,,"Hide this badge, or schedule when it appears","Skjul dette badge, eller planlæg, hvornår det vises",
ui_hide_this_button_or_schedule_when_it_appears_a28bf66,string,,"Hide this button, or schedule when it appears","Skjul denne knap, eller planlæg, hvornår den vises",
ui_high_accuracy_mode_954d2c5,string,,High accuracy mode,Mode med høj nøjagtighed,
ui_history_90ccd64,string,,History,Historie,
ui_hki_7_68a9e17,string,,HKI 7,HKI 7,don't translate HKI 7
ui_hki_7_collects_location_data_to_enable_presence_detection_2dda033,string,,HKI 7 collects location data to enable presence detection and zone-based ,HKI 7 indsamler lokationsdata for at aktivere tilstedeværelsesdetektering og zonebaseret,don't translate HKI 7; keep the space at the start/end
ui_hki_7_logo_a445c44,string,,HKI 7 logo,HKI 7 logo,don't translate HKI 7
ui_hki_7_turns_your_native_home_assistant_entities_rooms_c95b345,string,,"HKI 7 turns your native Home Assistant entities, rooms, automations, media, energy data, and services into a configurable mobile dashboard. It is designed to stay connected to Home Assistant as the source of truth while offering a distinct HKI interface.","HKI 7 forvandler dine oprindelige Home Assistant-enheder, rum, automatiseringer, medier, energidata og tjenester til et konfigurerbart mobilt dashboard. Den er designet til at forblive forbundet til Home Assistant som kilden til sandhed, samtidig med at den tilbyder en særskilt HKI-grænseflade.","don't translate Home Assistant, HKI 7"
ui_hki_7_v_d5594a7,string,,HKI 7 v%1$s,HKI 7 v%1$s,keep %1$s; don't translate HKI 7
ui_home_and_rooms_are_always_shown_reorder_the_other_bea984a,string,,Home and Rooms are always shown. Reorder the other tabs with the arrows and toggle each on or off.,"Hjem og Værelser vises altid. Omarranger de andre faner med pilene, og slå hver til eller fra.",
ui_home_assistant_backup_is_off_4524f2e,string,,Home Assistant backup is off,Home Assistant backup er slået fra,don't translate Home Assistant
ui_home_assistant_c8fd3bb,string,,Home Assistant,Home Assistant,don't translate Home Assistant
ui_home_assistant_instances_b0de2f3,string,,Home Assistant instances,Home Assistant forekomster,don't translate Home Assistant
ui_home_assistant_will_be_unavailable_briefly_while_it_restar_df30b45,string,,Home Assistant will be unavailable briefly while it restarts. Administrator access is required.,"Home Assistant vil være utilgængelig kortvarigt, mens den genstarter. Administratoradgang er påkrævet.",don't translate Home Assistant
ui_home_security_aa534f2,string,,HOME SECURITY,HJEMSIKRIGHED,
ui_home_wi_fi_names_comma_separated_b71c6ab,string,,Home Wi-Fi names (comma separated),Hjem Wi-Fi navne (kommasepareret),
ui_hourly_forecast_50f6c9c,string,,Hourly forecast,Timelig prognose,
ui_how_this_control_communicates_state_ad17a3d,string,,How this control communicates state,Hvordan denne kontrol kommunikerer tilstand,
ui_how_this_icon_animates_while_the_device_is_active_dffdaf5,string,,"How this icon animates while the device is active. ""Auto"" follows the global setting; the rest override it for this icon.","Hvordan dette ikon animerer, mens enheden er aktiv. ""Auto"" følger den globale indstilling; resten tilsidesætter det for dette ikon.",
ui_http_homeassistant_local_8123_67b2235,string,,http://homeassistant.local:8123,http://homeassistant.local:8123,
ui_http_url_relative_path_or_webrtc_name_e_g_dfc56c4,string,,"HTTP URL, relative path, or WebRTC name (e.g., url: poort_hd)","HTTP URL, relativ sti eller WebRTC-navn (f.eks. url: poort_hd)",
ui_https_1a66279,string,,https://…,https://…,
ui_https_example_ui_nabu_casa_4d97501,string,,https://example.ui.nabu.casa,https://example.ui.nabu.casa,
ui_humidifiers_aa38e2a,string,,Humidifiers,Luftfugtere,
ui_humidifiers_are_found_automatically_from_the_humidifier_do_0717429,string,,Humidifiers are found automatically from the humidifier domain; add extra entities here if any are missing.,"Befugtere findes automatisk fra befugterdomænet; tilføje ekstra enheder her, hvis der mangler nogen.",
ui_humidifying_5d5f6c5,string,,Humidifying,Befugtende,
ui_humidity_65adb9c,string,,Humidity,Fugtighed,
ui_humidity_control_devices_c7e4846,string,,Humidity control devices,Fugtkontrolenheder,
ui_humidity_sensor_graphed_in_activity_5b792e1,string,,Humidity sensor (graphed in Activity),Fugtsensor (graferet i aktivitet),
ui_icon_716f63b,string,,Icon,Ikon,
ui_icon_animation_5b1faae,string,,Icon animation,Ikon animation,
ui_icon_animations_and_effects_db0dea4,string,,Icon animations and effects,Ikon animationer og effekter,
ui_icon_eeaa97d,string,,Icon: %1$s,Ikon: %1$s,keep %1$s
ui_icon_feedback_180b871,string,,Icon & feedback,Ikon og feedback,
ui_icons_edb8f6c,string,,Icons,Ikoner,
ui_identity_7e5a975,string,,Identity,Identitet,
ui_identity_and_connection_bee53f8,string,,Identity and connection,Identitet og sammenhæng,
ui_identity_presentation_indicators_and_maintenance_d46fbf4,string,,"Identity, presentation, indicators, and maintenance","Identitet, præsentation, indikatorer og vedligeholdelse",
ui_idle_cc1ebdd,string,,Idle,Ledig,
ui_image_50e19fd,string,,Image,Billede,
ui_image_style_size_shape_and_background_40c17b6,string,,"Image style, size, shape, and background","Billedstil, størrelse, form og baggrund",
ui_image_url_or_path_ddd8d74,string,,Image URL or path,Billedets URL eller sti,
ui_import_d6fbc9d,string,,Import,Importere,
ui_import_entities_that_have_not_been_edited_or_remove_6edde59,string,,"Import entities that have not been edited, or remove all climate edits and import from scratch.","Importer enheder, der ikke er blevet redigeret, eller fjern alle klimaredigeringer og importer fra bunden.",
ui_import_entities_that_have_not_been_edited_or_remove_9851b28,string,,"Import entities that have not been edited, or remove all security edits and import from scratch.","Importer enheder, der ikke er blevet redigeret, eller fjern alle sikkerhedsredigeringer og importer fra bunden.",
ui_import_from_family_f9eb88d,string,,Import from family,Import fra familie,
ui_import_only_rooms_and_entities_that_have_not_been_478d449,string,,"Import only rooms and entities that have not been edited, or remove all edited rooms and floors and import everything from scratch.","Importer kun rum og enheder, der ikke er blevet redigeret, eller fjern alle redigerede rum og etager, og importer alt fra bunden.",
ui_import_only_rooms_that_have_not_been_edited_or_d59bee5,string,,"Import only rooms that have not been edited, or rebuild everything. Rebuilding removes all edited rooms and floors before importing them from scratch.","Importer kun rum, der ikke er blevet redigeret, eller genopbyg alt. Genopbygning fjerner alle redigerede rum og gulve, før de importeres fra bunden.",
ui_import_sensors_with_device_class_battery_and_unit_of_dfaced9,string,,Import sensors with device_class battery and unit_of_measurement %.,Importer sensorer med device_class battery og unit_of_measurement %.,
ui_import_settings_that_have_not_been_edited_or_remove_2fc3850,string,,"Import settings that have not been edited, or remove all energy edits and import from scratch.","Importer indstillinger, der ikke er blevet redigeret, eller fjern alle energiredigeringer og importer fra bunden.",
ui_import_unedited_4a58143,string,,Import unedited,Importer uredigeret,
ui_imported_stacks_cannot_be_removed_in_auto_mode_hide_608f9ed,string,,"Imported stacks cannot be removed in auto mode. Hide the stack instead, or take over / switch to manual mode to delete it permanently.","Importerede stakke kan ikke fjernes i automatisk tilstand. Skjul stakken i stedet for, eller overtag/skift til manuel tilstand for at slette den permanent.",
ui_importing_820599d,string,,Importing…,Importerer...,
ui_importing_areas_and_entities_from_home_assistant_0e50b82,string,,Importing areas and entities from Home Assistant…,Importerer områder og enheder fra Home Assistant...,don't translate Home Assistant
ui_incoming_outgoing_1815915,string,,%1$s incoming · %2$s outgoing%3$s,%1$s indgående · %2$s udgående%3$s,keep %1$s %2$s %3$s
ui_incoming_outgoing_49b9c0b,string,,%1$s incoming · %2$s outgoing,%1$s indgående · %2$s udgående,keep %1$s %2$s
ui_incorrect_pin_2de1d18,string,,Incorrect PIN,Forkert pinkode,
ui_increase_5a7fecf,string,,Increase,Øge,
ui_individual_water_usage_21dd78c,string,,Individual water usage,Individuelt vandforbrug,
ui_individual_widgets_ff1526f,string,,Individual widgets,Individuelle widgets,
ui_indoor_average_53abf03,string,,INDOOR AVERAGE,INDENDØRS GENNEMSNITT,
ui_indoor_comfort_7060319,string,,Indoor comfort,Indendørs komfort,
ui_instance_name_e98a2eb,string,,Instance name,Forekomstnavn,
ui_interactions_0b3583e,string,,Interactions,Interaktioner,
ui_internal_url_acab9b2,string,,Internal URL,Intern URL,
ui_interval_seconds_eaeeb46,string,,Interval seconds,Interval sekunder,
ui_is_c24d775,string,, is,er,keep the space at the start/end
ui_item_corner_roundness_5032003,string,,Item corner roundness,Varens hjørne rundhed,
ui_items_cabff0b,string,,%1$s items,%1$s elementer,keep %1$s
ui_k_df46805,string,,%1$sK,%1$sK,keep %1$s
ui_keep_existing_edits_or_remove_all_battery_edits_and_acc0236,string,,"Keep existing edits, or remove all battery edits and import from scratch.","Behold eksisterende redigeringer, eller fjern alle batteriredigeringer og importer fra bunden.",
ui_keep_only_the_title_right_header_pill_and_back_7777651,string,,"Keep only the title, right header pill, and back button when a page has one.","Behold kun titlen, højre sidehovedpille og tilbage-knappen, når en side har en.",
ui_keeps_a_connection_to_home_assistant_for_instant_notificat_ecaee7d,string,,Keeps a connection to Home Assistant for instant notifications,Bevarer forbindelsen til Home Assistant for øjeblikkelige meddelelser,don't translate Home Assistant
ui_keeps_presence_detection_and_zone_automations_working_andr_c48598a,string,,Keeps presence detection and zone automations working. Android should show ‘Allow all the time’.,Holder tilstedeværelsesregistrering og zoneautomatisering i gang. Android bør vise 'Tillad hele tiden'.,
ui_keeps_your_device_location_updated_in_home_assistant_e295875,string,,Keeps your device location updated in Home Assistant,Holder din enheds placering opdateret i Home Assistant,don't translate Home Assistant
ui_km_h_ede7178,string,,%1$s km/h,%1$s km/t,keep %1$s
ui_kwh_72c28e9,string,,kWh,kWh,
ui_languages_and_frameworks_used_by_the_android_app_fb4ac97,string,,Languages and frameworks used by the Android app,"Sprog og rammer, der bruges af Android-appen",
ui_last_backup_05509f8,string,,Last backup %1$s,Sidste sikkerhedskopiering %1$s,keep %1$s
ui_last_h_3faaee1,string,,Last %1$sh,Sidste %1$sh,keep %1$s
ui_last_run_b27f32a,string,,Last run %1$s,Sidste kørsel %1$s,keep %1$s
ui_layout_972ad8d,string,,Layout,Layout,
ui_leave_a_tip_5f90f10,string,,Leave a tip,Efterlad et tip,
ui_leave_empty_to_use_the_home_assistant_name_f769e92,string,,Leave empty to use the Home Assistant name,Lad være tomt for at bruge navnet Home Assistant,don't translate Home Assistant
ui_leave_this_empty_for_local_only_access_add_an_cc6bf85,string,,Leave this empty for local-only access. Add an external or Nabu Casa URL to use HKI 7 away from home.,Lad dette stå tomt for kun lokal adgang. Tilføj en ekstern eller Nabu Casa URL for at bruge HKI 7 væk fra hjemmet.,"don't translate Nabu Casa, HKI 7"
ui_left_8ae1c34,string,,Left,Venstre,
ui_left_side_overflows_right_fc8533c,string,,Left side overflows right,Venstre side flyder over højre,
ui_less_526cb74,string,,Less,Mindre,
ui_let_hki_7_create_the_first_version_for_you_dc36439,string,,Let HKI 7 create the first version for you.,Lad HKI 7 skabe den første version for dig.,don't translate HKI 7
ui_let_this_person_enter_edit_mode_667df39,string,,Let this person enter edit mode,Lad denne person gå i redigeringstilstand,
ui_level_7c7f5d0,string,,Level,Niveau,
ui_level_unavailable_a442183,string,,Level unavailable,Niveauet er ikke tilgængeligt,
ui_license_3229609,string,,License,Licens,
ui_light_is_turned_off_ebc0cf1,string,,Light is turned off,Lyset er slukket,
ui_lines_c6fd387,string,,Lines,Linjer,
ui_link_a_device_to_auto_fill_the_humidifier_s_6f65010,string,,"Link a device to auto-fill the humidifier's helper entities, or set them by hand","Tilknyt en enhed for at automatisk udfylde luftfugterens hjælpeenheder, eller indstil dem i hånden",
ui_link_a_speed_control_197d75a,string,,Link a speed control,Forbind en hastighedskontrol,
ui_linked_speed_control_optional_95fd680,string,,Linked speed control (optional),Sammenkædet hastighedskontrol (valgfrit),
ui_live_65c821a,string,,Live,Levende,
ui_live_6990f01,string,,LIVE,LEVENDE,
ui_live_indicators_11ef687,string,,Live indicators,Levende indikatorer,
ui_live_power_sensors_imported_from_home_assistant_s_configur_1b926f2,string,,Live power sensors imported from Home Assistant's configured Energy devices.,Strømsensorer importeret fra Home Assistants konfigurerede energienheder.,don't translate Home Assistant
ui_loading_actions_260b0c0,string,,Loading actions…,Indlæser handlinger...,
ui_loading_actions_877bfd9,string,,Loading actions...,Indlæser handlinger...,
ui_loading_camera_50a8065,string,,Loading camera…,Indlæser kamera...,
ui_loading_device_a3fda88,string,,Loading device...,Indlæser enhed...,
ui_local_file_576d5ac,string,,Local file,Lokal fil,
ui_local_network_optional_42aba01,string,,Local network (optional),Lokalt netværk (valgfrit),
ui_local_only_05ed059,string,,Local Only,Kun lokalt,
ui_locating_e46bab0,string,,Locating…,Finder...,
ui_location_access_3b68001,string,,Location access,Placeringsadgang,
ui_location_d219c68,string,,Location,Beliggenhed,
ui_location_unavailable_3a57dda,string,,Location Unavailable,Placeringen er ikke tilgængelig,
ui_lock_c37eb4c,string,,LOCK,LÅSE,
ui_locked_a798882,string,,Locked,Låst,
ui_locks_the_screen_to_its_highest_refresh_rate_while_585256f,string,,Locks the screen to its highest refresh rate while the app is open (uses more battery).,"Låser skærmen til dens højeste opdateringshastighed, mens appen er åben (bruger mere batteri).",
ui_log_in_again_1ee6e18,string,,Log in again,Log ind igen,
ui_logging_in_again_keeps_your_dashboard_and_settings_9a8ed6f,string,,Logging in again keeps your dashboard and settings.,"Hvis du logger ind igen, bevarer du dit dashboard og dine indstillinger.",
ui_logo_url_or_ha_local_path_optional_e795f06,string,,Logo URL or HA/local path (optional),Logo URL eller HA/lokal sti (valgfrit),
ui_logout_keep_config_32a0cfb,string,,Logout (Keep Config),Log ud (behold konfiguration),
ui_low_a124947,string,,Low,Lav,
ui_low_ba7cae2,string,,%1$s low,%1$s lav,keep %1$s
ui_low_batteries_41d22d9,string,,%1$s low batteries,%1$s lavt batteriniveau,keep %1$s
ui_low_plan_a_replacement_34435da,string,,Low — plan a replacement,Lav — planlæg en udskiftning,
ui_low_threshold_1ecfd8b,string,,Low threshold (%),Lav tærskel (%),
ui_lunar_phase_301b75e,string,,Lunar phase,Månefase,
ui_mail_92379cb,string,,Mail,Post,
ui_maintenance_94de303,string,,Maintenance,Opretholdelse,
ui_manage_items_d854c4b,string,,Manage items,Administrer varer,
ui_manage_order_411f2d9,string,,Manage order,Administrer ordre,
ui_managed_by_an_admin_805ae65,string,,Managed by an admin,Administreret af en administrator,
ui_manual_configuration_only_selected_entities_and_devices_ar_10e150b,string,,Manual configuration: only selected entities and devices are shown.,Manuel konfiguration: kun udvalgte enheder og enheder vises.,
ui_map_ab478f3,string,,Map,Kort,
ui_map_c5cc79f,string,,Map: %1$s,Kort: %1$s,keep %1$s
ui_map_camera_for_dialog_2bc4344,string,,Map camera (for dialog),Kortkamera (til dialog),
ui_map_status_sensors_and_control_bindings_8cc2dbd,string,,"Map, status sensors, and control bindings","Kort, statussensorer og kontrolbindinger",
ui_map_unavailable_0ccd149,string,,Map unavailable,Kortet er ikke tilgængeligt,
ui_markdown_23e67fc,string,,Markdown,Markdown,
ui_matching_entities_are_added_automatically_by_home_assistan_07ebdac,string,,Matching entities are added automatically by Home Assistant device class. Add any missing or custom entities here.,Matchende enheder tilføjes automatisk af Home Assistant enhedsklasse. Tilføj eventuelle manglende eller tilpassede enheder her.,don't translate Home Assistant
ui_media_0c77aee,string,,Media,Medier,
ui_media_browsing_isn_t_available_for_this_player_e068417,string,,Media browsing isn't available for this player.,Mediebrowsing er ikke tilgængelig for denne afspiller.,
ui_media_library_b9c5845,string,,Media library,Mediebibliotek,
ui_media_players_a4b8cf2,string,,Media players,Medieafspillere,
ui_media_players_ec25525,string,,Media Players,Medieafspillere,
ui_messages_safety_and_portability_ee58dfe,string,,"Messages, safety, and portability","Beskeder, sikkerhed og portabilitet",
ui_messages_sent_to_this_device_via_home_assistant_s_87e4a32,string,,Messages sent to this device via\nHome Assistant's notify service appear here.,Beskeder sendt til denne enhed via\nHome Assistants underretningstjeneste vises her.,don't translate Home Assistant; \n = line break
ui_meteorological_tap_or_swipe_3f3d67e,string,,Meteorological · tap or swipe,Meteorologisk · tryk eller stryg,
ui_meter_readings_a3c12c4,string,,Meter readings,Måleraflæsninger,
ui_mixed_climate_5d22eb9,string,,Mixed climate,Blandet klima,
ui_mm_ce9b88b,string,,%1$s mm,%1$s mm,keep %1$s
ui_mmm_d_9367bcf,string,,"%1$s, MMM d","%1$s, MMM d",keep %1$s
ui_mode_a7b93d2,string,,Mode,Mode,
ui_modes_6fc3ca8,string,,MODES,MODES,
ui_modes_79f5b22,string,,Modes,Tilstande,
ui_monitoring_a814345,string,,Monitoring,Overvågning,
ui_moon_846b902,string,,Moon,Måne,
ui_move_down_260ff8a,string,,Move down,Flyt ned,
ui_move_up_b4f57cd,string,,Move up,Flyt op,
ui_mozilla_public_license_2_0_mpl_2_0_4ec8335,string,,Mozilla Public License 2.0 (MPL-2.0),Mozilla Public License 2.0 (MPL-2.0),
ui_multiple_climate_values_are_averaged_separate_sensor_value_cfccbf4,string,,Multiple climate values are averaged. Separate sensor values are averaged only when no climate source is selected.,"Der tages et gennemsnit af flere klimaværdier. Separate sensorværdier beregnes kun, når der ikke er valgt nogen klimakilde.",
ui_mywifi_mywifi_5g_2a163c1,string,,"MyWiFi, MyWiFi-5G","MyWiFi, MyWiFi-5G",
ui_n_b51a607,string,,N,N,
ui_name_709a232,string,,Name,Navn,
ui_name_a_z_257c1c4,string,,Name A-Z,Navn A-Z,
ui_name_and_icon_shown_above_this_container_9076bde,string,,Name and icon shown above this container,Navn og ikon vist over denne beholder,
ui_name_and_icon_shown_above_this_floor_3755eda,string,,Name and icon shown above this floor,Navn og ikon vist over denne etage,
ui_name_and_icon_used_throughout_the_app_bed8e83,string,,Name and icon used throughout the app,Navn og ikon bruges i hele appen,
ui_name_optional_9c9f03a,string,,Name (optional),Navn (valgfrit),
ui_name_subtitle_and_navigation_icon_3f2e8c4,string,,"Name, subtitle, and navigation icon","Navn, undertekst og navigationsikon",
ui_name_this_device_4d603e2,string,,Name this device,Navngiv denne enhed,
ui_name_width_and_icon_a4d694b,string,,"Name, width, and icon","Navn, bredde og ikon",
ui_name_z_a_daabfb6,string,,Name Z-A,Navn Z-A,
ui_native_home_assistant_automations_always_in_sync_ae8941e,string,,"Native Home Assistant automations, always in sync","Indbyggede Home Assistant automatiseringer, altid synkroniseret",don't translate Home Assistant
ui_navigation_bar_e90e3de,string,,Navigation Bar,Navigationslinje,
ui_network_routes_for_1d18efd,string,,Network routes for %1$s,Netværksruter for %1$s,keep %1$s
ui_never_sent_to_the_developer_or_to_any_third_f0479e9,string,,"never sent to the developer or to any third party, and you can turn this ","aldrig sendt til udvikleren eller til nogen tredjepart, og du kan vende dette",keep the space at the start/end
ui_never_triggered_c91b347,string,,Never triggered,Aldrig udløst,
ui_new_dashboard_4d3c071,string,,New Dashboard,Nyt Dashboard,
ui_new_floor_1389094,string,,New floor,Nyt gulv,
ui_new_flow_d4cef94,string,,New flow,Nyt flow,
ui_next_camera_14994be,string,,Next camera,Næste kamera,
ui_no_active_parcels_or_mail_6c9d49c,string,,No active parcels or mail.,Ingen aktive pakker eller post.,
ui_no_activity_in_this_period_5cb3978,string,,No activity in this period,Ingen aktivitet i denne periode,
ui_no_adaptive_lighting_profiles_are_currently_available_6d29642,string,,No Adaptive Lighting profiles are currently available.,Ingen Adaptive Lighting-profiler er i øjeblikket tilgængelige.,
ui_no_air_purifiers_configured_add_fan_entities_under_climate_fd229a8,string,,No air purifiers configured. Add fan entities under Climate Settings → Climate Entities → Air purifiers.,Ingen luftrensere konfigureret. Tilføj ventilatorenheder under Klimaindstillinger → Klimaenheder → Luftrensere.,
ui_no_alarm_585ad82,string,,No alarm,Ingen alarm,
ui_no_announced_letters_4382408,string,,No announced letters.,Ingen annoncerede breve.,
ui_no_archived_notifications_ed5604b,string,,No archived notifications,Ingen arkiverede meddelelser,
ui_no_battery_entities_found_turn_off_battery_filtering_to_dfbc403,string,,No Battery+ entities found. Turn off Battery+ filtering to show all battery sensors.,Ingen Battery+-enheder fundet. Slå batteri+filtrering fra for at vise alle batterisensorer.,
ui_no_battery_sensors_found_7cc0962,string,,No battery sensors found.,Ingen batterisensorer fundet.,
ui_no_camera_selected_717ad35,string,,No camera selected,Intet kamera valgt,
ui_no_carbon_intensity_sensor_found_on_this_device_140bf09,string,,No carbon intensity sensor found on this device,Ingen kulstofintensitetssensor fundet på denne enhed,
ui_no_cards_yet_open_the_stack_settings_to_pick_021dada,string,,No cards yet — open the stack settings to pick energy cards.,Ingen kort endnu - åbn stakindstillingerne for at vælge energikort.,
ui_no_cards_yet_open_the_stack_settings_to_pick_ca8008f,string,,No cards yet — open the stack settings to pick climate cards.,Ingen kort endnu - åbn stakindstillingerne for at vælge klimakort.,
ui_no_climate_data_37d45e0,string,,No climate data,Ingen klimadata,
ui_no_climate_devices_found_thermostats_and_ac_units_from_2e47541,string,,No climate devices found. Thermostats and AC units from Home Assistant appear here automatically.,Ingen klimaenheder fundet. Termostater og AC-enheder fra Home Assistant vises automatisk her.,don't translate Home Assistant
ui_no_collections_in_the_next_7_days_6d48bf4,string,,No collections in the next 7 days.,Ingen afhentninger i de næste 7 dage.,
ui_no_conditions_this_flow_always_continues_c95e76f,string,,No conditions — this flow always continues,Ingen betingelser - dette flow fortsætter altid,
ui_no_dashboards_have_been_shared_with_you_yet_ask_38b2c0d,string,,"No dashboards have been shared with you yet. Ask an admin to share one, or pick another option above.","Ingen dashboards er blevet delt med dig endnu. Bed en administrator om at dele en, eller vælg en anden mulighed ovenfor.",
ui_no_dashboards_have_been_shared_with_you_yet_ask_877080a,string,,No dashboards have been shared with you yet. Ask an admin to share one.,Ingen dashboards er blevet delt med dig endnu. Bed en administrator om at dele en.,
ui_no_data_d802d23,string,,No data,Ingen data,
ui_no_door_sensor_f6b60c8,string,,No door sensor,Ingen dørsensor,
ui_no_energy_sensors_found_eeecdec,string,,No energy sensors found.,Ingen energisensorer fundet.,
ui_no_events_e339ba7,string,,No events,Ingen begivenheder,
ui_no_fans_found_fan_entities_from_home_assistant_appear_279dab7,string,,No fans found. Fan entities from Home Assistant appear here automatically.,Ingen fans fundet. Fan-enheder fra Home Assistant vises her automatisk.,don't translate Home Assistant
ui_no_forecast_available_ed48809,string,,No forecast available,Ingen prognose tilgængelig,
ui_no_graphs_yet_open_the_stack_settings_to_add_87f742f,string,,No graphs yet — open the stack settings to add sensor graphs.,Ingen grafer endnu – åbn stakindstillingerne for at tilføje sensorgrafer.,
ui_no_heading_162947f,string,,No heading,Ingen overskrift,
ui_no_hourly_forecast_available_9ef5a5f,string,,No hourly forecast available,Ingen timeprognose tilgængelig,
ui_no_humidifiers_found_humidifier_entities_from_home_assista_eeadbd7,string,,No humidifiers found. Humidifier entities from Home Assistant appear here automatically; extras can be added in Climate Settings.,Ingen luftfugtere fundet. Befugtningsenheder fra Home Assistant vises her automatisk; ekstramateriale kan tilføjes i klimaindstillinger.,don't translate Home Assistant
ui_no_individual_water_devices_configured_d0060ba,string,,No individual water devices configured.,Ingen individuelle vandenheder konfigureret.,
ui_no_letter_image_available_eeb42c0,string,,No letter image available,Intet bogstavbillede tilgængeligt,
ui_no_map_camera_configured_d72057b,string,,No map camera\nconfigured,Intet kortkamera\nkonfigureret,\n = line break
ui_no_map_camera_set_configure_in_button_settings_b54466c,string,,No map camera set.\nConfigure in button settings.,Intet kortkamera indstillet.\nKonfigurer i knapindstillinger.,\n = line break
ui_no_matches_cd0af6c,string,,No matches,Ingen kampe,
ui_no_matching_automations_4489522,string,,No matching automations,Ingen matchende automatiseringer,
ui_no_media_players_found_1248a89,string,,No media players found.,Ingen medieafspillere fundet.,
ui_no_native_home_assistant_automations_found_725a043,string,,No native Home Assistant automations found,Ingen indbyggede Home Assistant-automatiseringer fundet,don't translate Home Assistant
ui_no_non_admin_users_found_on_this_home_assistant_e9e665d,string,,No non-admin users found on this Home Assistant.,Ingen ikke-administratorbrugere fundet på denne Home Assistant.,don't translate Home Assistant
ui_no_notifications_a72159d,string,,No Notifications,Ingen meddelelser,
ui_no_notifications_b08626f,string,,No notifications,Ingen meddelelser,
ui_no_options_available_7a19b6d,string,,No options available,Ingen tilgængelige muligheder,
ui_no_other_entities_on_this_device_fbc481b,string,,No other entities on this device.,Ingen andre enheder på denne enhed.,
ui_no_other_users_found_on_this_home_assistant_cb89d3d,string,,No other users found on this Home Assistant.,Ingen andre brugere fundet på denne Home Assistant.,don't translate Home Assistant
ui_no_parcel_selected_922a402,string,,No parcel selected,Ingen pakke valgt,
ui_no_parcels_cf4c0a0,string,,No %1$s parcels.,Ingen %1$s pakker.,keep %1$s
ui_no_phase_sensors_configured_in_energy_settings_b88c1dc,string,,No phase sensors configured in Energy Settings.,Ingen fasesensorer konfigureret i energiindstillinger.,
ui_no_power_sensors_found_caf2e07,string,,No power sensors found.,Ingen strømsensorer fundet.,
ui_no_power_sensors_found_on_this_device_or_its_942e9be,string,,No power sensors found on this device (or its sub-devices) yet.,Der er endnu ikke fundet strømsensorer på denne enhed (eller dens underenheder).,
ui_no_profile_available_98d6e00,string,,No profile available,Ingen tilgængelig profil,
ui_no_sensors_found_edacf22,string,,No %1$s sensors found.,Ingen %1$s sensorer fundet.,keep %1$s
ui_no_sensors_selected_open_the_widget_settings_in_edit_cd87a2e,string,,No sensors selected — open the widget settings in edit mode.,Ingen sensorer valgt — åbn widgetindstillingerne i redigeringstilstand.,
ui_no_servers_found_yet_make_sure_you_re_on_7e6832d,string,,"No servers found yet. Make sure you're on the same Wi-Fi, or enter the address below.","Ingen servere fundet endnu. Sørg for, at du er på samme Wi-Fi, eller indtast adressen nedenfor.",
ui_no_speed_control_linked_cb0e9ad,string,,No speed control linked,Ingen hastighedskontrol forbundet,
ui_no_status_history_enable_parcel_history_in_the_integration_302ca4a,string,,No status history (enable parcel history in the integration options),Ingen statushistorik (aktiver pakkehistorik i integrationsmulighederne),
ui_no_stream_available_0535c4e,string,,No stream available,Ingen stream tilgængelig,
ui_no_stream_available_6bfd14a,string,,No Stream Available,Ingen stream tilgængelig,
ui_no_supported_alarm_modes_reported_by_this_entity_588b22a,string,,No supported alarm modes reported by this entity,Ingen understøttede alarmtilstande rapporteret af denne enhed,
ui_no_target_f919b89,string,,No target,Intet mål,
ui_no_tariff_sensors_configured_in_energy_settings_2ad6a3c,string,,No tariff sensors configured in Energy Settings.,Ingen tarifsensorer konfigureret i Energiindstillinger.,
ui_no_thanks_6d745b3,string,,No thanks,Nej tak,
ui_no_upcoming_collections_feff2a6,string,,No upcoming collections,Ingen kommende samlinger,
ui_no_waste_sensors_selected_68b51ce,string,,No waste sensors selected,Ingen affaldssensorer valgt,
ui_no_waste_sensors_selected_add_them_via_the_widget_554ff3d,string,,No waste sensors selected. Add them via the widget settings in edit mode.,Ingen affaldssensorer valgt. Tilføj dem via widgetindstillingerne i redigeringstilstand.,
ui_no_weather_cards_ce32255,string,,No weather cards,Ingen vejrkort,
ui_no_weather_entity_available_7476bcb,string,,No weather entity available,Ingen tilgængelige vejrentitet,
ui_no_widgets_match_73a3c20,string,,"No widgets match ""%1$s""","Ingen widgets matcher ""%1$s""",keep %1$s
ui_none_6eef664,string,,None,Ingen,
ui_none_auto_cc8786f,string,,None / Auto,Ingen / Auto,
ui_none_modes_stay_as_the_only_control_b62bff7,string,,None — modes stay as the only control,Ingen — tilstande forbliver som den eneste kontrol,
ui_none_of_your_configured_carriers_support_adding_a_parcel_21dc0a4,string,,"None of your configured carriers support adding a parcel by tracking number. Account-based carriers (PostNL, DPD, DHL) only track what's already in your account.","Ingen af dine konfigurerede transportører understøtter tilføjelse af en pakke efter sporingsnummer. Kontobaserede udbydere (PostNL, DPD, DHL) sporer kun det, der allerede er på din konto.",
ui_none_selected_5798946,string,,None selected,Ingen valgt,
ui_none_timer_follows_the_completion_time_only_09d470a,string,,None — timer follows the completion time only,Ingen — timeren følger kun færdiggørelsestiden,
ui_not_enough_data_cdb9d58,string,,Not enough data,Ikke nok data,
ui_not_enough_data_in_this_period_48188c4,string,,Not enough data in this period,Ikke nok data i denne periode,
ui_not_loaded_by_home_assistant_95f811a,string,,Not loaded by Home Assistant,Ikke indlæst af Home Assistant,don't translate Home Assistant
ui_not_set_93039e6,string,,Not set,Ikke indstillet,
ui_nothing_here_7f42022,string,,Nothing here.,Intet her.,
ui_nothing_hidden_fd1cdd3,string,,Nothing hidden,Intet skjult,
ui_nothing_is_shared_yet_fca61d0,string,,Nothing is shared yet.,Intet er delt endnu.,
ui_nothing_removed_d67902f,string,,Nothing removed.,Intet fjernet.,
ui_nothing_removed_use_edit_mode_on_the_climate_page_dd07910,string,,Nothing removed. Use edit mode on the Climate page to remove cards; they land here and can be restored.,Intet fjernet. Brug redigeringstilstand på klimasiden til at fjerne kort; de lander her og kan genoprettes.,
ui_nothing_to_reorder_yet_cdcbb36,string,,Nothing to reorder yet.,Intet at genbestille endnu.,
ui_notification_c18f8f2,string,,Notification,Notifikation,
ui_notifications_753a22b,string,,Notifications,Meddelelser,
ui_notifications_are_delivered_over_the_app_s_live_connection_d2aa965,string,,Notifications are delivered over the app's live connection whenever it is open — send them from Home Assistant with the notify service for this device. Swipe in from the left edge to see the history.,"Notifikationer leveres via appens liveforbindelse, når den er åben – send dem fra Home Assistant med notifikationstjenesten for denne enhed. Stryg ind fra venstre kant for at se historikken.",don't translate Home Assistant
ui_now_e3b8204,string,,Now,Nu,
ui_of_3_enabled_5cdedd4,string,,%1$s of 3 enabled,%1$s af 3 aktiveret,keep %1$s
ui_of_home_fdfd824,string,,%1$s%% of home,%1$s%% af hjemmet,keep %1$s
ui_off_ad50489,string,,OFF,SLUKKET,
ui_off_at_any_time_in_android_settings_4607e2c,string,,off at any time in Android settings.,slukket når som helst i Android-indstillinger.,
ui_off_e3de5ab,string,,Off,Slukket,
ui_ok_9ce3bd4,string,,OK,OK,
ui_on_12469c7,string,,On - %1$s%%,Til - %1$s%%,keep %1$s
ui_on_387d7a5,string,,ON,PÅ,
ui_on_e0049a6,string,,On,På,
ui_on_f9ca2fe,string,,%1$s%% • ON,%1$s%% • TIL,keep %1$s
ui_on_these_wi_fi_networks_the_app_connects_via_82d3f1f,string,,On these Wi-Fi networks the app connects via the internal URL; everywhere else it uses the main server URL above.,På disse Wi-Fi-netværk opretter appen forbindelse via den interne URL; alle andre steder bruger den hovedserverens URL ovenfor.,
ui_on_this_device_a7f9620,string,,On this device,På denne enhed,
ui_onboard_step_fefaac1,string,,onboard_step,onboard_step,
ui_only_percentage_sensors_classified_by_home_assistant_as_ba_0d94a2a,string,,Only percentage sensors classified by Home Assistant as batteries are imported. ,Kun procentvise sensorer klassificeret af Home Assistant som batterier importeres.,don't translate Home Assistant; keep the space at the start/end
ui_only_show_battery_entities_and_include_battery_type_detail_b216867,string,,Only show Battery+ entities and include battery type details,Vis kun Battery+-enheder og medtag oplysninger om batteritype,
ui_only_show_battery_entities_and_include_type_quantity_and_0d8ce40,string,,"Only show Battery+ entities and include type, quantity, and related battery info.","Vis kun Battery+-enheder og medtag type, mængde og relaterede batterioplysninger.",
ui_open_camera_full_screen_afc186b,string,,Open camera full screen,Åbn kameraet i fuld skærm,
ui_open_cf9b770,string,,Open,Åben,
ui_open_history_for_graph_ae801d5,string,,Open history for graph,Åbn historik for graf,
ui_open_link_d2de1a2,string,,Open link,Åbn link,
ui_open_source_and_premium_licensing_0328125,string,,Open-source and premium licensing,Open source og premium licensering,
ui_open_the_component_on_github_c1e5ee5,string,,Open the component on GitHub,Åbn komponenten på GitHub,
ui_open_this_panel_by_swiping_left_from_the_upper_671e63c,string,,Open this panel by swiping left from the upper-right edge of any page header.,Åbn dette panel ved at stryge til venstre fra den øverste højre kant af en sidehoved.,
ui_opening_dashboard_8e99930,string,,Opening dashboard…,Åbner betjeningspanelet...,
ui_openstreetmap_fa78a33,string,,OpenStreetMap,OpenStreetMap,
ui_optional_context_shown_by_the_lock_card_03f6814,string,,Optional context shown by the lock card,Valgfri kontekst vist af låsekortet,
ui_optional_controls_and_sensors_for_richer_dialogs_7a80e7b,string,,Optional controls and sensors for richer dialogs,Valgfrie kontroller og sensorer til fyldigere dialoger,
ui_optional_display_name_and_icon_override_f7a6cda,string,,Optional display name and icon override,Valgfri tilsidesættelse af visningsnavn og ikon,
ui_optional_fields_passed_to_home_assistant_54dffc6,string,,Optional fields passed to Home Assistant,Valgfrie felter videregivet til Home Assistant,don't translate Home Assistant
ui_optional_label_shown_when_name_is_enabled_above_8229e92,string,,"Optional label shown when ""Name"" is enabled above","Valgfri etiket vist, når ""Navn"" er aktiveret ovenfor",
ui_optional_name_and_icon_overrides_5dfd062,string,,Optional name and icon overrides,Valgfrit navn og ikon tilsidesætter,
ui_optional_name_and_icon_shown_above_this_stack_272f237,string,,Optional name and icon shown above this stack,Valgfrit navn og ikon vist over denne stak,
ui_optional_premium_5ae8183,string,,Optional Premium,Valgfri Premium,
ui_optional_support_for_development_and_testing_costs_5d6af95,string,,Optional support for development and testing costs,Valgfri support til udviklings- og testomkostninger,
ui_optional_title_and_dashboard_width_e04c6e8,string,,Optional title and dashboard width,Valgfri titel og dashboardbredde,
ui_optional_title_width_and_supported_shape_8b2e456,string,,"Optional title, width, and supported shape","Valgfri titel, bredde og understøttet form",
ui_options_6bf5da9,string,,Options,Valgmuligheder,
ui_organization_519255a,string,,Organization,Organisation,
ui_oscillate_3d3c9bd,string,,Oscillate,Oscillere,
ui_outside_cbbef8c,string,,OUTSIDE,UDEN FOR,
ui_outside_is_never_auto_detected_either_link_a_weather_eb8cc14,string,,"Outside is never auto-detected. Either link a weather entity (it usually carries temperature, humidity and pressure) or pick individual outdoor sensors below. The temperature feeds the Outside tile and the hero's outside reading.","Udenfor bliver aldrig automatisk registreret. Link enten en vejrentitet (den bærer normalt temperatur, fugtighed og tryk) eller vælg individuelle udendørssensorer nedenfor. Temperaturen føder den udvendige flis og heltens udelæsning.",
ui_outside_weather_entity_98e8465,string,,Outside weather entity,Udenfor vejr enhed,
ui_page_areas_1068b64,string,,Page areas,Sideområder,
ui_page_icon_b58a288,string,,Page icon,Sideikon,
ui_page_identity_dafa8dd,string,,Page identity,Sidens identitet,
ui_page_name_c99f51a,string,,Page name,Sidenavn,
ui_page_settings_0a44afc,string,,Page settings,Sideindstillinger,
ui_page_subtitle_8a04084,string,,Page subtitle,Side undertekst,
ui_parcel_9ddaaee,string,,Parcel,Parcel,
ui_parcels_16129ec,string,,Parcels,Pakker,
ui_parental_controls_c4f61d0,string,,Parental controls,Forældrekontrol,
ui_parental_controls_dashboard_sharing_and_permissions_b74e0c0,string,,"Parental controls, dashboard sharing, and permissions","Forældrekontrol, deling af dashboard og tilladelser",
ui_parental_controls_sharing_needs_the_hki_7_cloud_component_7929459,string,,Parental controls & sharing — needs the HKI 7 Cloud component,Forældrekontrol og deling — kræver komponenten HKI 7 Cloud,don't translate HKI 7 Cloud
ui_pause_781961b,string,,Pause,Pause,
ui_pause_adaptation_821b33e,string,,Pause adaptation,Pause tilpasning,
ui_pending_timer_dbf15fa,string,,Pending timer,Afventer timer,
ui_people_b37554f,string,,People,Mennesker,
ui_permission_needed_7c7a8e5,string,,Permission needed,Tilladelse nødvendig,
ui_permissions_d06d555,string,,Permissions,Tilladelser,
ui_person_settings_977e009,string,,Person settings,Personindstillinger,
ui_personal_information_used_throughout_hki_7_b7d1b08,string,,Personal information used throughout HKI 7,Personlige oplysninger brugt i hele HKI 7,don't translate HKI 7
ui_personalize_7602b35,string,,Personalize,Tilpas,
ui_persons_order_9fe91dc,string,,Persons order,Personer bestiller,
ui_phase_17619b8,string,,Phase %1$s,Fase %1$s,keep %1$s
ui_pick_a_carbon_footprint_device_ea1fe94,string,,Pick a carbon footprint device,Vælg en enhed med CO2-fodaftryk,
ui_pick_a_device_to_auto_fill_the_sensors_below_f396326,string,,Pick a device to auto-fill the sensors below,Vælg en enhed til automatisk at udfylde sensorerne nedenfor,
ui_pick_a_source_device_or_fine_tune_individual_roles_beb54f5,string,,Pick a source device or fine-tune individual roles,"Vælg en kildeenhed, eller finjuster individuelle roller",
ui_pick_a_starting_point_everything_remains_editable_340924e,string,,Pick a starting point; everything remains editable,Vælg et udgangspunkt; alt forbliver redigerbart,
ui_pickup_b6da461,string,,Pickup: %1$s,Afhentning: %1$s,keep %1$s
ui_pin_3adadd3,string,,PIN,STIFT,
ui_place_this_room_in_the_correct_floor_group_52c044a,string,,Place this room in the correct floor group,Placer dette rum i den rigtige etagegruppe,
ui_placement_ab89d05,string,,Placement,Placering,
ui_playback_c8e3087,string,,Playback,Afspilning,
ui_player_e53407c,string,,Player,Spiller,
ui_players_summarized_by_the_room_header_and_card_729ea70,string,,Players summarized by the room header and card,Spillere opsummeret af rummets overskrift og kort,
ui_please_wait_5afeca7,string,,Please wait…,Vent venligst...,
ui_position_d0b0314,string,,POSITION,POSITION,
ui_postal_code_optional_b86b6a2,string,,Postal code (optional),Postnummer (valgfrit),
ui_power_c2b6b52,string,,POWER,MAGT,
ui_power_overview_a204dd7,string,,Power overview,Power oversigt,
ui_power_per_phase_1f38fb0,string,,Power per phase,Strøm pr. fase,
ui_precipitation_60d5e73,string,,Precipitation,Nedbør,
ui_premium_icon_packs_animated_icons_and_artwork_premium_them_6363fef,string,,"Premium icon packs, animated icons and artwork, premium themes, entitlement services, and any separately marked premium modules are not covered by MPL-2.0. They remain proprietary and are licensed for personal use through a valid Premium entitlement.","Premium-ikonpakker, animerede ikoner og kunstværker, premium-temaer, berettigelsestjenester og eventuelle særskilt mærkede premium-moduler er ikke dækket af MPL-2.0. De forbliver proprietære og er licenseret til personlig brug gennem en gyldig Premium-rettighed.",
ui_presets_6891289,string,,PRESETS,FORUDINDSTILLINGER,
ui_presets_e709e76,string,,Presets,Forudindstillinger,
ui_press_ea683ad,string,,Press,Trykke,
ui_prevents_android_from_delaying_battery_charging_and_presen_623b898,string,,"Prevents Android from delaying battery, charging, and presence updates while the device is idle.","Forhindrer Android i at forsinke batteri, opladning og tilstedeværelsesopdateringer, mens enheden er inaktiv.",
ui_previous_camera_5014da7,string,,Previous camera,Tidligere kamera,
ui_produced_5028c07,string,,Produced %1$s,Produceret %1$s,keep %1$s
ui_production_overview_fbbfc38,string,,Production overview,Produktionsoversigt,
ui_profile_ff4fc02,string,,Profile,Profil,
ui_profile_switches_affect_every_light_assigned_to_19ba9ec,string,,Profile switches affect every light assigned to %1$s.,"Profilkontakter påvirker hvert lys, der er tildelt %1$s.",keep %1$s
ui_profiles_0c2a930,string,,Profiles,Profiler,
ui_project_information_licensing_and_community_support_9fc47d6,string,,"Project information, licensing, and community support","Projektinformation, licensering og fællesskabsstøtte",
ui_publish_one_of_your_dashboards_to_your_family_recipients_88c1d49,string,,Publish one of your dashboards to your family. Recipients import it from Settings › Dashboard and can pull updates later. Set what they may change under Permissions.,"Udgiv et af dine dashboards til din familie. Modtagere importerer det fra Indstillinger › Dashboard og kan hente opdateringer senere. Indstil, hvad de kan ændre under Tilladelser.",
ui_published_to_your_family_33fc8da,string,,Published to your family,Udgivet til din familie,
ui_pulse_8439fc4,string,,pulse,puls,
ui_pulsescale_939f5c2,string,,pulseScale,pulsskala,
ui_push_delivery_and_history_aa3e29d,string,,Push delivery and history,Push levering og historie,
ui_push_my_changes_now_ddff3f6,string,,Push my changes now,Skub mine ændringer nu,
ui_pushing_3c52088,string,,Pushing…,Skubber...,
ui_quick_actions_e47e804,string,,Quick actions,Hurtige handlinger,
ui_quick_start_gesture_23ee6fe,string,,quick_start_gesture,quick_start_gesture,
ui_rain_0a858c9,string,,Rain,Regn,
ui_rain_map_7c1862a,string,,Rain map,Regn kort,
ui_rain_map_image_url_0c47012,string,,Rain map image URL,URL til billede af regnkort,
ui_rain_map_url_iframe_3f22653,string,,Rain map URL (iframe),Regnkort-URL (iframe),
ui_re_import_batteries_9473d07,string,,Re-import batteries,Genimporter batterier,
ui_re_import_batteries_f3b8458,string,,Re-import Batteries,Genimporter batterier,
ui_re_import_climate_3ed098c,string,,Re-import climate,Re-import klima,
ui_re_import_climate_f7f5678,string,,Re-import Climate,Re-import klima,
ui_re_import_energy_9e66bbb,string,,Re-import Energy,Genimport af energi,
ui_re_import_energy_c0b0fcc,string,,Re-import energy,Genimporter energi,
ui_re_import_rooms_6cc58f9,string,,Re-import rooms,Re-import værelser,
ui_re_import_rooms_b49077d,string,,Re-import Rooms,Re-import værelser,
ui_re_import_security_411e76d,string,,Re-import Security,Genimport Sikkerhed,
ui_re_import_security_fcf0ad8,string,,Re-import security,Genimport sikkerhed,
ui_read_only_home_assistant_automation_46d25b7,string,,Read-only Home Assistant automation,Skrivebeskyttet Home Assistant automatisering,don't translate Home Assistant
ui_read_the_full_mpl_2_0_4d68c7d,string,,Read the full MPL 2.0,Læs hele MPL 2.0,
ui_ready_20c7c55,string,,Ready,Parat,
ui_receive_home_assistant_alerts_and_actionable_notifications_386435f,string,,Receive Home Assistant alerts and actionable notifications on this device.,Modtag Home Assistant underretninger og handlingsrettede meddelelser på denne enhed.,don't translate Home Assistant
ui_recipes_create_regular_home_assistant_automations_you_can_a81bf72,string,,Recipes create regular Home Assistant automations. You can continue editing them in either HKI7 or Home Assistant.,Opskrifter skaber regelmæssige Home Assistant automatiseringer. Du kan fortsætte med at redigere dem i enten HKI7 eller Home Assistant.,"don't translate Home Assistant, HKI7"
ui_recommended_e37d21e,string,,RECOMMENDED,ANBEFALET,
ui_recording_09b5b61,string,,Recording · ,Optagelse ·,keep the space at the start/end
ui_refresh_56e3bad,string,,Refresh,Opfriske,
ui_refresh_connection_46966aa,string,,Refresh Connection,Opdater forbindelse,
ui_refresh_interval_f086d9d,string,,Refresh interval,Opdateringsinterval,
ui_relock_after_4db5c55,string,,Relock after,Lås igen efter,
ui_remote_access_is_ready_0e26b5a,string,,Remote access is ready.,Fjernadgang er klar.,
ui_remote_access_optional_75dd54d,string,,Remote access (optional),Fjernadgang (valgfrit),
ui_remove_436e1a0,string,,Remove %1$s?,Vil du fjerne %1$s?,keep %1$s
ui_remove_avatar_58e0c56,string,,Remove avatar,Fjern avatar,
ui_remove_e963907,string,,Remove,Fjerne,
ui_remove_edits_and_import_all_7f0b4a1,string,,Remove edits and import all,Fjern redigeringer og importer alle,
ui_removed_entities_559c584,string,,Removed entities (%1$s),Fjernede enheder (%1$s),keep %1$s
ui_removed_entities_6dbeb2d,string,,Removed entities,Fjernede enheder,
ui_removed_entities_are_excluded_from_cards_graphs_tiles_and_628e91a,string,,"Removed entities are excluded from cards, graphs, tiles and averages. Tap ✕ to restore.","Fjernede enheder er udelukket fra kort, grafer, fliser og gennemsnit. Tryk på ✕ for at gendanne.",
ui_rename_d3f4cb8,string,,Rename,Omdøb,
ui_rename_dashboard_ceb1d6d,string,,Rename dashboard,Omdøb dashboard,
ui_rename_home_assistant_f1a0d6f,string,,Rename Home Assistant,Omdøb Home Assistant,don't translate Home Assistant
ui_rename_players_and_choose_which_ones_may_show_the_212864f,string,,Rename players and choose which ones may show the mini player above the navigation bar while playing.,"Omdøb spillere, og vælg, hvilke der må vise miniafspilleren over navigationslinjen, mens de spiller.",
ui_rename_players_and_mini_player_visibility_8d0e1f7,string,,Rename players and mini player visibility,Omdøb spillere og minispillers synlighed,
ui_rendering_style_and_history_range_be872e9,string,,Rendering style and history range,Gengivelsesstil og historieområde,
ui_reorder_and_hide_tabs_39de701,string,,Reorder and hide tabs,Omarranger og skjul faner,
ui_reorder_cameras_b226c47,string,,Reorder cameras,Genbestil kameraer,
ui_reorder_cards_147ed64,string,,Reorder cards,Genbestil kort,
ui_reorder_devices_8bcc061,string,,Reorder devices,Genbestil enheder,
ui_repeat_659eba1,string,,Repeat,Gentage,
ui_repeats_every_day_only_the_time_of_day_is_a71f502,string,,Repeats every day — only the time of day is used.,Gentages hver dag - kun tidspunktet på dagen bruges.,
ui_repeats_every_month_only_the_day_of_the_month_93ca445,string,,Repeats every month — only the day of the month and time are used.,Gentages hver måned — kun månedsdagen og klokkeslættet bruges.,
ui_repeats_every_week_only_the_weekday_and_time_are_8f36757,string,,Repeats every week — only the weekday and time are used.,Gentages hver uge - kun ugedag og tid bruges.,
ui_repeats_every_year_the_year_is_ignored_so_e_a661f32,string,,"Repeats every year — the year is ignored, so e.g. 24–26 Dec recurs each Christmas.","Gentages hvert år — året ignoreres, så f.eks. 24.-26. december gentages hver jul.",
ui_require_an_extra_gesture_or_pin_before_actions_run_19ae393,string,,Require an extra gesture or PIN before actions run,"Kræv en ekstra gestus eller pinkode, før handlinger kører",
ui_required_9100e2e,string,, (required),(påkrævet),keep the space at the start/end
ui_required_state_bdc9c95,string,,Required state,Påkrævet tilstand,
ui_reset_44c57ab,string,,Reset,Nulstil,
ui_reset_everything_2d6cd07,string,,Reset Everything,Nulstil alt,
ui_restart_b134bd5,string,,Restart,Genstart,
ui_restart_home_assistant_0206bf0,string,,Restart Home Assistant?,Genstart Home Assistant?,don't translate Home Assistant
ui_restart_home_assistant_551322c,string,,Restart Home Assistant,Genstart Home Assistant,don't translate Home Assistant
ui_restarting_b86eee1,string,,Restarting…,Genstarter...,
ui_restore_3cbe6d6,string,,Restore,Gendan,
ui_restore_backup_a65eaa8,string,,Restore backup,Gendan backup,
ui_restore_from_cloud_52b6663,string,,Restore from cloud,Gendan fra skyen,
ui_restore_from_home_assistant_13aec1d,string,,Restore from Home Assistant,Gendan fra Home Assistant,don't translate Home Assistant
ui_resume_adaptation_ac73b12,string,,Resume adaptation,Genoptag tilpasning,
ui_resume_b3bd0b5,string,,Resume,Genoptage,
ui_reverse_57f9933,string,,Reverse,Bagside,
ui_right_954daa8,string,,Right,Højre,
ui_right_side_overflows_left_d75893d,string,,Right side overflows left,Højre side flyder over venstre,
ui_room_areas_584c8ee,string,,Room areas,Rum områder,
ui_room_climate_c57811d,string,,Room climate,Værelsesklima,
ui_room_name_8605e33,string,,Room name,Værelsesnavn,
ui_room_scale_6602c22,string,,room-scale,rum-skala,
ui_rooms_3a28d6f,string,,Rooms,Værelser,
ui_rooms_are_imported_2ef3415,string,,Rooms are imported,Værelser er importeret,
ui_rooms_in_auto_mode_are_imported_from_home_assistant_c583d84,string,,Rooms in auto mode are imported from Home Assistant. Switch to manual or take over the current dashboard to add widgets by hand.,Rum i automatisk tilstand importeres fra Home Assistant. Skift til manuel eller overtag det aktuelle dashboard for at tilføje widgets manuelt.,don't translate Home Assistant
ui_rotation_acaf322,string,,rotation,rotation,
ui_roundness_of_buttons_cards_and_widgets_3573fff,string,,"Roundness of buttons, cards and widgets","Rundhed af knapper, kort og widgets",
ui_run_b1b3926,string,,Run,Løbe,
ui_run_mode_12ce660,string,,Run mode,Kør tilstand,
ui_running_state_entity_3c8ffde,string,,Running-state entity,Entitet i kørende tilstand,
ui_s_02aa629,string,,S,S,
ui_s_are_81c69ca,string,,s are,s er,
ui_s_refresh_10a9b0b,string,,%1$ss refresh,%1$ss opdatering,keep %1$s
ui_save_efc007a,string,,Save,Spare,
ui_save_in_home_assistant_eacb2ce,string,,Save in Home Assistant,Gem i Home Assistant,don't translate Home Assistant
ui_save_local_network_7f0247d,string,,Save Local Network,Gem lokalt netværk,
ui_save_or_restore_dashboard_configuration_be8f39f,string,,Save or restore dashboard configuration,Gem eller gendan dashboard-konfiguration,
ui_save_profile_f597c0e,string,,Save profile,Gem profil,
ui_save_remote_access_05740bc,string,,Save Remote Access,Gem fjernadgang,
ui_saved_directly_in_the_native_automation_734f9ba,string,,Saved directly in the native automation,Gemt direkte i den oprindelige automatisering,
ui_saving_56a2285,string,,Saving…,Gemmer...,
ui_scanning_36c4a06,string,,Scanning…,Scanner...,
ui_scheduled_1cd1bda,string,,Scheduled,Planlagt,
ui_search_actions_9313854,string,,Search actions,Søgehandlinger,
ui_search_automations_9172ba9,string,,Search automations,Søgeautomatiseringer,
ui_search_batteries_a63e58b,string,,Search batteries,Søg efter batterier,
ui_search_bce0641,string,,Search,Søge,
ui_search_by_name_28abc03,string,,Search by name,Søg på navn,
ui_search_devices_2ce0b70,string,,Search devices,Søg efter enheder,
ui_search_entities_7c70008,string,,Search entities,Søg efter enheder,
ui_search_f54fbca,string,,Search…,Søge…,
ui_search_filters_3d10e32,string,,Search & filters,Søg og filtre,
ui_search_sort_9fe6cb4,string,,Search & sort,Søg og sorter,
ui_search_the_material_design_icon_library_2a2aa8d,string,,Search the Material Design icon library,Søg i Material Design-ikonbiblioteket,
ui_search_widgets_9525879,string,,Search widgets,Søg efter widgets,
ui_season_62255f5,string,,Season,Sæson,
ui_season_card_flip_6683142,string,,season-card-flip,sæson-kort-flip,
ui_secondary_line_ca81690,string,,Secondary line,Sekundær linje,
ui_seconds_5fb1db5,string,,Seconds,Sekunder,
ui_securitydoor_929c4fc,string,,securityDoor,sikkerhedsdør,
ui_securitygarage_499e9f7,string,,securityGarage,sikkerhedsgarage,
ui_securitygate_0743480,string,,securityGate,sikkerhedsGate,
ui_securityhouse_08bd121,string,,securityHouse,sikkerhedshus,
ui_securityphase_f4739f6,string,,securityPhase,sikkerhedsfase,
ui_securitypulse_5340cf8,string,,securityPulse,sikkerhedPulse,
ui_securitywindow_4619bf3,string,,securityWindow,sikkerhedsvindue,
ui_select_0fc8ec5,string,,Select %1$s,Vælg %1$s,keep %1$s
ui_select_a_mode_to_continue_0426fc8,string,,Select a mode to continue,Vælg en tilstand for at fortsætte,
ui_select_an_effect_to_turn_it_on_75d9bec,string,,Select an effect to turn it on,Vælg en effekt for at slå den til,
ui_select_an_inverter_device_in_energy_settings_solar_to_4a0aade,string,,Select an inverter device in Energy Settings → Solar to list its inverters here.,Vælg en inverter-enhed i Energiindstillinger → Solar for at vise dens invertere her.,
ui_select_an_option_08d7aa3,string,,Select an option,Vælg en mulighed,
ui_select_battery_devices_bfc9841,string,,Select Battery Devices,Vælg Batterienheder,
ui_select_battery_entities_b08b299,string,,Select Battery Entities,Vælg Batterienheder,
ui_select_battery_sensor_51f1222,string,,Select Battery Sensor,Vælg Batterisensor,
ui_select_calendars_and_the_view_shown_first_d5c38b5,string,,Select calendars and the view shown first,"Vælg kalendere og den visning, der vises først",
ui_select_calendars_e26b0da,string,,Select Calendars,Vælg Kalendere,
ui_select_camera_70cf6fb,string,,Select Camera,Vælg Kamera,
ui_select_climate_card_18f3b6e,string,,Select Climate Card,Vælg Klimakort,
ui_select_device_87a4751,string,,Select Device,Vælg Enhed,
ui_select_door_sensor_f345fbf,string,,Select Door Sensor,Vælg Dørsensor,
ui_select_empty_bin_control_d992252,string,,Select Empty Bin Control,Vælg Empty Bin Control,
ui_select_energy_card_9b5bf0c,string,,Select Energy Card,Vælg Energikort,
ui_select_entities_affed45,string,,Select Entities,Vælg Enheder,
ui_select_entity_4b3713e,string,,Select Entity,Vælg Entitet,
ui_select_forecast_entities_f0ec511,string,,Select Forecast Entities,Vælg prognoseenheder,
ui_select_humidity_sensor_8192d0e,string,,Select Humidity Sensor,Vælg fugtighedssensor,
ui_select_map_camera_d5ae262,string,,Select Map Camera,Vælg Kortkamera,
ui_select_media_player_73f4f5b,string,,Select Media Player,Vælg Medieafspiller,
ui_select_media_players_e0da90e,string,,Select Media Players,Vælg Medieafspillere,
ui_select_outside_3593063,string,,Select outside %1$s,Vælg uden for %1$s,keep %1$s
ui_select_running_state_entity_136482a,string,,Select running-state entity,Vælg enheden i kørende tilstand,
ui_select_sensor_2564e1a,string,,Select Sensor,Vælg Sensor,
ui_select_sensors_5141d75,string,,Select Sensors,Vælg sensorer,
ui_select_speed_control_20f7efa,string,,Select speed control,Vælg hastighedskontrol,
ui_select_target_entity_654e6ac,string,,Select Target Entity,Vælg Målenhed,
ui_select_temperature_sensor_821f54c,string,,Select Temperature Sensor,Vælg Temperatursensor,
ui_select_the_alarm_panels_summarized_by_this_pill_f9b23e6,string,,Select the alarm panels summarized by this pill,Vælg alarmpanelerne opsummeret af denne pille,
ui_select_to_auto_detect_map_battery_and_controls_72bc9d7,string,,"Select to auto-detect map, battery and controls","Vælg for automatisk at registrere kort, batteri og kontroller",
ui_select_to_auto_fill_helper_entities_below_84a8833,string,,Select to auto-fill helper entities below,Vælg at automatisk udfylde hjælpeenheder nedenfor,
ui_select_vacuum_4663021,string,,Select Vacuum,Vælg Vakuum,
ui_select_vacuum_entity_dbda6f4,string,,Select Vacuum Entity,Vælg Vacuum Entity,
ui_select_vacuums_7c2d22a,string,,Select Vacuums,Vælg Støvsugere,
ui_select_waste_sensors_6006d5f,string,,Select Waste Sensors,Vælg Affaldssensorer,
ui_select_water_level_562845a,string,,Select Water Level,Vælg Vandstand,
ui_select_weather_2357e9d,string,,Select Weather,Vælg Vejr,
ui_select_weather_entity_d489986,string,,Select Weather Entity,Vælg Weather Entity,
ui_select_week_calendar_640f382,string,,Select Week Calendar,Vælg Ugekalender,
ui_selected_61ed328,string,,%1$s selected,%1$s valgt,keep %1$s
ui_selected_b82aaa5,string,,%1$s · Selected,%1$s · Valgt,keep %1$s
ui_selected_for_this_card_3c4a588,string,,%1$s selected for this card,%1$s valgt til dette kort,keep %1$s
ui_sensor_620ec21,string,,%1$s sensor%2$s,%1$s sensor%2$s,keep %1$s %2$s
ui_sensor_efb9fbf,string,,SENSOR,SENSOR,
ui_sensor_graphs_5eb3573,string,,Sensor Graphs,Sensor grafer,
ui_sensor_picture_c3a0ed2,string,,Sensor picture,Sensor billede,
ui_sensors_711bf35,string,,Sensors,Sensorer,
ui_sensors_and_an_optional_week_calendar_399bad3,string,,Sensors and an optional week calendar,Sensorer og en valgfri ugekalender,
ui_sensors_are_found_automatically_by_device_class_add_sensor_150bab5,string,,%1$s sensors are found automatically by device class; add sensors missing that class here.,"%1$s sensorer findes automatisk efter enhedsklasse; tilføje sensorer, der mangler den klasse her.",keep %1$s
ui_separate_commercial_content_0408620,string,,Separate commercial content,Separat kommercielt indhold,
ui_server_url_1d5d1ef,string,,Server URL,Server URL,
ui_services_data_7864c0a,string,,Services & data,Tjenester & data,
ui_session_f7f1997,string,,Session,Session,
ui_set_448ab73,string,,Set,Sæt,
ui_set_a_rain_map_image_url_in_this_widget_03729b8,string,,Set a rain map image URL in this widget's settings,Indstil en URL til et regnkortbillede i denne widgets indstillinger,
ui_set_the_control_style_for_every_thermostat_on_this_de5cd1e,string,,Set the control style for every thermostat on this Climate page. Standalone climate widgets keep their own layout settings.,Indstil kontrolstilen for hver termostat på denne klimaside. Standalone klima-widgets beholder deres egne layoutindstillinger.,
ui_set_what_each_person_may_do_per_user_like_aa86ea2,string,,"Set what each person may do — per user, like the hidden views above. These apply when they use a dashboard you shared.","Indstil, hvad hver person må gøre - pr. bruger, som de skjulte visninger ovenfor. Disse gælder, når de bruger et dashboard, du har delt.",
ui_settings_c7f73bb,string,,Settings,Indstillinger,
ui_setup_changed_b184bf0,string,,Setup changed,Opsætning ændret,
ui_setup_progress_1a8adef,string,,Setup progress,Opsætningsfremskridt,
ui_shape_and_width_on_the_dashboard_c89fefa,string,,Shape and width on the dashboard,Form og bredde på instrumentbrættet,
ui_shape_ea5c1a2,string,,Shape,Form,
ui_shape_visible_information_and_icon_behavior_63dec1c,string,,"Shape, visible information, and icon behavior","Form, synlig information og ikonadfærd",
ui_share_09ca55c,string,,Share,Dele,
ui_share_b300e5f,string,,"Share ""%1$s""","Del ""%1$s""",keep %1$s
ui_share_dashboards_0917ff1,string,,Share dashboards,Del dashboards,
ui_shared_dashboard_86876c0,string,,Shared dashboard,Delt dashboard,
ui_shared_with_me_f40ca84,string,,Shared with me,Delt med mig,
ui_sharing_ad00590,string,,Sharing…,Deler...,
ui_show_a_descending_timer_when_the_value_is_a_1ae7350,string,,"Show a descending timer when the value is a completion time (e.g. a washer/dryer finish time). Active while counting, off at zero.","Vis en faldende timer, når værdien er en færdiggørelsestid (f.eks. sluttidspunktet for en vaskemaskine/tørretumbler). Aktiv mens der tælles, slukket ved nul.",
ui_show_a_live_radar_rain_map_card_a_camera_a0e11c8,string,,Show a live radar/rain map card — a camera entity or an embedded web page (iframe),Vis et live radar-/regnkort - en kameraenhed eller en integreret webside (iframe),
ui_show_activity_badge_f5d56bb,string,,Show activity badge,Vis aktivitetsmærke,
ui_show_badge_bar_827499b,string,,Show badge bar,Vis badge bar,
ui_show_flows_button_9e888be,string,,Show flows button,Knappen Vis flows,
ui_show_global_search_e7aefbe,string,,Show global search,Vis global søgning,
ui_show_group_380c43e,string,,Show group,Vis gruppe,
ui_show_in_header_43f0dfd,string,,Show in header,Vis i overskrift,
ui_show_persons_c4e81a0,string,,Show persons,Vis personer,
ui_show_the_automations_flows_button_16254ce,string,,Show the automations (flows) button,Vis knappen for automatiseringer (flows).,
ui_show_the_entity_s_state_or_one_of_its_1008a4d,string,,"Show the entity's state, or one of its attributes instead",Vis enhedens tilstand eller en af dens attributter i stedet for,
ui_show_the_entity_s_state_or_one_of_its_e721168,string,,"Show the entity's state, or one of its attributes instead.",Vis enhedens tilstand eller en af dens attributter i stedet for.,
ui_show_the_global_search_button_0517d8b,string,,Show the global search button,Vis den globale søgeknap,
ui_show_widget_name_5ad7fc9,string,,Show widget name,Vis widgetnavn,
ui_shown_b1015a1,string,,%1$s shown,%1$s vist,keep %1$s
ui_shows_an_icon_matching_the_waste_type_gft_pmd_1966fe0,string,,"Shows an icon matching the waste type (GFT, PMD, paper, …).","Viser et ikon, der matcher affaldstypen (GFT, PMD, papir, …).",
ui_side_split_alignment_b9c5399,string,,Side (split alignment),Side (opdelt justering),
ui_sign_out_safely_or_reset_this_installation_681fac2,string,,Sign out safely or reset this installation,"Log sikkert ud, eller nulstil denne installation",
ui_signing_you_in_10d0636,string,,Signing you in…,Logger dig ind...,
ui_size_shape_and_artwork_4bb38bb,string,,"Size, shape, and artwork","Størrelse, form og kunst",
ui_size_shape_and_background_24dd9b6,string,,"Size, shape, and background","Størrelse, form og baggrund",
ui_snapshot_b08ae37,string,,Snapshot,Snapshot,
ui_solar_0e26539,string,,Solar,Solar,
ui_solar_noon_599372c,string,,Solar noon %1$s,Solar middag %1$s,keep %1$s
ui_sort_d5f73d6,string,,Sort: %1$s,Sorter: %1$s,keep %1$s
ui_source_and_card_refresh_behavior_0a26324,string,,Source and card refresh behavior,Kilde- og kortopdateringsadfærd,
ui_source_device_4ddad2a,string,,Source device,Kildeenhed,
ui_span_badges_58c73f2,string,,Span badges,Span badges,
ui_speed_265ffc5,string,,SPEED,HASTIGHED,
ui_speed_control_89a2786,string,,Speed control,Hastighedskontrol,
ui_spin_a801301,string,,spin,spin,
ui_square_82810cb,string,,Square,Firkant,
ui_stack_cards_8bdc343,string,,Stack Cards,stak kort,
ui_stack_layout_1623679,string,,Stack layout,Stak layout,
ui_stack_name_7507e93,string,,Stack name,Staknavn,
ui_stack_page_3d91ce9,string,,stack_page,stak_side,
ui_stack_title_46ccc2d,string,,Stack title,Staktitel,
ui_stack_title_cc2f1ed,string,,Stack Title,Stak titel,
ui_stacks_249f056,string,,Stacks,Stabler,
ui_standard_2dfa660,string,,Standard,Standard,
ui_start_24758a5,string,,Start: %1$s,Start: %1$s,keep %1$s
ui_start_empty_25336ee,string,,Start empty,Start tom,
ui_start_empty_888db50,string,,Start Empty,Start tom,
ui_start_new_dashboard_8c71127,string,,Start new dashboard?,Vil du starte nyt dashboard?,
ui_start_with_a_useful_recipe_then_adjust_each_step_d560a2a,string,,"Start with a useful recipe, then adjust each step","Start med en nyttig opskrift, og juster derefter hvert trin",
ui_state_a725020,string,,State,Tilstand,
ui_state_bef84bb,string,,STATE,TILSTAND,
ui_state_text_6749c0a,string,,State text,Angiv tekst,
ui_stream_df06386,string,,Stream,Strøm,
ui_style_99a0efc,string,,Style,Stil,
ui_sunrise_and_sunset_data_unavailable_3295324,string,,Sunrise and sunset data unavailable,Data om solopgang og solnedgang er ikke tilgængelige,
ui_sunrise_fadf71c,string,,Sunrise,Solopgang,
ui_sunset_181bcd5,string,,Sunset,Solnedgang,
ui_support_f32d5a3,string,,Support,Støtte,
ui_support_via_buy_me_a_coffee_d7dadd1,string,,Support via Buy Me a Coffee,Support via Køb mig en kaffe,
ui_support_via_paypal_7184a5d,string,,Support via PayPal,Support via PayPal,
ui_support_without_premium_0a4aebd,string,,Support without Premium,Support uden Premium,
ui_supports_headings_lists_quotes_code_bold_italic_code_strik_e295744,string,,"Supports # headings, lists, > quotes, ``` code, **bold**, *italic*, `code`, ~~strike~~ and [links](https://…).","Understøtter # overskrifter, lister, > citater, ``` kode, **fed**, *kursiv*, `kode`, ~~strike~~ og [links](https://...).",
ui_swing_65d8d45,string,,Swing,Svinge,
ui_swing_horizontal_c166cda,string,,Swing (horizontal),Gynge (vandret),
ui_swipe_left_from_the_upper_right_edge_of_a_416c467,string,,Swipe left from the upper-right edge of a page header to switch homes at any time.,Stryg til venstre fra den øverste højre kant af en sidehoved for at skifte hjem til enhver tid.,
ui_switch_b02cbd9,string,,SWITCH,SKIFTE,
ui_switch_home_e6ceda2,string,,Switch home,Skift hjem,
ui_system_dark_theme_c7e4ff9,string,,System Dark Theme,System mørkt tema,
ui_system_light_theme_5bc7623,string,,System Light Theme,System Light Theme,
ui_systems_idle_584a6f0,string,,Systems idle,Systemer inaktive,
ui_t_c2c53d6,string,,T,T,
ui_tabs_and_media_controls_shown_throughout_the_app_5d9c1ff,string,,Tabs and media controls shown throughout the app,Faner og mediekontroller vises i hele appen,
ui_tap_here_or_use_the_button_while_edit_mode_8baf490,string,,Tap here or use the + button while edit mode is active to add widgets to this stack.,"Tryk her eller brug knappen +, mens redigeringstilstand er aktiv, for at tilføje widgets til denne stak.",
ui_tap_here_or_use_the_button_while_edit_mode_b06aac5,string,,Tap here or use the + button while edit mode is active to add entities to this stack.,"Tryk her eller brug knappen +, mens redigeringstilstand er aktiv, for at tilføje enheder til denne stak.",
ui_tap_hold_and_dialog_quick_actions_2052817,string,,"Tap, hold, and dialog quick actions","Tryk, hold og dialog hurtige handlinger",
ui_tap_share_to_publish_or_update_d185341,string,,Tap Share to publish or update,Tryk på Del for at udgive eller opdatere,
ui_tap_to_add_a_weather_card_a3508a9,string,,Tap + to add a weather card,Tryk på + for at tilføje et vejrkort,
ui_tap_to_load_0c49cab,string,,Tap to load,Tryk for at indlæse,
ui_tap_x_to_restore_an_entity_to_the_battery_ad0eb75,string,,Tap X to restore an entity to the battery page.,Tryk på X for at gendanne en enhed til batterisiden.,
ui_target_49d76ad,string,,TARGET (%1$s–%2$s%%),MÅL (%1$s–%2$s%%),keep %1$s %2$s
ui_target_61ad50a,string,,Target,Mål,
ui_target_entity_optional_cdb68af,string,,Target entity (optional),Målenhed (valgfrit),
ui_target_f762108,string,,TARGET,MÅL,
ui_technology_d018b08,string,,Technology,Teknologi,
ui_temperature_0a9062a,string,,Temperature,Temperatur,
ui_temperature_and_humidity_sources_for_the_room_8960580,string,,Temperature and humidity sources for the room,Temperatur- og fugtkilder til rummet,
ui_temperature_cc6906a,string,,TEMPERATURE,TEMPERATUR,
ui_temperature_sensor_graphed_in_activity_1088c3d,string,,Temperature sensor (graphed in Activity),Temperatursensor (graferet i aktivitet),
ui_text_054812c,string,,%1$s +%2$s,%1$s +%2$s,keep %1$s %2$s
ui_text_0726b05,string,,%1$s%2$s,%1$s%2$s,keep %1$s %2$s
ui_text_16b6ffd,string,,-%1$s,-%1$s,keep %1$s
ui_text_2cd9114,string,,%1$s (%2$s),%1$s (%2$s),keep %1$s %2$s
ui_text_2fb8748,string,,%1$s · ,%1$s ·,keep %1$s; keep the space at the start/end
ui_text_33e0751,string,,.%1$s,.%1$s,keep %1$s
ui_text_42cae2b,string,,  %1$s°,%1$s°,keep %1$s; keep the space at the start/end
ui_text_4ad598c,string,, · %1$s%%,· %1$s%%,keep %1$s; keep the space at the start/end
ui_text_5256c76,string,,↑ %1$s,↑ %1$s,keep %1$s
ui_text_59f6071,string,,%1$s - %2$s,%1$s - %2$s,keep %1$s %2$s
ui_text_68fdf13,string,,%1$s.,%1$s.,keep %1$s
ui_text_78c505f,string,,%1$s %2$s,%1$s %2$s,keep %1$s %2$s
ui_text_7c73907,string,,↓ %1$s,↓ %1$s,keep %1$s
ui_text_7f1f581,string,,%1$s°,%1$s°,keep %1$s
ui_text_89a38e4,string,,%1$s…,%1$s...,keep %1$s
ui_text_8f71dfd,string,,%1$s. %2$s,%1$s. %2$s,keep %1$s %2$s
ui_text_96dfbd3,string,,%1$s: %2$s%3$s,%1$s: %2$s%3$s,keep %1$s %2$s %3$s
ui_text_9704d5c,string,,%1$s/%2$s - ,%1$s/%2$s -,keep %1$s %2$s; keep the space at the start/end
ui_text_98d3f75,string,,✓ %1$s,✓ %1$s,keep %1$s
ui_text_9e5a283,string,,%1$s×,%1$s×,keep %1$s
ui_text_a105b80,string,,%1$s/%2$s,%1$s/%2$s,keep %1$s %2$s
ui_text_be10035,string,, · %1$s,· %1$s,keep %1$s; keep the space at the start/end
ui_text_c1aacd9,string,,%1$s · %2$s,%1$s · %2$s,keep %1$s %2$s
ui_text_c3328c3,string,,Text,Tekst,
ui_text_c79f712,string,,%1$s,%1$s,keep %1$s
ui_text_cc9d930,string,,%1$s — %2$s %3$s,%1$s — %2$s %3$s,keep %1$s %2$s %3$s
ui_text_df0282e,string,,%1$s: %2$s,%1$s: %2$s,keep %1$s %2$s
ui_text_f168b71,string,,+%1$s,+%1$s,keep %1$s
ui_text_fc9db15,string,,%1$s%%,%1$s%%,keep %1$s
ui_text_size_boldness_and_font_family_365f489,string,,"Text size, boldness and font family","Tekststørrelse, fedhed og skrifttypefamilie",
ui_that_profile_35adbf0,string,,that profile,den profil,
ui_the_effect_used_when_a_button_s_animation_is_7cce891,string,,"The effect used when a button's animation is set to ""Auto"". You can still override any individual button.","Effekten, der bruges, når en knaps animation er indstillet til ""Auto"". Du kan stadig tilsidesætte enhver individuel knap.",
ui_the_exact_dates_you_pick_leave_a_bound_as_19357e8,string,,"The exact dates you pick. Leave a bound as ""Any"" for an open-ended range.","De nøjagtige datoer, du vælger. Efterlad en grænse som ""Alle"" for et åbent område.",
ui_the_heading_shown_between_dashboard_sections_b03805f,string,,The heading shown between dashboard sections,Overskriften vist mellem dashboardsektioner,
ui_the_hki_7_community_source_code_is_free_and_f4f3f51,string,,"The HKI 7 community source code is free and open source under the Mozilla Public License 2.0. You may use, study, modify, and redistribute it. When you distribute modified MPL-covered files, those files and their source must remain available under MPL-2.0.","HKI 7-fællesskabets kildekode er gratis og åben kildekode under Mozilla Public License 2.0. Du kan bruge, studere, ændre og videredistribuere det. Når du distribuerer ændrede MPL-dækkede filer, skal disse filer og deres kilde forblive tilgængelige under MPL-2.0.",don't translate HKI 7
ui_the_hki_7_name_and_logos_are_project_trademarks_985ffec,string,,"The HKI 7 name and logos are project trademarks and are not granted for misleading redistribution. Home Assistant and other third-party names, libraries, fonts, and artwork remain subject to their respective licenses and trademarks. The software is provided without warranty, as described by MPL-2.0.","HKI 7 navn og logoer er projektvaremærker og er ikke givet til vildledende omfordeling. Home Assistant og andre tredjepartsnavne, biblioteker, skrifttyper og kunstværker forbliver underlagt deres respektive licenser og varemærker. Softwaren leveres uden garanti, som beskrevet af MPL-2.0.","don't translate Home Assistant, HKI 7"
ui_the_interface_is_built_with_jetpack_compose_coroutines_and_fe7f52d,string,,"The interface is built with Jetpack Compose. Coroutines and Flow handle live state, while JSON and YAML-compatible data keep HKI 7 connected with Home Assistant.","Interfacet er bygget med Jetpack Compose. Coroutines og Flow håndterer live-tilstand, mens JSON- og YAML-kompatible data holder HKI 7 forbundet med Home Assistant.","don't translate Home Assistant, HKI 7"
ui_the_open_source_community_core_remains_usable_without_prem_d83ff8a,string,,The open-source community core remains usable without Premium. Premium purchases fund extra visual content and continued development; they do not remove the freedoms granted for MPL-covered files.,"Open source-fællesskabets kerne forbliver brugbar uden Premium. Premium-køb finansierer ekstra visuelt indhold og fortsat udvikling; de fjerner ikke de friheder, der er givet for MPL-dækkede filer.",
ui_the_page_starts_empty_with_its_own_header_and_5a325c0,string,,"The page starts empty with its own header and page settings, while keeping the Home widget catalogue.","Siden starter tom med sin egen sidehoved og sideindstillinger, samtidig med at Home-widgetkataloget bevares.",
ui_the_quick_brown_fox_jumps_over_the_lazy_dog_2204ad2,string,,The quick brown fox jumps over the lazy dog — 0123456789,Den hurtige brune ræv hopper over den dovne hund — 0123456789,
ui_the_room_header_and_card_show_a_single_player_3e24a17,string,,"The room header and card show a single player's media, or an active-player count when multiple players are selected.","Rummets overskrift og kortet viser en enkelt spillers medie eller et antal aktive spillere, når der er valgt flere spillere.",
ui_the_text_shown_on_the_dashboard_fff5c98,string,,The text shown on the dashboard,Teksten vist på instrumentbrættet,
ui_the_web_page_shown_on_this_card_ce97bfd,string,,The web page shown on this card,Websiden vist på dette kort,
ui_theme_a797e30,string,,Theme,Tema,
ui_theme_and_navigation_bar_474ee6b,string,,Theme and navigation bar,Tema og navigationslinje,
ui_thermostat_dial_e6af91b,string,,Thermostat dial,Termostatskive,
ui_thermostats_601da0c,string,,Thermostats,Termostater,
ui_thermostats_ac_7d2ace4,string,,Thermostats & AC,Termostater & AC,
ui_these_are_stored_in_the_cloud_import_one_to_558c62d,string,,"These are stored in the cloud. Import one to edit or re-share it, or delete it to remove it from everyone. Your edits are also pushed automatically when you open the app.","Disse er gemt i skyen. Importer en for at redigere eller gendele den, eller slet den for at fjerne den fra alle. Dine redigeringer skubbes også automatisk, når du åbner appen.",
ui_these_links_open_in_your_browser_tips_do_not_049b881,string,,These links open in your browser. Tips do not unlock Premium features and do not create an obligation to provide individual support.,Disse links åbner i din browser. Tips låser ikke op for Premium-funktioner og skaber ikke en forpligtelse til at yde individuel support.,
ui_these_permissions_are_optional_and_can_be_changed_later_aa7a106,string,,These permissions are optional and can be changed later in Android Settings.,Disse tilladelser er valgfrie og kan ændres senere i Android-indstillinger.,
ui_thin_100_9e7a443,string,,Thin (-100),Tynd (-100),
ui_thinner_200_6ae7a6f,string,,Thinner (-200),Tyndere (-200),
ui_this_action_does_not_use_an_entity_target_5952444,string,,This action does not use an entity target.,Denne handling bruger ikke et enhedsmål.,
ui_this_action_has_no_required_target_or_additional_fields_987a410,string,,This action has no required target or additional fields.,Denne handling har ingen obligatoriske mål eller yderligere felter.,
ui_this_automation_is_managed_outside_home_assistant_s_ui_89d26f5,string,,"This automation is managed outside Home Assistant's UI (usually YAML). HKI7 can show it, but will not overwrite it.","Denne automatisering styres uden for Home Assistants brugergrænseflade (normalt YAML). HKI7 kan vise det, men vil ikke overskrive det.","don't translate Home Assistant, HKI7"
ui_this_card_uses_its_own_entities_e572388,string,,This card uses its own entities,Dette kort bruger sine egne enheder,
ui_this_dashboard_is_currently_being_generated_from_home_assi_470200d,string,,This dashboard is currently being generated from Home Assistant. You can edit rooms as soon as the one-time import finishes.,"Dette dashboard bliver i øjeblikket genereret fra Home Assistant. Du kan redigere rum, så snart engangsimporten er færdig.",don't translate Home Assistant
ui_this_entity_2ddd36d,string,,This entity,Denne enhed,
ui_this_entity_has_no_attributes_to_show_b09f4c9,string,,This entity has no attributes to show.,Denne enhed har ingen attributter at vise.,
ui_this_light_is_paused_for_manual_control_706bffa,string,,This light is paused for manual control.,Dette lys er sat på pause for manuel styring.,
ui_this_name_is_used_when_the_device_registers_with_8aba2f2,string,,This name is used when the device registers with Home Assistant.,"Dette navn bruges, når enheden registreres med Home Assistant.",don't translate Home Assistant
ui_this_permanently_removes_this_dashboard_and_its_room_and_8087734,string,,This permanently removes this dashboard and its room and page configuration.,Dette fjerner permanent dette dashboard og dets rum- og sidekonfiguration.,
ui_this_removes_all_imported_battery_entities_from_this_view_7a74283,string,,This removes all imported battery entities from this view.,Dette fjerner alle importerede batterienheder fra denne visning.,
ui_this_removes_all_imported_climate_entities_from_this_view_713f511,string,,This removes all imported climate entities from this view.,Dette fjerner alle importerede klimaenheder fra denne visning.,
ui_this_removes_all_imported_energy_entities_from_this_view_7397917,string,,This removes all imported energy entities from this view.,Dette fjerner alle importerede energienheder fra denne visning.,
ui_this_removes_all_imported_rooms_and_floors_from_this_d1cbbff,string,,This removes all imported rooms and floors from this view.,Dette fjerner alle importerede rum og etager fra denne visning.,
ui_this_removes_all_imported_security_entities_from_this_view_6443e5c,string,,This removes all imported security entities from this view.,Dette fjerner alle importerede sikkerhedsenheder fra denne visning.,
ui_this_removes_its_login_mobile_app_registration_details_and_69afc19,string,,"This removes its login, mobile-app registration details, and HKI dashboards from this device. The Home Assistant server itself is not changed.","Dette fjerner dets login, mobilapp-registreringsdetaljer og HKI-dashboards fra denne enhed. Selve Home Assistant-serveren er ikke ændret.",don't translate Home Assistant
ui_this_removes_the_native_automation_from_home_assistant_thi_2a48e1a,string,,This removes the native automation from Home Assistant. This cannot be undone from HKI7.,Dette fjerner den oprindelige automatisering fra Home Assistant. Dette kan ikke fortrydes fra HKI7.,"don't translate Home Assistant, HKI7"
ui_this_removes_the_shared_dashboard_from_the_cloud_for_4bab01c,string,,This removes the shared dashboard from the cloud for everyone. People currently using it fall back to an auto-generated dashboard. Their local copies aren't touched until they next open the app.,"Dette fjerner det delte dashboard fra skyen for alle. Folk, der i øjeblikket bruger det, falder tilbage til et autogenereret dashboard. Deres lokale kopier bliver ikke rørt, før de næste gang åbner appen.",
ui_this_runs_on_a_small_free_home_assistant_add_f46f2e3,string,,"This runs on a small, free Home Assistant add-on (the HKI 7 Cloud component). It isn't on HACS by default yet, so add it as a custom repository — the app then handles everything else.","Dette kører på en lille, gratis Home Assistant-tilføjelse (HKI 7 Cloud-komponenten). Det er ikke på HACS som standard endnu, så tilføj det som et brugerdefineret lager - appen håndterer så alt andet.","don't translate HKI 7 Cloud, Home Assistant"
ui_this_source_code_form_is_subject_to_the_terms_c8e4e24,string,,"This Source Code Form is subject to the terms of the Mozilla Public License, v. 2.0. If a copy of the MPL was not distributed with this file, you can obtain one at mozilla.org/MPL/2.0/.","Denne kildekodeformular er underlagt vilkårene i Mozilla Public License, v. 2.0. Hvis en kopi af MPL ikke blev distribueret med denne fil, kan du få en på mozilla.org/MPL/2.0/.",
ui_this_stack_has_no_items_0f92c8d,string,,This stack has no items.,Denne stak har ingen elementer.,
ui_this_travels_with_the_dashboard_so_cloud_backups_and_1dd603d,string,," This travels with the dashboard, so cloud backups and family sharing keep it.","Dette følger med dashboardet, så cloud-backups og familiedeling bevarer det.",keep the space at the start/end
ui_tile_2dd2c66,string,,Tile,Flise,
ui_tilt_aceae6f,string,,TILT,TILT,
ui_time_6c82e6d,string,,Time,Tid,
ui_time_range_9257117,string,,Time Range,Tidsområde,
ui_title_768e0c1,string,,Title,Titel,
ui_title_collapse_behavior_and_dashboard_width_a64a590,string,,"Title, collapse behavior, and dashboard width","Titel, sammenbrudsadfærd og dashboardbredde",
ui_title_collapse_behavior_and_width_dd2b475,string,,"Title, collapse behavior, and width","Titel, sammenbrudsadfærd og bredde",
ui_title_optional_932fc13,string,,Title (optional),Titel (valgfrit),
ui_title_width_and_icon_41ec073,string,,"Title, width, and icon","Titel, bredde og ikon",
ui_to_state_2a995a1,string,,To state,At oplyse,
ui_today_24345a1,string,,Today,I dag,
ui_tomorrow_1948bf2,string,,Tomorrow,I morgen,
ui_top_consumers_0199dbf,string,,Top consumers,Topforbrugere,
ui_tracking_number_4e40c54,string,,Tracking number,Sporingsnummer,
ui_try_again_042c862,string,,Try again,Prøv igen,
ui_try_the_demo_home_no_server_needed_bc58247,string,,Try the demo home — no server needed,Prøv demo-hjemmet - ingen server nødvendig,
ui_turn_off_all_3a7a2b0,string,,Turn off all,Sluk alt,
ui_turn_on_a5aa418,string,,Turn On,Tænd,
ui_turn_the_light_on_to_access_controls_25f4ad6,string,,Turn the light on to access controls,Tænd lyset for at få adgangskontrol,
ui_turn_the_notification_connection_channel_off_on_the_next_cdddec0,string,,"Turn the ""Notification connection"" channel off on the next screen — the connection keeps working, only its notification disappears.","Sluk for ""Notifikationsforbindelse""-kanalen på den næste skærm - forbindelsen fortsætter med at fungere, kun dens meddelelse forsvinder.",
ui_two_rows_1b1737f,string,,Two rows,To rækker,
ui_type_3deb745,string,,Type,Type,
ui_type_icon_839142a,string,,Type icon,Skriv ikon,
ui_unable_to_connect_8207f1b,string,,Unable to connect,Kan ikke oprette forbindelse,
ui_unit_f6b935a,string,,Unit,Enhed,
ui_unknown_bc7819b,string,,Unknown,Ukendt,
ui_unknown_energy_card_b8e46de,string,,Unknown energy card: %1$s,Ukendt energikort: %1$s,keep %1$s
ui_unlock_1526a17,string,,Unlock,Lås op,
ui_unlock_button_ad521c4,string,,Unlock button,Lås op knap,
ui_unlock_method_dff380e,string,,Unlock method,Oplåsningsmetode,
ui_unlocked_b3da702,string,,Unlocked,Ulåst,
ui_unrestricted_background_cebdb1e,string,,Unrestricted background,Ubegrænset baggrund,
ui_untitled_621521f,string,,Untitled,Uden titel,
ui_untitled_event_ef8d264,string,,Untitled event,Unavngivet begivenhed,
ui_upcoming_523baab,string,,Upcoming,Kommende,
ui_update_fb91e24,string,,Update,Opdatering,
ui_update_location_now_d338c2c,string,,Update Location Now,Opdater placering nu,
ui_updated_62d2331,string,,Updated %1$s,Opdateret %1$s,keep %1$s
ui_url_https_a1a19ec,string,,URL (https://…),URL (https://...),
ui_usage_overview_fc2eefc,string,,Usage overview,Brugsoversigt,
ui_use_1d4d43c,string,,Use,Bruge,
ui_use_a_dashboard_an_admin_has_shared_with_you_8b1cfdb,string,,Use a dashboard an admin has shared with you.,"Brug et dashboard, som en administrator har delt med dig.",
ui_use_a_family_shared_dashboard_9b8ab51,string,,Use a family shared dashboard,Brug et familie-delt dashboard,
ui_use_a_recognizable_name_such_as_kitchen_tablet_or_ca9f431,string,,"Use a recognizable name, such as ‘Kitchen tablet’ or ‘Jimmy’s phone’.","Brug et genkendeligt navn, såsom 'Køkkentablet' eller 'Jimmys telefon'.",
ui_use_family_shared_dashboard_28e06c2,string,,Use family shared dashboard,Brug familiens delte dashboard,
ui_used_6a4ebbf,string,,Used %1$s,Brugt %1$s,keep %1$s
ui_uses_hki_7_s_private_google_drive_storage_enable_0559ced,string,,Uses HKI 7's private Google Drive storage. Enable it once to create an immediate backup and then back up automatically every day.,Bruger HKI 7s private Google Drive lager. Aktiver det én gang for at oprette en øjeblikkelig backup og sikkerhedskopier derefter automatisk hver dag.,"don't translate Google Drive, HKI 7"
ui_uses_the_sun_entity_configured_in_weather_settings_e580a39,string,,Uses the Sun entity configured in Weather settings.,"Bruger Sun-enheden, der er konfigureret i vejrindstillingerne.",
ui_using_a_shared_dashboard_applies_the_permissions_the_admin_a337a76,string,,Using a shared dashboard applies the permissions the admin set for it.,"Brug af et delt dashboard anvender de tilladelser, som administratoren har angivet for det.",
ui_using_the_climate_view_s_entities_8befb0f,string,,Using the Climate view's entities,Brug af klimavisningens entiteter,
ui_using_the_energy_view_s_entities_7ca9bed,string,,Using the Energy view's entities,Brug af energivisningens entiteter,
ui_vacuum_5fe15df,string,,Vacuum,Vakuum,
ui_vacuum_device_3deae52,string,,Vacuum device,Vakuum enhed,
ui_vacuum_entities_c7da1d7,string,,Vacuum entities,Vakuum enheder,
ui_vacuum_map_8236541,string,,Vacuum map,Vakuum kort,
ui_vacuum_stack_b93d3b7,string,,Vacuum Stack,Vakuum stak,
ui_vertical_slider_e09cef1,string,,Vertical slider,Lodret skyder,
ui_view_on_github_0c77991,string,,View on GitHub,Se på GitHub,
ui_visibility_7d9ff4f,string,,Visibility,Sigtbarhed,
ui_visibility_alignment_and_overflow_behavior_467f44f,string,,"Visibility, alignment, and overflow behavior","Synlighed, justering og overløbsadfærd",
ui_visibility_and_ordering_in_the_page_header_0f9e3d8,string,,Visibility and ordering in the page header,Synlighed og rækkefølge i sidehovedet,
ui_visible_during_791f42c,string,,Visible during,Synlig under,
ui_visible_persons_4b7ae6c,string,,Visible persons,Synlige personer,
ui_visual_style_bc567f3,string,,Visual style,Visuel stil,
ui_w_e2415cb,string,,W,W,
ui_waiting_for_home_assistant_af224aa,string,,Waiting for Home Assistant,Venter på Home Assistant,don't translate Home Assistant
ui_wallpaper_and_an_optional_custom_color_f4f12f1,string,,Wallpaper and an optional custom color,Tapet og en valgfri brugerdefineret farve,
ui_wallpaper_and_optional_custom_color_0dc6738,string,,Wallpaper and optional custom color,Tapet og valgfri brugerdefineret farve,
ui_wallpaper_url_or_path_e208631,string,,Wallpaper URL or path,Baggrunds URL eller sti,
ui_waste_collection_7cdf205,string,,Waste Collection,Affaldsindsamling,
ui_waste_sensors_8bfd3ec,string,,Waste sensors,Affaldssensorer,
ui_watch_d91ebf5,string,,Watch,Ur,
ui_water_5480538,string,,Water: %1$s,Vand: %1$s,keep %1$s
ui_water_de9b1be,string,,Water,Vand,
ui_water_level_optional_fallback_61b2be5,string,,Water level (optional fallback),Vandstand (valgfri fallback),
ui_water_meters_imported_from_home_assistant_s_energy_dashboa_b1ac157,string,,Water meters imported from Home Assistant's Energy dashboard.,Vandmålere importeret fra Home Assistants Energi-dashboard.,don't translate Home Assistant
ui_we_ll_check_your_home_network_first_you_can_c7ca0f0,string,,We'll check your home network first; you can also enter an address,Vi tjekker dit hjemmenetværk først; du kan også indtaste en adresse,
ui_weather_284af3e,string,,Weather,Vejr,
ui_weather_card_0c6594c,string,,Weather Card,Vejrkort,
ui_weather_details_bc94175,string,,Weather details,Vejr detaljer,
ui_weather_entities_0a2c547,string,,Weather entities,Vejret enheder,
ui_weather_entity_402cbd9,string,,Weather entity,Vejret enhed,
ui_weather_source_778baeb,string,,Weather source,Vejrkilde,
ui_weather_stack_4d4f763,string,,Weather Stack,Vejr stak,
ui_weather_type_fe0b7cc,string,,Weather Type,Vejrtype,
ui_web_address_url_55052c9,string,,Web address (URL),Webadresse (URL),
ui_week_calendar_shown_in_the_dialog_6d4f28b,string,,Week calendar (shown in the dialog),Ugekalender (vist i dialogboksen),
ui_welcome_to_hki_7_9e317bb,string,,Welcome to HKI 7,Velkommen til HKI 7,don't translate HKI 7
ui_what_hki_7_is_and_how_it_is_built_247bace,string,,What HKI 7 is and how it is built,"Hvad HKI 7 er, og hvordan det er bygget",don't translate HKI 7
ui_what_it_does_ca032b5,string,,What it does,Hvad den gør,
ui_what_s_new_4d8dc5f,string,,What's new,Hvad er nyt,
ui_when_769bb19,string,,When,Når,
ui_when_and_if_then_dd86ebe,string,,When · And if · Then,Hvornår · Og hvis · Så,
ui_when_reporting_a_problem_include_your_android_version_home_784a4e6,string,,"When reporting a problem, include your Android version, Home Assistant version, the affected entity or integration, and clear steps to reproduce it. Removing private URLs, tokens, names, and location data first helps keep support safe.","Når du rapporterer et problem, skal du inkludere din Android-version, Home Assistant-version, den berørte enhed eller integration og klare trin til at gengive den. Fjernelse af private URL'er, tokens, navne og placeringsdata hjælper først med at holde supporten sikker.",don't translate Home Assistant
ui_when_the_value_is_a_completion_time_e_g_7dce367,string,,"When the value is a completion time (e.g. a washer/dryer finish time), show a descending timer. The button reads active while counting and turns off at zero.","Når værdien er en færdiggørelsestid (f.eks. en sluttid for vaskemaskine/tørretumbler), skal du vise en faldende timer. Knappen læser aktiv, mens den tæller og slukker ved nul.",
ui_widget_height_b26de24,string,,Widget height,Widget højde,
ui_widget_name_55e5340,string,,Widget name,Widget navn,
ui_widget_presentation_a3a8cdc,string,,Widget presentation,Widget præsentation,
ui_widget_width_1d89599,string,,Widget width,Widget bredde,
ui_width_a58ddf5,string,,Width,Bredde,
ui_width_and_height_6ed6746,string,,Width and height,Bredde og højde,
ui_width_and_optional_icon_671e2ef,string,,Width and optional icon,Bredde og valgfrit ikon,
ui_width_columns_and_container_shape_984a191,string,,"Width, columns, and container shape","Bredde, søjler og beholderform",
ui_width_shape_and_collapse_behavior_7abc6f4,string,,"Width, shape, and collapse behavior","Bredde, form og sammenbrudsadfærd",
ui_wind_142b575,string,,Wind,Vind,
ui_worth_watching_a3d46c7,string,,Worth watching,Værd at se,
ui_would_you_like_to_add_an_existing_camera_entity_00d5bc3,string,,Would you like to add an existing camera entity or a custom URL?,Vil du tilføje en eksisterende kameraenhed eller en brugerdefineret URL?,
ui_write_the_information_shown_on_this_card_4ca5db7,string,,Write the information shown on this card,"Skriv de oplysninger, der vises på dette kort",
ui_you_can_help_by_testing_new_builds_reporting_reproducible_5310461,string,,"You can help by testing new builds, reporting reproducible bugs, suggesting thoughtful improvements, helping with translations or documentation, sharing HKI 7 with other Home Assistant users, and giving constructive feedback.","Du kan hjælpe ved at teste nye builds, rapportere reproducerbare fejl, foreslå gennemtænkte forbedringer, hjælpe med oversættelser eller dokumentation, dele HKI 7 med andre Home Assistant-brugere og give konstruktiv feedback.","don't translate Home Assistant, HKI 7"
ui_you_re_exploring_the_built_in_sample_home_63c2ad1,string,,You're exploring the built-in sample home,Du udforsker det indbyggede prøvehus,
ui_your_automations_and_devices_will_be_unavailable_briefly_h_8a8572e,string,,Your automations and devices will be unavailable briefly. HKI7 will reconnect automatically when Home Assistant is ready.,"Dine automatiseringer og enheder vil være utilgængelige i kort tid. HKI7 genopretter automatisk forbindelse, når Home Assistant er klar.","don't translate Home Assistant, HKI7"
ui_your_dashboard_is_ready_0719f75,string,,Your dashboard is ready,Dit dashboard er klar,
ui_your_home_72412fa,string,,Your home,Dit hjem,
ui_your_location_is_shared_only_with_your_own_home_c75bd6d,string,,Your location is shared only with your own Home Assistant server. It is ,Din placering deles kun med din egen Home Assistant-server. Det er det,don't translate Home Assistant; keep the space at the start/end
logs_title,string,,Connection log,Forbindelseslog,
logs_subtitle,string,,What the app's connection to Home Assistant has been doing,Hvad appens forbindelse til Home Assistant har gjort,don't translate Home Assistant
logs_empty,string,,Connection log,Forbindelseslog,
logs_empty_hint,string,,"Nothing logged yet. Connection attempts, reconnects, sync and subscriptions appear here as they happen.","Intet logget endnu. Tilslutningsforsøg, genforbindelser, synkronisering og abonnementer vises her, efterhånden som de sker.",
logs_count,string,,Connection log (%1$d),Forbindelseslog (%1$d),keep %1$d
logs_copy,string,,Copy the log,Kopier loggen,
logs_clear,string,,Clear the log,Ryd loggen,
logs_show_all,string,,Show all %1$d,Vis alle %1$d,keep %1$d
logs_show_less,string,,Show less,Vis mindre,
parcel_letter_count,plural,one,%1$d letter,%1$d brev,keep %1$d
parcel_letter_count,plural,other,%1$d letters,%1$d bogstaver,keep %1$d
spacer_empty_button,string,,Empty button,Tom knap,
spacer_empty_button_description,string,,Transparent placeholder that only reserves space,"Gennemsigtig pladsholder, der kun reserverer plads",
spacer_add_empty_button,string,,Add empty button,Tilføj tom knap,
popup_custom_popup,string,,Custom popup,Brugerdefineret pop op,
popup_choose,string,,Choose a popup,Vælg en popup,
popup_none_yet,string,,No popups yet,Ingen popups endnu,
popup_new,string,,New popup,Ny popup,
popup_default_name,string,,New popup,Ny popup,
popup_name,string,,Popup name,Popup navn,
popup_edit_contents,string,,Edit contents,Rediger indhold,
popup_delete,string,,Delete popup,Slet popup,
popup_status_entity,string,,Status entity,Status enhed,
popup_status_entity_hint,string,,Optional. Its state fills the dialog's status line and adds the history view.,Valgfri. Dens tilstand udfylder dialogens statuslinje og tilføjer historievisningen.,
popup_settings_subtitle,string,,"Name, icon, and status entity","Navn, ikon og statusenhed",
popup_shared_hint,string,,Popups are shared: other buttons can open this same popup.,Popups deles: andre knapper kan åbne den samme popup.,
popup_empty,string,,This popup is empty. Tap Edit to add widgets.,Denne popup er tom. Tryk på Rediger for at tilføje widgets.,
popup_settings_title,string,,Popups,Popups,
popup_settings_subtitle_section,string,,Build and edit your custom popups,Byg og rediger dine brugerdefinerede popups,
popup_settings_hint,string,,"Popups open from a button, badge, or dialog button set to the Custom popup action. Edit contents opens the popup itself so you can arrange its widgets.","Pop op-vinduer åbnes fra en knap, et badge eller en dialogknap, der er indstillet til handlingen Brugerdefineret pop op. Rediger indhold åbner selve pop op-vinduet, så du kan arrangere dets widgets.",
button_icon_only,string,,Icon only,Kun ikon,
button_icon_size,string,,Icon size,Ikon størrelse,
button_icon_size_description,string,,"Auto shrinks the icon as the stack gains columns, so it still fits a narrow button.","Auto formindsker ikonet, efterhånden som stakken får kolonner, så den stadig passer til en smal knap.",
button_icon_size_auto,string,,Auto,Auto,
button_icon_size_value,string,,%1$d dp,%1$d dp,keep %1$d
stack_child_icon_only,string,,Icon only for every button,Ikon kun for hver knap,
stack_child_icon_only_description,string,,"Applies to all buttons in this stack, so you don't have to set it on each one.","Gælder for alle knapper i denne stak, så du behøver ikke at indstille den på hver enkelt.",
stack_child_icon_size,string,,Icon size for every button,Ikonstørrelse for hver knap,
button_icon_only_description,string,,"Hide the name and state, centering the icon on the button",Skjul navnet og tilstanden ved at centrere ikonet på knappen,
action_button,string,,Action button,Handlingsknap,
action_button_description,string,,"A button without an entity: give it a name, an icon, and any action","En knap uden en enhed: Giv den et navn, et ikon og enhver handling",
action_button_add,string,,Add action button,Tilføj handlingsknap,
action_badge_add,string,,Add action badge,Tilføj handlingsmærke,
security_entity_count,plural,one,%1$d entity,%1$d enhed,keep %1$d
security_entity_count,plural,other,%1$d entities,%1$d enheder,keep %1$d
family_permission_switch_dashboards,string,,Allow switching dashboards,Tillad skift af dashboards,
family_permission_switch_dashboards_subtitle,string,,Let this person load another existing dashboard,Lad denne person indlæse et andet eksisterende dashboard,
family_permission_create_dashboards,string,,Allow creating dashboards,Tillad oprettelse af dashboards,
family_permission_create_dashboards_subtitle,string,,Let this person create or duplicate dashboards,Lad denne person oprette eller duplikere dashboards,
family_dashboard_tab_locked,string,,Locked by family permissions,Låst af familietilladelser,
family_dashboard_access_lost_title,string,,Family access removed,Familieadgang fjernet,
family_dashboard_access_lost_message,string,,"You no longer have access to HKI 7 through this family dashboard. Choose another dashboard shared with you, or use any other option your family permissions allow.","Du har ikke længere adgang til HKI 7 gennem dette familiekontrolpanel. Vælg et andet dashboard, der deles med dig, eller brug en hvilken som helst anden mulighed, som dine familietilladelser tillader.",don't translate HKI 7
family_access_manage,string,,Manage access,Administrer adgang,
family_access_title,string,,Who can see %1$s,Hvem kan se %1$s,keep %1$s
family_access_description,string,,Add or remove people. Everyone you remove loses this dashboard the next time their app syncs.,"Tilføj eller fjern personer. Alle, du fjerner, mister dette dashboard, næste gang deres app synkroniseres.",
family_access_shared_everyone,string,,Shared with everyone,Delt med alle,
family_access_shared_nobody,string,,Shared with no one,Delt med ingen,
family_access_shared_with,string,,Shared with %1$s,Delt med %1$s,keep %1$s
family_access_unknown_user,string,,Unknown user,Ukendt bruger,
family_access_revoke_warning,string,,"Losing access deletes their copy of this dashboard, along with any colours, icons, and names they changed on it.","At miste adgang sletter deres kopi af dette dashboard sammen med de farver, ikoner og navne, de har ændret på det.",
family_versions_title,string,,HKI versions,HKI versioner,
family_versions_description,string,,Which HKI build each family device is running. This device is on %1$s. A device appears once it has opened HKI 7 1.0.0-beta.18 or newer at least once.,"Hvilken HKI-bygning kører hver familieenhed. Denne enhed er på %1$s. En enhed vises, når den har åbnet HKI 7 1.0.0-beta.18 eller nyere mindst én gang.",keep %1$s; don't translate HKI 7
family_versions_empty,string,,No family devices have reported a version yet.,Ingen familieenheder har rapporteret en version endnu.,
family_versions_loading,string,,Loading family devices…,Indlæser familieenheder...,
family_versions_unavailable,string,,Home Assistant could not return the family device list. Check that HKI 7 Cloud is up to date.,"Home Assistant kunne ikke returnere listen over familieenheder. Tjek, at HKI 7 Cloud er opdateret.","don't translate HKI 7 Cloud, Home Assistant"
family_versions_outdated,string,,Older than yours,Ældre end din,
family_versions_android,string,,Android %1$s,Android %1$s,keep %1$s
family_versions_reported,string,,reported %1$s,rapporteret %1$s,keep %1$s
family_versions_forget,string,,Forget this device,Glem denne enhed,
family_versions_forget_hint,string,,Forgetting a device only clears it from this list. One that is still in use reappears the next time its app opens.,"Hvis du glemmer en enhed, slettes den kun fra denne liste. En, der stadig er i brug, dukker op igen, næste gang dens app åbner.",
family_versions_nudge,string,,Ask to update to %1$s,Bed om at opdatere til %1$s,keep %1$s
family_versions_nudge_clear,string,,Cancel update request,Annuller anmodning om opdatering,
family_versions_nudge_pending,string,,Waiting for this device to update to %1$s. The request clears itself once it does.,"Venter på, at denne enhed opdateres til %1$s. Anmodningen rydder sig selv, når den gør det.",keep %1$s
family_require_title,string,,Require an HKI version,Kræv en HKI-version,
family_require_description,string,,"Everyone below the version you require is asked to update before they can keep using HKI. Nothing here installs anything — Google Play does the update, so people are only ever held up when Play actually has it ready for them.","Alle under den version, du har brug for, bliver bedt om at opdatere, før de kan fortsætte med at bruge HKI. Intet her installerer noget - Google Play udfører opdateringen, så folk bliver kun holdt op, når Play rent faktisk har det klar til dem.",
family_require_current,string,,Currently required: %1$s,Påkrævet i øjeblikket: %1$s,keep %1$s
family_require_set,string,,Require everyone to be on %1$s,"Kræv, at alle er på %1$s",keep %1$s
family_require_clear,string,,Clear the requirement,Ryd kravet,
family_require_hint,string,,"You can only require a version some device already runs, so a requirement can never be one nobody is able to install.","Du kan kun kræve en version, som nogle enheder allerede kører, så et krav kan aldrig være et krav, som ingen er i stand til at installere.",
settings_extra_family_require_failed,string,,Could not change the required version. It has to be one a family device already runs.,"Kunne ikke ændre den påkrævede version. Det skal være en familieenhed, der allerede kører.",
settings_extra_family_nudge_failed,string,,Could not ask “%1$s” to update.,"Kunne ikke bede ""%1$s"" om at opdatere.",keep %1$s
app_update_required_title,string,,Time to update HKI,Tid til at opdatere HKI,
app_update_required_title_device,string,,This device needs an HKI update,Denne enhed har brug for en HKI-opdatering,
app_update_required_message,string,,Your family is on HKI %1$s. This device is on %2$s.,Din familie er på HKI %1$s. Denne enhed er på %2$s.,keep %1$s %2$s
app_update_required_checking,string,,Checking Google Play…,Tjek Google Play...,
app_update_required_update,string,,Update now,Opdater nu,
app_update_required_open_store,string,,Open HKI in the Play Store,Åbn HKI i Play Butik,
app_update_required_opened_store,string,,"Google Play could not take over here, so its store page was opened instead.","Google Play kunne ikke tage over her, så dens butiksside blev åbnet i stedet.",
app_update_required_unavailable,string,,"Google Play has no update ready for this device yet. That usually means the release hasn't reached you, or this copy of HKI didn't come from the Play Store.","Google Play har endnu ingen opdatering klar til denne enhed. Det betyder normalt, at udgivelsen ikke er nået frem til dig, eller at denne kopi af HKI ikke kom fra Play Butik.",
app_update_required_continue,string,,Continue without updating,Fortsæt uden at opdatere,
settings_extra_active_instance,string,,Active instance,Aktiv instans,
settings_extra_automatic_cloud_backup_enabled,string,,Automatic cloud backup enabled.,Automatisk cloud backup aktiveret.,
settings_extra_background_restricted_warning,string,,Restricted — background sync will not work,Begrænset — baggrundssynkronisering fungerer ikke,
settings_extra_backup_failed,string,,Backup failed: %1$s,Sikkerhedskopiering mislykkedes: %1$s,keep %1$s
settings_extra_backup_unreadable,string,,The backup could not be read,Sikkerhedskopien kunne ikke læses,
settings_extra_battery_optimized_warning,string,,Optimized — may interrupt background sync,Optimeret — kan afbryde baggrundssynkronisering,
settings_extra_buy_me_a_coffee_logo,string,,Buy Me a Coffee logo,Køb mig en kaffe-logo,
settings_extra_cloud_backup_created,string,,Cloud backup created.,Cloud backup oprettet.,
settings_extra_cloud_backup_failed,string,,Cloud backup failed: %1$s,Cloud backup mislykkedes: %1$s,keep %1$s
settings_extra_cloud_component_missing,string,,"The HKI 7 Cloud component was not found on your Home Assistant. Install it through HACS, then try again.","HKI 7 Cloud-komponenten blev ikke fundet på din Home Assistant. Installer det via HACS, og prøv derefter igen.","don't translate HKI 7 Cloud, Home Assistant"
settings_extra_copy_dashboard,string,,Copy %1$s,Kopiér %1$s,keep %1$s
settings_extra_corner_modern,string,,Modern,Moderne,
settings_extra_corner_round,string,,Round,Rund,
settings_extra_corner_sharp,string,,Sharp,Skarp,
settings_extra_create_custom_page,string,,Create custom page,Opret tilpasset side,
settings_extra_custom_page_identity_subtitle,string,,Identity and navigation appearance,Identitet og navigationsudseende,
settings_extra_dashboard_backup_saved,string,,Dashboard backup saved.,Sikkerhedskopiering af dashboard er gemt.,
settings_extra_dashboard_copy_name,string,,%1$s copy,%1$s kopi,keep %1$s
settings_extra_dashboard_default_name,string,,Dashboard %1$d,Dashboard %1$d,keep %1$d
settings_extra_new_dashboard_confirm_body,string,,This adds a dashboard alongside the one you are using. Your current dashboard is kept exactly as it is and is never overwritten — you can switch between them at any time.,"Dette tilføjer et dashboard ved siden af det, du bruger. Dit nuværende dashboard bevares nøjagtigt, som det er, og overskrives aldrig - du kan skifte mellem dem til enhver tid.",
settings_extra_new_dashboard_confirm_action,string,,Continue,Fortsætte,
settings_extra_new_dashboard_created,string,,Created “%1$s”,"Oprettet ""%1$s""",keep %1$s
uif_onboarding_shared_already_added,string,,Already added,Allerede tilføjet,
settings_extra_dashboard_shared_badge,string,,Shared,Delt,
settings_extra_dashboard_shared_subtitle,string,,Shared with you by your family. Tap to load,Delt med dig af din familie. Tryk for at indlæse,
settings_extra_dashboard_shared_loaded,string,,Shared with you by your family. Currently loaded,Delt med dig af din familie. Aktuelt indlæst,
settings_extra_dashboard_generating,string,,Your new dashboard is being generated automatically.,Dit nye dashboard genereres automatisk.,
settings_extra_dashboard_mode_auto,string,,Automatic,Automatisk,
settings_extra_dashboard_mode_manual,string,,Manual,Manuel,
settings_extra_dashboard_restored,string,,Dashboard configuration restored.,Dashboard-konfiguration gendannet.,
settings_extra_dashboard_shared,string,,“%1$s” shared.,"""%1$s"" delt.",keep %1$s
settings_extra_dashboard_sharing_failed,string,,Could not share the dashboard.,Kunne ikke dele betjeningspanelet.,
settings_extra_default_user_name,string,,User,Bruger,
settings_extra_delete_dashboard,string,,Delete %1$s,Slet %1$s,keep %1$s
settings_extra_device_tracker,string,,Device tracker,Enheds tracker,
settings_extra_device_tracker_subtitle,string,,"Name used for location, geocoded location, battery, and charging entities","Navn, der bruges til placering, geokodet placering, batteri og opladningsenheder",
settings_extra_drive_access_token_missing,string,,Google Drive authorization did not return an access token.,Google Drive-autorisation returnerede ikke et adgangstoken.,don't translate Google Drive
settings_extra_drive_authorization_cancelled,string,,Google Drive authorization was cancelled.,Google Drive godkendelse blev annulleret.,don't translate Google Drive
settings_extra_drive_authorization_failed,string,,Google Drive authorization failed: %1$s,Google Drive godkendelse mislykkedes: %1$s,keep %1$s; don't translate Google Drive
settings_extra_drive_authorization_open_failed,string,,Google Drive authorization could not be opened.,Google Drive godkendelse kunne ikke åbnes.,don't translate Google Drive
settings_extra_drive_backups_load_failed,string,,Could not load Google Drive backups: %1$s,Kunne ikke indlæse Google Drive sikkerhedskopier: %1$s,keep %1$s; don't translate Google Drive
settings_extra_edit_custom_page,string,,Edit custom page,Rediger tilpasset side,
settings_extra_effect_glow,string,,Glow,Glød,
settings_extra_effect_group_alerts,string,,Sensors and alarms,Sensorer og alarmer,
settings_extra_effect_group_climate,string,,Climate and humidity,Klima og fugt,
settings_extra_effect_group_fans,string,,Fans and vacuums,Ventilatorer og støvsugere,
settings_extra_effect_group_lights,string,,Lights and switches,Lys og kontakter,
settings_extra_effect_group_media,string,,Media players,Medieafspillere,
settings_extra_effect_group_other,string,,Everything else,Alt andet,
settings_extra_effect_none,string,,None,Ingen,
settings_extra_effect_pulse,string,,Pulse,Puls,
settings_extra_effect_spin,string,,Spin,Spin,
settings_extra_empty_dashboard_created,string,,An empty dashboard was created.,Et tomt dashboard blev oprettet.,
settings_extra_font_atkinson,string,,Atkinson Hyperlegible,Atkinson hyperlæselig,
settings_extra_font_bree_serif,string,,Bree Serif,Bree Serif,
settings_extra_font_comfortaa,string,,Comfortaa,Komfortaa,
settings_extra_font_cursive,string,,Cursive,Kursiv,
settings_extra_font_default,string,,Default,Misligholdelse,
settings_extra_font_monospace,string,,Monospace,Monospace,
settings_extra_font_nunito,string,,Nunito,Nunito,
settings_extra_font_patrick_hand,string,,Patrick Hand,Patrick Hånd,
settings_extra_font_sans_serif,string,,Sans serif,Sans serif,
settings_extra_font_serif,string,,Serif,Serif,
settings_extra_font_space_grotesk,string,,Space Grotesk,Space Grotesk,
settings_extra_ha_backup_created,string,,Home Assistant backup created.,Home Assistant backup oprettet.,don't translate Home Assistant
settings_extra_ha_backup_enabled,string,,Home Assistant backup enabled.,Home Assistant backup aktiveret.,don't translate Home Assistant
settings_extra_ha_backup_failed,string,,Home Assistant backup failed. Is the HKI 7 Cloud component reachable?,Home Assistant sikkerhedskopiering mislykkedes. Er komponenten HKI 7 Cloud tilgængelig?,"don't translate HKI 7 Cloud, Home Assistant"
settings_extra_ha_backups_load_failed,string,,Could not load Home Assistant backups: %1$s,Kunne ikke indlæse Home Assistant sikkerhedskopier: %1$s,keep %1$s; don't translate Home Assistant
settings_extra_hide_tab,string,,Hide tab,Skjul fanen,
settings_extra_hki_cloud_step_add_integration,string,,"Go to Settings → Devices & Services → Add Integration, choose “HKI 7 Cloud,” and confirm.","Gå til Indstillinger → Enheder og tjenester → Tilføj integration, vælg ""HKI 7 Cloud"", og bekræft.",don't translate HKI 7 Cloud
settings_extra_hki_cloud_step_add_repository,string,,"Paste %1$s, choose the “Integration” category, and add it.","Indsæt %1$s, vælg kategorien ""Integration"", og tilføj den.",keep %1$s
settings_extra_hki_cloud_step_install,string,,"Open the new “HKI 7 Cloud” entry, install it, and restart Home Assistant.","Åbn den nye ""HKI 7 Cloud"", installer den, og genstart Home Assistant.","don't translate HKI 7 Cloud, Home Assistant"
settings_extra_hki_cloud_step_open_custom_repositories,string,,"In Home Assistant, open HACS → the ⋮ menu in the top-right → Custom repositories.",I Home Assistant skal du åbne HACS → menuen ⋮ øverst til højre → Custom repositories.,don't translate Home Assistant
settings_extra_hki_cloud_step_reopen,string,,Reopen this screen. The features will appear automatically.,Åbn denne skærm igen. Funktionerne vises automatisk.,
settings_extra_hki_cloud_version,string,,HKI 7 Cloud v%1$s installed,HKI 7 Cloud v%1$s installeret,keep %1$s; don't translate HKI 7 Cloud
settings_extra_hki_cloud_version_unknown,string,,HKI 7 Cloud installed (update to see its version),HKI 7 Cloud installeret (opdater for at se dens version),don't translate HKI 7 Cloud
settings_extra_hki_cloud_update_to_unlock,string,,Update to unlock:,Opdater for at låse op:,
settings_extra_hki_cloud_feature_requires,string,,%1$s (needs v%2$s+),%1$s (kræver v%2$s+),keep %1$s %2$s
settings_extra_hki_cloud_feature_reimport,string,,Manually re-importing or clearing dashboard view data,Manuel genimport eller sletning af dashboardvisningsdata,
settings_extra_hki_cloud_feature_search_lists,string,,Per-person Visible/Invisible global search lists,Per-person Synlige/usynlige globale søgelister,
settings_extra_hki_cloud_feature_room_follow,string,,Room following,Værelse efter,
settings_extra_hki_cloud_feature_room_follow_launch_only,string,,"Room following: only place someone on launch, without tracking further moves",Rum følgende: Placer kun nogen ved lanceringen uden at spore yderligere bevægelser,
settings_extra_hki_cloud_feature_devices,string,,Seeing which HKI version each family device runs,"Se, hvilken HKI-version hver familieenhed kører",
settings_extra_hki_cloud_feature_required_version,string,,Requiring the family to update to a given HKI version,"Kræver, at familien opdaterer til en given HKI-version",
settings_extra_hki_cloud_feature_events,string,,"The event timeline, and hiding parts of it from individual people",Begivenhedens tidslinje og skjule dele af den for individuelle personer,
settings_extra_hki_cloud_tab_requires,string,,"Needs HKI 7 Cloud v%1$s or newer. Update the component in HACS — until then, what you set here won't take effect.","Har brug for HKI 7 Cloud v%1$s eller nyere. Opdater komponenten i HACS — indtil da vil det, du indstiller her, ikke træde i kraft.",keep %1$s; don't translate HKI 7 Cloud
settings_extra_location_allowed_always,string,,Allowed all the time,Tilladt hele tiden,
settings_extra_location_allowed_foreground,string,,Allowed only while using the app,Kun tilladt under brug af appen,
settings_extra_location_not_allowed,string,,Not allowed,Ikke tilladt,
language_search_placeholder,string,,Search languages,Søg efter sprog,
language_search_no_matches,string,,No language matches “%1$s”,"Intet sprog matcher ""%1$s""",keep %1$s
settings_extra_language_dutch,string,,Nederlands,Nederlands,
settings_extra_language_english,string,,English,engelsk,
settings_extra_language_french,string,,Français,Français,
settings_extra_language_german,string,,Deutsch,Deutsch,
settings_extra_language_italian,string,,Italiano,Italiano,
settings_extra_language_spanish,string,,Español,Español,
settings_extra_language_turkish,string,,Türkçe,Türkçe,
settings_extra_language_portuguese,string,,Português,Português,
settings_extra_language_portuguese_brazil,string,,Português (Brasil),Português (Brasil),
settings_extra_language_spanish_latam,string,,Español (Latinoamérica),Español (Latinoamérica),
settings_extra_language_japanese,string,,日本語,日本語,
settings_extra_language_korean,string,,한국어,한국어,
settings_extra_language_chinese_simplified,string,,中文（简体）,中文（简体）,
settings_extra_language_chinese_traditional,string,,中文（繁體）,中文（繁體）,
settings_extra_no_drive_backups,string,,No Google Drive backups were found.,Ingen Google Drive sikkerhedskopier blev fundet.,don't translate Google Drive
settings_extra_no_ha_backups,string,,No Home Assistant backups were found. Is the HKI 7 Cloud component installed?,Ingen Home Assistant sikkerhedskopier blev fundet. Er komponenten HKI 7 Cloud installeret?,"don't translate HKI 7 Cloud, Home Assistant"
settings_extra_notifications_multi_home_required,string,,Required while multiple homes receive notifications. Manage each home under Connection.,"Påkrævet, mens flere hjem modtager meddelelser. Administrer hvert hjem under Tilslutning.",
settings_extra_notifications_persistent_connection,string,,Keeps a persistent connection to Home Assistant while the app is closed. This uses more battery.,"Bevarer en vedvarende forbindelse til Home Assistant, mens appen er lukket. Dette bruger mere batteri.",don't translate Home Assistant
settings_extra_paypal_logo,string,,PayPal logo,PayPal-logo,
settings_extra_policy_update_failed,string,,Could not update the policy.,Politikken kunne ikke opdateres.,
settings_extra_policy_needs_component_update,string,,Permissions saved. Update HKI 7 Cloud to also store the Visible and Invisible lists.,Tilladelser gemt. Opdater HKI 7 Cloud for også at gemme listerne Synlig og Usynlig.,don't translate HKI 7 Cloud
settings_extra_policy_needs_component_update_room_follow,string,,Permissions saved. Update HKI 7 Cloud to also store the room following settings.,Tilladelser gemt. Opdater HKI 7 Cloud for også at gemme rummets følgende indstillinger.,don't translate HKI 7 Cloud
settings_extra_policy_needs_component_update_events,string,,"Permissions saved, but this HKI 7 Cloud is too old to hide events from this person — they would see the whole timeline. Update it to apply the restriction.","Tilladelser gemt, men denne HKI 7 Cloud er for gammel til at skjule begivenheder for denne person - de ville se hele tidslinjen. Opdater den for at anvende begrænsningen.",don't translate HKI 7 Cloud
settings_extra_tab_presence,string,,Presence,Tilstedeværelse,
settings_extra_tab_events,string,,Events,Begivenheder,
settings_extra_events_title,string,,Event timeline,Begivenheds tidslinje,
settings_extra_events_description,string,,"Choose which entities the family sees recent activity for, in the Events tab of the notification drawer. Set once here rather than on each phone. This hides the timeline, not the entities — anyone signed in to Home Assistant can still read them there.","Vælg, hvilke enheder familien ser seneste aktivitet for, på fanen Begivenheder i meddelelsesskuffen. Indstil én gang her i stedet for på hver telefon. Dette skjuler tidslinjen, ikke entiteterne - alle, der er logget ind på Home Assistant, kan stadig læse dem der.",don't translate Home Assistant
settings_extra_events_loading,string,,Loading the roster…,Indlæser vagtplanen...,
settings_extra_events_unavailable,string,,Could not read the roster from HKI 7 Cloud.,Kunne ikke læse oversigten fra HKI 7 Cloud.,don't translate HKI 7 Cloud
settings_extra_events_empty,string,,No entities are being tracked yet.,Ingen enheder spores endnu.,
settings_extra_events_choose,string,,Choose entities,Vælg enheder,
settings_extra_events_edit,string,,Edit entities,Rediger enheder,
settings_extra_events_pick_title,string,,Entities to show events for,Enheder at vise begivenheder for,
settings_extra_events_save_failed,string,,Could not save the event roster.,Begivenhedslisten kunne ikke gemmes.,
settings_extra_events_capped,string,,Saved %1$d entities and %2$d domains. The timeline roster is capped.,Gemte %1$d enheder og %2$d domæner. Tidslinjens liste er begrænset.,keep %1$d %2$d
settings_extra_events_whole_domain,string,,All %1$s (%2$d entities),Alle %1$s (%2$d enheder),keep %1$s %2$d
settings_extra_events_resolved_capped,string,,"This roster covers %2$d entities, but a timeline subscribes to at most %1$d. Remove a domain, or add entities by name instead.","Denne liste dækker %2$d enheder, men en tidslinje abonnerer på højst %1$d. Fjern et domæne, eller tilføj enheder efter navn i stedet.",keep %2$d %1$d
settings_extra_events_per_person_title,string,,Who sees what,Hvem ser hvad,
settings_extra_events_per_person_description,string,,Everyone sees the whole timeline unless you take something out of it for them.,"Alle ser hele tidslinjen, medmindre du tager noget ud af det for dem.",
settings_extra_events_sees_everything,string,,Sees the whole timeline,Ser hele tidslinjen,
settings_extra_events_hidden_count,string,,%1$d hidden,%1$d skjult,keep %1$d
settings_extra_events_manage,string,,Manage,Styre,
settings_extra_events_hidden_title,string,,Hide from this person,Skjul dig for denne person,
settings_extra_events_notifications_hint,string,,"The Events tab in the notification drawer shows recent activity for the entities your family admin chose. It is set for the whole family in Family Sharing, not per device.","Fanen Begivenheder i meddelelsesskuffen viser seneste aktivitet for de enheder, din familieadministrator har valgt. Det er indstillet til hele familien i Familiedeling, ikke pr. enhed.",
settings_extra_events_open_family_sharing,string,,Open Family Sharing,Åbn familiedeling,
settings_extra_room_follow_title,string,,Room following,Værelse efter,
settings_extra_room_follow_description,string,,"Pick the room-presence sensor that tracks each person's phone, such as an ESPresense sensor. The app opens the room they are in and offers to follow them as they move.","Vælg rumtilstedeværelsessensoren, der sporer hver persons telefon, såsom en ESPresense-sensor. Appen åbner det rum, de er i, og tilbyder at følge dem, mens de bevæger sig.",
settings_extra_room_follow_sensor,string,,Presence sensor,Tilstedeværelsessensor,
settings_extra_room_follow_none,string,,No sensor,Ingen sensor,
settings_extra_room_follow_enabled,string,,Follow this person between rooms,Følg denne person mellem rum,
settings_extra_room_follow_open_on_launch,string,,Open their room when the app starts,"Åbn deres værelse, når appen starter",
settings_extra_room_follow_continue_after_launch,string,,Keep following while the app is open,"Følg med, mens appen er åben",
settings_extra_room_follow_continue_after_launch_hint,string,,"Turn off to only place them in the right room when the app starts, without switching rooms again while they're using it.","Sluk for kun at placere dem i det rigtige rum, når appen starter, uden at skifte rum igen, mens de bruger den.",
settings_extra_room_follow_prompt_on_move,string,,Ask before switching rooms,Spørg før du skifter værelse,
settings_extra_room_follow_dwell,string,,Wait before a move counts,Vent før et træk tæller,
settings_extra_room_follow_dwell_value,string,,%1$d s,%1$d s,keep %1$d
settings_extra_room_follow_dwell_hint,string,,Room-presence sensors drift between nearby rooms. A longer wait means fewer false moves.,Rumtilstedeværelsessensorer driver mellem nærliggende rum. En længere ventetid betyder færre falske træk.,
settings_extra_room_follow_rooms,string,,Sensor states,Sensortilstande,
settings_extra_room_follow_rooms_matched,string,,Matched automatically,Matchet automatisk,
settings_extra_room_follow_rooms_unmatched,string,,Pick a room,Vælg et værelse,
settings_extra_room_follow_no_states,string,,No states seen yet. States appear here once the sensor reports them.,"Ingen stater set endnu. Tilstande vises her, når sensoren rapporterer dem.",
room_follow_moved_title,string,,You moved to %1$s,Du flyttede til %1$s,keep %1$s
room_follow_moved_message,string,,"Switch to that room, or stay where you are?","Skift til det værelse, eller bliv, hvor du er?",
room_follow_moved_switch,string,,Switch,Skifte,
room_follow_moved_stay,string,,Stay,Ophold,
room_follow_moved_silence,string,,Don't ask again until I restart the app,"Spørg ikke igen, før jeg genstarter appen",
settings_extra_rename_dashboard,string,,Rename %1$s,Omdøb %1$s,keep %1$s
settings_extra_rename_instance,string,,Rename %1$s,Omdøb %1$s,keep %1$s
settings_extra_restart_home_assistant_failed,string,,Could not restart Home Assistant.,Kunne ikke genstarte Home Assistant.,don't translate Home Assistant
settings_extra_restore_failed,string,,Restore failed: %1$s,Gendannelse mislykkedes: %1$s,keep %1$s
settings_extra_selected_file_open_failed,string,,Could not open the selected file,Kunne ikke åbne den valgte fil,
settings_extra_set_dashboard_default,string,,Set %1$s as the default dashboard,Indstil %1$s som standard dashboard,keep %1$s
settings_extra_family_device_forget_failed,string,,Could not forget “%1$s.”,"Kunne ikke glemme ""%1$s.""",keep %1$s
settings_extra_shared_dashboard_access_failed,string,,Could not change who can see “%1$s.”,"Kunne ikke ændre, hvem der kan se ""%1$s.""",keep %1$s
settings_extra_shared_dashboard_access_updated,string,,Updated who can see “%1$s.”,"Opdateret, hvem der kan se ""%1$s.""",keep %1$s
settings_extra_shared_dashboard_delete_failed,string,,Could not delete “%1$s.”,"Kunne ikke slette ""%1$s.""",keep %1$s
settings_extra_shared_dashboard_deleted,string,,“%1$s” was deleted from the cloud.,"""%1$s"" blev slettet fra skyen.",keep %1$s
settings_extra_shared_dashboard_import_failed,string,,Could not import “%1$s.”,"Kunne ikke importere ""%1$s.""",keep %1$s
settings_extra_shared_dashboard_imported,string,,“%1$s” was imported into your dashboards.,"""%1$s"" blev importeret til dine dashboards.",keep %1$s
settings_extra_shared_dashboard_now_using,string,,Now using “%1$s.”,"Bruger nu ""%1$s.""",keep %1$s
settings_extra_shared_dashboard_use_failed,string,,Could not use “%1$s.”,"Kunne ikke bruge ""%1$s.""",keep %1$s
settings_extra_shared_dashboards_up_to_date,string,,Shared dashboards are already up to date.,Delte dashboards er allerede opdateret.,
settings_extra_show_tab,string,,Show tab,Vis faneblad,
settings_extra_tab_dashboards,string,,Dashboards,Dashboards,
settings_extra_tab_devices,string,,Devices,Enheder,
settings_extra_tab_parental_controls,string,,Parental controls,Forældrekontrol,
settings_extra_tab_permissions,string,,Permissions,Tilladelser,
settings_extra_technology_kotlin,string,,Kotlin,Kotlin,
settings_extra_technology_xml_kotlin_dsl,string,,XML and Kotlin DSL,XML og Kotlin DSL,
settings_extra_theme_amber,string,,Amber,Rav,
settings_extra_theme_auto,string,,Auto,Auto,
settings_extra_theme_blue,string,,Blue,Blå,
settings_extra_theme_custom,string,,Custom,Skik,
settings_extra_theme_dark,string,,Dark,Mørk,
settings_extra_theme_green,string,,Green,Grøn,
settings_extra_theme_light,string,,Light,Lys,
settings_extra_theme_rose,string,,Rose,Rose,
settings_extra_theme_system,string,,System,System,
settings_extra_unknown_error,string,,Unknown error,Ukendt fejl,
settings_extra_unrestricted_recommended,string,,Unrestricted (recommended),Ubegrænset (anbefales),
settings_extra_view_battery,string,,Battery,Batteri,
settings_extra_view_climate,string,,Climate,Klima,
settings_extra_view_energy,string,,Energy,Energi,
settings_extra_view_rooms,string,,Rooms,Værelser,
settings_extra_view_security,string,,Security,Sikkerhed,
settings_extra_minutes_ago,plural,one,%1$d minute ago,%1$d minut siden,keep %1$d
settings_extra_minutes_ago,plural,other,%1$d minutes ago,%1$d minutter siden,keep %1$d
settings_extra_hours_ago,plural,one,%1$d hour ago,%1$d time siden,keep %1$d
settings_extra_hours_ago,plural,other,%1$d hours ago,%1$d timer siden,keep %1$d
settings_extra_days_ago,plural,one,%1$d day ago,%1$d dag siden,keep %1$d
settings_extra_days_ago,plural,other,%1$d days ago,%1$d dage siden,keep %1$d
settings_extra_shared_dashboards_pushed,plural,one,Pushed changes to %1$d shared dashboard.,Skubbede ændringer til %1$d delt dashboard.,keep %1$d
settings_extra_shared_dashboards_pushed,plural,other,Pushed changes to %1$d shared dashboards.,Skubbede ændringer til %1$d delte dashboards.,keep %1$d
family_permission_reimport,string,,Allow re-importing,Tillad genimport,
family_permission_reimport_subtitle,string,,"Let this person manually re-import or clear Rooms, Climate, Security, Energy, and Battery data","Lad denne person manuelt genimportere eller rydde data om rum, klima, sikkerhed, energi og batteri",
family_dashboard_create_disabled_reason,string,,Your family administrator has disabled dashboard creation. This account can only use family-shared dashboards.,Din familieadministrator har deaktiveret oprettelse af dashboard. Denne konto kan kun bruge familiedelte dashboards.,
family_dashboard_restore_disabled_reason,string,,"Your family administrator has disabled dashboard switching. Restoring a backup could replace the family dashboard, so this account can only select a shared dashboard.","Din familieadministrator har deaktiveret skift af dashboard. Gendannelse af en sikkerhedskopi kan erstatte familiens dashboard, så denne konto kan kun vælge et delt dashboard.",
family_settings_admin_only,string,,Locked — only a Home Assistant administrator can manage family sharing,Låst — kun en Home Assistant-administrator kan administrere familiedeling,don't translate Home Assistant
family_aesthetics_only_explanation,string,,"Aesthetics-only access allows local names, icons, colors, backgrounds, card styles, shapes, sizes, and layout. Entities, actions, visibility rules, content, controls, and other behavior remain managed by the dashboard owner.","Adgang kun til æstetik giver lokale navne, ikoner, farver, baggrunde, kortstile, former, størrelser og layout. Enheder, handlinger, synlighedsregler, indhold, kontroller og anden adfærd forbliver administreret af dashboard-ejeren.",
parental_search_access_title,string,,Entity search access,Enhedssøgningsadgang,
parental_search_access_hint,string,,Choose which Home Assistant domains or individual entities this person can find in global search. Invisible selections always take precedence.,Vælg hvilke Home Assistant domæner eller individuelle enheder denne person kan finde i global søgning. Usynlige markeringer har altid forrang.,don't translate Home Assistant
parental_search_visible_title,string,,Visible,Synlig,
parental_search_invisible_title,string,,Invisible,Usynlig,
parental_search_visible_empty,string,,All entities are visible unless they appear in the Invisible list.,"Alle enheder er synlige, medmindre de vises på listen Usynlige.",
parental_search_invisible_empty,string,,No entities are explicitly hidden.,Ingen enheder er eksplicit skjult.,
parental_search_picker_subtitle,string,,Select entire domains or individual entities,Vælg hele domæner eller individuelle enheder,
parental_search_domains,string,,Domains,Domæner,
parental_search_entire_domain,string,,Entire domain,Hele domænet,
parental_search_domain_chip,string,,Domain: %1$s,Domæne: %1$s,keep %1$s
uif_a_state,string,,a state,en stat,
uif_a_time,string,,a time,en gang,
uif_actions,string,,Actions,Handlinger,
uif_active,string,,Active,Aktiv,
uif_adaptive,string,,Adaptive,Adaptiv,
uif_advanced,string,,Advanced,Fremskreden,
uif_air_quality,string,,Air quality,Luftkvalitet,
uif_alarm,string,,Alarm,Alarm,
uif_alarms,string,,Alarms,Alarmer,
uif_allow,string,,Allow,Tillade,
uif_allow_all_the_time,string,,Allow all the time,Tillad hele tiden,
uif_and_separator,string,,\u0020and\u0020,\\u0020og\\u0020,
uif_appearance,string,,Appearance,Udseende,
uif_aqi,string,,AQI,AQI,
uif_auto,string,,Auto,Auto,
uif_back,string,,Back,Tilbage,
uif_beep,string,,Beep,Bip,
uif_brightness,string,,Brightness,Lysstyrke,
uif_bucket,string,,Bucket,Spand,
uif_choose_action,string,,Choose action,Vælg handling,
uif_choose_entity,string,,Choose entity,Vælg enhed,
uif_choose_target,string,,Choose target,Vælg mål,
uif_circle,string,,Circle,Cirkel,
uif_color,string,,Color,Farve,
uif_date,string,,Date,Dato,
uif_date_and_time,string,,Date and time,Dato og tid,
uif_defrost,string,,Defrost,Afrimning,
uif_devices_on,string,,Devices on,Enheder tændt,
uif_direction_east_short,string,,E,E,
uif_direction_north_short,string,,N,N,
uif_direction_northeast_short,string,,NE,NE,
uif_direction_northwest_short,string,,NW,NW,
uif_direction_south_short,string,,S,S,
uif_direction_southeast_short,string,,SE,SE,
uif_direction_southwest_short,string,,SW,SW,
uif_direction_west_short,string,,W,W,
uif_display,string,,Display,Vise,
uif_edit,string,,Edit,Redigere,
uif_enable,string,,Enable,Aktiver,
uif_enable_location,string,,Enable location,Aktiver placering,
uif_enabled,string,,Enabled,Aktiveret,
uif_entities,string,,Entities,Enheder,
uif_error,string,,Error,Fejl,
uif_fan_speed,string,,Fan speed,Blæserhastighed,
uif_feels_like_temperature,string,,Feels like %1$d°,Føles som %1$d°,keep %1$d
uif_filter,string,,Filter,Filter,
uif_fire,string,,Fire,Brand,
uif_flow_actions_available,string,,Actions available in Home Assistant,Handlinger tilgængelige i Home Assistant,don't translate Home Assistant
uif_flow_actions_load_failed,string,,Could not load Home Assistant actions,Kunne ikke indlæse Home Assistant handlinger,don't translate Home Assistant
uif_flow_advanced_block_unchanged,string,,Advanced block (kept unchanged),Avanceret blok (holdes uændret),
uif_flow_after_format,string,,After (HH:MM:SS),Efter (TT:MM:SS),
uif_flow_after_time,string,,after %1$s,efter %1$s,keep %1$s
uif_flow_at_time,string,,At %1$s,Ved %1$s,keep %1$s
uif_flow_automation_delete_failed,string,,Could not delete this automation,Kunne ikke slette denne automatisering,
uif_flow_automation_deleted,string,,Deleted from Home Assistant,Slettet fra Home Assistant,don't translate Home Assistant
uif_flow_automation_load_failed,string,,Could not load this automation,Kunne ikke indlæse denne automatisering,
uif_flow_automation_save_failed,string,,Could not save this automation,Kunne ikke gemme denne automatisering,
uif_flow_automation_saved,string,,Saved and loaded in Home Assistant,Gemt og indlæst i Home Assistant,don't translate Home Assistant
uif_flow_before_format,string,,Before (HH:MM:SS),Før (TT:MM:SS),
uif_flow_before_time,string,,before %1$s,før %1$s,keep %1$s
uif_flow_domain_actions_first,string,,%1$s actions are shown first,%1$s handlinger vises først,keep %1$s
uif_flow_entity_becomes_state,string,,%1$s becomes %2$s,%1$s bliver til %2$s,keep %1$s %2$s
uif_flow_entity_is_state,string,,%1$s is %2$s,%1$s er %2$s,keep %1$s %2$s
uif_flow_entity_state,string,,Entity state,Enhedstilstand,
uif_flow_ha_action,string,,Home Assistant action,Home Assistant handling,don't translate Home Assistant
uif_flow_mode_parallel,string,,Parallel,Parallel,
uif_flow_mode_parallel_description,string,,Start every trigger as a separate run at the same time.,Start hver trigger som en separat kørsel på samme tid.,
uif_flow_mode_queued,string,,Queued,I kø,
uif_flow_mode_queued_description,string,,"Wait, then run each trigger in the order it arrived.","Vent, og kør derefter hver trigger i den rækkefølge, den ankom.",
uif_flow_mode_restart,string,,Restart,Genstart,
uif_flow_mode_restart_description,string,,Stop the current run and start again when conditions still pass.,"Stop den aktuelle kørsel og start igen, når forholdene stadig passerer.",
uif_flow_mode_single,string,,Single,Enkelt,
uif_flow_mode_single_description,string,,Ignore a new trigger while this flow is still running.,"Ignorer en ny trigger, mens dette flow stadig kører.",
uif_flow_perform_ha_action,string,,Perform a Home Assistant action,Udfør en Home Assistant handling,don't translate Home Assistant
uif_flow_section_and_if,string,,And if,Og hvis,
uif_flow_section_then,string,,Then,Så,
uif_flow_section_when,string,,When,Når,
uif_flow_sun_event,string,,Sun event,Solbegivenhed,
uif_flow_sunrise_or_sunset,string,,Sunrise or sunset,Solopgang eller solnedgang,
uif_flow_time_format,string,,Time (HH:MM:SS),Tid (TT:MM:SS),
uif_flow_time_window,string,,Time window,Tidsvindue,
uif_flow_group_any,string,,Any of these,Enhver af disse,
uif_flow_group_all,string,,All of these,Alle disse,
uif_flow_group_none,string,,None of these,Ingen af disse,
uif_flow_group_empty,string,,Empty — open it to add conditions,Tom – åbn den for at tilføje betingelser,
uif_flow_group_open,string,,Open group,Åben gruppe,
uif_flow_group_back,string,,Back,Tilbage,
uif_flow_group_count,plural,one,%1$d condition inside,%1$d stand indvendig,keep %1$d
uif_flow_group_count,plural,other,%1$d conditions inside,%1$d forhold indeni,keep %1$d
uif_flow_within_time_window,string,,Within a time window,Inden for et tidsvindue,
uif_full,string,,Full,Fuld,
uif_gas,string,,Gas,Gas,
uif_glow,string,,Glow,Glød,
uif_half,string,,Half,Halv,
uif_header_pill,string,,Header pill,Header pille,
uif_hold,string,,Hold,Holde,
uif_humidity,string,,Humidity,Fugtighed,
uif_ionizer,string,,Ionizer,Ionisator,
uif_lights_on,string,,Lights on,Lys tændt,
uif_mode_auto,string,,Auto,Auto,
uif_mode_away,string,,Away,Væk,
uif_mode_baby,string,,Baby,Baby,
uif_mode_boost,string,,Boost,Boost,
uif_mode_clothes,string,,Clothes,Tøj,
uif_mode_comfort,string,,Comfort,Komfort,
uif_mode_continuous,string,,Continuous,Sammenhængende,
uif_mode_dry,string,,Dry,Tørre,
uif_mode_eco,string,,Eco,Øko,
uif_mode_high,string,,High,Høj,
uif_mode_home,string,,Home,Hjem,
uif_mode_laundry,string,,Laundry,Vasketøj,
uif_mode_low,string,,Low,Lav,
uif_mode_manual,string,,Manual,Manuel,
uif_mode_medium,string,,Medium,Medium,
uif_mode_normal,string,,Normal,Normal,
uif_mode_purify,string,,Purify,Rens,
uif_mode_quiet,string,,Quiet,Stille,
uif_mode_sleep,string,,Sleep,Sove,
uif_moon,string,,Moon,Måne,
uif_moon_phase_first_quarter,string,,First quarter,Første kvartal,
uif_moon_phase_full,string,,Full moon,Fuldmåne,
uif_moon_phase_last_quarter,string,,Last quarter,Sidste kvartal,
uif_moon_phase_new,string,,New moon,Nymåne,
uif_moon_phase_waning_crescent,string,,Waning crescent,Aftagende halvmåne,
uif_moon_phase_waning_gibbous,string,,Waning gibbous,Aftagende vrøvl,
uif_moon_phase_waxing_crescent,string,,Waxing crescent,Voksende halvmåne,
uif_moon_phase_waxing_gibbous,string,,Waxing gibbous,Voksende gibbous,
uif_motion,string,,Motion,Bevægelse,
uif_mute,string,,Mute,Stum,
uif_next,string,,Next,Næste,
uif_none,string,,None,Ingen,
uif_off,string,,Off,Slukket,
uif_onboarding_add_in_edit_mode,string,,Add everything yourself in Edit mode,Tilføj alt selv i redigeringstilstand,
uif_onboarding_add_internal_url_later,string,,"For a faster direct connection at home, you can add an internal URL and your home Wi-Fi networks later in Settings > Connection.",For en hurtigere direkte forbindelse derhjemme kan du tilføje en intern URL og dine Wi-Fi-hjemmenetværk senere i Indstillinger > Forbindelse.,
uif_onboarding_add_remote_url_later,string,,"To connect while you're away from home, add a Nabu Casa or external URL later in Settings > Connection.","For at oprette forbindelse, mens du er væk hjemmefra, skal du tilføje en Nabu Casa eller ekstern URL senere i Indstillinger > Forbindelse.",don't translate Nabu Casa
uif_onboarding_auto_entities,string,,"Finds suitable Climate, Security, Energy and Battery entities","Finder passende enheder for klima, sikkerhed, energi og batteri",
uif_onboarding_auto_generate,string,,Auto generate,Generer automatisk,
uif_onboarding_auto_rooms_floors,string,,Creates rooms and floors from Home Assistant areas,Opretter rum og gulve fra Home Assistant områder,don't translate Home Assistant
uif_onboarding_building_dashboard,string,,Building dashboard…,Opbygning af dashboard...,
uif_onboarding_connection_failed,string,,Connection failed,Forbindelsen mislykkedes,
uif_onboarding_everything_editable,string,,Everything can be changed afterward in Edit mode,Alt kan ændres bagefter i redigeringstilstand,
uif_onboarding_external_access_explanation,string,,HKI 7 can reach your smart home both at home and while you're away through the external URL you entered.,"HKI 7 kan nå dit smarte hjem både derhjemme og mens du er væk via den eksterne URL, du har indtastet.",don't translate HKI 7
uif_onboarding_local_access_explanation,string,,Your smart home is currently available to HKI 7 only while this device can reach your local Home Assistant network.,"Dit smarthjem er i øjeblikket kun tilgængeligt for HKI 7, mens denne enhed kan nå dit lokale Home Assistant-netværk.","don't translate Home Assistant, HKI 7"
uif_onboarding_login_failed,string,,Login failed: %1$s,Login mislykkedes: %1$s,keep %1$s
uif_onboarding_nabu_casa_access_explanation,string,,HKI 7 can reach your smart home both at home and while you're away through your Nabu Casa URL.,HKI 7 kan nå dit smarte hjem både derhjemme og mens du er væk via din Nabu Casa URL.,"don't translate Nabu Casa, HKI 7"
uif_onboarding_no_authorization_code,string,,Login failed: Home Assistant returned no authorization code.,Login mislykkedes: Home Assistant returnerede ingen autorisationskode.,don't translate Home Assistant
uif_onboarding_preparing_dashboard,string,,Preparing dashboard…,Forbereder betjeningspanel...,
uif_onboarding_server_http_error,string,,The server answered with HTTP %1$d,Serveren svarede med HTTP %1$d,keep %1$d
uif_onboarding_shared_import_failed,string,,Could not import “%1$s”. Try again.,"Kunne ikke importere ""%1$s"". Prøv igen.",keep %1$s
uif_onboarding_start_empty,string,,Start empty,Start tom,
uif_onboarding_starts_empty,string,,"Starts without imported rooms, widgets or view entities","Starter uden importerede rum, widgets eller visningsenheder",
uif_open,string,,Open,Åben,
uif_open_doors,string,,Open doors,Åbne døre,
uif_open_settings,string,,Open settings,Åbn indstillinger,
uif_open_windows,string,,Open windows,Åbn vinduer,
uif_pause,string,,Pause,Pause,
uif_percentage,string,,Percentage,Procent,
uif_percentage_value,string,,%1$d%%,%1$d%%,keep %1$d
uif_pick_to_auto_fill,string,,Pick to auto-fill,Vælg at udfylde automatisk,
uif_pill,string,,Pill,Pille,
uif_play,string,,Play,Spil,
uif_playlists,string,,Playlists,Afspilningslister,
uif_pm25,string,,PM2.5,"PM2,5",
uif_presence,string,,Presence,Tilstedeværelse,
uif_pressure,string,,Pressure,Tryk,
uif_pressure_hpa,string,,%1$d hPa,%1$d hPa,keep %1$d
uif_previous,string,,Previous,Tidligere,
uif_pulse,string,,Pulse,Puls,
uif_pump,string,,Pump,Pumpe,
uif_rain,string,,Rain,Regn,
uif_rain_map_camera,string,,Rain map camera,Regn kort kamera,
uif_recipe_arrive_home_description,string,,Activate a scene when someone arrives home,"Aktiver en scene, når nogen kommer hjem",
uif_recipe_arrive_home_title,string,,Welcome home,Velkommen hjem,
uif_recipe_bedtime_description,string,,Turn off a light at a chosen bedtime,Sluk et lys ved en valgt sengetid,
uif_recipe_bedtime_title,string,,Bedtime lights,Sengetid lys,
uif_recipe_blank_description,string,,Build an automation from an empty canvas,Byg en automatisering fra et tomt lærred,
uif_recipe_blank_title,string,,Start empty,Start tom,
uif_recipe_close_covers_description,string,,Close a cover when the sun sets,"Luk et låg, når solen går ned",
uif_recipe_close_covers_title,string,,Close covers at sunset,Luk lågerne ved solnedgang,
uif_recipe_entity_state_description,string,,Run an action when an entity reaches a state,"Kør en handling, når en enhed når en tilstand",
uif_recipe_entity_state_title,string,,Entity changes,Entitetsændringer,
uif_recipe_leave_home_description,string,,Turn off a light when someone leaves home,"Sluk et lys, når nogen går hjemmefra",
uif_recipe_leave_home_title,string,,Leaving home,Forlader hjemmet,
uif_recipe_lock_at_night_description,string,,Lock a door at a chosen time,Lås en dør på et valgt tidspunkt,
uif_recipe_lock_at_night_title,string,,Lock up at night,Lås op om natten,
uif_recipe_morning_scene_description,string,,Activate a scene at a chosen morning time,Aktiver en scene på et valgt morgentidspunkt,
uif_recipe_morning_scene_title,string,,Morning scene,Morgen scene,
uif_recipe_motion_lights_description,string,,Turn on a light when motion is detected,"Tænd et lys, når der registreres bevægelse",
uif_recipe_motion_lights_title,string,,Motion lighting,Bevægelseslys,
uif_recipe_open_covers_description,string,,Open a cover when the sun rises,"Åbn et låg, når solen står op",
uif_recipe_open_covers_title,string,,Open covers at sunrise,Åbn lågerne ved solopgang,
uif_recipe_schedule_description,string,,Run an action at a fixed time every day,Kør en handling på et fast tidspunkt hver dag,
uif_recipe_schedule_title,string,,At a time,ad gangen,
uif_recipe_sunrise_lights_off_description,string,,Turn off a light when the sun rises,"Sluk et lys, når solen står op",
uif_recipe_sunrise_lights_off_title,string,,Lights off at sunrise,Lyset slukkes ved solopgang,
uif_recipe_sunset_description,string,,Run an action at sunset,Kør en aktion ved solnedgang,
uif_recipe_sunset_title,string,,Around sunset,Omkring solnedgang,
uif_refresh,string,,Refresh,Opfriske,
uif_remove,string,,Remove,Fjerne,
uif_repeat,string,,Repeat,Gentage,
uif_run,string,,Run,Løbe,
uif_season,string,,Season,Sæson,
uif_season_autumn,string,,Autumn,Efterår,
uif_season_spring,string,,Spring,Forår,
uif_season_summer,string,,Summer,Sommer,
uif_season_winter,string,,Winter,Vinter,
uif_shuffle,string,,Shuffle,Bland,
uif_sleep,string,,Sleep,Sove,
uif_smoke,string,,Smoke,Røg,
uif_source,string,,Source,Kilde,
uif_source_device,string,,Source device,Kildeenhed,
uif_speed,string,,Speed,Hastighed,
uif_speed_kmh,string,,%1$d km/h,%1$d km/t,keep %1$d
uif_spin,string,,Spin,Spin,
uif_state_active,string,,Active,Aktiv,
uif_state_away,string,,Away,Væk,
uif_state_buffering,string,,Buffering,Buffer,
uif_state_cleaning,string,,Cleaning,Rensning,
uif_state_closed,string,,Closed,Lukket,
uif_state_docked,string,,Docked,Docket,
uif_state_error,string,,Error,Fejl,
uif_state_home,string,,Home,Hjem,
uif_state_idle,string,,Idle,Ledig,
uif_state_locked,string,,Locked,Låst,
uif_state_off,string,,Off,Slukket,
uif_state_on,string,,On,På,
uif_state_open,string,,Open,Åben,
uif_state_paused,string,,Paused,Pause,
uif_state_playing,string,,Playing,Spiller,
uif_state_returning,string,,Returning,Vender tilbage,
uif_state_standby,string,,Standby,Standby,
uif_state_unavailable,string,,Unavailable,Ikke tilgængelig,
uif_state_unknown,string,,Unknown,Ukendt,
uif_state_unlocked,string,,Unlocked,Ulåst,
uif_sun,string,,Sun,Sol,
uif_sunrise,string,,Sunrise,Solopgang,
uif_sunset,string,,Sunset,Solnedgang,
uif_tank,string,,Tank,Tank,
uif_tap,string,,Tap,Tryk på,
uif_third,string,,Third,Tredje,
uif_time,string,,Time,Tid,
uif_unknown,string,,Unknown,Ukendt,
uif_update_failed,string,,Could not update %1$s,Kunne ikke opdatere %1$s,keep %1$s
uif_updated,string,,%1$s updated,%1$s opdateret,keep %1$s
uif_weather,string,,Weather,Vejr,
uif_wind,string,,Wind,Vind,
uif_active_device_count,plural,one,%1$d active device,%1$d aktiv enhed,keep %1$d
uif_active_device_count,plural,other,%1$d active devices,%1$d aktive enheder,keep %1$d
uif_adaptive_group_paused_count,plural,one,%1$d group light is paused for manual control.,%1$d gruppelyset er sat på pause for manuel styring.,keep %1$d
uif_adaptive_group_paused_count,plural,other,%1$d group lights are paused for manual control.,%1$d gruppelys er sat på pause for manuel styring.,keep %1$d
uif_adaptive_profile_light_count,plural,one,Controls %1$d light in this profile.,Styrer %1$d lys i denne profil.,keep %1$d
uif_adaptive_profile_light_count,plural,other,Controls %1$d lights in this profile.,Styrer %1$d lys i denne profil.,keep %1$d
uif_days_to_season,plural,one,%1$d day to %2$s,%1$d dag til %2$s,keep %1$d %2$s
uif_days_to_season,plural,other,%1$d days to %2$s,%1$d dage til %2$s,keep %1$d %2$s
uif_device_on_count,plural,one,%1$d device on,%1$d enhed tændt,keep %1$d
uif_device_on_count,plural,other,%1$d devices on,%1$d enheder tændt,keep %1$d
uif_fire_detector_count,plural,one,%1$d fire detector active,%1$d branddetektor aktiv,keep %1$d
uif_fire_detector_count,plural,other,%1$d fire detectors active,%1$d branddetektorer aktive,keep %1$d
uif_flow_advanced_block_count,plural,one,%1$d advanced shorthand block (kept unchanged),%1$d avanceret stenografiblok (holdes uændret),keep %1$d
uif_flow_advanced_block_count,plural,other,%1$d advanced shorthand blocks (kept unchanged),%1$d avancerede stenografiblokke (holdes uændret),keep %1$d
uif_gas_detector_count,plural,one,%1$d gas detector active,%1$d gasdetektor aktiv,keep %1$d
uif_gas_detector_count,plural,other,%1$d gas detectors active,%1$d gasdetektorer aktive,keep %1$d
uif_light_on_count,plural,one,%1$d light on,%1$d lys tændt,keep %1$d
uif_light_on_count,plural,other,%1$d lights on,%1$d lyser,keep %1$d
uif_media_item_count,plural,one,%1$d item,%1$d vare,keep %1$d
uif_media_item_count,plural,other,%1$d items,%1$d elementer,keep %1$d
uif_motion_sensor_count,plural,one,%1$d motion sensor active,%1$d bevægelsessensor aktiv,keep %1$d
uif_motion_sensor_count,plural,other,%1$d motion sensors active,%1$d bevægelsessensorer aktive,keep %1$d
uif_open_door_count,plural,one,%1$d open door,%1$d åben dør,keep %1$d
uif_open_door_count,plural,other,%1$d open doors,%1$d åbne døre,keep %1$d
uif_open_window_count,plural,one,%1$d open window,%1$d åbent vindue,keep %1$d
uif_open_window_count,plural,other,%1$d open windows,%1$d åbne vinduer,keep %1$d
uif_presence_sensor_count,plural,one,%1$d presence sensor active,%1$d tilstedeværelsessensor aktiv,keep %1$d
uif_presence_sensor_count,plural,other,%1$d presence sensors active,%1$d tilstedeværelsessensorer aktive,keep %1$d
uif_smoke_detector_count,plural,one,%1$d smoke detector active,%1$d røgdetektor aktiv,keep %1$d
uif_smoke_detector_count,plural,other,%1$d smoke detectors active,%1$d røgdetektorer aktive,keep %1$d
weather_animate_title,string,,Animated weather,Animeret vejr,
weather_animate_description,string,,"Where the full-colour weather artwork plays. Turn a surface off to show its still artwork instead — the forecast strips are the ones that cost the most, since they animate a dozen icons side by side.","Hvor vejrkunsten i fuld farve spiller. Sluk en overflade for at vise dens stillbilleder i stedet - prognosestrimlerne er dem, der koster mest, da de animerer et dusin ikoner side om side.",
weather_animate_applies_everywhere,string,,"These apply to this device everywhere weather is shown, not just to this pill. The same switches are in Settings › Appearance › Icons.","Disse gælder for denne enhed overalt, hvor vejret er vist, ikke kun for denne pille. De samme kontakter er i Indstillinger › Udseende › Ikoner.",
weather_animate_pill,string,,Header pill,Header pille,
weather_animate_pill_description,string,,The small weather icon beside the dashboard title.,Det lille vejrikon ved siden af dashboard-titlen.,
weather_animate_dialog,string,,Weather dialog,Vejr dialog,
weather_animate_dialog_description,string,,The large icon on the current-weather card when you open the weather.,"Det store ikon på kortet for nuværende vejr, når du åbner vejret.",
weather_animate_forecast,string,,Forecast strips,Prognosestrimler,
weather_animate_forecast_description,string,,"The daily and hourly rows, in the dialog and on the dashboard.","De daglige og timelige rækker, i dialogen og på dashboardet.",
weather_animate_widget,string,,Weather widget,Vejr-widget,
weather_animate_widget_description,string,,The weather card on the dashboard itself.,Vejrkortet på selve instrumentbrættet.,
widgets_tab_content,string,,Content,Tilfreds,
widgets_tab_appearance,string,,Appearance,Udseende,
widgets_tab_data,string,,Data,Data,
widgets_tab_chart,string,,Chart,Diagram,
widgets_tab_graphs,string,,Graphs,Grafer,
widgets_tab_layout,string,,Layout,Layout,
widgets_tab_data_sources,string,,Data sources,Datakilder,
widgets_remove,string,,Remove,Fjerne,
widgets_reimport,string,,Re-import,Genimport,
widgets_unavailable,string,,Unavailable,Ikke tilgængelig,
widgets_today,string,,Today,I dag,
widgets_tomorrow,string,,Tomorrow,I morgen,
widgets_yesterday,string,,Yesterday,I går,
widgets_today_initial,string,,T,T,
widgets_date_range,string,,%1$s – %2$s,%1$s – %2$s,keep %1$s %2$s
widgets_iframe_title,string,,iFrame,iFrame,
widgets_iframe_subtitle,string,,Embed a web page on your dashboard,Integrer en webside på dit dashboard,
widgets_ratio_square,string,,Square,Firkant,
widgets_ratio_wide,string,,Wide,Bred,
widgets_ratio_tall,string,,Tall,Høj,
widgets_markdown_title,string,,Markdown,Markdown,
widgets_markdown_subtitle,string,,Content and card appearance,Indhold og kort udseende,
widgets_media_player_title,string,,Media player,Medieafspiller,
widgets_media_player_subtitle,string,,"Source, layout, and artwork","Kilde, layout og illustrationer",
widgets_stat_min,string,,Min,Min,
widgets_stat_average,string,,Avg,Gns,
widgets_stat_max,string,,Max,Maks,
widgets_sensor_graph_title,string,,Sensor graph,Sensor graf,
widgets_sensor_graph_subtitle,string,,"Entities, chart style, and appearance","Enheder, diagramstil og udseende",
widgets_sensor_graph_stack_title,string,,Sensor graph stack,Sensor graf stak,
widgets_sensor_graph_stack_subtitle,string,,Grouped charts and stack layout,Grupperede diagrammer og stak layout,
widgets_graph_sensor_count,plural,one,Graph %1$d · %2$d sensor,Graf %1$d · %2$d sensor,keep %1$d %2$d
widgets_graph_sensor_count,plural,other,Graph %1$d · %2$d sensors,Graf %1$d · %2$d sensorer,keep %1$d %2$d
widgets_calendar_title,string,,Calendar,Kalender,
widgets_calendar_subtitle,string,,"Calendars, default view, and appearance","Kalendere, standardvisning og udseende",
widgets_calendar_agenda,string,,Agenda,Dagsorden,
widgets_calendar_week,string,,Week,Uge,
widgets_calendar_month,string,,Month,Måned,
widgets_calendar_no_entity,string,,No calendar entity available,Ingen tilgængelig kalenderenhed,
widgets_calendar_no_upcoming_events,string,,No events in the coming days,Ingen begivenheder i de kommende dage,
widgets_calendar_no_events_for,string,,No events for %1$s,Ingen begivenheder for %1$s,keep %1$s
widgets_calendar_all_day,string,,All day,Hele dagen,
widgets_calendar_time_unknown,string,,Time unknown,Tid ukendt,
widgets_vacuum_state_cleaning,string,,Cleaning,Rensning,
widgets_vacuum_state_docked,string,,Docked,Docket,
widgets_vacuum_state_paused,string,,Paused,Pause,
widgets_vacuum_state_error,string,,Error,Fejl,
widgets_vacuum_state_returning,string,,Returning to dock,Vender tilbage til kajen,
widgets_vacuum_dock,string,,Dock,Dok,
widgets_vacuum_start,string,,Start,Starte,
widgets_vacuum_pause,string,,Pause,Pause,
widgets_vacuum_stop,string,,Stop,Stop,
widgets_vacuum_locate,string,,Locate,Find,
widgets_vacuum_page_status,string,,%1$d/%2$d · %3$s,%1$d/%2$d · %3$s,keep %1$d %2$d %3$s
widgets_vacuum_fan_speed,string,,Fan speed,Blæserhastighed,
widgets_vacuum_water_level,string,,Water level,Vandstand,
widgets_vacuum_map,string,,Vacuum map,Vakuum kort,
widgets_vacuum_room_number,string,,Room %1$d,Værelse %1$d,keep %1$d
widgets_vacuum_room_label,string,,Room %1$s,Værelse %1$s,keep %1$s
widgets_vacuum_valetudo_decode_failed,string,,No Valetudo map data in this camera entity,Ingen Valetudo kortdata i denne kameraenhed,don't translate Valetudo
widgets_vacuum_valetudo_tap_hint,string,,Tap a room to clean it,Tryk på et rum for at rense det,
widgets_vacuum_valetudo_unmapped,string,,Map this robot's segments to areas in Home Assistant to clean a room by tapping it,Kortlæg denne robots segmenter til områder i Home Assistant for at rense et rum ved at trykke på det,don't translate Home Assistant
widgets_vacuum_valetudo_cleaning,string,,Cleaning %1$s,Rengøring %1$s,keep %1$s
widgets_waste_collection_title,string,,Waste collection,Affaldsindsamling,
widgets_waste_collection_subtitle,string,,"Sensors, calendar, and appearance","Sensorer, kalender og udseende",
widgets_waste_sensor_picture_help,string,,Shows the sensor’s entity_picture (falls back to the type icon when no picture is available).,"Viser sensorens entity_picture (falder tilbage til typeikonet, når intet billede er tilgængeligt).",
ui_people_dialog_title,string,,People,Mennesker,
widgets_f1_title,string,,Formula 1,Formel 1,
widgets_f1_subtitle,string,,"Race weekend, standings, and results","Løbsweekend, stilling og resultater",
widgets_f1_sources_subtitle,string,,Read from the F1 Sensor integration,Læs fra F1-sensorintegrationen,
widgets_f1_tab_next,string,,Next race,Næste løb,
widgets_f1_tab_calendar,string,,Calendar,Kalender,
widgets_f1_tab_standings,string,,Standings,Stilling,
widgets_f1_tab_grid,string,,Grid,Gitter,
widgets_f1_tab_results,string,,Results,Resultater,
widgets_f1_tab_live,string,,Live,Levende,
widgets_f1_drivers,string,,Drivers,Chauffører,
widgets_f1_constructors,string,,Constructors,Konstruktører,
widgets_f1_prediction,string,,Prediction,Forudsigelse,
widgets_f1_schedule,string,,Session schedule,Sessionsplan,
widgets_f1_race_control,string,,Race control,Race kontrol,
widgets_f1_timing,string,,Timing,Timing,
widgets_f1_round,string,,Round %1$s,Runde %1$s,keep %1$s
widgets_f1_lap_short,string,,Lap %1$s,Omgang %1$s,keep %1$s
widgets_f1_lap_of,string,,Lap %1$d / %2$d,Omgang %1$d / %2$d,keep %1$d %2$d
widgets_f1_wins_short,string,,%1$s wins,%1$s vinder,keep %1$s
widgets_f1_points_wins_legend,string,,Right-hand column shows championship points.,Højre kolonne viser mesterskabspoint.,
widgets_f1_prediction_now,string,,Now: %1$s pts,Nu: %1$s pt,keep %1$s
widgets_f1_prediction_legend,string,,Right-hand column shows predicted final points. Needs F1TV Auth in F1 Sensor.,Højre kolonne viser forudsagte slutpunkter. Har brug for F1TV Auth in F1 Sensor.,
widgets_f1_status_pit,string,,In pit,I pit,
widgets_f1_status_out,string,,Retired,Pensioneret,
widgets_f1_no_calendar,string,,No season schedule available yet,Ingen sæsonplan tilgængelig endnu,
widgets_f1_no_grid,string,,No starting grid available yet,Ingen startgitter tilgængelig endnu,
widgets_f1_no_prediction,string,,No championship prediction available. Needs F1TV Auth in F1 Sensor.,Ingen mesterskabsforudsigelse tilgængelig. Har brug for F1TV Auth in F1 Sensor.,
widgets_f1_lights_out_in,string,,Lights out in %1$s,Lyser ud i %1$s,keep %1$s
widgets_f1_next_in,string,,%1$s · %2$s,%1$s · %2$s,keep %1$s %2$s
widgets_f1_in_days_hours,string,,in %1$dd %2$dh,om %1$dd %2$dt,keep %1$d %2$d
widgets_f1_in_hours_minutes,string,,in %1$dh %2$dm,om %1$dt %2$dm,keep %1$d %2$d
widgets_f1_in_minutes,string,,in %1$dm,i %1$dm,keep %1$d
widgets_f1_no_upcoming,string,,No upcoming race,Intet kommende løb,
widgets_f1_today_at,string,,Today %1$s,I dag %1$s,keep %1$s
widgets_f1_tomorrow_at,string,,Tomorrow %1$s,I morgen %1$s,keep %1$s
widgets_f1_time_unknown,string,,Time to be confirmed,Tid til at blive bekræftet,
widgets_f1_sensors_used,string,,"This widget uses the next race, season calendar, starting grid, driver and constructor standings, last race results, weather, and — during a session — track status, session status, race control, driver positions, and current tyres. It also shows a championship prediction when F1 Sensor's optional F1TV Auth is set up. Other F1 Sensor options are not needed for it.","Denne widget bruger det næste løb, sæsonkalender, startskema, fører- og konstruktør-stillinger, seneste løbsresultater, vejr og - under en session - banestatus, sessionsstatus, løbskontrol, førerpositioner og aktuelle dæk. Den viser også en mesterskabsforudsigelse, når F1 Sensors valgfri F1TV Auth er sat op. Andre F1-sensormuligheder er ikke nødvendige for det.",
widgets_f1_no_standings,string,,No standings available yet,Ingen stilling er tilgængelig endnu,
widgets_f1_no_results,string,,No race results available yet,Ingen løbsresultater tilgængelige endnu,
widgets_f1_no_race_control,string,,No race control messages,Ingen løbskontrolmeddelelser,
widgets_f1_not_found,string,,F1 Sensor not found,F1 Sensor ikke fundet,
widgets_f1_not_found_long,string,,The F1 Sensor integration was not found. Install it in Home Assistant (HACS: Nicxe/f1_sensor) and its sensors are picked up automatically.,"F1-sensorintegrationen blev ikke fundet. Installer den i Home Assistant (HACS: Nicxe/f1_sensor), og dens sensorer opfanges automatisk.",don't translate Home Assistant
widgets_f1_found,string,,Found %1$d F1 sensors.,Fandt %1$d F1-sensorer.,keep %1$d
widgets_f1_default_tab,string,,Opening tab,Åbningsfane,
widgets_f1_background_help,string,,"With no background image the card shows the upcoming race, with the circuit outline as a faint watermark behind it.","Uden baggrundsbillede viser kortet det kommende løb, med kredsløbskonturen som et svagt vandmærke bagved.",
widgets_f1_session_fp1,string,,Practice 1,Øvelse 1,
widgets_f1_session_fp2,string,,Practice 2,Øvelse 2,
widgets_f1_session_fp3,string,,Practice 3,Øvelse 3,
widgets_f1_session_sprint_quali,string,,Sprint qualifying,Sprint kvalifikation,
widgets_f1_session_sprint,string,,Sprint,Sprint,
widgets_f1_session_qualifying,string,,Qualifying,Kvalifikation,
widgets_f1_session_race,string,,Race,Race,
widgets_f1_flag_green,string,,Track clear,Sporet klart,
widgets_f1_flag_yellow,string,,Yellow flag,Gult flag,
widgets_f1_flag_red,string,,Red flag,Rødt flag,
widgets_f1_flag_safety_car,string,,Safety car,Safety car,
widgets_f1_flag_vsc,string,,Virtual safety car,Virtuel sikkerhedsbil,
widgets_f1_flag_chequered,string,,Chequered flag,Ternet flag,
widgets_f1_flag_unknown,string,,Not running,Løber ikke,
cr_widget_f1,string,,Formula 1,Formel 1,
cr_widget_f1_description,string,,"Race weekend, standings, and results","Løbsweekend, stilling og resultater",
widgets_todo_title,string,,To-Do List,To-do liste,
widgets_todo_shopping_title,string,,Shopping List,Indkøbsliste,
widgets_todo_subtitle,string,,A shared checklist your family can add to and check off,"En delt tjekliste, som din familie kan føje til og afkrydse",
widgets_todo_empty,string,,No items yet,Ingen varer endnu,
widgets_todo_all_done,string,,All done,Alt færdigt,
widgets_todo_remaining,string,,%1$d of %2$d left,%1$d af %2$d tilbage,keep %1$d %2$d
widgets_todo_remaining_short,string,,%1$d/%2$d,%1$d/%2$d,keep %1$d %2$d
widgets_todo_add_placeholder,string,,Add an item…,Tilføj et element...,
widgets_todo_read_only,string,,You don't have permission to edit this list.,Du har ikke tilladelse til at redigere denne liste.,
widgets_todo_filter_active,string,,To do,At gøre,
widgets_todo_filter_all,string,,All,Alle,
widgets_todo_filter_done,string,,Done,Færdig,
widgets_todo_clear_completed,string,,Clear completed,Ryd fuldført,
widgets_todo_completed_section,string,,Completed (%1$d),Fuldført (%1$d),keep %1$d
widgets_todo_new_category,string,,New tab,Ny fane,
widgets_todo_manage_categories,string,,Manage tabs,Administrer faner,
widgets_todo_edit_item,string,,Edit item,Rediger element,
widgets_todo_item_text,string,,Item,Punkt,
widgets_todo_quantity,string,,Quantity,Mængde,
widgets_todo_category,string,,Category,Kategori,
widgets_todo_note,string,,Note,Note,
widgets_todo_priority,string,,Priority,Prioritet,
widgets_todo_priority_low,string,,Low,Lav,
widgets_todo_priority_normal,string,,Normal,Normal,
widgets_todo_priority_high,string,,High,Høj,
widgets_todo_due_date,string,,Due date,Forfaldsdato,
widgets_todo_clear_due_date,string,,Clear due date,Ryd forfaldsdato,
widgets_todo_delete_item,string,,Delete,Slet,
widgets_todo_checked_by,string,,Checked by %1$s,Tjekket af %1$s,keep %1$s
widgets_todo_added_by,string,,Added by %1$s,Tilføjet af %1$s,keep %1$s
widgets_todo_tab_general,string,,General,Generel,
widgets_todo_tab_permissions,string,,Permissions,Tilladelser,
widgets_todo_list_type,string,,List type,Listetype,
widgets_todo_type_todo,string,,To-do,At gøre,
widgets_todo_type_shopping,string,,Shopping,Shopping,
widgets_todo_sort_mode,string,,Sort order,Sorteringsrækkefølge,
widgets_todo_sort_manual,string,,Manual,Manuel,
widgets_todo_sort_alphabetical,string,,A–Z,A–Z,
widgets_todo_sort_priority,string,,Priority,Prioritet,
widgets_todo_sort_newest,string,,Newest first,Nyeste først,
widgets_todo_show_completed,string,,Show completed items by default,Vis færdige elementer som standard,
widgets_todo_hero_list,string,,Hero list,Helte liste,
widgets_todo_hero_list_hint,string,,Show this list's open items on the square card.,Vis listens åbne elementer på det firkantede kort.,
widgets_todo_permissions_subtitle,string,,"Choose who can add, check off, or remove items","Vælg, hvem der kan tilføje, afkrydse eller fjerne elementer",
widgets_todo_perm_everyone,string,,Everyone,Alle sammen,
widgets_todo_perm_specific,string,,Specific family members,Specifikke familiemedlemmer,
widgets_todo_perm_admin_only,string,,Admins only,Kun administratorer,
widgets_todo_permissions_admin_required,string,,Only an admin can choose specific members,Kun en administrator kan vælge bestemte medlemmer,
widgets_todo_no_users_found,string,,No Home Assistant users found,Ingen Home Assistant brugere fundet,don't translate Home Assistant
cr_widget_todo,string,,To-Do List,To-do liste,
cr_widget_todo_description,string,,"Shared checklist or shopping list, editable by everyone, chosen members, or admins only","Delt tjekliste eller indkøbsliste, som kun kan redigeres af alle, udvalgte medlemmer eller administratorer",
widgets_find_devices_title,string,,Find my devices,Find mine enheder,
widgets_find_devices_subtitle,string,,"Devices, map, and appearance","Enheder, kort og udseende",
widgets_find_devices_label,string,,Devices,Enheder,
widgets_find_select_devices,string,,Select devices,Vælg enheder,
widgets_find_sources_subtitle,string,,Trackers to show on the map,Trackers til at vise på kortet,
widgets_find_gps_help,string,,Any device_tracker or person entity can be added. Those reporting GPS coordinates appear on the map; the rest are still listed with their state.,Enhver device_tracker eller person-entitet kan tilføjes. De rapporterende GPS-koordinater vises på kortet; resten er stadig opført med deres tilstand.,
widgets_find_my_devices,string,,My devices,Mine enheder,
widgets_find_filter_all,string,,All,Alle,
widgets_find_filter_devices,string,,Devices,Enheder,
widgets_find_filter_persons,string,,People,Mennesker,
widgets_find_showing_selected,string,,Showing %1$d selected,Viser %1$d valgt,keep %1$d
widgets_find_show_all,string,,Show all,Vis alle,
widgets_find_none_in_filter,string,,Nothing of this kind in this widget,Intet af denne art i denne widget,
widgets_find_refresh,string,,Refresh,Opfriske,
widgets_find_summary,string,,%1$d of %2$d home,%1$d af %2$d hjem,keep %1$d %2$d
widgets_find_no_devices_selected,string,,No devices selected,Ingen enheder valgt,
widgets_find_no_location,string,,None of these devices report a location yet,Ingen af disse enheder rapporterer en placering endnu,
widgets_find_no_gps,string,,No location,Ingen placering,
widgets_find_state_home,string,,Home,Hjem,
widgets_find_state_away,string,,Away,Væk,
widgets_find_state_unknown,string,,Unknown,Ukendt,
cr_widget_find_devices,string,,Find my devices,Find mine enheder,
cr_widget_find_devices_description,string,,"Map of your phones, tags, and trackers","Kort over dine telefoner, tags og trackere",
widgets_waste_calendar_range,string,,Calendar range,Kalenderområde,
widgets_waste_calendar_days,string,,%1$d days,%1$d dage,keep %1$d
widgets_waste_calendar_range_help,string,,"How far ahead the dialog's calendar looks. It is shown as a week grid, rounded out to whole weeks.","Hvor langt frem ser dialogens kalender ud. Det vises som et ugegitter, rundet ud til hele uger.",
widgets_waste_no_collection_on,string,,No collection on %1$s,Ingen samling på %1$s,keep %1$s
widgets_waste_organic,string,,Organic waste,Organisk affald,
widgets_waste_packaging,string,,Packaging,Emballage,
widgets_waste_paper,string,,Paper,Papir,
widgets_waste_residual,string,,Residual waste,Restaffald,
widgets_waste_glass,string,,Glass,Glas,
widgets_waste_textiles,string,,Textiles,Tekstiler,
widgets_waste_plastic,string,,Plastic,Plast,
widgets_waste_christmas_trees,string,,Christmas trees,juletræer,
widgets_waste_bulky,string,,Bulky waste,Storskrald,
widgets_waste_duo_bin,string,,Duo bin,Duo skraldespand,
widgets_weather_title,string,,Weather,Vejr,
widgets_weather_subtitle,string,,"Entity, card type, and appearance","Entitet, korttype og udseende",
widgets_weather_style_current,string,,Current weather,Aktuelt vejr,
widgets_weather_style_daily,string,,Daily forecast,Daglig prognose,
widgets_weather_style_hourly,string,,Hourly forecast,Timelig prognose,
widgets_weather_style_horizon,string,,Sunrise & sunset horizon,Solopgang og solnedgang horisont,
widgets_weather_style_wind,string,,Wind compass,Vind kompas,
widgets_weather_style_rain_map,string,,Rain map (image URL),Regnkort (billede URL),
widgets_compass_directions,array,1,N,,needs translation
widgets_compass_directions,array,2,NNE,,needs translation
widgets_compass_directions,array,3,NE,,needs translation
widgets_compass_directions,array,4,ENE,,needs translation
widgets_compass_directions,array,5,E,,needs translation
widgets_compass_directions,array,6,ESE,,needs translation
widgets_compass_directions,array,7,SE,,needs translation
widgets_compass_directions,array,8,SSE,,needs translation
widgets_compass_directions,array,9,S,,needs translation
widgets_compass_directions,array,10,SSW,,needs translation
widgets_compass_directions,array,11,SW,,needs translation
widgets_compass_directions,array,12,WSW,,needs translation
widgets_compass_directions,array,13,W,,needs translation
widgets_compass_directions,array,14,WNW,,needs translation
widgets_compass_directions,array,15,NW,,needs translation
widgets_compass_directions,array,16,NNW,,needs translation
widgets_battery_entities,string,,Battery entities,Batterienheder,
widgets_battery_settings,string,,Battery settings,Batteriindstillinger,
widgets_battery_empty_view_hint,string,,This battery view is empty. Swipe down on the header and open Battery settings to add entities manually.,"Denne batterivisning er tom. Stryg ned på overskriften, og åbn Batteriindstillinger for at tilføje enheder manuelt.",
widgets_battery_levels_title,string,,Battery levels,Batteriniveauer,
widgets_battery_levels_subtitle,string,,"Thresholds, sources, and appearance","Tærskler, kilder og udseende",
widgets_battery_rules,string,,Battery rules,Batteriregler,
widgets_battery_all,string,,All,Alle,
widgets_battery_critical,string,,Critical,Kritisk,
widgets_battery_low,string,,Low,Lav,
widgets_battery_watch,string,,Watch,Ur,
widgets_battery_good,string,,Good,God,
widgets_battery_unknown,string,,Unknown,Ukendt,
widgets_battery_range_critical,string,,0–10%,0–10%,
widgets_battery_range_low,string,,11–30%,11–30%,
widgets_battery_range_watch,string,,31–50%,31–50%,
widgets_battery_range_good,string,,Above 50%,Over 50 %,
widgets_battery_range_unknown,string,,Unavailable or unknown,Utilgængelig eller ukendt,
widgets_battery_no_data,string,,No battery data,Ingen batteridata,
widgets_battery_levels_unavailable,string,,Battery levels unavailable,Batteriniveauer er ikke tilgængelige,
widgets_battery_levels_healthy,string,,Battery levels look healthy,Batteriniveauet ser sundt ud,
widgets_battery_lowest_detail,string,,Lowest: %1$s at %2$d%%,Laveste: %1$s ved %2$d%%,keep %1$s %2$d
widgets_battery_showing_plus,string,,Showing Battery+ devices,Viser Battery+-enheder,
widgets_battery_waiting_levels,string,,Waiting for reported levels,Venter på rapporterede niveauer,
widgets_battery_lowest,string,,Lowest,Laveste,
widgets_battery_attention,string,,Attention,Opmærksomhed,
widgets_battery_tracked,string,,Tracked,Sporet,
widgets_battery_level,string,,Level,Niveau,
widgets_battery_name,string,,Name,Navn,
widgets_battery_type,string,,Battery type,Batteritype,
widgets_battery_entity,string,,Entity,Entitet,
widgets_battery_quantity,string,,Quantity,Mængde,
widgets_battery_quantity_short,string,,Qty %1$s,Antal %1$s,keep %1$s
widgets_battery_device_id,string,,Device ID,Enheds-id,
widgets_battery_unknown_type,string,,Unknown type,Ukendt type,
widgets_battery_sort_summary,string,,Sort: %1$s,Sorter: %1$s,keep %1$s
widgets_battery_no_filters,string,,No filters active,Ingen aktive filtre,
widgets_battery_collapse_filters,string,,Collapse filters,Skjul filtre,
widgets_battery_expand_filters,string,,Expand filters,Udvid filtre,
widgets_battery_low_count,plural,one,%1$d low battery,%1$d lavt batteri,keep %1$d
widgets_battery_low_count,plural,other,%1$d low batteries,%1$d lavt batteriniveau,keep %1$d
widgets_battery_critical_count,plural,one,%1$d critical battery,%1$d kritisk batteri,keep %1$d
widgets_battery_critical_count,plural,other,%1$d critical batteries,%1$d kritiske batterier,keep %1$d
widgets_battery_attention_count,plural,one,%1$d battery needs attention,%1$d batteri kræver opmærksomhed,keep %1$d
widgets_battery_attention_count,plural,other,%1$d batteries need attention,%1$d batterier kræver opmærksomhed,keep %1$d
widgets_energy_day,string,,Day,Dag,
widgets_energy_week,string,,Week,Uge,
widgets_energy_month,string,,Month,Måned,
widgets_energy_year,string,,Year,År,
widgets_energy_this_week,string,,This week,Denne uge,
widgets_energy_this_month,string,,This month,Denne måned,
widgets_energy_this_year,string,,This year,I år,
widgets_energy_today_lower,string,,today,i dag,
widgets_energy_this_week_lower,string,,this week,denne uge,
widgets_energy_this_month_lower,string,,this month,denne måned,
widgets_energy_this_year_lower,string,,this year,i år,
widgets_energy_yesterday_lower,string,,yesterday,i går,
widgets_energy_consumed_solar,string,,Consumed solar,Forbrugt sol,
widgets_energy_imported,string,,Imported,Importeret,
widgets_energy_exported,string,,Exported,Eksporteret,
widgets_energy_phase_number,string,,Phase %1$d,Fase %1$d,keep %1$d
widgets_energy_forecast_number,string,,Forecast %1$d,Vejrudsigt %1$d,keep %1$d
widgets_energy_ha_forecast,string,,Home Assistant forecast,Home Assistant vejrudsigt,don't translate Home Assistant
widgets_battery_search,string,,Search devices,Søg efter enheder,
widgets_battery_none,string,,No batteries match that search.,Ingen batterier matcher den søgning.,
widgets_battery_open_page,string,,Open battery page,Åbn batterisiden,
