key,type,item,english,translation,notes
language_title,string,,Language,Keel,
language_display_title,string,,Display language,Kuvamise keel,
language_display_subtitle,string,,Follows your device by default; choose one to override it,Jälgib vaikimisi teie seadet; valige üks selle tühistamiseks,
language_system,string,,System default,Süsteemi vaikeseade,
language_selected,string,,Selected,Valitud,
nav_home,string,,Home,Kodu,
nav_rooms,string,,Rooms,Toad,
nav_security,string,,Security,Turvalisus,
nav_energy,string,,Energy,Energia,
nav_climate,string,,Climate,Kliima,
nav_battery,string,,Battery,Aku,
nav_settings,string,,Settings,Seaded,
nav_room_detail,string,,Room Detail,Ruumi detailid,
settings_title_connection,string,,Connection,Ühendus,
settings_title_profile,string,,Profile,Profiil,
settings_title_location,string,,Location,Asukoht,
settings_title_notifications,string,,Notifications,Märguanded,
settings_title_appearance,string,,Appearance,Välimus,
settings_title_header,string,,Header,Päis,
settings_title_theme,string,,Theme,Teema,
settings_title_fonts,string,,Fonts,Fondid,
settings_title_corners,string,,Corners,Nurgad,
settings_title_icons,string,,Icons,Ikoonid,
settings_title_nav_bar,string,,Navigation Bar,Navigeerimisriba,
settings_title_media_players,string,,Media Players,Meediamängijad,
settings_title_dashboard,string,,Dashboard,Armatuurlaud,
settings_title_family_sharing,string,,Family Sharing,Perekonna jagamine,
settings_title_backup_restore,string,,Backup and Restore,Varundamine ja taastamine,
settings_title_account,string,,Account,konto,
settings_title_about,string,,About HKI 7,Umbes HKI 7,don't translate HKI 7
settings_title_license,string,,License,Litsents,
settings_title_support,string,,Support,Toetus,
settings_subtitle_menu,string,,Everything that shapes your HKI 7 experience,"Kõik, mis kujundab teie HKI 7 kogemust",don't translate HKI 7
settings_subtitle_account,string,,Your profile and this app installation,Teie profiil ja see rakenduse installimine,
settings_subtitle_profile,string,,Personal details used throughout your dashboard,"Isikuandmed, mida kasutatakse kogu teie juhtpaneelil",
settings_subtitle_connection,string,,Server routes and local-network preferences,Serveri marsruudid ja kohaliku võrgu eelistused,
settings_subtitle_location,string,,Presence updates and background access,Kohaloleku värskendused ja juurdepääs taustal,
settings_subtitle_dashboard,string,,"Dashboards, tabs, media players, and popups","Armatuurlauad, vahelehed, meediumipleierid ja hüpikaknad",
settings_subtitle_appearance,string,,Make the dashboard feel like yours,Muutke armatuurlaud enda omaks,
settings_subtitle_corners,string,,"Roundness of buttons, cards, and widgets","Nuppude, kaartide ja vidinate ümarus",
settings_subtitle_icons,string,,Icon animations and per-domain effects,Ikooni animatsioonid ja domeenipõhised efektid,
settings_subtitle_header,string,,Choose whether the dashboard header is shown,"Valige, kas armatuurlaua päist kuvatakse",
settings_subtitle_theme,string,,"Color, contrast, mode, and corner styling","Värv, kontrast, režiim ja nurga stiil",
settings_subtitle_fonts,string,,"Size, weight, and typeface readability","Suurus, kaal ja kirjatüübi loetavus",
settings_subtitle_nav_bar,string,,Choose which destinations are always within reach,"Valige, millised sihtkohad on alati käeulatuses",
settings_subtitle_media_players,string,,Names and mini-player visibility,Nimed ja minimängija nähtavus,
settings_subtitle_notifications,string,,"Push delivery, history, and service behavior","Tõuke edastamine, ajalugu ja teeninduskäitumine",
settings_subtitle_backup_restore,string,,Protect or move your dashboard configuration,Kaitske või teisaldage oma armatuurlaua konfiguratsiooni,
settings_subtitle_family_sharing,string,,"Parental controls, dashboard sharing, and recipient permissions","Vanemlik järelevalve, armatuurlaua jagamine ja adressaatide load",
settings_subtitle_about,string,,"The project, technology, and people behind HKI 7","Projekt, tehnoloogia ja inimesed HKI 7 taga",don't translate HKI 7
settings_subtitle_license,string,,Open-source community core and optional premium materials,Avatud lähtekoodiga kogukonna tuum ja valikulised esmaklassilised materjalid,
settings_subtitle_support,string,,Ways to help HKI 7 grow without buying Premium,Kuidas aidata HKI 7 kasvada ilma Premiumi ostmata,don't translate HKI 7
notification_channel_general,string,,General,Kindral,
location_channel_name,string,,Location sharing,Asukoha jagamine,
location_notification_title,string,,Home Assistant location,Home Assistant asukoht,don't translate Home Assistant
location_notification_text,string,,Sharing your location with Home Assistant,Asukoha jagamine kasutajaga Home Assistant,don't translate Home Assistant
push_connection_channel_name,string,,Notification connection,Teavitusühendus,
push_connection_notification_title,string,,Connected to Home Assistant,Ühendatud võrguga Home Assistant,don't translate Home Assistant
push_connection_notification_text,string,,Listening for notifications,Märguannete kuulamine,
parcel_title,string,,Parcels,Pakid,
parcel_generic_carrier,string,,Carrier,Kandja,
parcel_incoming,string,,Incoming,Sissetulevad,
parcel_delivered,string,,Delivered,Tarnitud,
parcel_outgoing,string,,Outgoing,Väljuv,
parcel_letters,string,,Letters,Kirjad,
parcel_mail,string,,Mail,Mail,
parcel_summary,string,,%1$d incoming · %2$d outgoing,%1$d sissetulev · %2$d väljuv,keep %1$d %2$d
parcel_summary_with_letters,string,,%1$d incoming · %2$d outgoing · %3$d letters,%1$d sissetulev · %2$d väljuv · %3$d tähte,keep %1$d %2$d %3$d
parcel_carrier_summary_with_letters,string,,%1$d incoming · %2$d outgoing · %3$d letters,%1$d sissetulev · %2$d väljuv · %3$d tähte,keep %1$d %2$d %3$d
parcel_summary_with_letter_count,string,,%1$d incoming · %2$d outgoing · %3$s,%1$d sissetulev · %2$d väljuv · %3$s,keep %1$d %2$d %3$s
parcel_tracking_history,string,,Tracking history,Jälgimisajalugu,
parcel_tracking_history_subtitle,string,,Parcel journey and status updates,Paki teekond ja olekuvärskendused,
parcel_choose_carrier_account,string,,Choose a carrier account,Valige operaatori konto,
parcel_tab_count,string,,%1$s (%2$d),%1$s (%2$d),keep %1$s %2$d
parcel_empty_tab,string,,No %1$s parcels.,%1$s pakke pole.,keep %1$s
parcel_no_incoming,string,,No incoming parcels.,Sissetulevaid pakke pole.,
parcel_no_delivered,string,,No delivered parcels.,Kohaletoimetatud pakke ei ole.,
parcel_no_outgoing,string,,No outgoing parcels.,Väljaminevaid pakke pole.,
parcel_stage_registered,string,,Registered,Registreeritud,
parcel_stage_sorting,string,,Sorting,Sorteerimine,
parcel_stage_on_the_way,string,,On the way,Teel,
parcel_unknown_status,string,,Unknown status,Tundmatu olek,
parcel_status_in_transit,string,,In transit,Transiidil,
parcel_status_out_for_delivery,string,,Out for delivery,Kohaletoimetamiseks väljas,
parcel_status_at_pickup_point,string,,Ready at pickup point,Valmis kättesaamise punktis,
parcel_status_ready_to_send,string,,Ready to send,Saatmiseks valmis,
parcel_letter_preview,string,,Letter preview,Kirja eelvaade,
parcel_carriers,string,,Carriers,Kandjad,
parcel_track_new,string,,Track a new %1$s parcel by number,Jälgige uut %1$s pakki numbri järgi,keep %1$s
parcel_choose_carrier,string,,Choose a carrier,Valige operaator,
parcel_settings_subtitle,string,,"Carrier accounts, aggregation, and appearance","Operaatori kontod, koondamine ja välimus",
parcel_settings_accounts,string,,Accounts,Kontod,
parcel_settings_organization,string,,Organization,Organisatsioon,
parcel_settings_appearance,string,,Appearance,Välimus,
action_remove,string,,Remove,Eemalda,
notification_delete,string,,Delete notification,Kustuta teatis,
notification_mark_all_read,string,,Mark all as read,Märgi kõik loetuks,
notification_mark_all_unread,string,,Mark all as unread,Märgi kõik lugemata,
notification_delete_all,string,,Delete all,Kustuta kõik,
notification_delete_all_archived,string,,Delete all archived,Kustuta kõik arhiveeritud,
notification_unread,string,,Unread,Lugemata,
notification_history,string,,History,Ajalugu,
notification_mark_unread,string,,Mark as unread,Märgi mitteloetuks,
notification_mark_read,string,,Mark as read,Märgi loetuks,
notification_archive,string,,Archive,Arhiiv,
notification_unarchive,string,,Unarchive,Tühista arhiveerimine,
notification_delete_action,string,,Delete,Kustuta,
entity_search_select_items,string,,Select items,Valige üksused,
entity_search_choose_one,string,,Search and choose one entity,Otsige ja valige üks olem,
entity_search_choose_multiple,string,,Search and select one or more entities,Otsige ja valige üks või mitu olemit,
global_search_title,string,,Search,Otsi,
global_search_subtitle,string,,Find and control any Home Assistant device or entity,Otsige üles ja juhtige mis tahes Home Assistant seadet või olemit,don't translate Home Assistant
global_search_clear,string,,Clear search,Tühjenda otsing,
global_search_no_devices,string,,No matching devices.,Ühtegi sobivat seadet pole.,
global_search_no_entities,string,,No matching entities.,Sobivaid üksusi pole.,
security_title,string,,Security,Turvalisus,
security_subtitle,string,,Home status and activity,Kodu olek ja tegevus,
security_settings,string,,Security settings,Turvaseaded,
security_entities,string,,Security entities,Turvaüksused,
security_reimport,string,,Re-import,Impordi uuesti,
security_group_doors,string,,Doors,Uksed,
security_group_doors_subtitle,string,,Door contacts,Ukse kontaktid,
security_group_windows,string,,Windows,Windows,
security_group_windows_subtitle,string,,Window contacts,Akna kontaktid,
security_group_openings,string,,Openings,Avamised,
security_group_openings_subtitle,string,,Garage doors and other openings,Garaažiuksed ja muud avad,
security_group_garage_doors,string,,Garage doors,Garaažiuksed,
security_group_garage_doors_subtitle,string,,Garage door covers,Garaažiukse katted,
security_group_covers,string,,Covers,Kaaned,
security_group_covers_subtitle,string,,"Blinds, shutters, and gates","Rulood, aknaluugid ja väravad",
security_group_locks,string,,Locks,Lukud,
security_group_locks_subtitle,string,,Door and gate locks,Ukse ja värava lukud,
security_group_motion,string,,Motion,Liikumine,
security_group_motion_subtitle,string,,Motion detection,Liikumistuvastus,
security_group_presence,string,,Presence,Kohalolek,
security_group_presence_subtitle,string,,Occupancy sensors,Hõiveandurid,
security_group_fire,string,,Fire and temperature,Tuli ja temperatuur,
security_group_fire_subtitle,string,,"Fire, heat, cold, and safety alarms","Tule-, kuumuse-, külma- ja ohutusalarm",
security_group_smoke,string,,Smoke,Suitsu,
security_group_smoke_subtitle,string,,Smoke detectors,Suitsuandurid,
security_group_gas,string,,Gas,Gaas,
security_group_gas_subtitle,string,,Combustible gas sensors,Põlevgaasi andurid,
security_group_co2,string,,CO / CO₂,CO / CO₂,
security_group_co2_subtitle,string,,Carbon monoxide and carbon dioxide sensors,Süsinikmonooksiidi ja süsinikdioksiidi andurid,
security_group_moisture,string,,Leaks,Lekked,
security_group_moisture_subtitle,string,,Moisture and water leaks,Niiskuse ja vee lekked,
security_group_sound,string,,Sound,Heli,
security_group_sound_subtitle,string,,Sound and glass-break sensors,Heli ja klaasi purunemise andurid,
security_group_light,string,,Light detection,Valguse tuvastamine,
security_group_light_subtitle,string,,Light and beam sensors,Valgus- ja kiireandurid,
security_group_alarms,string,,Alarm systems,Alarmsüsteemid,
security_group_alarms_subtitle,string,,Alarm control panels,Alarm juhtpaneelid,
security_group_cameras,string,,Cameras,Kaamerad,
security_group_cameras_subtitle,string,,Camera feeds,Kaamera kanalid,
security_no_search_active,string,,No search active · %1$s,Otsing pole aktiivne · %1$s,keep %1$s
security_status_alert,string,,Security alert,Turvahoiatus,
security_status_alarm_pending,string,,Alarm pending,Alarm ootel,
security_status_changing_alarm,string,,Changing alarm mode,Äratusrežiimi muutmine,
security_status_needs_attention,string,,Needs attention,Vajab tähelepanu,
security_status_motion,string,,Motion detected,Liikumine tuvastatud,
security_status_sensor_activity,string,,Sensor activity,Anduri aktiivsus,
security_status_alarm_unavailable,string,,Alarm unavailable,Alarm pole saadaval,
security_status_devices_unavailable,string,,Devices unavailable,Seadmed pole saadaval,
security_status_cameras_offline,string,,Cameras offline,Kaamerad võrguühenduseta,
security_status_all_secure,string,,All secure,Kõik turvaline,
security_status_alarm_disarmed,string,,Alarm disarmed,Alarm desarmeeritud,
security_status_all_clear,string,,All clear,Kõik selge,
security_status_no_data,string,,No security data,Turvaandmed puuduvad,
security_metric_openings,string,,Openings,Avamised,
security_metric_locked,string,,Locked,Lukustatud,
security_metric_cameras_online,string,,Cameras online,Kaamerad võrgus,
security_card_title,string,,Security card,Turvakaart,
security_card_subtitle,string,,"Name, layout, and card appearance","Nimi, paigutus ja kaardi välimus",
security_stat_total,string,,Total,Kokku,
security_stat_active,string,,Active,Aktiivne,
security_stat_clear,string,,Clear,Selge,
security_cover_open,string,,Open,Avatud,
security_cover_stop,string,,Stop,Peatus,
security_cover_close,string,,Close,Sule,
security_restore,string,,Restore,Taasta,
security_empty,string,,This is an empty security view. Swipe down on the header and open Security settings to add entities manually.,See on tühi turvavaade. Olemite käsitsi lisamiseks pühkige päises alla ja avage Turvaseaded.,
connection_stopping_for_restart,string,,Stopping for restart…,Peatatakse taaskäivitamiseks…,
connection_starting,string,,Home Assistant is starting…,Home Assistant algab…,don't translate Home Assistant
connection_restoring_dashboard,string,,Restoring your dashboard…,Juhtpaneeli taastamine…,
connection_restarting,string,,Home Assistant is restarting…,Home Assistant taaskäivitub…,don't translate Home Assistant
connection_auto_generating,string,,Auto-generating rooms and widgets…,Ruumide ja vidinate automaatne genereerimine…,
connection_reconnecting,string,,Reconnecting to Home Assistant…,Uuesti ühenduse loomine seadmega Home Assistant…,don't translate Home Assistant
connection_unavailable_retrying,string,,Unavailable · Retrying…,Pole saadaval · Proovin uuesti…,
connection_paused,string,,Connection paused,Ühendus peatatud,
connection_connected,string,,Connected,Ühendatud,
connection_server_not_found,string,,Server address could not be found,Serveri aadressi ei leitud,
connection_timed_out,string,,Connection timed out,Ühendus aegus,
connection_no_route,string,,No network route to Home Assistant,Võrgumarsruut sihtkohta Home Assistant puudub,don't translate Home Assistant
connection_could_not_connect,string,,Could not connect to Home Assistant,Võrguga Home Assistant ei saanud ühendust luua,don't translate Home Assistant
connection_secure_failed,string,,Secure connection failed,Turvaline ühendus ebaõnnestus,
connection_session_expired_refreshing,string,,Session expired · Refreshing login…,Seanss aegus · Sisselogimise värskendamine…,
connection_interrupted,string,,Connection was interrupted,Ühendus katkes,
connection_error_title,string,,Connection error,Ühenduse viga,
connection_all_systems_normal,string,,All systems normal,Kõik süsteemid normaalsed,
action_undo,string,,Undo,Võta tagasi,
action_redo,string,,Redo,Tee uuesti,
connection_route_local,string,,Local,Kohalik,
connection_route_nabu_casa,string,,Nabu Casa,Nabu Casa,don't translate Nabu Casa
connection_route_external,string,,External,Väline,
settings_connection_via,string,,Connected via %1$s,Ühendatud läbi %1$s,keep %1$s
settings_connection_unknown,string,,Unknown,Tundmatu,
settings_connection_connecting,string,,Connecting…,Ühendamine…,
settings_this_home,string,,this home,see kodu,
settings_current_wifi,string,,Current Wi-Fi,Praegune WiFi,
settings_wifi_unavailable,string,,Not connected or location permission is missing,Pole ühendatud või puudub asukohaluba,
settings_just_now,string,,just now,just praegu,
settings_primary_app_language,string,,Primary application language,Peamine rakenduskeel,
settings_android_build_configuration,string,,Android resources and build configuration,Androidi ressursid ja ehituse konfiguratsioon,
page_settings_default_title,string,,Page settings,Lehe seaded,
page_settings_choose_area,string,,Choose an area to configure,Valige konfigureerimiseks ala,
page_settings_focused_options,string,,Focused options for this page area,Selle leheala fokuseeritud valikud,
page_settings_header_description,string,,Wallpaper and custom header color,Tapeet ja kohandatud päise värv,
page_settings_custom_page_description,string,,"Name, subtitle, and navigation icon","Nimi, alapealkiri ja navigeerimisikoon",
page_settings_badge_bar,string,,Badge bar,Märgiriba,
page_settings_badge_description,string,,"Visibility, alignment, and display options","Nähtavus, joondus ja kuvamisvalikud",
page_settings_persons,string,,Persons,Isikud,
page_settings_persons_description,string,,Visibility and ordering,Nähtavus ja tellimine,
page_settings_configure,string,,Configure,Seadistage,
room_config_title,string,,Room configuration,Ruumi konfiguratsioon,
header_pill_left,string,,Left header pill,Vasaku päise pill,
header_pill_right,string,,Right header pill,Parempoolne päise pill,
alignment_split,string,,Split,Lõhestatud,
alignment_center,string,,Center,Keskus,
weather_cloudy,string,,Cloudy,Pilves ilm,
home_default_markdown_content,string,,# Markdown\nOpen this widget's settings in **edit mode** to write your own content.,# Markdown\nOma sisu kirjutamiseks avage selle vidina seaded **redigeerimisrežiimis**.,\n = line break
home_settings_title,string,,Home settings,Kodu seaded,
custom_page_settings_title,string,,%1$s settings,%1$s seaded,keep %1$s
home_empty,string,,This is the homepage. Add widgets by swiping down on the header and enabling edit mode.,See on koduleht. Vidinate lisamiseks pühkige päises alla ja lubage redigeerimisrežiim.,
custom_page_empty,string,,This page is empty. Add widgets by swiping down on the header and enabling edit mode.,See leht on tühi. Vidinate lisamiseks pühkige päises alla ja lubage redigeerimisrežiim.,
select_camera_title,string,,Select camera,Valige kaamera,
select_entity_title,string,,Select entity,Valige üksus,
custom_camera_default_name,string,,Custom camera,Kohandatud kaamera,
rooms_settings_title,string,,Rooms settings,Ruumi seaded,
rooms_empty,string,,The rooms view is empty. Swipe down on the header and enable edit mode to add floors and rooms.,Tubade vaade on tühi. Pühkige päises alla ja lubage muutmisrežiim korruste ja ruumide lisamiseks.,
floor_expand,string,,Expand floor,Laiendage põrandat,
floor_collapse,string,,Collapse floor,Lükka põrand kokku,
floor_settings_title,string,,Floor,Põrand,
floor_settings_subtitle,string,,"Identity, layout, and card style","Identiteet, paigutus ja kaardi stiil",
universal_cover_status,string,,%1$d%% · %2$s,%1$d%% · %2$s,keep %1$d %2$s
universal_effects,string,,Effects,Efektid,
universal_open_door,string,,Open door,Ava uks,
universal_vacuum_dock,string,,Dock,Dokk,
universal_start,string,,Start,Alusta,
universal_pause,string,,Pause,Paus,
universal_stop,string,,Stop,Peatus,
universal_locate,string,,Locate,Otsige üles,
universal_room_number,string,,Room %1$d,Ruum %1$d,keep %1$d
core_optional_display_name,string,,Optional display name override,Valikuline kuvatava nime alistamine,
core_media_paused_track,string,,Paused: %1$s,Peatatud: %1$s,keep %1$s
core_percent_value,string,,%1$d percent,%1$d protsenti,keep %1$d
core_current_humidity,string,,Current humidity,Praegune niiskus,
core_tank_water_level,string,,Tank / water level,Paagi / veetase,
core_pm25,string,,PM2.5,"PM2,5",
core_error_code,string,,Error code,Veakood,
core_bucket_full,string,,Bucket full,Kopp täis,
core_clean_filter,string,,Clean filter,Puhastage filter,
core_ionizer,string,,Ionizer,Ionisaator,
core_pump,string,,Pump,Pump,
core_beep_on_command,string,,Beep on command,Piiks käsu peale,
core_dawn,string,,Dawn,Koit,
core_solar_noon,string,,Solar noon,Päikeseline keskpäev,
core_dusk,string,,Dusk,Hämarus,
core_icon_category_common,string,,Common,Levinud,
core_icon_category_home,string,,Home,Kodu,
core_icon_category_weather,string,,Weather,Ilm,
core_icon_category_lock,string,,Lock,Lukk,
core_icon_category_people,string,,People,Inimesed,
core_icon_category_auto,string,,Automotive,Autotööstus,
core_icon_category_music,string,,Music,Muusika,
core_icon_category_battery,string,,Battery,Aku,
core_icon_category_nature,string,,Nature,Loodus,
core_icon_category_places,string,,Places,Kohad,
core_icon_category_food,string,,Food,Toit,
core_icon_category_navigation,string,,Navigation,Navigeerimine,
core_icon_category_devices,string,,Devices,Seadmed,
core_icon_category_map,string,,Map,Kaart,
core_icon_category_media,string,,Media,Meedia,
core_icon_category_communication,string,,Communication,Suhtlemine,
core_icon_category_health,string,,Health,Tervis,
core_icon_category_vehicles,string,,Vehicles,Sõidukid,
core_icon_category_buildings,string,,Buildings,Hooned,
core_icon_category_electrical,string,,Electrical,Elektriline,
core_icon_category_sport,string,,Sport,Sport,
core_icon_category_objects,string,,Objects,Objektid,
core_icon_category_commerce,string,,Commerce,Kaubandus,
core_icon_category_games,string,,Games,Mängud,
core_icon_category_finance,string,,Finance,Rahandus,
background_notification_channel_general,string,,General,Kindral,
background_location_channel_name,string,,Location sharing,Asukoha jagamine,
background_location_channel_description,string,,Keeps your device location up to date in Home Assistant,Hoiab teie seadme asukoha ajakohasena Home Assistant,don't translate Home Assistant
background_location_notification_title,string,,Home Assistant location sharing,Home Assistant asukoha jagamine,don't translate Home Assistant
background_location_notification_text,string,,Sharing your location with Home Assistant,Asukoha jagamine kasutajaga Home Assistant,don't translate Home Assistant
background_push_channel_name,string,,Notification connection,Teavitusühendus,
background_push_channel_description,string,,Keeps a background connection to Home Assistant for instant notifications,"Hoiab taustal ühenduse seadmega Home Assistant, et saada koheseid märguandeid",don't translate Home Assistant
background_push_notification_title,string,,Connected to Home Assistant,Ühendatud võrguga Home Assistant,don't translate Home Assistant
background_push_notification_text,string,,Waiting for notifications,Ootab teateid,
background_push_hide_action,string,,Hide this notification,Peida see teatis,
button_style_centered,string,,Centered,Tsentreeritud,
button_elements,string,,Elements,Elemendid,
button_elements_description,string,,What appears on this button. Hide the name and state for an icon on its own.,Mis sellel nupul kuvatakse. Peida ikooni nimi ja olek eraldi.,
stack_elements_title,string,,Elements on every button in this stack,Selle virna iga nupu elemendid,
stack_elements_description,string,,"These apply to the whole stack, not to one button. Turning something off here hides it on every button in the stack; leaving it on lets each button decide for itself in its own settings.","Need kehtivad kogu virna, mitte ühe nupu kohta. Kui lülitate siin midagi välja, peidab see kõik virna nupud; Selle sisselülitamine võimaldab igal nupul oma seadetes ise otsustada.",
button_element_icon,string,,Icon,Ikoon,
button_element_name,string,,Name,Nimi,
button_element_state,string,,State,osariik,
stack_show_title,string,,Show name,Näita nime,
stack_show_title_description,string,,Turn off for a stack with no heading at all.,Ilma pealkirjata virna puhul lülitage see välja.,
stack_show_icon,string,,Show icon,Näita ikooni,
stack_show_icon_description,string,,The icon beside the heading.,Ikoon pealkirja kõrval.,
stack_center_title,string,,Center the heading,Tsentreerige pealkiri,
stack_center_title_description,string,,Puts the icon and name in the middle instead of against the left edge.,"Asetab ikooni ja nime keskele, mitte vasaku serva vastu.",
cr_state_on,string,,On,Sees,
cr_state_off,string,,Off,Väljas,
cr_open,string,,Open,Avatud,
cr_close,string,,Close,Sule,
cr_stop,string,,Stop,Peatus,
cr_closed,string,,Closed,Suletud,
cr_opening,string,,Opening,Avamine,
cr_closing,string,,Closing,Sulgemine,
cr_locked,string,,Locked,Lukustatud,
cr_unlocked,string,,Unlocked,Lukustamata,
cr_unavailable,string,,Unavailable,Pole saadaval,
cr_unknown,string,,Unknown,Tundmatu,
cr_idle,string,,Idle,Tühikäik,
cr_home,string,,Home,Kodu,
cr_away,string,,Away,Eemal,
cr_cleaning,string,,Cleaning,Puhastamine,
cr_returning,string,,Returning,Tagasitulek,
cr_paused,string,,Paused,Peatatud,
cr_error,string,,Error,Viga,
cr_playing,string,,Playing,Mängib,
cr_buffering,string,,Buffering,Puhverdamine,
cr_standby,string,,Standby,Ooterežiim,
cr_humidifying,string,,Humidifying,Niisutamine,
cr_drying,string,,Drying,Kuivatamine,
cr_detected,string,,Detected,Tuvastati,
cr_clear,string,,Clear,Selge,
cr_problem,string,,Problem,Probleem,
cr_ok,string,,OK,OK,
cr_low,string,,Low,Madal,
cr_normal,string,,Normal,Tavaline,
cr_connected,string,,Connected,Ühendatud,
cr_disconnected,string,,Disconnected,Ühendus katkestatud,
cr_plugged_in,string,,Plugged in,Ühendatud,
cr_unplugged,string,,Unplugged,vooluvõrgust lahti ühendatud,
cr_wet,string,,Wet,Märg,
cr_dry,string,,Dry,Kuivatage,
cr_none,string,,None,Mitte ühtegi,
cr_any,string,,Any,Ükskõik milline,
cr_remove,string,,Remove,Eemalda,
cr_restore,string,,Restore,Taasta,
cr_general,string,,General,Kindral,
cr_identity,string,,Identity,Identiteet,
cr_appearance,string,,Appearance,Välimus,
cr_layout,string,,Layout,Paigutus,
cr_behavior,string,,Behavior,Käitumine,
cr_profiles,string,,Profiles,Profiilid,
cr_playback,string,,Playback,Taasesitus,
cr_content,string,,Content,Sisu,
cr_actions,string,,Actions,Tegevused,
cr_protection,string,,Protection,Kaitse,
cr_power,string,,Power,Võimsus,
cr_brightness,string,,Brightness,Heledus,
cr_temperature,string,,Temperature,Temperatuur,
cr_color,string,,Color,Värv,
cr_min,string,,Min,Min,
cr_avg,string,,Avg,Keskm,
cr_max,string,,Max,Max,
cr_now,string,,Now,Nüüd,
cr_lowest,string,,Lowest,Madalaim,
cr_average,string,,Average,Keskmine,
cr_highest,string,,Highest,Kõrgeim,
cr_live,string,,Live,Otse,
cr_once,string,,Once,Üks kord,
cr_daily,string,,Daily,Igapäevane,
cr_weekly,string,,Weekly,Iganädalane,
cr_monthly,string,,Monthly,Igakuine,
cr_yearly,string,,Yearly,Aastane,
cr_action_tap,string,,Tap,Puudutage,
cr_action_double_tap,string,,Double tap,Topeltpuudutage,
cr_action_hold,string,,Hold,Hoia,
cr_mode,string,,Mode,Režiim,
cr_mode_auto,string,,Auto,Automaatne,
cr_mode_heat,string,,Heat,Kuumus,
cr_mode_cool,string,,Cool,Lahe,
cr_mode_heat_cool,string,,Heat/cool,Kuumutage/jahutage,
cr_mode_dry,string,,Dry,Kuivatage,
cr_mode_fan_only,string,,Fan only,Ainult ventilaator,
cr_mode_low,string,,Low,Madal,
cr_mode_medium,string,,Medium,Keskmine,
cr_mode_high,string,,High,Kõrge,
cr_mode_quiet,string,,Quiet,Vaikne,
cr_mode_boost,string,,Boost,Boost,
cr_mode_eco,string,,Eco,Eco,
cr_mode_sleep,string,,Sleep,Magama,
cr_mode_manual,string,,Manual,Käsiraamat,
cr_mode_vertical,string,,Vertical,Vertikaalne,
cr_mode_horizontal,string,,Horizontal,Horisontaalne,
cr_mode_both,string,,Both,Mõlemad,
cr_mode_up,string,,Up,Üles,
cr_mode_down,string,,Down,Alla,
cr_mode_center,string,,Center,Keskus,
cr_mode_left,string,,Left,Vasakule,
cr_mode_right,string,,Right,Õige,
cr_climate_fan,string,,Fan,Fänn,
cr_climate_vertical_airflow,string,,Vertical airflow,Vertikaalne õhuvool,
cr_climate_horizontal_airflow,string,,Horizontal airflow,Horisontaalne õhuvool,
cr_climate_preset,string,,Preset,Eelseadistatud,
cr_fan_speed,string,,Fan speed,Ventilaatori kiirus,
cr_speed,string,,Speed,Kiirus,
cr_lower_target,string,,Lower target,Alumine sihtmärk,
cr_raise_target,string,,Raise target,Tõsta sihtmärki,
cr_climate_temperature,string,,Temperature,Temperatuur,
cr_climate_all_temperature_sensors,string,,All temperature sensors,Kõik temperatuuriandurid,
cr_climate_outside,string,,Outside,Väljaspool,
cr_climate_outside_summary,string,,"Outdoor temperature, humidity, and pressure","Välistemperatuur, niiskus ja rõhk",
cr_climate_humidity,string,,Humidity,Niiskus,
cr_climate_all_humidity_sensors,string,,All humidity sensors,Kõik niiskusandurid,
cr_climate_air_pressure,string,,Air pressure,Õhurõhk,
cr_climate_all_pressure_sensors,string,,All air-pressure sensors,Kõik õhurõhu andurid,
cr_climate_co2,string,,CO₂,CO₂,
cr_climate_carbon_dioxide_sensors,string,,Carbon-dioxide sensors,Süsinikdioksiidi andurid,
cr_climate_air_quality,string,,Air quality,Õhu kvaliteet,
cr_climate_air_quality_summary,string,,"Particulates, AQI, VOCs, and gases","Tahked osakesed, AQI, lenduvad orgaanilised ühendid ja gaasid",
cr_climate_entities,string,,Climate entities,Kliimaüksused,
cr_climate_settings,string,,Climate settings,Kliimaseaded,
cr_empty_climate_view,string,,No climate data is available yet.,Kliimaandmed pole veel saadaval.,
cr_climate_fans,string,,Fans,Fännid,
cr_climate_air_purifiers,string,,Air purifiers,Õhupuhastid,
cr_climate_humidifiers,string,,Humidifiers,Õhuniisutajad,
cr_temperature_sensors,string,,Temperature sensors,Temperatuuriandurid,
cr_devices_active,string,,Devices active,Seadmed on aktiivsed,
cr_active_of_total,string,,%1$d of %2$d active,%1$d/%2$d aktiivne,keep %1$d %2$d
cr_no_search_active,string,,No active search · %1$s,Aktiivne otsing puudub · %1$s,keep %1$s
cr_collapse_search,string,,Collapse search,Ahenda otsing,
cr_expand_search,string,,Expand search,Laienda otsingut,
cr_custom_order,string,,Custom order,Kohandatud tellimus,
cr_name_a_z,string,,Name A–Z,Nimi A–Z,
cr_name_z_a,string,,Name Z–A,Nimi Z–A,
cr_climate_device,string,,Climate device,Kliimaseade,
cr_climate_device_subtitle,string,,"Name, icon, card style, and width","Nimi, ikoon, kaardi stiil ja laius",
cr_widget_requires_f1,string,,"Needs the F1 Sensor integration, which was not found on your Home Assistant","Vajab F1 anduri integreerimist, mida teie seadmest Home Assistant ei leitud",don't translate Home Assistant
cr_widget_requires_parcels,string,,"Needs a parcel integration, and none was found on your Home Assistant",Vajab paki integreerimist ja teie Home Assistant ei leitud ühtegi,don't translate Home Assistant
cr_widget_requires_waste,string,,"Needs a waste collection integration, and none was found on your Home Assistant",Vajab jäätmekogumise integreerimist ja teie seadmest Home Assistant ei leitud ühtegi,don't translate Home Assistant
cr_people_here_title,string,,Who is here,Kes siin on,
cr_people_here_empty,string,,Nobody is being tracked in this room right now.,Selles ruumis ei jälgita praegu kedagi.,
cr_people_here_unknown_room,string,,Room unknown,Tuba teadmata,
cr_button_exclude_counters,string,,Leave out of counters,Jäta lettidest välja,
cr_button_exclude_counters_hint,string,,"Keep the button, but stop it counting towards this room’s Lights and Devices totals","Hoidke nuppu alles, kuid lõpetage selle arvestamine selle ruumi tulede ja seadmete kogusummasse",
cr_count_with_average,string,,%1$s · avg %2$s%3$s,%1$s · keskmine %2$s%3$s,keep %1$s %2$s %3$s
cr_outside_temperature,string,,Outside temperature,Välistemperatuur,
cr_outside_humidity,string,,Outside humidity,Väline niiskus,
cr_outside_pressure,string,,Outside pressure,Väline surve,
cr_outside_air_pressure,string,,Outside air pressure,Välisõhu rõhk,
cr_no_sensors_found_for,string,,No %1$s sensors found.,%1$s andureid ei leitud.,keep %1$s
cr_climate_control,string,,Climate control,Kliimakontroll,
cr_thermostat_dial,string,,Thermostat dial,Termostaadi ketas,
cr_width_third,string,,Third,Kolmandaks,
cr_width_half,string,,Half,Pool,
cr_width_full,string,,Full,Täis,
cr_select_item,string,,Select %1$s,Valige %1$s,keep %1$s
cr_set_outdoor_sensors,string,,"Set outdoor temperature, humidity, and pressure","Seadistage välistemperatuur, niiskus ja rõhk",
cr_auto_discovered_device_class,string,,Discovered automatically by device class,Leitakse automaatselt seadmeklassi järgi,
cr_auto_discovered_climate_devices,string,,Climate devices discovered automatically,Kliimaseadmed tuvastatakse automaatselt,
cr_pick_fan_entities_as_purifiers,string,,Choose fan entities to use as air purifiers,Valige õhupuhastitena kasutamiseks ventilaatoriüksused,
cr_auto_discovered_humidifier_devices,string,,Humidifier devices discovered automatically,Niisutusseadmed tuvastati automaatselt,
cr_removed_entities,string,,Removed entities,Eemaldatud olemid,
cr_entities_removed_edit_mode,string,,Entities removed in edit mode,Redigeerimisrežiimis eemaldatud olemid,
cr_card_indoor_climate_overview,string,,Indoor climate overview,Sisekliima ülevaade,
cr_card_sensor_device_tiles,string,,Sensor and device tiles,Anduri ja seadme plaadid,
cr_card_thermostats_ac,string,,Thermostats and AC,Termostaadid ja AC,
cr_card_temperature_summary,string,,Temperature summary,Temperatuuri kokkuvõte,
cr_card_humidity_summary,string,,Humidity summary,Niiskuse kokkuvõte,
cr_card_air_pressure_summary,string,,Air-pressure summary,Õhurõhu kokkuvõte,
cr_card_co2_summary,string,,CO₂ summary,CO₂ kokkuvõte,
cr_card_air_quality_summary,string,,Air-quality summary,Õhukvaliteedi kokkuvõte,
cr_category_overview,string,,Overview,Ülevaade,
cr_category_devices,string,,Devices,Seadmed,
cr_category_sensors,string,,Sensors,Andurid,
cr_no_climate_sensors_devices,string,,No climate sensors or devices found.,Kliimaandureid ega seadmeid ei leitud.,
cr_no_climate_devices,string,,No climate devices found. Thermostats and AC units from Home Assistant appear here automatically.,Kliimaseadmeid ei leitud. Siin kuvatakse automaatselt Home Assistant termostaadid ja vahelduvvooluseadmed.,don't translate Home Assistant
cr_no_fans,string,,No fans found. Fan entities from Home Assistant appear here automatically.,Fänne ei leitud. Siin kuvatakse automaatselt Home Assistant fänniüksused.,don't translate Home Assistant
cr_no_air_purifiers,string,,No air purifiers configured. Choose fan entities under Climate settings → Climate entities → Air purifiers.,Õhupuhastit pole konfigureeritud. Valige ventilaatoriüksused jaotises Kliimaseaded → Kliimaüksused → Õhupuhastid.,
cr_no_humidifiers,string,,No humidifiers found. Humidifier entities from Home Assistant appear here automatically.,Niisutajaid ei leitud. Siin kuvatakse automaatselt Home Assistant niisutaja üksused.,don't translate Home Assistant
cr_unknown_climate_card,string,,Unknown climate card: %1$s,Tundmatu kliimakaart: %1$s,keep %1$s
cr_select_climate_cards,string,,Select climate cards,Valige kliimakaardid,
cr_entities_for,string,,%1$s entities,%1$s üksused,keep %1$s
cr_climate_card,string,,Climate card,Kliimakaart,
cr_climate_card_dialog_subtitle,string,,Data sources and card appearance,Andmeallikad ja kaardi välimus,
cr_card_and_data,string,,Card and data,Kaart ja andmed,
cr_climate_stack,string,,Climate stack,Kliima virn,
cr_climate_stack_dialog_subtitle,string,,"Cards, data sources, and layout","Kaardid, andmeallikad ja paigutus",
cr_cards_and_data,string,,Cards and data,Kaardid ja andmed,
cr_sensor_count,plural,one,%d sensor,%d andur,keep %d
cr_sensor_count,plural,other,%d sensors,%d andurit,keep %d
cr_device_count_on,plural,one,%1$d device · %2$d on,%1$d seade · %2$d sees,keep %1$d %2$d
cr_device_count_on,plural,other,%1$d devices · %2$d on,%1$d seadmed · %2$d sees,keep %1$d %2$d
cr_outside_sensors_set,plural,one,%d outside sensor set,%d välisanduri komplekt,keep %d
cr_outside_sensors_set,plural,other,%d outside sensors set,%d välisandurit seadistatud,keep %d
cr_auto_plus_manual,plural,one,Automatic + %d manual,Automaatne + %d käsitsi,keep %d
cr_auto_plus_manual,plural,other,Automatic + %d manual,Automaatne + %d käsitsi,keep %d
cr_selected_count,plural,one,%d selected,%d valitud,keep %d
cr_selected_count,plural,other,%d selected,%d valitud,keep %d
cr_removed_count,plural,one,%d removed,%d eemaldatud,keep %d
cr_removed_count,plural,other,%d removed,%d eemaldatud,keep %d
cr_room,string,,Room,Tuba,
cr_room_details,string,,Room details,Ruumi üksikasjad,
cr_empty_room,string,,"This room is empty. Swipe down on the header, enable edit mode, and add widgets, buttons, or tiles.","See tuba on tühi. Pühkige päises alla, lubage redigeerimisrežiim ja lisage vidinaid, nuppe või paane.",
cr_default_markdown_content,string,,# Markdown\nOpen this widget in **edit mode** to write your own content.,# Markdown\nOma sisu kirjutamiseks avage see vidin **redigeerimisrežiimis**.,\n = line break
cr_select_camera,string,,Select camera,Valige kaamera,
cr_select_entity,string,,Select entity,Valige üksus,
cr_custom_camera,string,,Custom camera,Kohandatud kaamera,
cr_configure_widget,string,,Configure widget,Seadistage vidin,
cr_configure_widget_subtitle,string,,Set the essentials before adding it,Enne lisamist määrake põhielemendid,
cr_widget_options,string,,Widget options,Vidinavalikud,
cr_widget_options_subtitle,string,,Choose what this widget should display,"Valige, mida see vidin kuvama peaks",
cr_add_widget,string,,Add widget,Lisa vidin,
cr_add_widget_subtitle,string,,Browse by purpose or search every widget,Sirvige eesmärgi järgi või otsige kõiki vidinaid,
cr_category_with_options,string,,%1$s · %2$s,%1$s · %2$s,keep %1$s %2$s
cr_widget_category_controls,string,,Controls,Juhtnupud,
cr_widget_category_controls_description,string,,"Buttons, vacuums, and grouped controls","Nupud, vaakumid ja grupeeritud juhtnupud",
cr_widget_category_cameras,string,,Cameras,Kaamerad,
cr_widget_category_cameras_description,string,,Live camera tiles and multi-camera views,Reaalajas kaamera paanid ja mitme kaamera vaated,
cr_widget_category_climate,string,,Climate and weather,Kliima ja ilm,
cr_widget_category_climate_description,string,,"Temperature, comfort, forecasts, and conditions","Temperatuur, mugavus, prognoosid ja tingimused",
cr_widget_category_energy,string,,Energy and batteries,Energia ja akud,
cr_widget_category_energy_description,string,,"Consumption, production, and device health","Tarbimine, tootmine ja seadme tervis",
cr_widget_category_information,string,,Information and media,Teave ja meedia,
cr_widget_category_information_description,string,,"Calendars, deliveries, graphs, notes, and playback","Kalendrid, tarned, graafikud, märkmed ja taasesitus",
cr_widget_category_layout,string,,Layout and structure,Paigutus ja struktuur,
cr_widget_category_layout_description,string,,Headings and flexible widget containers,Pealkirjad ja paindlikud vidinamahutid,
cr_widget_adaptive_lighting,string,,Adaptive Lighting,Kohanduv valgustus,
cr_widget_adaptive_lighting_description,string,,Control any installed Adaptive Lighting profile,Juhtige mis tahes installitud adaptiivse valgustuse profiili,
cr_widget_button,string,,Button,Nupp,
cr_widget_button_description,string,,A single configurable entity control,Üks konfigureeritav olemi juhtelement,
cr_widget_buttons,string,,Buttons,Nupud,
cr_widget_calendar,string,,Calendar,Kalender,
cr_widget_calendar_description,string,,"Agenda, week, and month views from Home Assistant calendars","Päevakava, nädala ja kuu vaated Home Assistant kalendritest",don't translate Home Assistant
cr_widget_waste_collection,string,,Waste collection,Jäätmete kogumine,
cr_widget_waste_collection_description,string,,Upcoming collections from waste sensors,Tulevased kogud jäätmeanduritelt,
cr_widget_parcels,string,,Parcels,Pakid,
cr_widget_parcels_description,string,,Incoming and outgoing parcels from supported carriers,Sissetulevad ja väljaminevad pakid toetatud vedajatelt,
cr_widget_camera,string,,Camera,Kaamera,
cr_widget_camera_description,string,,A single live camera tile or stream URL,Üks reaalajas kaamera paan või voo URL,
cr_widget_cameras,string,,Cameras,Kaamerad,
cr_widget_climate_card,string,,Climate card,Kliimakaart,
cr_widget_climate_card_description,string,,Any card from the Climate view,Mis tahes kaart kliimavaatest,
cr_widget_energy_card,string,,Energy card,Energiakaart,
cr_widget_energy_card_description,string,,Any card from the Energy view,Iga kaart energia vaatest,
cr_widget_battery_levels,string,,Battery levels,Aku laetuse tase,
cr_widget_battery_levels_description,string,,"Low batteries, or Battery+ only with type details",Tühjad patareid või ainult Battery+ koos tüübiandmetega,
cr_widget_header_text,string,,Header text,Päise tekst,
cr_widget_header_text_description,string,,Add a section heading,Lisage jaotise pealkiri,
cr_widget_markdown,string,,Markdown,Allahindlus,
cr_widget_markdown_description,string,,A free-form card written in Markdown,Markdownis kirjutatud vabas vormis kaart,
cr_widget_iframe,string,,iFrame,iFrame,
cr_widget_iframe_description,string,,Embed any web page on your dashboard,Manustage mis tahes veebileht oma armatuurlauale,
cr_widget_media_player,string,,Media player,Meediumipleier,
cr_widget_media_player_description,string,,Now-playing tile with album art as the background,"Praegu mängitav paan, mille taustaks on albumi kujundus",
cr_widget_sensor_graph,string,,Sensor graph,Anduri graafik,
cr_widget_sensor_graph_description,string,,"History graph for one or more sensors, as lines or bars",Ühe või mitme anduri ajaloograafik joonte või tulpadena,
cr_widget_vacuum,string,,Vacuum,Vaakum,
cr_widget_vacuum_description,string,,A single robot-vacuum control,Üks robot-vaakumjuhtimine,
cr_widget_weather,string,,Weather,Ilm,
cr_widget_weather_description,string,,A single weather card,Üksik ilmakaart,
cr_widget_empty_stack,string,,Empty stack,Tühi virn,
cr_widget_empty_stack_description,string,,Place widgets inside a configurable stack,Asetage vidinad konfigureeritavasse virna,
cr_widget_button_stack,string,,Button stack,Nuppude virn,
cr_widget_button_stack_description,string,,Group entities into configurable controls,Rühmitage olemid konfigureeritavateks juhtelementideks,
cr_widget_camera_stack,string,,Camera stack,Kaamera virn,
cr_widget_camera_stack_description,string,,Show live camera tiles or a custom stream URL,Kuva otseülekande kaamerapaanid või kohandatud voo URL,
cr_widget_climate_stack,string,,Climate stack,Kliima virn,
cr_widget_climate_stack_description,string,,"Group climate cards such as overview, thermostats, and sensors","Rühmitage kliimakaardid, nagu ülevaade, termostaadid ja andurid",
cr_widget_energy_stack,string,,Energy stack,Energiapakk,
cr_widget_energy_stack_description,string,,"Group energy cards such as usage, solar, gas, and water","Rühmitage energiakaardid, nagu kasutus, päike, gaas ja vesi",
cr_widget_sensor_graph_stack,string,,Sensor graph stack,Anduri graafiku virn,
cr_widget_sensor_graph_stack_description,string,,Group several sensor-history graphs,Rühmitage mitu anduri ajaloo graafikut,
cr_widget_swiping_stack,string,,Swiping stack,Virna pühkimine,
cr_widget_swiping_stack_description,string,,Swipe horizontally through nested widgets,Pühkige horisontaalselt läbi pesastatud vidinate,
cr_widget_vacuum_stack,string,,Vacuum stack,Vaakum virn,
cr_widget_vacuum_stack_description,string,,Control robot vacuums with a map and battery status,Juhtige robottolmuimejaid kaardi ja aku olekuga,
cr_widget_weather_stack,string,,Weather stack,Ilmateade,
cr_widget_weather_stack_description,string,,"Group conditions, forecast, wind, or rain-map cards","Grupi tingimused, prognoos, tuule- või vihmakaardikaardid",
cr_camera_settings,string,,Camera settings,Kaamera seaded,
cr_vacuum_settings,string,,Vacuum settings,Vaakumi seaded,
cr_button_settings,string,,Button settings,Nupu seaded,
cr_robot_image,string,,Robot image,Roboti pilt,
cr_map_camera,string,,Map camera,Kaardikaamera,
cr_external_url,string,,External URL,Väline URL,
cr_valetudo_map,string,,Valetudo map,Valetudo kaart,don't translate Valetudo
cr_valetudo_map_hint,string,,Draws the map from a Valetudo robot and lets you tap a room to clean it. Pick the robot's map camera below.,Joonistab kaardi robotilt Valetudo ja laseb teil selle puhastamiseks ruumi puudutada. Valige altpoolt roboti kaardikaamera.,don't translate Valetudo
cr_valetudo_camera_mode_note,string,,Using Map camera with a Valetudo map entity shows a blank tile. Valetudo does not render the map on the robot — its PNG is only a container for the map data. Choose Valetudo map instead to have HKI draw it.,"Kaardikaamera kasutamine kaardiolemiga Valetudo näitab tühja paani. Valetudo ei renderda kaarti robotis – selle PNG on ainult kaardiandmete konteiner. Valige selle asemel kaart Valetudo, et HKI saaks selle joonistada.",don't translate Valetudo
cr_animation_glow,string,,Glow,Sära,
cr_animation_spin,string,,Spin,Keeruta,
cr_animation_pulse,string,,Pulse,Pulss,
cr_adaptive_lighting_widget,string,,Adaptive Lighting widget,Adaptive Lighting vidin,
cr_adaptive_lighting_widget_subtitle,string,,"Profiles, size, and appearance","Profiilid, suurus ja välimus",
cr_button_stack_dialog_subtitle,string,,"Layout, appearance, and entity order","Paigutus, välimus ja olemi järjekord",
cr_expand_stack,string,,Expand stack,Laienda virna,
cr_collapse_stack,string,,Collapse stack,Ahenda virn,
cr_hide_stack,string,,Hide stack,Peida virn,
cr_unhide_stack,string,,Unhide stack,Näita virna peitmist,
cr_swiping_stack_dialog_subtitle,string,,"Pages, height, and card appearance","Lehed, kõrgus ja kaardi välimus",
cr_empty_stack_dialog_subtitle,string,,Container layout and appearance,Konteinerite paigutus ja välimus,
cr_header_text_dialog_subtitle,string,,Heading content and visual style,Pealkirja sisu ja visuaalne stiil,
cr_animation_swipe,string,,Swipe,Pühkige,
cr_animation_fade,string,,Fade,Fade,
cr_animation_zoom,string,,Zoom,Suumi,
cr_animation_slide_fade,string,,Slide + fade,Libista + tuhmub,
cr_animation_cube,string,,Cube,Kuubik,
cr_animation_instant,string,,Instant,Kohene,
cr_paged_status,string,,%1$d/%2$d · %3$s,%1$d/%2$d · %3$s,keep %1$d %2$d %3$s
cr_cover_status,string,,%1$d%% · %2$s,%1$d%% · %2$s,keep %1$d %2$s
cr_paged_cover_status,string,,%1$d/%2$d · %3$d%% · %4$s,%1$d/%2$d · %3$d%% · %4$s,keep %1$d %2$d %3$d %4$s
cr_widget_option_count,plural,one,%d option,%d valik,keep %d
cr_widget_option_count,plural,other,%d options,%d valikut,keep %d
cr_configured_lights,plural,one,%d configured light,%d konfigureeritud tuli,keep %d
cr_configured_lights,plural,other,%d configured lights,%d seadistatud valgust,keep %d
cr_quick_notifications,string,,Notifications,Märguanded,
cr_quick_notifications_instruction,string,,Swipe right from the upper-left edge.,Pühkige ülemisest vasakust servast paremale.,
cr_quick_switch_homes,string,,Switch homes,Vaheta kodu,
cr_quick_switch_homes_instruction,string,,Swipe left from the upper-right edge of the header.,Pühkige päise paremast ülaservast vasakule.,
cr_quick_actions,string,,Quick actions,Kiired toimingud,
cr_quick_actions_instruction,string,,"Pull down on any page header for Search, Flows, Edit, and Settings.","Tõmmake alla suvalise lehe päise otsingu, voo, muutmise ja seadete jaoks.",
cr_quick_media_player,string,,Media player,Meediumipleier,
cr_quick_media_player_instruction,string,,"When the handle appears, swipe up on the bottom bar to restore the player.","Kui kuvatakse käepide, libistage pleieri taastamiseks alumisel ribal üles.",
cr_quick_make_it_yours,string,,Make it yours,Tee see enda omaks,
cr_quick_make_it_yours_instruction,string,,"In edit mode, add and reorder rooms, floors, and widgets. Tap an item to configure it.","Redigeerimisrežiimis saate ruume, korruseid ja vidinaid lisada ja ümber järjestada. Puudutage üksust selle konfigureerimiseks.",
cr_whats_new_1_1_0,array,1,"Eighteen more languages, taking HKI 7 to 36. Polish, Russian, Czech, Slovak, Hungarian, Romanian, Bulgarian, Croatian, Greek, Lithuanian, Latvian, Estonian, Danish, Thai and Hebrew join the list, along with Austrian German, Swiss German and Mexican Spanish. Hebrew lays the interface out right to left, as Arabic does.","Veel 18 keelt, HKI 7 kuni 36. Poola, vene, tšehhi, slovaki, ungari, rumeenia, bulgaaria, horvaadi, kreeka, leedu, läti, eesti, taani, tai ja heebrea keelega liituvad koos Austria saksa, Šveitsi saksa ja Mehhiko hispaania keelega. Heebrea keeles on liides paremalt vasakule, nagu araabia keeles.",don't translate HKI 7
cr_whats_new_1_1_0,array,2,"HKI 7 now runs on Android 12 and later. It previously needed Android 14, which ruled out a lot of perfectly capable phones and tablets.","HKI 7 töötab nüüd operatsioonisüsteemis Android 12 ja uuemates versioonides. Varem vajas see Android 14, mis välistas palju suurepäraselt võimekaid telefone ja tahvelarvuteid.",don't translate HKI 7
cr_whats_new_1_1_0,array,3,"Energy costs are shown in your own currency instead of always in euros. HKI 7 follows what your cost sensors report, and there is a Currency setting in Energy settings if you would rather choose one yourself.","Energiakulud on näidatud teie valuutas, mitte alati eurodes. HKI 7 järgib teie kuluandurite aruandeid ja energiaseadetes on säte Valuuta, kui soovite selle ise valida.",don't translate HKI 7
cr_whats_new_1_1_0,array,4,"The language picker has a search box and is sorted, which it needed at 36 entries. If you ever land in a language you cannot read, the way back is still the first thing on screen.","Keelevalijal on otsingukast ja see on sorteeritud, mida vajas 36 kirjet. Kui satute kunagi keelele, mida te ei oska lugeda, on ekraanil ikkagi esimene asi tagasitee.",
cr_whats_new_1_1_0,array,5,"Views remember where you had scrolled to, and tapping the tab you are already on takes you back to the top.","Vaated mäletavad, kuhu kerisite, ja juba avatud vahekaardi puudutamine viib teid tagasi ülaossa.",
cr_whats_new_1_1_0,array,6,"Swiping sideways no longer carries you out of a page you have opened, such as Solar inside Energy. Back now returns you to the view you came from rather than jumping to the home page.","Külgsuunas pühkimine ei vii teid enam avatud lehelt (nt Solar inside Energy) välja. Tagasi nüüd naaseb avalehele hüppamise asemel vaatesse, kust tulite.",
cr_whats_new_1_1_0,array,7,"Scrollable rows say so. The pull-down menu, the navigation bar and the settings tabs all show an arrow at the edge when there is more to reach.","Keritavad read ütlevad seda. Rippmenüü, navigeerimisriba ja seadete vahekaardid näitavad servas noolt, kui on rohkem jõuda.",
cr_whats_new_1_1_0,array,8,"Dialogs look and behave the same throughout. Six of them were plain Android dialogs with no close button in the corner, and buttons across the app now agree on what Close, Save and Done mean.","Dialoogid näevad välja ja käituvad läbivalt ühtemoodi. Neist kuus olid tavalised Androidi dialoogiaknad, mille nurgas polnud sulgemisnuppu, ja rakenduse nupud on nüüd nõus, mida Sule, Salvesta ja Valmis tähendavad.",
cr_whats_new_1_1_0,array,9,"Creating a dashboard asks first and then offers the same choices as first-time setup — so a new dashboard can start from a backup or from one your family has shared, as well as being generated or left empty. Your current dashboard is never overwritten, and shared dashboards are now marked as shared in the list.","Armatuurlaua loomisel küsitakse esmalt ja seejärel pakutakse samu valikuid, mis esmakordsel seadistamisel – nii et uus armatuurlaud võib alata nii varukoopiast või mõnest, mida teie pere on jaganud, kui ka luuakse või tühjaks jätta. Teie praegust armatuurlauda ei kirjutata kunagi üle ja jagatud armatuurlauad on nüüd loendis märgitud jagatuks.",
cr_whats_new_1_1_0,array,10,"The battery widget opens a list in place instead of taking you to a separate page, grouped by how urgent each one is and showing the battery type where Home Assistant knows it. There is a search box, and a button to open the full Battery view if you want it.","Akuvidin avab paigas loendi, selle asemel et suunata teid eraldi lehele, mis on rühmitatud selle järgi, kui kiireloomulised on, ja näitab aku tüüpi, kui Home Assistant seda teab. Soovi korral on olemas otsingukast ja nupp aku täisvaate avamiseks.",don't translate Home Assistant
cr_whats_new_1_1_0,array,11,"Tapping the people counter in a room shows who is there, with each person's picture. The Rooms header now has a household counter too, showing where everyone is without opening every room.","Toas inimeste loenduri koputamine näitab, kes seal on, koos iga inimese pildiga. Ruumide päises on nüüd ka majapidamisloendur, mis näitab, kus kõik on, ilma iga tuba avamata.",
cr_whats_new_1_1_0,array,12,"A button can be left out of a room's Lights and Devices counters, for the ones that are in the room but not really part of it.","Nupu võib ruumi valgustite ja seadmete loenduritest välja jätta nende jaoks, mis on ruumis, kuid tegelikult ei kuulu sellesse.",
cr_whats_new_1_1_0,array,13,"Widgets that need an integration you do not have — Formula 1, Parcels, Waste Collection — are greyed out and say what is missing, instead of being added and then sitting empty.","Vidinad, mis vajavad integreerimist, mida teil pole – vormel 1, pakid, jäätmekogumine – on hallid ja ütlevad, mis puudu on, selle asemel, et lisada ja siis tühjaks jääda.",
cr_whats_new_1_1_0,array,14,"Parcel tracking covers fifteen more carriers, including PostNord, InPost, Swiss Post, An Post, Budbee, Sameday and Nova Post, each with its own logo.","Pakkide jälgimine hõlmab veel 15 vedajat, sealhulgas PostNord, InPost, Swiss Post, An Post, Budbee, Sameday ja Nova Post, millest igaühel on oma logo.",
cr_whats_new_1_1_0,array,15,"A Valetudo robot vacuum picks up its live map automatically when your rooms are imported, rather than needing the camera chosen by hand.","Valetudo robottolmuimeja võtab teie ruumide importimisel oma reaalajas kaardi automaatselt üles, mitte ei vaja käsitsi valitud kaamerat.",don't translate Valetudo
cr_whats_new_1_0_1,array,1,"Swiping between tabs now follows your finger. The pages move as you drag, you can change your mind mid-swipe and pull them back, and they settle where you let go. Previously the change was decided the moment you had dragged far enough and could not be taken back, while the animation that played afterwards was on its own timer and unrelated to the gesture — so the app committed to a page before your finger had finished asking for one.",,needs translation
cr_whats_new_1_0_1,array,2,"The bottom bar now keeps the selected tab in view. On a phone too narrow for every tab it scrolls the active one to the centre, so the tab you are on is always visible along with its neighbours — which is also the hint that there are more pages to swipe to. Reaching the last tab used to leave the indicator somewhere off the end of the bar.",,needs translation
cr_whats_new_1_0_1,array,3,"Swiping between rooms shows how many rooms there are and which one you are on, as dots above the navigation bar — or as a count once there are more than eight. Room swiping also stops at the last room instead of wrapping around to the first, matching how the tabs behave. Rooms an admin has hidden are now skipped by the swipe rather than only blocked when opened.",,needs translation
cr_whats_new_1_0_1,array,4,"The pull-down header menu animates to wherever you let it go, instead of jumping open or shut in a single frame. It settles by which half you released it in, a quick flick opens it without a full-length drag, and it can be caught and dragged again mid-animation. It also no longer stops dead partway when pulled a long way but not quite far enough.",,needs translation
cr_whats_new_1_0_1,array,5,"Settings remembers where you were. Coming back from a sub-menu returns to the place in the list you left rather than to the top, which was most noticeable on the long way down to About and Licenses. The page settings dialog had the opposite problem — one scroll position carried across unrelated sub-menus — and that is fixed too.",,needs translation
cr_whats_new_1_0_1,array,6,"The notification panel now has a button in the pull-down header menu, so the left-edge swipe is no longer the only way to reach it. That let the strip of screen edge reserved for the swipe shrink from 200dp to 88dp: the reserved strip is where Android's own back gesture stops working, and it had been covering the exact corner where the back arrow sits.",,needs translation
cr_whats_new_1_0_1,array,7,"Fixed the app closing instead of the notification panel when back was pressed during the panel's opening animation. Back is also defined for the tabs now — it returns to the first tab before leaving the app, rather than exiting from wherever you happened to have swiped to.",,needs translation
cr_whats_new_1_0_1,array,8,"The home switcher panel follows Android's predictive back gesture, sliding out with your finger and springing back if you change your mind.",,needs translation
cr_whats_new_1_0_1,array,9,"Four more languages: Norwegian, Swedish, Finnish and Arabic. Arabic lays the whole app out right to left — the navigation bar, the panels that slide in from the screen edge, and the swipe that moves between tabs all mirror, rather than only the text changing direction. Product names such as Home Assistant stay in Latin script wherever they appear.",,needs translation; don't translate Home Assistant
cr_whats_new_1_0_1,array,10,"Swiping between rooms is much smoother. A room screen is by far the heaviest page in the app, and the next one was being built during the first frames of the swipe — precisely when there was no time for it. It is now prepared while nothing is moving, and live sensor updates wait for the swipe to finish instead of redrawing every open page mid-gesture.",,needs translation
cr_whats_new_1_0_1,array,11,"The notification panel and the home switcher are dragged rather than flicked open, following your finger and settling where you let go. They close the same way: push them back towards the edge they came from. Tapping the panel itself no longer closes it, which it used to do anywhere you touched that was not a button.",,needs translation
cr_whats_new_1_0_1,array,12,"A horizontal row inside a page — a mode selector, a swipe row, a swiping stack — no longer hands the rest of the gesture to the page once it reaches its end. Picking the first or last item in such a row used to flip the whole page instead.",,needs translation
cr_whats_new_1_0_1,array,13,"Dialogs with tabs show how many there are and which one you are on, and a sideways swipe anywhere on the dialog changes tab. The swipe used to be written off as a scroll whenever it set off with the slight downward arc a thumb naturally makes, which made it feel like it worked only sometimes.",,needs translation
cr_whats_new_1_0_1,array,14,"Demo mode no longer talks to the network. Twenty-six requests — the whole HKI 7 Cloud surface plus the event timeline, camera snapshots and vacuum maps — were still being attempted against a server that does not exist, and one of them retried every three seconds for the entire session, filling the connection log with failures. Restarting Home Assistant in the demo is now simulated in a few seconds rather than showing ""restarting"" for two minutes and giving up.",,"needs translation; don't translate HKI 7 Cloud, Home Assistant"
cr_whats_new_1_0_0,array,1,"New Events tab in the notification drawer: a timeline of what your home has actually been doing. The front door opening, a light going off, someone arriving home — each with the time and, where Home Assistant knows, who did it. An admin picks which entities appear under Settings › Family Sharing › Events, once for the whole family rather than on every phone. It reads Home Assistant's own logbook rather than recording anything on the device, so it still shows what happened overnight while the app was closed, and it opens on the last 3 hours — a timeline answers what just happened — with 6h to 72h a tap away. Events never touch the notification bell's unread count: a timeline of doors opening would leave that badge permanently lit and mean nothing. Requires HKI 7 Cloud 0.9.0.*",,"needs translation; don't translate HKI 7 Cloud, Home Assistant"
cr_whats_new_1_0_0,array,2,"An admin can take parts of the timeline away from individual family members — a whole domain, or named entities — from the same Events tab. Everyone sees the full timeline unless something is taken out for them, so adding a person to the family does not mean building their timeline from scratch. The filtering happens in the HKI 7 Cloud component rather than in the app, so a restricted device is never even told which entities it is being kept away from. As with hidden views and rooms, this hides the timeline rather than the entities: Home Assistant has no per-entity read permission for non-admin accounts, so anyone signed in can still read those entities through Home Assistant itself.*",,"needs translation; don't translate HKI 7 Cloud, Home Assistant"
cr_whats_new_1_0_0,array,3,"The event roster takes whole domains as well as named entities, so ""every lock"" is one choice rather than eleven. Domains are resolved fresh each time the timeline opens, so a lock added next month joins on its own instead of the roster meaning whatever existed the day it was set. The editor shows what each domain currently covers, since one domain can be hundreds of entities. Requires HKI 7 Cloud 0.10.0.*",,needs translation; don't translate HKI 7 Cloud
cr_whats_new_1_0_0,array,4,"Events are labelled and filterable by what kind of thing they happened to — Doors, Windows, Motion, Lights, Locks. The filter row is built from what your timeline actually contains, so you are never offered a filter that can only come back empty. Days stay as the list headings: a timeline that reorders itself by category stops being a timeline.",,needs translation
cr_whats_new_1_0_0,array,5,"Weather artwork now animates in the daily forecast, the hourly strip and the header pill, not only on the hero card. Animation was previously switched off below a fixed size, which caught all three.",,needs translation
cr_whats_new_1_0_0,array,6,"Where weather artwork animates is now four separate switches — header pill, weather dialog, forecast strips, weather widget — instead of riding on the entity icon animation setting. The forecast strips animate a dozen icons side by side and are the only ones that ever cost anything noticeable, so turning those off need not mean losing the single small icon in the header pill. All four are on by default, and appear both in Settings › Appearance › Icons and in the header pill's own settings.",,needs translation
cr_whats_new_1_0_0,array,7,"The 6h/12h/24h/48h/72h range selector is centred rather than left-aligned everywhere it appears, and gains a 3h option.",,needs translation
cr_whats_new_1_0_0,array,8,"New Connection log at the bottom of Settings › Connection: what the app's connection has actually been doing — connection attempts, reconnects, sync and subscriptions — with buttons to copy or clear it. All of this was already being recorded; nothing displayed it. It holds the last 300 lines and starts empty each launch.",,needs translation
cr_whats_new_1_0_0,array,9,"A button stack's layout options are now named the same as a single button's. The same shape was called Tile on a button and Compact on a stack, which made them look like different features.",,needs translation
cr_whats_new_1_0_0,array,10,"New Centered button layout beside Standard, Square and Tile: a square card whose icon sits in the middle of the space above the text, with the name and state centred beneath it. The icon is pushed upward rather than crowded as the text grows. A grid of these reads as a keypad, which is what makes a remote control possible.",,needs translation
cr_whats_new_1_0_0,array,11,"A button's icon, name and state are each shown or hidden on their own, under a new Elements section in its settings. The old Icon only switch is gone — hiding both the name and state is what it did, and these also let you keep one of them. Existing icon-only buttons keep working.",,needs translation
cr_whats_new_1_0_0,array,12,"A button stack carries the same three switches for all of its children, so a stack of twenty buttons need not be set twenty times. Turning one off on the stack hides it on every button; leaving it on lets each button decide.",,needs translation
cr_whats_new_1_0_0,array,13,"Fixed the button stack settings dialog stopping about two thirds of the way down with empty space below it, leaving the rest unreachable on a tall phone or a tablet.",,needs translation
cr_whats_new_1_0_0,array,14,"Navigation bar, media players and popups moved from Settings › Appearance to Settings › Dashboard, below the dashboards themselves. They are parts of what the dashboard is made of rather than how it is styled.",,needs translation
cr_whats_new_1_0_0,array,15,"Settings › Connection ends with the connection log, and Restart Home Assistant now sits below it rather than above — it is the most disruptive thing on the screen and the least often wanted.",,needs translation; don't translate Home Assistant
cr_whats_new_1_0_0,array,16,"The Events tab gives an admin a button straight to Settings › Family Sharing › Events when nothing is being tracked yet, instead of only naming where to go.",,needs translation
cr_whats_new_1_0_0,array,17,"Entity and domain pickers list what is already selected first, so undoing a choice does not mean hunting for it alphabetically. The order is fixed when the picker opens, so ticking something does not make it jump away from your finger.",,needs translation
cr_whats_new_1_0_0,array,18,"A button stack's heading now has explicit Show name and Show icon switches, plus an option to centre them. Clearing the text field used to be the only way to get a stack with no heading, which hid that it was possible and meant losing the name to hide it.",,needs translation
cr_whats_new_beta_18,array,1,"An admin can now change who a published family dashboard is shared with, instead of only being able to choose at the moment of publishing. Settings › Family Sharing › Dashboards lists who each published dashboard reaches, with a Manage access button to add or remove people. Until now the only way to take a dashboard away from one person was to delete it for everybody.*",,needs translation
cr_whats_new_beta_18,array,2,"Losing access to a family dashboard now clears what was layered on top of it. The dashboard itself was already removed, but the rooms, widgets, pages, nav bar, header pill and theme it left behind on the device stayed — so the next dashboard an admin shared arrived on top of the previous one's leftovers and looked like it had failed to import in full. Everything that belonged to the revoked dashboard is now removed with it. Home Assistant connections, profiles and notification settings are untouched: losing a dashboard is not being signed out.*",,needs translation; don't translate Home Assistant
cr_whats_new_beta_18,array,3,"New Devices tab under Settings › Family Sharing, showing which HKI version each family device is running and flagging the ones older than yours, with the Home Assistant account, device name, Android version and when it last reported. Each install records this through the HKI 7 Cloud component over the connection the app already uses, so every signed-in device is covered — including one with Location and Notifications both switched off — and nothing is added to Home Assistant's entity list. A device can only ever report itself. An admin can forget a phone that has been replaced; one still in use reappears the next time its app opens. Requires HKI 7 Cloud 0.7.0.*",,"needs translation; don't translate HKI 7 Cloud, Home Assistant"
cr_whats_new_beta_18,array,4,"An admin can now require the family to update. ""Require everyone to be on this version"" in the Devices tab sets a household minimum; anyone below it gets a full-screen prompt on their next launch instead of the dashboard, with Google Play's in-app update doing the install. There is also a per-device ""Ask to update"" for when one phone is behind rather than everyone, which clears itself once that device updates. No app can install a newer version of itself, so Play does the actual work — which also means the prompt can only insist when Play genuinely has the update ready. When it does not, the prompt explains why and lets you past for that session, rather than locking someone out of their own locks and alarms over an update they cannot get. You can only require a version some family device already runs. Requires HKI 7 Cloud 0.8.0.*",,needs translation; don't translate HKI 7 Cloud
cr_whats_new_beta_18,array,5,"Each Family Sharing tab now says for itself when it needs a newer HKI 7 Cloud than the one installed, instead of that only appearing in the summary at the top of the screen. Parental controls, Permissions, Presence and Devices each carry the version they need, so it is clear before you configure a tab whose settings the installed component cannot store yet.",,needs translation; don't translate HKI 7 Cloud
cr_whats_new_beta_17,array,1,"Fixed a crash that could take the whole app down during the very first connection attempt after opening it, which read as ""the app won't even open"". The setup that runs on every launch had no error handling of its own, so a failure there — usually an expired session being refreshed on a flaky network — escaped as an unhandled error instead of surfacing as a connection error you could retry. As a backstop, an unexpected error on a background task can no longer terminate the app at all.",,needs translation
cr_whats_new_beta_17,array,2,"The dashboard no longer rebuilds itself every time Home Assistant reports a state change. The home screen tracked the complete entity list, so a single motion sensor tripping or a power meter ticking — several times a second on a busy install — invalidated the whole screen and every widget on it, even when nothing visible had changed. It now watches only what it actually draws.",,needs translation; don't translate Home Assistant
cr_whats_new_beta_17,array,3,"Entity icon animations no longer redo layout work on every frame they animate. The spin, pulse and glow effects re-ran the surrounding widget's composition on each animation frame instead of just redrawing the icon, so any dashboard with an active light, an open door or a recording camera paid that cost continuously. The animations look exactly the same.",,needs translation
cr_whats_new_beta_17,array,4,"Fixed the app becoming unresponsive — and eventually killed by Android — when opening the history of a busy entity, such as a motion sensor that logs thousands of state changes a day. Matching each history entry to its actor re-scanned and re-parsed the entire logbook's timestamps from scratch for every single entry, work that scaled with history size squared; a quiet entity never noticed, but a busy one could peg the CPU for ten seconds straight. The logbook is now parsed once instead of once per entry, and the whole fetch runs off the main thread.",,needs translation
cr_whats_new_beta_17,array,5,"Hardened how the app reads attributes Home Assistant sends for an entity: a value present but shaped unexpectedly (an object or array where a plain number or piece of text was expected) used to throw and crash whatever screen read it, instead of just being treated as missing.",,needs translation; don't translate Home Assistant
cr_whats_new_beta_17,array,6,"Fixed ""Push to family dashboard"" reporting a dashboard as already up to date no matter what had changed. A dashboard re-imported after a reinstall is stored locally under a different id than the one the cloud copy is published under, and the push check was still looking up the local export by the cloud id, finding nothing, and silently skipping that dashboard on every push.",,needs translation
cr_whats_new_beta_15,array,1,"The Formula 1 widget gains two new tabs and expands two existing ones. Calendar lists the season's races in order, with each circuit and the host country's flag. Grid shows the starting grid, with each driver's move up or down from where they qualified. Standings can now show a championship prediction alongside the points table — current and predicted final points, for drivers or constructors — when F1 Sensor's optional F1TV Auth is set up. Live gains a proper timing list: gap to the leader, interval to the car ahead, tyre compound and stint length, and pit/retired status for every driver, plus which lap the leader is on.",,needs translation
cr_whats_new_beta_15,array,2,"Fixed shared family dashboards failing to update at all once the owner added a widget type introduced in a newer app version, such as the To-Do List or Formula 1 widgets. A single unrecognized widget used to fail the whole dashboard, so a family member on an older build stopped receiving any of that dashboard's changes instead of just missing the new widget. Unrecognized widgets are now skipped individually, so the rest of a shared dashboard keeps working across app versions.",,needs translation
cr_whats_new_beta_15,array,3,"The To-Do widget's square card can now feature one whole list instead of items individually flagged high priority. A new Hero list picker in the widget's General tab — shown once it has at least one tab — chooses which list's open items appear on the card, labelled with that list's name, so what you see at a glance is a specific list like Chores rather than a scattered mix pulled from every tab. Deleting a tab that's currently the hero list clears the setting automatically.",,needs translation
cr_whats_new_beta_15,array,4,"Fixed the app crashing whenever it needed to reconnect to Home Assistant or the connection failed. The in-app push-notification channel ran its subscription in a way that let a dropped connection's error skip past the surrounding error handling entirely and crash the app outright. A separate mismatch also meant every single reconnect immediately tore the whole sync stack down and rebuilt it a second time, racing its own freshly made connection. Both are fixed.",,needs translation; don't translate Home Assistant
cr_whats_new_beta_14,array,1,"Settings › Family Sharing now shows which HKI 7 Cloud version is installed, and — if it's behind — exactly which family features that leaves unavailable, each labelled with the version that unlocks it. Previously the only way to find out a component was out of date was to hit a save that silently dropped part of what you configured.*",,needs translation; don't translate HKI 7 Cloud
cr_whats_new_beta_14,array,2,"New To-Do List widget: a shared checklist or shopping list the whole family can add to. Items support an optional quantity, category, priority (low, normal or high, shown as a flag) and due date, with Added by and Checked by attribution when more than one person edits the list. Choose Manual, A–Z, Priority, or Newest-first ordering, and filter between To do, All, and Done from the dialog. Editing can be limited to everyone, specific family members picked from the real Home Assistant user list, or admins only, enforced the same way the rest of the app's family permissions are. It follows the same design as every other widget, with the usual General, Permissions, Appearance and Visibility settings tabs.",,needs translation; don't translate Home Assistant
cr_whats_new_beta_14,array,3,"Room following can now be set to only place someone in the right room when the app starts, without tracking them for the rest of the session. The existing Ask before switching rooms switch only chose between asking and switching silently; there was no way to get the one-time placement without the app continuing to follow every move afterward. A new Keep following while the app is open switch under each person's room-following settings turns that continued tracking off on its own, leaving Open their room when the app starts to do the one placement it always did.*",,needs translation
cr_whats_new_beta_14,array,4,"New Formula 1 widget, for the F1 Sensor integration. The card shows the next race with a countdown and the circuit outline; opening it gives four tabs — Next race with the full session schedule and trackside weather, Standings for drivers and constructors, Results for the last grand prix with places gained or lost, and a Live tab that appears only while a session is running, showing the flag and race control messages. It finds its sensors on its own: F1 Sensor lets you rename its entities and pick a language, so the widget matches on the integration's stable internal keys rather than entity ids.",,needs translation
cr_whats_new_beta_14,array,5,"New Find my devices widget: a map of your phones, watches, tags and trackers. Add any device_tracker or person entity; the ones reporting GPS appear as pins on the map, the rest are still listed with their state. Tick as many as you like to show them together, or leave nothing ticked to see everything. Three filters narrow the list: All, Devices, and People. The card follows the same design as the other widgets, so background image, icon, width, shape and corner radius all work as you would expect.",,needs translation
cr_whats_new_beta_14,array,6,"The maps in the app no longer look like a printed atlas. HKI now uses the same muted CARTO basemap that Home Assistant's own map card uses, instead of the standard OpenStreetMap rendering, which was designed as a mapper's reference render rather than a background for an app. It also has a proper dark variant, so the map finally follows your theme instead of glowing white inside a dark dialog.",,needs translation; don't translate Home Assistant
cr_whats_new_beta_14,array,7,"Fixed room following doing nothing at all once Ask before switching rooms was turned off. That switch was being treated as a master off-switch for the whole feature, so with prompting disabled the app neither asked nor moved. It now does what it says: with prompting on you get the prompt, with it off the room simply opens. Don't ask again until I restart still stops both, since trading a prompt for a surprise jump would be worse.",,needs translation
cr_whats_new_beta_14,array,8,"Fixed the waste widget's settings dialog being cut off around two thirds of the way down while empty space sat below it. The dialog reserves a tall card but its contents were capped at a fixed height, so the scroll area stopped short of the space available. Both the settings dialog and the waste dialog itself now use the full height.",,needs translation
cr_whats_new_beta_14,array,9,"The waste dialog's calendar can now look 7, 14 or 28 days ahead, and is drawn as a week grid like the calendar widget rather than a flat list: weekday columns, one row per week, and a coloured dot per collection in its fraction's colour. Tap a day to see what is collected then; it opens on the next day with a collection.",,needs translation
cr_whats_new_beta_14,array,10,"Parcel dialogs now say Today or Tomorrow instead of naming the weekday. The whole question a delivery date answers is how soon, and “Wednesday” on a Wednesday made you work that out yourself.",,needs translation
cr_whats_new_beta_14,array,11,"The +2 bubble in the header, shown when there are more people than fit, now opens. Tapping it lists everyone with their name and state, and picking someone opens their detail dialog as usual. Previously those people were simply unreachable on a narrow header.",,needs translation
cr_whats_new_beta_14,array,12,"Fixed the map in the person dialog overflowing the dialog on a tablet or unfolded foldable. The map was drawn as a square as wide as the dialog, so on a 620dp-wide card it became 620dp tall and pushed the address off the bottom. It now takes the height left over instead.",,needs translation
cr_whats_new_beta_14,array,13,"Fixed notifications going undelivered while Home Assistant reported the device as not connected to local push notifications, even with the app open. The app stood aside for its background connection whenever the settings said that connection should be running — but when Android refused to start it, such as after a reboot, nothing was listening at all. The app now checks whether that connection is really running rather than whether it is meant to be, takes over when it is not, and hands the channel back the moment it does come up.",,needs translation; don't translate Home Assistant
cr_whats_new_beta_14,array,14,"Fixed room-following settings not taking effect on the device you changed them from. Turning following off, or changing how long a room must hold before it counts as a move, was written to the companion component but not to the device's own cached copy — so it kept following, and kept using the old dwell time, until the app was next started. Changes now apply immediately. The dwell slider also no longer offers zero seconds, which made the very first sensor reading count as a move.",,needs translation
cr_whats_new_beta_14,array,15,"The Formula 1 card now says one thing: the next grand prix and when it is — “Today 15:00” on the day, otherwise the date and time, in your own timezone. Track status is gone from it, because outside a session that read “Not running”, which is not what anyone glances at the card for. The status sits in the same dark pill the camera, vacuum and waste cards use, so it lines up with the rest of your dashboard again. The circuit outline stays as a faint watermark and the host country flag in the corner. The widget also no longer asks which F1 instance to use — it reads everything the integration publishes, so the dialog always has the full picture.",,needs translation
cr_whats_new_beta_14,array,16,"The To-Do List dialog's undo/redo and Close buttons moved from the title row to the bottom action bar, matching every other dialog in the app.",,needs translation
cr_whats_new_beta_14,array,17,* HKI 7 Cloud Component integration required.,,needs translation; don't translate HKI 7 Cloud
cr_whats_new_beta_13,array,1,"HKI can now follow you from room to room. Point it at a room-presence sensor such as ESPresense and it opens the room you are in when the app starts, then offers to switch views when you move somewhere else. Rooms also gain a purple counter showing how many people are in them, beside the motion and presence counters. An admin sets this up for the whole family under Settings › Family Sharing › Presence: pick each person's sensor and how long a new room must hold before it counts as a move. Sensor rooms named after your Home Assistant areas are matched automatically.*",,needs translation; don't translate Home Assistant
cr_whats_new_beta_13,array,2,"Notifications from Home Assistant can now carry action buttons. Add actions to a notify.mobile_app_… message and each one appears on the notification; tapping it sends the action back to Home Assistant, where an automation can respond. The buttons also appear on the in-app banner and in the notification drawer, because HKI hides system notifications while it is open. A URI action opens its link, a REPLY action takes a typed answer, and an action tapped while offline is delivered once the connection returns. Each notification can be actioned once.",,needs translation; don't translate Home Assistant
cr_whats_new_beta_13,array,3,"New Action button: a button that needs no entity at all. Give it a name, an icon, and whatever tap, hold, or double-tap action you like — navigate to a view or room, call a Home Assistant action, open a URL or a custom popup. Add one from the widget picker, from a button stack, or as an action badge in the badge area beside the header.",,needs translation; don't translate Home Assistant
cr_whats_new_beta_13,array,4,"Icon-only buttons can now be sized. Auto shrinks the icon as a stack gains columns, which is what makes icon-only usable in the four-, five-, and six-column custom popups where a fixed-size icon used to overflow the button. A button can also be given its own size.",,needs translation
cr_whats_new_beta_13,array,5,"Button stacks can push their appearance onto every button they hold: one Icon only for every button switch instead of the same switch on twenty buttons, plus an icon size they all inherit. A single button can still override the size.",,needs translation
cr_whats_new_beta_13,array,6,"The quick start guide can be browsed by hand. Swipe the gesture preview, tap a dot, or tap any tip to jump to it. It still plays on its own until you take over.",,needs translation
cr_whats_new_beta_13,array,7,"Fixed the waste widget showing the wrong icon and colour for every collection type outside Dutch: the type was matched against the translated label, so PMD shown as Packaging fell through to a generic grey-blue bin. PMD is orange with a recycling symbol again.",,needs translation
cr_whats_new_beta_13,array,8,"Fixed the room-following prompt appearing after Ask before switching rooms was turned off, and for the room already on screen. It now also offers Don't ask again until I restart the app, and the wait time can be set whether or not prompting is on.",,needs translation
cr_whats_new_beta_13,array,9,"Flows can express Any of these and nested logic, not just a flat list of ANDs. A group opens into its own list with a breadcrumb, and groups can hold groups, so motion detected AND (after sunset OR guest mode on) is buildable. It is the same structure Home Assistant's own editor writes, so a flow made in HA that used OR is no longer an untouchable advanced block.",,needs translation; don't translate Home Assistant
cr_whats_new_beta_13,array,10,"Thermostat dials on the Climate view no longer squeeze six across a landscape foldable. Dials hold at four per row until the window is genuinely desktop-wide, so each keeps enough width to read.",,needs translation
cr_whats_new_beta_13,array,11,"The Waiting for notifications message now has a Hide this notification button that jumps straight to its Android channel settings, where switching the channel off hides it for good while the connection keeps working. Android will not let a background connection run without a visible notification, so this is as far as muting can go. It also switches itself on when you have more than one Home Assistant server.",,needs translation; don't translate Home Assistant
cr_whats_new_beta_13,array,12,"The vacuum widget can now draw a Valetudo map itself. Choose Valetudo map as the button image and point it at your robot's map camera: HKI reads the map data Valetudo hides inside that camera's PNG and draws the floor, walls, rooms, the robot, its dock and the path it has taken. No add-on, custom component or extra Home Assistant integration is involved, and the map refreshes on its own while the robot is cleaning.",,"needs translation; don't translate Home Assistant, Valetudo"
cr_whats_new_beta_13,array,13,"Tap a room on the Valetudo map to send the robot to clean it. Rooms use the names you gave them in Valetudo. Cleaning a single room goes through Home Assistant's clean_area action, so first map the robot's segments to your areas in Home Assistant — until you do, the map says so instead of leaving the tap doing nothing.",,"needs translation; don't translate Home Assistant, Valetudo"
cr_whats_new_beta_13,array,14,"The vacuum settings now warn that plain Map camera on a Valetudo map entity shows a blank tile. Valetudo deliberately does not render the map on the robot, so its PNG is only a container for the data — Valetudo map is the mode that shows something.",,needs translation; don't translate Valetudo
cr_whats_new_beta_13,array,15,"The vacuum dialog now shows a Valetudo map whenever the map camera you picked actually carries one, whatever the button image is set to — the button image only decides how the tile on the dashboard looks. Cameras that turn out not to be Valetudo maps still show their picture, and HKI stops re-checking once it knows.",,needs translation; don't translate Valetudo
cr_whats_new_beta_13,array,16,"The robot image now spins while the vacuum is cleaning or returning to its dock, using the same icon animation settings as the rest of the app. A button's own animation setting still overrides it, and Off keeps it still.",,needs translation
cr_whats_new_beta_13,array,17,* HKI 7 Cloud Component integration required.,,needs translation; don't translate HKI 7 Cloud
cr_whats_new_beta_12,array,1,"Button widgets and button stacks can now hold an empty, fully transparent button. It takes up a grid cell without drawing anything, so the buttons around it line up exactly where you want them.",,needs translation
cr_whats_new_beta_12,array,2,Buttons can show just their icon. The new Icon only switch under a button's Appearance settings drops the name and state and centers a larger icon on the button.,,needs translation
cr_whats_new_beta_12,array,3,"New Custom popup action for buttons, badges, and dialog buttons. Point any tap, hold, or double tap at a popup you build yourself: it opens with the usual dialog title, status, history, and close controls, and you fill it with any widget the app offers. Popups are listed under Settings › Appearance › Popups, where Edit contents opens one ready to arrange. Popups are shared, so several buttons can open the same one, and stacks inside a popup can use up to six columns instead of three. While a popup is being arranged, a Done button sits beside Add widget to leave edit mode without closing it.",,needs translation
cr_whats_new_beta_12,array,4,"Fixed the Energy detail views (Solar, Electricity, Gas, Water, City heating, Battery) drawing their cards flush against each other with their headings missing. Production, Forecast, Inverters and the rest were hidden behind the card below them; the cards now keep their headings and the usual spacing.",,needs translation
cr_whats_new_beta_12,array,5,"Fixed Parental Controls refusing to save. An out-of-date HKI 7 Cloud component rejects the Visible and Invisible lists, which used to fail the whole policy; the permissions now save regardless and the message says the component needs updating. Those lists only filter entity lists such as global search — a button on a family dashboard stays visible unless it is hidden for that person explicitly.*",,needs translation; don't translate HKI 7 Cloud
cr_whats_new_beta_12,array,6,* HKI 7 Cloud Component integration required.,,needs translation; don't translate HKI 7 Cloud
cr_whats_new_beta_11,array,1,"Rooms, Climate, Security, Energy, and Battery dashboards now make better use of tablets and foldables. Large cards follow the Home and individual-room 1/2/3-column layout, while compact tiles auto-fit without becoming cramped. Climate, Security, and Energy cards use a height-aware masonry layout on wider displays, eliminating large gaps below shorter cards.",,needs translation
cr_whats_new_beta_11,array,2,State-colored icons on entity buttons and header/status pills now preserve their semantic hue while automatically shifting lighter or darker when they would blend into the current theme.,,needs translation
cr_whats_new_beta_11,array,3,"Selecting a family dashboard during onboarding now subscribes that installation to it. Owner edits are published when Save or Done is tapped, active clients refresh immediately, and offline clients reconcile when reopened. Non-admin subscribers cannot create or duplicate dashboards unless the app is fully reset.*",,needs translation
cr_whats_new_beta_11,array,4,"Dashboard setup during onboarding can now restore a local, Google Drive, or Home Assistant backup. New Google Drive and Home Assistant backups use consistent, informative names containing the app version and creation date.*",,"needs translation; don't translate Home Assistant, Google Drive"
cr_whats_new_beta_11,array,5,"Calendar widgets become vertically scrollable when their height is too small for every event, and hidden Home widgets are removed from the layout instead of leaving an empty space.",,needs translation
cr_whats_new_beta_11,array,6,"Parcel carrier cards now show the earliest expected delivery date and time for active incoming or outgoing shipments, including integrations that expose a separate next-delivery sensor.",,needs translation
cr_whats_new_beta_11,array,7,"Family permissions can now independently allow dashboard switching and creation. Fully restricted subscribers see a locked Dashboard settings tab; onboarding removes its placeholder dashboard when switching is denied, and a deleted family dashboard opens a permission-aware recovery screen instead of silently creating a replacement.*",,needs translation
cr_whats_new_beta_11,array,8,"Family permissions now also control manual re-importing. Non-admins cannot open Family Sharing settings, disabled onboarding choices explain why they are unavailable, and aesthetics-only editors see only visual controls. Their local names, icons, colors, backgrounds, styles, sizes, and layouts take priority when owner updates arrive.*",,needs translation
cr_whats_new_beta_11,array,9,"Climate sensor/device tabs, Security groups, and every Energy detail tab now follow the same responsive one-, two-, or three-column masonry rules, including their edit and reorder layouts.",,needs translation
cr_whats_new_beta_11,array,10,Aesthetics-only family editors can no longer change header-pill configuration or the dashboard's people; those functional settings remain controlled by the owner.*,,needs translation
cr_whats_new_beta_11,array,11,"Parental Controls now replaces manual entity-ID entry with Visible and Invisible lists. Admins can select complete Home Assistant domains or individual entities, and global search hides restricted entities and devices. Invisible entries always take precedence.*",,needs translation; don't translate Home Assistant
cr_whats_new_beta_11,array,12,"Energy setup now imports SmartGateways and DSMR Reader P1 meters even when the Home Assistant Energy dashboard has not been configured and the sensors are not attached to a device. Tariff 1 and tariff 2 readings are recognised separately, and usage charts and period totals add both tariffs together when no single grid import or export sensor is set.",,needs translation; don't translate Home Assistant
cr_whats_new_beta_11,array,13,* HKI 7 Cloud Component integration required.,,needs translation; don't translate HKI 7 Cloud
cr_whats_new_beta_10,array,1,"Visibility rules now work across all widgets and individual items, with time, entity, person, and mixed AND/OR conditions. Admins using a family-shared dashboard can choose whether an item is Visible or Hidden for a selected user. Person conditions use HKI 7 Cloud, whose requirement is shown when it is unavailable. New rules start empty so you choose Time, Entity, or Person.",,needs translation; don't translate HKI 7 Cloud
cr_whats_new_beta_10,array,2,"Room-status counter badges keep a stable two-digit width. Headers responsively fit one, two, or three counters per row like the home-page and person badges, without pushing the title down.",,needs translation
cr_whats_new_beta_10,array,3,"Energy setup now recognises SmartGateways and DSMR Reader MQTT sensor names, and choosing a source device refills its separate sensor roles. City heating has dedicated settings, a source tile and detail tab, plus an estimated natural-gas equivalent for J/GJ heat readings.",,needs translation
cr_whats_new_beta_10,array,4,"Calendar widget dialogs now use the available height correctly, fixing content that previously occupied only half the settings dialog or was cut off.",,needs translation
cr_whats_new_beta_10,array,5,"Re-import settings now use one consistently spelled and localized label across Rooms, Climate, Security, Energy, and Battery. Conditional visibility wording was also corrected in every supported language.",,needs translation
cr_whats_new_beta_10,array,6,"Fixed PostNL and the current parcel-integration parser, so incoming shipments once again show their complete tracking details and delivered state. Carrier support has also been brought up to date.",,needs translation
cr_whats_new_beta_10,array,7,"Added an in-app language selector with full coverage in 13 languages: Dutch, German, French, Spanish (plus Latin American Spanish), Italian, Turkish, Portuguese (plus Brazilian Portuguese), Japanese, Korean, and Chinese (Simplified and Traditional). Each language shows its native name with an English hint beneath it.",,needs translation
cr_whats_new_beta_10,array,8,"The reconnect status now shows the actual connection error, making Wi-Fi, mobile-data, and VPN handovers much easier to diagnose.",,needs translation
cr_whats_new_beta_10,array,9,Screen rotation now follows your device’s auto-rotate setting instead of staying locked to portrait.,,needs translation
cr_whats_new_beta_10,array,10,"The Climate ""Outside"" tile now appears as soon as a weather device is linked, even without dedicated sensors, counts its temperature, humidity and pressure attributes in the summary, and graphs them with matching sensor colors.",,needs translation
cr_whats_new_beta_10,array,11,"Parcel status codes are now normal sentences. Dates and times follow the selected language and 12/24-hour preference, nearby deliveries use weekday names, the current year is omitted, and same-day windows no longer repeat the date.",,needs translation
cr_whats_new_beta_9,array,1,"Drag to reorder cameras, thermostats, and energy cards. In edit mode the Security, Climate, and Energy views each get a Reorder button for their relevant cards.",,needs translation
cr_whats_new_beta_9,array,2,"New Climate Outside tile. Link a weather entity or outdoor temperature, humidity, and air-pressure sensors, then open the tile for individual history graphs.",,needs translation
cr_whats_new_beta_9,array,3,"Visibility now belongs to each button and header badge. Hide an item or schedule it once or on a daily, weekly, monthly, or yearly recurrence.",,needs translation
cr_whats_new_beta_9,array,4,Header badges can be renamed from Appearance settings.,,needs translation
cr_whats_new_beta_9,array,5,Swiping cards autoplay every three seconds by default.,,needs translation
cr_whats_new_beta_9,array,6,"The Weather dialog adds autoplay for Season, a windrose card, and an optional rain-map card from a camera or embedded web page.",,needs translation
cr_whats_new_beta_9,array,7,"The Parcels widget was rebuilt around carriers, with logos, account totals, shipment sections, estimates, tracking history, and add-by-tracking support where available.",,needs translation
cr_whats_new_beta_9,array,8,"Humidifiers and dehumidifiers now have native power, humidity, mode, speed, and helper controls throughout the app.",,needs translation
cr_whats_new_beta_9,array,9,Room status counters are interactive and open the entities behind each count.,,needs translation
cr_whats_new_beta_9,array,10,Buttons and badges can show a live countdown from a completion-time entity.,,needs translation
cr_whats_new_beta_9,array,11,Shared dashboards publish owner edits automatically and recipients receive them on their next sync.,,needs translation
cr_whats_new_beta_9,array,12,Header display settings now belong to each dashboard and travel through backups and family sharing.,,needs translation
cr_whats_new_beta_9,array,13,Camera widgets fill the entire tile and follow the configured corner radius.,,needs translation
cr_whats_new_beta_9,array,14,"Waste collections on the same day now overlap visibly, and the larger dialog can be dismissed by tapping outside.",,needs translation
cr_whats_new_beta_9,array,15,"Battery, Waste, camera, weather, and About visuals are now more consistent.",,needs translation
cr_whats_new_beta_9,array,16,"Binary sensors use Home Assistant-style Open/Closed, Wet/Dry, Detected/Clear, and Connected/Disconnected labels.",,needs translation; don't translate Home Assistant
cr_whats_new_beta_9,array,17,"Aesthetic-only editors can change existing badge visuals but cannot add, remove, or reconfigure badges.",,needs translation
cr_whats_new_beta_9,array,18,Fixed network handovers: sockets tied to the old Android network are discarded and the saved Home Assistant session reconnects without an unnecessary login. Reconnect status also shows the failure reason.,,needs translation; don't translate Home Assistant
cr_whats_new_beta_8,array,1,Child locks are no longer imported automatically as room controls.,,needs translation
cr_whats_new_beta_8,array,2,Every button and badge now honours Home Assistant entity-icon overrides.,,needs translation; don't translate Home Assistant
cr_whats_new_beta_8,array,3,Vacuums now appear in the room badge bar and open their controls when tapped.,,needs translation
cr_whats_new_beta_8,array,4,"Individual buttons in multi-item widgets can be hidden or scheduled, including recurring annual date ranges.",,needs translation
cr_whats_new_beta_8,array,5,Multiple camera badges now open one swipeable dialog with fullscreen paging.,,needs translation
cr_whats_new_beta_8,array,6,"Family Sharing now lists cloud-published dashboards so they can be imported, reshared, or deleted after a reinstall.",,needs translation
cr_whats_new_beta_7,array,1,Automatic room import now skips built-in helper controls while retaining genuine extra controls.,,needs translation
cr_whats_new_beta_7,array,2,Climate devices from different integrations are no longer merged into one control.,,needs translation
cr_whats_new_beta_7,array,3,"Climate-device icons now match air conditioners, humidifiers, dehumidifiers, and air purifiers.",,needs translation
cr_whats_new_beta_7,array,4,Air-purifier and humidifier icons pulse gently instead of spinning.,,needs translation
cr_whats_new_beta_7,array,5,Door locks now use closed-door and open-door icons.,,needs translation
cr_whats_new_beta_7,array,6,Multi-device header badges can be reordered to choose their leading entity.,,needs translation
cr_whats_new_beta_7,array,7,Animated icon effects are enabled by default on new installations.,,needs translation
cr_whats_new_beta_7,array,8,Buttons and badges can display an entity attribute and optional unit instead of its state.,,needs translation
cr_whats_new_beta_7,array,9,"Dashboards can now be copied with all rooms, widgets, and page settings.",,needs translation
cr_whats_new_beta_7,array,10,"Family Sharing now combines parental controls, dashboard sharing, and per-user permissions.",,needs translation
cr_whats_new_beta_7,array,11,Shared dashboards update automatically while keeping allowed local visual changes.,,needs translation
cr_whats_new_beta_7,array,12,Non-admin family members can use automatic per-room Adaptive Lighting controls when the HKI 7 Cloud component is installed.,,needs translation; don't translate HKI 7 Cloud
cr_whats_new_beta_7,array,13,Fixed unreadable header and pull-down labels in light mode and with custom appearances.,,needs translation
cr_whats_new_beta_7,array,14,About now provides What’s new and Full changelog buttons.,,needs translation
cr_whats_new_beta_7,array,15,Fixed the Unable to connect screen so it appears reliably when Home Assistant cannot be reached.,,needs translation; don't translate Home Assistant
cr_whats_new_beta_6,array,1,Fixed edit-mode action bars overlapping Android three-button navigation.,,needs translation
cr_whats_new_beta_6,array,2,The Backup and Restore screen now shows when each automatic cloud backup last ran.,,needs translation
cr_whats_new_beta_6,array,3,Each cloud backup now has a Back up now button.,,needs translation
cr_whats_new_beta_6,array,4,Fixed the oversized app icon after the themed-icon update.,,needs translation
cr_whats_new_beta_4_to_5,array,1,The Backup and Restore screen now shows when each automatic cloud backup last ran.,,needs translation
cr_whats_new_beta_4_to_5,array,2,Each cloud backup now has a Back up now button.,,needs translation
cr_whats_new_beta_4_to_5,array,3,Fixed the oversized app icon after the themed-icon update.,,needs translation
cr_whats_new_beta_3,array,1,"Added Simple Icons, Tabler, and Phosphor icon packs alongside Material Design Icons.",,needs translation
cr_whats_new_beta_3,array,2,"Added animated entity icons that glow, spin, or pulse while active.",,needs translation
cr_whats_new_beta_3,array,3,Added family dashboard sharing for admins.*,,needs translation
cr_whats_new_beta_3,array,4,Added parental controls that can hide selected views and rooms for specific people.*,,needs translation
cr_whats_new_beta_3,array,5,Added automatic daily backup to your own Home Assistant.*,,needs translation; don't translate Home Assistant
cr_whats_new_beta_3,array,6,Media-source icons are colored and can open the installed source app.,,needs translation
cr_whats_new_beta_3,array,7,New iFrame widget for embedding web pages.,,needs translation
cr_whats_new_beta_3,array,8,Energy views now show negative values while exporting power.,,needs translation
cr_whats_new_beta_3,array,9,Fixed onboarding completing when switching away before finishing.,,needs translation
cr_whats_new_beta_3,array,10,Fixed the thermostat-dial mode button overlapping nearby items.,,needs translation
cr_whats_new_beta_3,array,11,Many smaller bug fixes.,,needs translation
cr_whats_new_beta_3,array,12,* HKI 7 Cloud Component integration required.,,needs translation; don't translate HKI 7 Cloud
cr_whats_new_beta_2,array,1,"Improved layouts on short and narrow displays, with a single-column fallback throughout the app.",,needs translation
cr_whats_new_beta_2,array,2,Dialog headers use two rows on narrow screens so titles are no longer cut off.,,needs translation
cr_whats_new_beta_2,array,3,Fixed Adaptive Lighting sliders overlapping other elements.,,needs translation
cr_whats_new_beta_2,array,4,Navigation bars now indicate when more items are available off-screen.,,needs translation
cr_whats_new_beta_2,array,5,Fixed cameras ignoring the screen-orientation lock.,,needs translation
cr_whats_new_beta_2,array,6,Fixed zoom in camera dialogs and fullscreen cameras.,,needs translation
global_search_browse_entities,plural,one,Browse %1$d entity on this device,Sirvige selles seadmes olemit %1$d,keep %1$d
global_search_browse_entities,plural,other,Browse %1$d entities on this device,Sirvige selles seadmes %1$d olemit,keep %1$d
global_search_entity_count,plural,one,%1$d entity,%1$d üksus,keep %1$d
global_search_entity_count,plural,other,%1$d entities,%1$d üksused,keep %1$d
rooms_count,plural,one,%1$d room,%1$d tuba,keep %1$d
rooms_count,plural,other,%1$d rooms,%1$d tuba,keep %1$d
core_system,string,,System,Süsteem,
core_greeting_morning,string,,Good Morning,Tere hommikust,
core_greeting_afternoon,string,,Good Afternoon,Tere pärastlõunast,
core_greeting_evening,string,,Good Evening,Tere õhtust,
core_greeting_night,string,,Good Night,Head ööd,
core_last_seen_just_now,string,,Last seen just now,Viimati nähtud just praegu,
core_no_media_playing,string,,No media is playing,Ühtegi meediat ei esitata,
core_media_players_playing,plural,one,%1$d media player is playing,%1$d meediapleier mängib,keep %1$d
core_media_players_playing,plural,other,%1$d media players are playing,%1$d meediapleierid mängivad,keep %1$d
core_last_seen_minutes,plural,one,Last seen %1$d minute ago,Viimati nähtud %1$d minut tagasi,keep %1$d
core_last_seen_minutes,plural,other,Last seen %1$d minutes ago,Viimati nähtud %1$d minutit tagasi,keep %1$d
core_last_seen_hours,plural,one,Last seen %1$d hour ago,Viimati nähtud %1$d tund tagasi,keep %1$d
core_last_seen_hours,plural,other,Last seen %1$d hours ago,Viimati nähtud %1$d tundi tagasi,keep %1$d
core_last_seen_days,plural,one,Last seen %1$d day ago,Viimati nähtud %1$d päev tagasi,keep %1$d
core_last_seen_days,plural,other,Last seen %1$d days ago,Viimati nähtud %1$d päeva tagasi,keep %1$d
core_last_seen_weeks,plural,one,Last seen %1$d week ago,Viimati nähtud %1$d nädal tagasi,keep %1$d
core_last_seen_weeks,plural,other,Last seen %1$d weeks ago,Viimati nähtud %1$d nädalat tagasi,keep %1$d
dlg_1_advanced_shorthand_block_kept_unchanged,string,,1 advanced shorthand block (kept unchanged),1 täiustatud kiirkirjaplokk (jäi muutmata),
dlg_24_hour_format,string,,24-Hour Format,24-tunnine formaat,
dlg_action_count,string,,%1$s action,%1$s toimingut,keep %1$s
dlg_action,string,,Action,Tegevus,
dlg_action_data,string,,Action data,Toimingu andmed,
dlg_action_data_object,string,,Action data object,Toimingu andmeobjekt,
dlg_action_details,string,,Action details,Toimingu üksikasjad,
dlg_adapt_now,string,,Adapt now,Kohandage kohe,
dlg_adaptive_lighting,string,,Adaptive Lighting,Kohanduv valgustus,
dlg_adaptive_lighting_is_unavailable,string,,Adaptive Lighting is unavailable,Kohanduv valgustus pole saadaval,
dlg_add_4_10_entity_buttons_to_this_dialog_s,string,,Add 4–10 entity buttons to this dialog's nav bar.,Lisage selle dialoogi navigeerimisribale 4–10 olemi nuppu.,
dlg_add,string,,Add,Lisa,
dlg_add_at_least_one_step,string,,Add at least one step,Lisage vähemalt üks samm,
dlg_add_button,string,,Add button,Lisa nupp,
dlg_add_custom_buttons,string,,Add Custom Buttons,Lisa kohandatud nupud,
dlg_add_more_for_a_full_row,string,,Add %1$s more for a full row.,Lisage terve rea jaoks veel %1$s.,keep %1$s
dlg_add_to,string,,Add to %1$s,Lisa %1$s,keep %1$s
dlg_advanced,string,,Advanced,Täpsemalt,
dlg_advanced_action_data_json,string,,Advanced action data (JSON),Täpsemad toiminguandmed (JSON),
dlg_advanced_shorthand_blocks_kept_unchanged,string,,%1$s advanced shorthand blocks (kept unchanged),%1$s täpsemad kiirkirjaplokid (jäi muutmata),keep %1$s
dlg_alarm_entities,string,,Alarm entities,Häireüksused,
dlg_alarm_pending,string,,Alarm pending,Alarm ootel,
dlg_alignment,string,,Alignment,Joondamine,
dlg_always,string,,Always,Alati,
dlg_any_state,string,,Any state,Ükskõik milline osariik,
dlg_appearance,string,,Appearance,Välimus,
dlg_apply,string,,Apply,Rakenda,
dlg_aspect_ratio,string,,Aspect ratio,Kuvasuhe,
dlg_astronomical_tap_or_swipe,string,,Astronomical · tap or swipe,Astronoomiline · puudutage või pühkige,
dlg_auto,string,,Auto,Automaatne,
dlg_auto_none,string,,Auto / none,Automaatne / mitte ühtegi,
dlg_auto_scan,string,,Auto-scan,Automaatne skannimine,
dlg_automation,string,,Automation,Automatiseerimine,
dlg_back,string,,Back,Tagasi,
dlg_backspace,string,,Backspace,Tagasilükkeklahv,
dlg_badge_bar_layout,string,,Badge bar layout,Märgiriba paigutus,
dlg_batt,string,,Batt,Batt,
dlg_battery_value,string,,Battery: %1$s,Aku: %1$s,keep %1$s
dlg_built_in,string,,Built-in,Sisseehitatud,
dlg_cancel,string,,Cancel,Tühista,
dlg_cancel_arming,string,,Cancel arming,Tühista valvestamine,
dlg_change,string,,Change,Muuda,
dlg_choose_a_side_when_the_badge_bar_is_split,string,,Choose a side when the badge bar is split,"Valige pool, kui märgiriba on poolitatud",
dlg_choose_a_state,string,,Choose a state,Valige osariik,
dlg_condition,string,,Condition,Seisund,
dlg_condition_is,string,,Is,Is,
dlg_condition_is_not,string,,Is not,Ei ole,
dlg_condition_state,string,,State,osariik,
dlg_vis_and,string,,AND,JA,
dlg_vis_conditional,string,,Conditional,Tingimuslik,
dlg_vis_entity_state,string,,Entity state,Olemi olek,
dlg_vis_person,string,,Person,Isik,
dlg_visible,string,,Visible,Nähtav,
dlg_choose_person,string,,Choose person,Vali inimene,
dlg_person_condition_hint,string,,Matches the signed-in Home Assistant user. This rule travels with a shared dashboard.,Vastab sisselogitud kasutajale Home Assistant. See reegel liigub koos jagatud armatuurlauaga.,don't translate Home Assistant
dlg_person_requires_hki7_cloud,string,,Person visibility requires the HKI 7 Cloud component. Install it to select Home Assistant users here.,"Isiku nähtavus nõuab komponenti HKI 7 Cloud. Installige see, et valida siit Home Assistant kasutajat.","don't translate HKI 7 Cloud, Home Assistant"
dlg_vis_match,string,,Match,Matš,
dlg_vis_match_all,string,,All rules,Kõik reeglid,
dlg_vis_match_any,string,,Any rule,Igasugune reegel,
dlg_vis_or,string,,OR,VÕI,
dlg_vis_time_schedule,string,,Time schedule,Ajakava,
dlg_choose_a_visual_home_assistant_block,string,,Choose a visual Home Assistant block,Valige visuaalne Home Assistant plokk,don't translate Home Assistant
dlg_choose_action,string,,Choose action,Valige tegevus,
dlg_choose_an_action,string,,Choose an action,Valige toiming,
dlg_choose_an_entity,string,,Choose an entity,Valige üksus,
dlg_choose_an_entity_first,string,,Choose an entity first,Valige esmalt üksus,
dlg_choose_entity,string,,Choose entity,Valige üksus,
dlg_choose_the_home_assistant_entities_that_drive_this_room,string,,Choose the Home Assistant entities that drive this room's live indicators. Indicators only appear while they are active.,"Valige Home Assistant olemid, mis juhivad selle ruumi reaalajas indikaatoreid. Indikaatorid ilmuvad ainult siis, kui need on aktiivsed.",don't translate Home Assistant
dlg_choose_the_profile_for_this_light,string,,Choose the profile for this light,Valige selle valgusti jaoks profiil,
dlg_choose_what_this_action_should_control,string,,Choose what this action should control,"Valige, mida see toiming peaks kontrollima",
dlg_choose_what_this_badge_summarizes,string,,Choose what this badge summarizes,"Valige, mida see märk kokku võtab",
dlg_choose_what_this_header_pill_shows,string,,Choose what this header pill shows,"Valige, mida see päisepilt näitab",
dlg_clear,string,,Clear,Selge,
dlg_clear_rooms_view,string,,Clear rooms view?,Kas tubadest on selge vaade?,
dlg_climate_dialog_control,string,,Climate dialog control,Kliimadialoogi juhtimine,
dlg_climate_sources_take_priority_and_use_their_current_temper,string,,Climate sources take priority and use their current_temperature and current_humidity values. ,Kliimaallikad on prioriteetsed ja kasutavad oma praeguse_temperatuuri ja praeguse_niiskuse väärtusi.,keep the space at the start/end
dlg_climate_summary,string,,Climate summary,Kliima kokkuvõte,
dlg_close,string,,Close,Sule,
dlg_confirm,string,,Confirm,Kinnita,
dlg_controls_light_in_this_profile,string,,Controls %1$s light%2$s in this profile.,Juhib sellel profiilil %1$s light%2$s.,keep %1$s %2$s
dlg_countdown_timer,string,,Countdown timer,Taimer,
dlg_create_a_flow,string,,Create a flow,Loo voog,
dlg_current,string,,Current %1$s%%,Praegune %1$s%%,keep %1$s
dlg_current_weather,string,,Current weather,Praegune ilm,
dlg_custom,string,,Custom,Kohandatud,
dlg_custom_buttons,string,,Custom buttons,Kohandatud nupud,
dlg_custom_value,string,,Custom %1$s,Kohandatud %1$s,keep %1$s
dlg_custom_name,string,,Custom name,Kohandatud nimi,
dlg_custom_seconds,string,,Custom seconds,Kohandatud sekundid,
dlg_custom_state,string,,Custom state...,Kohandatud olek...,
dlg_date,string,,Date,Kuupäev,
dlg_day_to,string,,%1$s day%2$s to %3$s,%1$s päev%2$s kuni %3$s,keep %1$s %2$s %3$s
dlg_delete_automation,string,,Delete automation?,Kas kustutada automatiseerimine?,
dlg_delete,string,,Delete,Kustuta,
dlg_description,string,,Description,Kirjeldus,
dlg_details,string,,Details,Üksikasjad,
dlg_device_value,string,,Device: %1$s,Seade: %1$s,keep %1$s
dlg_device,string,,Device,Seade,
dlg_direction,string,,Direction —,suund —,
dlg_display,string,,Display,Ekraan,
dlg_display_linked_entities_and_dialog_layout,string,,"Display, linked entities, and dialog layout","Kuva, lingitud olemid ja dialoogipaigutus",
dlg_display_mode,string,,Display mode,Kuvamisrežiim,
dlg_display_order,string,,Display order,Kuva järjekord,
dlg_done,string,,Done,Valmis,
dlg_door_sensors,string,,Door sensors,Ukse andurid,
dlg_edit,string,,Edit,Muuda,
dlg_empty_bin,string,,Empty bin: %1$s,Tühi prügikast: %1$s,keep %1$s
dlg_end,string,,End: %1$s,Lõpp: %1$s,keep %1$s
dlg_enter_a_valid_json_object,string,,Enter a valid JSON object,Sisestage kehtiv JSON-objekt,
dlg_enter_code,string,,Enter code,Sisestage kood,
dlg_enter_the_same_data_object_home_assistant_shows_in,string,,Enter the same data object Home Assistant shows in YAML. JSON is used here so values keep their exact type.,"Sisestage sama andmeobjekt, mida YAML-is näitab Home Assistant. Siin kasutatakse JSON-i, nii et väärtused säilitavad oma täpse tüübi.",don't translate Home Assistant
dlg_entities_count,string,,Entities (%1$s),Üksused (%1$s),keep %1$s
dlg_entities_appearance_and_interactions,string,,"Entities, appearance, and interactions","Üksused, välimus ja interaktsioonid",
dlg_entities,string,,Entities,Üksused,
dlg_entities_that_signal_activity_or_safety_states,string,,Entities that signal activity or safety states,"Üksused, mis annavad märku tegevusest või ohutusolekutest",
dlg_entity_integrations,string,,Entity integrations,Olemi integratsioonid,
dlg_entity_name,string,,Entity name,Olemi nimi,
dlg_entity_picture,string,,Entity picture,Olemi pilt,
dlg_event,string,,Event,Sündmus,
dlg_exact_text_or_number_reported_by_home_assistant,string,,Exact text or number reported by Home Assistant,Täpse teksti või numbri teatas Home Assistant,don't translate Home Assistant
dlg_exit_full_screen,string,,Exit full screen,Välju täisekraanilt,
dlg_floor,string,,Floor,Põrand,
dlg_floor_assignment,string,,Floor assignment,Korruse ülesanne,
dlg_flows,string,,Flows,Voolud,
dlg_forecast,string,,Forecast,Prognoos,
dlg_forget_selection,string,,Forget selection,Unustage valik,
dlg_forward,string,,Forward,Edasi,
dlg_from,string,,From %1$s,Alates %1$s,keep %1$s
dlg_from_state,string,,From state,Osariigist,
dlg_full_day_name,string,,Full Day Name,Täispäeva nimi,
dlg_group_light_paused_for_manual_control,string,,%1$s group light%2$s paused for manual control.,%1$s rühma tuli%2$s on käsitsi juhtimiseks peatatud.,keep %1$s %2$s
dlg_header_appearance,string,,Header appearance,Päise välimus,
dlg_header_custom_color_rrggbb,string,,Header custom color (#RRGGBB),Päise kohandatud värv (#RRGGBB),
dlg_header_pill,string,,Header pill,Päise pill,
dlg_hidden,string,,Hidden,Peidetud,
dlg_hidden_during,string,,Hidden during,Peidetud ajal,
dlg_hide_this_badge_or_schedule_when_it_appears,string,,"Hide this badge, or schedule when it appears",Peida see märk või ajastage selle ilmumine,
dlg_https,string,,https://…,https://…,
dlg_humidity,string,,Humidity,Niiskus,
dlg_icon,string,,Icon,Ikoon,
dlg_icon_animation,string,,Icon animation,Ikooni animatsioon,
dlg_icon_value,string,,Icon: %1$s,Ikoon: %1$s,keep %1$s
dlg_identity,string,,Identity,Identiteet,
dlg_identity_presentation_indicators_and_maintenance,string,,"Identity, presentation, indicators, and maintenance","Identiteet, esitlus, näitajad ja hooldus",
dlg_import_only_rooms_that_have_not_been_edited_or,string,,"Import only rooms that have not been edited, or rebuild everything. Rebuilding removes all edited rooms and floors before importing them from scratch.","Importige ainult ruumid, mida pole muudetud, või ehitage kõik uuesti. Ümberehitamine eemaldab kõik muudetud ruumid ja korrused enne nende nullist importimist.",
dlg_import_unedited,string,,Import unedited,Import muutmata,
dlg_interactions,string,,Interactions,Interaktsioonid,
dlg_is,string,, is,on,keep the space at the start/end
dlg_items,string,,%1$s items,%1$s üksust,keep %1$s
dlg_last_run,string,,Last run %1$s,Viimane jooks %1$s,keep %1$s
dlg_left,string,,Left,Vasakule,
dlg_left_side_overflows_right,string,,Left side overflows right,Vasak pool voolab üle paremale,
dlg_live,string,,Live,Otse,
dlg_live_uppercase,string,,LIVE,LIVE,
dlg_live_indicators,string,,Live indicators,Live indikaatorid,
dlg_loading_actions,string,,Loading actions…,Toimingute laadimine…,
dlg_lunar_phase,string,,Lunar phase,Kuu faas,
dlg_map,string,,Map,Kaart,
dlg_map_value,string,,Map: %1$s,Kaart: %1$s,keep %1$s
dlg_media,string,,Media,Meedia,
dlg_media_browsing_isn_t_available_for_this_player,string,,Media browsing isn't available for this player.,Meediumisirvimine pole selle mängija jaoks saadaval.,
dlg_media_library,string,,Media library,Meediumiteek,
dlg_media_players,string,,Media players,Meediumipleierid,
dlg_meteorological_tap_or_swipe,string,,Meteorological · tap or swipe,Meteoroloogiline · puudutage või pühkige,
dlg_mm,string,,%1$s mm,%1$s mm,keep %1$s
dlg_modes,string,,Modes,Režiimid,
dlg_moon,string,,Moon,Kuu,
dlg_move_down,string,,Move down,Liigu alla,
dlg_move_up,string,,Move up,Liigu üles,
dlg_multiple_climate_values_are_averaged_separate_sensor_value,string,,Multiple climate values are averaged. Separate sensor values are averaged only when no climate source is selected.,"Mitmed kliimaväärtused on keskmistatud. Andurite eraldi väärtused keskmistatakse ainult siis, kui kliimaallikat pole valitud.",
dlg_name,string,,Name,Nimi,
dlg_name_and_icon_used_throughout_the_app,string,,Name and icon used throughout the app,Kogu rakenduses kasutatav nimi ja ikoon,
dlg_name_optional,string,,Name (optional),Nimi (valikuline),
dlg_native_home_assistant_automations_always_in_sync,string,,"Native Home Assistant automations, always in sync","Natiivsed Home Assistant automatiseeringud, alati sünkroonis",don't translate Home Assistant
dlg_never_triggered,string,,Never triggered,Pole kunagi käivitatud,
dlg_new_flow,string,,New flow,Uus vool,
dlg_next_camera,string,,Next camera,Järgmine kaamera,
dlg_no_conditions_this_flow_always_continues,string,,No conditions — this flow always continues,Tingimusi pole – see voog jätkub alati,
dlg_no_door_sensor,string,,No door sensor,Ukseandurit pole,
dlg_no_forecast_available,string,,No forecast available,Prognoos pole saadaval,
dlg_no_matching_automations,string,,No matching automations,Sobivaid automaatikaid pole,
dlg_no_native_home_assistant_automations_found,string,,No native Home Assistant automations found,Natiivseid Home Assistant automatiseerimisi ei leitud,don't translate Home Assistant
dlg_no_profile_available,string,,No profile available,Profiili pole saadaval,
dlg_no_stream_available,string,,No stream available,Otseülekanne pole saadaval,
dlg_no_supported_alarm_modes_reported_by_this_entity,string,,No supported alarm modes reported by this entity,See olem ei teatanud ühtegi toetatud häirerežiimi,
dlg_no_target,string,,No target,Sihtmärki pole,
dlg_none,string,,None,Mitte ühtegi,
dlg_none_timer_follows_the_completion_time_only,string,,None — timer follows the completion time only,Puudub – taimer järgib ainult valmimisaega,
dlg_not_loaded_by_home_assistant,string,,Not loaded by Home Assistant,Home Assistant pole laadinud,don't translate Home Assistant
dlg_nothing_here,string,,Nothing here.,Siin pole midagi.,
dlg_off_uppercase,string,,OFF,VÄLJAS,
dlg_off,string,,Off,Väljas,
dlg_on_uppercase,string,,ON,SEES,
dlg_on,string,,On,Sees,
dlg_percent_on,string,,%1$s%% • ON,%1$s%% • SEES,keep %1$s
dlg_open_camera_full_screen,string,,Open camera full screen,Ava kaamera täisekraanil,
dlg_open,string,,Open,Avatud,
dlg_optional_controls_and_sensors_for_richer_dialogs,string,,Optional controls and sensors for richer dialogs,Valikulised juhtnupud ja andurid rikkalikumate dialoogide jaoks,
dlg_optional_fields_passed_to_home_assistant,string,,Optional fields passed to Home Assistant,Valikulised väljad edastati kasutajale Home Assistant,don't translate Home Assistant
dlg_optional_label_shown_when_name_is_enabled_above,string,,"Optional label shown when ""Name"" is enabled above","Valikuline silt kuvatakse, kui ülal on lubatud ""Nimi"".",
dlg_oscillate,string,,Oscillate,võnkuma,
dlg_pause,string,,Pause,Paus,
dlg_pause_adaptation,string,,Pause adaptation,Peatage kohanemine,
dlg_pending_timer,string,,Pending timer,Ootel taimer,
dlg_pick_a_source_device_or_fine_tune_individual_roles,string,,Pick a source device or fine-tune individual roles,Valige lähteseade või viimistlege üksikuid rolle,
dlg_place_this_room_in_the_correct_floor_group,string,,Place this room in the correct floor group,Asetage see ruum õigesse põrandarühma,
dlg_placement,string,,Placement,Paigutus,
dlg_players_summarized_by_the_room_header_and_card,string,,Players summarized by the room header and card,Mängijad kokku võetud ruumi päise ja kaardi järgi,
dlg_please_wait,string,,Please wait…,Palun oota…,
dlg_precipitation,string,,Precipitation,Sademed,
dlg_presets_uppercase,string,,PRESETS,PRESETS,
dlg_presets,string,,Presets,Eelseaded,
dlg_previous_camera,string,,Previous camera,Eelmine kaamera,
dlg_profile,string,,Profile,Profiil,
dlg_profile_switches_affect_every_light_assigned_to,string,,Profile switches affect every light assigned to %1$s.,Profiililülitid mõjutavad iga %1$s-le määratud valgust.,keep %1$s
dlg_rain,string,,Rain,Vihma,
dlg_rain_map,string,,Rain map,Vihma kaart,
dlg_rain_map_url_iframe,string,,Rain map URL (iframe),Vihmakaardi URL (iframe),
dlg_re_import_rooms,string,,Re-import rooms,Ruumide uuesti importimine,
dlg_read_only_home_assistant_automation,string,,Read-only Home Assistant automation,Kirjutuskaitstud Home Assistant automatiseerimine,don't translate Home Assistant
dlg_recipes_create_regular_home_assistant_automations_you_can,string,,Recipes create regular Home Assistant automations. You can continue editing them in either HKI7 or Home Assistant.,Retseptid loovad tavalisi Home Assistant automatiseerimisi. Saate jätkata nende muutmist kas HKI7 või Home Assistant.,"don't translate Home Assistant, HKI7"
dlg_remove,string,,Remove,Eemalda,
dlg_remove_edits_and_import_all,string,,Remove edits and import all,Eemaldage muudatused ja importige kõik,
dlg_repeat,string,,Repeat,Korda,
dlg_repeats_every_day_only_the_time_of_day_is,string,,Repeats every day — only the time of day is used.,Kordub iga päev — kasutatakse ainult kellaaega.,
dlg_repeats_every_month_only_the_day_of_the_month,string,,Repeats every month — only the day of the month and time are used.,Kordub iga kuu — kasutatakse ainult kuu päeva ja kellaaega.,
dlg_repeats_every_week_only_the_weekday_and_time_are,string,,Repeats every week — only the weekday and time are used.,Kordub iga nädal – kasutatakse ainult nädalapäeva ja kellaaega.,
dlg_repeats_every_year_the_year_is_ignored_so_e,string,,"Repeats every year — the year is ignored, so e.g. 24–26 Dec recurs each Christmas.","Kordub igal aastal — aastat eiratakse, seega nt. 24.–26. dets. kordub igal jõulupühal.",
dlg_required,string,, (required),(nõutav),keep the space at the start/end
dlg_required_state,string,,Required state,Nõutav olek,
dlg_resume_adaptation,string,,Resume adaptation,Jätkake kohanemist,
dlg_resume,string,,Resume,Jätka,
dlg_reverse,string,,Reverse,Tagurpidi,
dlg_right,string,,Right,Õige,
dlg_right_side_overflows_left,string,,Right side overflows left,Parem pool voolab üle vasakule,
dlg_room_areas,string,,Room areas,Ruumi alad,
dlg_room_climate,string,,Room climate,Ruumi kliima,
dlg_room_name,string,,Room name,Ruumi nimi,
dlg_run_mode,string,,Run mode,Käitusrežiim,
dlg_running_state_entity,string,,Running-state entity,Töötav olek,
dlg_s_are,string,,s are,s on,
dlg_save,string,,Save,Salvesta,
dlg_save_in_home_assistant,string,,Save in Home Assistant,Salvestage Home Assistant,don't translate Home Assistant
dlg_saved_directly_in_the_native_automation,string,,Saved directly in the native automation,Salvestatud otse algsesse automatiseerimisse,
dlg_scheduled,string,,Scheduled,Planeeritud,
dlg_search_actions,string,,Search actions,Otsingutoimingud,
dlg_search_automations,string,,Search automations,Otsinguautomaatika,
dlg_season,string,,Season,Hooaeg,
dlg_select,string,,Select %1$s,Valige %1$s,keep %1$s
dlg_select_a_mode_to_continue,string,,Select a mode to continue,Jätkamiseks valige režiim,
dlg_select_battery_sensor,string,,Select Battery Sensor,Valige Akuandur,
dlg_select_door_sensor,string,,Select Door Sensor,Valige Ukseandur,
dlg_select_empty_bin_control,string,,Select Empty Bin Control,Valige Empty Bin Control,
dlg_select_entities,string,,Select Entities,Valige Olemid,
dlg_select_entity,string,,Select Entity,Valige olemus,
dlg_select_map_camera,string,,Select Map Camera,Valige Kaardikaamera,
dlg_select_media_players,string,,Select Media Players,Valige Meediumipleierid,
dlg_select_running_state_entity,string,,Select running-state entity,Valige tööoleku olem,
dlg_select_target_entity,string,,Select Target Entity,Valige sihtüksus,
dlg_select_the_alarm_panels_summarized_by_this_pill,string,,Select the alarm panels summarized by this pill,Valige selle pilliga kokku võetud häirepaneelid,
dlg_select_vacuum_entity,string,,Select Vacuum Entity,Valige vaakumüksus,
dlg_select_water_level,string,,Select Water Level,Valige Veetase,
dlg_selected,string,,%1$s · Selected,%1$s · Valitud,keep %1$s
dlg_set,string,,Set,Määra,
dlg_shape,string,,Shape,Kuju,
dlg_shape_visible_information_and_icon_behavior,string,,"Shape, visible information, and icon behavior","Kuju, nähtav teave ja ikooni käitumine",
dlg_show_a_descending_timer_when_the_value_is_a,string,,"Show a descending timer when the value is a completion time (e.g. a washer/dryer finish time). Active while counting, off at zero.","Näita kahanevat taimerit, kui väärtus on valmimisaeg (nt pesumasina/kuivati lõppaeg). Aktiivne loendamise ajal, nullist välja lülitatud.",
dlg_show_a_live_radar_rain_map_card_a_camera,string,,Show a live radar/rain map card — a camera entity or an embedded web page (iframe),Näita reaalajas radari/vihmakaardi kaarti – kaamera olemit või manustatud veebilehte (iframe),
dlg_show_badge_bar,string,,Show badge bar,Kuva märgiriba,
dlg_show_the_entity_s_state_or_one_of_its,string,,"Show the entity's state, or one of its attributes instead.",Kuvage olemi olek või selle asemel mõni selle atribuutidest.,
dlg_side_split_alignment,string,,Side (split alignment),Külg (jaotatud joondus),
dlg_snapshot,string,,Snapshot,Hetktõmmis,
dlg_span_badges,string,,Span badges,Säilitusmärgid,
dlg_speed,string,,SPEED,KIIRUS,
dlg_start,string,,Start: %1$s,Algus: %1$s,keep %1$s
dlg_start_with_a_useful_recipe_then_adjust_each_step,string,,"Start with a useful recipe, then adjust each step","Alustage kasuliku retseptiga, seejärel kohandage iga sammu",
dlg_state,string,,State,osariik,
dlg_state_text,string,,State text,Riigitekst,
dlg_switch,string,,SWITCH,LÜLITI,
dlg_tap_hold_and_dialog_quick_actions,string,,"Tap, hold, and dialog quick actions","Puudutage, hoidke ja dialoogiboksi kiirtoimingud",
dlg_target_range_percent,string,,TARGET (%1$s–%2$s%%),SIHT (%1$s–%2$s%%),keep %1$s %2$s
dlg_target,string,,Target,Sihtmärk,
dlg_target_entity_optional,string,,Target entity (optional),Sihtüksus (valikuline),
dlg_temperature,string,,Temperature,Temperatuur,
dlg_temperature_and_humidity_sources_for_the_room,string,,Temperature and humidity sources for the room,Ruumi temperatuuri ja niiskuse allikad,
dlg_value_with_unit,string,,%1$s%2$s,%1$s%2$s,keep %1$s %2$s
dlg_negative_value,string,,-%1$s,-%1$s,keep %1$s
dlg_spaced_temperature,string,,  %1$s°,%1$s°,keep %1$s; keep the space at the start/end
dlg_value_and_unit,string,,%1$s %2$s,%1$s %2$s,keep %1$s %2$s
dlg_temperature_value,string,,%1$s°,%1$s°,keep %1$s
dlg_updating_value,string,,%1$s…,%1$s…,keep %1$s
dlg_sentence_pair,string,,%1$s. %2$s,%1$s. %2$s,keep %1$s %2$s
dlg_labeled_value_unit,string,,%1$s: %2$s%3$s,%1$s: %2$s%3$s,keep %1$s %2$s %3$s
dlg_selected_value,string,,✓ %1$s,✓ %1$s,keep %1$s
dlg_zoom_multiplier,string,,%1$s×,%1$s×,keep %1$s
dlg_page_of_pages,string,,%1$s/%2$s,%1$s/%2$s,keep %1$s %2$s
dlg_labeled_value,string,,%1$s: %2$s,%1$s: %2$s,keep %1$s %2$s
dlg_percentage,string,,%1$s%%,%1$s%%,keep %1$s
dlg_that_profile,string,,that profile,see profiil,
dlg_the_exact_dates_you_pick_leave_a_bound_as,string,,"The exact dates you pick. Leave a bound as ""Any"" for an open-ended range.","Teie valitud täpsed kuupäevad. Avatud vahemiku jaoks jätke piiranguks ""Igasugune"".",
dlg_the_room_header_and_card_show_a_single_player,string,,"The room header and card show a single player's media, or an active-player count when multiple players are selected.","Ruumi päis ja kaart näitavad ühe mängija meediat või aktiivsete mängijate arvu, kui valitud on mitu mängijat.",
dlg_thermostat_dial,string,,Thermostat dial,Termostaadi ketas,
dlg_this_action_does_not_use_an_entity_target,string,,This action does not use an entity target.,See toiming ei kasuta olemi sihtmärki.,
dlg_this_action_has_no_required_target_or_additional_fields,string,,This action has no required target or additional fields.,Sellel toimingul pole kohustuslikke sihtmärke ega täiendavaid välju.,
dlg_this_automation_is_managed_outside_home_assistant_s_ui,string,,"This automation is managed outside Home Assistant's UI (usually YAML). HKI7 can show it, but will not overwrite it.","Seda automatiseerimist hallatakse väljaspool Home Assistant kasutajaliidest (tavaliselt YAML). HKI7 saab seda näidata, kuid ei kirjuta seda üle.","don't translate Home Assistant, HKI7"
dlg_this_entity,string,,This entity,See üksus,
dlg_this_light_is_paused_for_manual_control,string,,This light is paused for manual control.,See tuli on käsitsi juhtimiseks peatatud.,
dlg_this_removes_all_imported_rooms_and_floors_from_this,string,,This removes all imported rooms and floors from this view.,See eemaldab sellelt vaatelt kõik imporditud ruumid ja korrused.,
dlg_this_removes_the_native_automation_from_home_assistant_thi,string,,This removes the native automation from Home Assistant. This cannot be undone from HKI7.,See eemaldab Home Assistant loomuliku automatiseerimise. Seda ei saa HKI7 tagasi võtta.,"don't translate Home Assistant, HKI7"
dlg_time,string,,Time,Aeg,
dlg_to_state,string,,To state,Välja öelda,
dlg_turn_on,string,,Turn On,Lülita sisse,
dlg_unit,string,,Unit,Üksus,
dlg_untitled,string,,Untitled,Pealkirjata,
dlg_url_https,string,,URL (https://…),URL (https://…),
dlg_vacuum_entities,string,,Vacuum entities,Vaakumüksused,
dlg_vertical_slider,string,,Vertical slider,Vertikaalne liugur,
dlg_visibility,string,,Visibility,Nähtavus,
dlg_visibility_alignment_and_overflow_behavior,string,,"Visibility, alignment, and overflow behavior","Nähtavus, joondus ja ülevoolu käitumine",
dlg_visible_during,string,,Visible during,Nähtav ajal,
dlg_waiting_for_home_assistant,string,,Waiting for Home Assistant,Home Assistant ootamine,don't translate Home Assistant
dlg_wallpaper_and_optional_custom_color,string,,Wallpaper and optional custom color,Tapeet ja valikuline kohandatud värv,
dlg_wallpaper_url_or_path,string,,Wallpaper URL or path,Taustapildi URL või tee,
dlg_water_value,string,,Water: %1$s,Vesi: %1$s,keep %1$s
dlg_water,string,,Water,Vesi,
dlg_weather_details,string,,Weather details,Ilma üksikasjad,
dlg_weather_entities,string,,Weather entities,Ilmaolemid,
dlg_when,string,,When,Millal,
dlg_when_and_if_then,string,,When · And if · Then,Millal · Ja kui · Siis,
dlg_widget_width,string,,Widget width,Vidina laius,
dlg_wind,string,,Wind,Tuul,
dlg_any,string,,Any,Ükskõik milline,
dlg_once,string,,Once,Üks kord,
dlg_daily,string,,Daily,Igapäevane,
dlg_weekly,string,,Weekly,Iganädalane,
dlg_monthly,string,,Monthly,Igakuine,
dlg_yearly,string,,Yearly,Aastane,
dlg_default,string,,Default,Vaikimisi,
dlg_toggle,string,,Toggle,Lülita,
dlg_more_information,string,,More information,Rohkem infot,
dlg_navigate,string,,Navigate,Navigeerige,
dlg_url,string,,URL,URL,
dlg_home,string,,Home,Kodu,
dlg_rooms,string,,Rooms,Toad,
dlg_energy,string,,Energy,Energia,
dlg_climate,string,,Climate,Kliima,
dlg_security,string,,Security,Turvalisus,
dlg_battery,string,,Battery,Aku,
dlg_settings,string,,Settings,Seaded,
dlg_room_value,string,,Room · %1$s,Tuba · %1$s,keep %1$s
dlg_could_not_load_home_assistant_actions,string,,Could not load Home Assistant actions,Home Assistant toimingut ei saanud laadida,don't translate Home Assistant
dlg_show_entity_default_this_one,string,,Show entity (default: this one),Kuva üksus (vaikimisi: see),
dlg_target_entity_default_this_one,string,,Target entity (default: this one),Sihtüksus (vaikimisi: see),
dlg_select_destination,string,,Select destination,Valige sihtkoht,
dlg_choose_target,string,,Choose target,Valige sihtmärk,
dlg_target_and_action_data,string,,Target and action data,Siht- ja tegevusandmed,
dlg_tap,string,,Tap,Puudutage,
dlg_hold,string,,Hold,Hoia,
dlg_double_tap,string,,Double tap,Topeltpuudutage,
dlg_alarm_disarmed,string,,Disarmed,Desarmeeritud,
dlg_alarm_armed_home,string,,Armed home,Relvastatud kodu,
dlg_alarm_armed_away,string,,Armed away,Relvastatud ära,
dlg_alarm_armed_night,string,,Armed night,Relvastatud öö,
dlg_alarm_armed_vacation,string,,Armed vacation,Relvastatud puhkus,
dlg_alarm_armed_custom,string,,Armed (custom),Relvastatud (kohandatud),
dlg_alarm_arming,string,,Arming…,Valvestamine…,
dlg_alarm_disarming,string,,Disarming…,Desarmeerimine…,
dlg_alarm_triggered,string,,TRIGGERED,KÄIVITATUD,
dlg_alarm_disarmed_message,string,,Alarm disarmed,Alarm desarmeeritud,
dlg_alarm_command,string,,Alarm command,Häire käsk,
dlg_alarm_command_accepted,string,,%1$s accepted,%1$s aktsepteeritud,keep %1$s
dlg_alarm_command_failed,string,,Command failed. Check the code and try again.,Käsk ebaõnnestus. Kontrollige koodi ja proovige uuesti.,
dlg_alarm_arming_cancelled,string,,Arming cancelled,Valvestamine tühistati,
dlg_alarm_cancel_failed,string,,Cancellation failed. Check the code and try again.,Tühistamine ebaõnnestus. Kontrollige koodi ja proovige uuesti.,
dlg_alarm_arm_home,string,,Arm home,Arm koju,
dlg_alarm_arm_away,string,,Arm away,Käed ära,
dlg_alarm_arm_night,string,,Arm night,Käte öö,
dlg_alarm_arm_custom,string,,Arm custom,Käepide komme,
dlg_alarm_arm_vacation,string,,Arm vacation,Käepuhkus,
dlg_alarm_disarm,string,,Disarm,Desarmeerida,
dlg_room_configuration,string,,Room configuration,Ruumi konfiguratsioon,
dlg_choose_room_area_to_configure,string,,Choose a room area to configure,Valige konfigureeritav ruumiala,
dlg_focused_room_options,string,,Options for this room area,Selle ruumipiirkonna valikud,
dlg_general,string,,General,Kindral,
dlg_name_and_icon,string,,Name and icon,Nimi ja ikoon,
dlg_header,string,,Header,Päis,
dlg_wallpaper_and_custom_color,string,,Wallpaper and custom color,Tapeet ja kohandatud värv,
dlg_badge_bar,string,,Badge bar,Märgiriba,
dlg_alignment_and_display_options,string,,Alignment and display options,Joondus- ja kuvamisvalikud,
dlg_assign_room_to_floor,string,,Assign this room to a floor,Määrake see ruum korrusele,
dlg_room_status,string,,Room status,Ruumi olek,
dlg_room_status_summary,string,,"Media, activity, safety, and climate indicators","Meedia-, aktiivsus-, ohutus- ja kliimanäitajad",
dlg_reimport_from_home_assistant,string,,Re-import from Home Assistant,Impordi uuesti asukohast Home Assistant,don't translate Home Assistant
dlg_import_or_rebuild_rooms,string,,Import new rooms or rebuild every room,Importige uusi ruume või ehitage kõik ruumid ümber,
dlg_clear_rooms_view_action,string,,Clear rooms view,Selge vaade tubadele,
dlg_remove_imported_rooms_and_floors,string,,Remove imported rooms and floors,Eemaldage imporditud ruumid ja põrandad,
dlg_room,string,,Room,Tuba,
dlg_split,string,,Split,Lõhestatud,
dlg_center,string,,Center,Keskus,
dlg_doors,string,,Doors,Uksed,
dlg_windows,string,,Windows,Windows,
dlg_motion,string,,Motion,Liikumine,
dlg_presence,string,,Presence,Kohalolek,
dlg_lights,string,,Lights,Tuled,
dlg_devices,string,,Devices,Seadmed,
dlg_smoke,string,,Smoke,Suitsu,
dlg_gas,string,,Gas,Gaas,
dlg_fire,string,,Fire,Tulekahju,
dlg_full,string,,Full,Täis,
dlg_half,string,,Half,Pool,
dlg_third,string,,Third,Kolmandaks,
dlg_choose_vacuum_entity_instead,string,,Choose a vacuum entity instead,Valige selle asemel vaakumüksus,
dlg_camera_live_page,string,,%1$d/%2$d · Live,%1$d/%2$d · Otseülekanne,keep %1$d %2$d
dlg_weather,string,,Weather,Ilm,
dlg_weather_and_season,string,,%1$s · %2$s,%1$s · %2$s,keep %1$s %2$s
dlg_weather_state_clear_night,string,,Clear night,Selge öö,
dlg_weather_state_cloudy,string,,Cloudy,Pilves ilm,
dlg_weather_state_exceptional,string,,Exceptional,Erakordne,
dlg_weather_state_fog,string,,Fog,Udu,
dlg_weather_state_hail,string,,Hail,Tere,
dlg_weather_state_lightning,string,,Lightning,Välk,
dlg_weather_state_lightning_rainy,string,,Thunderstorms,Äikesetormid,
dlg_weather_state_partly_cloudy,string,,Partly cloudy,Vahelduva pilvisusega ilm,
dlg_weather_state_pouring,string,,Pouring rain,Vihma kallab,
dlg_weather_state_rainy,string,,Rainy,Vihmane,
dlg_weather_state_snowy,string,,Snowy,Lumine,
dlg_weather_state_snowy_rainy,string,,Sleet,lörtsi,
dlg_weather_state_sunny,string,,Sunny,Päikeseline,
dlg_weather_state_windy,string,,Windy,Tuuline,
dlg_weather_state_windy_variant,string,,Windy and cloudy,Tuuline ja pilvine,
dlg_selected_entities_summary,plural,one,%1$d selected · %2$s,%1$d valitud · %2$s,keep %1$d %2$s
dlg_selected_entities_summary,plural,other,%1$d selected · %2$s,%1$d valitud · %2$s,keep %1$d %2$s
dlg_action_data_value_summary,plural,one,%1$s · %2$d data value,%1$s · %2$d andmeväärtus,keep %1$s %2$d
dlg_action_data_value_summary,plural,other,%1$s · %2$d data values,%1$s · %2$d andmeväärtusi,keep %1$s %2$d
dlg_seconds_short,plural,one,%d sec,%d sek,keep %d
dlg_seconds_short,plural,other,%d sec,%d sek,keep %d
dlg_arming_in_seconds,plural,one,Arming in %d second,Valvestamine %d sekundi pärast,keep %d
dlg_arming_in_seconds,plural,other,Arming in %d seconds,Valvestamine %d sekundi pärast,keep %d
energy_extra_sensors,string,,Energy sensors,Energiaandurid,
energy_extra_settings,string,,Energy settings,Energia seaded,
energy_extra_previous_period,string,,Previous period,Eelmine periood,
energy_extra_next_period,string,,Next period,Järgmine periood,
energy_extra_empty_view_hint,string,,This energy view is empty. Swipe down on the header and open Energy settings to add entities manually.,See energiavaade on tühi. Olemite käsitsi lisamiseks pühkige päises alla ja avage Energiaseaded.,
energy_extra_electricity,string,,Electricity,Elekter,
energy_extra_solar,string,,Solar,Päikeseenergia,
energy_extra_home,string,,Home,Kodu,
energy_extra_battery,string,,Battery,Aku,
energy_extra_gas,string,,Gas,Gaas,
energy_extra_city_heating,string,,City heating,Linnaküte,
energy_extra_water,string,,Water,Vesi,
energy_extra_energy,string,,Energy,Energia,
energy_extra_power,string,,Power,Võimsus,
energy_extra_carbon,string,,Carbon,Süsinik,
energy_extra_devices,string,,Devices,Seadmed,
energy_extra_device,string,,Device,Seade,
energy_extra_importing,string,,Importing,Importimine,
energy_extra_exporting,string,,Exporting,Eksportimine,
energy_extra_idle,string,,Idle,Tühikäik,
energy_extra_charging,string,,Charging,Laadimine,
energy_extra_discharging,string,,Discharging,Tühjenemine,
energy_extra_producing,string,,Producing,Tootmine,
energy_extra_consuming,string,,Consuming,Tarbiv,
energy_extra_grid_idle,string,,Grid idle,Võre tühikäik,
energy_extra_importing_power,string,,Importing power,Võimsuse import,
energy_extra_exporting_power,string,,Exporting power,Võimsuse eksport,
energy_extra_battery_supporting,string,,Battery supplying power,Aku varustab toidet,
energy_extra_battery_charging,string,,Battery charging,Aku laadimine,
energy_extra_solar_producing,string,,Solar producing,Päikeseenergia tootmine,
energy_extra_home_consuming,string,,Home consuming,Kodune tarbimine,
energy_extra_energy_idle,string,,Energy idle,Energia tühikäigul,
energy_extra_today_value,string,,%1$s today,%1$s täna,keep %1$s
energy_extra_used_period,string,,Used %1$s,Kasutatud %1$s,keep %1$s
energy_extra_produced_period,string,,Produced %1$s,Toodetud %1$s,keep %1$s
energy_extra_fossil_percentage,string,,%1$s%% fossil,%1$s%% fossiil,keep %1$s
energy_extra_self_used_percentage,string,,Self-used · %1$d%%,Isekasutatud · %1$d%%,keep %1$d
energy_extra_electricity_total,string,,Electricity total,Elekter kokku,
energy_extra_top_consumers,string,,Top consumers,Tipptarbijad,
energy_extra_device_energy,string,,Device energy,Seadme energia,
energy_extra_individual_water_usage,string,,Individual water usage,Individuaalne veekasutus,
energy_extra_production,string,,Production,Tootmine,
energy_extra_forecast,string,,Forecast,Prognoos,
energy_extra_inverters,string,,Inverters,Inverterid,
energy_extra_now,string,,Now,Nüüd,
energy_extra_usage,string,,Usage,Kasutamine,
energy_extra_total,string,,Total,Kokku,
energy_extra_cost,string,,Cost,Maksumus,
energy_extra_charge,string,,Charge,Lae,
energy_extra_grid_flow,string,,Grid flow,Võrgu vool,
energy_extra_self_sufficient,string,,Self-sufficient,Isemajandav,
energy_extra_carbon_footprint,string,,Carbon footprint,Süsiniku jalajälg,
energy_extra_self_used,string,,Self-used,Omakasutatud,
energy_extra_last_seven_days,string,,Last 7 days,Viimased 7 päeva,
energy_extra_lifetime,string,,Lifetime,Eluaeg,
energy_extra_power_per_phase,string,,Power per phase,Võimsus faasi kohta,
energy_extra_tariff_meter_readings,string,,Tariff meter readings,Tariifi arvesti näidud,
energy_extra_tariff_one,string,,Tariff 1,Tariif 1,
energy_extra_tariff_two,string,,Tariff 2,Tariif 2,
energy_extra_solar_production,string,,Solar production,Päikeseenergia tootmine,
energy_extra_category_overview,string,,Overview,Ülevaade,
energy_extra_category_electricity_subtitle,string,,"Grid power, phases, import/export, tariffs, and cost","Võrgu võimsus, faasid, import/eksport, tariifid ja maksumus",
energy_extra_category_solar_subtitle,string,,"Production, forecast, and inverter device","Tootmis-, prognoosi- ja inverterseade",
energy_extra_category_battery_subtitle,string,,Charge level and battery power,Laadimistase ja aku võimsus,
energy_extra_category_carbon_subtitle,string,,Grid carbon-footprint device,Grid süsiniku jalajälje seade,
energy_extra_category_usage_cost_subtitle,string,,Usage and cost,Kasutamine ja maksumus,
energy_extra_category_devices_subtitle,string,,"Power, energy, and individual water devices","Toite-, energia- ja individuaalsed veeseadmed",
energy_extra_category_city_heating_subtitle,string,,"Heat energy, current output, and cost","Soojusenergia, vooluvõimsus ja maksumus",
energy_extra_card_live_source_tiles,string,,Live source tiles,Reaalajas allika paanid,
energy_extra_card_electricity_totals_usage,string,,Electricity totals and usage,Elektri kogusumma ja tarbimine,
energy_extra_card_home_battery,string,,Home battery,Kodu aku,
energy_extra_card_gas_usage,string,,Gas usage,Gaasi tarbimine,
energy_extra_card_city_heating_usage,string,,City-heating usage,Linnakütte kasutamine,
energy_extra_card_water_usage,string,,Water usage,Veekasutus,
energy_extra_card_device_energy_bars,string,,Device energy bars,Seadme energiabatoonid,
energy_extra_select_energy_cards,string,,Select energy cards,Valige energiakaardid,
energy_extra_role_grid_power,string,,Grid power (W),Võrgu võimsus (W),
energy_extra_role_home_power,string,,Home power (W),Kodu võimsus (W),
energy_extra_role_solar_power,string,,Solar power (W),Päikeseenergia (W),
energy_extra_role_battery_power,string,,Battery power (W),Aku võimsus (W),
energy_extra_role_battery_level,string,,Battery level (%),Aku tase (%),
energy_extra_role_grid_import,string,,Grid import (kWh),Võrgu import (kWh),
energy_extra_role_grid_export,string,,Grid export (kWh),Võrgu eksport (kWh),
energy_extra_role_solar_production,string,,Solar production (kWh),Päikeseenergia tootmine (kWh),
energy_extra_role_phase_one_power,string,,Phase 1 power,1. faasi võimsus,
energy_extra_role_phase_two_power,string,,Phase 2 power,2. faasi võimsus,
energy_extra_role_phase_three_power,string,,Phase 3 power,3. faasi võimsus,
energy_extra_role_import_meter_tariff_one,string,,Import meter tariff 1,Impordiarvesti tariif 1,
energy_extra_role_import_meter_tariff_two,string,,Import meter tariff 2,Impordiarvesti tariif 2,
energy_extra_role_export_meter_tariff_one,string,,Export meter tariff 1,Ekspordiarvesti tariif 1,
energy_extra_role_export_meter_tariff_two,string,,Export meter tariff 2,Ekspordiarvesti tariif 2,
energy_extra_role_energy_cost,string,,Energy cost,Energiakulu,
energy_extra_role_gas_total,string,,Gas total (m³),Gaasi kogusumma (m³),
energy_extra_role_gas_flow_now,string,,Gas flow (now),Gaasivool (praegu),
energy_extra_role_gas_cost,string,,Gas cost,Gaasi maksumus,
energy_extra_role_water_total,string,,Water total,Vesi kokku,
energy_extra_role_water_flow_now,string,,Water flow (now),Veevool (praegu),
energy_extra_role_water_cost,string,,Water cost,Veekulu,
energy_extra_role_individual_water_devices,string,,Individual water devices,Üksikud veeseadmed,
energy_extra_role_power_devices,string,,Power devices,Toiteseadmed,
energy_extra_role_energy_devices,string,,Energy devices,Energiaseadmed,
energy_extra_sensor_current_power_import,string,,"Current power (W, + = import)","Praegune võimsus (W, + = import)",
energy_extra_sensor_power_phase_one,string,,Power phase 1 (W),Toitefaas 1 (W),
energy_extra_sensor_power_phase_two,string,,Power phase 2 (W),Toitefaas 2 (W),
energy_extra_sensor_power_phase_three,string,,Power phase 3 (W),Toitefaas 3 (W),
energy_extra_sensor_current_phase_one,string,,Current phase 1 (A),Praegune faas 1 (A),
energy_extra_sensor_current_phase_two,string,,Current phase 2 (A),Praegune faas 2 (A),
energy_extra_sensor_current_phase_three,string,,Current phase 3 (A),Praegune faas 3 (A),
energy_extra_sensor_voltage_phase_one,string,,Voltage phase 1 (V),Pinge faas 1 (V),
energy_extra_sensor_voltage_phase_two,string,,Voltage phase 2 (V),Pinge faas 2 (V),
energy_extra_sensor_voltage_phase_three,string,,Voltage phase 3 (V),Pinge faas 3 (V),
energy_extra_sensor_home_consumption_power,string,,Home consumption power (W),Kodutarbimise võimsus (W),
energy_extra_sensor_energy_import,string,,Energy import (kWh),Energia import (kWh),
energy_extra_sensor_energy_import_tariff_one,string,,Energy import tariff 1 (kWh),Energia imporditariif 1 (kWh),
energy_extra_sensor_energy_import_tariff_two,string,,Energy import tariff 2 (kWh),Energia imporditariif 2 (kWh),
energy_extra_sensor_energy_export,string,,Energy export (kWh),Energia eksport (kWh),
energy_extra_sensor_energy_export_tariff_one,string,,Energy export tariff 1 (kWh),Energia eksporditariif 1 (kWh),
energy_extra_sensor_energy_export_tariff_two,string,,Energy export tariff 2 (kWh),Energia eksporditariif 2 (kWh),
energy_extra_sensor_energy_cost_today,string,,Energy cost today,Energiakulu täna,
energy_extra_sensor_current_power_production,string,,Current power production (W),Praegune võimsus (W),
energy_extra_sensor_energy_production_today,string,,Energy production today (kWh),Energia tootmine täna (kWh),
energy_extra_sensor_energy_production_seven_days,string,,Energy production over the last 7 days,Energia tootmine viimase 7 päeva jooksul,
energy_extra_sensor_lifetime_energy_production,string,,Lifetime energy production,Eluaegne energia tootmine,
energy_extra_sensor_battery_power_charging,string,,"Battery power (W, + = charging)","Aku võimsus (W, + = laadimine)",
energy_extra_sensor_gas_used_today,string,,Gas used today (m³),Täna kasutatud gaas (m³),
energy_extra_sensor_current_gas_flow,string,,"Current gas flow (m³/h, optional)","Praegune gaasivool (m³/h, valikuline)",
energy_extra_sensor_gas_cost_today,string,,Gas cost today,Gaasi hind täna,
energy_extra_sensor_city_heating_total,string,,Heat energy total (J/MJ/GJ/kWh),Soojusenergia summaarne (J/MJ/GJ/kWh),
energy_extra_sensor_city_heating_current,string,,Current heat output (optional),Praegune soojusvõimsus (valikuline),
energy_extra_sensor_city_heating_cost,string,,City-heating cost,Linnakütte kulu,
energy_extra_estimated_gas_equivalent,string,,Estimated gas equivalent,Hinnanguline gaasiekvivalent,
energy_extra_estimated_gas_note,string,,Based on 35.17 MJ per m³ of natural gas,"Põhineb 35,17 MJ maagaasi m³ kohta",
energy_extra_sensor_water_used_today,string,,Water used today (L/m³),Täna kasutatud vesi (l/m³),
energy_extra_sensor_current_water_flow,string,,"Current water flow (L/min, optional)","Praegune veevool (l/min, valikuline)",
energy_extra_sensor_water_cost_today,string,,Water cost today,Veekulu täna,
energy_extra_picker_top_consumer_devices,string,,Top-consumer devices,Kõige populaarsemad seadmed,
energy_extra_picker_device_energy_counters,string,,Device energy counters,Seadme energialoendurid,
energy_extra_auto_power_sensors_help,string,,All sensors with device_class power are included automatically. Remove a device to create your own list.,Kõik seadmeklassi võimsusega andurid kaasatakse automaatselt. Oma loendi loomiseks eemaldage seade.,
energy_extra_auto_energy_sensors_help,string,,All sensors with device_class energy are included automatically. Their counter changes are used for the selected period.,Kõik seadme_klassi energiaga andurid kaasatakse automaatselt. Nende loenduri muutusi kasutatakse valitud perioodi jooksul.,
energy_extra_currency,string,,Currency,Valuuta,
energy_extra_currency_subtitle,string,,Which currency the cost stats are shown in,Millises valuutas kulustatistikat näidatakse,
energy_extra_currency_search,string,,Search currencies,Otsi valuutasid,
energy_extra_currency_automatic,string,,Automatic,Automaatne,
energy_extra_currency_automatic_subtitle,string,,"Follow your cost sensors, then your device region",Jälgige oma kuluandureid ja seejärel seadme piirkonda,
energy_extra_currency_automatic_value,string,,Automatic (%1$s),Automaatne (%1$s),keep %1$s
energy_extra_currency_manual_value,string,,%1$s (%2$s),%1$s (%2$s),keep %1$s %2$s
energy_extra_energy_card,string,,Energy card,Energiakaart,
energy_extra_energy_card_subtitle,string,,Data sources and card appearance,Andmeallikad ja kaardi välimus,
energy_extra_card_and_data,string,,Card and data,Kaart ja andmed,
energy_extra_energy_stack,string,,Energy stack,Energiapakk,
energy_extra_energy_stack_subtitle,string,,"Cards, data sources, and layout","Kaardid, andmeallikad ja paigutus",
energy_extra_cards_and_data,string,,Cards and data,Kaardid ja andmed,
events_tab,string,,Events,Sündmused,
events_empty,string,,No events yet,Sündmusi pole veel,
events_empty_hint,string,,Recent activity for the entities your family admin added to the timeline appears here.,"Siin kuvatakse nende üksuste hiljutised tegevused, mille pereadministraator ajaskaalale lisas.",
events_not_configured,string,,No events are being tracked,Ühtegi sündmust ei jälgita,
events_not_configured_admin,string,,Choose which entities appear here in Settings › Family Sharing › Events.,"Valige, millised olemid kuvatakse siin jaotises Seaded › Perega jagamine › Sündmused.",
events_not_configured_member,string,,Your family admin decides which entities appear here.,"Teie pereadministraator otsustab, millised üksused siin kuvatakse.",
events_unavailable,string,,The event timeline needs HKI 7 Cloud %1$s.,Sündmuse ajaskaala vajab HKI 7 Cloud %1$s.,keep %1$s; don't translate HKI 7 Cloud
events_set_up_button,string,,Choose entities,Valige olemid,
events_no_matches,string,,No matching events,Sobivaid sündmusi pole,
events_loading,string,,Loading events…,Sündmuste laadimine…,
events_today,string,,Today,Täna,
events_yesterday,string,,Yesterday,eile,
events_by,string,,by %1$s,autor %1$s,keep %1$s
events_filter_all,string,,All,Kõik,
event_category_door,string,,Doors,Uksed,
event_category_window,string,,Windows,Windows,
event_category_motion,string,,Motion,Liikumine,
event_category_moisture,string,,Water,Vesi,
event_category_safety,string,,Smoke & gas,Suits & gaas,
event_category_problem,string,,Problems,Probleemid,
event_category_battery,string,,Batteries,Patareid,
event_category_connectivity,string,,Connectivity,Ühenduvus,
event_category_light,string,,Lights,Tuled,
event_category_switch,string,,Switches,Lülitid,
event_category_lock,string,,Locks,Lukud,
event_category_cover,string,,Covers,Kaaned,
event_category_climate,string,,Climate,Kliima,
event_category_presence,string,,People,Inimesed,
event_category_alarm,string,,Alarm,Alarm,
event_category_media,string,,Media,Meedia,
event_category_vacuum,string,,Vacuum,Vaakum,
event_category_automation,string,,Automations,Automatiseerimised,
event_category_sensor,string,,Sensors,Andurid,
event_verb_opened,string,,was opened,avati,
event_verb_closed,string,,was closed,oli suletud,
event_verb_opening,string,,is opening,on avamisel,
event_verb_closing,string,,is closing,on sulgumas,
event_verb_locked,string,,was locked,oli lukus,
event_verb_unlocked,string,,was unlocked,oli lukustamata,
event_verb_motion_detected,string,,detected motion,tuvastatud liikumist,
event_verb_motion_cleared,string,,stopped detecting motion,lõpetas liikumise tuvastamise,
event_verb_moisture_detected,string,,detected moisture,tuvastatud niiskus,
event_verb_moisture_cleared,string,,is dry again,on jälle kuiv,
event_verb_alarm_detected,string,,raised an alarm,tõstis häirekella,
event_verb_alarm_cleared,string,,cleared,kustutatud,
event_verb_problem_detected,string,,reported a problem,teatas probleemist,
event_verb_problem_cleared,string,,is back to normal,on tagasi normaalseks,
event_verb_battery_low,string,,reported a low battery,teatas aku tühjenemisest,
event_verb_battery_normal,string,,has a healthy battery again,aku on jälle terve,
event_verb_connected,string,,came online,tuli võrku,
event_verb_disconnected,string,,went offline,läks võrguühenduseta,
event_verb_turned_on,string,,was turned on,oli sisse lülitatud,
event_verb_turned_off,string,,was turned off,oli välja lülitatud,
event_verb_detected,string,,was triggered,käivitati,
event_verb_cleared,string,,cleared,kustutatud,
event_verb_arrived_home,string,,arrived home,saabus koju,
event_verb_left_home,string,,left home,lahkus kodust,
event_verb_arrived_at,string,,arrived at %1$s,saabus %1$s,keep %1$s
event_verb_disarmed,string,,was disarmed,oli desarmeeritud,
event_verb_armed,string,,was armed,oli relvastatud,
event_verb_arming,string,,is arming,on relvastamine,
event_verb_pending,string,,is counting down,loeb maha,
event_verb_triggered,string,,was triggered,käivitati,
event_verb_set_to,string,,was set to %1$s,määrati väärtusele %1$s,keep %1$s
event_verb_started_cleaning,string,,started cleaning,hakkas koristama,
event_verb_returning_to_dock,string,,is returning to its dock,naaseb oma dokki,
event_verb_docked,string,,docked,dokitud,
event_verb_started_playing,string,,started playing,hakkas mängima,
event_verb_paused,string,,was paused,oli peatatud,
event_verb_stopped,string,,stopped,peatunud,
event_verb_generic,string,,changed to %1$s,muudetud väärtuseks %1$s,keep %1$s
ui_0f_s_788ca6f,string,,%.0f %s,%.0f %s,keep %.0f %s
ui_1_advanced_shorthand_block_kept_unchanged_d4dcbd7,string,,1 advanced shorthand block (kept unchanged),1 täiustatud kiirkirjaplokk (jäi muutmata),
ui_1f_16b5d7d,string,,%.1f,%.1f,keep %.1f
ui_1f_b07a377,string,,%.1f°,%.1f°,keep %.1f
ui_1f_c_5b83308,string,,%.1f °C,%.1f °C,keep %.1f
ui_1f_kwh_507c039,string,,%.1f kWh,%.1f kWh,keep %.1f
ui_1f_kwh_self_used_b4798a5,string,, · %%.1f kWh self-used (%1$s%%%%),· %%.1f kWh isekasutatud (%1$s%%%%),keep %1$s; keep the space at the start/end
ui_1f_of_1f_kwh_d_00c25f6,string,,%.1f of %.1f kWh · %d%%,%.1f/%.1f kWh · %d%%,keep %.1f %d
ui_1f_s_0cafc63,string,,%.1f %s,%.1f %s,keep %.1f %s
ui_24_hour_format_b195a8f,string,,24-Hour Format,24-tunnine formaat,
ui_2f_kwh_76c1688,string,,%.2f kWh,%.2f kWh,keep %.2f
ui_a_fast_auto_generating_dashboard_for_home_assistant_let_0fad4a9,string,,"A fast, auto-generating dashboard for Home Assistant\nLet's connect to your server.","Kiire, automaatselt genereeritav armatuurlaud Home Assistant jaoks\nLoome ühenduse teie serveriga.",don't translate Home Assistant; \n = line break
ui_a_modern_touch_first_android_dashboard_and_companion_for_814cbdb,string,,"A modern, touch-first Android dashboard and companion for Home Assistant.",Moodne puutetundlik Androidi armatuurlaud ja kaaslane seadmele Home Assistant.,don't translate Home Assistant
ui_about_6b21fb7,string,,About,Umbes,
ui_accidental_touch_protection_e2683f4,string,,Accidental-touch protection,Juhusliku puudutuse kaitse,
ui_account_85dfa32,string,,Account,konto,
ui_action_49924bc,string,,%1$s action,%1$s toimingut,keep %1$s
ui_action_97c89a4,string,,Action,Tegevus,
ui_action_data_e5a7704,string,,Action data,Toimingu andmed,
ui_action_data_object_8850c05,string,,Action data object,Toimingu andmeobjekt,
ui_action_details_d623b1c,string,,Action details,Toimingu üksikasjad,
ui_active_0af2854,string,,%1$s · %2$s active,%1$s · %2$s aktiivne,keep %1$s %2$s
ui_active_25ff32f,string,,%1$s/%2$s active,%1$s/%2$s aktiivne,keep %1$s %2$s
ui_active_a733b80,string,,Active,Aktiivne,
ui_active_c7260b5,string,,%1$s%% • ACTIVE,%1$s%% • AKTIIVNE,keep %1$s
ui_active_connection_54db7a1,string,,Active connection,Aktiivne ühendus,
ui_activity_81c0d91,string,,Activity,Tegevus,
ui_activity_indication_and_collapsing_0764a94,string,,Activity indication and collapsing,Tegevuse näit ja kokkuvarisemine,
ui_adapt_now_c30eb08,string,,Adapt now,Kohandage kohe,
ui_adaptive_lighting_7587880,string,,Adaptive lighting,Adaptiivne valgustus,
ui_adaptive_lighting_e2cffbd,string,,Adaptive Lighting,Kohanduv valgustus,
ui_adaptive_lighting_is_unavailable_6b9ada3,string,,Adaptive Lighting is unavailable,Kohanduv valgustus pole saadaval,
ui_add_016df71,string,,Add (%1$s),Lisa (%1$s),keep %1$s
ui_add_4_10_entity_buttons_to_this_dialog_s_cdedf23,string,,Add 4–10 entity buttons to this dialog's nav bar.,Lisage selle dialoogi navigeerimisribale 4–10 olemi nuppu.,
ui_add_61cc55a,string,,Add,Lisa,
ui_add_and_edit_each_chart_in_this_stack_0c0cb11,string,,Add and edit each chart in this stack,Lisage ja redigeerige iga diagrammi selles virnas,
ui_add_at_least_one_step_3620909,string,,Add at least one step,Lisage vähemalt üks samm,
ui_add_button_3d7db43,string,,Add button,Lisa nupp,
ui_add_camera_cf03528,string,,Add Camera,Lisa kaamera,
ui_add_carrier_device_7945283,string,,Add carrier device,Lisage operaatori seade,
ui_add_current_network_64cabf3,string,,"Add current network ""%1$s""","Lisa praegune võrk ""%1$s""",keep %1$s
ui_add_custom_buttons_83a0768,string,,Add Custom Buttons,Lisa kohandatud nupud,
ui_add_custom_camera_url_aab29ef,string,,Add Custom Camera URL,Lisa kohandatud kaamera URL,
ui_add_entities_333152e,string,,Add entities,Olemite lisamine,
ui_add_entity_f99dc1d,string,,Add entity,Lisa üksus,
ui_add_every_integration_account_that_should_contribute_parce_ce58afb,string,,Add every integration account that should contribute parcels,"Lisage kõik integreerimiskontod, mis peaksid pakke edastama",
ui_add_floor_63c715d,string,,Add Floor,Lisa põrand,
ui_add_graph_079e4ca,string,,Add graph,Lisage graafik,
ui_add_home_assistant_a6ccea8,string,,Add Home Assistant,Lisa Home Assistant,don't translate Home Assistant
ui_add_home_assistant_instance_625838a,string,,Add Home Assistant instance,Lisage Home Assistant eksemplar,don't translate Home Assistant
ui_add_individual_water_meters_to_compare_their_usage_daec0de,string,,Add individual water meters to compare their usage.,Nende kasutamise võrdlemiseks lisage individuaalsed veearvestid.,
ui_add_instance_step_df337b3,string,,add_instance_step,add_instance_step,
ui_add_more_for_a_full_row_ed977e3,string,,Add %1$s more for a full row.,Lisage terve rea jaoks veel %1$s.,keep %1$s
ui_add_one_focused_card_c2f2ed8,string,,Add one focused card,Lisage üks fokuseeritud kaart,
ui_add_or_edit_entities_b59919b,string,,Add or edit entities,Olemite lisamine või muutmine,
ui_add_parcel_82c0bf8,string,,Add parcel,Lisa pakk,
ui_add_parcel_bde8afb,string,,Add Parcel,Lisa pakk,
ui_add_room_5a95991,string,,Add Room,Lisa tuba,
ui_add_sensors_d6df16f,string,,Add sensors,Lisa andurid,
ui_add_to_cd52e85,string,,Add to %1$s,Lisa %1$s,keep %1$s
ui_add_widget_a9df350,string,,Add Widget,Lisa vidin,
ui_add_widget_dd4416e,string,,Add widget,Lisa vidin,
ui_adding_ffb2e62,string,,Adding…,Lisamine…,
ui_admin_b38222e,string,,%1$s (admin),%1$s (administraator),keep %1$s
ui_administrative_controls_for_your_home_assistant_server_e56ebd9,string,,Administrative controls for your Home Assistant server,Administratiivsed juhtelemendid teie Home Assistant serveri jaoks,don't translate Home Assistant
ui_advanced_4d06472,string,,Advanced,Täpsemalt,
ui_advanced_action_data_json_622e363,string,,Advanced action data (JSON),Täpsemad toiminguandmed (JSON),
ui_advanced_shorthand_blocks_kept_unchanged_aa253ae,string,,%1$s advanced shorthand blocks (kept unchanged),%1$s täpsemad kiirkirjaplokid (jäi muutmata),keep %1$s
ui_aesthetic_changes_only_f31f444,string,,Aesthetic changes only,Ainult esteetilised muutused,
ui_aggregate_carriers_eae26c7,string,,Aggregate carriers,Täitekandjad,
ui_agree_ee68d34,string,,Agree,Nõus,
ui_air_circulating_273e82b,string,,Air circulating,Õhk ringlemas,
ui_air_circulation_devices_a14e95d,string,,Air circulation devices,Õhuringlusseadmed,
ui_air_cleaning_devices_4364277,string,,Air cleaning devices,Õhupuhastusseadmed,
ui_air_purifiers_476147b,string,,Air purifiers,Õhupuhastid,
ui_air_purifiers_are_fan_entities_in_home_assistant_so_3fa4fdb,string,,"Air purifiers are fan entities in Home Assistant, so they can't be auto-detected. Select yours here.","Õhupuhastid on Home Assistant ventilaatoriüksused, seega ei saa neid automaatselt tuvastada. Valige siit oma.",don't translate Home Assistant
ui_airphase_1f2d2b6,string,,airPhase,airPhase,
ui_alarm_25f8c55,string,,Alarm,Alarm,
ui_alarm_entities_b462ba5,string,,Alarm entities,Häireüksused,
ui_alarm_pending_e2c04aa,string,,Alarm pending,Alarm ootel,
ui_alarm_triggered_641ff6f,string,,Alarm triggered,Alarm käivitatud,
ui_alarm_unavailable_867909b,string,,Alarm unavailable,Alarm pole saadaval,
ui_alignment_7f8c517,string,,Alignment,Joondamine,
ui_all_6a72085,string,,All,Kõik,
ui_all_batteries_ok_9676f73,string,,All batteries OK,Kõik patareid korras,
ui_all_calendar_entities_bffb01d,string,,All calendar entities,Kõik kalendriüksused,
ui_all_levels_6b4fde3,string,,All levels,Kõik tasemed,
ui_all_off_97b7833,string,,All off,Kõik välja,
ui_all_thermostats_59c8297,string,,All thermostats,Kõik termostaadid,
ui_all_types_30c8a0f,string,,All types,Kõik tüübid,
ui_allow_all_the_time_d91ab85,string,,Allow All The Time,Luba kogu aeg,
ui_allow_editing_24f2b54,string,,Allow editing,Luba redigeerimine,
ui_allow_theme_colors_icons_names_and_wallpaper_but_not_efc8a97,string,,"Allow theme, colors, icons, names and wallpaper — but not adding or removing widgets, buttons or rooms","Lubage teemad, värvid, ikoonid, nimed ja taustapilt, kuid ärge lisage ega eemaldage vidinaid, nuppe ega ruume",
ui_always_a91bcce,string,,Always,Alati,
ui_an_admin_can_share_one_dashboard_with_the_whole_5a5434d,string,,"An admin can share one dashboard with the whole family so everyone gets the same layout. To use it, an admin needs to install the HKI 7 Cloud component and share a dashboard first.","Administraator saab jagada üht armatuurlauda kogu perega, et kõik saaksid ühesuguse paigutuse. Selle kasutamiseks peab administraator installima komponendi HKI 7 Cloud ja jagama esmalt armatuurlauda.",don't translate HKI 7 Cloud
ui_an_admin_needs_to_install_the_hki_7_cloud_0e9241b,string,,An admin needs to install the HKI 7 Cloud component and share a dashboard first.,Administraator peab esmalt installima komponendi HKI 7 Cloud ja jagama armatuurlauda.,don't translate HKI 7 Cloud
ui_android_location_permission_2ff3839,string,,Android Location Permission,Androidi asukoha luba,
ui_animated_icons_aa39cfe,string,,Animated icons,Animeeritud ikoonid,
ui_animation_62afd21,string,,Animation,Animatsioon,
ui_announced_letter_3a7ac05,string,,Announced letter,Teatatud kiri,
ui_any_state_c7274cb,string,,Any state,Ükskõik milline osariik,
ui_appearance_41def7a,string,,Appearance,Välimus,
ui_applies_to_all_dashboard_buttons_widgets_stacks_rooms_and_9715deb,string,,"Applies to all dashboard buttons, widgets, stacks, rooms, and cards.","Kehtib kõigi armatuurlaua nuppude, vidinate, virnade, ruumide ja kaartide kohta.",
ui_apply_cfea419,string,,Apply,Rakenda,
ui_archived_eddc813,string,,Archived,Arhiveeritud,
ui_are_you_sure_you_want_to_clear_battery_config_3e19f24,string,,Are you sure you want to clear battery config?,Kas soovite kindlasti aku konfiguratsiooni tühjendada?,
ui_armed_32caa31,string,,Armed,Relvastatud,
ui_armed_away_6834abf,string,,Armed away,Relvastatud ära,
ui_armed_home_c8d0b44,string,,Armed home,Relvastatud kodu,
ui_armed_night_80659bd,string,,Armed night,Relvastatud öö,
ui_arming_in_seconds_b9e07a8,string,,Arming in %1$s seconds,Valvestamine %1$s sekundiga,keep %1$s
ui_aspect_ratio_4e077cf,string,,Aspect ratio,Kuvasuhe,
ui_aspect_ratio_used_by_every_stream_275bb52,string,,Aspect ratio used by every stream,Iga voo kuvasuhe,
ui_astronomical_tap_or_swipe_683fe28,string,,Astronomical · tap or swipe,Astronoomiline · puudutage või pühkige,
ui_at_target_6a8dbb5,string,,At target,Sihtmärgil,
ui_auto_c614ba7,string,,Auto,Automaatne,
ui_auto_dashboard_c7a509a,string,,Auto dashboard,Automaatne armatuurlaud,
ui_auto_discovered_e0643da,string,,Auto-discovered,Automaatselt avastatud,
ui_auto_generate_0f86c24,string,,Auto Generate,Automaatne genereerimine,
ui_auto_generate_1502534,string,,Auto generate,Automaatne genereerimine,
ui_auto_generation_is_a_one_time_starting_point_the_6b317fe,string,,"Auto generation is a one-time starting point. The Home page starts empty in either mode, and you can re-import Home Assistant data later from individual views.",Automaatne genereerimine on ühekordne lähtepunkt. Avaleht algab mõlemas režiimis tühjalt ja saate Home Assistant andmeid hiljem üksikutest vaadetest uuesti importida.,don't translate Home Assistant
ui_auto_manual_342b68e,string,,Auto + %1$s manual,Auto + %1$s manuaal,keep %1$s
ui_auto_none_f606e9b,string,,Auto / none,Automaatne / mitte ühtegi,
ui_auto_scan_150eb4b,string,,Auto-scan,Automaatne skannimine,
ui_auto_unavailable_33737ba,string,,Auto / unavailable,Automaatne / pole saadaval,
ui_automatic_cloud_backup_494d882,string,,Automatic cloud backup,Automaatne pilve varundamine,
ui_automatic_configuration_only_battery_class_percentage_sens_ce9ab03,string,,Automatic configuration: only battery-class percentage sensors are included.,Automaatne konfiguratsioon: kaasas on ainult akuklassi protsendiandurid.,
ui_automatic_local_cloud_backup_7aef407,string,,Automatic local cloud backup,Automaatne kohaliku pilve varundamine,
ui_automatic_paging_and_transition_style_792709a,string,,Automatic paging and transition style,Automaatne lehitsemine ja ülemineku stiil,
ui_automatically_backs_up_your_dashboard_and_appearance_setti_cd89812,string,,"Automatically backs up your dashboard and appearance settings to your own Home Assistant every day, so you can restore them any time. Requires the HKI 7 Cloud custom component (install it via HACS).","Varundab teie juhtpaneeli ja välimuse seaded automaatselt iga päev teie enda Home Assistant-sse, et saaksite need igal ajal taastada. Nõuab kohandatud komponenti HKI 7 Cloud (installige see HACS-i kaudu).","don't translate HKI 7 Cloud, Home Assistant"
ui_automation_a15fde5,string,,Automation,Automatiseerimine,
ui_automations_even_when_the_app_is_closed_or_not_d27e5b1,string,,"automations, even when the app is closed or not in use.\n\n","automaatika, isegi kui rakendus on suletud või seda ei kasutata.",\n = line break
ui_autoplay_95619b5,string,,Autoplay,Automaatne esitus,
ui_average_93a8018,string,,average,keskmine,
ui_azimuth_d2fbdb3,string,,Azimuth,Asimuut,
ui_back_b52b36b,string,,Back,Tagasi,
ui_back_up_now_527bf1a,string,,Back up now,Tagasi nüüd,
ui_background_image_url_or_path_dfc4908,string,,Background image (URL or path),Taustapilt (URL või tee),
ui_background_location_5f56f21,string,,Background location,Tausta asukoht,
ui_background_notifications_563a463,string,,Background notifications,Taustamärguanded,
ui_background_usage_fd8ed73,string,,Background Usage,Taustakasutus,
ui_backing_up_f600558,string,,Backing up…,Varundamine…,
ui_backspace_88d130a,string,,Backspace,Tagasilükkeklahv,
ui_backup_and_restore_a593246,string,,Backup and Restore,Varundamine ja taastamine,
ui_backup_dd96994,string,,Backup,Varundamine,
ui_backups_contain_dashboard_and_appearance_configuration_onl_d5856be,string,,"Backups contain dashboard and appearance configuration only. Connection details, app permissions, location state, and notification history are not included.","Varukoopiad sisaldavad ainult armatuurlaua ja välimuse konfiguratsiooni. Ühenduse üksikasju, rakenduse õigusi, asukoha olekut ja teavitusajalugu ei kaasata.",
ui_badge_bar_layout_4b4dfdd,string,,Badge bar layout,Märgiriba paigutus,
ui_bars_ad5fb3b,string,,Bars,Baarid,
ui_batt_679d0aa,string,,Batt,Batt,
ui_batteries_0970f9d,string,,Batteries,Patareid,
ui_battery_4a9be04,string,,Battery,Aku,
ui_battery_74dff99,string,,Battery: %1$s,Aku: %1$s,keep %1$s
ui_battery_attention_0feaa08,string,,battery-attention,aku-tähelepanu,
ui_battery_battery_notes_only_14e5936,string,,Battery+ / Battery Notes only,Battery+ / Battery Märkused ainult,
ui_battery_energy_25638f8,string,,battery-energy,aku energia,
ui_battery_entities_visible_9299588,string,,%1$s battery entities visible,%1$s aku olemid on nähtavad,keep %1$s
ui_battery_fill_8b6793e,string,,battery-fill,aku täitmine,
ui_battery_health_12c0ce4,string,,BATTERY HEALTH,AKU TERVIS,
ui_battery_health_8cc8e64,string,,BATTERY+ HEALTH,AKU+ TERVIS,
ui_battery_level_is_healthy_1de4c4f,string,,Battery level is healthy,Aku tase on terve,
ui_battery_levels_7c61b65,string,,Battery Levels,Aku tasemed,
ui_battery_optimization_7676ca5,string,,Battery Optimization,Aku optimeerimine,
ui_battery_orbit_9aa5d8c,string,,battery-orbit,aku-orbiit,
ui_battery_rules_be75b3c,string,,Battery rules,Aku reeglid,
ui_battery_sensor_optional_0e261e6,string,,Battery sensor (optional),Akuandur (valikuline),
ui_behavior_70cb647,string,,Behavior,Käitumine,
ui_birthday_yyyy_mm_dd_d1a9b03,string,,Birthday (YYYY-MM-DD),Sünnipäev (AAAA-KK-PP),
ui_bold_100_1b94255,string,,Bold (+100),Paks (+100),
ui_bolder_200_9cc5d65,string,,Bolder (+200),Julgem (+200),
ui_boldest_300_c5a490d,string,,Boldest (+300),Julgeim (+300),
ui_boldness_10b6938,string,,Boldness · %1$s,Julgus · %1$s,keep %1$s
ui_brand_and_third_party_work_8d6d517,string,,Brand and third-party work,Brändi ja kolmanda osapoole töö,
ui_brightness_222d6d5,string,,%1$s brightness,%1$s heledus,keep %1$s
ui_brightness_8e06ad0,string,,BRIGHTNESS,HELEDUS,
ui_brightness_slider_a427c80,string,,Brightness slider,Heleduse liugur,
ui_build_the_interface_entirely_your_way_e94582f,string,,Build the interface entirely your way.,Ehitage liides täielikult omal moel.,
ui_building_your_dashboard_2943961,string,,Building your dashboard,Armatuurlaua loomine,
ui_built_in_20f409c,string,,Built-in,Sisseehitatud,
ui_button_794145f,string,,Button,Nupp,
ui_button_image_2483e32,string,,Button image,Nupu pilt,
ui_button_lock_28d87b1,string,,Button lock,Nupu lukk,
ui_button_stack_ee9e7f8,string,,Button Stack,Nuppude virn,
ui_button_type_890a578,string,,Button type,Nupu tüüp,
ui_buttons_available_from_this_person_s_detail_dialog_ab3f9f9,string,,Buttons available from this person's detail dialog,Nupud on saadaval selle inimese üksikasjade dialoogis,
ui_c_286a95c,string,,%1$s %2$s°C,%1$s %2$s°C,keep %1$s %2$s
ui_c_3d3c16f,string,,%1$s - %2$s°C,%1$s – %2$s°C,keep %1$s %2$s
ui_c_a178665,string,,°C,°C,
ui_calendar_content_1f185c8,string,,Calendar content,Kalendri sisu,
ui_calendars_9444501,string,,Calendars,Kalendrid,
ui_camera_4da9c9a,string,,Camera,Kaamera,
ui_camera_aspect_ratio_928bf09,string,,Camera aspect ratio,Kaamera kuvasuhe,
ui_camera_display_20a9c82,string,,Camera display,Kaamera ekraan,
ui_camera_feed_cc1f19e,string,,Camera Feed,Kaamera sööt,
ui_camera_page_6b1987b,string,,camera_page,kaamera_leht,
ui_camera_stack_645ea0f,string,,Camera Stack,Kaamera virn,
ui_camera_url_0eebe87,string,,Camera URL,Kaamera URL,
ui_cameras_d3daff3,string,,Cameras,Kaamerad,
ui_camerascan_00bd2cb,string,,cameraScan,cameraScan,
ui_can_t_reach_the_server_73079bd,string,,Can't reach the server,Serveriga ei saa ühendust,
ui_cancel_77dfd21,string,,Cancel,Tühista,
ui_cancel_arming_5d383c8,string,,Cancel arming,Tühista valvestamine,
ui_card_4d4ce73,string,,Card,Kaart,
ui_card_data_4a42176,string,,Card & data,Kaart ja andmed,
ui_card_entities_e548a55,string,,Card & entities,Kaart ja üksused,
ui_card_layout_f83b655,string,,Card layout,Kaardi paigutus,
ui_card_settings_1a3b62a,string,,Card settings,Kaardi seaded,
ui_card_shape_and_width_0d513f7,string,,Card shape and width,Kaardi kuju ja laius,
ui_card_shape_width_and_background_e4aff1c,string,,"Card shape, width, and background","Kaardi kuju, laius ja taust",
ui_card_size_shape_and_background_df75707,string,,"Card size, shape, and background","Kaardi suurus, kuju ja taust",
ui_card_width_icon_and_styling_de70fd8,string,,"Card width, icon, and styling","Kaardi laius, ikoon ja stiil",
ui_card_width_shape_icon_and_background_c3695b5,string,,"Card width, shape, icon, and background","Kaardi laius, kuju, ikoon ja taust",
ui_cards_0f830bc,string,,Cards,Kaardid,
ui_cards_data_a33e044,string,,Cards & data,Kaardid ja andmed,
ui_cards_entities_be4393a,string,,Cards & entities,Kaardid ja üksused,
ui_carrier_accounts_20ad36c,string,,Carrier accounts,Operaatori kontod,
ui_carrier_devices_9927ae1,string,,Carrier devices,Kandeseadmed,
ui_carrier_display_name_optional_5ca06fc,string,,Carrier display name (optional),Operaatori kuvatav nimi (valikuline),
ui_center_adapt_now_and_pause_buttons_81074b2,string,,Center Adapt now and Pause buttons,Keskel asuvad nupud Kohanda kohe ja Paus,
ui_change_64fbd99,string,,Change,Muuda,
ui_change_avatar_image_217fbce,string,,Change avatar image,Muutke avatari pilti,
ui_changing_mode_3da68b4,string,,Changing mode,Režiimi muutmine,
ui_charge_flow_ceb6c62,string,,Charge & flow,Laadimine ja voog,
ui_chart_66c7734,string,,Chart,Diagramm,
ui_checking_for_shared_dashboards_5f2f823,string,,Checking for shared dashboards…,Jagatud armatuurlaudade otsimine…,
ui_checking_for_the_hki_7_cloud_component_c76112a,string,,Checking for the HKI 7 Cloud component…,Komponendi HKI 7 Cloud otsimine…,don't translate HKI 7 Cloud
ui_choose_78b7c9f,string,,Choose,Vali,
ui_choose_a_different_server_47e6ce6,string,,Choose a different server,Valige mõni muu server,
ui_choose_a_side_when_the_badge_bar_is_split_6e3c73d,string,,Choose a side when the badge bar is split,"Valige pool, kui märgiriba on poolitatud",
ui_choose_a_state_7ab7191,string,,Choose a state,Valige osariik,
ui_choose_a_visual_home_assistant_block_e7c8652,string,,Choose a visual Home Assistant block,Valige visuaalne Home Assistant plokk,don't translate Home Assistant
ui_choose_action_cf9c80e,string,,Choose action,Valige tegevus,
ui_choose_an_action_e82323b,string,,Choose an action,Valige toiming,
ui_choose_an_entity_00fd1cc,string,,Choose an entity,Valige üksus,
ui_choose_an_entity_first_d59e681,string,,Choose an entity first,Valige esmalt üksus,
ui_choose_an_expanded_or_compact_dashboard_header_815902d,string,,Choose an expanded or compact dashboard header,Valige laiendatud või kompaktne armatuurlaua päis,
ui_choose_avatar_image_bcd5b00,string,,Choose avatar image,Valige avatari pilt,
ui_choose_between_the_full_header_and_a_compact_navigation_90ec55e,string,,Choose between the full header and a compact navigation bar,Valige täieliku päise ja kompaktse navigeerimisriba vahel,
ui_choose_entity_31b0424,string,,Choose entity,Valige üksus,
ui_choose_how_this_phone_or_tablet_appears_in_home_419da67,string,,Choose how this phone or tablet appears in Home Assistant,"Valige, kuidas see telefon või tahvelarvuti kuvatakse rakenduses Home Assistant",don't translate Home Assistant
ui_choose_icon_b0047ce,string,,Choose icon,Valige ikoon,
ui_choose_included_cards_and_shared_entity_overrides_a507343,string,,Choose included cards and shared entity overrides,Valige kaasatud kaardid ja jagatud olemi alistamised,
ui_choose_included_views_and_shared_entity_overrides_41f2e64,string,,Choose included views and shared entity overrides,Valige kaasatud vaated ja jagatud olemi alistamised,
ui_choose_one_or_more_carrier_devices_in_widget_settings_100a4ca,string,,Choose one or more carrier devices in widget settings.,Valige vidina seadetes üks või mitu operaatoriseadet.,
ui_choose_person_entity_977db64,string,,Choose person entity,Valige isiku olem,
ui_choose_the_climate_view_and_optional_entity_overrides_a69cbbc,string,,Choose the climate view and optional entity overrides,Valige kliimavaade ja valikulised olemi alistamised,
ui_choose_the_energy_view_and_override_its_entities_if_523c3be,string,,Choose the energy view and override its entities if needed,Valige energiavaade ja alistage vajaduse korral selle olemid,
ui_choose_the_entity_and_card_content_8bde89a,string,,Choose the entity and card content,Valige olem ja kaardi sisu,
ui_choose_the_home_assistant_entities_that_drive_this_room_53a4061,string,,Choose the Home Assistant entities that drive this room's live indicators. Indicators only appear while they are active.,"Valige Home Assistant olemid, mis juhivad selle ruumi reaalajas indikaatoreid. Indikaatorid ilmuvad ainult siis, kui need on aktiivsed.",don't translate Home Assistant
ui_choose_the_home_assistant_shown_in_hki_7_b29bc26,string,,Choose the Home Assistant shown in HKI 7,"Valige Home Assistant, mis on näidatud HKI 7","don't translate Home Assistant, HKI 7"
ui_choose_the_player_and_dashboard_label_7fa88ba,string,,Choose the player and dashboard label,Valige pleieri ja armatuurlaua silt,
ui_choose_the_profile_for_this_light_d8c7bae,string,,Choose the profile for this light,Valige selle valgusti jaoks profiil,
ui_choose_the_sensors_plotted_together_3bc1663,string,,Choose the sensors plotted together,Valige koos joonistatud andurid,
ui_choose_the_source_and_when_a_battery_is_considered_0b993df,string,,Choose the source and when a battery is considered low,"Valige allikas ja aeg, millal aku on tühi",
ui_choose_what_tap_double_tap_and_hold_should_do_0bbe9c8,string,,"Choose what tap, double tap, and hold should do","Valige, mida puudutage, topeltpuudutage ja hoidke all",
ui_choose_what_this_action_should_control_7ebe4ab,string,,Choose what this action should control,"Valige, mida see toiming peaks kontrollima",
ui_choose_what_this_badge_summarizes_a7af7e6,string,,Choose what this badge summarizes,"Valige, mida see märk kokku võtab",
ui_choose_what_this_header_pill_shows_0bbdbc2,string,,Choose what this header pill shows,"Valige, mida see päisepilt näitab",
ui_choose_where_to_restore_the_dashboard_configuration_from_bb40b34,string,,Choose where to restore the dashboard configuration from.,"Valige, kust armatuurlaua konfiguratsioon taastada.",
ui_choose_whether_this_person_appears_in_the_home_header_49f0ec2,string,,Choose whether this person appears in the Home header,"Valige, kas see inimene kuvatakse avalehe päises",
ui_choose_which_profiles_this_widget_can_control_2cd9b2b,string,,Choose which profiles this widget can control,"Valige, milliseid profiile see vidin juhtida saab",
ui_choose_who_can_see_this_dashboard_they_can_import_2f5e49d,string,,Choose who can see this dashboard. They can import it into their own app.,"Valige, kes seda juhtpaneeli näevad. Nad saavad selle oma rakendusse importida.",
ui_choose_your_dashboard_1ec85e9,string,,Choose your dashboard,Valige oma armatuurlaud,
ui_clean_rooms_4dc67ab,string,,Clean rooms,Puhtad ruumid,
ui_clean_selected_43d8dd5,string,,Clean selected,Puhastus valitud,
ui_clear_719ea39,string,,Clear,Selge,
ui_clear_battery_config_d8854f7,string,,Clear battery config?,Kas kustutada aku konfiguratsioon?,
ui_clear_battery_view_1952347,string,,Clear battery view?,Kas kustutada akuvaade?,
ui_clear_battery_view_5ef09bf,string,,Clear Battery View,Tühjendage akuvaade,
ui_clear_climate_view_48e8a5e,string,,Clear Climate View,Selge kliimavaade,
ui_clear_climate_view_9a1339c,string,,Clear climate view?,Selge kliimavaade?,
ui_clear_config_51f6330,string,,Clear config,Tühjenda konfiguratsioon,
ui_clear_energy_view_401c166,string,,Clear Energy View,Selge energiavaade,
ui_clear_energy_view_d577bb7,string,,Clear energy view?,Selge energiavaade?,
ui_clear_filters_4122267,string,,Clear filters,Selge filtrid,
ui_clear_rooms_view_87a43ca,string,,Clear Rooms View,Selge vaade tubadele,
ui_clear_rooms_view_f1d0d72,string,,Clear rooms view?,Kas tubadest on selge vaade?,
ui_clear_search_67300d0,string,,Clear search,Tühjenda otsing,
ui_clear_security_view_219e25b,string,,Clear Security View,Tühjendage turvavaade,
ui_clear_security_view_48790f7,string,,Clear security view?,Kas kustutada turvavaade?,
ui_clear_selection_247fd63,string,,Clear selection,Tühjenda valik,
ui_climate_4857860,string,,Climate,Kliima,
ui_climate_cards_f4996fd,string,,Climate Cards,Kliimakaardid,
ui_climate_devices_are_found_automatically_add_extra_entities_5ebd8b7,string,,Climate devices are found automatically; add extra entities here if any are missing.,"Kliimaseadmed leitakse automaatselt; lisage siia täiendavad olemid, kui mõni neist puudub.",
ui_climate_dialog_control_add9f2b,string,,Climate dialog control,Kliimadialoogi juhtimine,
ui_climate_sources_take_priority_and_use_their_current_temper_5dbcde3,string,,Climate sources take priority and use their current_temperature and current_humidity values. ,Kliimaallikad on prioriteetsed ja kasutavad oma praeguse_temperatuuri ja praeguse_niiskuse väärtusi.,keep the space at the start/end
ui_climate_stack_cards_dcff178,string,,Climate Stack Cards,Kliima stack kaardid,
ui_climate_summary_4686577,string,,Climate summary,Kliima kokkuvõte,
ui_climatedooropen_026f1c8,string,,climateDoorOpen,kliimaUksAva,
ui_climatehouse_9c0637a,string,,climateHouse,kliimaMaja,
ui_climatewindowopen_9b0794a,string,,climateWindowOpen,kliimaWindowOpen,
ui_close_bbfa773,string,,Close,Sule,
ui_cloud_backup_is_off_71dfae1,string,,Cloud backup is off,Pilvevarundamine on välja lülitatud,
ui_collapsed_by_default_65a57c6,string,,Collapsed by default,Vaikimisi ahendatud,
ui_collapsible_c932fac,string,,Collapsible,Kokkupandav,
ui_collection_30c54a9,string,,Collection,Kollektsioon,
ui_color_1d0c830,string,,Color,Värv,
ui_color_typography_and_component_shape_b82e582,string,,"Color, typography, and component shape","Värv, tüpograafia ja komponendi kuju",
ui_colors_and_light_dark_mode_37de9d5,string,,Colors and light/dark mode,Värvid ja hele/tume režiim,
ui_columns_cf723c5,string,,Columns,Veerud,
ui_combine_multiple_accounts_from_the_same_carrier_into_one_0006a49,string,,Combine multiple accounts from the same carrier into one tab and parcel list.,Ühendage sama vedaja mitu kontot üheks vahekaardile ja pakiloendisse.,
ui_comfortpulse_100b63b,string,,comfortPulse,comfortPulse,
ui_community_source_716abd9,string,,Community source,Ühenduse allikas,
ui_compact_1df39aa,string,,Compact,Kompaktne,
ui_compact_header_50275e8,string,,Compact header,Kompaktne päis,
ui_compact_mode_hides_the_left_header_pill_persons_subtitle_da84968,string,,"Compact mode hides the left header pill, persons, subtitle/status information, and room counters. Swipe down on the compact bar to open Search, Flows, Edit, and Settings.","Kompaktrežiim peidab vasakpoolse päise, isikud, subtiitrite/olekuteabe ja ruumiloendurid. Pühkige kompaktsel ribal alla, et avada otsingud, vood, redigeerimine ja sätted.",
ui_compact_tile_height_78b57a3,string,,Compact tile height,Kompaktne plaatide kõrgus,
ui_configured_light_65a3aad,string,,%1$s configured light%2$s,%1$s konfigureeritud valgus%2$s,keep %1$s %2$s
ui_confirm_04a2122,string,,Confirm,Kinnita,
ui_connect_b65463c,string,,Connect,Ühendage,
ui_connected_through_home_assistant_cloud_47a54c0,string,,Connected through Home Assistant Cloud,Ühendatud Home Assistant pilve kaudu,don't translate Home Assistant
ui_connected_through_your_external_home_assistant_address_966b0e6,string,,Connected through your external Home Assistant address,Ühendatud teie välise Home Assistant aadressi kaudu,don't translate Home Assistant
ui_connected_through_your_home_network_cdf4e0f,string,,Connected through your home network,Ühendatud läbi teie koduvõrgu,
ui_connecting_fd3e796,string,,Connecting…,Ühendamine…,
ui_connection_6512ee1,string,,Connection,Ühendus,
ui_connection_switched_to_8f04753,string,,Connection switched to %1$s,Ühendus lülitati %1$s,keep %1$s
ui_contacting_your_home_assistant_server_e0a53d1,string,,Contacting your Home Assistant server…,Ühenduse võtmine teie Home Assistant serveriga…,don't translate Home Assistant
ui_content_4f9be05,string,,Content,Sisu,
ui_continue_2e02623,string,,Continue,Jätka,
ui_continuous_gps_for_live_tracking_uses_much_more_battery_fdcd80d,string,,Continuous GPS for live tracking — uses much more battery. Leave off for official-app-like behavior.,Pidev GPS reaalajas jälgimiseks — kasutab palju rohkem akut. Ametliku rakenduse sarnase käitumise jaoks lahkuge.,
ui_control_ea1d3df,string,,Control,Kontrolli,
ui_control_how_accounts_become_tabs_and_lists_f100249,string,,Control how accounts become tabs and lists,"Kontrollige, kuidas kontodest saavad vahekaardid ja loendid",
ui_control_layout_4c3b047,string,,Control layout,Juhtpaigutus,
ui_controls_and_history_sensors_used_by_the_dialog_f71675d,string,,Controls and history sensors used by the dialog,Dialoogis kasutatavad juhtnupud ja ajalooandurid,
ui_controls_light_in_this_profile_cd11089,string,,Controls %1$s light%2$s in this profile.,Juhib sellel profiilil %1$s light%2$s.,keep %1$s %2$s
ui_cooling_5569ac4,string,,Cooling,Jahutus,
ui_copy_af74f7c,string,,Copy,Kopeeri,
ui_copy_dashboard_2ea354e,string,,Copy dashboard,Kopeeri armatuurlaud,
ui_copyright_2026_jimz011_b8f2c24,string,,Copyright © 2026 Jimz011,Autoriõigus © 2026 Jimz011,
ui_corners_f1fb139,string,,Corners,Nurgad,
ui_could_not_add_the_parcel_check_the_number_and_fd157b4,string,,Could not add the parcel. Check the number and try again.,Pakki ei saanud lisada. Kontrollige numbrit ja proovige uuesti.,
ui_couldn_t_reach_a30cc1b,string,,Couldn't reach %1$s,%1$s ei saanud ühendust,keep %1$s
ui_couldn_t_reach_your_home_assistant_server_2a17c09,string,,Couldn't reach your Home Assistant server.,Teie Home Assistant serveriga ei saanud ühendust.,don't translate Home Assistant
ui_countdown_timer_282cb17,string,,Countdown timer,Taimer,
ui_create_6e157c5,string,,Create,Loo,
ui_create_a_flow_11b4415,string,,Create a flow,Loo voog,
ui_create_a_separate_dashboard_auto_generate_imports_once_and_a5f0ef1,string,,Create a separate dashboard. Auto Generate imports once and then becomes editable; Start Empty only keeps persons available.,Looge eraldi armatuurlaud. Impordi automaatne genereerimine üks kord ja muutub seejärel redigeeritavaks; Start Empty hoiab saadaval ainult inimesi.,
ui_create_custom_page_d1f53e7,string,,Create custom page,Loo kohandatud leht,
ui_created_by_jimz011_2026_hki_7_v_20cbca0,string,,Created by Jimz011 - 2026 • HKI 7 v%1$s,Loodud Jimz011 – 2026 • HKI 7 v%1$s,keep %1$s; don't translate HKI 7
ui_created_by_jimz011_with_help_from_ai_assisted_development_47c9a41,string,,"Created by Jimz011 with help from AI-assisted development tools. Product direction, design choices, testing, and responsibility for the released app remain with the project creator.","Jimz011 lõi AI-abiga arendustööriistade abil. Toote suunamine, disainivalikud, testimine ja vastutus välja antud rakenduse eest jäävad projekti loojale.",
ui_created_openly_1cc16d4,string,,Created openly,Loodud avalikult,
ui_creates_a_full_duplicate_of_including_all_rooms_widgets_b96bbb1,string,,"Creates a full duplicate of ""%1$s"", including all rooms, widgets, and page settings. The copy is added to your dashboards without switching to it.","Loob ""%1$s"" täieliku duplikaadi, sealhulgas kõik ruumid, vidinad ja lehe seaded. Koopia lisatakse teie juhtpaneelidele ilma sellele lülitumata.",keep %1$s
ui_critical_04b7b26,string,,Critical,Kriitiline,
ui_critical_low_5852b16,string,,%1$s critical · %2$s low,%1$s kriitiline · %2$s madal,keep %1$s %2$s
ui_critical_replace_soon_dbd946d,string,,Critical — replace soon,Kriitiline – peagi asendada,
ui_current_4fc0e2b,string,,Current,Praegune,
ui_current_88a0a02,string,,%1$s° current,%1$s° vool,keep %1$s
ui_current_charge_b6b0b3d,string,,Current charge,Praegune tasu,
ui_current_e4ef83d,string,,Current %1$s%%,Praegune %1$s%%,keep %1$s
ui_current_weather_0fc6239,string,,Current weather,Praegune ilm,
ui_currently_loaded_69ef6fb,string,,Currently loaded,Hetkel laetud,
ui_custom_081ae3f,string,,Custom,Kohandatud,
ui_custom_buttons_c580449,string,,Custom buttons,Kohandatud nupud,
ui_custom_camera_ada9096,string,,Custom Camera,Kohandatud kaamera,
ui_custom_camera_url_8191b15,string,,Custom camera URL,Kohandatud kaamera URL,
ui_custom_ed17691,string,,Custom %1$s,Kohandatud %1$s,keep %1$s
ui_custom_entities_d6e76ae,string,,Custom entities,Kohandatud olemid,
ui_custom_name_6af17c2,string,,Custom name,Kohandatud nimi,
ui_custom_order_a7a5984,string,,Custom order,Kohandatud tellimus,
ui_custom_seconds_7467e28,string,,Custom seconds,Kohandatud sekundid,
ui_custom_state_378153b,string,,Custom state...,Kohandatud olek...,
ui_custom_url_9c155e9,string,,Custom URL,Kohandatud URL,
ui_customize_device_energy_b754bb5,string,,Customize device energy,Kohandage seadme energiat,
ui_customize_top_consumers_eb249c5,string,,Customize top consumers,Kohandage tipptarbijaid,
ui_customize_water_devices_81ce5f6,string,,Customize water devices,Kohandage veeseadmeid,
ui_d_6388bb3,string,,"%1$s d, %2$s","%1$s d, %2$s",keep %1$s %2$s
ui_daily_backup_is_active_111a631,string,,Daily backup is active,Igapäevane varundamine on aktiivne,
ui_dashboard_d87f47b,string,,Dashboard,Armatuurlaud,
ui_dashboard_header_36d8656,string,,Dashboard header,Armatuurlaua päis,
ui_dashboard_name_466f3af,string,,Dashboard name,Armatuurlaua nimi,
ui_dashboard_width_and_card_shape_3fcad11,string,,Dashboard width and card shape,Armatuurlaua laius ja kaardi kuju,
ui_dashboards_197565b,string,,Dashboards,Armatuurlauad,
ui_dashboards_shared_by_your_family_import_to_add_a_8a6d06e,string,,Dashboards shared by your family. Import to add a copy to your dashboards; import again later to pull updates.,"Teie pere jagatud juhtpaneelid. Import, et lisada koopia oma armatuurlauale; värskenduste tõmbamiseks importige hiljem uuesti.",
ui_dashboards_visual_style_and_everyday_navigation_17f3ac2,string,,"Dashboards, visual style, and everyday navigation","Armatuurlauad, visuaalne stiil ja igapäevane navigeerimine",
ui_data_series_e5977fb,string,,Data series,Andmeseeriad,
ui_data_sources_dadd6ac,string,,Data sources,Andmeallikad,
ui_date_eb9a4bc,string,,Date,Kuupäev,
ui_datetime_f1e5baf,string,,DateTime,KuupäevKell,
ui_day_to_839bf92,string,,%1$s day%2$s to %3$s,%1$s päev%2$s kuni %3$s,keep %1$s %2$s %3$s
ui_decrease_67e19d8,string,,Decrease,Vähendada,
ui_default_808d7dc,string,,Default,Vaikimisi,
ui_default_effect_per_type_a4ce3c4,string,,Default effect per type,Vaikeefekt tüübi kohta,
ui_default_view_343256a,string,,Default view,Vaikevaade,
ui_default_weather_entity_588d455,string,,Default weather entity,Vaikeilma olem,
ui_defrosting_c3b2817,string,,Defrosting,Sulatamine,
ui_delete_0c6013a,string,,"Delete ""%1$s""?","Kas kustutada ""%1$s""?",keep %1$s
ui_delete_137cdc2,string,,Delete %1$s?,Kas kustutada %1$s?,keep %1$s
ui_delete_automation_442d61c,string,,Delete automation?,Kas kustutada automatiseerimine?,
ui_delete_f6fdbe4,string,,Delete,Kustuta,
ui_delete_floor_07c4a91,string,,Delete floor,Kustuta korrus,
ui_delivered_eea956c,string,,Delivered,Tarnitud,
ui_demo_mode_a85b728,string,,Demo mode,Demo režiim,
ui_description_55f8ebc,string,,Description,Kirjeldus,
ui_details_dc3decb,string,,Details,Üksikasjad,
ui_detected_carbon_intensity_9983458,string,,Detected carbon intensity,Tuvastatud süsiniku intensiivsus,
ui_device_8c01559,string,,Device: %1$s,Seade: %1$s,keep %1$s
ui_device_a5a74a6,string,,Device,Seade,
ui_device_details_39c277d,string,,Device details,Seadme üksikasjad,
ui_device_details_eb36018,string,,DEVICE DETAILS,SEADME ANDMED,
ui_device_energy_79de3d8,string,,Device energy,Seadme energia,
ui_device_helpers_6a8b199,string,,Device & helpers,Seade ja abilised,
ui_device_name_79d7a15,string,,Device name,Seadme nimi,
ui_device_tracker_and_geocoded_location_f9e2d34,string,,Device tracker and geocoded location,Seadme jälgija ja geokodeeritud asukoht,
ui_devices_728190e,string,,devices,seadmeid,
ui_devices_df485c8,string,,Devices,Seadmed,
ui_dialog_control_63e18cf,string,,Dialog control,Dialoogi juhtimine,
ui_direction_5a47d4d,string,,Direction —,suund —,
ui_disable_battery_optimization_d3201bf,string,,Disable Battery Optimization,Keela aku optimeerimine,
ui_disarmed_aaa4d9e,string,,Disarmed,Desarmeeritud,
ui_discovered_acbb9e0,string,,Discovered,Avastati,
ui_dismiss_70afe9e,string,,Dismiss,Loobu,
ui_display_574ff9b,string,,Display,Ekraan,
ui_display_linked_entities_and_dialog_layout_e6987f9,string,,"Display, linked entities, and dialog layout","Kuva, lingitud olemid ja dialoogipaigutus",
ui_display_mode_627bc30,string,,Display mode,Kuvamisrežiim,
ui_display_order_5f1293a,string,,Display order,Kuva järjekord,
ui_done_e9b450d,string,,Done,Valmis,
ui_door_locked_4b46012,string,,Door\nLocked,Uks\nLukustatud,\n = line break
ui_door_open_74899a4,string,,Door\nOpen,Uks\nAvatud,\n = line break
ui_door_sensor_turns_lock_card_red_when_open_9bc1372,string,,Door sensor (turns lock card red when open),Ukseandur (muutub avamisel lukukaardi punaseks),
ui_door_sensors_a7bb309,string,,Door sensors,Ukse andurid,
ui_double_tap_a268e89,string,,Double tap,Topeltpuudutage,
ui_drag_horizontally_across_the_full_button_547ea8c,string,,Drag horizontally across the full button,Lohistage horisontaalselt üle täisnupu,
ui_drag_to_reorder_use_the_eye_button_to_hide_cd28b4c,string,,Drag to reorder. Use the eye button to hide an item or schedule when it shows.,"Lohistage ümberjärjestamiseks. Kasutage silmanuppu, et peita üksus või ajakava, kui see kuvatakse.",
ui_drag_to_set_the_order_cameras_appear_on_the_7bcb4f5,string,,Drag to set the order cameras appear on the Security view.,"Lohistage, et määrata kaamerate turvavaates kuvamise järjekord.",
ui_drag_to_set_the_order_the_cards_appear_below_b6a92e4,string,,Drag to set the order the cards appear below the house on the Energy view.,"Lohistage, et määrata järjekord, mille järgi kaardid energiavaates maja all kuvatakse.",
ui_drag_to_set_the_order_thermostats_and_ac_units_62d49e7,string,,Drag to set the order thermostats and AC units appear on the Climate view.,"Lohistage, et määrata termostaatide ja vahelduvvoolu ühikute järjekord, mis kuvatakse kliimavaates.",
ui_drying_7ea61a9,string,,Drying,Kuivatamine,
ui_e_e0184ad,string,,E,E,
ui_each_group_controls_one_part_of_this_page_286a40b,string,,Each group controls one part of this page,Iga rühm juhib selle lehe üht osa,
ui_each_home_keeps_its_own_login_dashboard_notification_conne_c261f94,string,,"Each home keeps its own login, dashboard, notification connection, and location registration","Igal kodul on oma sisselogimine, armatuurlaud, teavitusühendus ja asukoha registreerimine",
ui_edit_5301648,string,,Edit,Muuda,
ui_edit_entities_485ee65,string,,Edit entities,Olemite muutmine,
ui_edit_page_17e45f8,string,,Edit page,Redigeeri lehte,
ui_edit_sensors_6c38d51,string,,Edit sensors,Redigeeri andureid,
ui_effects_8f25a85,string,,Effects,Efektid,
ui_electricity_925cf7f,string,,Electricity,Elekter,
ui_electricity_total_c81c63f,string,,Electricity Total,Elekter kokku,
ui_elevation_a514da1,string,,Elevation,Kõrgus,
ui_empty_3159fe4,string,,Empty,Tühi,
ui_empty_bin_0cbe2d7,string,,Empty bin,Tühi prügikast,
ui_empty_bin_bcf05c4,string,,Empty bin: %1$s,Tühi prügikast: %1$s,keep %1$s
ui_empty_bin_optional_fallback_e40b857,string,,Empty bin (optional fallback),Tühi prügikast (valikuline varu),
ui_empty_iframe_open_its_settings_in_edit_mode_and_c17ba2f,string,,Empty iFrame — open its settings in edit mode and enter a web address.,Tühjenda iFrame — avage selle seaded redigeerimisrežiimis ja sisestage veebiaadress.,
ui_empty_markdown_widget_open_its_settings_in_edit_mode_b65072d,string,,Empty markdown widget — open its settings in edit mode to write content.,Tühjenda märgistuse vidin – sisu kirjutamiseks avage selle seaded redigeerimisrežiimis.,
ui_empty_stack_79d38d5,string,,Empty Stack,Tühi virn,
ui_enable_cloud_backup_32fe82b,string,,Enable cloud backup,Pilvevarunduse lubamine,
ui_enable_home_assistant_backup_bd7cf62,string,,Enable Home Assistant backup,Luba Home Assistant varundamine,don't translate Home Assistant
ui_enable_the_features_hki_7_may_use_in_the_52e596d,string,,Enable the features HKI 7 may use in the background,"Lubage funktsioonid, mida HKI 7 võib taustal kasutada",don't translate HKI 7
ui_enabled_e22fb09,string,,ENABLED,LUBATUD,
ui_end_2a002eb,string,,End: %1$s,Lõpp: %1$s,keep %1$s
ui_energy_437bcb1,string,,Energy,Energia,
ui_energy_cards_c84abda,string,,Energy Cards,Energiakaardid,
ui_energy_counters_imported_from_home_assistant_s_energy_dash_9dd23f9,string,,Energy counters imported from Home Assistant's Energy dashboard.,Energialoendurid imporditud ettevõtte Home Assistant Energy armatuurlaualt.,don't translate Home Assistant
ui_energy_stack_cards_5ac4b4c,string,,Energy Stack Cards,Energy Stack kaardid,
ui_energyscene_374cbbb,string,,energyScene,energiastseen,
ui_enter_a_pin_4e6a960,string,,Enter a PIN,Sisestage PIN-kood,
ui_enter_a_valid_json_object_00d1e89,string,,Enter a valid JSON object,Sisestage kehtiv JSON-objekt,
ui_enter_an_address_manually_5eda99d,string,,Enter an address manually,Sisestage aadress käsitsi,
ui_enter_code_ab45ae5,string,,Enter code,Sisestage kood,
ui_enter_http_url_relative_path_or_webrtc_id_e_bb736eb,string,,"Enter HTTP URL, relative path, or WebRTC ID (e.g., poort_hd)","Sisestage HTTP URL, suhteline tee või WebRTC ID (nt poort_hd)",
ui_enter_http_url_relative_path_or_webrtc_path_e_41da8c2,string,,"Enter HTTP URL, relative path, or WebRTC path (e.g., url: poort_hd)","Sisestage HTTP URL, suhteline tee või WebRTC tee (nt url: poort_hd)",
ui_enter_the_same_data_object_home_assistant_shows_in_f7e27af,string,,Enter the same data object Home Assistant shows in YAML. JSON is used here so values keep their exact type.,"Sisestage sama andmeobjekt, mida YAML-is näitab Home Assistant. Siin kasutatakse JSON-i, nii et väärtused säilitavad oma täpse tüübi.",don't translate Home Assistant
ui_entities_390082d,string,,Entities · %1$s,Üksused · %1$s,keep %1$s
ui_entities_6510c2f,string,,Entities (%1$s),Üksused (%1$s),keep %1$s
ui_entities_9d88f3c,string,,entities,üksused,
ui_entities_appearance_and_interactions_b90b013,string,,"Entities, appearance, and interactions","Üksused, välimus ja interaktsioonid",
ui_entities_f7638a2,string,,Entities,Üksused,
ui_entities_that_signal_activity_or_safety_states_769b862,string,,Entities that signal activity or safety states,"Üksused, mis annavad märku tegevusest või ohutusolekutest",
ui_entity_icons_gently_glow_spin_or_pulse_while_the_b3a8910,string,,"Entity icons gently glow, spin, or pulse while the device is on. Only active devices animate.","Olemiikoonid helendavad, pöörlevad või pulseerivad õrnalt, kui seade on sisse lülitatud. Animeerivad ainult aktiivsed seadmed.",
ui_entity_integrations_852a3e0,string,,Entity integrations,Olemi integratsioonid,
ui_entity_name_9543eb8,string,,Entity name,Olemi nimi,
ui_entity_picture_0569c68,string,,Entity picture,Olemi pilt,
ui_entity_unavailable_3974ddb,string,,Entity unavailable,Üksus pole saadaval,
ui_event_ad8919a,string,,Event,Sündmus,
ui_every_contribution_helps_and_payment_is_never_required_1bc44f2,string,,"Every contribution helps, and payment is never required",Iga panus aitab ja makse pole kunagi nõutav,
ui_everyday_navigation_e2f1711,string,,Everyday navigation,Igapäevane navigeerimine,
ui_everyone_c756f6a,string,,Everyone,Kõik,
ui_exact_text_or_number_reported_by_home_assistant_00e5cc6,string,,Exact text or number reported by Home Assistant,Täpse teksti või numbri teatas Home Assistant,don't translate Home Assistant
ui_example_com_or_https_8381ca6,string,,example.com or https://…,example.com või https://…,
ui_existing_camera_5fb3653,string,,Existing Camera,Olemasolev kaamera,
ui_exit_demo_mode_ab94122,string,,Exit Demo Mode,Välju demorežiimist,
ui_exit_full_screen_3d9afda,string,,Exit full screen,Välju täisekraanilt,
ui_exiting_removes_the_sample_home_and_returns_to_the_05548e1,string,,"Exiting removes the sample home and returns to the welcome screen, where you can connect a real Home Assistant server.","Väljumisel eemaldatakse näidiskodu ja naaseb tervituskuva, kus saate ühendada tõelise Home Assistant serveri.",don't translate Home Assistant
ui_expected_delivery_78d54b2,string,,Expected delivery,Eeldatav tarne,
ui_expected_today_4af5600,string,,Expected today,Täna oodatakse,
ui_external_url_or_nabu_casa_url_d2e1eed,string,,External URL or Nabu Casa URL,Väline URL või Nabu Casa URL,don't translate Nabu Casa
ui_family_sharing_160fddb,string,,Family Sharing,Perekonna jagamine,
ui_family_sharing_settings_are_controlled_by_a_home_assistant_cdb35a2,string,,Family Sharing settings are controlled by a Home Assistant admin. You can use a dashboard shared with you below.,Perega jagamise seadeid juhib Home Assistant administraator. Saate kasutada allpool teiega jagatud juhtpaneeli.,don't translate Home Assistant
ui_fan_ec38406,string,,Fan,Fänn,
ui_fan_modes_fbaa3df,string,,Fan & modes,Ventilaator ja režiimid,
ui_fans_73d38db,string,,Fans,Fännid,
ui_fetch_climate_entities_from_home_assistant_again_a65f837,string,,Fetch climate entities from Home Assistant again.,Tooge kliimaüksused uuesti saidilt Home Assistant.,don't translate Home Assistant
ui_fetch_rooms_floors_and_their_entities_from_home_assistant_0d84305,string,,"Fetch rooms, floors, and their entities from Home Assistant again.","Tooge uuesti ruumid, korrused ja nende üksused saidilt Home Assistant.",don't translate Home Assistant
ui_fetch_security_entities_from_home_assistant_again_577b666,string,,Fetch security entities from Home Assistant again.,Tõmba uuesti turbeüksused saidilt Home Assistant.,don't translate Home Assistant
ui_fetch_the_home_assistant_energy_dashboard_configuration_ag_9180e9b,string,,Fetch the Home Assistant energy dashboard configuration again.,Tooge uuesti Home Assistant energia armatuurlaua konfiguratsioon.,don't translate Home Assistant
ui_find_home_assistant_locally_c992bdf,string,,Find Home Assistant locally,Leidke Home Assistant kohapeal,don't translate Home Assistant
ui_firmware_94fe490,string,,Firmware %1$s,Püsivara %1$s,keep %1$s
ui_five_simple_gestures_are_all_you_need_to_get_d4c2675,string,,Five simple gestures are all you need to get around HKI 7.,HKI 7 liikumiseks piisab viiest lihtsast žestist.,don't translate HKI 7
ui_fixed_tab_10fe998,string,,Fixed tab,Fikseeritud vahekaart,
ui_floor_7db82f7,string,,Floor,Põrand,
ui_floor_assignment_288a740,string,,Floor assignment,Korruse ülesanne,
ui_floor_name_e9d98d6,string,,Floor name,Korruse nimi,
ui_floor_settings_640cb8e,string,,Floor settings,Põranda seaded,
ui_flowphase_101d9f0,string,,flowPhase,voolufaas,
ui_flows_1242655,string,,Flows,Voolud,
ui_focused_groups_keep_advanced_options_easy_to_find_44ac86e,string,,Focused groups keep advanced options easy to find,Fookusrühmade abil on täpsemad valikud hõlpsasti leitavad,
ui_font_family_54a1848,string,,Font family,Fontide perekond,
ui_font_size_ef89fc7,string,,Font size · %1$s%%,Kirja suurus · %1$s%%,keep %1$s
ui_fonts_ffe688a,string,,Fonts,Fondid,
ui_force_high_refresh_rate_214de79,string,,Force high refresh rate,Sunni kõrge värskendussagedus,
ui_forecast_528bc4b,string,,Forecast,Prognoos,
ui_forecast_entities_c950412,string,,Forecast entities,Ennustavad olemid,
ui_forget_selection_7864f34,string,,Forget selection,Unustage valik,
ui_forward_ba4e722,string,,Forward,Edasi,
ui_from_ad3b521,string,,From %1$s,Alates %1$s,keep %1$s
ui_from_state_6c7eaef,string,,From state,Osariigist,
ui_full_changelog_ae838e7,string,,Full changelog,Täielik muudatuste päevik,
ui_full_controls_68749a5,string,,Full controls,Täielikud juhtnupud,
ui_full_day_name_25ab7ee,string,,Full Day Name,Täispäeva nimi,
ui_full_url_or_a_path_on_your_home_assistant_66f9c59,string,,Full URL or a path on your Home Assistant server (e.g. /local/vacuum.png),Täielik URL või tee teie Home Assistant serveris (nt /local/vacuum.png),don't translate Home Assistant
ui_gas_ead9650,string,,Gas,Gaas,
ui_generating_your_rooms_01654a1,string,,Generating your rooms,Teie tubade loomine,
ui_get_started_bd2cb05,string,,Get Started,Alustage,
ui_give_a_humidifier_a_fan_select_input_select_to_860be4d,string,,"Give a humidifier a fan / select / input_select to control its speed; its options replace the humidifier's mode chips, and modes move to the dialog's nav bar.",Andke niisutajale ventilaator / valige / input_select selle kiiruse reguleerimiseks; selle valikud asendavad niisutaja režiimikiipe ja režiimid liiguvad dialoogi navigeerimisribale.,
ui_glow_6ae5a62,string,,glow,sära,
ui_glowphase_748e6d6,string,,glowPhase,hõõgumisfaas,
ui_glowpulse_9269294,string,,glowPulse,hõõgumispulss,
ui_good_61dedcf,string,,Good,Hea,
ui_google_drive_07c2964,string,,Google Drive,Google Drive,don't translate Google Drive
ui_got_it_5b8027f,string,,Got it,Sain aru,
ui_got_it_let_s_explore_107038f,string,,Got it — let's explore,Selge – uurime,
ui_graph_sensor_c63cbb6,string,,Graph %1$s · %2$s sensor%3$s,Graafik %1$s · %2$s andur%3$s,keep %1$s %2$s %3$s
ui_graph_style_6acd980,string,,Graph Style,Graafiku stiil,
ui_graphs_7839947,string,,Graphs,Graafikud,
ui_grid_density_and_button_presentation_b7907e5,string,,Grid density and button presentation,Ruudustiku tihedus ja nuppude esitlus,
ui_grid_density_width_and_tile_shape_267ad9a,string,,"Grid density, width, and tile shape","Võre tihedus, laius ja plaatide kuju",
ui_grid_phases_0a5eae5,string,,Grid & phases,Võrk ja faasid,
ui_group_light_paused_for_manual_control_78d6b74,string,,%1$s group light%2$s paused for manual control.,%1$s rühma tuli%2$s on käsitsi juhtimiseks peatatud.,keep %1$s %2$s
ui_group_related_cards_in_one_section_f978d2b,string,,Group related cards in one section,Rühmitage seotud kaardid ühte jaotisesse,
ui_guide_motion_579dcaf,string,,guide_motion,juhend_liikumine,
ui_guide_progress_6138614,string,,guide_progress,juhend_edenemine,
ui_gust_53f5da4,string,, (gust %1$s),(tuulik %1$s),keep %1$s; keep the space at the start/end
ui_h_0be1674,string,,%1$sh,%1$sh,keep %1$s
ui_header_31341c6,string,,Header,Päis,
ui_header_appearance_40327c9,string,,Header appearance,Päise välimus,
ui_header_custom_color_rrggbb_1887d0a,string,,Header custom color (#RRGGBB),Päise kohandatud värv (#RRGGBB),
ui_header_pill_d7520cf,string,,Header pill,Päise pill,
ui_header_text_7f71314,string,,Header text,Päise tekst,
ui_header_text_f7593e7,string,,Header Text,Päise tekst,
ui_header_wallpaper_url_or_path_25cf2b6,string,,Header wallpaper URL or path,Päise taustapildi URL või tee,
ui_heading_some_bold_text_a_list_item_one_item_b7f049b,string,,"# Heading\nSome **bold** text, a list:\n- item one\n- item two","# Pealkiri\nMõni **paks** tekst, nimekiri:\n- üksus\n- punkt kaks",\n = line break
ui_healthy_80ea156,string,,Healthy,Terve,
ui_heating_f2a3e6e,string,,Heating,Küte,
ui_height_3f608b4,string,,Height,Kõrgus,
ui_help_the_project_without_buying_premium_e960d10,string,,Help the project without buying Premium,Aidake projekti ilma Premiumi ostmata,
ui_hidden_1364716,string,,%1$s hidden,%1$s peidetud,keep %1$s
ui_hidden_d4c2792,string,,Hidden,Peidetud,
ui_hidden_during_c0afbbc,string,,Hidden during,Peidetud ajal,
ui_hidden_rooms_f621ba4,string,,Hidden rooms,Varjatud ruumid,
ui_hidden_items_advanced_title,string,,Hidden items (advanced),Peidetud üksused (täpsem),
ui_hidden_items_advanced_hint,string,,Comma-separated list of button entity ids or badge/widget ids to hide from this person specifically. A button's id is its entity id; a badge or widget's id is shown in its own Appearance settings.,"Nupuolemi ID-de või märgi/vidina ID-de komadega eraldatud loend, mida selle inimese eest peita. Nupu ID on selle olemi ID; märgi või vidina ID kuvatakse selle välimuse seadetes.",
ui_hidden_views_3e16d85,string,,Hidden views,Varjatud vaated,
ui_hide_certain_views_or_rooms_from_specific_people_to_f10458c,string,,Hide certain views or rooms from specific people to keep their dashboard simple. This is UX-level hiding — it does not restrict what they can do in Home Assistant itself.,"Peida teatud vaated või ruumid konkreetsete inimeste eest, et armatuurlaud oleks lihtne. See on UX-taseme peitmine – see ei piira seda, mida nad Home Assistant-s endas teha saavad.",don't translate Home Assistant
ui_hide_connection_notification_dcee06a,string,,Hide Connection Notification,Peida ühenduse teatis,
ui_hide_this_badge_or_schedule_when_it_appears_e149fbf,string,,"Hide this badge, or schedule when it appears",Peida see märk või ajastage selle ilmumine,
ui_hide_this_button_or_schedule_when_it_appears_a28bf66,string,,"Hide this button, or schedule when it appears",Peida see nupp või ajastage selle ilmumine,
ui_high_accuracy_mode_954d2c5,string,,High accuracy mode,Suure täpsusega režiim,
ui_history_90ccd64,string,,History,Ajalugu,
ui_hki_7_68a9e17,string,,HKI 7,HKI 7,don't translate HKI 7
ui_hki_7_collects_location_data_to_enable_presence_detection_2dda033,string,,HKI 7 collects location data to enable presence detection and zone-based ,"HKI 7 kogub asukohaandmeid, et võimaldada kohaloleku tuvastamist ja tsoonipõhist",don't translate HKI 7; keep the space at the start/end
ui_hki_7_logo_a445c44,string,,HKI 7 logo,HKI 7 logo,don't translate HKI 7
ui_hki_7_turns_your_native_home_assistant_entities_rooms_c95b345,string,,"HKI 7 turns your native Home Assistant entities, rooms, automations, media, energy data, and services into a configurable mobile dashboard. It is designed to stay connected to Home Assistant as the source of truth while offering a distinct HKI interface.","HKI 7 muudab teie kohalikud Home Assistant olemid, ruumid, automaatika, meedia, energiaandmed ja teenused konfigureeritavaks mobiilseks armatuurlauaks. See on loodud nii, et püsiks ühenduses tõeallikana Home Assistant-ga, pakkudes samal ajal selget HKI-liidest.","don't translate Home Assistant, HKI 7"
ui_hki_7_v_d5594a7,string,,HKI 7 v%1$s,HKI 7 v%1$s,keep %1$s; don't translate HKI 7
ui_home_and_rooms_are_always_shown_reorder_the_other_bea984a,string,,Home and Rooms are always shown. Reorder the other tabs with the arrows and toggle each on or off.,Alati näidatakse kodu ja ruume. Järjestage teised vahelehed nooltega ümber ja lülitage igaüks sisse või välja.,
ui_home_assistant_backup_is_off_4524f2e,string,,Home Assistant backup is off,Home Assistant varundamine on välja lülitatud,don't translate Home Assistant
ui_home_assistant_c8fd3bb,string,,Home Assistant,Home Assistant,don't translate Home Assistant
ui_home_assistant_instances_b0de2f3,string,,Home Assistant instances,Home Assistant eksemplari,don't translate Home Assistant
ui_home_assistant_will_be_unavailable_briefly_while_it_restar_df30b45,string,,Home Assistant will be unavailable briefly while it restarts. Administrator access is required.,Home Assistant ei ole taaskäivitamise ajal korraks saadaval. Administraatori juurdepääs on nõutav.,don't translate Home Assistant
ui_home_security_aa534f2,string,,HOME SECURITY,KODUVALVE,
ui_home_wi_fi_names_comma_separated_b71c6ab,string,,Home Wi-Fi names (comma separated),Kodu WiFi-nimed (komadega eraldatud),
ui_hourly_forecast_50f6c9c,string,,Hourly forecast,Tunniprognoos,
ui_how_this_control_communicates_state_ad17a3d,string,,How this control communicates state,Kuidas see juhtelement olekut edastab,
ui_how_this_icon_animates_while_the_device_is_active_dffdaf5,string,,"How this icon animates while the device is active. ""Auto"" follows the global setting; the rest override it for this icon.","Kuidas see ikoon animeerib, kui seade on aktiivne. ""Auto"" järgib globaalset seadistust; ülejäänud alistavad selle selle ikooni puhul.",
ui_http_homeassistant_local_8123_67b2235,string,,http://homeassistant.local:8123,http://homeassistant.local:8123,
ui_http_url_relative_path_or_webrtc_name_e_g_dfc56c4,string,,"HTTP URL, relative path, or WebRTC name (e.g., url: poort_hd)","HTTP URL, suhteline tee või WebRTC nimi (nt url: poort_hd)",
ui_https_1a66279,string,,https://…,https://…,
ui_https_example_ui_nabu_casa_4d97501,string,,https://example.ui.nabu.casa,https://example.ui.nabu.casa,
ui_humidifiers_aa38e2a,string,,Humidifiers,Õhuniisutajad,
ui_humidifiers_are_found_automatically_from_the_humidifier_do_0717429,string,,Humidifiers are found automatically from the humidifier domain; add extra entities here if any are missing.,"Niisutajad leitakse automaatselt niisutaja domeenist; lisage siia täiendavad olemid, kui mõni neist puudub.",
ui_humidifying_5d5f6c5,string,,Humidifying,Niisutamine,
ui_humidity_65adb9c,string,,Humidity,Niiskus,
ui_humidity_control_devices_c7e4846,string,,Humidity control devices,Niiskuse reguleerimise seadmed,
ui_humidity_sensor_graphed_in_activity_5b792e1,string,,Humidity sensor (graphed in Activity),Niiskusandur (graafikul tegevustes),
ui_icon_716f63b,string,,Icon,Ikoon,
ui_icon_animation_5b1faae,string,,Icon animation,Ikooni animatsioon,
ui_icon_animations_and_effects_db0dea4,string,,Icon animations and effects,Ikooni animatsioonid ja efektid,
ui_icon_eeaa97d,string,,Icon: %1$s,Ikoon: %1$s,keep %1$s
ui_icon_feedback_180b871,string,,Icon & feedback,Ikoon ja tagasiside,
ui_icons_edb8f6c,string,,Icons,Ikoonid,
ui_identity_7e5a975,string,,Identity,Identiteet,
ui_identity_and_connection_bee53f8,string,,Identity and connection,Identiteet ja seos,
ui_identity_presentation_indicators_and_maintenance_d46fbf4,string,,"Identity, presentation, indicators, and maintenance","Identiteet, esitlus, näitajad ja hooldus",
ui_idle_cc1ebdd,string,,Idle,Tühikäik,
ui_image_50e19fd,string,,Image,Pilt,
ui_image_style_size_shape_and_background_40c17b6,string,,"Image style, size, shape, and background","Pildi stiil, suurus, kuju ja taust",
ui_image_url_or_path_ddd8d74,string,,Image URL or path,Pildi URL või tee,
ui_import_d6fbc9d,string,,Import,Import,
ui_import_entities_that_have_not_been_edited_or_remove_6edde59,string,,"Import entities that have not been edited, or remove all climate edits and import from scratch.","Importige olemid, mida pole redigeeritud, või eemaldage kõik kliimamuutused ja importige nullist.",
ui_import_entities_that_have_not_been_edited_or_remove_9851b28,string,,"Import entities that have not been edited, or remove all security edits and import from scratch.","Importige olemid, mida pole redigeeritud, või eemaldage kõik turbemuudatused ja importige nullist.",
ui_import_from_family_f9eb88d,string,,Import from family,Import perelt,
ui_import_only_rooms_and_entities_that_have_not_been_478d449,string,,"Import only rooms and entities that have not been edited, or remove all edited rooms and floors and import everything from scratch.","Importige ainult ruumid ja üksused, mida pole muudetud, või eemaldage kõik muudetud ruumid ja korrused ning importige kõik nullist.",
ui_import_only_rooms_that_have_not_been_edited_or_d59bee5,string,,"Import only rooms that have not been edited, or rebuild everything. Rebuilding removes all edited rooms and floors before importing them from scratch.","Importige ainult ruumid, mida pole muudetud, või ehitage kõik uuesti. Ümberehitamine eemaldab kõik muudetud ruumid ja korrused enne nende nullist importimist.",
ui_import_sensors_with_device_class_battery_and_unit_of_dfaced9,string,,Import sensors with device_class battery and unit_of_measurement %.,Impordi andurid seadme_klassi aku ja mõõtühikuga %.,
ui_import_settings_that_have_not_been_edited_or_remove_2fc3850,string,,"Import settings that have not been edited, or remove all energy edits and import from scratch.","Importige sätted, mida pole muudetud, või eemaldage kõik energiamuudatused ja importige nullist.",
ui_import_unedited_4a58143,string,,Import unedited,Import muutmata,
ui_imported_stacks_cannot_be_removed_in_auto_mode_hide_608f9ed,string,,"Imported stacks cannot be removed in auto mode. Hide the stack instead, or take over / switch to manual mode to delete it permanently.",Imporditud virnasid ei saa automaatrežiimis eemaldada. Peida selle asemel virn või selle lõplikuks kustutamiseks võtke üle / lülitage käsitsi režiimi.,
ui_importing_820599d,string,,Importing…,Importimine…,
ui_importing_areas_and_entities_from_home_assistant_0e50b82,string,,Importing areas and entities from Home Assistant…,Piirkondade ja üksuste importimine asukohast Home Assistant…,don't translate Home Assistant
ui_incoming_outgoing_1815915,string,,%1$s incoming · %2$s outgoing%3$s,%1$s sissetulev · %2$s väljuv%3$s,keep %1$s %2$s %3$s
ui_incoming_outgoing_49b9c0b,string,,%1$s incoming · %2$s outgoing,%1$s sissetulev · %2$s väljuv,keep %1$s %2$s
ui_incorrect_pin_2de1d18,string,,Incorrect PIN,Vale PIN-kood,
ui_increase_5a7fecf,string,,Increase,Suurendada,
ui_individual_water_usage_21dd78c,string,,Individual water usage,Individuaalne veekasutus,
ui_individual_widgets_ff1526f,string,,Individual widgets,Üksikud vidinad,
ui_indoor_average_53abf03,string,,INDOOR AVERAGE,SISEVIK KESKMINE,
ui_indoor_comfort_7060319,string,,Indoor comfort,Siseruumide mugavus,
ui_instance_name_e98a2eb,string,,Instance name,Eksemplari nimi,
ui_interactions_0b3583e,string,,Interactions,Interaktsioonid,
ui_internal_url_acab9b2,string,,Internal URL,Sisemine URL,
ui_interval_seconds_eaeeb46,string,,Interval seconds,Intervall sekundid,
ui_is_c24d775,string,, is,on,keep the space at the start/end
ui_item_corner_roundness_5032003,string,,Item corner roundness,Kauba nurga ümarus,
ui_items_cabff0b,string,,%1$s items,%1$s üksust,keep %1$s
ui_k_df46805,string,,%1$sK,%1$sK,keep %1$s
ui_keep_existing_edits_or_remove_all_battery_edits_and_acc0236,string,,"Keep existing edits, or remove all battery edits and import from scratch.",Hoidke olemasolevad muudatused alles või eemaldage kõik aku muudatused ja importige nullist.,
ui_keep_only_the_title_right_header_pill_and_back_7777651,string,,"Keep only the title, right header pill, and back button when a page has one.","Hoidke alles pealkiri, parempoolse päise pill ja tagasinupp, kui lehel see on.",
ui_keeps_a_connection_to_home_assistant_for_instant_notificat_ecaee7d,string,,Keeps a connection to Home Assistant for instant notifications,Hoiab koheste märguannete jaoks ühendust Home Assistant-ga,don't translate Home Assistant
ui_keeps_presence_detection_and_zone_automations_working_andr_c48598a,string,,Keeps presence detection and zone automations working. Android should show ‘Allow all the time’.,"Hoiab kohaloleku tuvastamise ja tsooniautomaatika töös. Android peaks näitama ""Luba kogu aeg"".",
ui_keeps_your_device_location_updated_in_home_assistant_e295875,string,,Keeps your device location updated in Home Assistant,Hoiab teie seadme asukohta ajakohasena Home Assistant,don't translate Home Assistant
ui_km_h_ede7178,string,,%1$s km/h,%1$s km/h,keep %1$s
ui_kwh_72c28e9,string,,kWh,kWh,
ui_languages_and_frameworks_used_by_the_android_app_fb4ac97,string,,Languages and frameworks used by the Android app,Androidi rakenduse kasutatavad keeled ja raamistikud,
ui_last_backup_05509f8,string,,Last backup %1$s,Viimane varundus %1$s,keep %1$s
ui_last_h_3faaee1,string,,Last %1$sh,Viimane %1$sh,keep %1$s
ui_last_run_b27f32a,string,,Last run %1$s,Viimane jooks %1$s,keep %1$s
ui_layout_972ad8d,string,,Layout,Paigutus,
ui_leave_a_tip_5f90f10,string,,Leave a tip,Jäta jootraha,
ui_leave_empty_to_use_the_home_assistant_name_f769e92,string,,Leave empty to use the Home Assistant name,Nime Home Assistant kasutamiseks jätke tühjaks,don't translate Home Assistant
ui_leave_this_empty_for_local_only_access_add_an_cc6bf85,string,,Leave this empty for local-only access. Add an external or Nabu Casa URL to use HKI 7 away from home.,"Ainult kohaliku juurdepääsu jaoks jätke see tühjaks. Lisage väline või Nabu Casa URL, et kasutada HKI 7 kodust eemal.","don't translate Nabu Casa, HKI 7"
ui_left_8ae1c34,string,,Left,Vasakule,
ui_left_side_overflows_right_fc8533c,string,,Left side overflows right,Vasak pool voolab üle paremale,
ui_less_526cb74,string,,Less,Vähem,
ui_let_hki_7_create_the_first_version_for_you_dc36439,string,,Let HKI 7 create the first version for you.,Laske HKI 7 luua teie jaoks esimene versioon.,don't translate HKI 7
ui_let_this_person_enter_edit_mode_667df39,string,,Let this person enter edit mode,Laske sellel inimesel siseneda muutmisrežiimi,
ui_level_7c7f5d0,string,,Level,Tase,
ui_level_unavailable_a442183,string,,Level unavailable,Tase pole saadaval,
ui_license_3229609,string,,License,Litsents,
ui_light_is_turned_off_ebc0cf1,string,,Light is turned off,Valgus on välja lülitatud,
ui_lines_c6fd387,string,,Lines,Jooned,
ui_link_a_device_to_auto_fill_the_humidifier_s_6f65010,string,,"Link a device to auto-fill the humidifier's helper entities, or set them by hand",Ühendage seade niisuti abiüksuste automaatseks täitmiseks või seadistage need käsitsi,
ui_link_a_speed_control_197d75a,string,,Link a speed control,Ühendage kiiruse regulaator,
ui_linked_speed_control_optional_95fd680,string,,Linked speed control (optional),Ühendatud kiiruse reguleerimine (valikuline),
ui_live_65c821a,string,,Live,Otse,
ui_live_6990f01,string,,LIVE,LIVE,
ui_live_indicators_11ef687,string,,Live indicators,Live indikaatorid,
ui_live_power_sensors_imported_from_home_assistant_s_configur_1b926f2,string,,Live power sensors imported from Home Assistant's configured Energy devices.,"Toiteandurid, mis on imporditud kasutaja Home Assistant konfigureeritud energiaseadmetest.",don't translate Home Assistant
ui_loading_actions_260b0c0,string,,Loading actions…,Toimingute laadimine…,
ui_loading_actions_877bfd9,string,,Loading actions...,Toimingute laadimine...,
ui_loading_camera_50a8065,string,,Loading camera…,Kaamera laadimine…,
ui_loading_device_a3fda88,string,,Loading device...,Seadme laadimine...,
ui_local_file_576d5ac,string,,Local file,Kohalik fail,
ui_local_network_optional_42aba01,string,,Local network (optional),Kohalik võrk (valikuline),
ui_local_only_05ed059,string,,Local Only,Ainult kohalik,
ui_locating_e46bab0,string,,Locating…,Otsimine…,
ui_location_access_3b68001,string,,Location access,Juurdepääs asukohale,
ui_location_d219c68,string,,Location,Asukoht,
ui_location_unavailable_3a57dda,string,,Location Unavailable,Asukoht pole saadaval,
ui_lock_c37eb4c,string,,LOCK,LUKKU,
ui_locked_a798882,string,,Locked,Lukustatud,
ui_locks_the_screen_to_its_highest_refresh_rate_while_585256f,string,,Locks the screen to its highest refresh rate while the app is open (uses more battery).,"Lukustab ekraani kõrgeimale värskendussagedusele, kui rakendus on avatud (kasutab rohkem akut).",
ui_log_in_again_1ee6e18,string,,Log in again,Logi uuesti sisse,
ui_logging_in_again_keeps_your_dashboard_and_settings_9a8ed6f,string,,Logging in again keeps your dashboard and settings.,Uuesti sisselogimine säilitab teie armatuurlaua ja seaded.,
ui_logo_url_or_ha_local_path_optional_e795f06,string,,Logo URL or HA/local path (optional),Logo URL või HA/kohalik tee (valikuline),
ui_logout_keep_config_32a0cfb,string,,Logout (Keep Config),Väljalogimine (Keep Config),
ui_low_a124947,string,,Low,Madal,
ui_low_ba7cae2,string,,%1$s low,%1$s madal,keep %1$s
ui_low_batteries_41d22d9,string,,%1$s low batteries,%1$s tühjad patareid,keep %1$s
ui_low_plan_a_replacement_34435da,string,,Low — plan a replacement,Madal – planeerige asendus,
ui_low_threshold_1ecfd8b,string,,Low threshold (%),Madal lävi (%),
ui_lunar_phase_301b75e,string,,Lunar phase,Kuu faas,
ui_mail_92379cb,string,,Mail,Mail,
ui_maintenance_94de303,string,,Maintenance,Hooldus,
ui_manage_items_d854c4b,string,,Manage items,Hallake üksusi,
ui_manage_order_411f2d9,string,,Manage order,Tellimuse haldamine,
ui_managed_by_an_admin_805ae65,string,,Managed by an admin,Haldab administraator,
ui_manual_configuration_only_selected_entities_and_devices_ar_10e150b,string,,Manual configuration: only selected entities and devices are shown.,Käsitsi seadistamine: kuvatakse ainult valitud üksused ja seadmed.,
ui_map_ab478f3,string,,Map,Kaart,
ui_map_c5cc79f,string,,Map: %1$s,Kaart: %1$s,keep %1$s
ui_map_camera_for_dialog_2bc4344,string,,Map camera (for dialog),Kaardikaamera (dialoogi jaoks),
ui_map_status_sensors_and_control_bindings_8cc2dbd,string,,"Map, status sensors, and control bindings","Kaart, olekuandurid ja juhtsidemed",
ui_map_unavailable_0ccd149,string,,Map unavailable,Kaart pole saadaval,
ui_markdown_23e67fc,string,,Markdown,Allahindlus,
ui_matching_entities_are_added_automatically_by_home_assistan_07ebdac,string,,Matching entities are added automatically by Home Assistant device class. Add any missing or custom entities here.,Sobivad olemid lisavad automaatselt seadmeklassi Home Assistant. Lisage siia kõik puuduvad või kohandatud üksused.,don't translate Home Assistant
ui_media_0c77aee,string,,Media,Meedia,
ui_media_browsing_isn_t_available_for_this_player_e068417,string,,Media browsing isn't available for this player.,Meediumisirvimine pole selle mängija jaoks saadaval.,
ui_media_library_b9c5845,string,,Media library,Meediumiteek,
ui_media_players_a4b8cf2,string,,Media players,Meediumipleierid,
ui_media_players_ec25525,string,,Media Players,Meediamängijad,
ui_messages_safety_and_portability_ee58dfe,string,,"Messages, safety, and portability","Sõnumid, ohutus ja kaasaskantavus",
ui_messages_sent_to_this_device_via_home_assistant_s_87e4a32,string,,Messages sent to this device via\nHome Assistant's notify service appear here.,Sellele seadmele saadetud sõnumid:\nSiin kuvatakse Home Assistant teavitusteenus.,don't translate Home Assistant; \n = line break
ui_meteorological_tap_or_swipe_3f3d67e,string,,Meteorological · tap or swipe,Meteoroloogiline · puudutage või pühkige,
ui_meter_readings_a3c12c4,string,,Meter readings,Arvesti näidud,
ui_mixed_climate_5d22eb9,string,,Mixed climate,Segane kliima,
ui_mm_ce9b88b,string,,%1$s mm,%1$s mm,keep %1$s
ui_mmm_d_9367bcf,string,,"%1$s, MMM d","%1$s, MMM d",keep %1$s
ui_mode_a7b93d2,string,,Mode,Režiim,
ui_modes_6fc3ca8,string,,MODES,REŽIIMID,
ui_modes_79f5b22,string,,Modes,Režiimid,
ui_monitoring_a814345,string,,Monitoring,Järelevalve,
ui_moon_846b902,string,,Moon,Kuu,
ui_move_down_260ff8a,string,,Move down,Liigu alla,
ui_move_up_b4f57cd,string,,Move up,Liigu üles,
ui_mozilla_public_license_2_0_mpl_2_0_4ec8335,string,,Mozilla Public License 2.0 (MPL-2.0),Mozilla avalik litsents 2.0 (MPL-2.0),
ui_multiple_climate_values_are_averaged_separate_sensor_value_cfccbf4,string,,Multiple climate values are averaged. Separate sensor values are averaged only when no climate source is selected.,"Mitmed kliimaväärtused on keskmistatud. Andurite eraldi väärtused keskmistatakse ainult siis, kui kliimaallikat pole valitud.",
ui_mywifi_mywifi_5g_2a163c1,string,,"MyWiFi, MyWiFi-5G","MyWiFi, MyWiFi-5G",
ui_n_b51a607,string,,N,N,
ui_name_709a232,string,,Name,Nimi,
ui_name_a_z_257c1c4,string,,Name A-Z,Nimi A-Z,
ui_name_and_icon_shown_above_this_container_9076bde,string,,Name and icon shown above this container,Selle konteineri kohal kuvatakse nimi ja ikoon,
ui_name_and_icon_shown_above_this_floor_3755eda,string,,Name and icon shown above this floor,Selle korruse kohal kuvatakse nimi ja ikoon,
ui_name_and_icon_used_throughout_the_app_bed8e83,string,,Name and icon used throughout the app,Kogu rakenduses kasutatav nimi ja ikoon,
ui_name_optional_9c9f03a,string,,Name (optional),Nimi (valikuline),
ui_name_subtitle_and_navigation_icon_3f2e8c4,string,,"Name, subtitle, and navigation icon","Nimi, alapealkiri ja navigeerimisikoon",
ui_name_this_device_4d603e2,string,,Name this device,Nimetage see seade,
ui_name_width_and_icon_a4d694b,string,,"Name, width, and icon","Nimi, laius ja ikoon",
ui_name_z_a_daabfb6,string,,Name Z-A,Nimi Z-A,
ui_native_home_assistant_automations_always_in_sync_ae8941e,string,,"Native Home Assistant automations, always in sync","Natiivsed Home Assistant automatiseeringud, alati sünkroonis",don't translate Home Assistant
ui_navigation_bar_e90e3de,string,,Navigation Bar,Navigeerimisriba,
ui_network_routes_for_1d18efd,string,,Network routes for %1$s,Võrgumarsruudid %1$s jaoks,keep %1$s
ui_never_sent_to_the_developer_or_to_any_third_f0479e9,string,,"never sent to the developer or to any third party, and you can turn this ",ei ole kunagi saadetud arendajale ega kolmandale osapoolele ja saate seda muuta,keep the space at the start/end
ui_never_triggered_c91b347,string,,Never triggered,Pole kunagi käivitatud,
ui_new_dashboard_4d3c071,string,,New Dashboard,Uus armatuurlaud,
ui_new_floor_1389094,string,,New floor,Uus põrand,
ui_new_flow_d4cef94,string,,New flow,Uus vool,
ui_next_camera_14994be,string,,Next camera,Järgmine kaamera,
ui_no_active_parcels_or_mail_6c9d49c,string,,No active parcels or mail.,Aktiivseid pakke ega posti pole.,
ui_no_activity_in_this_period_5cb3978,string,,No activity in this period,Sellel perioodil tegevus puudub,
ui_no_adaptive_lighting_profiles_are_currently_available_6d29642,string,,No Adaptive Lighting profiles are currently available.,Kohanduva valgustuse profiile pole praegu saadaval.,
ui_no_air_purifiers_configured_add_fan_entities_under_climate_fd229a8,string,,No air purifiers configured. Add fan entities under Climate Settings → Climate Entities → Air purifiers.,Õhupuhastit pole konfigureeritud. Lisage fänniüksused jaotises Kliimaseaded → Kliimaüksused → Õhupuhastid.,
ui_no_alarm_585ad82,string,,No alarm,Äratust pole,
ui_no_announced_letters_4382408,string,,No announced letters.,Väljakuulutatud kirju pole.,
ui_no_archived_notifications_ed5604b,string,,No archived notifications,Arhiveeritud teatisi pole,
ui_no_battery_entities_found_turn_off_battery_filtering_to_dfbc403,string,,No Battery+ entities found. Turn off Battery+ filtering to show all battery sensors.,Battery+ üksusi ei leitud. Kõigi akuandurite kuvamiseks lülitage Battery+ filtreerimine välja.,
ui_no_battery_sensors_found_7cc0962,string,,No battery sensors found.,Akuandureid ei leitud.,
ui_no_camera_selected_717ad35,string,,No camera selected,Kaamerat pole valitud,
ui_no_carbon_intensity_sensor_found_on_this_device_140bf09,string,,No carbon intensity sensor found on this device,Sellel seadmel ei leitud süsiniku intensiivsuse andurit,
ui_no_cards_yet_open_the_stack_settings_to_pick_021dada,string,,No cards yet — open the stack settings to pick energy cards.,Kaarte pole veel – energiakaartide valimiseks avage virna seaded.,
ui_no_cards_yet_open_the_stack_settings_to_pick_ca8008f,string,,No cards yet — open the stack settings to pick climate cards.,Kaarte veel pole – kliimakaartide valimiseks avage virna seaded.,
ui_no_climate_data_37d45e0,string,,No climate data,Kliimaandmed puuduvad,
ui_no_climate_devices_found_thermostats_and_ac_units_from_2e47541,string,,No climate devices found. Thermostats and AC units from Home Assistant appear here automatically.,Kliimaseadmeid ei leitud. Siin kuvatakse automaatselt Home Assistant termostaadid ja vahelduvvooluseadmed.,don't translate Home Assistant
ui_no_collections_in_the_next_7_days_6d48bf4,string,,No collections in the next 7 days.,Järgmise 7 päeva jooksul pole kogusid.,
ui_no_conditions_this_flow_always_continues_c95e76f,string,,No conditions — this flow always continues,Tingimusi pole – see voog jätkub alati,
ui_no_dashboards_have_been_shared_with_you_yet_ask_38b2c0d,string,,"No dashboards have been shared with you yet. Ask an admin to share one, or pick another option above.",Teiega pole veel ühtegi juhtpaneeli jagatud. Paluge administraatoril seda jagada või valige ülalt mõni muu valik.,
ui_no_dashboards_have_been_shared_with_you_yet_ask_877080a,string,,No dashboards have been shared with you yet. Ask an admin to share one.,Teiega pole veel ühtegi juhtpaneeli jagatud. Paluge administraatoril seda jagada.,
ui_no_data_d802d23,string,,No data,Andmed puuduvad,
ui_no_door_sensor_f6b60c8,string,,No door sensor,Ukseandurit pole,
ui_no_energy_sensors_found_eeecdec,string,,No energy sensors found.,Energiaandureid ei leitud.,
ui_no_events_e339ba7,string,,No events,Sündmusi pole,
ui_no_fans_found_fan_entities_from_home_assistant_appear_279dab7,string,,No fans found. Fan entities from Home Assistant appear here automatically.,Fänne ei leitud. Siin kuvatakse automaatselt Home Assistant fänniüksused.,don't translate Home Assistant
ui_no_forecast_available_ed48809,string,,No forecast available,Prognoos pole saadaval,
ui_no_graphs_yet_open_the_stack_settings_to_add_87f742f,string,,No graphs yet — open the stack settings to add sensor graphs.,Graafikuid pole veel – avage andurigraafikute lisamiseks virnasätted.,
ui_no_heading_162947f,string,,No heading,Pealkiri puudub,
ui_no_hourly_forecast_available_9ef5a5f,string,,No hourly forecast available,Tunniprognoos pole saadaval,
ui_no_humidifiers_found_humidifier_entities_from_home_assista_eeadbd7,string,,No humidifiers found. Humidifier entities from Home Assistant appear here automatically; extras can be added in Climate Settings.,Niisutajaid ei leitud. Siia ilmuvad automaatselt Home Assistant õhuniisutajad; lisasid saab lisada Kliimaseadetes.,don't translate Home Assistant
ui_no_individual_water_devices_configured_d0060ba,string,,No individual water devices configured.,Ükski veeseade pole konfigureeritud.,
ui_no_letter_image_available_eeb42c0,string,,No letter image available,Kirjapilt pole saadaval,
ui_no_map_camera_configured_d72057b,string,,No map camera\nconfigured,Kaardikaamerat pole\nkonfigureeritud,\n = line break
ui_no_map_camera_set_configure_in_button_settings_b54466c,string,,No map camera set.\nConfigure in button settings.,Kaardikaamerat pole seatud.\nSeadistage nuppude seadetes.,\n = line break
ui_no_matches_cd0af6c,string,,No matches,Vasteid pole,
ui_no_matching_automations_4489522,string,,No matching automations,Sobivaid automaatikaid pole,
ui_no_media_players_found_1248a89,string,,No media players found.,Meediumipleierit ei leitud.,
ui_no_native_home_assistant_automations_found_725a043,string,,No native Home Assistant automations found,Natiivseid Home Assistant automatiseerimisi ei leitud,don't translate Home Assistant
ui_no_non_admin_users_found_on_this_home_assistant_e9e665d,string,,No non-admin users found on this Home Assistant.,Sellelt Home Assistant ei leitud ühtegi administraatorita kasutajat.,don't translate Home Assistant
ui_no_notifications_a72159d,string,,No Notifications,Märguandeid pole,
ui_no_notifications_b08626f,string,,No notifications,Märguandeid pole,
ui_no_options_available_7a19b6d,string,,No options available,Valikud pole saadaval,
ui_no_other_entities_on_this_device_fbc481b,string,,No other entities on this device.,Selles seadmes pole muid üksusi.,
ui_no_other_users_found_on_this_home_assistant_cb89d3d,string,,No other users found on this Home Assistant.,Sellelt Home Assistant ei leitud teisi kasutajaid.,don't translate Home Assistant
ui_no_parcel_selected_922a402,string,,No parcel selected,Ühtegi pakki pole valitud,
ui_no_parcels_cf4c0a0,string,,No %1$s parcels.,%1$s pakke pole.,keep %1$s
ui_no_phase_sensors_configured_in_energy_settings_b88c1dc,string,,No phase sensors configured in Energy Settings.,Energiaseadetes pole faasiandureid konfigureeritud.,
ui_no_power_sensors_found_caf2e07,string,,No power sensors found.,Toiteandureid ei leitud.,
ui_no_power_sensors_found_on_this_device_or_its_942e9be,string,,No power sensors found on this device (or its sub-devices) yet.,Sellel seadmel (või selle alamseadmetel) ei leitud veel võimsusandureid.,
ui_no_profile_available_98d6e00,string,,No profile available,Profiili pole saadaval,
ui_no_sensors_found_edacf22,string,,No %1$s sensors found.,%1$s andureid ei leitud.,keep %1$s
ui_no_sensors_selected_open_the_widget_settings_in_edit_cd87a2e,string,,No sensors selected — open the widget settings in edit mode.,Andureid pole valitud — avage redigeerimisrežiimis vidina seaded.,
ui_no_servers_found_yet_make_sure_you_re_on_7e6832d,string,,"No servers found yet. Make sure you're on the same Wi-Fi, or enter the address below.","Servereid pole veel leitud. Veenduge, et kasutate sama WiFi-võrku, või sisestage allpool olev aadress.",
ui_no_speed_control_linked_cb0e9ad,string,,No speed control linked,Kiiruse reguleerimine pole ühendatud,
ui_no_status_history_enable_parcel_history_in_the_integration_302ca4a,string,,No status history (enable parcel history in the integration options),Olekuajalugu pole (lubage integreerimisvalikutes paki ajalugu),
ui_no_stream_available_0535c4e,string,,No stream available,Otseülekanne pole saadaval,
ui_no_stream_available_6bfd14a,string,,No Stream Available,Voog pole saadaval,
ui_no_supported_alarm_modes_reported_by_this_entity_588b22a,string,,No supported alarm modes reported by this entity,See olem ei teatanud ühtegi toetatud häirerežiimi,
ui_no_target_f919b89,string,,No target,Sihtmärki pole,
ui_no_tariff_sensors_configured_in_energy_settings_2ad6a3c,string,,No tariff sensors configured in Energy Settings.,Energiaseadetes pole tariifiandureid konfigureeritud.,
ui_no_thanks_6d745b3,string,,No thanks,Ei aitäh,
ui_no_upcoming_collections_feff2a6,string,,No upcoming collections,Tulevasi kogusid pole,
ui_no_waste_sensors_selected_68b51ce,string,,No waste sensors selected,Jäätmeandureid pole valitud,
ui_no_waste_sensors_selected_add_them_via_the_widget_554ff3d,string,,No waste sensors selected. Add them via the widget settings in edit mode.,Jäätmeandureid pole valitud. Lisage need redigeerimisrežiimis vidina seadete kaudu.,
ui_no_weather_cards_ce32255,string,,No weather cards,Ilmakaarte pole,
ui_no_weather_entity_available_7476bcb,string,,No weather entity available,Ilmateate pole saadaval,
ui_no_widgets_match_73a3c20,string,,"No widgets match ""%1$s""","Ükski vidin ei vasta ""%1$s""",keep %1$s
ui_none_6eef664,string,,None,Mitte ühtegi,
ui_none_auto_cc8786f,string,,None / Auto,Puudub / Automaatne,
ui_none_modes_stay_as_the_only_control_b62bff7,string,,None — modes stay as the only control,Puudub – režiimid jäävad ainsaks juhtnupuks,
ui_none_of_your_configured_carriers_support_adding_a_parcel_21dc0a4,string,,"None of your configured carriers support adding a parcel by tracking number. Account-based carriers (PostNL, DPD, DHL) only track what's already in your account.","Ükski teie konfigureeritud vedajatest ei toeta paki lisamist jälgimisnumbri järgi. Kontopõhised operaatorid (PostNL, DPD, DHL) jälgivad ainult seda, mis teie kontol juba on.",
ui_none_selected_5798946,string,,None selected,Ühtegi pole valitud,
ui_none_timer_follows_the_completion_time_only_09d470a,string,,None — timer follows the completion time only,Puudub – taimer järgib ainult valmimisaega,
ui_not_enough_data_cdb9d58,string,,Not enough data,Andmeid pole piisavalt,
ui_not_enough_data_in_this_period_48188c4,string,,Not enough data in this period,Sellel perioodil pole piisavalt andmeid,
ui_not_loaded_by_home_assistant_95f811a,string,,Not loaded by Home Assistant,Home Assistant pole laadinud,don't translate Home Assistant
ui_not_set_93039e6,string,,Not set,Pole määratud,
ui_nothing_here_7f42022,string,,Nothing here.,Siin pole midagi.,
ui_nothing_hidden_fd1cdd3,string,,Nothing hidden,Ei midagi varjatud,
ui_nothing_is_shared_yet_fca61d0,string,,Nothing is shared yet.,Midagi pole veel jagatud.,
ui_nothing_removed_d67902f,string,,Nothing removed.,Midagi ei eemaldatud.,
ui_nothing_removed_use_edit_mode_on_the_climate_page_dd07910,string,,Nothing removed. Use edit mode on the Climate page to remove cards; they land here and can be restored.,Midagi ei eemaldatud. Kasutage kaartide eemaldamiseks muutmisrežiimi lehel Kliima; nad maanduvad siia ja neid saab taastada.,
ui_nothing_to_reorder_yet_cdcbb36,string,,Nothing to reorder yet.,Pole veel midagi ümber tellida.,
ui_notification_c18f8f2,string,,Notification,Teavitus,
ui_notifications_753a22b,string,,Notifications,Märguanded,
ui_notifications_are_delivered_over_the_app_s_live_connection_d2aa965,string,,Notifications are delivered over the app's live connection whenever it is open — send them from Home Assistant with the notify service for this device. Swipe in from the left edge to see the history.,"Märguanded edastatakse rakenduse reaalajas ühenduse kaudu alati, kui see on avatud – saatke need aadressilt Home Assistant selle seadme teavitusteenusega. Ajaloo vaatamiseks pühkige vasakult servast sisse.",don't translate Home Assistant
ui_now_e3b8204,string,,Now,Nüüd,
ui_of_3_enabled_5cdedd4,string,,%1$s of 3 enabled,%1$s 3-st on lubatud,keep %1$s
ui_of_home_fdfd824,string,,%1$s%% of home,%1$s%% kodust,keep %1$s
ui_off_ad50489,string,,OFF,VÄLJAS,
ui_off_at_any_time_in_android_settings_4607e2c,string,,off at any time in Android settings.,Androidi seadetes igal ajal välja.,
ui_off_e3de5ab,string,,Off,Väljas,
ui_ok_9ce3bd4,string,,OK,OK,
ui_on_12469c7,string,,On - %1$s%%,Sees – %1$s%%,keep %1$s
ui_on_387d7a5,string,,ON,SEES,
ui_on_e0049a6,string,,On,Sees,
ui_on_f9ca2fe,string,,%1$s%% • ON,%1$s%% • SEES,keep %1$s
ui_on_these_wi_fi_networks_the_app_connects_via_82d3f1f,string,,On these Wi-Fi networks the app connects via the internal URL; everywhere else it uses the main server URL above.,Nendes WiFi-võrkudes loob rakendus ühenduse sisemise URL-i kaudu; kõikjal mujal kasutab see ülaltoodud peamise serveri URL-i.,
ui_on_this_device_a7f9620,string,,On this device,Sellel seadmel,
ui_onboard_step_fefaac1,string,,onboard_step,onboard_step,
ui_only_percentage_sensors_classified_by_home_assistant_as_ba_0d94a2a,string,,Only percentage sensors classified by Home Assistant as batteries are imported. ,"Imporditakse ainult protsendiandureid, mis on klassifitseeritud Home Assistant patareidena.",don't translate Home Assistant; keep the space at the start/end
ui_only_show_battery_entities_and_include_battery_type_detail_b216867,string,,Only show Battery+ entities and include battery type details,Kuvage ainult Battery+ üksused ja lisage aku tüübi üksikasjad,
ui_only_show_battery_entities_and_include_type_quantity_and_0d8ce40,string,,"Only show Battery+ entities and include type, quantity, and related battery info.","Kuvage ainult Battery+ üksused ja lisage aku tüüp, kogus ja seotud teave.",
ui_open_camera_full_screen_afc186b,string,,Open camera full screen,Ava kaamera täisekraanil,
ui_open_cf9b770,string,,Open,Avatud,
ui_open_history_for_graph_ae801d5,string,,Open history for graph,Ava graafiku ajalugu,
ui_open_link_d2de1a2,string,,Open link,Ava link,
ui_open_source_and_premium_licensing_0328125,string,,Open-source and premium licensing,Avatud lähtekoodiga ja lisatasu litsentsimine,
ui_open_the_component_on_github_c1e5ee5,string,,Open the component on GitHub,Avage komponent GitHubis,
ui_open_this_panel_by_swiping_left_from_the_upper_671e63c,string,,Open this panel by swiping left from the upper-right edge of any page header.,Selle paneeli avamiseks pühkige lehe päise paremast ülaservast vasakule.,
ui_opening_dashboard_8e99930,string,,Opening dashboard…,Armatuurlaua avamine…,
ui_openstreetmap_fa78a33,string,,OpenStreetMap,OpenStreetMap,
ui_optional_context_shown_by_the_lock_card_03f6814,string,,Optional context shown by the lock card,Lukukaardi kuvatav valikuline kontekst,
ui_optional_controls_and_sensors_for_richer_dialogs_7a80e7b,string,,Optional controls and sensors for richer dialogs,Valikulised juhtnupud ja andurid rikkalikumate dialoogide jaoks,
ui_optional_display_name_and_icon_override_f7a6cda,string,,Optional display name and icon override,Valikuline kuvatava nime ja ikooni alistamine,
ui_optional_fields_passed_to_home_assistant_54dffc6,string,,Optional fields passed to Home Assistant,Valikulised väljad edastati kasutajale Home Assistant,don't translate Home Assistant
ui_optional_label_shown_when_name_is_enabled_above_8229e92,string,,"Optional label shown when ""Name"" is enabled above","Valikuline silt kuvatakse, kui ülal on lubatud ""Nimi"".",
ui_optional_name_and_icon_overrides_5dfd062,string,,Optional name and icon overrides,Valikulised nime ja ikooni alistamised,
ui_optional_name_and_icon_shown_above_this_stack_272f237,string,,Optional name and icon shown above this stack,Selle virna kohal kuvatav valikuline nimi ja ikoon,
ui_optional_premium_5ae8183,string,,Optional Premium,Valikuline Premium,
ui_optional_support_for_development_and_testing_costs_5d6af95,string,,Optional support for development and testing costs,Valikuline tugi arendus- ja testimiskuludeks,
ui_optional_title_and_dashboard_width_e04c6e8,string,,Optional title and dashboard width,Valikuline pealkiri ja armatuurlaua laius,
ui_optional_title_width_and_supported_shape_8b2e456,string,,"Optional title, width, and supported shape","Valikuline pealkiri, laius ja toetatud kuju",
ui_options_6bf5da9,string,,Options,Valikud,
ui_organization_519255a,string,,Organization,Organisatsioon,
ui_oscillate_3d3c9bd,string,,Oscillate,võnkuma,
ui_outside_cbbef8c,string,,OUTSIDE,VÄLJAS,
ui_outside_is_never_auto_detected_either_link_a_weather_eb8cc14,string,,"Outside is never auto-detected. Either link a weather entity (it usually carries temperature, humidity and pressure) or pick individual outdoor sensors below. The temperature feeds the Outside tile and the hero's outside reading.","Väljast ei tuvastata kunagi automaatselt. Kas linkige ilmateade (see kannab tavaliselt temperatuuri, niiskust ja rõhku) või valige allpool üksikud välisandurid. Temperatuur toidab välise paani ja kangelase välisnäitu.",
ui_outside_weather_entity_98e8465,string,,Outside weather entity,Väljaspool ilmastikuolemust,
ui_page_areas_1068b64,string,,Page areas,Lehekülje alad,
ui_page_icon_b58a288,string,,Page icon,Lehe ikoon,
ui_page_identity_dafa8dd,string,,Page identity,Lehe identiteet,
ui_page_name_c99f51a,string,,Page name,Lehekülje nimi,
ui_page_settings_0a44afc,string,,Page settings,Lehe seaded,
ui_page_subtitle_8a04084,string,,Page subtitle,Lehekülje alapealkiri,
ui_parcel_9ddaaee,string,,Parcel,Pakk,
ui_parcels_16129ec,string,,Parcels,Pakid,
ui_parental_controls_c4f61d0,string,,Parental controls,Vanemlik kontroll,
ui_parental_controls_dashboard_sharing_and_permissions_b74e0c0,string,,"Parental controls, dashboard sharing, and permissions","Vanemlik järelevalve, armatuurlaua jagamine ja load",
ui_parental_controls_sharing_needs_the_hki_7_cloud_component_7929459,string,,Parental controls & sharing — needs the HKI 7 Cloud component,Vanemlik järelevalve ja jagamine – vajab komponenti HKI 7 Cloud,don't translate HKI 7 Cloud
ui_pause_781961b,string,,Pause,Paus,
ui_pause_adaptation_821b33e,string,,Pause adaptation,Peatage kohanemine,
ui_pending_timer_dbf15fa,string,,Pending timer,Ootel taimer,
ui_people_b37554f,string,,People,Inimesed,
ui_permission_needed_7c7a8e5,string,,Permission needed,Vajalik luba,
ui_permissions_d06d555,string,,Permissions,load,
ui_person_settings_977e009,string,,Person settings,Isiku seaded,
ui_personal_information_used_throughout_hki_7_b7d1b08,string,,Personal information used throughout HKI 7,Kogu HKI 7 jooksul kasutatud isikuandmeid,don't translate HKI 7
ui_personalize_7602b35,string,,Personalize,Isikupärasta,
ui_persons_order_9fe91dc,string,,Persons order,Isikud tellivad,
ui_phase_17619b8,string,,Phase %1$s,Faas %1$s,keep %1$s
ui_pick_a_carbon_footprint_device_ea1fe94,string,,Pick a carbon footprint device,Valige süsiniku jalajälje seade,
ui_pick_a_device_to_auto_fill_the_sensors_below_f396326,string,,Pick a device to auto-fill the sensors below,Valige allolevate andurite automaatseks täitmiseks seade,
ui_pick_a_source_device_or_fine_tune_individual_roles_beb54f5,string,,Pick a source device or fine-tune individual roles,Valige lähteseade või viimistlege üksikuid rolle,
ui_pick_a_starting_point_everything_remains_editable_340924e,string,,Pick a starting point; everything remains editable,Valige lähtepunkt; kõik jääb redigeeritavaks,
ui_pickup_b6da461,string,,Pickup: %1$s,Järeletulemine: %1$s,keep %1$s
ui_pin_3adadd3,string,,PIN,PIN-kood,
ui_place_this_room_in_the_correct_floor_group_52c044a,string,,Place this room in the correct floor group,Asetage see ruum õigesse põrandarühma,
ui_placement_ab89d05,string,,Placement,Paigutus,
ui_playback_c8e3087,string,,Playback,Taasesitus,
ui_player_e53407c,string,,Player,Mängija,
ui_players_summarized_by_the_room_header_and_card_729ea70,string,,Players summarized by the room header and card,Mängijad kokku võetud ruumi päise ja kaardi järgi,
ui_please_wait_5afeca7,string,,Please wait…,Palun oota…,
ui_position_d0b0314,string,,POSITION,SEISUKOHT,
ui_postal_code_optional_b86b6a2,string,,Postal code (optional),Postiindeks (valikuline),
ui_power_c2b6b52,string,,POWER,VÕIMSUS,
ui_power_overview_a204dd7,string,,Power overview,Võimsuse ülevaade,
ui_power_per_phase_1f38fb0,string,,Power per phase,Võimsus faasi kohta,
ui_precipitation_60d5e73,string,,Precipitation,Sademed,
ui_premium_icon_packs_animated_icons_and_artwork_premium_them_6363fef,string,,"Premium icon packs, animated icons and artwork, premium themes, entitlement services, and any separately marked premium modules are not covered by MPL-2.0. They remain proprietary and are licensed for personal use through a valid Premium entitlement.","MPL-2.0 ei hõlma esmaklassilisi ikoonipakette, animeeritud ikoone ja kunstiteoseid, esmaklassilisi teemasid, õigusteenuseid ega eraldi märgistatud premium-mooduleid. Need jäävad omandiõiguseks ja neil on kehtiva Premiumi õiguse alusel litsents isiklikuks kasutamiseks.",
ui_presets_6891289,string,,PRESETS,PRESETS,
ui_presets_e709e76,string,,Presets,Eelseaded,
ui_press_ea683ad,string,,Press,Vajutage,
ui_prevents_android_from_delaying_battery_charging_and_presen_623b898,string,,"Prevents Android from delaying battery, charging, and presence updates while the device is idle.","Takistab Androidil aku, laadimise ja kohaloleku värskenduste viivitamist, kui seade on jõude.",
ui_previous_camera_5014da7,string,,Previous camera,Eelmine kaamera,
ui_produced_5028c07,string,,Produced %1$s,Toodetud %1$s,keep %1$s
ui_production_overview_fbbfc38,string,,Production overview,Tootmise ülevaade,
ui_profile_ff4fc02,string,,Profile,Profiil,
ui_profile_switches_affect_every_light_assigned_to_19ba9ec,string,,Profile switches affect every light assigned to %1$s.,Profiililülitid mõjutavad iga %1$s-le määratud valgust.,keep %1$s
ui_profiles_0c2a930,string,,Profiles,Profiilid,
ui_project_information_licensing_and_community_support_9fc47d6,string,,"Project information, licensing, and community support","Projektiteave, litsentsimine ja kogukonna tugi",
ui_publish_one_of_your_dashboards_to_your_family_recipients_88c1d49,string,,Publish one of your dashboards to your family. Recipients import it from Settings › Dashboard and can pull updates later. Set what they may change under Permissions.,"Avaldage üks oma juhtpaneelidest oma perele. Saajad impordivad selle jaotisest Seaded › Armatuurlaud ja saavad hiljem värskendusi tõmmata. Määrake jaotises Lubad, mida nad võivad muuta.",
ui_published_to_your_family_33fc8da,string,,Published to your family,Avaldatud teie perele,
ui_pulse_8439fc4,string,,pulse,pulss,
ui_pulsescale_939f5c2,string,,pulseScale,impulssskaala,
ui_push_delivery_and_history_aa3e29d,string,,Push delivery and history,Push-edastus ja ajalugu,
ui_push_my_changes_now_ddff3f6,string,,Push my changes now,Edastage minu muudatused kohe,
ui_pushing_3c52088,string,,Pushing…,Lükkamine…,
ui_quick_actions_e47e804,string,,Quick actions,Kiired toimingud,
ui_quick_start_gesture_23ee6fe,string,,quick_start_gesture,quick_start_žest,
ui_rain_0a858c9,string,,Rain,Vihma,
ui_rain_map_7c1862a,string,,Rain map,Vihma kaart,
ui_rain_map_image_url_0c47012,string,,Rain map image URL,Vihmakaardi pildi URL,
ui_rain_map_url_iframe_3f22653,string,,Rain map URL (iframe),Vihmakaardi URL (iframe),
ui_re_import_batteries_9473d07,string,,Re-import batteries,Importige patareid uuesti,
ui_re_import_batteries_f3b8458,string,,Re-import Batteries,Impordi patareid uuesti,
ui_re_import_climate_3ed098c,string,,Re-import climate,Reimpordi kliima,
ui_re_import_climate_f7f5678,string,,Re-import Climate,Kliima uuesti importimine,
ui_re_import_energy_9e66bbb,string,,Re-import Energy,Energia uuesti importimine,
ui_re_import_energy_c0b0fcc,string,,Re-import energy,Energia uuesti importimine,
ui_re_import_rooms_6cc58f9,string,,Re-import rooms,Ruumide uuesti importimine,
ui_re_import_rooms_b49077d,string,,Re-import Rooms,Ruumide uuesti importimine,
ui_re_import_security_411e76d,string,,Re-import Security,Turvalisus uuesti importida,
ui_re_import_security_fcf0ad8,string,,Re-import security,Turvalisus uuesti importida,
ui_read_only_home_assistant_automation_46d25b7,string,,Read-only Home Assistant automation,Kirjutuskaitstud Home Assistant automatiseerimine,don't translate Home Assistant
ui_read_the_full_mpl_2_0_4d68c7d,string,,Read the full MPL 2.0,Lugege kogu MPL 2.0,
ui_ready_20c7c55,string,,Ready,Valmis,
ui_receive_home_assistant_alerts_and_actionable_notifications_386435f,string,,Receive Home Assistant alerts and actionable notifications on this device.,Saate selles seadmes Home Assistant märguandeid ja toimivaid märguandeid.,don't translate Home Assistant
ui_recipes_create_regular_home_assistant_automations_you_can_a81bf72,string,,Recipes create regular Home Assistant automations. You can continue editing them in either HKI7 or Home Assistant.,Retseptid loovad tavalisi Home Assistant automatiseerimisi. Saate jätkata nende muutmist kas HKI7 või Home Assistant.,"don't translate Home Assistant, HKI7"
ui_recommended_e37d21e,string,,RECOMMENDED,SOOVITATAV,
ui_recording_09b5b61,string,,Recording · ,Salvestamine ·,keep the space at the start/end
ui_refresh_56e3bad,string,,Refresh,Värskenda,
ui_refresh_connection_46966aa,string,,Refresh Connection,Värskenda ühendus,
ui_refresh_interval_f086d9d,string,,Refresh interval,Värskendusintervall,
ui_relock_after_4db5c55,string,,Relock after,Pärast uuesti lukustamist,
ui_remote_access_is_ready_0e26b5a,string,,Remote access is ready.,Kaugjuurdepääs on valmis.,
ui_remote_access_optional_75dd54d,string,,Remote access (optional),Kaugjuurdepääs (valikuline),
ui_remove_436e1a0,string,,Remove %1$s?,Kas eemaldada %1$s?,keep %1$s
ui_remove_avatar_58e0c56,string,,Remove avatar,Eemalda avatar,
ui_remove_e963907,string,,Remove,Eemalda,
ui_remove_edits_and_import_all_7f0b4a1,string,,Remove edits and import all,Eemaldage muudatused ja importige kõik,
ui_removed_entities_559c584,string,,Removed entities (%1$s),Eemaldatud olemid (%1$s),keep %1$s
ui_removed_entities_6dbeb2d,string,,Removed entities,Eemaldatud olemid,
ui_removed_entities_are_excluded_from_cards_graphs_tiles_and_628e91a,string,,"Removed entities are excluded from cards, graphs, tiles and averages. Tap ✕ to restore.","Eemaldatud olemid jäetakse kaartidelt, graafikutelt, paanidelt ja keskmistest välja. Puudutage taastamiseks ✕.",
ui_rename_d3f4cb8,string,,Rename,Nimeta ümber,
ui_rename_dashboard_ceb1d6d,string,,Rename dashboard,Armatuurlaua ümbernimetamine,
ui_rename_home_assistant_f1a0d6f,string,,Rename Home Assistant,Nimeta ümber Home Assistant,don't translate Home Assistant
ui_rename_players_and_choose_which_ones_may_show_the_212864f,string,,Rename players and choose which ones may show the mini player above the navigation bar while playing.,"Nimetage mängijad ümber ja valige, millised võivad minipleierit mängimise ajal navigeerimisriba kohal kuvada.",
ui_rename_players_and_mini_player_visibility_8d0e1f7,string,,Rename players and mini player visibility,Nimetage mängijad ümber ja minipleieri nähtavus,
ui_rendering_style_and_history_range_be872e9,string,,Rendering style and history range,Renderdusstiil ja ajaloovahemik,
ui_reorder_and_hide_tabs_39de701,string,,Reorder and hide tabs,Vahelehtede järjestamine ja peitmine,
ui_reorder_cameras_b226c47,string,,Reorder cameras,Kaamerad ümber tellida,
ui_reorder_cards_147ed64,string,,Reorder cards,Tellige kaardid ümber,
ui_reorder_devices_8bcc061,string,,Reorder devices,Seadmete ümbertellimine,
ui_repeat_659eba1,string,,Repeat,Korda,
ui_repeats_every_day_only_the_time_of_day_is_a71f502,string,,Repeats every day — only the time of day is used.,Kordub iga päev — kasutatakse ainult kellaaega.,
ui_repeats_every_month_only_the_day_of_the_month_93ca445,string,,Repeats every month — only the day of the month and time are used.,Kordub iga kuu — kasutatakse ainult kuu päeva ja kellaaega.,
ui_repeats_every_week_only_the_weekday_and_time_are_8f36757,string,,Repeats every week — only the weekday and time are used.,Kordub iga nädal – kasutatakse ainult nädalapäeva ja kellaaega.,
ui_repeats_every_year_the_year_is_ignored_so_e_a661f32,string,,"Repeats every year — the year is ignored, so e.g. 24–26 Dec recurs each Christmas.","Kordub igal aastal — aastat eiratakse, seega nt. 24.–26. dets. kordub igal jõulupühal.",
ui_require_an_extra_gesture_or_pin_before_actions_run_19ae393,string,,Require an extra gesture or PIN before actions run,Nõua enne toimingute käivitamist täiendavat liigutust või PIN-koodi,
ui_required_9100e2e,string,, (required),(nõutav),keep the space at the start/end
ui_required_state_bdc9c95,string,,Required state,Nõutav olek,
ui_reset_44c57ab,string,,Reset,Lähtesta,
ui_reset_everything_2d6cd07,string,,Reset Everything,Lähtestage kõik,
ui_restart_b134bd5,string,,Restart,Taaskäivitage,
ui_restart_home_assistant_0206bf0,string,,Restart Home Assistant?,Kas taaskäivitada Home Assistant?,don't translate Home Assistant
ui_restart_home_assistant_551322c,string,,Restart Home Assistant,Taaskäivitage Home Assistant,don't translate Home Assistant
ui_restarting_b86eee1,string,,Restarting…,Taaskäivitamine…,
ui_restore_3cbe6d6,string,,Restore,Taasta,
ui_restore_backup_a65eaa8,string,,Restore backup,Taasta varukoopia,
ui_restore_from_cloud_52b6663,string,,Restore from cloud,Taasta pilvest,
ui_restore_from_home_assistant_13aec1d,string,,Restore from Home Assistant,Taasta alates Home Assistant,don't translate Home Assistant
ui_resume_adaptation_ac73b12,string,,Resume adaptation,Jätkake kohanemist,
ui_resume_b3bd0b5,string,,Resume,Jätka,
ui_reverse_57f9933,string,,Reverse,Tagurpidi,
ui_right_954daa8,string,,Right,Õige,
ui_right_side_overflows_left_d75893d,string,,Right side overflows left,Parem pool voolab üle vasakule,
ui_room_areas_584c8ee,string,,Room areas,Ruumi alad,
ui_room_climate_c57811d,string,,Room climate,Ruumi kliima,
ui_room_name_8605e33,string,,Room name,Ruumi nimi,
ui_room_scale_6602c22,string,,room-scale,ruumiline,
ui_rooms_3a28d6f,string,,Rooms,Toad,
ui_rooms_are_imported_2ef3415,string,,Rooms are imported,Ruumid on imporditud,
ui_rooms_in_auto_mode_are_imported_from_home_assistant_c583d84,string,,Rooms in auto mode are imported from Home Assistant. Switch to manual or take over the current dashboard to add widgets by hand.,"Automaatrežiimis olevad ruumid imporditakse saidilt Home Assistant. Lülituge käsitsi või võtke üle praegune armatuurlaud, et lisada vidinaid käsitsi.",don't translate Home Assistant
ui_rotation_acaf322,string,,rotation,pöörlemine,
ui_roundness_of_buttons_cards_and_widgets_3573fff,string,,"Roundness of buttons, cards and widgets","Nuppude, kaartide ja vidinate ümarus",
ui_run_b1b3926,string,,Run,Jookse,
ui_run_mode_12ce660,string,,Run mode,Käitusrežiim,
ui_running_state_entity_3c8ffde,string,,Running-state entity,Töötav olek,
ui_s_02aa629,string,,S,S,
ui_s_are_81c69ca,string,,s are,s on,
ui_s_refresh_10a9b0b,string,,%1$ss refresh,%1$ss värskendus,keep %1$s
ui_save_efc007a,string,,Save,Salvesta,
ui_save_in_home_assistant_eacb2ce,string,,Save in Home Assistant,Salvestage Home Assistant,don't translate Home Assistant
ui_save_local_network_7f0247d,string,,Save Local Network,Salvesta kohalik võrk,
ui_save_or_restore_dashboard_configuration_be8f39f,string,,Save or restore dashboard configuration,Salvestage või taastage armatuurlaua konfiguratsioon,
ui_save_profile_f597c0e,string,,Save profile,Salvesta profiil,
ui_save_remote_access_05740bc,string,,Save Remote Access,Salvestage kaugjuurdepääs,
ui_saved_directly_in_the_native_automation_734f9ba,string,,Saved directly in the native automation,Salvestatud otse algsesse automatiseerimisse,
ui_saving_56a2285,string,,Saving…,Salvestamine…,
ui_scanning_36c4a06,string,,Scanning…,Skannimine…,
ui_scheduled_1cd1bda,string,,Scheduled,Planeeritud,
ui_search_actions_9313854,string,,Search actions,Otsingutoimingud,
ui_search_automations_9172ba9,string,,Search automations,Otsinguautomaatika,
ui_search_batteries_a63e58b,string,,Search batteries,Otsige patareid,
ui_search_bce0641,string,,Search,Otsi,
ui_search_by_name_28abc03,string,,Search by name,Otsi nime järgi,
ui_search_devices_2ce0b70,string,,Search devices,Otsige seadmeid,
ui_search_entities_7c70008,string,,Search entities,Otsi üksusi,
ui_search_f54fbca,string,,Search…,Otsi…,
ui_search_filters_3d10e32,string,,Search & filters,Otsing ja filtrid,
ui_search_sort_9fe6cb4,string,,Search & sort,Otsi ja sorteeri,
ui_search_the_material_design_icon_library_2a2aa8d,string,,Search the Material Design icon library,Otsige materjalidisaini ikooniteegist,
ui_search_widgets_9525879,string,,Search widgets,Otsi vidinaid,
ui_season_62255f5,string,,Season,Hooaeg,
ui_season_card_flip_6683142,string,,season-card-flip,hooaja-kaart-flip,
ui_secondary_line_ca81690,string,,Secondary line,Sekundaarne rida,
ui_seconds_5fb1db5,string,,Seconds,Sekundid,
ui_securitydoor_929c4fc,string,,securityDoor,turvauks,
ui_securitygarage_499e9f7,string,,securityGarage,turvalisus Garaaž,
ui_securitygate_0743480,string,,securityGate,turvavärav,
ui_securityhouse_08bd121,string,,securityHouse,turvamaja,
ui_securityphase_f4739f6,string,,securityPhase,turvafaas,
ui_securitypulse_5340cf8,string,,securityPulse,turvalisusPulse,
ui_securitywindow_4619bf3,string,,securityWindow,turvaaken,
ui_select_0fc8ec5,string,,Select %1$s,Valige %1$s,keep %1$s
ui_select_a_mode_to_continue_0426fc8,string,,Select a mode to continue,Jätkamiseks valige režiim,
ui_select_an_effect_to_turn_it_on_75d9bec,string,,Select an effect to turn it on,Valige selle sisselülitamiseks efekt,
ui_select_an_inverter_device_in_energy_settings_solar_to_4a0aade,string,,Select an inverter device in Energy Settings → Solar to list its inverters here.,"Valige inverteri seade jaotises Energiaseaded → Päikeseenergia, et selle inverterid siin loetleda.",
ui_select_an_option_08d7aa3,string,,Select an option,Valige suvand,
ui_select_battery_devices_bfc9841,string,,Select Battery Devices,Valige Akuseadmed,
ui_select_battery_entities_b08b299,string,,Select Battery Entities,Valige Akuüksused,
ui_select_battery_sensor_51f1222,string,,Select Battery Sensor,Valige Akuandur,
ui_select_calendars_and_the_view_shown_first_d5c38b5,string,,Select calendars and the view shown first,Valige kalendrid ja esmalt kuvatav vaade,
ui_select_calendars_e26b0da,string,,Select Calendars,Valige kalendrid,
ui_select_camera_70cf6fb,string,,Select Camera,Valige Kaamera,
ui_select_climate_card_18f3b6e,string,,Select Climate Card,Valige Kliimakaart,
ui_select_device_87a4751,string,,Select Device,Valige Seade,
ui_select_door_sensor_f345fbf,string,,Select Door Sensor,Valige Ukseandur,
ui_select_empty_bin_control_d992252,string,,Select Empty Bin Control,Valige Empty Bin Control,
ui_select_energy_card_9b5bf0c,string,,Select Energy Card,Valige Energiakaart,
ui_select_entities_affed45,string,,Select Entities,Valige Olemid,
ui_select_entity_4b3713e,string,,Select Entity,Valige olemus,
ui_select_forecast_entities_f0ec511,string,,Select Forecast Entities,Valige Prognoosiüksused,
ui_select_humidity_sensor_8192d0e,string,,Select Humidity Sensor,Valige niiskusandur,
ui_select_map_camera_d5ae262,string,,Select Map Camera,Valige Kaardikaamera,
ui_select_media_player_73f4f5b,string,,Select Media Player,Valige Media Player,
ui_select_media_players_e0da90e,string,,Select Media Players,Valige Meediumipleierid,
ui_select_outside_3593063,string,,Select outside %1$s,Valige väljaspool %1$s,keep %1$s
ui_select_running_state_entity_136482a,string,,Select running-state entity,Valige tööoleku olem,
ui_select_sensor_2564e1a,string,,Select Sensor,Valige Sensor,
ui_select_sensors_5141d75,string,,Select Sensors,Valige Andurid,
ui_select_speed_control_20f7efa,string,,Select speed control,Valige kiiruse reguleerimine,
ui_select_target_entity_654e6ac,string,,Select Target Entity,Valige sihtüksus,
ui_select_temperature_sensor_821f54c,string,,Select Temperature Sensor,Valige Temperatuuriandur,
ui_select_the_alarm_panels_summarized_by_this_pill_f9b23e6,string,,Select the alarm panels summarized by this pill,Valige selle pilliga kokku võetud häirepaneelid,
ui_select_to_auto_detect_map_battery_and_controls_72bc9d7,string,,"Select to auto-detect map, battery and controls","Valige kaardi, aku ja juhtelementide automaatseks tuvastamiseks",
ui_select_to_auto_fill_helper_entities_below_84a8833,string,,Select to auto-fill helper entities below,Valige allpool abiüksuste automaatseks täitmiseks,
ui_select_vacuum_4663021,string,,Select Vacuum,Valige vaakum,
ui_select_vacuum_entity_dbda6f4,string,,Select Vacuum Entity,Valige vaakumüksus,
ui_select_vacuums_7c2d22a,string,,Select Vacuums,Valige Tolmuimejad,
ui_select_waste_sensors_6006d5f,string,,Select Waste Sensors,Valige Jäätmeandurid,
ui_select_water_level_562845a,string,,Select Water Level,Valige Veetase,
ui_select_weather_2357e9d,string,,Select Weather,Valige Ilm,
ui_select_weather_entity_d489986,string,,Select Weather Entity,Valige Weather Entity,
ui_select_week_calendar_640f382,string,,Select Week Calendar,Valige Nädalakalender,
ui_selected_61ed328,string,,%1$s selected,%1$s valitud,keep %1$s
ui_selected_b82aaa5,string,,%1$s · Selected,%1$s · Valitud,keep %1$s
ui_selected_for_this_card_3c4a588,string,,%1$s selected for this card,Selle kaardi jaoks on valitud %1$s,keep %1$s
ui_sensor_620ec21,string,,%1$s sensor%2$s,%1$s andur%2$s,keep %1$s %2$s
ui_sensor_efb9fbf,string,,SENSOR,SENSOR,
ui_sensor_graphs_5eb3573,string,,Sensor Graphs,Andurite graafikud,
ui_sensor_picture_c3a0ed2,string,,Sensor picture,Sensori pilt,
ui_sensors_711bf35,string,,Sensors,Andurid,
ui_sensors_and_an_optional_week_calendar_399bad3,string,,Sensors and an optional week calendar,Andurid ja valikuline nädalakalender,
ui_sensors_are_found_automatically_by_device_class_add_sensor_150bab5,string,,%1$s sensors are found automatically by device class; add sensors missing that class here.,"%1$s andurid leitakse automaatselt seadmeklasside kaupa; lisage siia andurid, mis selles klassis puuduvad.",keep %1$s
ui_separate_commercial_content_0408620,string,,Separate commercial content,Eraldi kommertssisu,
ui_server_url_1d5d1ef,string,,Server URL,Serveri URL,
ui_services_data_7864c0a,string,,Services & data,Teenused ja andmed,
ui_session_f7f1997,string,,Session,Seanss,
ui_set_448ab73,string,,Set,Määra,
ui_set_a_rain_map_image_url_in_this_widget_03729b8,string,,Set a rain map image URL in this widget's settings,Määrake selle vidina seadetes vihmakaardi pildi URL,
ui_set_the_control_style_for_every_thermostat_on_this_de5cd1e,string,,Set the control style for every thermostat on this Climate page. Standalone climate widgets keep their own layout settings.,Seadistage sellel kliimalehel iga termostaadi juhtimisstiil. Eraldiseisvad kliimavidinad säilitavad oma paigutuse seaded.,
ui_set_what_each_person_may_do_per_user_like_aa86ea2,string,,"Set what each person may do — per user, like the hidden views above. These apply when they use a dashboard you shared.","Määrake, mida iga inimene võib teha – kasutaja kohta, nagu ülaltoodud peidetud vaated. Need kehtivad siis, kui nad kasutavad teie jagatud juhtpaneeli.",
ui_settings_c7f73bb,string,,Settings,Seaded,
ui_setup_changed_b184bf0,string,,Setup changed,Seadistus muudetud,
ui_setup_progress_1a8adef,string,,Setup progress,Seadistuse edenemine,
ui_shape_and_width_on_the_dashboard_c89fefa,string,,Shape and width on the dashboard,Kuju ja laius armatuurlaual,
ui_shape_ea5c1a2,string,,Shape,Kuju,
ui_shape_visible_information_and_icon_behavior_63dec1c,string,,"Shape, visible information, and icon behavior","Kuju, nähtav teave ja ikooni käitumine",
ui_share_09ca55c,string,,Share,Jaga,
ui_share_b300e5f,string,,"Share ""%1$s""","Jaga ""%1$s""",keep %1$s
ui_share_dashboards_0917ff1,string,,Share dashboards,Armatuurlaudade jagamine,
ui_shared_dashboard_86876c0,string,,Shared dashboard,Jagatud armatuurlaud,
ui_shared_with_me_f40ca84,string,,Shared with me,Minuga jagatud,
ui_sharing_ad00590,string,,Sharing…,Jagamine…,
ui_show_a_descending_timer_when_the_value_is_a_1ae7350,string,,"Show a descending timer when the value is a completion time (e.g. a washer/dryer finish time). Active while counting, off at zero.","Näita kahanevat taimerit, kui väärtus on valmimisaeg (nt pesumasina/kuivati lõppaeg). Aktiivne loendamise ajal, nullist välja lülitatud.",
ui_show_a_live_radar_rain_map_card_a_camera_a0e11c8,string,,Show a live radar/rain map card — a camera entity or an embedded web page (iframe),Näita reaalajas radari/vihmakaardi kaarti – kaamera olemit või manustatud veebilehte (iframe),
ui_show_activity_badge_f5d56bb,string,,Show activity badge,Näita tegevuse märki,
ui_show_badge_bar_827499b,string,,Show badge bar,Kuva märgiriba,
ui_show_flows_button_9e888be,string,,Show flows button,Kuva voogude nupp,
ui_show_global_search_e7aefbe,string,,Show global search,Kuva globaalne otsing,
ui_show_group_380c43e,string,,Show group,Näita gruppi,
ui_show_in_header_43f0dfd,string,,Show in header,Kuva päises,
ui_show_persons_c4e81a0,string,,Show persons,Näita inimesi,
ui_show_the_automations_flows_button_16254ce,string,,Show the automations (flows) button,Näita automaatika (voogude) nuppu,
ui_show_the_entity_s_state_or_one_of_its_1008a4d,string,,"Show the entity's state, or one of its attributes instead",Kuvage olemi olek või selle asemel mõni selle atribuutidest,
ui_show_the_entity_s_state_or_one_of_its_e721168,string,,"Show the entity's state, or one of its attributes instead.",Kuvage olemi olek või selle asemel mõni selle atribuutidest.,
ui_show_the_global_search_button_0517d8b,string,,Show the global search button,Kuva globaalse otsingu nupp,
ui_show_widget_name_5ad7fc9,string,,Show widget name,Kuva vidina nimi,
ui_shown_b1015a1,string,,%1$s shown,%1$s näidatud,keep %1$s
ui_shows_an_icon_matching_the_waste_type_gft_pmd_1966fe0,string,,"Shows an icon matching the waste type (GFT, PMD, paper, …).","Näitab jäätmetüübile vastavat ikooni (GFT, PMD, paber jne).",
ui_side_split_alignment_b9c5399,string,,Side (split alignment),Külg (jaotatud joondus),
ui_sign_out_safely_or_reset_this_installation_681fac2,string,,Sign out safely or reset this installation,Logige turvaliselt välja või lähtestage see installimine,
ui_signing_you_in_10d0636,string,,Signing you in…,Sind sisse logides…,
ui_size_shape_and_artwork_4bb38bb,string,,"Size, shape, and artwork","Suurus, kuju ja kunstiteos",
ui_size_shape_and_background_24dd9b6,string,,"Size, shape, and background","Suurus, kuju ja taust",
ui_snapshot_b08ae37,string,,Snapshot,Hetktõmmis,
ui_solar_0e26539,string,,Solar,Päikeseenergia,
ui_solar_noon_599372c,string,,Solar noon %1$s,Päikese keskpäev %1$s,keep %1$s
ui_sort_d5f73d6,string,,Sort: %1$s,Sordi: %1$s,keep %1$s
ui_source_and_card_refresh_behavior_0a26324,string,,Source and card refresh behavior,Allika ja kaardi värskendamise käitumine,
ui_source_device_4ddad2a,string,,Source device,Lähteseade,
ui_span_badges_58c73f2,string,,Span badges,Säilitusmärgid,
ui_speed_265ffc5,string,,SPEED,KIIRUS,
ui_speed_control_89a2786,string,,Speed control,Kiiruse reguleerimine,
ui_spin_a801301,string,,spin,keerutada,
ui_square_82810cb,string,,Square,Ruut,
ui_stack_cards_8bdc343,string,,Stack Cards,Virna kaardid,
ui_stack_layout_1623679,string,,Stack layout,Virna paigutus,
ui_stack_name_7507e93,string,,Stack name,Virna nimi,
ui_stack_page_3d91ce9,string,,stack_page,virna_leht,
ui_stack_title_46ccc2d,string,,Stack title,Virna pealkiri,
ui_stack_title_cc2f1ed,string,,Stack Title,Virna pealkiri,
ui_stacks_249f056,string,,Stacks,Virnad,
ui_standard_2dfa660,string,,Standard,Standardne,
ui_start_24758a5,string,,Start: %1$s,Algus: %1$s,keep %1$s
ui_start_empty_25336ee,string,,Start empty,Alusta tühjalt,
ui_start_empty_888db50,string,,Start Empty,Alusta tühjaks,
ui_start_new_dashboard_8c71127,string,,Start new dashboard?,Kas alustada uut armatuurlauda?,
ui_start_with_a_useful_recipe_then_adjust_each_step_d560a2a,string,,"Start with a useful recipe, then adjust each step","Alustage kasuliku retseptiga, seejärel kohandage iga sammu",
ui_state_a725020,string,,State,osariik,
ui_state_bef84bb,string,,STATE,RIIK,
ui_state_text_6749c0a,string,,State text,Riigitekst,
ui_stream_df06386,string,,Stream,Voog,
ui_style_99a0efc,string,,Style,Stiil,
ui_sunrise_and_sunset_data_unavailable_3295324,string,,Sunrise and sunset data unavailable,Päikesetõusu ja -loojangu andmed pole saadaval,
ui_sunrise_fadf71c,string,,Sunrise,Päikesetõus,
ui_sunset_181bcd5,string,,Sunset,Päikeseloojang,
ui_support_f32d5a3,string,,Support,Toetus,
ui_support_via_buy_me_a_coffee_d7dadd1,string,,Support via Buy Me a Coffee,Toetage teenuse Buy Me a Coffee kaudu,
ui_support_via_paypal_7184a5d,string,,Support via PayPal,Tugi PayPali kaudu,
ui_support_without_premium_0a4aebd,string,,Support without Premium,Tugi ilma Premiumita,
ui_supports_headings_lists_quotes_code_bold_italic_code_strik_e295744,string,,"Supports # headings, lists, > quotes, ``` code, **bold**, *italic*, `code`, ~~strike~~ and [links](https://…).","Toetab # pealkirja, loendit, > jutumärke, ``` koodi, **paksu**, *kaldkirja*, koodi, ~~trike~~ ja [linke](https://…).",
ui_swing_65d8d45,string,,Swing,Kiik,
ui_swing_horizontal_c166cda,string,,Swing (horizontal),Kiik (horisontaalne),
ui_swipe_left_from_the_upper_right_edge_of_a_416c467,string,,Swipe left from the upper-right edge of a page header to switch homes at any time.,Kodu igal ajal vahetamiseks pühkige lehe päise paremast ülaservast vasakule.,
ui_switch_b02cbd9,string,,SWITCH,LÜLITI,
ui_switch_home_e6ceda2,string,,Switch home,Lülitu koju,
ui_system_dark_theme_c7e4ff9,string,,System Dark Theme,Süsteemi tume teema,
ui_system_light_theme_5bc7623,string,,System Light Theme,Süsteemi valguse teema,
ui_systems_idle_584a6f0,string,,Systems idle,Süsteemid jõude,
ui_t_c2c53d6,string,,T,T,
ui_tabs_and_media_controls_shown_throughout_the_app_5d9c1ff,string,,Tabs and media controls shown throughout the app,Vahekaardid ja meedia juhtnupud kuvatakse kogu rakenduses,
ui_tap_here_or_use_the_button_while_edit_mode_8baf490,string,,Tap here or use the + button while edit mode is active to add widgets to this stack.,"Puudutage siin või kasutage nuppu +, kui redigeerimisrežiim on aktiivne, et lisada sellele virnale vidinaid.",
ui_tap_here_or_use_the_button_while_edit_mode_b06aac5,string,,Tap here or use the + button while edit mode is active to add entities to this stack.,Olemite sellesse virna lisamiseks puudutage siin või kasutage redigeerimisrežiimi ajal nuppu +.,
ui_tap_hold_and_dialog_quick_actions_2052817,string,,"Tap, hold, and dialog quick actions","Puudutage, hoidke ja dialoogiboksi kiirtoimingud",
ui_tap_share_to_publish_or_update_d185341,string,,Tap Share to publish or update,Avaldamiseks või värskendamiseks puudutage valikut Jaga,
ui_tap_to_add_a_weather_card_a3508a9,string,,Tap + to add a weather card,Puudutage ilmakaardi lisamiseks +,
ui_tap_to_load_0c49cab,string,,Tap to load,Laadimiseks puudutage,
ui_tap_x_to_restore_an_entity_to_the_battery_ad0eb75,string,,Tap X to restore an entity to the battery page.,Aku lehel olemi taastamiseks puudutage X.,
ui_target_49d76ad,string,,TARGET (%1$s–%2$s%%),SIHT (%1$s–%2$s%%),keep %1$s %2$s
ui_target_61ad50a,string,,Target,Sihtmärk,
ui_target_entity_optional_cdb68af,string,,Target entity (optional),Sihtüksus (valikuline),
ui_target_f762108,string,,TARGET,SIHT,
ui_technology_d018b08,string,,Technology,Tehnoloogia,
ui_temperature_0a9062a,string,,Temperature,Temperatuur,
ui_temperature_and_humidity_sources_for_the_room_8960580,string,,Temperature and humidity sources for the room,Ruumi temperatuuri ja niiskuse allikad,
ui_temperature_cc6906a,string,,TEMPERATURE,TEMPERATUUR,
ui_temperature_sensor_graphed_in_activity_1088c3d,string,,Temperature sensor (graphed in Activity),Temperatuuriandur (graafikul tegevuses),
ui_text_054812c,string,,%1$s +%2$s,%1$s +%2$s,keep %1$s %2$s
ui_text_0726b05,string,,%1$s%2$s,%1$s%2$s,keep %1$s %2$s
ui_text_16b6ffd,string,,-%1$s,-%1$s,keep %1$s
ui_text_2cd9114,string,,%1$s (%2$s),%1$s (%2$s),keep %1$s %2$s
ui_text_2fb8748,string,,%1$s · ,%1$s ·,keep %1$s; keep the space at the start/end
ui_text_33e0751,string,,.%1$s,.%1$s,keep %1$s
ui_text_42cae2b,string,,  %1$s°,%1$s°,keep %1$s; keep the space at the start/end
ui_text_4ad598c,string,, · %1$s%%,· %1$s%%,keep %1$s; keep the space at the start/end
ui_text_5256c76,string,,↑ %1$s,↑ %1$s,keep %1$s
ui_text_59f6071,string,,%1$s - %2$s,%1$s – %2$s,keep %1$s %2$s
ui_text_68fdf13,string,,%1$s.,%1$s.,keep %1$s
ui_text_78c505f,string,,%1$s %2$s,%1$s %2$s,keep %1$s %2$s
ui_text_7c73907,string,,↓ %1$s,↓ %1$s,keep %1$s
ui_text_7f1f581,string,,%1$s°,%1$s°,keep %1$s
ui_text_89a38e4,string,,%1$s…,%1$s…,keep %1$s
ui_text_8f71dfd,string,,%1$s. %2$s,%1$s. %2$s,keep %1$s %2$s
ui_text_96dfbd3,string,,%1$s: %2$s%3$s,%1$s: %2$s%3$s,keep %1$s %2$s %3$s
ui_text_9704d5c,string,,%1$s/%2$s - ,%1$s/%2$s -,keep %1$s %2$s; keep the space at the start/end
ui_text_98d3f75,string,,✓ %1$s,✓ %1$s,keep %1$s
ui_text_9e5a283,string,,%1$s×,%1$s×,keep %1$s
ui_text_a105b80,string,,%1$s/%2$s,%1$s/%2$s,keep %1$s %2$s
ui_text_be10035,string,, · %1$s,· %1$s,keep %1$s; keep the space at the start/end
ui_text_c1aacd9,string,,%1$s · %2$s,%1$s · %2$s,keep %1$s %2$s
ui_text_c3328c3,string,,Text,Tekst,
ui_text_c79f712,string,,%1$s,%1$s,keep %1$s
ui_text_cc9d930,string,,%1$s — %2$s %3$s,%1$s — %2$s %3$s,keep %1$s %2$s %3$s
ui_text_df0282e,string,,%1$s: %2$s,%1$s: %2$s,keep %1$s %2$s
ui_text_f168b71,string,,+%1$s,+%1$s,keep %1$s
ui_text_fc9db15,string,,%1$s%%,%1$s%%,keep %1$s
ui_text_size_boldness_and_font_family_365f489,string,,"Text size, boldness and font family","Teksti suurus, paksus ja kirjatüüp",
ui_that_profile_35adbf0,string,,that profile,see profiil,
ui_the_effect_used_when_a_button_s_animation_is_7cce891,string,,"The effect used when a button's animation is set to ""Auto"". You can still override any individual button.","Efekt, mida kasutatakse, kui nupu animatsiooniks on seatud ""Auto"". Saate ikkagi iga üksiku nupu alistada.",
ui_the_exact_dates_you_pick_leave_a_bound_as_19357e8,string,,"The exact dates you pick. Leave a bound as ""Any"" for an open-ended range.","Teie valitud täpsed kuupäevad. Avatud vahemiku jaoks jätke piiranguks ""Igasugune"".",
ui_the_heading_shown_between_dashboard_sections_b03805f,string,,The heading shown between dashboard sections,Armatuurlaua jaotiste vahel kuvatav pealkiri,
ui_the_hki_7_community_source_code_is_free_and_f4f3f51,string,,"The HKI 7 community source code is free and open source under the Mozilla Public License 2.0. You may use, study, modify, and redistribute it. When you distribute modified MPL-covered files, those files and their source must remain available under MPL-2.0.","HKI 7 kogukonna lähtekood on Mozilla avaliku litsentsi 2.0 alusel tasuta ja avatud lähtekoodiga. Saate seda kasutada, uurida, muuta ja edasi levitada. Kui levitate muudetud MPL-iga kaetud faile, peavad need failid ja nende allikas jääma MPL-2.0 alla kättesaadavaks.",don't translate HKI 7
ui_the_hki_7_name_and_logos_are_project_trademarks_985ffec,string,,"The HKI 7 name and logos are project trademarks and are not granted for misleading redistribution. Home Assistant and other third-party names, libraries, fonts, and artwork remain subject to their respective licenses and trademarks. The software is provided without warranty, as described by MPL-2.0.","HKI 7 nimi ja logod on projekti kaubamärgid ja neid ei lubata eksitavale edasijagamisele. Home Assistant ja muude kolmandate osapoolte nimede, raamatukogude, fondide ja kunstiteoste suhtes kehtivad nende vastavad litsentsid ja kaubamärgid. Tarkvara tarnitakse ilma garantiita, nagu on kirjeldatud dokumendis MPL-2.0.","don't translate Home Assistant, HKI 7"
ui_the_interface_is_built_with_jetpack_compose_coroutines_and_fe7f52d,string,,"The interface is built with Jetpack Compose. Coroutines and Flow handle live state, while JSON and YAML-compatible data keep HKI 7 connected with Home Assistant.","Liides on ehitatud Jetpack Compose'iga. Korutiinid ja voog käsitlevad reaalajas olekut, samas kui JSON-i ja YAML-iga ühilduvad andmed hoiavad HKI 7 ühenduses Home Assistant-ga.","don't translate Home Assistant, HKI 7"
ui_the_open_source_community_core_remains_usable_without_prem_d83ff8a,string,,The open-source community core remains usable without Premium. Premium purchases fund extra visual content and continued development; they do not remove the freedoms granted for MPL-covered files.,Avatud lähtekoodiga kogukonna tuum jääb kasutatav ilma Premiumita. Premium-ostud rahastavad täiendavat visuaalset sisu ja jätkuvat arendust; need ei eemalda MPL-iga kaetud failidele antud vabadusi.,
ui_the_page_starts_empty_with_its_own_header_and_5a325c0,string,,"The page starts empty with its own header and page settings, while keeping the Home widget catalogue.","Leht algab tühjalt oma päise ja lehe seadistustega, säilitades samal ajal koduvidinate kataloogi.",
ui_the_quick_brown_fox_jumps_over_the_lazy_dog_2204ad2,string,,The quick brown fox jumps over the lazy dog — 0123456789,Kiire pruunrebane hüppab üle laisa koera — 0123456789,
ui_the_room_header_and_card_show_a_single_player_3e24a17,string,,"The room header and card show a single player's media, or an active-player count when multiple players are selected.","Ruumi päis ja kaart näitavad ühe mängija meediat või aktiivsete mängijate arvu, kui valitud on mitu mängijat.",
ui_the_text_shown_on_the_dashboard_fff5c98,string,,The text shown on the dashboard,Armatuurlaual kuvatav tekst,
ui_the_web_page_shown_on_this_card_ce97bfd,string,,The web page shown on this card,Sellel kaardil näidatud veebileht,
ui_theme_a797e30,string,,Theme,Teema,
ui_theme_and_navigation_bar_474ee6b,string,,Theme and navigation bar,Teema ja navigeerimisriba,
ui_thermostat_dial_e6af91b,string,,Thermostat dial,Termostaadi ketas,
ui_thermostats_601da0c,string,,Thermostats,Termostaadid,
ui_thermostats_ac_7d2ace4,string,,Thermostats & AC,Termostaadid ja AC,
ui_these_are_stored_in_the_cloud_import_one_to_558c62d,string,,"These are stored in the cloud. Import one to edit or re-share it, or delete it to remove it from everyone. Your edits are also pushed automatically when you open the app.","Need salvestatakse pilve. Importige üks selle muutmiseks või uuesti jagamiseks või kustutage see, et see kõigilt eemaldada. Teie muudatused lükatakse automaatselt ka rakenduse avamisel.",
ui_these_links_open_in_your_browser_tips_do_not_049b881,string,,These links open in your browser. Tips do not unlock Premium features and do not create an obligation to provide individual support.,Need lingid avanevad teie brauseris. Näpunäited ei ava Premium funktsioone ega loo kohustust pakkuda individuaalset tuge.,
ui_these_permissions_are_optional_and_can_be_changed_later_aa7a106,string,,These permissions are optional and can be changed later in Android Settings.,Need load on valikulised ja neid saab hiljem Androidi seadetes muuta.,
ui_thin_100_9e7a443,string,,Thin (-100),Õhuke (-100),
ui_thinner_200_6ae7a6f,string,,Thinner (-200),Lahjem (-200),
ui_this_action_does_not_use_an_entity_target_5952444,string,,This action does not use an entity target.,See toiming ei kasuta olemi sihtmärki.,
ui_this_action_has_no_required_target_or_additional_fields_987a410,string,,This action has no required target or additional fields.,Sellel toimingul pole kohustuslikke sihtmärke ega täiendavaid välju.,
ui_this_automation_is_managed_outside_home_assistant_s_ui_89d26f5,string,,"This automation is managed outside Home Assistant's UI (usually YAML). HKI7 can show it, but will not overwrite it.","Seda automatiseerimist hallatakse väljaspool Home Assistant kasutajaliidest (tavaliselt YAML). HKI7 saab seda näidata, kuid ei kirjuta seda üle.","don't translate Home Assistant, HKI7"
ui_this_card_uses_its_own_entities_e572388,string,,This card uses its own entities,See kaart kasutab oma üksusi,
ui_this_dashboard_is_currently_being_generated_from_home_assi_470200d,string,,This dashboard is currently being generated from Home Assistant. You can edit rooms as soon as the one-time import finishes.,"Seda armatuurlauda luuakse praegu Home Assistant-st. Saate ruume muuta kohe, kui ühekordne importimine on lõppenud.",don't translate Home Assistant
ui_this_entity_2ddd36d,string,,This entity,See üksus,
ui_this_entity_has_no_attributes_to_show_b09f4c9,string,,This entity has no attributes to show.,Sellel olemil pole kuvatavaid atribuute.,
ui_this_light_is_paused_for_manual_control_706bffa,string,,This light is paused for manual control.,See tuli on käsitsi juhtimiseks peatatud.,
ui_this_name_is_used_when_the_device_registers_with_8aba2f2,string,,This name is used when the device registers with Home Assistant.,"Seda nime kasutatakse, kui seade registreerib Home Assistant.",don't translate Home Assistant
ui_this_permanently_removes_this_dashboard_and_its_room_and_8087734,string,,This permanently removes this dashboard and its room and page configuration.,See eemaldab jäädavalt selle armatuurlaua ning selle ruumi ja lehe konfiguratsiooni.,
ui_this_removes_all_imported_battery_entities_from_this_view_7a74283,string,,This removes all imported battery entities from this view.,See eemaldab sellest vaatest kõik imporditud aku olemid.,
ui_this_removes_all_imported_climate_entities_from_this_view_713f511,string,,This removes all imported climate entities from this view.,See eemaldab sellest vaatest kõik imporditud kliimaüksused.,
ui_this_removes_all_imported_energy_entities_from_this_view_7397917,string,,This removes all imported energy entities from this view.,See eemaldab sellest vaatest kõik imporditud energiaüksused.,
ui_this_removes_all_imported_rooms_and_floors_from_this_d1cbbff,string,,This removes all imported rooms and floors from this view.,See eemaldab sellelt vaatelt kõik imporditud ruumid ja korrused.,
ui_this_removes_all_imported_security_entities_from_this_view_6443e5c,string,,This removes all imported security entities from this view.,See eemaldab sellest vaatest kõik imporditud turbeolemid.,
ui_this_removes_its_login_mobile_app_registration_details_and_69afc19,string,,"This removes its login, mobile-app registration details, and HKI dashboards from this device. The Home Assistant server itself is not changed.","See eemaldab sellest seadmest selle sisselogimise, mobiilirakenduse registreerimisandmed ja HKI armatuurlauad. Home Assistant serverit ennast ei muudeta.",don't translate Home Assistant
ui_this_removes_the_native_automation_from_home_assistant_thi_2a48e1a,string,,This removes the native automation from Home Assistant. This cannot be undone from HKI7.,See eemaldab Home Assistant loomuliku automatiseerimise. Seda ei saa HKI7 tagasi võtta.,"don't translate Home Assistant, HKI7"
ui_this_removes_the_shared_dashboard_from_the_cloud_for_4bab01c,string,,This removes the shared dashboard from the cloud for everyone. People currently using it fall back to an auto-generated dashboard. Their local copies aren't touched until they next open the app.,"See eemaldab jagatud armatuurlaua kõigi jaoks pilvest. Praegu seda kasutavad inimesed naasevad automaatselt loodud armatuurlauale. Nende kohalikke koopiaid ei puudutata enne, kui nad järgmise rakenduse avavad.",
ui_this_runs_on_a_small_free_home_assistant_add_f46f2e3,string,,"This runs on a small, free Home Assistant add-on (the HKI 7 Cloud component). It isn't on HACS by default yet, so add it as a custom repository — the app then handles everything else.","See töötab väikese tasuta Home Assistant lisandmooduliga (komponent HKI 7 Cloud). See pole veel vaikimisi HACS-is, seega lisage see kohandatud hoidlana – rakendus tegeleb seejärel kõige muuga.","don't translate HKI 7 Cloud, Home Assistant"
ui_this_source_code_form_is_subject_to_the_terms_c8e4e24,string,,"This Source Code Form is subject to the terms of the Mozilla Public License, v. 2.0. If a copy of the MPL was not distributed with this file, you can obtain one at mozilla.org/MPL/2.0/.","Sellele lähtekoodi vormile kehtivad Mozilla avaliku litsentsi versiooni 2.0 tingimused. Kui selle failiga koos MPL-i koopiat ei levitatud, saate selle hankida aadressilt mozilla.org/MPL/2.0/.",
ui_this_stack_has_no_items_0f92c8d,string,,This stack has no items.,Selles virnas pole üksusi.,
ui_this_travels_with_the_dashboard_so_cloud_backups_and_1dd603d,string,," This travels with the dashboard, so cloud backups and family sharing keep it.","See liigub koos armatuurlauaga, nii et pilvevarukoopiad ja perega jagamine säilitavad selle.",keep the space at the start/end
ui_tile_2dd2c66,string,,Tile,Plaat,
ui_tilt_aceae6f,string,,TILT,KALLUTA,
ui_time_6c82e6d,string,,Time,Aeg,
ui_time_range_9257117,string,,Time Range,Ajavahemik,
ui_title_768e0c1,string,,Title,Pealkiri,
ui_title_collapse_behavior_and_dashboard_width_a64a590,string,,"Title, collapse behavior, and dashboard width","Pealkiri, ahendamise käitumine ja armatuurlaua laius",
ui_title_collapse_behavior_and_width_dd2b475,string,,"Title, collapse behavior, and width","Pealkiri, ahendamise käitumine ja laius",
ui_title_optional_932fc13,string,,Title (optional),Pealkiri (valikuline),
ui_title_width_and_icon_41ec073,string,,"Title, width, and icon","Pealkiri, laius ja ikoon",
ui_to_state_2a995a1,string,,To state,Välja öelda,
ui_today_24345a1,string,,Today,Täna,
ui_tomorrow_1948bf2,string,,Tomorrow,Homme,
ui_top_consumers_0199dbf,string,,Top consumers,Tipptarbijad,
ui_tracking_number_4e40c54,string,,Tracking number,Jälgimisnumber,
ui_try_again_042c862,string,,Try again,Proovi uuesti,
ui_try_the_demo_home_no_server_needed_bc58247,string,,Try the demo home — no server needed,Proovige demo kodu – serverit pole vaja,
ui_turn_off_all_3a7a2b0,string,,Turn off all,Lülitage kõik välja,
ui_turn_on_a5aa418,string,,Turn On,Lülita sisse,
ui_turn_the_light_on_to_access_controls_25f4ad6,string,,Turn the light on to access controls,Juhtnuppudele juurdepääsemiseks lülitage tuli sisse,
ui_turn_the_notification_connection_channel_off_on_the_next_cdddec0,string,,"Turn the ""Notification connection"" channel off on the next screen — the connection keeps working, only its notification disappears.","Järgmisel ekraanil lülitage kanal ""Teavitusühendus"" välja — ühendus toimib edasi, kaob ainult selle märguanne.",
ui_two_rows_1b1737f,string,,Two rows,Kaks rida,
ui_type_3deb745,string,,Type,Tüüp,
ui_type_icon_839142a,string,,Type icon,Tippige ikoon,
ui_unable_to_connect_8207f1b,string,,Unable to connect,Ühendust ei saa luua,
ui_unit_f6b935a,string,,Unit,Üksus,
ui_unknown_bc7819b,string,,Unknown,Tundmatu,
ui_unknown_energy_card_b8e46de,string,,Unknown energy card: %1$s,Tundmatu energiakaart: %1$s,keep %1$s
ui_unlock_1526a17,string,,Unlock,Avage lukustus,
ui_unlock_button_ad521c4,string,,Unlock button,Avamisnupp,
ui_unlock_method_dff380e,string,,Unlock method,Avamismeetod,
ui_unlocked_b3da702,string,,Unlocked,Lukustamata,
ui_unrestricted_background_cebdb1e,string,,Unrestricted background,Piiramatu taust,
ui_untitled_621521f,string,,Untitled,Pealkirjata,
ui_untitled_event_ef8d264,string,,Untitled event,Pealkirjata üritus,
ui_upcoming_523baab,string,,Upcoming,Tulemas,
ui_update_fb91e24,string,,Update,Värskenda,
ui_update_location_now_d338c2c,string,,Update Location Now,Värskendage asukohta kohe,
ui_updated_62d2331,string,,Updated %1$s,Värskendatud %1$s,keep %1$s
ui_url_https_a1a19ec,string,,URL (https://…),URL (https://…),
ui_usage_overview_fc2eefc,string,,Usage overview,Kasutusülevaade,
ui_use_1d4d43c,string,,Use,Kasuta,
ui_use_a_dashboard_an_admin_has_shared_with_you_8b1cfdb,string,,Use a dashboard an admin has shared with you.,"Kasutage juhtpaneeli, mida administraator on teiega jaganud.",
ui_use_a_family_shared_dashboard_9b8ab51,string,,Use a family shared dashboard,Kasutage pere jagatud juhtpaneeli,
ui_use_a_recognizable_name_such_as_kitchen_tablet_or_ca9f431,string,,"Use a recognizable name, such as ‘Kitchen tablet’ or ‘Jimmy’s phone’.","Kasutage äratuntavat nime, näiteks ""Köögi tahvelarvuti"" või ""Jimmy telefon"".",
ui_use_family_shared_dashboard_28e06c2,string,,Use family shared dashboard,Kasutage pere jagatud juhtpaneeli,
ui_used_6a4ebbf,string,,Used %1$s,Kasutatud %1$s,keep %1$s
ui_uses_hki_7_s_private_google_drive_storage_enable_0559ced,string,,Uses HKI 7's private Google Drive storage. Enable it once to create an immediate backup and then back up automatically every day.,"Kasutab HKI 7 privaatset Google Drive salvestusruumi. Lubage see üks kord, et luua kohene varukoopia ja seejärel iga päev automaatselt varundada.","don't translate Google Drive, HKI 7"
ui_uses_the_sun_entity_configured_in_weather_settings_e580a39,string,,Uses the Sun entity configured in Weather settings.,Kasutab ilmasätetes konfigureeritud Päikese olemit.,
ui_using_a_shared_dashboard_applies_the_permissions_the_admin_a337a76,string,,Using a shared dashboard applies the permissions the admin set for it.,Jagatud armatuurlaua kasutamisel rakendatakse administraatori poolt sellele määratud õigusi.,
ui_using_the_climate_view_s_entities_8befb0f,string,,Using the Climate view's entities,Kliimavaate üksuste kasutamine,
ui_using_the_energy_view_s_entities_7ca9bed,string,,Using the Energy view's entities,Energiavaate üksuste kasutamine,
ui_vacuum_5fe15df,string,,Vacuum,Vaakum,
ui_vacuum_device_3deae52,string,,Vacuum device,Vaakumseade,
ui_vacuum_entities_c7da1d7,string,,Vacuum entities,Vaakumüksused,
ui_vacuum_map_8236541,string,,Vacuum map,Vaakumkaart,
ui_vacuum_stack_b93d3b7,string,,Vacuum Stack,Vaakumvirn,
ui_vertical_slider_e09cef1,string,,Vertical slider,Vertikaalne liugur,
ui_view_on_github_0c77991,string,,View on GitHub,Vaadake GitHubis,
ui_visibility_7d9ff4f,string,,Visibility,Nähtavus,
ui_visibility_alignment_and_overflow_behavior_467f44f,string,,"Visibility, alignment, and overflow behavior","Nähtavus, joondus ja ülevoolu käitumine",
ui_visibility_and_ordering_in_the_page_header_0f9e3d8,string,,Visibility and ordering in the page header,Nähtavus ja järjestus lehe päises,
ui_visible_during_791f42c,string,,Visible during,Nähtav ajal,
ui_visible_persons_4b7ae6c,string,,Visible persons,Nähtavad isikud,
ui_visual_style_bc567f3,string,,Visual style,Visuaalne stiil,
ui_w_e2415cb,string,,W,W,
ui_waiting_for_home_assistant_af224aa,string,,Waiting for Home Assistant,Home Assistant ootamine,don't translate Home Assistant
ui_wallpaper_and_an_optional_custom_color_f4f12f1,string,,Wallpaper and an optional custom color,Tapeet ja valikuline kohandatud värv,
ui_wallpaper_and_optional_custom_color_0dc6738,string,,Wallpaper and optional custom color,Tapeet ja valikuline kohandatud värv,
ui_wallpaper_url_or_path_e208631,string,,Wallpaper URL or path,Taustapildi URL või tee,
ui_waste_collection_7cdf205,string,,Waste Collection,Jäätmete kogumine,
ui_waste_sensors_8bfd3ec,string,,Waste sensors,Jäätmeandurid,
ui_watch_d91ebf5,string,,Watch,Vaata,
ui_water_5480538,string,,Water: %1$s,Vesi: %1$s,keep %1$s
ui_water_de9b1be,string,,Water,Vesi,
ui_water_level_optional_fallback_61b2be5,string,,Water level (optional fallback),Veetase (valikuline tagavara),
ui_water_meters_imported_from_home_assistant_s_energy_dashboa_b1ac157,string,,Water meters imported from Home Assistant's Energy dashboard.,Veearvestid imporditud ettevõtte Home Assistant Energy armatuurlaualt.,don't translate Home Assistant
ui_we_ll_check_your_home_network_first_you_can_c7ca0f0,string,,We'll check your home network first; you can also enter an address,Esmalt kontrollime teie koduvõrku; võite sisestada ka aadressi,
ui_weather_284af3e,string,,Weather,Ilm,
ui_weather_card_0c6594c,string,,Weather Card,Ilmakaart,
ui_weather_details_bc94175,string,,Weather details,Ilma üksikasjad,
ui_weather_entities_0a2c547,string,,Weather entities,Ilmaolemid,
ui_weather_entity_402cbd9,string,,Weather entity,Ilma olem,
ui_weather_source_778baeb,string,,Weather source,Ilmaallikas,
ui_weather_stack_4d4f763,string,,Weather Stack,Ilm Stack,
ui_weather_type_fe0b7cc,string,,Weather Type,Ilma tüüp,
ui_web_address_url_55052c9,string,,Web address (URL),Veebiaadress (URL),
ui_week_calendar_shown_in_the_dialog_6d4f28b,string,,Week calendar (shown in the dialog),Nädala kalender (kuvatakse dialoogiaknas),
ui_welcome_to_hki_7_9e317bb,string,,Welcome to HKI 7,Tere tulemast HKI 7,don't translate HKI 7
ui_what_hki_7_is_and_how_it_is_built_247bace,string,,What HKI 7 is and how it is built,Mis on HKI 7 ja kuidas see on ehitatud,don't translate HKI 7
ui_what_it_does_ca032b5,string,,What it does,Mida see teeb,
ui_what_s_new_4d8dc5f,string,,What's new,Mida uut,
ui_when_769bb19,string,,When,Millal,
ui_when_and_if_then_dd86ebe,string,,When · And if · Then,Millal · Ja kui · Siis,
ui_when_reporting_a_problem_include_your_android_version_home_784a4e6,string,,"When reporting a problem, include your Android version, Home Assistant version, the affected entity or integration, and clear steps to reproduce it. Removing private URLs, tokens, names, and location data first helps keep support safe.","Probleemist teatamisel lisage oma Androidi versioon, Home Assistant versioon, mõjutatud üksus või integratsioon ja selged sammud selle taasesitamiseks. Privaatsete URL-ide, märkide, nimede ja asukohaandmete eemaldamine aitab esmalt tugiteenuste turvalisust hoida.",don't translate Home Assistant
ui_when_the_value_is_a_completion_time_e_g_7dce367,string,,"When the value is a completion time (e.g. a washer/dryer finish time), show a descending timer. The button reads active while counting and turns off at zero.","Kui väärtus on valmimisaeg (nt pesumasina/kuivati lõppaeg), kuvage kahanevat taimerit. Nupp on loendamise ajal aktiivne ja lülitub nullimisel välja.",
ui_widget_height_b26de24,string,,Widget height,Vidina kõrgus,
ui_widget_name_55e5340,string,,Widget name,Vidina nimi,
ui_widget_presentation_a3a8cdc,string,,Widget presentation,Vidina esitlus,
ui_widget_width_1d89599,string,,Widget width,Vidina laius,
ui_width_a58ddf5,string,,Width,Laius,
ui_width_and_height_6ed6746,string,,Width and height,Laius ja kõrgus,
ui_width_and_optional_icon_671e2ef,string,,Width and optional icon,Laius ja valikuline ikoon,
ui_width_columns_and_container_shape_984a191,string,,"Width, columns, and container shape","Laius, veerud ja konteineri kuju",
ui_width_shape_and_collapse_behavior_7abc6f4,string,,"Width, shape, and collapse behavior","Laius, kuju ja kokkuvarisemise käitumine",
ui_wind_142b575,string,,Wind,Tuul,
ui_worth_watching_a3d46c7,string,,Worth watching,Tasub vaadata,
ui_would_you_like_to_add_an_existing_camera_entity_00d5bc3,string,,Would you like to add an existing camera entity or a custom URL?,Kas soovite lisada olemasoleva kaameraüksuse või kohandatud URL-i?,
ui_write_the_information_shown_on_this_card_4ca5db7,string,,Write the information shown on this card,Kirjutage sellel kaardil näidatud teave,
ui_you_can_help_by_testing_new_builds_reporting_reproducible_5310461,string,,"You can help by testing new builds, reporting reproducible bugs, suggesting thoughtful improvements, helping with translations or documentation, sharing HKI 7 with other Home Assistant users, and giving constructive feedback.","Saate aidata, testides uusi versioone, teatades reprodutseeritavatest vigadest, soovitades läbimõeldud täiustusi, aidates tõlkimisel või dokumenteerimisel, jagades HKI 7 teiste Home Assistant kasutajatega ja andes konstruktiivset tagasisidet.","don't translate Home Assistant, HKI 7"
ui_you_re_exploring_the_built_in_sample_home_63c2ad1,string,,You're exploring the built-in sample home,Avastate sisseehitatud näidiskodu,
ui_your_automations_and_devices_will_be_unavailable_briefly_h_8a8572e,string,,Your automations and devices will be unavailable briefly. HKI7 will reconnect automatically when Home Assistant is ready.,"Teie automaatika ja seadmed ei ole hetkeks saadaval. HKI7 loob ühenduse automaatselt uuesti, kui Home Assistant on valmis.","don't translate Home Assistant, HKI7"
ui_your_dashboard_is_ready_0719f75,string,,Your dashboard is ready,Teie armatuurlaud on valmis,
ui_your_home_72412fa,string,,Your home,Sinu kodu,
ui_your_location_is_shared_only_with_your_own_home_c75bd6d,string,,Your location is shared only with your own Home Assistant server. It is ,Teie asukohta jagatakse ainult teie enda Home Assistant serveriga. On küll,don't translate Home Assistant; keep the space at the start/end
logs_title,string,,Connection log,Ühenduse logi,
logs_subtitle,string,,What the app's connection to Home Assistant has been doing,Mida on teinud rakenduse ühendus seadmega Home Assistant,don't translate Home Assistant
logs_empty,string,,Connection log,Ühenduse logi,
logs_empty_hint,string,,"Nothing logged yet. Connection attempts, reconnects, sync and subscriptions appear here as they happen.","Midagi pole veel logitud. Siin kuvatakse ühenduse loomise katsed, taasühendamised, sünkroonimine ja tellimused.",
logs_count,string,,Connection log (%1$d),Ühenduse logi (%1$d),keep %1$d
logs_copy,string,,Copy the log,Kopeerige logi,
logs_clear,string,,Clear the log,Tühjendage logi,
logs_show_all,string,,Show all %1$d,Kuva kõik %1$d,keep %1$d
logs_show_less,string,,Show less,Näita vähem,
parcel_letter_count,plural,one,%1$d letter,%1$d täht,keep %1$d
parcel_letter_count,plural,other,%1$d letters,%1$d tähte,keep %1$d
spacer_empty_button,string,,Empty button,Tühi nupp,
spacer_empty_button_description,string,,Transparent placeholder that only reserves space,"Läbipaistev kohatäide, mis jätab ainult ruumi",
spacer_add_empty_button,string,,Add empty button,Lisa tühi nupp,
popup_custom_popup,string,,Custom popup,Kohandatud hüpikaken,
popup_choose,string,,Choose a popup,Valige hüpikaken,
popup_none_yet,string,,No popups yet,Hüpikaknaid pole veel,
popup_new,string,,New popup,Uus hüpikaken,
popup_default_name,string,,New popup,Uus hüpikaken,
popup_name,string,,Popup name,Hüpikakna nimi,
popup_edit_contents,string,,Edit contents,Muutke sisu,
popup_delete,string,,Delete popup,Kustuta hüpikaken,
popup_status_entity,string,,Status entity,Olekuüksus,
popup_status_entity_hint,string,,Optional. Its state fills the dialog's status line and adds the history view.,Valikuline. Selle olek täidab dialoogi olekurea ja lisab ajaloovaate.,
popup_settings_subtitle,string,,"Name, icon, and status entity","Nimi, ikoon ja olek",
popup_shared_hint,string,,Popups are shared: other buttons can open this same popup.,Hüpikaknaid jagatakse: sama hüpikakna saavad avada ka teised nupud.,
popup_empty,string,,This popup is empty. Tap Edit to add widgets.,See hüpikaken on tühi. Vidinate lisamiseks puudutage Edit.,
popup_settings_title,string,,Popups,Hüpikaknad,
popup_settings_subtitle_section,string,,Build and edit your custom popups,Looge ja muutke oma kohandatud hüpikaknaid,
popup_settings_hint,string,,"Popups open from a button, badge, or dialog button set to the Custom popup action. Edit contents opens the popup itself so you can arrange its widgets.","Hüpikaknad avanevad nupul, märgil või dialooginupul, mis on seatud kohandatud hüpikakna toimingule. Sisu muutmine avab hüpikakna enda, et saaksite selle vidinaid korrastada.",
button_icon_only,string,,Icon only,Ainult ikoon,
button_icon_size,string,,Icon size,Ikooni suurus,
button_icon_size_description,string,,"Auto shrinks the icon as the stack gains columns, so it still fits a narrow button.","Automaatne kahandab ikooni, kui virn kogub veerge, nii et see mahub endiselt kitsale nupule.",
button_icon_size_auto,string,,Auto,Automaatne,
button_icon_size_value,string,,%1$d dp,%1$d dp,keep %1$d
stack_child_icon_only,string,,Icon only for every button,Ainult iga nupu ikoon,
stack_child_icon_only_description,string,,"Applies to all buttons in this stack, so you don't have to set it on each one.","Kehtib kõigi selle virna nuppude kohta, nii et te ei pea seda igale nupule määrama.",
stack_child_icon_size,string,,Icon size for every button,Iga nupu ikooni suurus,
button_icon_only_description,string,,"Hide the name and state, centering the icon on the button","Peida nimi ja olek, asetades ikooni nupu keskele",
action_button,string,,Action button,Tegevusnupp,
action_button_description,string,,"A button without an entity: give it a name, an icon, and any action","Nupp ilma olemita: andke sellele nimi, ikoon ja mis tahes toiming",
action_button_add,string,,Add action button,Lisa tegevusnupp,
action_badge_add,string,,Add action badge,Lisa tegevuse märk,
security_entity_count,plural,one,%1$d entity,%1$d üksus,keep %1$d
security_entity_count,plural,other,%1$d entities,%1$d üksused,keep %1$d
family_permission_switch_dashboards,string,,Allow switching dashboards,Lubage armatuurlaudu vahetada,
family_permission_switch_dashboards_subtitle,string,,Let this person load another existing dashboard,Laske sellel inimesel laadida mõni muu olemasolev armatuurlaud,
family_permission_create_dashboards,string,,Allow creating dashboards,Lubage luua armatuurlaudu,
family_permission_create_dashboards_subtitle,string,,Let this person create or duplicate dashboards,Lubage sellel inimesel armatuurlaudu luua või dubleerida,
family_dashboard_tab_locked,string,,Locked by family permissions,Perekonna lubadega lukustatud,
family_dashboard_access_lost_title,string,,Family access removed,Perekonna juurdepääs on eemaldatud,
family_dashboard_access_lost_message,string,,"You no longer have access to HKI 7 through this family dashboard. Choose another dashboard shared with you, or use any other option your family permissions allow.","Teil ei ole selle pere juhtpaneeli kaudu enam juurdepääsu teenusele HKI 7. Valige mõni muu teiega jagatud juhtpaneel või kasutage mõnda muud valikut, mida teie pere load lubavad.",don't translate HKI 7
family_access_manage,string,,Manage access,Juurdepääsu haldamine,
family_access_title,string,,Who can see %1$s,Kes näeb %1$s,keep %1$s
family_access_description,string,,Add or remove people. Everyone you remove loses this dashboard the next time their app syncs.,"Lisage või eemaldage inimesi. Kõik, kelle eemaldate, kaotavad selle armatuurlaua järgmisel korral, kui nende rakendust sünkroonitakse.",
family_access_shared_everyone,string,,Shared with everyone,Kõigiga jagatud,
family_access_shared_nobody,string,,Shared with no one,Mitte kellegagi jagatud,
family_access_shared_with,string,,Shared with %1$s,Jagatud kasutajaga %1$s,keep %1$s
family_access_unknown_user,string,,Unknown user,Tundmatu kasutaja,
family_access_revoke_warning,string,,"Losing access deletes their copy of this dashboard, along with any colours, icons, and names they changed on it.","Juurdepääsu kaotamisel kustutatakse nende selle armatuurlaua koopia koos muudetud värvide, ikoonide ja nimedega.",
family_versions_title,string,,HKI versions,HKI versioonid,
family_versions_description,string,,Which HKI build each family device is running. This device is on %1$s. A device appears once it has opened HKI 7 1.0.0-beta.18 or newer at least once.,"Milline HKI build iga pere seade töötab. See seade on %1$s. Seade kuvatakse, kui see on vähemalt korra avanud versiooni HKI 7 1.0.0-beta.18 või uuema versiooni.",keep %1$s; don't translate HKI 7
family_versions_empty,string,,No family devices have reported a version yet.,Ükski pereseade pole veel versioonist teatanud.,
family_versions_loading,string,,Loading family devices…,Pereseadmete laadimine…,
family_versions_unavailable,string,,Home Assistant could not return the family device list. Check that HKI 7 Cloud is up to date.,"Home Assistant ei saanud perekonna seadmete loendit tagastada. Kontrollige, kas HKI 7 Cloud on ajakohane.","don't translate HKI 7 Cloud, Home Assistant"
family_versions_outdated,string,,Older than yours,Vanem kui sinu oma,
family_versions_android,string,,Android %1$s,Android %1$s,keep %1$s
family_versions_reported,string,,reported %1$s,teatatud %1$s,keep %1$s
family_versions_forget,string,,Forget this device,Unustage see seade,
family_versions_forget_hint,string,,Forgetting a device only clears it from this list. One that is still in use reappears the next time its app opens.,"Seadme unustamine kustutab selle ainult loendist. Üks, mis on endiselt kasutusel, ilmub uuesti järgmisel korral, kui selle rakendus avaneb.",
family_versions_nudge,string,,Ask to update to %1$s,Paluge värskendada versioonile %1$s,keep %1$s
family_versions_nudge_clear,string,,Cancel update request,Tühista värskendustaotlus,
family_versions_nudge_pending,string,,Waiting for this device to update to %1$s. The request clears itself once it does.,"Oodatakse, kuni see seade värskendatakse versioonile %1$s. Taotlus kustutatakse, kui see on tehtud.",keep %1$s
family_require_title,string,,Require an HKI version,Nõua HKI versiooni,
family_require_description,string,,"Everyone below the version you require is asked to update before they can keep using HKI. Nothing here installs anything — Google Play does the update, so people are only ever held up when Play actually has it ready for them.","Kõigil, kes on nooremad teie vajalikust versioonist, palutakse enne HKI kasutamist jätkata. Miski siin ei installi midagi – Google Play teeb värskenduse, nii et inimesed jäävad alles siis, kui Play on selle nende jaoks valmis.",
family_require_current,string,,Currently required: %1$s,Praegu nõutav: %1$s,keep %1$s
family_require_set,string,,Require everyone to be on %1$s,"Nõua, et kõik oleksid saidil %1$s",keep %1$s
family_require_clear,string,,Clear the requirement,Tühjendage nõue,
family_require_hint,string,,"You can only require a version some device already runs, so a requirement can never be one nobody is able to install.","Saate nõuda ainult versiooni, mida mõni seade juba töötab, nii et nõue ei saa kunagi olla selline, mida keegi ei saa installida.",
settings_extra_family_require_failed,string,,Could not change the required version. It has to be one a family device already runs.,Nõutud versiooni ei saanud muuta. See peab olema juba töötav pereseade.,
settings_extra_family_nudge_failed,string,,Could not ask “%1$s” to update.,„%1$s” värskendamist ei saanud paluda.,keep %1$s
app_update_required_title,string,,Time to update HKI,Aeg HKI-d värskendada,
app_update_required_title_device,string,,This device needs an HKI update,See seade vajab HKI värskendust,
app_update_required_message,string,,Your family is on HKI %1$s. This device is on %2$s.,Teie pere on HKI-s %1$s. See seade töötab %2$s.,keep %1$s %2$s
app_update_required_checking,string,,Checking Google Play…,Google Play kontrollimine…,
app_update_required_update,string,,Update now,Värskendage kohe,
app_update_required_open_store,string,,Open HKI in the Play Store,Avage Play poes HKI,
app_update_required_opened_store,string,,"Google Play could not take over here, so its store page was opened instead.","Google Play ei saanud siin üle võtta, seega avati selle poe leht.",
app_update_required_unavailable,string,,"Google Play has no update ready for this device yet. That usually means the release hasn't reached you, or this copy of HKI didn't come from the Play Store.","Google Play pole selle seadme jaoks veel värskendust valmis. Tavaliselt tähendab see, et väljalase pole teieni jõudnud või see HKI koopia ei tulnud Play poest.",
app_update_required_continue,string,,Continue without updating,Jätkake ilma värskendamiseta,
settings_extra_active_instance,string,,Active instance,Aktiivne eksemplar,
settings_extra_automatic_cloud_backup_enabled,string,,Automatic cloud backup enabled.,Automaatne pilve varundamine on lubatud.,
settings_extra_background_restricted_warning,string,,Restricted — background sync will not work,Piiratud – taustal sünkroonimine ei tööta,
settings_extra_backup_failed,string,,Backup failed: %1$s,Varundamine ebaõnnestus: %1$s,keep %1$s
settings_extra_backup_unreadable,string,,The backup could not be read,Varukoopiat ei saanud lugeda,
settings_extra_battery_optimized_warning,string,,Optimized — may interrupt background sync,Optimeeritud – võib taustal sünkroonimise katkestada,
settings_extra_buy_me_a_coffee_logo,string,,Buy Me a Coffee logo,Osta mulle kohvi logo,
settings_extra_cloud_backup_created,string,,Cloud backup created.,Pilvevarukoopia loodud.,
settings_extra_cloud_backup_failed,string,,Cloud backup failed: %1$s,Pilvevarundamine ebaõnnestus: %1$s,keep %1$s
settings_extra_cloud_component_missing,string,,"The HKI 7 Cloud component was not found on your Home Assistant. Install it through HACS, then try again.",Teie seadmest Home Assistant ei leitud komponenti HKI 7 Cloud. Installige see HACS-i kaudu ja proovige uuesti.,"don't translate HKI 7 Cloud, Home Assistant"
settings_extra_copy_dashboard,string,,Copy %1$s,Kopeeri %1$s,keep %1$s
settings_extra_corner_modern,string,,Modern,Kaasaegne,
settings_extra_corner_round,string,,Round,Ümar,
settings_extra_corner_sharp,string,,Sharp,Terav,
settings_extra_create_custom_page,string,,Create custom page,Loo kohandatud leht,
settings_extra_custom_page_identity_subtitle,string,,Identity and navigation appearance,Identiteet ja navigatsiooni välimus,
settings_extra_dashboard_backup_saved,string,,Dashboard backup saved.,Armatuurlaua varukoopia salvestatud.,
settings_extra_dashboard_copy_name,string,,%1$s copy,%1$s koopia,keep %1$s
settings_extra_dashboard_default_name,string,,Dashboard %1$d,Armatuurlaud %1$d,keep %1$d
settings_extra_new_dashboard_confirm_body,string,,This adds a dashboard alongside the one you are using. Your current dashboard is kept exactly as it is and is never overwritten — you can switch between them at any time.,"See lisab kasutatava kõrval armatuurlaua. Teie praegust armatuurlauda hoitakse täpselt sellisena, nagu see on ja seda ei kirjutata kunagi üle – saate igal ajal nende vahel vahetada.",
settings_extra_new_dashboard_confirm_action,string,,Continue,Jätka,
settings_extra_new_dashboard_created,string,,Created “%1$s”,"Loodud ""%1$s""",keep %1$s
uif_onboarding_shared_already_added,string,,Already added,Juba lisatud,
settings_extra_dashboard_shared_badge,string,,Shared,Jagatud,
settings_extra_dashboard_shared_subtitle,string,,Shared with you by your family. Tap to load,Teie pere on teiega jaganud. Laadimiseks puudutage,
settings_extra_dashboard_shared_loaded,string,,Shared with you by your family. Currently loaded,Teie pere on teiega jaganud. Hetkel laetud,
settings_extra_dashboard_generating,string,,Your new dashboard is being generated automatically.,Teie uus armatuurlaud luuakse automaatselt.,
settings_extra_dashboard_mode_auto,string,,Automatic,Automaatne,
settings_extra_dashboard_mode_manual,string,,Manual,Käsiraamat,
settings_extra_dashboard_restored,string,,Dashboard configuration restored.,Armatuurlaua konfiguratsioon taastati.,
settings_extra_dashboard_shared,string,,“%1$s” shared.,„%1$s” on jagatud.,keep %1$s
settings_extra_dashboard_sharing_failed,string,,Could not share the dashboard.,Juhtpaneeli ei saanud jagada.,
settings_extra_default_user_name,string,,User,Kasutaja,
settings_extra_delete_dashboard,string,,Delete %1$s,Kustuta %1$s,keep %1$s
settings_extra_device_tracker,string,,Device tracker,Seadme jälgija,
settings_extra_device_tracker_subtitle,string,,"Name used for location, geocoded location, battery, and charging entities","Asukoha, geokodeeritud asukoha, aku ja laadimisüksuste jaoks kasutatav nimi",
settings_extra_drive_access_token_missing,string,,Google Drive authorization did not return an access token.,Google Drive autoriseerimine ei tagastanud juurdepääsuluba.,don't translate Google Drive
settings_extra_drive_authorization_cancelled,string,,Google Drive authorization was cancelled.,Google Drive autoriseerimine tühistati.,don't translate Google Drive
settings_extra_drive_authorization_failed,string,,Google Drive authorization failed: %1$s,Google Drive autoriseerimine ebaõnnestus: %1$s,keep %1$s; don't translate Google Drive
settings_extra_drive_authorization_open_failed,string,,Google Drive authorization could not be opened.,Google Drive volitust ei saanud avada.,don't translate Google Drive
settings_extra_drive_backups_load_failed,string,,Could not load Google Drive backups: %1$s,Google Drive varukoopiaid ei saanud laadida: %1$s,keep %1$s; don't translate Google Drive
settings_extra_edit_custom_page,string,,Edit custom page,Muuda kohandatud lehte,
settings_extra_effect_glow,string,,Glow,Sära,
settings_extra_effect_group_alerts,string,,Sensors and alarms,Andurid ja alarmid,
settings_extra_effect_group_climate,string,,Climate and humidity,Kliima ja niiskus,
settings_extra_effect_group_fans,string,,Fans and vacuums,Ventilaatorid ja tolmuimejad,
settings_extra_effect_group_lights,string,,Lights and switches,Tuled ja lülitid,
settings_extra_effect_group_media,string,,Media players,Meediumipleierid,
settings_extra_effect_group_other,string,,Everything else,Kõik muu,
settings_extra_effect_none,string,,None,Mitte ühtegi,
settings_extra_effect_pulse,string,,Pulse,Pulss,
settings_extra_effect_spin,string,,Spin,Keeruta,
settings_extra_empty_dashboard_created,string,,An empty dashboard was created.,Loodi tühi armatuurlaud.,
settings_extra_font_atkinson,string,,Atkinson Hyperlegible,Atkinson üliloetav,
settings_extra_font_bree_serif,string,,Bree Serif,Bree Serif,
settings_extra_font_comfortaa,string,,Comfortaa,Mugavus,
settings_extra_font_cursive,string,,Cursive,Kursiiv,
settings_extra_font_default,string,,Default,Vaikimisi,
settings_extra_font_monospace,string,,Monospace,Monoruum,
settings_extra_font_nunito,string,,Nunito,Nunito,
settings_extra_font_patrick_hand,string,,Patrick Hand,Patrick Käsi,
settings_extra_font_sans_serif,string,,Sans serif,Sans serif,
settings_extra_font_serif,string,,Serif,Serif,
settings_extra_font_space_grotesk,string,,Space Grotesk,Kosmos Grotesk,
settings_extra_ha_backup_created,string,,Home Assistant backup created.,Home Assistant varukoopia loodud.,don't translate Home Assistant
settings_extra_ha_backup_enabled,string,,Home Assistant backup enabled.,Home Assistant varundamine on lubatud.,don't translate Home Assistant
settings_extra_ha_backup_failed,string,,Home Assistant backup failed. Is the HKI 7 Cloud component reachable?,Home Assistant varundamine ebaõnnestus. Kas komponent HKI 7 Cloud on kättesaadav?,"don't translate HKI 7 Cloud, Home Assistant"
settings_extra_ha_backups_load_failed,string,,Could not load Home Assistant backups: %1$s,Home Assistant varukoopiaid ei saanud laadida: %1$s,keep %1$s; don't translate Home Assistant
settings_extra_hide_tab,string,,Hide tab,Peida vahekaart,
settings_extra_hki_cloud_step_add_integration,string,,"Go to Settings → Devices & Services → Add Integration, choose “HKI 7 Cloud,” and confirm.","Avage Seaded → Seadmed ja teenused → Lisa integratsioon, valige „HKI 7 Cloud” ja kinnitage.",don't translate HKI 7 Cloud
settings_extra_hki_cloud_step_add_repository,string,,"Paste %1$s, choose the “Integration” category, and add it.","Kleepige %1$s, valige kategooria ""Integratsioon"" ja lisage see.",keep %1$s
settings_extra_hki_cloud_step_install,string,,"Open the new “HKI 7 Cloud” entry, install it, and restart Home Assistant.","Avage uus kirje „HKI 7 Cloud”, installige see ja taaskäivitage Home Assistant.","don't translate HKI 7 Cloud, Home Assistant"
settings_extra_hki_cloud_step_open_custom_repositories,string,,"In Home Assistant, open HACS → the ⋮ menu in the top-right → Custom repositories.",Avage jaotises Home Assistant HACS → paremas ülanurgas menüü ⋮ → Kohandatud hoidlad.,don't translate Home Assistant
settings_extra_hki_cloud_step_reopen,string,,Reopen this screen. The features will appear automatically.,Avage see ekraan uuesti. Funktsioonid ilmuvad automaatselt.,
settings_extra_hki_cloud_version,string,,HKI 7 Cloud v%1$s installed,HKI 7 Cloud v%1$s installitud,keep %1$s; don't translate HKI 7 Cloud
settings_extra_hki_cloud_version_unknown,string,,HKI 7 Cloud installed (update to see its version),HKI 7 Cloud installitud (versiooni nägemiseks värskendage),don't translate HKI 7 Cloud
settings_extra_hki_cloud_update_to_unlock,string,,Update to unlock:,Avamiseks värskendage:,
settings_extra_hki_cloud_feature_requires,string,,%1$s (needs v%2$s+),%1$s (vajab v%2$s+),keep %1$s %2$s
settings_extra_hki_cloud_feature_reimport,string,,Manually re-importing or clearing dashboard view data,Juhtpaneeli vaate andmete käsitsi uuesti importimine või tühjendamine,
settings_extra_hki_cloud_feature_search_lists,string,,Per-person Visible/Invisible global search lists,Nähtavad/nähtamatud globaalsed otsinguloendid inimese kohta,
settings_extra_hki_cloud_feature_room_follow,string,,Room following,Tuba järgi,
settings_extra_hki_cloud_feature_room_follow_launch_only,string,,"Room following: only place someone on launch, without tracking further moves","Järgnev ruum: asetage keegi ainult käivitamisele, ilma edasisi käike jälgimata",
settings_extra_hki_cloud_feature_devices,string,,Seeing which HKI version each family device runs,"Saate vaadata, millist HKI versiooni iga pere seade töötab",
settings_extra_hki_cloud_feature_required_version,string,,Requiring the family to update to a given HKI version,"Nõuab, et perekond värskendaks antud HKI versioonile",
settings_extra_hki_cloud_feature_events,string,,"The event timeline, and hiding parts of it from individual people",Sündmuse ajaskaala ja selle osade peitmine üksikute inimeste eest,
settings_extra_hki_cloud_tab_requires,string,,"Needs HKI 7 Cloud v%1$s or newer. Update the component in HACS — until then, what you set here won't take effect.",Vajab HKI 7 Cloud v%1$s või uuemat. Värskendage komponenti HACS-is – kuni selle ajani siin seatud ei kehti.,keep %1$s; don't translate HKI 7 Cloud
settings_extra_location_allowed_always,string,,Allowed all the time,Lubatud kogu aeg,
settings_extra_location_allowed_foreground,string,,Allowed only while using the app,Lubatud ainult rakenduse kasutamise ajal,
settings_extra_location_not_allowed,string,,Not allowed,Pole lubatud,
language_search_placeholder,string,,Search languages,Otsi keeli,
language_search_no_matches,string,,No language matches “%1$s”,Ükski keel ei vasta „%1$s”,keep %1$s
settings_extra_language_dutch,string,,Nederlands,Holland,
settings_extra_language_english,string,,English,inglise keel,
settings_extra_language_french,string,,Français,Français,
settings_extra_language_german,string,,Deutsch,Deutsch,
settings_extra_language_italian,string,,Italiano,itaalia keel,
settings_extra_language_spanish,string,,Español,Español,
settings_extra_language_turkish,string,,Türkçe,Türkçe,
settings_extra_language_portuguese,string,,Português,Portugali keel,
settings_extra_language_portuguese_brazil,string,,Português (Brasil),portugali keel (Brasiilia),
settings_extra_language_spanish_latam,string,,Español (Latinoamérica),español (Latinoamérica),
settings_extra_language_japanese,string,,日本語,日本語,
settings_extra_language_korean,string,,한국어,한국어,
settings_extra_language_chinese_simplified,string,,中文（简体）,中文 (简体),
settings_extra_language_chinese_traditional,string,,中文（繁體）,中文（繁體）,
settings_extra_no_drive_backups,string,,No Google Drive backups were found.,Google Drive varukoopiaid ei leitud.,don't translate Google Drive
settings_extra_no_ha_backups,string,,No Home Assistant backups were found. Is the HKI 7 Cloud component installed?,Home Assistant varukoopiaid ei leitud. Kas komponent HKI 7 Cloud on installitud?,"don't translate HKI 7 Cloud, Home Assistant"
settings_extra_notifications_multi_home_required,string,,Required while multiple homes receive notifications. Manage each home under Connection.,"Nõutav, kui mitu kodu saab märguandeid. Hallake iga kodu jaotises Ühendus.",
settings_extra_notifications_persistent_connection,string,,Keeps a persistent connection to Home Assistant while the app is closed. This uses more battery.,"Säilitab püsiva ühenduse rakendusega Home Assistant, kui rakendus on suletud. See kasutab rohkem akut.",don't translate Home Assistant
settings_extra_paypal_logo,string,,PayPal logo,PayPali logo,
settings_extra_policy_update_failed,string,,Could not update the policy.,Eeskirju ei saanud värskendada.,
settings_extra_policy_needs_component_update,string,,Permissions saved. Update HKI 7 Cloud to also store the Visible and Invisible lists.,"Load salvestatud. Värskendage HKI 7 Cloud, et salvestada ka nähtavad ja nähtamatud loendid.",don't translate HKI 7 Cloud
settings_extra_policy_needs_component_update_room_follow,string,,Permissions saved. Update HKI 7 Cloud to also store the room following settings.,"Load salvestatud. Värskendage HKI 7 Cloud, et salvestada ka järgmised seaded.",don't translate HKI 7 Cloud
settings_extra_policy_needs_component_update_events,string,,"Permissions saved, but this HKI 7 Cloud is too old to hide events from this person — they would see the whole timeline. Update it to apply the restriction.","Load salvestati, kuid see HKI 7 Cloud on liiga vana, et selle inimese eest sündmusi peita – nad näeksid kogu ajaskaala. Piirangu rakendamiseks värskendage seda.",don't translate HKI 7 Cloud
settings_extra_tab_presence,string,,Presence,Kohalolek,
settings_extra_tab_events,string,,Events,Sündmused,
settings_extra_events_title,string,,Event timeline,Sündmuse ajaskaala,
settings_extra_events_description,string,,"Choose which entities the family sees recent activity for, in the Events tab of the notification drawer. Set once here rather than on each phone. This hides the timeline, not the entities — anyone signed in to Home Assistant can still read them there.","Valige teavitussahtli vahekaardil Sündmused, milliste olemite kohta pere hiljutisi tegevusi näeb. Määrake üks kord siin, mitte igas telefonis. See peidab ajaskaala, mitte olemid – igaüks, kes on loginud sisse teenusesse Home Assistant, saab neid seal siiski lugeda.",don't translate Home Assistant
settings_extra_events_loading,string,,Loading the roster…,Nimekirja laadimine…,
settings_extra_events_unavailable,string,,Could not read the roster from HKI 7 Cloud.,Nimekirja HKI 7 Cloud ei õnnestunud lugeda.,don't translate HKI 7 Cloud
settings_extra_events_empty,string,,No entities are being tracked yet.,Ühtegi olemit veel ei jälgita.,
settings_extra_events_choose,string,,Choose entities,Valige olemid,
settings_extra_events_edit,string,,Edit entities,Olemite muutmine,
settings_extra_events_pick_title,string,,Entities to show events for,"Üksused, mille jaoks sündmusi näidata",
settings_extra_events_save_failed,string,,Could not save the event roster.,Sündmuste nimekirja ei saanud salvestada.,
settings_extra_events_capped,string,,Saved %1$d entities and %2$d domains. The timeline roster is capped.,Salvestatud %1$d olemit ja %2$d domeeni. Ajaskaala nimekiri on piiratud.,keep %1$d %2$d
settings_extra_events_whole_domain,string,,All %1$s (%2$d entities),Kõik %1$s (%2$d üksused),keep %1$s %2$d
settings_extra_events_resolved_capped,string,,"This roster covers %2$d entities, but a timeline subscribes to at most %1$d. Remove a domain, or add entities by name instead.","See nimekiri hõlmab %2$d olemit, kuid ajaskaala tellib maksimaalselt %1$d. Eemaldage domeen või lisage selle asemel üksused nime järgi.",keep %2$d %1$d
settings_extra_events_per_person_title,string,,Who sees what,Kes mida näeb,
settings_extra_events_per_person_description,string,,Everyone sees the whole timeline unless you take something out of it for them.,"Kõik näevad kogu ajaskaala, kui te sellest midagi välja ei võta.",
settings_extra_events_sees_everything,string,,Sees the whole timeline,Näeb kogu ajaskaala,
settings_extra_events_hidden_count,string,,%1$d hidden,%1$d peidetud,keep %1$d
settings_extra_events_manage,string,,Manage,Halda,
settings_extra_events_hidden_title,string,,Hide from this person,Peida selle inimese eest,
settings_extra_events_notifications_hint,string,,"The Events tab in the notification drawer shows recent activity for the entities your family admin chose. It is set for the whole family in Family Sharing, not per device.","Märguannete sahtlis olev vahekaart Sündmused näitab teie pere administraatori valitud üksuste hiljutisi tegevusi. See on perekonna jagamises määratud kogu perele, mitte seadme kohta.",
settings_extra_events_open_family_sharing,string,,Open Family Sharing,Avage Family Sharing,
settings_extra_room_follow_title,string,,Room following,Tuba järgi,
settings_extra_room_follow_description,string,,"Pick the room-presence sensor that tracks each person's phone, such as an ESPresense sensor. The app opens the room they are in and offers to follow them as they move.","Valige ruumis viibimise andur, mis jälgib iga inimese telefoni, näiteks ESPresense'i andur. Rakendus avab ruumi, kus nad on, ja pakub neile liikumist jälgida.",
settings_extra_room_follow_sensor,string,,Presence sensor,Kohaloleku andur,
settings_extra_room_follow_none,string,,No sensor,Andur puudub,
settings_extra_room_follow_enabled,string,,Follow this person between rooms,Jälgige seda inimest tubade vahel,
settings_extra_room_follow_open_on_launch,string,,Open their room when the app starts,"Avage nende tuba, kui rakendus käivitub",
settings_extra_room_follow_continue_after_launch,string,,Keep following while the app is open,"Jätkake jälgimist, kuni rakendus on avatud",
settings_extra_room_follow_continue_after_launch_hint,string,,"Turn off to only place them in the right room when the app starts, without switching rooms again while they're using it.","Lülitage välja, et paigutada need õigesse ruumi alles siis, kui rakendus käivitub, ilma et nad selle kasutamise ajal uuesti tuba vahetaksid.",
settings_extra_room_follow_prompt_on_move,string,,Ask before switching rooms,Küsige enne ruumi vahetamist,
settings_extra_room_follow_dwell,string,,Wait before a move counts,"Oodake, enne kui liigutus loeb",
settings_extra_room_follow_dwell_value,string,,%1$d s,%1$d s,keep %1$d
settings_extra_room_follow_dwell_hint,string,,Room-presence sensors drift between nearby rooms. A longer wait means fewer false moves.,Ruumi kohaloleku andurid triivivad lähedalasuvate ruumide vahel. Pikem ootamine tähendab vähem valeliigutusi.,
settings_extra_room_follow_rooms,string,,Sensor states,Anduri olekud,
settings_extra_room_follow_rooms_matched,string,,Matched automatically,Sobitatud automaatselt,
settings_extra_room_follow_rooms_unmatched,string,,Pick a room,Valige tuba,
settings_extra_room_follow_no_states,string,,No states seen yet. States appear here once the sensor reports them.,"Osariike pole veel nähtud. Olekud kuvatakse siin, kui andur neist teatab.",
room_follow_moved_title,string,,You moved to %1$s,Kolisite asukohta %1$s,keep %1$s
room_follow_moved_message,string,,"Switch to that room, or stay where you are?","Kas lülituda sinna ruumi või jääda sinna, kus sa oled?",
room_follow_moved_switch,string,,Switch,Lüliti,
room_follow_moved_stay,string,,Stay,Jää,
room_follow_moved_silence,string,,Don't ask again until I restart the app,"Ärge küsige uuesti enne, kui ma rakenduse taaskäivitan",
settings_extra_rename_dashboard,string,,Rename %1$s,Nimeta ümber %1$s,keep %1$s
settings_extra_rename_instance,string,,Rename %1$s,Nimeta ümber %1$s,keep %1$s
settings_extra_restart_home_assistant_failed,string,,Could not restart Home Assistant.,Home Assistant ei saanud taaskäivitada.,don't translate Home Assistant
settings_extra_restore_failed,string,,Restore failed: %1$s,Taastamine ebaõnnestus: %1$s,keep %1$s
settings_extra_selected_file_open_failed,string,,Could not open the selected file,Valitud faili ei saanud avada,
settings_extra_set_dashboard_default,string,,Set %1$s as the default dashboard,Määrake %1$s vaikearmatuurlauaks,keep %1$s
settings_extra_family_device_forget_failed,string,,Could not forget “%1$s.”,"Ei saanud unustada ""%1$s"".",keep %1$s
settings_extra_shared_dashboard_access_failed,string,,Could not change who can see “%1$s.”,"Ei saanud muuta, kes näeb „%1$s”.",keep %1$s
settings_extra_shared_dashboard_access_updated,string,,Updated who can see “%1$s.”,"Värskendati, kes näevad „%1$s”.",keep %1$s
settings_extra_shared_dashboard_delete_failed,string,,Could not delete “%1$s.”,„%1$s” ei saanud kustutada.,keep %1$s
settings_extra_shared_dashboard_deleted,string,,“%1$s” was deleted from the cloud.,„%1$s” kustutati pilvest.,keep %1$s
settings_extra_shared_dashboard_import_failed,string,,Could not import “%1$s.”,Faili „%1$s” ei saanud importida.,keep %1$s
settings_extra_shared_dashboard_imported,string,,“%1$s” was imported into your dashboards.,„%1$s” imporditi teie juhtpaneelidele.,keep %1$s
settings_extra_shared_dashboard_now_using,string,,Now using “%1$s.”,"Nüüd kasutatakse ""%1$s"".",keep %1$s
settings_extra_shared_dashboard_use_failed,string,,Could not use “%1$s.”,"""%1$s"" ei saanud kasutada.",keep %1$s
settings_extra_shared_dashboards_up_to_date,string,,Shared dashboards are already up to date.,Jagatud armatuurlauad on juba ajakohased.,
settings_extra_show_tab,string,,Show tab,Kuva vahekaart,
settings_extra_tab_dashboards,string,,Dashboards,Armatuurlauad,
settings_extra_tab_devices,string,,Devices,Seadmed,
settings_extra_tab_parental_controls,string,,Parental controls,Vanemlik kontroll,
settings_extra_tab_permissions,string,,Permissions,load,
settings_extra_technology_kotlin,string,,Kotlin,Kotlin,
settings_extra_technology_xml_kotlin_dsl,string,,XML and Kotlin DSL,XML ja Kotlin DSL,
settings_extra_theme_amber,string,,Amber,Merevaik,
settings_extra_theme_auto,string,,Auto,Automaatne,
settings_extra_theme_blue,string,,Blue,Sinine,
settings_extra_theme_custom,string,,Custom,Kohandatud,
settings_extra_theme_dark,string,,Dark,Tume,
settings_extra_theme_green,string,,Green,Roheline,
settings_extra_theme_light,string,,Light,Valgus,
settings_extra_theme_rose,string,,Rose,Roos,
settings_extra_theme_system,string,,System,Süsteem,
settings_extra_unknown_error,string,,Unknown error,Tundmatu viga,
settings_extra_unrestricted_recommended,string,,Unrestricted (recommended),Piiranguteta (soovitatav),
settings_extra_view_battery,string,,Battery,Aku,
settings_extra_view_climate,string,,Climate,Kliima,
settings_extra_view_energy,string,,Energy,Energia,
settings_extra_view_rooms,string,,Rooms,Toad,
settings_extra_view_security,string,,Security,Turvalisus,
settings_extra_minutes_ago,plural,one,%1$d minute ago,%1$d minut tagasi,keep %1$d
settings_extra_minutes_ago,plural,other,%1$d minutes ago,%1$d minutit tagasi,keep %1$d
settings_extra_hours_ago,plural,one,%1$d hour ago,%1$d tund tagasi,keep %1$d
settings_extra_hours_ago,plural,other,%1$d hours ago,%1$d tundi tagasi,keep %1$d
settings_extra_days_ago,plural,one,%1$d day ago,%1$d päev tagasi,keep %1$d
settings_extra_days_ago,plural,other,%1$d days ago,%1$d päeva tagasi,keep %1$d
settings_extra_shared_dashboards_pushed,plural,one,Pushed changes to %1$d shared dashboard.,Muudatused lükati %1$d jagatud armatuurlauale.,keep %1$d
settings_extra_shared_dashboards_pushed,plural,other,Pushed changes to %1$d shared dashboards.,Muudatused lükati %1$d jagatud armatuurlauale.,keep %1$d
family_permission_reimport,string,,Allow re-importing,Luba uuesti importida,
family_permission_reimport_subtitle,string,,"Let this person manually re-import or clear Rooms, Climate, Security, Energy, and Battery data","Laske sellel inimesel ruumide, kliima, turvalisuse, energia ja aku andmed käsitsi uuesti importida või kustutada",
family_dashboard_create_disabled_reason,string,,Your family administrator has disabled dashboard creation. This account can only use family-shared dashboards.,Teie pereadministraator on juhtpaneeli loomise keelanud. Sellel kontol saab kasutada ainult perekonnaga jagatud juhtpaneele.,
family_dashboard_restore_disabled_reason,string,,"Your family administrator has disabled dashboard switching. Restoring a backup could replace the family dashboard, so this account can only select a shared dashboard.","Teie pereadministraator on juhtpaneeli vahetamise keelanud. Varukoopia taastamine võib asendada pere juhtpaneeli, nii et see konto saab valida ainult jagatud armatuurlaua.",
family_settings_admin_only,string,,Locked — only a Home Assistant administrator can manage family sharing,Lukustatud – ainult Home Assistant administraator saab hallata perega jagamist,don't translate Home Assistant
family_aesthetics_only_explanation,string,,"Aesthetics-only access allows local names, icons, colors, backgrounds, card styles, shapes, sizes, and layout. Entities, actions, visibility rules, content, controls, and other behavior remain managed by the dashboard owner.","Ainult esteetiline juurdepääs võimaldab kasutada kohalikke nimesid, ikoone, värve, tausta, kaardi stiile, kujundeid, suurusi ja paigutust. Olemeid, toiminguid, nähtavuse reegleid, sisu, juhtelemente ja muud käitumist haldab jätkuvalt armatuurlaua omanik.",
parental_search_access_title,string,,Entity search access,Juurdepääs olemi otsingule,
parental_search_access_hint,string,,Choose which Home Assistant domains or individual entities this person can find in global search. Invisible selections always take precedence.,"Valige, milliseid Home Assistant domeene või üksikuid üksusi see inimene globaalsest otsingust leiab. Nähtamatud valikud on alati ülimuslikud.",don't translate Home Assistant
parental_search_visible_title,string,,Visible,Nähtav,
parental_search_invisible_title,string,,Invisible,Nähtamatu,
parental_search_visible_empty,string,,All entities are visible unless they appear in the Invisible list.,"Kõik olemid on nähtavad, kui neid ei kuvata loendis Nähtamatu.",
parental_search_invisible_empty,string,,No entities are explicitly hidden.,Ükski üksus pole otseselt peidetud.,
parental_search_picker_subtitle,string,,Select entire domains or individual entities,Valige terved domeenid või üksikud üksused,
parental_search_domains,string,,Domains,Domeenid,
parental_search_entire_domain,string,,Entire domain,Kogu domeen,
parental_search_domain_chip,string,,Domain: %1$s,Domeen: %1$s,keep %1$s
uif_a_state,string,,a state,riik,
uif_a_time,string,,a time,aega,
uif_actions,string,,Actions,Tegevused,
uif_active,string,,Active,Aktiivne,
uif_adaptive,string,,Adaptive,Kohanduv,
uif_advanced,string,,Advanced,Täpsemalt,
uif_air_quality,string,,Air quality,Õhu kvaliteet,
uif_alarm,string,,Alarm,Alarm,
uif_alarms,string,,Alarms,Äratused,
uif_allow,string,,Allow,Luba,
uif_allow_all_the_time,string,,Allow all the time,Luba kogu aeg,
uif_and_separator,string,,\u0020and\u0020,\\u0020ja\\u0020,
uif_appearance,string,,Appearance,Välimus,
uif_aqi,string,,AQI,AQI,
uif_auto,string,,Auto,Automaatne,
uif_back,string,,Back,Tagasi,
uif_beep,string,,Beep,Piiks,
uif_brightness,string,,Brightness,Heledus,
uif_bucket,string,,Bucket,Kopp,
uif_choose_action,string,,Choose action,Valige tegevus,
uif_choose_entity,string,,Choose entity,Valige üksus,
uif_choose_target,string,,Choose target,Valige sihtmärk,
uif_circle,string,,Circle,Ring,
uif_color,string,,Color,Värv,
uif_date,string,,Date,Kuupäev,
uif_date_and_time,string,,Date and time,Kuupäev ja kellaaeg,
uif_defrost,string,,Defrost,Sulatage,
uif_devices_on,string,,Devices on,Seadmed sisse lülitatud,
uif_direction_east_short,string,,E,E,
uif_direction_north_short,string,,N,N,
uif_direction_northeast_short,string,,NE,NE,
uif_direction_northwest_short,string,,NW,NW,
uif_direction_south_short,string,,S,S,
uif_direction_southeast_short,string,,SE,SE,
uif_direction_southwest_short,string,,SW,SW,
uif_direction_west_short,string,,W,W,
uif_display,string,,Display,Ekraan,
uif_edit,string,,Edit,Muuda,
uif_enable,string,,Enable,Luba,
uif_enable_location,string,,Enable location,Luba asukoht,
uif_enabled,string,,Enabled,Lubatud,
uif_entities,string,,Entities,Üksused,
uif_error,string,,Error,Viga,
uif_fan_speed,string,,Fan speed,Ventilaatori kiirus,
uif_feels_like_temperature,string,,Feels like %1$d°,Tundub nagu %1$d°,keep %1$d
uif_filter,string,,Filter,Filter,
uif_fire,string,,Fire,Tulekahju,
uif_flow_actions_available,string,,Actions available in Home Assistant,Toimingud on saadaval Home Assistant,don't translate Home Assistant
uif_flow_actions_load_failed,string,,Could not load Home Assistant actions,Home Assistant toimingut ei saanud laadida,don't translate Home Assistant
uif_flow_advanced_block_unchanged,string,,Advanced block (kept unchanged),Täiustatud plokk (jäi muutmata),
uif_flow_after_format,string,,After (HH:MM:SS),Pärast (HH:MM:SS),
uif_flow_after_time,string,,after %1$s,pärast %1$s,keep %1$s
uif_flow_at_time,string,,At %1$s,%1$s,keep %1$s
uif_flow_automation_delete_failed,string,,Could not delete this automation,Seda automatiseerimist ei saanud kustutada,
uif_flow_automation_deleted,string,,Deleted from Home Assistant,Kustutatud saidist Home Assistant,don't translate Home Assistant
uif_flow_automation_load_failed,string,,Could not load this automation,Seda automatiseerimist ei saanud laadida,
uif_flow_automation_save_failed,string,,Could not save this automation,Seda automatiseerimist ei saanud salvestada,
uif_flow_automation_saved,string,,Saved and loaded in Home Assistant,Salvestatud ja laaditud Home Assistant,don't translate Home Assistant
uif_flow_before_format,string,,Before (HH:MM:SS),Enne (HH:MM:SS),
uif_flow_before_time,string,,before %1$s,enne %1$s,keep %1$s
uif_flow_domain_actions_first,string,,%1$s actions are shown first,%1$s toimingud kuvatakse esimesena,keep %1$s
uif_flow_entity_becomes_state,string,,%1$s becomes %2$s,%1$s muutub %2$s,keep %1$s %2$s
uif_flow_entity_is_state,string,,%1$s is %2$s,%1$s on %2$s,keep %1$s %2$s
uif_flow_entity_state,string,,Entity state,Olemi olek,
uif_flow_ha_action,string,,Home Assistant action,Home Assistant toimingut,don't translate Home Assistant
uif_flow_mode_parallel,string,,Parallel,Paralleelselt,
uif_flow_mode_parallel_description,string,,Start every trigger as a separate run at the same time.,Käivitage iga päästikut korraga eraldi jooksuna.,
uif_flow_mode_queued,string,,Queued,Järjekorras,
uif_flow_mode_queued_description,string,,"Wait, then run each trigger in the order it arrived.",Oodake ja seejärel käivitage iga päästik saabumise järjekorras.,
uif_flow_mode_restart,string,,Restart,Taaskäivitage,
uif_flow_mode_restart_description,string,,Stop the current run and start again when conditions still pass.,"Lõpetage jooksev jooks ja alustage uuesti, kui tingimused ikka mööduvad.",
uif_flow_mode_single,string,,Single,Vallaline,
uif_flow_mode_single_description,string,,Ignore a new trigger while this flow is still running.,"Ignoreeri uut päästikut, kui see voog veel töötab.",
uif_flow_perform_ha_action,string,,Perform a Home Assistant action,Tehke toiming Home Assistant,don't translate Home Assistant
uif_flow_section_and_if,string,,And if,Ja kui,
uif_flow_section_then,string,,Then,Siis,
uif_flow_section_when,string,,When,Millal,
uif_flow_sun_event,string,,Sun event,Päikese üritus,
uif_flow_sunrise_or_sunset,string,,Sunrise or sunset,Päikesetõus või loojang,
uif_flow_time_format,string,,Time (HH:MM:SS),Aeg (HH:MM:SS),
uif_flow_time_window,string,,Time window,Ajaaken,
uif_flow_group_any,string,,Any of these,Ükskõik milline neist,
uif_flow_group_all,string,,All of these,Kõik need,
uif_flow_group_none,string,,None of these,Mitte ükski neist,
uif_flow_group_empty,string,,Empty — open it to add conditions,Tühjenda – avage see tingimuste lisamiseks,
uif_flow_group_open,string,,Open group,Avatud grupp,
uif_flow_group_back,string,,Back,Tagasi,
uif_flow_group_count,plural,one,%1$d condition inside,%1$d tingimus sees,keep %1$d
uif_flow_group_count,plural,other,%1$d conditions inside,%1$d tingimused sees,keep %1$d
uif_flow_within_time_window,string,,Within a time window,Ajaaknas,
uif_full,string,,Full,Täis,
uif_gas,string,,Gas,Gaas,
uif_glow,string,,Glow,Sära,
uif_half,string,,Half,Pool,
uif_header_pill,string,,Header pill,Päise pill,
uif_hold,string,,Hold,Hoia,
uif_humidity,string,,Humidity,Niiskus,
uif_ionizer,string,,Ionizer,Ionisaator,
uif_lights_on,string,,Lights on,Tuled põlema,
uif_mode_auto,string,,Auto,Automaatne,
uif_mode_away,string,,Away,Eemal,
uif_mode_baby,string,,Baby,Beebi,
uif_mode_boost,string,,Boost,Boost,
uif_mode_clothes,string,,Clothes,Riided,
uif_mode_comfort,string,,Comfort,Mugavus,
uif_mode_continuous,string,,Continuous,Pidev,
uif_mode_dry,string,,Dry,Kuivatage,
uif_mode_eco,string,,Eco,Eco,
uif_mode_high,string,,High,Kõrge,
uif_mode_home,string,,Home,Kodu,
uif_mode_laundry,string,,Laundry,Pesu,
uif_mode_low,string,,Low,Madal,
uif_mode_manual,string,,Manual,Käsiraamat,
uif_mode_medium,string,,Medium,Keskmine,
uif_mode_normal,string,,Normal,Tavaline,
uif_mode_purify,string,,Purify,Puhastage,
uif_mode_quiet,string,,Quiet,Vaikne,
uif_mode_sleep,string,,Sleep,Magama,
uif_moon,string,,Moon,Kuu,
uif_moon_phase_first_quarter,string,,First quarter,Esimene veerand,
uif_moon_phase_full,string,,Full moon,Täiskuu,
uif_moon_phase_last_quarter,string,,Last quarter,Viimane veerand,
uif_moon_phase_new,string,,New moon,Noorkuu,
uif_moon_phase_waning_crescent,string,,Waning crescent,Kahanev poolkuu,
uif_moon_phase_waning_gibbous,string,,Waning gibbous,Kahanev jubin,
uif_moon_phase_waxing_crescent,string,,Waxing crescent,Kasvav poolkuu,
uif_moon_phase_waxing_gibbous,string,,Waxing gibbous,Vahatamine gibbous,
uif_motion,string,,Motion,Liikumine,
uif_mute,string,,Mute,Vaigista,
uif_next,string,,Next,Edasi,
uif_none,string,,None,Mitte ühtegi,
uif_off,string,,Off,Väljas,
uif_onboarding_add_in_edit_mode,string,,Add everything yourself in Edit mode,Lisage kõik ise redigeerimisrežiimis,
uif_onboarding_add_internal_url_later,string,,"For a faster direct connection at home, you can add an internal URL and your home Wi-Fi networks later in Settings > Connection.",Koduse kiirema otseühenduse loomiseks saate hiljem lisada sisemise URL-i ja kodused WiFi-võrgud jaotises Seaded > Ühendus.,
uif_onboarding_add_remote_url_later,string,,"To connect while you're away from home, add a Nabu Casa or external URL later in Settings > Connection.",Kodust eemal olles ühenduse loomiseks lisage Nabu Casa või väline URL hiljem jaotises Seaded > Ühendus.,don't translate Nabu Casa
uif_onboarding_auto_entities,string,,"Finds suitable Climate, Security, Energy and Battery entities","Leiab sobivad kliima-, turva-, energia- ja akuüksused",
uif_onboarding_auto_generate,string,,Auto generate,Automaatne genereerimine,
uif_onboarding_auto_rooms_floors,string,,Creates rooms and floors from Home Assistant areas,Loob ruume ja korruseid Home Assistant piirkonnast,don't translate Home Assistant
uif_onboarding_building_dashboard,string,,Building dashboard…,Armatuurlaua ehitamine…,
uif_onboarding_connection_failed,string,,Connection failed,Ühendus ebaõnnestus,
uif_onboarding_everything_editable,string,,Everything can be changed afterward in Edit mode,Kõike saab hiljem redigeerimisrežiimis muuta,
uif_onboarding_external_access_explanation,string,,HKI 7 can reach your smart home both at home and while you're away through the external URL you entered.,HKI 7 saab sisestatud välise URL-i kaudu jõuda teie nutikodu nii kodus kui ka eemal olles.,don't translate HKI 7
uif_onboarding_local_access_explanation,string,,Your smart home is currently available to HKI 7 only while this device can reach your local Home Assistant network.,"Teie nutikodu on praegu saadaval ainult HKI 7-le, kuni see seade saab ühendust teie kohaliku Home Assistant võrguga.","don't translate Home Assistant, HKI 7"
uif_onboarding_login_failed,string,,Login failed: %1$s,Sisselogimine ebaõnnestus: %1$s,keep %1$s
uif_onboarding_nabu_casa_access_explanation,string,,HKI 7 can reach your smart home both at home and while you're away through your Nabu Casa URL.,HKI 7 võib teie nutikodu jõuda nii kodus kui ka eemal olles teie Nabu Casa URL-i kaudu.,"don't translate Nabu Casa, HKI 7"
uif_onboarding_no_authorization_code,string,,Login failed: Home Assistant returned no authorization code.,Sisselogimine ebaõnnestus: Home Assistant ei tagastanud ühtegi autoriseerimiskoodi.,don't translate Home Assistant
uif_onboarding_preparing_dashboard,string,,Preparing dashboard…,Juhtpaneeli ettevalmistamine…,
uif_onboarding_server_http_error,string,,The server answered with HTTP %1$d,Server vastas HTTP-ga %1$d,keep %1$d
uif_onboarding_shared_import_failed,string,,Could not import “%1$s”. Try again.,Faili „%1$s” ei saanud importida. Proovi uuesti.,keep %1$s
uif_onboarding_start_empty,string,,Start empty,Alusta tühjalt,
uif_onboarding_starts_empty,string,,"Starts without imported rooms, widgets or view entities","Algab ilma imporditud ruumide, vidinate või vaateüksusteta",
uif_open,string,,Open,Avatud,
uif_open_doors,string,,Open doors,Avage uksed,
uif_open_settings,string,,Open settings,Ava seaded,
uif_open_windows,string,,Open windows,Avage aknad,
uif_pause,string,,Pause,Paus,
uif_percentage,string,,Percentage,Protsent,
uif_percentage_value,string,,%1$d%%,%1$d%%,keep %1$d
uif_pick_to_auto_fill,string,,Pick to auto-fill,Valige automaatseks täitmiseks,
uif_pill,string,,Pill,Pill,
uif_play,string,,Play,Mängi,
uif_playlists,string,,Playlists,Esitusloendid,
uif_pm25,string,,PM2.5,"PM2,5",
uif_presence,string,,Presence,Kohalolek,
uif_pressure,string,,Pressure,Surve,
uif_pressure_hpa,string,,%1$d hPa,%1$d hPa,keep %1$d
uif_previous,string,,Previous,Eelmine,
uif_pulse,string,,Pulse,Pulss,
uif_pump,string,,Pump,Pump,
uif_rain,string,,Rain,Vihma,
uif_rain_map_camera,string,,Rain map camera,Vihmakaardi kaamera,
uif_recipe_arrive_home_description,string,,Activate a scene when someone arrives home,"Aktiveerige stseen, kui keegi koju jõuab",
uif_recipe_arrive_home_title,string,,Welcome home,Tere tulemast koju,
uif_recipe_bedtime_description,string,,Turn off a light at a chosen bedtime,Lülitage valgus valitud magamamineku ajaks välja,
uif_recipe_bedtime_title,string,,Bedtime lights,Uneaja tuled,
uif_recipe_blank_description,string,,Build an automation from an empty canvas,Ehitage tühjalt lõuendilt automaatika,
uif_recipe_blank_title,string,,Start empty,Alusta tühjalt,
uif_recipe_close_covers_description,string,,Close a cover when the sun sets,"Sulgege kate, kui päike loojub",
uif_recipe_close_covers_title,string,,Close covers at sunset,Sulgege kaaned päikeseloojangul,
uif_recipe_entity_state_description,string,,Run an action when an entity reaches a state,"Käivitage toiming, kui olem jõuab olekusse",
uif_recipe_entity_state_title,string,,Entity changes,Üksused muutuvad,
uif_recipe_leave_home_description,string,,Turn off a light when someone leaves home,"Kui keegi kodust lahkub, lülitage valgus välja",
uif_recipe_leave_home_title,string,,Leaving home,Kodust lahkumine,
uif_recipe_lock_at_night_description,string,,Lock a door at a chosen time,Lukustage uks valitud ajal,
uif_recipe_lock_at_night_title,string,,Lock up at night,Pange ööseks kinni,
uif_recipe_morning_scene_description,string,,Activate a scene at a chosen morning time,Aktiveerige stseen valitud hommikul,
uif_recipe_morning_scene_title,string,,Morning scene,Hommikustseen,
uif_recipe_motion_lights_description,string,,Turn on a light when motion is detected,Liikumise tuvastamisel lülitage valgus sisse,
uif_recipe_motion_lights_title,string,,Motion lighting,Liikumisvalgustus,
uif_recipe_open_covers_description,string,,Open a cover when the sun rises,"Avage kate, kui päike tõuseb",
uif_recipe_open_covers_title,string,,Open covers at sunrise,Avage kaaned päikesetõusul,
uif_recipe_schedule_description,string,,Run an action at a fixed time every day,Tehke toiming iga päev kindlal kellaajal,
uif_recipe_schedule_title,string,,At a time,Korraga,
uif_recipe_sunrise_lights_off_description,string,,Turn off a light when the sun rises,"Lülitage valgus välja, kui päike tõuseb",
uif_recipe_sunrise_lights_off_title,string,,Lights off at sunrise,Tuled kustuvad päikesetõusul,
uif_recipe_sunset_description,string,,Run an action at sunset,Käivitage tegevus päikeseloojangul,
uif_recipe_sunset_title,string,,Around sunset,Päikeseloojangu paiku,
uif_refresh,string,,Refresh,Värskenda,
uif_remove,string,,Remove,Eemalda,
uif_repeat,string,,Repeat,Korda,
uif_run,string,,Run,Jookse,
uif_season,string,,Season,Hooaeg,
uif_season_autumn,string,,Autumn,Sügis,
uif_season_spring,string,,Spring,Kevad,
uif_season_summer,string,,Summer,Suvi,
uif_season_winter,string,,Winter,Talv,
uif_shuffle,string,,Shuffle,Segamine,
uif_sleep,string,,Sleep,Magama,
uif_smoke,string,,Smoke,Suitsu,
uif_source,string,,Source,Allikas,
uif_source_device,string,,Source device,Lähteseade,
uif_speed,string,,Speed,Kiirus,
uif_speed_kmh,string,,%1$d km/h,%1$d km/h,keep %1$d
uif_spin,string,,Spin,Keeruta,
uif_state_active,string,,Active,Aktiivne,
uif_state_away,string,,Away,Eemal,
uif_state_buffering,string,,Buffering,Puhverdamine,
uif_state_cleaning,string,,Cleaning,Puhastamine,
uif_state_closed,string,,Closed,Suletud,
uif_state_docked,string,,Docked,Dokitud,
uif_state_error,string,,Error,Viga,
uif_state_home,string,,Home,Kodu,
uif_state_idle,string,,Idle,Tühikäik,
uif_state_locked,string,,Locked,Lukustatud,
uif_state_off,string,,Off,Väljas,
uif_state_on,string,,On,Sees,
uif_state_open,string,,Open,Avatud,
uif_state_paused,string,,Paused,Peatatud,
uif_state_playing,string,,Playing,Mängib,
uif_state_returning,string,,Returning,Tagasitulek,
uif_state_standby,string,,Standby,Ooterežiim,
uif_state_unavailable,string,,Unavailable,Pole saadaval,
uif_state_unknown,string,,Unknown,Tundmatu,
uif_state_unlocked,string,,Unlocked,Lukustamata,
uif_sun,string,,Sun,Päike,
uif_sunrise,string,,Sunrise,Päikesetõus,
uif_sunset,string,,Sunset,Päikeseloojang,
uif_tank,string,,Tank,Tank,
uif_tap,string,,Tap,Puudutage,
uif_third,string,,Third,Kolmandaks,
uif_time,string,,Time,Aeg,
uif_unknown,string,,Unknown,Tundmatu,
uif_update_failed,string,,Could not update %1$s,%1$s ei saanud värskendada,keep %1$s
uif_updated,string,,%1$s updated,%1$s värskendatud,keep %1$s
uif_weather,string,,Weather,Ilm,
uif_wind,string,,Wind,Tuul,
uif_active_device_count,plural,one,%1$d active device,%1$d aktiivne seade,keep %1$d
uif_active_device_count,plural,other,%1$d active devices,%1$d aktiivset seadet,keep %1$d
uif_adaptive_group_paused_count,plural,one,%1$d group light is paused for manual control.,%1$d rühma tuli on käsitsi juhtimiseks peatatud.,keep %1$d
uif_adaptive_group_paused_count,plural,other,%1$d group lights are paused for manual control.,%1$d rühma tuled on käsitsi juhtimiseks peatatud.,keep %1$d
uif_adaptive_profile_light_count,plural,one,Controls %1$d light in this profile.,Juhib sellel profiilil valgust %1$d.,keep %1$d
uif_adaptive_profile_light_count,plural,other,Controls %1$d lights in this profile.,Juhib sellel profiilil %1$d tulesid.,keep %1$d
uif_days_to_season,plural,one,%1$d day to %2$s,%1$d päev kuni %2$s,keep %1$d %2$s
uif_days_to_season,plural,other,%1$d days to %2$s,%1$d päeva kuni %2$s,keep %1$d %2$s
uif_device_on_count,plural,one,%1$d device on,%1$d seade on sisse lülitatud,keep %1$d
uif_device_on_count,plural,other,%1$d devices on,%1$d seadmed sisse lülitatud,keep %1$d
uif_fire_detector_count,plural,one,%1$d fire detector active,%1$d tulekahjuandur on aktiivne,keep %1$d
uif_fire_detector_count,plural,other,%1$d fire detectors active,%1$d tulekahjuandurid on aktiivsed,keep %1$d
uif_flow_advanced_block_count,plural,one,%1$d advanced shorthand block (kept unchanged),%1$d täiustatud kiirkirjaplokk (jäi muutmata),keep %1$d
uif_flow_advanced_block_count,plural,other,%1$d advanced shorthand blocks (kept unchanged),%1$d täpsemad kiirkirjaplokid (jäi muutmata),keep %1$d
uif_gas_detector_count,plural,one,%1$d gas detector active,%1$d gaasidetektor on aktiivne,keep %1$d
uif_gas_detector_count,plural,other,%1$d gas detectors active,%1$d gaasidetektorid on aktiivsed,keep %1$d
uif_light_on_count,plural,one,%1$d light on,%1$d tuli põleb,keep %1$d
uif_light_on_count,plural,other,%1$d lights on,%1$d tuled põlevad,keep %1$d
uif_media_item_count,plural,one,%1$d item,%1$d üksus,keep %1$d
uif_media_item_count,plural,other,%1$d items,%1$d üksust,keep %1$d
uif_motion_sensor_count,plural,one,%1$d motion sensor active,%1$d liikumisandur on aktiivne,keep %1$d
uif_motion_sensor_count,plural,other,%1$d motion sensors active,%1$d liikumisandurid on aktiivsed,keep %1$d
uif_open_door_count,plural,one,%1$d open door,%1$d avatud uks,keep %1$d
uif_open_door_count,plural,other,%1$d open doors,%1$d avatud uksed,keep %1$d
uif_open_window_count,plural,one,%1$d open window,%1$d avatud aken,keep %1$d
uif_open_window_count,plural,other,%1$d open windows,%1$d avatud aknad,keep %1$d
uif_presence_sensor_count,plural,one,%1$d presence sensor active,%1$d kohalolekuandur on aktiivne,keep %1$d
uif_presence_sensor_count,plural,other,%1$d presence sensors active,%1$d kohalolekuandurid on aktiivsed,keep %1$d
uif_smoke_detector_count,plural,one,%1$d smoke detector active,%1$d suitsuandur aktiivne,keep %1$d
uif_smoke_detector_count,plural,other,%1$d smoke detectors active,%1$d suitsuandurid on aktiivsed,keep %1$d
weather_animate_title,string,,Animated weather,Animeeritud ilm,
weather_animate_description,string,,"Where the full-colour weather artwork plays. Turn a surface off to show its still artwork instead — the forecast strips are the ones that cost the most, since they animate a dozen icons side by side.","Kus mängib täisvärviline ilmakunst. Lülitage pind välja, et kuvada selle liikumatut kunsti – prognoosiribad on need, mis maksavad kõige rohkem, kuna need animeerivad kõrvuti tosinat ikooni.",
weather_animate_applies_everywhere,string,,"These apply to this device everywhere weather is shown, not just to this pill. The same switches are in Settings › Appearance › Icons.","Need kehtivad selle seadme kohta kõikjal, kus ilmateadet näidatakse, mitte ainult selle pilli kohta. Samad lülitid on jaotises Seaded › Välimus › Ikoonid.",
weather_animate_pill,string,,Header pill,Päise pill,
weather_animate_pill_description,string,,The small weather icon beside the dashboard title.,Väike ilmaikoon armatuurlaua pealkirja kõrval.,
weather_animate_dialog,string,,Weather dialog,Ilm dialoog,
weather_animate_dialog_description,string,,The large icon on the current-weather card when you open the weather.,"Suur ikoon praeguse ilma kaardil, kui avate ilmateate.",
weather_animate_forecast,string,,Forecast strips,Prognoosiribad,
weather_animate_forecast_description,string,,"The daily and hourly rows, in the dialog and on the dashboard.",Päeva- ja tunniread dialoogiaknas ja armatuurlaual.,
weather_animate_widget,string,,Weather widget,Ilmavidin,
weather_animate_widget_description,string,,The weather card on the dashboard itself.,Ilmakaart armatuurlaual endal.,
widgets_tab_content,string,,Content,Sisu,
widgets_tab_appearance,string,,Appearance,Välimus,
widgets_tab_data,string,,Data,Andmed,
widgets_tab_chart,string,,Chart,Diagramm,
widgets_tab_graphs,string,,Graphs,Graafikud,
widgets_tab_layout,string,,Layout,Paigutus,
widgets_tab_data_sources,string,,Data sources,Andmeallikad,
widgets_remove,string,,Remove,Eemalda,
widgets_reimport,string,,Re-import,Impordi uuesti,
widgets_unavailable,string,,Unavailable,Pole saadaval,
widgets_today,string,,Today,Täna,
widgets_tomorrow,string,,Tomorrow,Homme,
widgets_yesterday,string,,Yesterday,eile,
widgets_today_initial,string,,T,T,
widgets_date_range,string,,%1$s – %2$s,%1$s – %2$s,keep %1$s %2$s
widgets_iframe_title,string,,iFrame,iFrame,
widgets_iframe_subtitle,string,,Embed a web page on your dashboard,Manustage oma armatuurlauale veebileht,
widgets_ratio_square,string,,Square,Ruut,
widgets_ratio_wide,string,,Wide,Lai,
widgets_ratio_tall,string,,Tall,Kõrge,
widgets_markdown_title,string,,Markdown,Allahindlus,
widgets_markdown_subtitle,string,,Content and card appearance,Sisu ja kaardi välimus,
widgets_media_player_title,string,,Media player,Meediumipleier,
widgets_media_player_subtitle,string,,"Source, layout, and artwork","Allikas, paigutus ja kunstiteos",
widgets_stat_min,string,,Min,Min,
widgets_stat_average,string,,Avg,Keskm,
widgets_stat_max,string,,Max,Max,
widgets_sensor_graph_title,string,,Sensor graph,Anduri graafik,
widgets_sensor_graph_subtitle,string,,"Entities, chart style, and appearance","Olemid, diagrammi stiil ja välimus",
widgets_sensor_graph_stack_title,string,,Sensor graph stack,Anduri graafiku virn,
widgets_sensor_graph_stack_subtitle,string,,Grouped charts and stack layout,Grupeeritud diagrammid ja virna paigutus,
widgets_graph_sensor_count,plural,one,Graph %1$d · %2$d sensor,Graafik %1$d · %2$d andur,keep %1$d %2$d
widgets_graph_sensor_count,plural,other,Graph %1$d · %2$d sensors,Graafik %1$d · %2$d andurid,keep %1$d %2$d
widgets_calendar_title,string,,Calendar,Kalender,
widgets_calendar_subtitle,string,,"Calendars, default view, and appearance","Kalendrid, vaikevaade ja välimus",
widgets_calendar_agenda,string,,Agenda,Päevakord,
widgets_calendar_week,string,,Week,Nädal,
widgets_calendar_month,string,,Month,Kuu,
widgets_calendar_no_entity,string,,No calendar entity available,Kalendriüksus pole saadaval,
widgets_calendar_no_upcoming_events,string,,No events in the coming days,Lähipäevadel üritusi pole,
widgets_calendar_no_events_for,string,,No events for %1$s,%1$s jaoks pole sündmusi,keep %1$s
widgets_calendar_all_day,string,,All day,Terve päeva,
widgets_calendar_time_unknown,string,,Time unknown,Aeg teadmata,
widgets_vacuum_state_cleaning,string,,Cleaning,Puhastamine,
widgets_vacuum_state_docked,string,,Docked,Dokitud,
widgets_vacuum_state_paused,string,,Paused,Peatatud,
widgets_vacuum_state_error,string,,Error,Viga,
widgets_vacuum_state_returning,string,,Returning to dock,Dokki naasmine,
widgets_vacuum_dock,string,,Dock,Dokk,
widgets_vacuum_start,string,,Start,Alusta,
widgets_vacuum_pause,string,,Pause,Paus,
widgets_vacuum_stop,string,,Stop,Peatus,
widgets_vacuum_locate,string,,Locate,Otsige üles,
widgets_vacuum_page_status,string,,%1$d/%2$d · %3$s,%1$d/%2$d · %3$s,keep %1$d %2$d %3$s
widgets_vacuum_fan_speed,string,,Fan speed,Ventilaatori kiirus,
widgets_vacuum_water_level,string,,Water level,Veetase,
widgets_vacuum_map,string,,Vacuum map,Vaakumkaart,
widgets_vacuum_room_number,string,,Room %1$d,Ruum %1$d,keep %1$d
widgets_vacuum_room_label,string,,Room %1$s,Ruum %1$s,keep %1$s
widgets_vacuum_valetudo_decode_failed,string,,No Valetudo map data in this camera entity,Selles kaamera olemis pole Valetudo kaardiandmeid,don't translate Valetudo
widgets_vacuum_valetudo_tap_hint,string,,Tap a room to clean it,Puudutage ruumi selle puhastamiseks,
widgets_vacuum_valetudo_unmapped,string,,Map this robot's segments to areas in Home Assistant to clean a room by tapping it,"Kaardistage selle roboti segmendid Home Assistant aladega, et ruumi puhastada, puudutades seda",don't translate Home Assistant
widgets_vacuum_valetudo_cleaning,string,,Cleaning %1$s,Puhastamine %1$s,keep %1$s
widgets_waste_collection_title,string,,Waste collection,Jäätmete kogumine,
widgets_waste_collection_subtitle,string,,"Sensors, calendar, and appearance","Andurid, kalender ja välimus",
widgets_waste_sensor_picture_help,string,,Shows the sensor’s entity_picture (falls back to the type icon when no picture is available).,"Näitab anduri entity_picture (kui pilt pole saadaval, langeb tagasi tüübiikoonile).",
ui_people_dialog_title,string,,People,Inimesed,
widgets_f1_title,string,,Formula 1,Vormel 1,
widgets_f1_subtitle,string,,"Race weekend, standings, and results","Võistlusnädalavahetus, tabeliseis ja tulemused",
widgets_f1_sources_subtitle,string,,Read from the F1 Sensor integration,Lugege F1 anduri integratsioonist,
widgets_f1_tab_next,string,,Next race,Järgmine võistlus,
widgets_f1_tab_calendar,string,,Calendar,Kalender,
widgets_f1_tab_standings,string,,Standings,Tabeliseis,
widgets_f1_tab_grid,string,,Grid,Võre,
widgets_f1_tab_results,string,,Results,Tulemused,
widgets_f1_tab_live,string,,Live,Otse,
widgets_f1_drivers,string,,Drivers,Autojuhid,
widgets_f1_constructors,string,,Constructors,Konstruktorid,
widgets_f1_prediction,string,,Prediction,Ennustus,
widgets_f1_schedule,string,,Session schedule,Seansi ajakava,
widgets_f1_race_control,string,,Race control,Võistluskontroll,
widgets_f1_timing,string,,Timing,Ajastus,
widgets_f1_round,string,,Round %1$s,Voor %1$s,keep %1$s
widgets_f1_lap_short,string,,Lap %1$s,Ring %1$s,keep %1$s
widgets_f1_lap_of,string,,Lap %1$d / %2$d,Ring %1$d / %2$d,keep %1$d %2$d
widgets_f1_wins_short,string,,%1$s wins,%1$s võidab,keep %1$s
widgets_f1_points_wins_legend,string,,Right-hand column shows championship points.,Parempoolne veerg näitab meistrivõistluste punkte.,
widgets_f1_prediction_now,string,,Now: %1$s pts,Nüüd: %1$s punkti,keep %1$s
widgets_f1_prediction_legend,string,,Right-hand column shows predicted final points. Needs F1TV Auth in F1 Sensor.,Parempoolne veerg näitab ennustatud lõpppunkte. Vajab F1-anduris F1TV autentimist.,
widgets_f1_status_pit,string,,In pit,Kaevus,
widgets_f1_status_out,string,,Retired,Pensionil,
widgets_f1_no_calendar,string,,No season schedule available yet,Hooaja ajakava pole veel saadaval,
widgets_f1_no_grid,string,,No starting grid available yet,Stardivõrk pole veel saadaval,
widgets_f1_no_prediction,string,,No championship prediction available. Needs F1TV Auth in F1 Sensor.,Meistrivõistluste ennustus pole saadaval. Vajab F1-anduris F1TV autentimist.,
widgets_f1_lights_out_in,string,,Lights out in %1$s,Tuled kustuvad %1$s,keep %1$s
widgets_f1_next_in,string,,%1$s · %2$s,%1$s · %2$s,keep %1$s %2$s
widgets_f1_in_days_hours,string,,in %1$dd %2$dh,%1$dd %2$dh pärast,keep %1$d %2$d
widgets_f1_in_hours_minutes,string,,in %1$dh %2$dm,%1$dh %2$dmin pärast,keep %1$d %2$d
widgets_f1_in_minutes,string,,in %1$dm,%1$dmin pärast,keep %1$d
widgets_f1_no_upcoming,string,,No upcoming race,Tulevasi võistlusi pole,
widgets_f1_today_at,string,,Today %1$s,Täna %1$s,keep %1$s
widgets_f1_tomorrow_at,string,,Tomorrow %1$s,Homme %1$s,keep %1$s
widgets_f1_time_unknown,string,,Time to be confirmed,Aeg kinnitamiseks,
widgets_f1_sensors_used,string,,"This widget uses the next race, season calendar, starting grid, driver and constructor standings, last race results, weather, and — during a session — track status, session status, race control, driver positions, and current tyres. It also shows a championship prediction when F1 Sensor's optional F1TV Auth is set up. Other F1 Sensor options are not needed for it.","See vidin kasutab järgmist võistlust, hooaja kalendrit, stardiruudustikku, sõitjate ja konstruktorite seisu, viimase võistluse tulemusi, ilma ja – seansi ajal – raja olekut, sessiooni olekut, võistluse juhtimist, sõitjate positsioone ja praeguseid rehve. See näitab ka meistrivõistluste ennustust, kui F1 Sensori valikuline F1TV autentimine on seadistatud. Muid F1 anduri valikuid pole selle jaoks vaja.",
widgets_f1_no_standings,string,,No standings available yet,Tabeliseisu pole veel saadaval,
widgets_f1_no_results,string,,No race results available yet,Võistlustulemusi pole veel saadaval,
widgets_f1_no_race_control,string,,No race control messages,Võistluskontrolli teateid pole,
widgets_f1_not_found,string,,F1 Sensor not found,F1 andurit ei leitud,
widgets_f1_not_found_long,string,,The F1 Sensor integration was not found. Install it in Home Assistant (HACS: Nicxe/f1_sensor) and its sensors are picked up automatically.,F1 anduri integratsiooni ei leitud. Installige see rakendusse Home Assistant (HACS: Nicxe/f1_sensor) ja selle andurid võetakse automaatselt üles.,don't translate Home Assistant
widgets_f1_found,string,,Found %1$d F1 sensors.,Leiti %1$d F1 andurid.,keep %1$d
widgets_f1_default_tab,string,,Opening tab,Vahekaardi avamine,
widgets_f1_background_help,string,,"With no background image the card shows the upcoming race, with the circuit outline as a faint watermark behind it.",Ilma taustapildita näitab kaart eelseisvat võistlust ja selle taga on ringraja kontuur nõrga vesimärgina.,
widgets_f1_session_fp1,string,,Practice 1,Harjutus 1,
widgets_f1_session_fp2,string,,Practice 2,2. harjutamine,
widgets_f1_session_fp3,string,,Practice 3,Harjutus 3,
widgets_f1_session_sprint_quali,string,,Sprint qualifying,Sprindi kvalifikatsioon,
widgets_f1_session_sprint,string,,Sprint,Sprint,
widgets_f1_session_qualifying,string,,Qualifying,Kvalifitseeruv,
widgets_f1_session_race,string,,Race,Rass,
widgets_f1_flag_green,string,,Track clear,Rada selge,
widgets_f1_flag_yellow,string,,Yellow flag,Kollane lipp,
widgets_f1_flag_red,string,,Red flag,Punane lipp,
widgets_f1_flag_safety_car,string,,Safety car,Turvaauto,
widgets_f1_flag_vsc,string,,Virtual safety car,Virtuaalne turvaauto,
widgets_f1_flag_chequered,string,,Chequered flag,Ruuduline lipp,
widgets_f1_flag_unknown,string,,Not running,Ei jookse,
cr_widget_f1,string,,Formula 1,Vormel 1,
cr_widget_f1_description,string,,"Race weekend, standings, and results","Võistlusnädalavahetus, tabeliseis ja tulemused",
widgets_todo_title,string,,To-Do List,Ülesannete nimekiri,
widgets_todo_shopping_title,string,,Shopping List,Ostunimekiri,
widgets_todo_subtitle,string,,A shared checklist your family can add to and check off,"Jagatud kontroll-loend, mida teie pere saab lisada ja märkida",
widgets_todo_empty,string,,No items yet,Üksusi pole veel,
widgets_todo_all_done,string,,All done,Kõik tehtud,
widgets_todo_remaining,string,,%1$d of %2$d left,%1$d/%2$d on jäänud,keep %1$d %2$d
widgets_todo_remaining_short,string,,%1$d/%2$d,%1$d/%2$d,keep %1$d %2$d
widgets_todo_add_placeholder,string,,Add an item…,Lisa üksus…,
widgets_todo_read_only,string,,You don't have permission to edit this list.,Teil pole selle loendi muutmiseks luba.,
widgets_todo_filter_active,string,,To do,Teha,
widgets_todo_filter_all,string,,All,Kõik,
widgets_todo_filter_done,string,,Done,Valmis,
widgets_todo_clear_completed,string,,Clear completed,Tühjendamine lõpetatud,
widgets_todo_completed_section,string,,Completed (%1$d),Lõpetatud (%1$d),keep %1$d
widgets_todo_new_category,string,,New tab,Uus vahekaart,
widgets_todo_manage_categories,string,,Manage tabs,Vahekaartide haldamine,
widgets_todo_edit_item,string,,Edit item,Muuda üksust,
widgets_todo_item_text,string,,Item,Üksus,
widgets_todo_quantity,string,,Quantity,Kogus,
widgets_todo_category,string,,Category,Kategooria,
widgets_todo_note,string,,Note,Märkus,
widgets_todo_priority,string,,Priority,Prioriteet,
widgets_todo_priority_low,string,,Low,Madal,
widgets_todo_priority_normal,string,,Normal,Tavaline,
widgets_todo_priority_high,string,,High,Kõrge,
widgets_todo_due_date,string,,Due date,Tähtaeg,
widgets_todo_clear_due_date,string,,Clear due date,Tühjenda tähtaeg,
widgets_todo_delete_item,string,,Delete,Kustuta,
widgets_todo_checked_by,string,,Checked by %1$s,Kontrollis %1$s,keep %1$s
widgets_todo_added_by,string,,Added by %1$s,Lisas %1$s,keep %1$s
widgets_todo_tab_general,string,,General,Kindral,
widgets_todo_tab_permissions,string,,Permissions,load,
widgets_todo_list_type,string,,List type,Loendi tüüp,
widgets_todo_type_todo,string,,To-do,Ülesanded,
widgets_todo_type_shopping,string,,Shopping,Ostlemine,
widgets_todo_sort_mode,string,,Sort order,Sorteerimisjärjekord,
widgets_todo_sort_manual,string,,Manual,Käsiraamat,
widgets_todo_sort_alphabetical,string,,A–Z,A–Z,
widgets_todo_sort_priority,string,,Priority,Prioriteet,
widgets_todo_sort_newest,string,,Newest first,Kõige uuemad enne,
widgets_todo_show_completed,string,,Show completed items by default,Kuva vaikimisi lõpetatud üksused,
widgets_todo_hero_list,string,,Hero list,Kangelaste nimekiri,
widgets_todo_hero_list_hint,string,,Show this list's open items on the square card.,Kuva selle loendi avatud üksused ruutkaardil.,
widgets_todo_permissions_subtitle,string,,"Choose who can add, check off, or remove items","Valige, kes saab üksusi lisada, märkida või eemaldada",
widgets_todo_perm_everyone,string,,Everyone,Kõik,
widgets_todo_perm_specific,string,,Specific family members,Konkreetsed pereliikmed,
widgets_todo_perm_admin_only,string,,Admins only,Ainult administraatorid,
widgets_todo_permissions_admin_required,string,,Only an admin can choose specific members,Konkreetseid liikmeid saab valida ainult administraator,
widgets_todo_no_users_found,string,,No Home Assistant users found,Ühtegi Home Assistant kasutajat ei leitud,don't translate Home Assistant
cr_widget_todo,string,,To-Do List,Ülesannete nimekiri,
cr_widget_todo_description,string,,"Shared checklist or shopping list, editable by everyone, chosen members, or admins only","Jagatud kontroll- või ostunimekiri, mida saavad muuta kõik, valitud liikmed või ainult administraatorid",
widgets_find_devices_title,string,,Find my devices,Leia minu seadmed,
widgets_find_devices_subtitle,string,,"Devices, map, and appearance","Seadmed, kaart ja välimus",
widgets_find_devices_label,string,,Devices,Seadmed,
widgets_find_select_devices,string,,Select devices,Valige seadmed,
widgets_find_sources_subtitle,string,,Trackers to show on the map,"Jälgijad, mida kaardil näidata",
widgets_find_gps_help,string,,Any device_tracker or person entity can be added. Those reporting GPS coordinates appear on the map; the rest are still listed with their state.,"Lisada saab mis tahes seadme_jälgija või isiku olemi. Kaardile ilmuvad need, kes teatavad GPS-koordinaadid; ülejäänud on endiselt loetletud oma olekuga.",
widgets_find_my_devices,string,,My devices,Minu seadmed,
widgets_find_filter_all,string,,All,Kõik,
widgets_find_filter_devices,string,,Devices,Seadmed,
widgets_find_filter_persons,string,,People,Inimesed,
widgets_find_showing_selected,string,,Showing %1$d selected,Kuvatakse valitud %1$d,keep %1$d
widgets_find_show_all,string,,Show all,Näita kõiki,
widgets_find_none_in_filter,string,,Nothing of this kind in this widget,Selles vidinas pole midagi sellist,
widgets_find_refresh,string,,Refresh,Värskenda,
widgets_find_summary,string,,%1$d of %2$d home,%1$d %2$d kodust,keep %1$d %2$d
widgets_find_no_devices_selected,string,,No devices selected,Ühtegi seadet pole valitud,
widgets_find_no_location,string,,None of these devices report a location yet,Ükski neist seadmetest ei teata veel asukohta,
widgets_find_no_gps,string,,No location,Asukoht puudub,
widgets_find_state_home,string,,Home,Kodu,
widgets_find_state_away,string,,Away,Eemal,
widgets_find_state_unknown,string,,Unknown,Tundmatu,
cr_widget_find_devices,string,,Find my devices,Leia minu seadmed,
cr_widget_find_devices_description,string,,"Map of your phones, tags, and trackers","Teie telefonide, siltide ja jälgijate kaart",
widgets_waste_calendar_range,string,,Calendar range,Kalendri vahemik,
widgets_waste_calendar_days,string,,%1$d days,%1$d päeva,keep %1$d
widgets_waste_calendar_range_help,string,,"How far ahead the dialog's calendar looks. It is shown as a week grid, rounded out to whole weeks.","Kui kaugele ette näeb dialoogi kalender. Seda näidatakse nädala ruudustikuna, ümardatuna terveteks nädalateks.",
widgets_waste_no_collection_on,string,,No collection on %1$s,%1$s kogu puudub,keep %1$s
widgets_waste_organic,string,,Organic waste,Orgaanilised jäätmed,
widgets_waste_packaging,string,,Packaging,Pakendamine,
widgets_waste_paper,string,,Paper,Paber,
widgets_waste_residual,string,,Residual waste,Jääkjäätmed,
widgets_waste_glass,string,,Glass,Klaas,
widgets_waste_textiles,string,,Textiles,Tekstiilid,
widgets_waste_plastic,string,,Plastic,Plastikust,
widgets_waste_christmas_trees,string,,Christmas trees,jõulupuud,
widgets_waste_bulky,string,,Bulky waste,Suurjäätmed,
widgets_waste_duo_bin,string,,Duo bin,Duo prügikast,
widgets_weather_title,string,,Weather,Ilm,
widgets_weather_subtitle,string,,"Entity, card type, and appearance","Üksus, kaardi tüüp ja välimus",
widgets_weather_style_current,string,,Current weather,Praegune ilm,
widgets_weather_style_daily,string,,Daily forecast,Päevaprognoos,
widgets_weather_style_hourly,string,,Hourly forecast,Tunniprognoos,
widgets_weather_style_horizon,string,,Sunrise & sunset horizon,Päikesetõusu ja -loojangu horisont,
widgets_weather_style_wind,string,,Wind compass,Tuulekompass,
widgets_weather_style_rain_map,string,,Rain map (image URL),Vihmakaart (pildi URL),
widgets_compass_directions,array,1,N,,needs translation
widgets_compass_directions,array,2,NNE,,needs translation
widgets_compass_directions,array,3,NE,,needs translation
widgets_compass_directions,array,4,ENE,,needs translation
widgets_compass_directions,array,5,E,,needs translation
widgets_compass_directions,array,6,ESE,,needs translation
widgets_compass_directions,array,7,SE,,needs translation
widgets_compass_directions,array,8,SSE,,needs translation
widgets_compass_directions,array,9,S,,needs translation
widgets_compass_directions,array,10,SSW,,needs translation
widgets_compass_directions,array,11,SW,,needs translation
widgets_compass_directions,array,12,WSW,,needs translation
widgets_compass_directions,array,13,W,,needs translation
widgets_compass_directions,array,14,WNW,,needs translation
widgets_compass_directions,array,15,NW,,needs translation
widgets_compass_directions,array,16,NNW,,needs translation
widgets_battery_entities,string,,Battery entities,Akuüksused,
widgets_battery_settings,string,,Battery settings,Aku seaded,
widgets_battery_empty_view_hint,string,,This battery view is empty. Swipe down on the header and open Battery settings to add entities manually.,See akuvaade on tühi. Olemite käsitsi lisamiseks pühkige päises alla ja avage aku seaded.,
widgets_battery_levels_title,string,,Battery levels,Aku laetuse tase,
widgets_battery_levels_subtitle,string,,"Thresholds, sources, and appearance","Künnised, allikad ja välimus",
widgets_battery_rules,string,,Battery rules,Aku reeglid,
widgets_battery_all,string,,All,Kõik,
widgets_battery_critical,string,,Critical,Kriitiline,
widgets_battery_low,string,,Low,Madal,
widgets_battery_watch,string,,Watch,Vaata,
widgets_battery_good,string,,Good,Hea,
widgets_battery_unknown,string,,Unknown,Tundmatu,
widgets_battery_range_critical,string,,0–10%,0–10%,
widgets_battery_range_low,string,,11–30%,11–30%,
widgets_battery_range_watch,string,,31–50%,31–50%,
widgets_battery_range_good,string,,Above 50%,üle 50%,
widgets_battery_range_unknown,string,,Unavailable or unknown,Pole saadaval või teadmata,
widgets_battery_no_data,string,,No battery data,Aku andmed puuduvad,
widgets_battery_levels_unavailable,string,,Battery levels unavailable,Aku laetuse tase pole saadaval,
widgets_battery_levels_healthy,string,,Battery levels look healthy,Aku laetuse tase tundub terve,
widgets_battery_lowest_detail,string,,Lowest: %1$s at %2$d%%,Madalaim: %1$s %2$d%%,keep %1$s %2$d
widgets_battery_showing_plus,string,,Showing Battery+ devices,Kuvatakse Battery+ seadmed,
widgets_battery_waiting_levels,string,,Waiting for reported levels,Teatatud tasemete ootel,
widgets_battery_lowest,string,,Lowest,Madalaim,
widgets_battery_attention,string,,Attention,Tähelepanu,
widgets_battery_tracked,string,,Tracked,Jälgitud,
widgets_battery_level,string,,Level,Tase,
widgets_battery_name,string,,Name,Nimi,
widgets_battery_type,string,,Battery type,Aku tüüp,
widgets_battery_entity,string,,Entity,Üksus,
widgets_battery_quantity,string,,Quantity,Kogus,
widgets_battery_quantity_short,string,,Qty %1$s,Kogus %1$s,keep %1$s
widgets_battery_device_id,string,,Device ID,Seadme ID,
widgets_battery_unknown_type,string,,Unknown type,Tundmatu tüüp,
widgets_battery_sort_summary,string,,Sort: %1$s,Sordi: %1$s,keep %1$s
widgets_battery_no_filters,string,,No filters active,Ühtegi aktiivset filtrit pole,
widgets_battery_collapse_filters,string,,Collapse filters,Ahenda filtrid,
widgets_battery_expand_filters,string,,Expand filters,Laiendage filtreid,
widgets_battery_low_count,plural,one,%1$d low battery,%1$d aku on tühi,keep %1$d
widgets_battery_low_count,plural,other,%1$d low batteries,%1$d tühjad patareid,keep %1$d
widgets_battery_critical_count,plural,one,%1$d critical battery,%1$d kriitiline aku,keep %1$d
widgets_battery_critical_count,plural,other,%1$d critical batteries,%1$d kriitilised akud,keep %1$d
widgets_battery_attention_count,plural,one,%1$d battery needs attention,%1$d aku vajab tähelepanu,keep %1$d
widgets_battery_attention_count,plural,other,%1$d batteries need attention,%1$d akud vajavad tähelepanu,keep %1$d
widgets_energy_day,string,,Day,päev,
widgets_energy_week,string,,Week,Nädal,
widgets_energy_month,string,,Month,Kuu,
widgets_energy_year,string,,Year,aasta,
widgets_energy_this_week,string,,This week,Sel nädalal,
widgets_energy_this_month,string,,This month,Sel kuul,
widgets_energy_this_year,string,,This year,Sel aastal,
widgets_energy_today_lower,string,,today,täna,
widgets_energy_this_week_lower,string,,this week,sel nädalal,
widgets_energy_this_month_lower,string,,this month,sel kuul,
widgets_energy_this_year_lower,string,,this year,sel aastal,
widgets_energy_yesterday_lower,string,,yesterday,eile,
widgets_energy_consumed_solar,string,,Consumed solar,Tarbitud päikeseenergia,
widgets_energy_imported,string,,Imported,Imporditud,
widgets_energy_exported,string,,Exported,Eksporditud,
widgets_energy_phase_number,string,,Phase %1$d,Faas %1$d,keep %1$d
widgets_energy_forecast_number,string,,Forecast %1$d,Prognoos %1$d,keep %1$d
widgets_energy_ha_forecast,string,,Home Assistant forecast,Home Assistant prognoos,don't translate Home Assistant
widgets_battery_search,string,,Search devices,Otsige seadmeid,
widgets_battery_none,string,,No batteries match that search.,Sellele otsingule ei vasta ükski patarei.,
widgets_battery_open_page,string,,Open battery page,Avage aku leht,
