key,type,item,english,translation,notes
language_title,string,,Language,Langue,
language_display_title,string,,Display language,Langue d'affichage,
language_display_subtitle,string,,Follows your device by default; choose one to override it,Suit votre appareil par défaut ; choisissez-en un pour le remplacer,
language_system,string,,System default,Valeur par défaut du système,
language_selected,string,,Selected,Choisi,
nav_home,string,,Home,Maison,
nav_rooms,string,,Rooms,Chambres,
nav_security,string,,Security,Sécurité,
nav_energy,string,,Energy,Énergie,
nav_climate,string,,Climate,Climat,
nav_battery,string,,Battery,Batterie,
nav_settings,string,,Settings,Paramètres,
nav_room_detail,string,,Room Detail,Détail de la pièce,
settings_title_connection,string,,Connection,Connexion,
settings_title_profile,string,,Profile,Profil,
settings_title_location,string,,Location,Emplacement,
settings_title_notifications,string,,Notifications,Notifications,
settings_title_appearance,string,,Appearance,Apparence,
settings_title_header,string,,Header,En-tête,
settings_title_theme,string,,Theme,Thème,
settings_title_fonts,string,,Fonts,Polices,
settings_title_corners,string,,Corners,Coins,
settings_title_icons,string,,Icons,Icônes,
settings_title_nav_bar,string,,Navigation Bar,Barre de navigation,
settings_title_media_players,string,,Media Players,Lecteurs multimédias,
settings_title_dashboard,string,,Dashboard,Tableau de bord,
settings_title_family_sharing,string,,Family Sharing,Partage familial,
settings_title_backup_restore,string,,Backup and Restore,Sauvegarde et restauration,
settings_title_account,string,,Account,Compte,
settings_title_about,string,,About HKI 7,À propos de HKI 7,don't translate HKI 7
settings_title_license,string,,License,Licence,
settings_title_support,string,,Support,Soutien,
settings_subtitle_menu,string,,Everything that shapes your HKI 7 experience,Tout ce qui façonne votre expérience HKI 7,don't translate HKI 7
settings_subtitle_account,string,,Your profile and this app installation,Votre profil et l'installation de cette application,
settings_subtitle_profile,string,,Personal details used throughout your dashboard,Données personnelles utilisées dans tout votre tableau de bord,
settings_subtitle_connection,string,,Server routes and local-network preferences,Routes de serveur et préférences de réseau local,
settings_subtitle_location,string,,Presence updates and background access,Mises à jour de présence et accès en arrière-plan,
settings_subtitle_dashboard,string,,"Dashboards, tabs, media players, and popups","Tableaux de bord, onglets, lecteurs multimédias et fenêtres contextuelles",
settings_subtitle_appearance,string,,Make the dashboard feel like yours,Donnez l'impression que le tableau de bord ressemble au vôtre,
settings_subtitle_corners,string,,"Roundness of buttons, cards, and widgets","Rondeur des boutons, cartes et widgets",
settings_subtitle_icons,string,,Icon animations and per-domain effects,Animations d'icônes et effets par domaine,
settings_subtitle_header,string,,Choose whether the dashboard header is shown,Choisissez si l'en-tête du tableau de bord est affiché,
settings_subtitle_theme,string,,"Color, contrast, mode, and corner styling","Couleur, contraste, mode et style des coins",
settings_subtitle_fonts,string,,"Size, weight, and typeface readability","Taille, poids et lisibilité des caractères",
settings_subtitle_nav_bar,string,,Choose which destinations are always within reach,Choisissez quelles destinations sont toujours à portée de main,
settings_subtitle_media_players,string,,Names and mini-player visibility,Noms et visibilité des mini-joueurs,
settings_subtitle_notifications,string,,"Push delivery, history, and service behavior","Livraison push, historique et comportement du service",
settings_subtitle_backup_restore,string,,Protect or move your dashboard configuration,Protéger ou déplacer la configuration de votre tableau de bord,
settings_subtitle_family_sharing,string,,"Parental controls, dashboard sharing, and recipient permissions","Contrôles parentaux, partage de tableaux de bord et autorisations des destinataires",
settings_subtitle_about,string,,"The project, technology, and people behind HKI 7","Le projet, la technologie et les personnes derrière HKI 7",don't translate HKI 7
settings_subtitle_license,string,,Open-source community core and optional premium materials,Noyau communautaire open source et matériaux premium en option,
settings_subtitle_support,string,,Ways to help HKI 7 grow without buying Premium,Comment aider HKI 7 à se développer sans acheter Premium,don't translate HKI 7
notification_channel_general,string,,General,Général,
location_channel_name,string,,Location sharing,Partage de position,
location_notification_title,string,,Home Assistant location,Position Home Assistant,don't translate Home Assistant
location_notification_text,string,,Sharing your location with Home Assistant,Partage de votre position avec Home Assistant,don't translate Home Assistant
push_connection_channel_name,string,,Notification connection,Connexion des notifications,
push_connection_notification_title,string,,Connected to Home Assistant,Connecté à Home Assistant,don't translate Home Assistant
push_connection_notification_text,string,,Listening for notifications,En attente de notifications,
parcel_title,string,,Parcels,Colis,
parcel_generic_carrier,string,,Carrier,Transporteur,
parcel_incoming,string,,Incoming,Entrants,
parcel_delivered,string,,Delivered,Livrés,
parcel_outgoing,string,,Outgoing,Sortants,
parcel_letters,string,,Letters,Lettres,
parcel_mail,string,,Mail,Courrier,
parcel_summary,string,,%1$d incoming · %2$d outgoing,%1$d entrants · %2$d sortants,keep %1$d %2$d
parcel_summary_with_letters,string,,%1$d incoming · %2$d outgoing · %3$d letters,%1$d entrants · %2$d sortants · %3$d lettres,keep %1$d %2$d %3$d
parcel_carrier_summary_with_letters,string,,%1$d incoming · %2$d outgoing · %3$d letters,%1$d entrants · %2$d sortants · %3$d lettres,keep %1$d %2$d %3$d
parcel_summary_with_letter_count,string,,%1$d incoming · %2$d outgoing · %3$s,%1$d entrants · %2$d sortants · %3$s,keep %1$d %2$d %3$s
parcel_tracking_history,string,,Tracking history,Historique du suivi,
parcel_tracking_history_subtitle,string,,Parcel journey and status updates,Parcours du colis et mises à jour de son état,
parcel_choose_carrier_account,string,,Choose a carrier account,Choisir un compte de transporteur,
parcel_tab_count,string,,%1$s (%2$d),%1$s (%2$d),keep %1$s %2$d
parcel_empty_tab,string,,No %1$s parcels.,Aucun colis dans « %1$s ».,keep %1$s
parcel_no_incoming,string,,No incoming parcels.,Aucun colis entrant.,
parcel_no_delivered,string,,No delivered parcels.,Aucun colis livré.,
parcel_no_outgoing,string,,No outgoing parcels.,Aucun colis sortant.,
parcel_stage_registered,string,,Registered,Enregistré,
parcel_stage_sorting,string,,Sorting,En cours de tri,
parcel_stage_on_the_way,string,,On the way,En route,
parcel_unknown_status,string,,Unknown status,État inconnu,
parcel_status_in_transit,string,,In transit,En transit,
parcel_status_out_for_delivery,string,,Out for delivery,En cours de livraison,
parcel_status_at_pickup_point,string,,Ready at pickup point,Prêt au point de retrait,
parcel_status_ready_to_send,string,,Ready to send,Prêt à expédier,
parcel_letter_preview,string,,Letter preview,Aperçu de la lettre,
parcel_carriers,string,,Carriers,Transporteurs,
parcel_track_new,string,,Track a new %1$s parcel by number,Suivre un nouveau colis %1$s avec son numéro,keep %1$s
parcel_choose_carrier,string,,Choose a carrier,Choisir un transporteur,
parcel_settings_subtitle,string,,"Carrier accounts, aggregation, and appearance","Comptes des transporteurs, regroupement et apparence",
parcel_settings_accounts,string,,Accounts,Comptes,
parcel_settings_organization,string,,Organization,Organisation,
parcel_settings_appearance,string,,Appearance,Apparence,
action_remove,string,,Remove,Retirer,
notification_delete,string,,Delete notification,Supprimer la notification,
notification_mark_all_read,string,,Mark all as read,Tout marquer comme lu,
notification_mark_all_unread,string,,Mark all as unread,Tout marquer comme non lu,
notification_delete_all,string,,Delete all,Tout supprimer,
notification_delete_all_archived,string,,Delete all archived,Supprimer toutes les notifications archivées,
notification_unread,string,,Unread,Non lu,
notification_history,string,,History,Historique,
notification_mark_unread,string,,Mark as unread,Marquer comme non lu,
notification_mark_read,string,,Mark as read,Marquer comme lu,
notification_archive,string,,Archive,Archiver,
notification_unarchive,string,,Unarchive,Désarchiver,
notification_delete_action,string,,Delete,Supprimer,
entity_search_select_items,string,,Select items,Sélectionner des éléments,
entity_search_choose_one,string,,Search and choose one entity,Rechercher et choisir une entité,
entity_search_choose_multiple,string,,Search and select one or more entities,Rechercher et sélectionner une ou plusieurs entités,
global_search_title,string,,Search,Recherche,
global_search_subtitle,string,,Find and control any Home Assistant device or entity,Trouve et contrôle n’importe quel appareil ou entité Home Assistant,don't translate Home Assistant
global_search_clear,string,,Clear search,Effacer la recherche,
global_search_no_devices,string,,No matching devices.,Aucun appareil correspondant.,
global_search_no_entities,string,,No matching entities.,Aucune entité correspondante.,
security_title,string,,Security,Sécurité,
security_subtitle,string,,Home status and activity,État et activité du domicile,
security_settings,string,,Security settings,Paramètres de sécurité,
security_entities,string,,Security entities,Entités de sécurité,
security_reimport,string,,Re-import,Réimporter,
security_group_doors,string,,Doors,Portes,
security_group_doors_subtitle,string,,Door contacts,Contacts de porte,
security_group_windows,string,,Windows,Fenêtres,
security_group_windows_subtitle,string,,Window contacts,Contacts de fenêtre,
security_group_openings,string,,Openings,Ouvertures,
security_group_openings_subtitle,string,,Garage doors and other openings,Portes de garage et autres ouvertures,
security_group_garage_doors,string,,Garage doors,Portes de garage,
security_group_garage_doors_subtitle,string,,Garage door covers,Commandes de porte de garage,
security_group_covers,string,,Covers,Ouvrants,
security_group_covers_subtitle,string,,"Blinds, shutters, and gates","Stores, volets et portails",
security_group_locks,string,,Locks,Serrures,
security_group_locks_subtitle,string,,Door and gate locks,Serrures de portes et portails,
security_group_motion,string,,Motion,Mouvement,
security_group_motion_subtitle,string,,Motion detection,Détection de mouvement,
security_group_presence,string,,Presence,Présence,
security_group_presence_subtitle,string,,Occupancy sensors,Capteurs de présence,
security_group_fire,string,,Fire and temperature,Incendie et température,
security_group_fire_subtitle,string,,"Fire, heat, cold, and safety alarms","Alarmes incendie, chaleur, froid et sécurité",
security_group_smoke,string,,Smoke,Fumée,
security_group_smoke_subtitle,string,,Smoke detectors,Détecteurs de fumée,
security_group_gas,string,,Gas,Gaz,
security_group_gas_subtitle,string,,Combustible gas sensors,Capteurs de gaz combustibles,
security_group_co2,string,,CO / CO₂,CO / CO₂,
security_group_co2_subtitle,string,,Carbon monoxide and carbon dioxide sensors,Capteurs de monoxyde de carbone et de dioxyde de carbone,
security_group_moisture,string,,Leaks,Fuites,
security_group_moisture_subtitle,string,,Moisture and water leaks,Capteurs d’humidité et de fuite d’eau,
security_group_sound,string,,Sound,Son,
security_group_sound_subtitle,string,,Sound and glass-break sensors,Capteurs de son et de bris de vitre,
security_group_light,string,,Light detection,Détection de lumière,
security_group_light_subtitle,string,,Light and beam sensors,Capteurs de lumière et de faisceau,
security_group_alarms,string,,Alarm systems,Systèmes d’alarme,
security_group_alarms_subtitle,string,,Alarm control panels,Centrales d’alarme,
security_group_cameras,string,,Cameras,Caméras,
security_group_cameras_subtitle,string,,Camera feeds,Flux des caméras,
security_no_search_active,string,,No search active · %1$s,Aucune recherche active · %1$s,keep %1$s
security_status_alert,string,,Security alert,Alerte de sécurité,
security_status_alarm_pending,string,,Alarm pending,Alarme en cours d’armement,
security_status_changing_alarm,string,,Changing alarm mode,Changement du mode d’alarme,
security_status_needs_attention,string,,Needs attention,Attention requise,
security_status_motion,string,,Motion detected,Mouvement détecté,
security_status_sensor_activity,string,,Sensor activity,Activité des capteurs,
security_status_alarm_unavailable,string,,Alarm unavailable,Alarme indisponible,
security_status_devices_unavailable,string,,Devices unavailable,Appareils indisponibles,
security_status_cameras_offline,string,,Cameras offline,Caméras hors ligne,
security_status_all_secure,string,,All secure,Tout est sécurisé,
security_status_alarm_disarmed,string,,Alarm disarmed,Alarme désarmée,
security_status_all_clear,string,,All clear,Tout est normal,
security_status_no_data,string,,No security data,Aucune donnée de sécurité,
security_metric_openings,string,,Openings,Ouvertures,
security_metric_locked,string,,Locked,Verrouillés,
security_metric_cameras_online,string,,Cameras online,Caméras en ligne,
security_card_title,string,,Security card,Carte de sécurité,
security_card_subtitle,string,,"Name, layout, and card appearance","Nom, mise en page et apparence de la carte",
security_stat_total,string,,Total,Total,
security_stat_active,string,,Active,Actifs,
security_stat_clear,string,,Clear,Aucun problème,
security_cover_open,string,,Open,Ouvrir,
security_cover_stop,string,,Stop,Arrêter,
security_cover_close,string,,Close,Fermer,
security_restore,string,,Restore,Restaurer,
security_empty,string,,This is an empty security view. Swipe down on the header and open Security settings to add entities manually.,Cette vue de sécurité est vide. Balaye l’en-tête vers le bas et ouvre les paramètres de sécurité pour ajouter des entités manuellement.,
connection_stopping_for_restart,string,,Stopping for restart…,Arrêt en vue du redémarrage…,
connection_starting,string,,Home Assistant is starting…,Home Assistant démarre…,don't translate Home Assistant
connection_restoring_dashboard,string,,Restoring your dashboard…,Restauration de ton tableau de bord…,
connection_restarting,string,,Home Assistant is restarting…,Home Assistant redémarre…,don't translate Home Assistant
connection_auto_generating,string,,Auto-generating rooms and widgets…,Création automatique des pièces et des widgets…,
connection_reconnecting,string,,Reconnecting to Home Assistant…,Reconnexion à Home Assistant…,don't translate Home Assistant
connection_unavailable_retrying,string,,Unavailable · Retrying…,Indisponible · Nouvelle tentative…,
connection_paused,string,,Connection paused,Connexion en pause,
connection_connected,string,,Connected,Connecté,
connection_server_not_found,string,,Server address could not be found,Adresse du serveur introuvable,
connection_timed_out,string,,Connection timed out,Délai de connexion dépassé,
connection_no_route,string,,No network route to Home Assistant,Aucun chemin réseau vers Home Assistant,don't translate Home Assistant
connection_could_not_connect,string,,Could not connect to Home Assistant,Impossible de se connecter à Home Assistant,don't translate Home Assistant
connection_secure_failed,string,,Secure connection failed,Échec de la connexion sécurisée,
connection_session_expired_refreshing,string,,Session expired · Refreshing login…,Session expirée · Actualisation de la connexion…,
connection_interrupted,string,,Connection was interrupted,La connexion a été interrompue,
connection_error_title,string,,Connection error,Erreur de connexion,
connection_all_systems_normal,string,,All systems normal,Tout fonctionne normalement,
action_undo,string,,Undo,Annuler,
action_redo,string,,Redo,Rétablir,
connection_route_local,string,,Local,Locale,
connection_route_nabu_casa,string,,Nabu Casa,Nabu Casa,don't translate Nabu Casa
connection_route_external,string,,External,Externe,
settings_connection_via,string,,Connected via %1$s,Connecté via %1$s,keep %1$s
settings_connection_unknown,string,,Unknown,Inconnu,
settings_connection_connecting,string,,Connecting…,Connexion…,
settings_this_home,string,,this home,ce domicile,
settings_current_wifi,string,,Current Wi-Fi,Wi-Fi actuel,
settings_wifi_unavailable,string,,Not connected or location permission is missing,Non connecté ou autorisation de localisation manquante,
settings_just_now,string,,just now,à l’instant,
settings_primary_app_language,string,,Primary application language,Langue principale de l’application,
settings_android_build_configuration,string,,Android resources and build configuration,Ressources Android et configuration de compilation,
page_settings_default_title,string,,Page settings,Paramètres de la page,
page_settings_choose_area,string,,Choose an area to configure,Choisir une zone à configurer,
page_settings_focused_options,string,,Focused options for this page area,Options propres à cette zone de la page,
page_settings_header_description,string,,Wallpaper and custom header color,Fond d’écran et couleur d’en-tête personnalisée,
page_settings_custom_page_description,string,,"Name, subtitle, and navigation icon","Nom, sous-titre et icône de navigation",
page_settings_badge_bar,string,,Badge bar,Barre de badges,
page_settings_badge_description,string,,"Visibility, alignment, and display options","Visibilité, alignement et options d’affichage",
page_settings_persons,string,,Persons,Personnes,
page_settings_persons_description,string,,Visibility and ordering,Visibilité et ordre,
page_settings_configure,string,,Configure,Configurer,
room_config_title,string,,Room configuration,Configuration de la pièce,
header_pill_left,string,,Left header pill,Pastille d’en-tête gauche,
header_pill_right,string,,Right header pill,Pastille d’en-tête droite,
alignment_split,string,,Split,Réparti,
alignment_center,string,,Center,Centré,
weather_cloudy,string,,Cloudy,Nuageux,
home_default_markdown_content,string,,# Markdown\nOpen this widget's settings in **edit mode** to write your own content.,# Markdown\nOuvre les paramètres de ce widget en **mode édition** pour rédiger ton propre contenu.,\n = line break
home_settings_title,string,,Home settings,Paramètres de l’accueil,
custom_page_settings_title,string,,%1$s settings,Paramètres de %1$s,keep %1$s
home_empty,string,,This is the homepage. Add widgets by swiping down on the header and enabling edit mode.,Voici la page d’accueil. Balaye l’en-tête vers le bas et active le mode édition pour ajouter des widgets.,
custom_page_empty,string,,This page is empty. Add widgets by swiping down on the header and enabling edit mode.,Cette page est vide. Balaye l’en-tête vers le bas et active le mode édition pour ajouter des widgets.,
select_camera_title,string,,Select camera,Sélectionner une caméra,
select_entity_title,string,,Select entity,Sélectionner une entité,
custom_camera_default_name,string,,Custom camera,Caméra personnalisée,
rooms_settings_title,string,,Rooms settings,Paramètres des pièces,
rooms_empty,string,,The rooms view is empty. Swipe down on the header and enable edit mode to add floors and rooms.,La vue des pièces est vide. Balaye l’en-tête vers le bas et active le mode édition pour ajouter des étages et des pièces.,
floor_expand,string,,Expand floor,Déplier l’étage,
floor_collapse,string,,Collapse floor,Replier l’étage,
floor_settings_title,string,,Floor,Étage,
floor_settings_subtitle,string,,"Identity, layout, and card style","Identité, mise en page et style de carte",
universal_cover_status,string,,%1$d%% · %2$s,%1$d%% · %2$s,keep %1$d %2$s
universal_effects,string,,Effects,Effets,
universal_open_door,string,,Open door,Ouvrir la porte,
universal_vacuum_dock,string,,Dock,Station de recharge,
universal_start,string,,Start,Démarrer,
universal_pause,string,,Pause,Pause,
universal_stop,string,,Stop,Arrêter,
universal_locate,string,,Locate,Localiser,
universal_room_number,string,,Room %1$d,Pièce %1$d,keep %1$d
core_optional_display_name,string,,Optional display name override,Nom d’affichage personnalisé facultatif,
core_media_paused_track,string,,Paused: %1$s,En pause : %1$s,keep %1$s
core_percent_value,string,,%1$d percent,%1$d pour cent,keep %1$d
core_current_humidity,string,,Current humidity,Humidité actuelle,
core_tank_water_level,string,,Tank / water level,Niveau du réservoir / de l’eau,
core_pm25,string,,PM2.5,PM2.5,
core_error_code,string,,Error code,Code d’erreur,
core_bucket_full,string,,Bucket full,Bac plein,
core_clean_filter,string,,Clean filter,Nettoyer le filtre,
core_ionizer,string,,Ionizer,Ioniseur,
core_pump,string,,Pump,Pompe,
core_beep_on_command,string,,Beep on command,Bip à la commande,
core_dawn,string,,Dawn,Aube,
core_solar_noon,string,,Solar noon,Midi solaire,
core_dusk,string,,Dusk,Crépuscule,
core_icon_category_common,string,,Common,Général,
core_icon_category_home,string,,Home,Maison,
core_icon_category_weather,string,,Weather,Météo,
core_icon_category_lock,string,,Lock,Serrure,
core_icon_category_people,string,,People,Personnes,
core_icon_category_auto,string,,Automotive,Automobile,
core_icon_category_music,string,,Music,Musique,
core_icon_category_battery,string,,Battery,Batterie,
core_icon_category_nature,string,,Nature,Nature,
core_icon_category_places,string,,Places,Lieux,
core_icon_category_food,string,,Food,Alimentation,
core_icon_category_navigation,string,,Navigation,Navigation,
core_icon_category_devices,string,,Devices,Appareils,
core_icon_category_map,string,,Map,Carte,
core_icon_category_media,string,,Media,Médias,
core_icon_category_communication,string,,Communication,Communication,
core_icon_category_health,string,,Health,Santé,
core_icon_category_vehicles,string,,Vehicles,Véhicules,
core_icon_category_buildings,string,,Buildings,Bâtiments,
core_icon_category_electrical,string,,Electrical,Électricité,
core_icon_category_sport,string,,Sport,Sport,
core_icon_category_objects,string,,Objects,Objets,
core_icon_category_commerce,string,,Commerce,Commerce,
core_icon_category_games,string,,Games,Jeux,
core_icon_category_finance,string,,Finance,Finances,
background_notification_channel_general,string,,General,Général,
background_location_channel_name,string,,Location sharing,Partage de position,
background_location_channel_description,string,,Keeps your device location up to date in Home Assistant,Maintient la position de votre appareil à jour dans Home Assistant,don't translate Home Assistant
background_location_notification_title,string,,Home Assistant location sharing,Partage de position avec Home Assistant,don't translate Home Assistant
background_location_notification_text,string,,Sharing your location with Home Assistant,Votre position est partagée avec Home Assistant,don't translate Home Assistant
background_push_channel_name,string,,Notification connection,Connexion aux notifications,
background_push_channel_description,string,,Keeps a background connection to Home Assistant for instant notifications,Maintient une connexion à Home Assistant en arrière-plan pour recevoir les notifications instantanément,don't translate Home Assistant
background_push_notification_title,string,,Connected to Home Assistant,Connecté à Home Assistant,don't translate Home Assistant
background_push_notification_text,string,,Waiting for notifications,En attente de notifications,
background_push_hide_action,string,,Hide this notification,Masquer cette notification,
button_style_centered,string,,Centered,Centré,
button_elements,string,,Elements,Éléments,
button_elements_description,string,,What appears on this button. Hide the name and state for an icon on its own.,Ce qui apparaît sur ce bouton. Masquez le nom et l’état d’une icône seule.,
stack_elements_title,string,,Elements on every button in this stack,Éléments sur chaque bouton de cette pile,
stack_elements_description,string,,"These apply to the whole stack, not to one button. Turning something off here hides it on every button in the stack; leaving it on lets each button decide for itself in its own settings.",Celles-ci s'appliquent à l'ensemble de la pile et non à un seul bouton. Désactiver quelque chose ici le cache sur chaque bouton de la pile ; le laisser activé permet à chaque bouton de décider lui-même dans ses propres paramètres.,
button_element_icon,string,,Icon,Icône,
button_element_name,string,,Name,Nom,
button_element_state,string,,State,État,
stack_show_title,string,,Show name,Afficher le nom,
stack_show_title_description,string,,Turn off for a stack with no heading at all.,Désactivez-la pour une pile sans aucun titre.,
stack_show_icon,string,,Show icon,Afficher l'icône,
stack_show_icon_description,string,,The icon beside the heading.,L'icône à côté du titre.,
stack_center_title,string,,Center the heading,Centrer le titre,
stack_center_title_description,string,,Puts the icon and name in the middle instead of against the left edge.,Place l'icône et le nom au milieu plutôt que contre le bord gauche.,
cr_state_on,string,,On,Activé,
cr_state_off,string,,Off,Désactivé,
cr_open,string,,Open,Ouvrir,
cr_close,string,,Close,Fermer,
cr_stop,string,,Stop,Arrêter,
cr_closed,string,,Closed,Fermé,
cr_opening,string,,Opening,Ouverture,
cr_closing,string,,Closing,Fermeture,
cr_locked,string,,Locked,Verrouillé,
cr_unlocked,string,,Unlocked,Déverrouillé,
cr_unavailable,string,,Unavailable,Indisponible,
cr_unknown,string,,Unknown,Inconnu,
cr_idle,string,,Idle,Inactif,
cr_home,string,,Home,À la maison,
cr_away,string,,Away,Absent,
cr_cleaning,string,,Cleaning,Nettoyage,
cr_returning,string,,Returning,Retour à la base,
cr_paused,string,,Paused,En pause,
cr_error,string,,Error,Erreur,
cr_playing,string,,Playing,Lecture,
cr_buffering,string,,Buffering,Mise en mémoire tampon,
cr_standby,string,,Standby,En veille,
cr_humidifying,string,,Humidifying,Humidification,
cr_drying,string,,Drying,Séchage,
cr_detected,string,,Detected,Détecté,
cr_clear,string,,Clear,Dégagé,
cr_problem,string,,Problem,Problème,
cr_ok,string,,OK,OK,
cr_low,string,,Low,Faible,
cr_normal,string,,Normal,Normal,
cr_connected,string,,Connected,Connecté,
cr_disconnected,string,,Disconnected,Déconnecté,
cr_plugged_in,string,,Plugged in,Branché,
cr_unplugged,string,,Unplugged,Débranché,
cr_wet,string,,Wet,Humide,
cr_dry,string,,Dry,Sec,
cr_none,string,,None,Aucun,
cr_any,string,,Any,Sans limite,
cr_remove,string,,Remove,Supprimer,
cr_restore,string,,Restore,Restaurer,
cr_general,string,,General,Général,
cr_identity,string,,Identity,Identité,
cr_appearance,string,,Appearance,Apparence,
cr_layout,string,,Layout,Disposition,
cr_behavior,string,,Behavior,Comportement,
cr_profiles,string,,Profiles,Profils,
cr_playback,string,,Playback,Lecture,
cr_content,string,,Content,Contenu,
cr_actions,string,,Actions,Actions,
cr_protection,string,,Protection,Protection,
cr_power,string,,Power,Alimentation,
cr_brightness,string,,Brightness,Luminosité,
cr_temperature,string,,Temperature,Température,
cr_color,string,,Color,Couleur,
cr_min,string,,Min,Min.,
cr_avg,string,,Avg,Moy.,
cr_max,string,,Max,Max.,
cr_now,string,,Now,Maintenant,
cr_lowest,string,,Lowest,Minimum,
cr_average,string,,Average,Moyenne,
cr_highest,string,,Highest,Maximum,
cr_live,string,,Live,En direct,
cr_once,string,,Once,Une fois,
cr_daily,string,,Daily,Tous les jours,
cr_weekly,string,,Weekly,Toutes les semaines,
cr_monthly,string,,Monthly,Tous les mois,
cr_yearly,string,,Yearly,Tous les ans,
cr_action_tap,string,,Tap,Appui,
cr_action_double_tap,string,,Double tap,Double appui,
cr_action_hold,string,,Hold,Appui long,
cr_mode,string,,Mode,Mode,
cr_mode_auto,string,,Auto,Auto,
cr_mode_heat,string,,Heat,Chauffage,
cr_mode_cool,string,,Cool,Climatisation,
cr_mode_heat_cool,string,,Heat/cool,Chauffage/climatisation,
cr_mode_dry,string,,Dry,Déshumidification,
cr_mode_fan_only,string,,Fan only,Ventilation seule,
cr_mode_low,string,,Low,Faible,
cr_mode_medium,string,,Medium,Moyenne,
cr_mode_high,string,,High,Élevée,
cr_mode_quiet,string,,Quiet,Silencieux,
cr_mode_boost,string,,Boost,Turbo,
cr_mode_eco,string,,Eco,Éco,
cr_mode_sleep,string,,Sleep,Nuit,
cr_mode_manual,string,,Manual,Manuel,
cr_mode_vertical,string,,Vertical,Vertical,
cr_mode_horizontal,string,,Horizontal,Horizontal,
cr_mode_both,string,,Both,Les deux,
cr_mode_up,string,,Up,Haut,
cr_mode_down,string,,Down,Bas,
cr_mode_center,string,,Center,Centre,
cr_mode_left,string,,Left,Gauche,
cr_mode_right,string,,Right,Droite,
cr_climate_fan,string,,Fan,Ventilateur,
cr_climate_vertical_airflow,string,,Vertical airflow,Flux d’air vertical,
cr_climate_horizontal_airflow,string,,Horizontal airflow,Flux d’air horizontal,
cr_climate_preset,string,,Preset,Préréglage,
cr_fan_speed,string,,Fan speed,Vitesse du ventilateur,
cr_speed,string,,Speed,Vitesse,
cr_lower_target,string,,Lower target,Réduire la consigne,
cr_raise_target,string,,Raise target,Augmenter la consigne,
cr_climate_temperature,string,,Temperature,Température,
cr_climate_all_temperature_sensors,string,,All temperature sensors,Tous les capteurs de température,
cr_climate_outside,string,,Outside,Extérieur,
cr_climate_outside_summary,string,,"Outdoor temperature, humidity, and pressure","Température, humidité et pression extérieures",
cr_climate_humidity,string,,Humidity,Humidité,
cr_climate_all_humidity_sensors,string,,All humidity sensors,Tous les capteurs d’humidité,
cr_climate_air_pressure,string,,Air pressure,Pression atmosphérique,
cr_climate_all_pressure_sensors,string,,All air-pressure sensors,Tous les capteurs de pression atmosphérique,
cr_climate_co2,string,,CO₂,CO₂,
cr_climate_carbon_dioxide_sensors,string,,Carbon-dioxide sensors,Capteurs de dioxyde de carbone,
cr_climate_air_quality,string,,Air quality,Qualité de l’air,
cr_climate_air_quality_summary,string,,"Particulates, AQI, VOCs, and gases","Particules, IQA, COV et gaz",
cr_climate_entities,string,,Climate entities,Entités de climatisation,
cr_climate_settings,string,,Climate settings,Paramètres de climatisation,
cr_empty_climate_view,string,,No climate data is available yet.,Aucune donnée climatique n’est encore disponible.,
cr_climate_fans,string,,Fans,Ventilateurs,
cr_climate_air_purifiers,string,,Air purifiers,Purificateurs d’air,
cr_climate_humidifiers,string,,Humidifiers,Humidificateurs,
cr_temperature_sensors,string,,Temperature sensors,Capteurs de température,
cr_devices_active,string,,Devices active,Appareils actifs,
cr_active_of_total,string,,%1$d of %2$d active,%1$d actifs sur %2$d,keep %1$d %2$d
cr_no_search_active,string,,No active search · %1$s,Aucune recherche active · %1$s,keep %1$s
cr_collapse_search,string,,Collapse search,Réduire la recherche,
cr_expand_search,string,,Expand search,Développer la recherche,
cr_custom_order,string,,Custom order,Ordre personnalisé,
cr_name_a_z,string,,Name A–Z,Nom A–Z,
cr_name_z_a,string,,Name Z–A,Nom Z–A,
cr_climate_device,string,,Climate device,Appareil de climatisation,
cr_climate_device_subtitle,string,,"Name, icon, card style, and width","Nom, icône, style de carte et largeur",
cr_widget_requires_f1,string,,"Needs the F1 Sensor integration, which was not found on your Home Assistant","Nécessite l'intégration du capteur F1, introuvable sur votre Home Assistant",don't translate Home Assistant
cr_widget_requires_parcels,string,,"Needs a parcel integration, and none was found on your Home Assistant","Nécessite une intégration de colis, et aucune n'a été trouvée sur votre Home Assistant",don't translate Home Assistant
cr_widget_requires_waste,string,,"Needs a waste collection integration, and none was found on your Home Assistant","Nécessite une intégration de collecte des déchets, et aucune n'a été trouvée sur votre Home Assistant",don't translate Home Assistant
cr_people_here_title,string,,Who is here,Qui est ici,
cr_people_here_empty,string,,Nobody is being tracked in this room right now.,Personne n'est suivi dans cette pièce pour le moment.,
cr_people_here_unknown_room,string,,Room unknown,Chambre inconnue,
cr_button_exclude_counters,string,,Leave out of counters,Laisser hors des comptoirs,
cr_button_exclude_counters_hint,string,,"Keep the button, but stop it counting towards this room’s Lights and Devices totals","Gardez le bouton, mais arrêtez-le de compter dans le total des lumières et des appareils de cette pièce.",
cr_count_with_average,string,,%1$s · avg %2$s%3$s,%1$s · moy. %2$s%3$s,keep %1$s %2$s %3$s
cr_outside_temperature,string,,Outside temperature,Température extérieure,
cr_outside_humidity,string,,Outside humidity,Humidité extérieure,
cr_outside_pressure,string,,Outside pressure,Pression extérieure,
cr_outside_air_pressure,string,,Outside air pressure,Pression atmosphérique extérieure,
cr_no_sensors_found_for,string,,No %1$s sensors found.,Aucun capteur %1$s trouvé.,keep %1$s
cr_climate_control,string,,Climate control,Commande de climatisation,
cr_thermostat_dial,string,,Thermostat dial,Cadran du thermostat,
cr_width_third,string,,Third,Un tiers,
cr_width_half,string,,Half,Moitié,
cr_width_full,string,,Full,Pleine largeur,
cr_select_item,string,,Select %1$s,Sélectionner %1$s,keep %1$s
cr_set_outdoor_sensors,string,,"Set outdoor temperature, humidity, and pressure","Définir la température, l’humidité et la pression extérieures",
cr_auto_discovered_device_class,string,,Discovered automatically by device class,Détectés automatiquement selon leur classe d’appareil,
cr_auto_discovered_climate_devices,string,,Climate devices discovered automatically,Appareils de climatisation détectés automatiquement,
cr_pick_fan_entities_as_purifiers,string,,Choose fan entities to use as air purifiers,Choisir les entités ventilateur à utiliser comme purificateurs d’air,
cr_auto_discovered_humidifier_devices,string,,Humidifier devices discovered automatically,Humidificateurs détectés automatiquement,
cr_removed_entities,string,,Removed entities,Entités supprimées,
cr_entities_removed_edit_mode,string,,Entities removed in edit mode,Entités supprimées en mode édition,
cr_card_indoor_climate_overview,string,,Indoor climate overview,Vue d’ensemble du climat intérieur,
cr_card_sensor_device_tiles,string,,Sensor and device tiles,Tuiles de capteurs et d’appareils,
cr_card_thermostats_ac,string,,Thermostats and AC,Thermostats et climatiseurs,
cr_card_temperature_summary,string,,Temperature summary,Résumé de la température,
cr_card_humidity_summary,string,,Humidity summary,Résumé de l’humidité,
cr_card_air_pressure_summary,string,,Air-pressure summary,Résumé de la pression atmosphérique,
cr_card_co2_summary,string,,CO₂ summary,Résumé du CO₂,
cr_card_air_quality_summary,string,,Air-quality summary,Résumé de la qualité de l’air,
cr_category_overview,string,,Overview,Vue d’ensemble,
cr_category_devices,string,,Devices,Appareils,
cr_category_sensors,string,,Sensors,Capteurs,
cr_no_climate_sensors_devices,string,,No climate sensors or devices found.,Aucun capteur ni appareil climatique trouvé.,
cr_no_climate_devices,string,,No climate devices found. Thermostats and AC units from Home Assistant appear here automatically.,Aucun appareil de climatisation trouvé. Les thermostats et climatiseurs de Home Assistant apparaissent ici automatiquement.,don't translate Home Assistant
cr_no_fans,string,,No fans found. Fan entities from Home Assistant appear here automatically.,Aucun ventilateur trouvé. Les entités ventilateur de Home Assistant apparaissent ici automatiquement.,don't translate Home Assistant
cr_no_air_purifiers,string,,No air purifiers configured. Choose fan entities under Climate settings → Climate entities → Air purifiers.,Aucun purificateur d’air configuré. Choisis des entités ventilateur sous Paramètres de climatisation → Entités de climatisation → Purificateurs d’air.,
cr_no_humidifiers,string,,No humidifiers found. Humidifier entities from Home Assistant appear here automatically.,Aucun humidificateur trouvé. Les entités humidificateur de Home Assistant apparaissent ici automatiquement.,don't translate Home Assistant
cr_unknown_climate_card,string,,Unknown climate card: %1$s,Carte climatique inconnue : %1$s,keep %1$s
cr_select_climate_cards,string,,Select climate cards,Sélectionner les cartes climatiques,
cr_entities_for,string,,%1$s entities,Entités de %1$s,keep %1$s
cr_climate_card,string,,Climate card,Carte climatique,
cr_climate_card_dialog_subtitle,string,,Data sources and card appearance,Sources de données et apparence de la carte,
cr_card_and_data,string,,Card and data,Carte et données,
cr_climate_stack,string,,Climate stack,Pile climatique,
cr_climate_stack_dialog_subtitle,string,,"Cards, data sources, and layout","Cartes, sources de données et disposition",
cr_cards_and_data,string,,Cards and data,Cartes et données,
cr_sensor_count,plural,one,%d sensor,%d capteur,keep %d
cr_sensor_count,plural,other,%d sensors,%d capteurs,keep %d
cr_device_count_on,plural,one,%1$d device · %2$d on,%1$d appareil · %2$d activé,keep %1$d %2$d
cr_device_count_on,plural,other,%1$d devices · %2$d on,%1$d appareils · %2$d activés,keep %1$d %2$d
cr_outside_sensors_set,plural,one,%d outside sensor set,%d capteur extérieur défini,keep %d
cr_outside_sensors_set,plural,other,%d outside sensors set,%d capteurs extérieurs définis,keep %d
cr_auto_plus_manual,plural,one,Automatic + %d manual,Automatique + %d manuel,keep %d
cr_auto_plus_manual,plural,other,Automatic + %d manual,Automatique + %d manuels,keep %d
cr_selected_count,plural,one,%d selected,%d sélectionné,keep %d
cr_selected_count,plural,other,%d selected,%d sélectionnés,keep %d
cr_removed_count,plural,one,%d removed,%d supprimé,keep %d
cr_removed_count,plural,other,%d removed,%d supprimés,keep %d
cr_room,string,,Room,Pièce,
cr_room_details,string,,Room details,Détails de la pièce,
cr_empty_room,string,,"This room is empty. Swipe down on the header, enable edit mode, and add widgets, buttons, or tiles.","Cette pièce est vide. Fais glisser l’en-tête vers le bas, active le mode édition, puis ajoute des widgets, des boutons ou des tuiles.",
cr_default_markdown_content,string,,# Markdown\nOpen this widget in **edit mode** to write your own content.,# Markdown\nOuvre ce widget en **mode édition** pour écrire ton propre contenu.,\n = line break
cr_select_camera,string,,Select camera,Sélectionner une caméra,
cr_select_entity,string,,Select entity,Sélectionner une entité,
cr_custom_camera,string,,Custom camera,Caméra personnalisée,
cr_configure_widget,string,,Configure widget,Configurer le widget,
cr_configure_widget_subtitle,string,,Set the essentials before adding it,Définis l’essentiel avant de l’ajouter,
cr_widget_options,string,,Widget options,Options du widget,
cr_widget_options_subtitle,string,,Choose what this widget should display,Choisis ce que ce widget doit afficher,
cr_add_widget,string,,Add widget,Ajouter un widget,
cr_add_widget_subtitle,string,,Browse by purpose or search every widget,Parcours les catégories ou recherche parmi tous les widgets,
cr_category_with_options,string,,%1$s · %2$s,%1$s · %2$s,keep %1$s %2$s
cr_widget_category_controls,string,,Controls,Commandes,
cr_widget_category_controls_description,string,,"Buttons, vacuums, and grouped controls","Boutons, aspirateurs et commandes groupées",
cr_widget_category_cameras,string,,Cameras,Caméras,
cr_widget_category_cameras_description,string,,Live camera tiles and multi-camera views,Tuiles de caméra en direct et vues multicaméras,
cr_widget_category_climate,string,,Climate and weather,Climat et météo,
cr_widget_category_climate_description,string,,"Temperature, comfort, forecasts, and conditions","Température, confort, prévisions et conditions",
cr_widget_category_energy,string,,Energy and batteries,Énergie et batteries,
cr_widget_category_energy_description,string,,"Consumption, production, and device health","Consommation, production et état des appareils",
cr_widget_category_information,string,,Information and media,Informations et médias,
cr_widget_category_information_description,string,,"Calendars, deliveries, graphs, notes, and playback","Calendriers, livraisons, graphiques, notes et lecture",
cr_widget_category_layout,string,,Layout and structure,Disposition et structure,
cr_widget_category_layout_description,string,,Headings and flexible widget containers,Titres et conteneurs de widgets flexibles,
cr_widget_adaptive_lighting,string,,Adaptive Lighting,Éclairage adaptatif,
cr_widget_adaptive_lighting_description,string,,Control any installed Adaptive Lighting profile,Contrôler un profil Éclairage adaptatif installé,
cr_widget_button,string,,Button,Bouton,
cr_widget_button_description,string,,A single configurable entity control,Une commande configurable pour une seule entité,
cr_widget_buttons,string,,Buttons,Boutons,
cr_widget_calendar,string,,Calendar,Calendrier,
cr_widget_calendar_description,string,,"Agenda, week, and month views from Home Assistant calendars","Vues agenda, semaine et mois des calendriers Home Assistant",don't translate Home Assistant
cr_widget_waste_collection,string,,Waste collection,Collecte des déchets,
cr_widget_waste_collection_description,string,,Upcoming collections from waste sensors,Prochaines collectes provenant des capteurs de déchets,
cr_widget_parcels,string,,Parcels,Colis,
cr_widget_parcels_description,string,,Incoming and outgoing parcels from supported carriers,Colis entrants et sortants des transporteurs pris en charge,
cr_widget_camera,string,,Camera,Caméra,
cr_widget_camera_description,string,,A single live camera tile or stream URL,Une tuile de caméra en direct ou une URL de flux,
cr_widget_cameras,string,,Cameras,Caméras,
cr_widget_climate_card,string,,Climate card,Carte climatique,
cr_widget_climate_card_description,string,,Any card from the Climate view,Une carte de la vue Climat,
cr_widget_energy_card,string,,Energy card,Carte Énergie,
cr_widget_energy_card_description,string,,Any card from the Energy view,Une carte de la vue Énergie,
cr_widget_battery_levels,string,,Battery levels,Niveaux de batterie,
cr_widget_battery_levels_description,string,,"Low batteries, or Battery+ only with type details","Batteries faibles, ou Battery+ uniquement avec le détail des types",
cr_widget_header_text,string,,Header text,Texte d’en-tête,
cr_widget_header_text_description,string,,Add a section heading,Ajouter un titre de section,
cr_widget_markdown,string,,Markdown,Markdown,
cr_widget_markdown_description,string,,A free-form card written in Markdown,Une carte libre rédigée en Markdown,
cr_widget_iframe,string,,iFrame,iFrame,
cr_widget_iframe_description,string,,Embed any web page on your dashboard,Intégrer une page web au tableau de bord,
cr_widget_media_player,string,,Media player,Lecteur multimédia,
cr_widget_media_player_description,string,,Now-playing tile with album art as the background,Tuile de lecture en cours avec la pochette en arrière-plan,
cr_widget_sensor_graph,string,,Sensor graph,Graphique de capteur,
cr_widget_sensor_graph_description,string,,"History graph for one or more sensors, as lines or bars","Historique d’un ou plusieurs capteurs, sous forme de courbes ou de barres",
cr_widget_vacuum,string,,Vacuum,Aspirateur,
cr_widget_vacuum_description,string,,A single robot-vacuum control,Commande pour un seul robot aspirateur,
cr_widget_weather,string,,Weather,Météo,
cr_widget_weather_description,string,,A single weather card,Une seule carte météo,
cr_widget_empty_stack,string,,Empty stack,Pile vide,
cr_widget_empty_stack_description,string,,Place widgets inside a configurable stack,Placer des widgets dans une pile configurable,
cr_widget_button_stack,string,,Button stack,Pile de boutons,
cr_widget_button_stack_description,string,,Group entities into configurable controls,Regrouper des entités dans des commandes configurables,
cr_widget_camera_stack,string,,Camera stack,Pile de caméras,
cr_widget_camera_stack_description,string,,Show live camera tiles or a custom stream URL,Afficher des tuiles de caméra en direct ou une URL de flux personnalisée,
cr_widget_climate_stack,string,,Climate stack,Pile climatique,
cr_widget_climate_stack_description,string,,"Group climate cards such as overview, thermostats, and sensors","Regrouper des cartes comme la vue d’ensemble, les thermostats et les capteurs",
cr_widget_energy_stack,string,,Energy stack,Pile Énergie,
cr_widget_energy_stack_description,string,,"Group energy cards such as usage, solar, gas, and water","Regrouper des cartes comme la consommation, le solaire, le gaz et l’eau",
cr_widget_sensor_graph_stack,string,,Sensor graph stack,Pile de graphiques de capteurs,
cr_widget_sensor_graph_stack_description,string,,Group several sensor-history graphs,Regrouper plusieurs graphiques d’historique de capteurs,
cr_widget_swiping_stack,string,,Swiping stack,Pile à faire défiler,
cr_widget_swiping_stack_description,string,,Swipe horizontally through nested widgets,Faire défiler horizontalement les widgets imbriqués,
cr_widget_vacuum_stack,string,,Vacuum stack,Pile d’aspirateurs,
cr_widget_vacuum_stack_description,string,,Control robot vacuums with a map and battery status,Commander les robots aspirateurs avec une carte et l’état de leur batterie,
cr_widget_weather_stack,string,,Weather stack,Pile météo,
cr_widget_weather_stack_description,string,,"Group conditions, forecast, wind, or rain-map cards","Regrouper les conditions, les prévisions, le vent ou les cartes de pluie",
cr_camera_settings,string,,Camera settings,Paramètres de la caméra,
cr_vacuum_settings,string,,Vacuum settings,Paramètres de l’aspirateur,
cr_button_settings,string,,Button settings,Paramètres du bouton,
cr_robot_image,string,,Robot image,Image du robot,
cr_map_camera,string,,Map camera,Caméra de la carte,
cr_external_url,string,,External URL,URL externe,
cr_valetudo_map,string,,Valetudo map,Carte Valetudo,don't translate Valetudo
cr_valetudo_map_hint,string,,Draws the map from a Valetudo robot and lets you tap a room to clean it. Pick the robot's map camera below.,Dessine la carte d'un robot Valetudo et permet de toucher une pièce pour la nettoyer. Choisissez ci-dessous la caméra de carte du robot.,don't translate Valetudo
cr_valetudo_camera_mode_note,string,,Using Map camera with a Valetudo map entity shows a blank tile. Valetudo does not render the map on the robot — its PNG is only a container for the map data. Choose Valetudo map instead to have HKI draw it.,Caméra de carte affiche une tuile vide pour une entité de carte Valetudo. Valetudo ne dessine pas la carte sur le robot — son PNG n'est qu'un conteneur pour les données. Choisissez plutôt Carte Valetudo pour que HKI la dessine.,don't translate Valetudo
cr_animation_glow,string,,Glow,Lueur,
cr_animation_spin,string,,Spin,Rotation,
cr_animation_pulse,string,,Pulse,Pulsation,
cr_adaptive_lighting_widget,string,,Adaptive Lighting widget,Widget Éclairage adaptatif,
cr_adaptive_lighting_widget_subtitle,string,,"Profiles, size, and appearance","Profils, taille et apparence",
cr_button_stack_dialog_subtitle,string,,"Layout, appearance, and entity order","Disposition, apparence et ordre des entités",
cr_expand_stack,string,,Expand stack,Développer la pile,
cr_collapse_stack,string,,Collapse stack,Réduire la pile,
cr_hide_stack,string,,Hide stack,Masquer la pile,
cr_unhide_stack,string,,Unhide stack,Afficher la pile,
cr_swiping_stack_dialog_subtitle,string,,"Pages, height, and card appearance","Pages, hauteur et apparence de la carte",
cr_empty_stack_dialog_subtitle,string,,Container layout and appearance,Disposition et apparence du conteneur,
cr_header_text_dialog_subtitle,string,,Heading content and visual style,Contenu du titre et style visuel,
cr_animation_swipe,string,,Swipe,Balayage,
cr_animation_fade,string,,Fade,Fondu,
cr_animation_zoom,string,,Zoom,Zoom,
cr_animation_slide_fade,string,,Slide + fade,Glissement + fondu,
cr_animation_cube,string,,Cube,Cube,
cr_animation_instant,string,,Instant,Instantané,
cr_paged_status,string,,%1$d/%2$d · %3$s,%1$d/%2$d · %3$s,keep %1$d %2$d %3$s
cr_cover_status,string,,%1$d%% · %2$s,%1$d%% · %2$s,keep %1$d %2$s
cr_paged_cover_status,string,,%1$d/%2$d · %3$d%% · %4$s,%1$d/%2$d · %3$d%% · %4$s,keep %1$d %2$d %3$d %4$s
cr_widget_option_count,plural,one,%d option,%d option,keep %d
cr_widget_option_count,plural,other,%d options,%d options,keep %d
cr_configured_lights,plural,one,%d configured light,%d éclairage configuré,keep %d
cr_configured_lights,plural,other,%d configured lights,%d éclairages configurés,keep %d
cr_quick_notifications,string,,Notifications,Notifications,
cr_quick_notifications_instruction,string,,Swipe right from the upper-left edge.,Fais glisser vers la droite depuis le coin supérieur gauche.,
cr_quick_switch_homes,string,,Switch homes,Changer de domicile,
cr_quick_switch_homes_instruction,string,,Swipe left from the upper-right edge of the header.,Fais glisser l’en-tête vers la gauche depuis son coin supérieur droit.,
cr_quick_actions,string,,Quick actions,Actions rapides,
cr_quick_actions_instruction,string,,"Pull down on any page header for Search, Flows, Edit, and Settings.","Tire l’en-tête de n’importe quelle page vers le bas pour accéder à Recherche, Flux, Modifier et Paramètres.",
cr_quick_media_player,string,,Media player,Lecteur multimédia,
cr_quick_media_player_instruction,string,,"When the handle appears, swipe up on the bottom bar to restore the player.","Lorsque la poignée apparaît, fais glisser la barre inférieure vers le haut pour restaurer le lecteur.",
cr_quick_make_it_yours,string,,Make it yours,Personnalise ton espace,
cr_quick_make_it_yours_instruction,string,,"In edit mode, add and reorder rooms, floors, and widgets. Tap an item to configure it.","En mode édition, ajoute et réorganise les pièces, les étages et les widgets. Appuie sur un élément pour le configurer.",
cr_whats_new_1_1_0,array,1,"Eighteen more languages, taking HKI 7 to 36. Polish, Russian, Czech, Slovak, Hungarian, Romanian, Bulgarian, Croatian, Greek, Lithuanian, Latvian, Estonian, Danish, Thai and Hebrew join the list, along with Austrian German, Swiss German and Mexican Spanish. Hebrew lays the interface out right to left, as Arabic does.","Dix-huit langues supplémentaires, portant HKI 7 à 36. Le polonais, le russe, le tchèque, le slovaque, le hongrois, le roumain, le bulgare, le croate, le grec, le lituanien, le letton, l'estonien, le danois, le thaï et l'hébreu rejoignent la liste, ainsi que l'allemand autrichien, l'allemand suisse et l'espagnol mexicain. L'hébreu présente l'interface de droite à gauche, comme le fait l'arabe.",don't translate HKI 7
cr_whats_new_1_1_0,array,2,"HKI 7 now runs on Android 12 and later. It previously needed Android 14, which ruled out a lot of perfectly capable phones and tablets.","HKI 7 fonctionne désormais sur Android 12 et versions ultérieures. Il fallait auparavant Android 14, ce qui excluait de nombreux téléphones et tablettes parfaitement performants.",don't translate HKI 7
cr_whats_new_1_1_0,array,3,"Energy costs are shown in your own currency instead of always in euros. HKI 7 follows what your cost sensors report, and there is a Currency setting in Energy settings if you would rather choose one yourself.","Les coûts énergétiques sont indiqués dans votre propre devise et non toujours en euros. HKI 7 suit ce que rapportent vos capteurs de coûts, et il existe un paramètre de devise dans les paramètres d'énergie si vous préférez en choisir un vous-même.",don't translate HKI 7
cr_whats_new_1_1_0,array,4,"The language picker has a search box and is sorted, which it needed at 36 entries. If you ever land in a language you cannot read, the way back is still the first thing on screen.","Le sélecteur de langue dispose d'un champ de recherche et est trié, comme il en avait besoin, sur 36 entrées. Si jamais vous atterrissez dans une langue que vous ne pouvez pas lire, le chemin du retour reste la première chose à l’écran.",
cr_whats_new_1_1_0,array,5,"Views remember where you had scrolled to, and tapping the tab you are already on takes you back to the top.","Les vues mémorisent l'endroit où vous avez fait défiler l'écran, et appuyer sur l'onglet sur lequel vous vous trouvez déjà vous ramène au sommet.",
cr_whats_new_1_1_0,array,6,"Swiping sideways no longer carries you out of a page you have opened, such as Solar inside Energy. Back now returns you to the view you came from rather than jumping to the home page.","Faire glisser votre doigt latéralement ne vous fait plus sortir d'une page que vous avez ouverte, comme Solar inside Energy. Retour vous ramène maintenant à la vue d'où vous venez plutôt que de passer à la page d'accueil.",
cr_whats_new_1_1_0,array,7,"Scrollable rows say so. The pull-down menu, the navigation bar and the settings tabs all show an arrow at the edge when there is more to reach.","Les lignes déroulantes le disent. Le menu déroulant, la barre de navigation et les onglets de paramètres affichent tous une flèche sur le bord lorsqu'il y a plus à atteindre.",
cr_whats_new_1_1_0,array,8,"Dialogs look and behave the same throughout. Six of them were plain Android dialogs with no close button in the corner, and buttons across the app now agree on what Close, Save and Done mean.","Les boîtes de dialogue se présentent et se comportent de la même manière partout. Six d'entre eux étaient de simples boîtes de dialogue Android sans bouton de fermeture dans le coin, et les boutons de l'application s'accordent désormais sur ce que signifient Fermer, Enregistrer et Terminé.",
cr_whats_new_1_1_0,array,9,"Creating a dashboard asks first and then offers the same choices as first-time setup — so a new dashboard can start from a backup or from one your family has shared, as well as being generated or left empty. Your current dashboard is never overwritten, and shared dashboards are now marked as shared in the list.","La création d'un tableau de bord demande d'abord, puis propose les mêmes choix que la première configuration : un nouveau tableau de bord peut donc démarrer à partir d'une sauvegarde ou d'une sauvegarde partagée par votre famille, tout en étant généré ou laissé vide. Votre tableau de bord actuel n'est jamais écrasé et les tableaux de bord partagés sont désormais marqués comme partagés dans la liste.",
cr_whats_new_1_1_0,array,10,"The battery widget opens a list in place instead of taking you to a separate page, grouped by how urgent each one is and showing the battery type where Home Assistant knows it. There is a search box, and a button to open the full Battery view if you want it.","Le widget de batterie ouvre une liste sur place au lieu de vous diriger vers une page séparée, regroupée selon l'urgence de chacun et affichant le type de batterie là où Home Assistant le connaît. Il y a un champ de recherche et un bouton pour ouvrir la vue complète de la batterie si vous le souhaitez.",don't translate Home Assistant
cr_whats_new_1_1_0,array,11,"Tapping the people counter in a room shows who is there, with each person's picture. The Rooms header now has a household counter too, showing where everyone is without opening every room.","En tapant sur le compteur de personnes dans une pièce, vous montrez qui est là, avec la photo de chaque personne. L’en-tête Pièces comporte désormais également un compteur domestique, indiquant où se trouve tout le monde sans ouvrir chaque pièce.",
cr_whats_new_1_1_0,array,12,"A button can be left out of a room's Lights and Devices counters, for the ones that are in the room but not really part of it.","Un bouton peut être laissé en dehors des compteurs Lumières et Appareils d'une pièce, pour ceux qui sont dans la pièce mais n'en font pas vraiment partie.",
cr_whats_new_1_1_0,array,13,"Widgets that need an integration you do not have — Formula 1, Parcels, Waste Collection — are greyed out and say what is missing, instead of being added and then sitting empty.","Les widgets qui nécessitent une intégration que vous n'avez pas – Formule 1, Colis, Collecte des déchets – sont grisés et indiquent ce qui manque, au lieu d'être ajoutés puis vides.",
cr_whats_new_1_1_0,array,14,"Parcel tracking covers fifteen more carriers, including PostNord, InPost, Swiss Post, An Post, Budbee, Sameday and Nova Post, each with its own logo.","Le suivi des colis couvre quinze autres transporteurs, dont PostNord, InPost, Swiss Post, An Post, Budbee, Sameday et Nova Post, chacun avec son propre logo.",
cr_whats_new_1_1_0,array,15,"A Valetudo robot vacuum picks up its live map automatically when your rooms are imported, rather than needing the camera chosen by hand.","Un robot aspirateur Valetudo récupère automatiquement sa carte en direct lorsque vos pièces sont importées, plutôt que d'avoir besoin de la caméra choisie manuellement.",don't translate Valetudo
cr_whats_new_1_0_1,array,1,"Swiping between tabs now follows your finger. The pages move as you drag, you can change your mind mid-swipe and pull them back, and they settle where you let go. Previously the change was decided the moment you had dragged far enough and could not be taken back, while the animation that played afterwards was on its own timer and unrelated to the gesture — so the app committed to a page before your finger had finished asking for one.","Le glissement entre les onglets suit désormais votre doigt. Les pages bougent au fur et à mesure que vous faites glisser, vous pouvez changer d'avis en cours de balayage et les retirer, et elles s'installent là où vous les lâchez. Auparavant, le changement était décidé au moment où vous aviez traîné assez loin et ne pouvait pas être repris, tandis que l'animation jouée ensuite était sur son propre minuteur et sans rapport avec le geste - de sorte que l'application s'engageait sur une page avant que votre doigt ait fini d'en demander une.",
cr_whats_new_1_0_1,array,2,"The bottom bar now keeps the selected tab in view. On a phone too narrow for every tab it scrolls the active one to the centre, so the tab you are on is always visible along with its neighbours — which is also the hint that there are more pages to swipe to. Reaching the last tab used to leave the indicator somewhere off the end of the bar.","La barre inférieure garde désormais l'onglet sélectionné en vue. Sur un téléphone trop étroit pour chaque onglet, il fait défiler l'onglet actif vers le centre, de sorte que l'onglet sur lequel vous vous trouvez est toujours visible avec ses voisins - ce qui indique également qu'il y a plus de pages vers lesquelles glisser. Atteindre le dernier onglet permettait de laisser l'indicateur quelque part à l'extrémité de la barre.",
cr_whats_new_1_0_1,array,3,"Swiping between rooms shows how many rooms there are and which one you are on, as dots above the navigation bar — or as a count once there are more than eight. Room swiping also stops at the last room instead of wrapping around to the first, matching how the tabs behave. Rooms an admin has hidden are now skipped by the swipe rather than only blocked when opened.","Faire glisser votre doigt entre les pièces indique le nombre de pièces et celle dans laquelle vous vous trouvez, sous forme de points au-dessus de la barre de navigation – ou sous forme de décompte lorsqu'il y en a plus de huit. Le balayage des pièces s'arrête également à la dernière pièce au lieu de revenir à la première, ce qui correspond au comportement des onglets. Les salles qu'un administrateur a masquées sont désormais ignorées par le balayage plutôt que bloquées uniquement lorsqu'elles sont ouvertes.",
cr_whats_new_1_0_1,array,4,"The pull-down header menu animates to wherever you let it go, instead of jumping open or shut in a single frame. It settles by which half you released it in, a quick flick opens it without a full-length drag, and it can be caught and dragged again mid-animation. It also no longer stops dead partway when pulled a long way but not quite far enough.","Le menu d’en-tête déroulant s’anime partout où vous le laissez aller, au lieu de s’ouvrir ou de se fermer en une seule image. Il détermine la moitié dans laquelle vous l'avez relâché, un coup rapide l'ouvre sans glisser sur toute la longueur, et il peut être capturé et traîné à nouveau au milieu de l'animation. Il ne s'arrête plus complètement à mi-chemin lorsqu'il est tiré sur une longue distance, mais pas assez loin.",
cr_whats_new_1_0_1,array,5,"Settings remembers where you were. Coming back from a sub-menu returns to the place in the list you left rather than to the top, which was most noticeable on the long way down to About and Licenses. The page settings dialog had the opposite problem — one scroll position carried across unrelated sub-menus — and that is fixed too.","Les paramètres se souviennent de l'endroit où vous étiez. En revenant d'un sous-menu, vous revenez à la place que vous avez laissée dans la liste plutôt qu'en haut, ce qui était le plus visible lors du long chemin vers À propos et Licences. La boîte de dialogue des paramètres de page présentait le problème inverse – une position de défilement reportée sur des sous-menus non liés – et cela est également résolu.",
cr_whats_new_1_0_1,array,6,"The notification panel now has a button in the pull-down header menu, so the left-edge swipe is no longer the only way to reach it. That let the strip of screen edge reserved for the swipe shrink from 200dp to 88dp: the reserved strip is where Android's own back gesture stops working, and it had been covering the exact corner where the back arrow sits.","Le panneau de notification comporte désormais un bouton dans le menu déroulant, de sorte que le balayage vers la gauche n'est plus le seul moyen d'y accéder. Cela a permis à la bande de bord de l'écran réservée au balayage de passer de 200 dp à 88 dp : la bande réservée est l'endroit où le geste arrière d'Android cesse de fonctionner, et elle couvrait le coin exact où se trouve la flèche arrière.",
cr_whats_new_1_0_1,array,7,"Fixed the app closing instead of the notification panel when back was pressed during the panel's opening animation. Back is also defined for the tabs now — it returns to the first tab before leaving the app, rather than exiting from wherever you happened to have swiped to.","Correction de la fermeture de l'application au lieu du panneau de notification lorsque l'on appuyait sur Retour pendant l'animation d'ouverture du panneau. Le retour est également défini pour les onglets désormais : il revient au premier onglet avant de quitter l'application, plutôt que de quitter l'endroit où vous avez glissé.",
cr_whats_new_1_0_1,array,8,"The home switcher panel follows Android's predictive back gesture, sliding out with your finger and springing back if you change your mind.","Le panneau de commutation domestique suit le geste de retour prédictif d'Android, glissant avec votre doigt et revenant si vous changez d'avis.",
cr_whats_new_1_0_1,array,9,"Four more languages: Norwegian, Swedish, Finnish and Arabic. Arabic lays the whole app out right to left — the navigation bar, the panels that slide in from the screen edge, and the swipe that moves between tabs all mirror, rather than only the text changing direction. Product names such as Home Assistant stay in Latin script wherever they appear.","Quatre langues supplémentaires : norvégien, suédois, finnois et arabe. L'arabe présente l'ensemble de l'application de droite à gauche : la barre de navigation, les panneaux qui glissent depuis le bord de l'écran et le balayage qui se déplace entre les onglets reflètent tous, plutôt que seulement le texte qui change de direction. Les noms de produits tels que Home Assistant restent en caractères latins partout où ils apparaissent.",don't translate Home Assistant
cr_whats_new_1_0_1,array,10,"Swiping between rooms is much smoother. A room screen is by far the heaviest page in the app, and the next one was being built during the first frames of the swipe — precisely when there was no time for it. It is now prepared while nothing is moving, and live sensor updates wait for the swipe to finish instead of redrawing every open page mid-gesture.","Glisser entre les pièces est beaucoup plus fluide. Un écran de salle est de loin la page la plus lourde de l'application, et la page suivante était en cours de construction dès les premières images du balayage, précisément quand il n'y avait pas de temps pour cela. Il est désormais préparé alors que rien ne bouge, et les mises à jour en direct des capteurs attendent la fin du balayage au lieu de redessiner chaque page ouverte à mi-geste.",
cr_whats_new_1_0_1,array,11,"The notification panel and the home switcher are dragged rather than flicked open, following your finger and settling where you let go. They close the same way: push them back towards the edge they came from. Tapping the panel itself no longer closes it, which it used to do anywhere you touched that was not a button.","Le panneau de notification et le sélecteur d'accueil sont déplacés plutôt que ouverts, suivant votre doigt et s'installant là où vous le lâchez. Ils se referment de la même manière : les repousser vers le bord d'où ils sont issus. Appuyer sur le panneau lui-même ne le ferme plus, ce qu'il faisait partout où vous touchiez ce n'était pas un bouton.",
cr_whats_new_1_0_1,array,12,"A horizontal row inside a page — a mode selector, a swipe row, a swiping stack — no longer hands the rest of the gesture to the page once it reaches its end. Picking the first or last item in such a row used to flip the whole page instead.","Une ligne horizontale à l'intérieur d'une page (un sélecteur de mode, une ligne de balayage, une pile de balayage) ne transmet plus le reste du geste à la page une fois qu'elle atteint sa fin. Choisir le premier ou le dernier élément d’une telle rangée permettait de retourner la page entière.",
cr_whats_new_1_0_1,array,13,"Dialogs with tabs show how many there are and which one you are on, and a sideways swipe anywhere on the dialog changes tab. The swipe used to be written off as a scroll whenever it set off with the slight downward arc a thumb naturally makes, which made it feel like it worked only sometimes.","Les boîtes de dialogue avec des onglets indiquent combien il y en a et sur laquelle vous vous trouvez, et un balayage latéral n'importe où sur l'onglet des modifications de la boîte de dialogue. Le balayage était auparavant considéré comme un parchemin chaque fois qu'il démarrait avec le léger arc vers le bas qu'un pouce fait naturellement, ce qui donnait l'impression que cela ne fonctionnait que parfois.",
cr_whats_new_1_0_1,array,14,"Demo mode no longer talks to the network. Twenty-six requests — the whole HKI 7 Cloud surface plus the event timeline, camera snapshots and vacuum maps — were still being attempted against a server that does not exist, and one of them retried every three seconds for the entire session, filling the connection log with failures. Restarting Home Assistant in the demo is now simulated in a few seconds rather than showing ""restarting"" for two minutes and giving up.","Le mode démo ne communique plus avec le réseau. Vingt-six requêtes – l’ensemble de la surface HKI 7 Cloud ainsi que la chronologie des événements, les instantanés de caméra et les cartes vides – étaient toujours tentées sur un serveur qui n’existe pas, et l’une d’entre elles a réessayé toutes les trois secondes pendant toute la session, remplissant le journal de connexion d’échecs. Le redémarrage de Home Assistant dans la démo est désormais simulé en quelques secondes plutôt que d'afficher un « redémarrage » pendant deux minutes et d'abandonner.","don't translate HKI 7 Cloud, Home Assistant"
cr_whats_new_1_0_0,array,1,"New Events tab in the notification drawer: a timeline of what your home has actually been doing. The front door opening, a light going off, someone arriving home — each with the time and, where Home Assistant knows, who did it. An admin picks which entities appear under Settings › Family Sharing › Events, once for the whole family rather than on every phone. It reads Home Assistant's own logbook rather than recording anything on the device, so it still shows what happened overnight while the app was closed, and it opens on the last 3 hours — a timeline answers what just happened — with 6h to 72h a tap away. Events never touch the notification bell's unread count: a timeline of doors opening would leave that badge permanently lit and mean nothing. Requires HKI 7 Cloud 0.9.0.*","Nouvel onglet Événements dans le tiroir de notification : une chronologie de ce que votre maison a réellement fait. La porte d'entrée qui s'ouvre, une lumière qui s'éteint, quelqu'un qui arrive à la maison – chacun avec l'heure et, là où Home Assistant le sait, qui l'a fait. Un administrateur sélectionne les entités qui apparaissent sous Paramètres > Partage familial > Événements, une fois pour toute la famille plutôt que sur chaque téléphone. Il lit le journal de bord de Home Assistant plutôt que d'enregistrer quoi que ce soit sur l'appareil, il montre donc toujours ce qui s'est passé pendant la nuit alors que l'application était fermée, et il s'ouvre sur les 3 dernières heures - une chronologie répond à ce qui vient de se passer - avec 6h à 72h d'un clic. Les événements ne touchent jamais le nombre non lu de la cloche de notification : une chronologie de l'ouverture des portes laisserait ce badge allumé en permanence et ne signifierait rien. Nécessite HKI 7 Cloud 0.9.0.*","don't translate HKI 7 Cloud, Home Assistant"
cr_whats_new_1_0_0,array,2,"An admin can take parts of the timeline away from individual family members — a whole domain, or named entities — from the same Events tab. Everyone sees the full timeline unless something is taken out for them, so adding a person to the family does not mean building their timeline from scratch. The filtering happens in the HKI 7 Cloud component rather than in the app, so a restricted device is never even told which entities it is being kept away from. As with hidden views and rooms, this hides the timeline rather than the entities: Home Assistant has no per-entity read permission for non-admin accounts, so anyone signed in can still read those entities through Home Assistant itself.*","Un administrateur peut supprimer des parties de la chronologie de membres individuels de la famille (un domaine entier ou des entités nommées) à partir du même onglet Événements. Tout le monde voit la chronologie complète à moins que quelque chose ne soit retiré pour eux, donc ajouter une personne à la famille ne signifie pas construire sa chronologie à partir de zéro. Le filtrage s'effectue dans le composant HKI 7 Cloud plutôt que dans l'application, de sorte qu'un appareil restreint ne sait même jamais de quelles entités il est tenu à l'écart. Comme pour les vues et les pièces masquées, cela masque la chronologie plutôt que les entités : Home Assistant n'a pas d'autorisation de lecture par entité pour les comptes non-administrateurs, donc toute personne connectée peut toujours lire ces entités via Home Assistant lui-même.*","don't translate HKI 7 Cloud, Home Assistant"
cr_whats_new_1_0_0,array,3,"The event roster takes whole domains as well as named entities, so ""every lock"" is one choice rather than eleven. Domains are resolved fresh each time the timeline opens, so a lock added next month joins on its own instead of the roster meaning whatever existed the day it was set. The editor shows what each domain currently covers, since one domain can be hundreds of entities. Requires HKI 7 Cloud 0.10.0.*","La liste des événements prend en charge des domaines entiers ainsi que des entités nommées, donc « chaque verrou » est un choix plutôt que onze. Les domaines sont résolus à chaque fois que la chronologie s'ouvre, donc un verrou ajouté le mois prochain se joint de lui-même au lieu de la liste, ce qui signifie tout ce qui existait le jour où il a été défini. L'éditeur montre ce que chaque domaine couvre actuellement, puisqu'un domaine peut contenir des centaines d'entités. Nécessite HKI 7 Cloud 0.10.0.*",don't translate HKI 7 Cloud
cr_whats_new_1_0_0,array,4,"Events are labelled and filterable by what kind of thing they happened to — Doors, Windows, Motion, Lights, Locks. The filter row is built from what your timeline actually contains, so you are never offered a filter that can only come back empty. Days stay as the list headings: a timeline that reorders itself by category stops being a timeline.","Les événements sont étiquetés et filtrés en fonction du type d'événement auquel ils se sont produits : portes, fenêtres, mouvements, lumières, serrures. La ligne de filtre est construite à partir de ce que contient réellement votre timeline, donc on ne vous propose jamais un filtre qui ne peut revenir que vide. Les jours restent en tête de liste : une chronologie qui se réorganise par catégorie cesse d'être une chronologie.",
cr_whats_new_1_0_0,array,5,"Weather artwork now animates in the daily forecast, the hourly strip and the header pill, not only on the hero card. Animation was previously switched off below a fixed size, which caught all three.","Les illustrations météo s'animent désormais dans les prévisions quotidiennes, la bande horaire et la pilule d'en-tête, et pas seulement sur la carte du héros. L'animation était auparavant désactivée en dessous d'une taille fixe, ce qui capturait les trois.",
cr_whats_new_1_0_0,array,6,"Where weather artwork animates is now four separate switches — header pill, weather dialog, forecast strips, weather widget — instead of riding on the entity icon animation setting. The forecast strips animate a dozen icons side by side and are the only ones that ever cost anything noticeable, so turning those off need not mean losing the single small icon in the header pill. All four are on by default, and appear both in Settings › Appearance › Icons and in the header pill's own settings.","L'illustration météo s'anime désormais grâce à quatre commutateurs distincts : pilule d'en-tête, boîte de dialogue météo, bandes de prévisions, widget météo – au lieu de s'appuyer sur le paramètre d'animation de l'icône d'entité. Les bandes de prévisions animent une douzaine d'icônes côte à côte et sont les seules à avoir quelque chose de visible, donc les désactiver ne signifie pas nécessairement perdre la seule petite icône dans la pilule d'en-tête. Tous les quatre sont activés par défaut et apparaissent à la fois dans Paramètres > Apparence > Icônes et dans les paramètres de la pilule d'en-tête.",
cr_whats_new_1_0_0,array,7,"The 6h/12h/24h/48h/72h range selector is centred rather than left-aligned everywhere it appears, and gains a 3h option.",Le sélecteur de plage 6h/12h/24h/48h/72h est centré plutôt qu'aligné à gauche partout où il apparaît et gagne une option 3h.,
cr_whats_new_1_0_0,array,8,"New Connection log at the bottom of Settings › Connection: what the app's connection has actually been doing — connection attempts, reconnects, sync and subscriptions — with buttons to copy or clear it. All of this was already being recorded; nothing displayed it. It holds the last 300 lines and starts empty each launch.","Nouveau journal de connexion en bas de Paramètres › Connexion : ce que la connexion de l'application a réellement fait – tentatives de connexion, reconnexions, synchronisation et abonnements – avec des boutons pour la copier ou l'effacer. Tout cela était déjà enregistré ; rien ne l'affichait. Il contient les 300 dernières lignes et démarre vide à chaque lancement.",
cr_whats_new_1_0_0,array,9,"A button stack's layout options are now named the same as a single button's. The same shape was called Tile on a button and Compact on a stack, which made them look like different features.","Les options de disposition d'une pile de boutons portent désormais le même nom que celui d'un seul bouton. La même forme s’appelait Tile sur un bouton et Compact sur une pile, ce qui les faisait ressembler à des fonctionnalités différentes.",
cr_whats_new_1_0_0,array,10,"New Centered button layout beside Standard, Square and Tile: a square card whose icon sits in the middle of the space above the text, with the name and state centred beneath it. The icon is pushed upward rather than crowded as the text grows. A grid of these reads as a keypad, which is what makes a remote control possible.","Nouvelle disposition des boutons centrés à côté de Standard, Carré et Tuile : une carte carrée dont l'icône se trouve au milieu de l'espace au-dessus du texte, avec le nom et l'état centrés en dessous. L'icône est poussée vers le haut plutôt que surpeuplée à mesure que le texte s'agrandit. Une grille de ceux-ci se lit comme un clavier, ce qui rend possible une télécommande.",
cr_whats_new_1_0_0,array,11,"A button's icon, name and state are each shown or hidden on their own, under a new Elements section in its settings. The old Icon only switch is gone — hiding both the name and state is what it did, and these also let you keep one of them. Existing icon-only buttons keep working.","L'icône, le nom et l'état d'un bouton sont chacun affichés ou masqués individuellement, sous une nouvelle section Éléments dans ses paramètres. L'ancien commutateur d'icône uniquement a disparu - il masquait à la fois le nom et l'état, et ceux-ci vous permettaient également d'en conserver un. Les boutons existants contenant uniquement des icônes continuent de fonctionner.",
cr_whats_new_1_0_0,array,12,"A button stack carries the same three switches for all of its children, so a stack of twenty buttons need not be set twenty times. Turning one off on the stack hides it on every button; leaving it on lets each button decide.","Une pile de boutons comporte les trois mêmes commutateurs pour tous ses enfants, donc une pile de vingt boutons n'a pas besoin d'être réglée vingt fois. En désactiver un sur la pile le masque sur chaque bouton ; le laisser allumé laisse chaque bouton décider.",
cr_whats_new_1_0_0,array,13,"Fixed the button stack settings dialog stopping about two thirds of the way down with empty space below it, leaving the rest unreachable on a tall phone or a tablet.","Correction de la boîte de dialogue des paramètres de la pile de boutons s'arrêtant aux deux tiers environ avec un espace vide en dessous, laissant le reste inaccessible sur un grand téléphone ou une tablette.",
cr_whats_new_1_0_0,array,14,"Navigation bar, media players and popups moved from Settings › Appearance to Settings › Dashboard, below the dashboards themselves. They are parts of what the dashboard is made of rather than how it is styled.","La barre de navigation, les lecteurs multimédias et les fenêtres contextuelles ont été déplacés de Paramètres > Apparence vers Paramètres > Tableau de bord, sous les tableaux de bord eux-mêmes. Ils font partie de la composition du tableau de bord plutôt que de son style.",
cr_whats_new_1_0_0,array,15,"Settings › Connection ends with the connection log, and Restart Home Assistant now sits below it rather than above — it is the most disruptive thing on the screen and the least often wanted.",Paramètres > La connexion se termine avec le journal de connexion et Restart Home Assistant se trouve désormais en dessous plutôt qu'au-dessus - c'est la chose la plus perturbatrice à l'écran et la moins souvent souhaitée.,don't translate Home Assistant
cr_whats_new_1_0_0,array,16,"The Events tab gives an admin a button straight to Settings › Family Sharing › Events when nothing is being tracked yet, instead of only naming where to go.","L'onglet Événements donne à un administrateur un bouton directement vers Paramètres > Partage familial > Événements lorsque rien n'est encore suivi, au lieu de simplement nommer où aller.",
cr_whats_new_1_0_0,array,17,"Entity and domain pickers list what is already selected first, so undoing a choice does not mean hunting for it alphabetically. The order is fixed when the picker opens, so ticking something does not make it jump away from your finger.","Les sélecteurs d'entités et de domaines répertorient ce qui est déjà sélectionné en premier, donc annuler un choix ne signifie pas le rechercher par ordre alphabétique. L'ordre est fixé lorsque le sélecteur s'ouvre, donc cocher quelque chose ne le fait pas sauter loin de votre doigt.",
cr_whats_new_1_0_0,array,18,"A button stack's heading now has explicit Show name and Show icon switches, plus an option to centre them. Clearing the text field used to be the only way to get a stack with no heading, which hid that it was possible and meant losing the name to hide it.","L'en-tête d'une pile de boutons comporte désormais des commutateurs explicites Afficher le nom et Afficher l'icône, ainsi qu'une option pour les centrer. Effacer le champ de texte était autrefois le seul moyen d'obtenir une pile sans en-tête, ce qui cachait que c'était possible et impliquait de perdre le nom pour le masquer.",
cr_whats_new_beta_18,array,1,"An admin can now change who a published family dashboard is shared with, instead of only being able to choose at the moment of publishing. Settings › Family Sharing › Dashboards lists who each published dashboard reaches, with a Manage access button to add or remove people. Until now the only way to take a dashboard away from one person was to delete it for everybody.*","Un administrateur peut désormais modifier avec qui un tableau de bord familial publié est partagé, au lieu de pouvoir choisir uniquement au moment de la publication. Paramètres › Partage familial › Tableaux de bord répertorie les personnes atteintes par chaque tableau de bord publié, avec un bouton Gérer l'accès pour ajouter ou supprimer des personnes. Jusqu'à présent, la seule façon de retirer un tableau de bord à une personne était de le supprimer pour tout le monde.*",
cr_whats_new_beta_18,array,2,"Losing access to a family dashboard now clears what was layered on top of it. The dashboard itself was already removed, but the rooms, widgets, pages, nav bar, header pill and theme it left behind on the device stayed — so the next dashboard an admin shared arrived on top of the previous one's leftovers and looked like it had failed to import in full. Everything that belonged to the revoked dashboard is now removed with it. Home Assistant connections, profiles and notification settings are untouched: losing a dashboard is not being signed out.*","La perte d’accès à un tableau de bord familial efface désormais ce qui se trouvait dessus. Le tableau de bord lui-même a déjà été supprimé, mais les pièces, les widgets, les pages, la barre de navigation, la pilule d'en-tête et le thème qu'il a laissés sur l'appareil sont restés. Ainsi, le tableau de bord suivant partagé par un administrateur est arrivé au-dessus des restes du précédent et semblait n'avoir pas été importé dans son intégralité. Tout ce qui appartenait au tableau de bord révoqué est désormais supprimé avec celui-ci. Les connexions, profils et paramètres de notification de Home Assistant restent intacts : la perte d'un tableau de bord n'équivaut pas à une déconnexion.*",don't translate Home Assistant
cr_whats_new_beta_18,array,3,"New Devices tab under Settings › Family Sharing, showing which HKI version each family device is running and flagging the ones older than yours, with the Home Assistant account, device name, Android version and when it last reported. Each install records this through the HKI 7 Cloud component over the connection the app already uses, so every signed-in device is covered — including one with Location and Notifications both switched off — and nothing is added to Home Assistant's entity list. A device can only ever report itself. An admin can forget a phone that has been replaced; one still in use reappears the next time its app opens. Requires HKI 7 Cloud 0.7.0.*","Onglet Nouveaux appareils sous Paramètres > Partage familial, indiquant la version HKI utilisée par chaque appareil familial et signalant ceux plus anciens que le vôtre, avec le compte Home Assistant, le nom de l'appareil, la version d'Android et la date du dernier rapport. Chaque installation enregistre cela via le composant HKI 7 Cloud via la connexion que l'application utilise déjà, de sorte que chaque appareil connecté est couvert - y compris un avec la localisation et les notifications désactivées - et rien n'est ajouté à la liste des entités de Home Assistant. Un appareil ne peut se signaler que lui-même. Un administrateur peut oublier un téléphone qui a été remplacé ; celui encore utilisé réapparaît à la prochaine ouverture de son application. Nécessite HKI 7 Cloud 0.7.0.*","don't translate HKI 7 Cloud, Home Assistant"
cr_whats_new_beta_18,array,4,"An admin can now require the family to update. ""Require everyone to be on this version"" in the Devices tab sets a household minimum; anyone below it gets a full-screen prompt on their next launch instead of the dashboard, with Google Play's in-app update doing the install. There is also a per-device ""Ask to update"" for when one phone is behind rather than everyone, which clears itself once that device updates. No app can install a newer version of itself, so Play does the actual work — which also means the prompt can only insist when Play genuinely has the update ready. When it does not, the prompt explains why and lets you past for that session, rather than locking someone out of their own locks and alarms over an update they cannot get. You can only require a version some family device already runs. Requires HKI 7 Cloud 0.8.0.*","Un administrateur peut désormais demander à la famille de mettre à jour. « Exiger que tout le monde utilise cette version » dans l'onglet Appareils définit un minimum pour le foyer ; toute personne en dessous reçoit une invite en plein écran lors de son prochain lancement au lieu du tableau de bord, la mise à jour intégrée à l'application de Google Play effectuant l'installation. Il existe également une fonction « Demander la mise à jour » par appareil lorsqu'un téléphone est en retard plutôt que tout le monde, qui s'efface une fois l'appareil mis à jour. Aucune application ne peut installer une version plus récente d'elle-même, donc Play fait le travail réel - ce qui signifie également que l'invite ne peut insister que lorsque Play a réellement la mise à jour prête. Lorsque ce n'est pas le cas, l'invite explique pourquoi et vous permet de passer à cette session, plutôt que de verrouiller quelqu'un hors de ses propres verrous et alarmes en raison d'une mise à jour qu'il ne peut pas obtenir. Vous ne pouvez exiger qu’une version déjà exécutée par un appareil familial. Nécessite HKI 7 Cloud 0.8.0.*",don't translate HKI 7 Cloud
cr_whats_new_beta_18,array,5,"Each Family Sharing tab now says for itself when it needs a newer HKI 7 Cloud than the one installed, instead of that only appearing in the summary at the top of the screen. Parental controls, Permissions, Presence and Devices each carry the version they need, so it is clear before you configure a tab whose settings the installed component cannot store yet.","Chaque onglet Partage familial indique désormais de lui-même quand il a besoin d'un Cloud HKI 7 plus récent que celui installé, au lieu que cela n'apparaisse que dans le résumé en haut de l'écran. Les contrôles parentaux, les autorisations, la présence et les appareils portent chacun la version dont ils ont besoin, il est donc clair avant de configurer un onglet dont le composant installé ne peut pas encore stocker les paramètres.",don't translate HKI 7 Cloud
cr_whats_new_beta_17,array,1,"Fixed a crash that could take the whole app down during the very first connection attempt after opening it, which read as ""the app won't even open"". The setup that runs on every launch had no error handling of its own, so a failure there — usually an expired session being refreshed on a flaky network — escaped as an unhandled error instead of surfacing as a connection error you could retry. As a backstop, an unexpected error on a background task can no longer terminate the app at all.","Correction d'un crash qui pouvait faire tomber l'application entière lors de la toute première tentative de connexion après son ouverture, qui se lisait comme ""l'application ne s'ouvrira même pas"". La configuration qui s'exécute à chaque lancement n'avait pas de gestion d'erreur propre, donc un échec - généralement une session expirée en cours d'actualisation sur un réseau instable - s'est échappé comme une erreur non gérée au lieu de faire surface comme une erreur de connexion que vous pourriez réessayer. En guise de sécurité, une erreur inattendue sur une tâche en arrière-plan ne peut plus du tout mettre fin à l'application.",
cr_whats_new_beta_17,array,2,"The dashboard no longer rebuilds itself every time Home Assistant reports a state change. The home screen tracked the complete entity list, so a single motion sensor tripping or a power meter ticking — several times a second on a busy install — invalidated the whole screen and every widget on it, even when nothing visible had changed. It now watches only what it actually draws.","Le tableau de bord ne se reconstruit plus à chaque fois que Home Assistant signale un changement d'état. L'écran d'accueil suivait la liste complète des entités, de sorte qu'un seul déclenchement d'un capteur de mouvement ou un tic-tac d'un compteur de puissance (plusieurs fois par seconde lors d'une installation chargée) invalidait l'ensemble de l'écran et tous les widgets qu'il contenait, même si rien de visible n'avait changé. Il ne regarde désormais que ce qu'il dessine réellement.",don't translate Home Assistant
cr_whats_new_beta_17,array,3,"Entity icon animations no longer redo layout work on every frame they animate. The spin, pulse and glow effects re-ran the surrounding widget's composition on each animation frame instead of just redrawing the icon, so any dashboard with an active light, an open door or a recording camera paid that cost continuously. The animations look exactly the same.","Les animations d'icônes d'entité ne refont plus le travail de mise en page sur chaque image qu'elles animent. Les effets de rotation, d'impulsion et de lueur réexécutaient la composition du widget environnant sur chaque image d'animation au lieu de simplement redessiner l'icône, de sorte que tout tableau de bord avec une lumière active, une porte ouverte ou une caméra d'enregistrement payait ce coût en continu. Les animations sont exactement les mêmes.",
cr_whats_new_beta_17,array,4,"Fixed the app becoming unresponsive — and eventually killed by Android — when opening the history of a busy entity, such as a motion sensor that logs thousands of state changes a day. Matching each history entry to its actor re-scanned and re-parsed the entire logbook's timestamps from scratch for every single entry, work that scaled with history size squared; a quiet entity never noticed, but a busy one could peg the CPU for ten seconds straight. The logbook is now parsed once instead of once per entry, and the whole fetch runs off the main thread.","Correction de l'application qui ne répondait plus – et était finalement tuée par Android – lors de l'ouverture de l'historique d'une entité occupée, telle qu'un capteur de mouvement qui enregistre des milliers de changements d'état par jour. Faire correspondre chaque entrée de l'historique à son acteur a re-numérisé et ré-analysé les horodatages de l'ensemble du journal de bord à partir de zéro pour chaque entrée, un travail qui a été mis à l'échelle avec la taille de l'historique au carré ; une entité silencieuse ne l'a jamais remarqué, mais une entité occupée pourrait ancrer le processeur pendant dix secondes d'affilée. Le journal de bord est désormais analysé une fois au lieu d'une fois par entrée, et l'intégralité de la récupération s'exécute à partir du thread principal.",
cr_whats_new_beta_17,array,5,"Hardened how the app reads attributes Home Assistant sends for an entity: a value present but shaped unexpectedly (an object or array where a plain number or piece of text was expected) used to throw and crash whatever screen read it, instead of just being treated as missing.","Renforcement de la façon dont l'application lit les attributs que Home Assistant envoie pour une entité : une valeur présente mais formée de manière inattendue (un objet ou un tableau où un nombre simple ou un morceau de texte était attendu) utilisée pour lancer et planter n'importe quel écran qui le lisait, au lieu d'être simplement traité comme manquant.",don't translate Home Assistant
cr_whats_new_beta_17,array,6,"Fixed ""Push to family dashboard"" reporting a dashboard as already up to date no matter what had changed. A dashboard re-imported after a reinstall is stored locally under a different id than the one the cloud copy is published under, and the push check was still looking up the local export by the cloud id, finding nothing, and silently skipping that dashboard on every push.","Correction du message ""Push to family Dashboard"" signalant qu'un tableau de bord est déjà à jour, peu importe ce qui a changé. Un tableau de bord réimporté après une réinstallation est stocké localement sous un identifiant différent de celui sous lequel la copie cloud est publiée, et la vérification push recherchait toujours l'exportation locale par l'identifiant cloud, ne trouvait rien et ignorait silencieusement ce tableau de bord à chaque poussée.",
cr_whats_new_beta_15,array,1,"The Formula 1 widget gains two new tabs and expands two existing ones. Calendar lists the season's races in order, with each circuit and the host country's flag. Grid shows the starting grid, with each driver's move up or down from where they qualified. Standings can now show a championship prediction alongside the points table — current and predicted final points, for drivers or constructors — when F1 Sensor's optional F1TV Auth is set up. Live gains a proper timing list: gap to the leader, interval to the car ahead, tyre compound and stint length, and pit/retired status for every driver, plus which lap the leader is on.","Le widget Formule 1 gagne deux nouveaux onglets et étend deux onglets existants. Le calendrier répertorie les courses de la saison dans l'ordre, avec chaque circuit et le drapeau du pays hôte. La grille affiche la grille de départ, avec le déplacement de chaque pilote vers le haut ou vers le bas par rapport à son point de qualification. Le classement peut désormais afficher une prédiction du championnat à côté du tableau des points (points finaux actuels et prévus, pour les pilotes ou les constructeurs) lorsque l'authentification F1TV en option de F1 Sensor est configurée. Live obtient une liste de chronométrage appropriée : écart avec le leader, intervalle avec la voiture qui précède, composé de pneus et durée du relais, et statut des stands/retraité pour chaque pilote, ainsi que le tour dans lequel se trouve le leader.",
cr_whats_new_beta_15,array,2,"Fixed shared family dashboards failing to update at all once the owner added a widget type introduced in a newer app version, such as the To-Do List or Formula 1 widgets. A single unrecognized widget used to fail the whole dashboard, so a family member on an older build stopped receiving any of that dashboard's changes instead of just missing the new widget. Unrecognized widgets are now skipped individually, so the rest of a shared dashboard keeps working across app versions.","Correction des tableaux de bord familiaux partagés qui ne se mettaient pas à jour une fois que le propriétaire ajoutait un type de widget introduit dans une version plus récente de l'application, comme la liste de tâches ou les widgets de Formule 1. Un seul widget non reconnu faisait échouer l'ensemble du tableau de bord, de sorte qu'un membre de la famille sur une version plus ancienne ne recevait plus aucune des modifications de ce tableau de bord au lieu de simplement manquer le nouveau widget. Les widgets non reconnus sont désormais ignorés individuellement, de sorte que le reste d'un tableau de bord partagé continue de fonctionner dans toutes les versions d'application.",
cr_whats_new_beta_15,array,3,"The To-Do widget's square card can now feature one whole list instead of items individually flagged high priority. A new Hero list picker in the widget's General tab — shown once it has at least one tab — chooses which list's open items appear on the card, labelled with that list's name, so what you see at a glance is a specific list like Chores rather than a scattered mix pulled from every tab. Deleting a tab that's currently the hero list clears the setting automatically.","La carte carrée du widget To-Do peut désormais comporter une liste complète au lieu d'éléments marqués individuellement comme hautement prioritaires. Un nouveau sélecteur de liste de héros dans l'onglet Général du widget - affiché une fois qu'il comporte au moins un onglet - choisit les éléments ouverts de la liste qui apparaissent sur la carte, étiquetés avec le nom de cette liste, de sorte que ce que vous voyez en un coup d'œil est une liste spécifique comme les tâches plutôt qu'un mélange dispersé extrait de chaque onglet. La suppression d'un onglet qui constitue actuellement la liste des héros efface automatiquement le paramètre.",
cr_whats_new_beta_15,array,4,"Fixed the app crashing whenever it needed to reconnect to Home Assistant or the connection failed. The in-app push-notification channel ran its subscription in a way that let a dropped connection's error skip past the surrounding error handling entirely and crash the app outright. A separate mismatch also meant every single reconnect immediately tore the whole sync stack down and rebuilt it a second time, racing its own freshly made connection. Both are fixed.","Correction du plantage de l'application chaque fois qu'elle devait se reconnecter à Home Assistant ou que la connexion échouait. Le canal de notification push intégré à l'application gérait son abonnement de manière à permettre à l'erreur d'une connexion interrompue de passer complètement au-delà de la gestion des erreurs environnantes et de faire planter l'application. Une incompatibilité distincte signifiait également que chaque reconnexion déchirait immédiatement toute la pile de synchronisation et la reconstruisait une seconde fois, en exécutant sa propre connexion fraîchement établie. Les deux sont fixes.",don't translate Home Assistant
cr_whats_new_beta_14,array,1,"Settings › Family Sharing now shows which HKI 7 Cloud version is installed, and — if it's behind — exactly which family features that leaves unavailable, each labelled with the version that unlocks it. Previously the only way to find out a component was out of date was to hit a save that silently dropped part of what you configured.*","Paramètres › Le partage familial indique désormais quelle version de HKI 7 Cloud est installée et, si elle est en retard, exactement quelles fonctionnalités familiales ne sont pas disponibles, chacune étant étiquetée avec la version qui la déverrouille. Auparavant, le seul moyen de découvrir qu'un composant était obsolète était d'effectuer une sauvegarde qui supprimait silencieusement une partie de ce que vous aviez configuré.*",don't translate HKI 7 Cloud
cr_whats_new_beta_14,array,2,"New To-Do List widget: a shared checklist or shopping list the whole family can add to. Items support an optional quantity, category, priority (low, normal or high, shown as a flag) and due date, with Added by and Checked by attribution when more than one person edits the list. Choose Manual, A–Z, Priority, or Newest-first ordering, and filter between To do, All, and Done from the dialog. Editing can be limited to everyone, specific family members picked from the real Home Assistant user list, or admins only, enforced the same way the rest of the app's family permissions are. It follows the same design as every other widget, with the usual General, Permissions, Appearance and Visibility settings tabs.","Nouveau widget To-Do List : une liste de contrôle ou une liste de courses partagée à laquelle toute la famille peut ajouter. Les articles prennent en charge une quantité facultative, une catégorie, une priorité (faible, normale ou élevée, affichée sous forme d'indicateur) et une date d'échéance, avec l'attribution Ajouté par et Vérifié par lorsque plusieurs personnes modifient la liste. Choisissez Manuel, A à Z, Priorité ou Le plus récent en premier et filtrez entre À faire, Tout et Terminé dans la boîte de dialogue. La modification peut être limitée à tout le monde, à des membres spécifiques de la famille sélectionnés dans la véritable liste d'utilisateurs de Home Assistant ou aux administrateurs uniquement, appliquée de la même manière que le reste des autorisations familiales de l'application. Il suit la même conception que tous les autres widgets, avec les onglets de paramètres habituels Général, Autorisations, Apparence et Visibilité.",don't translate Home Assistant
cr_whats_new_beta_14,array,3,"Room following can now be set to only place someone in the right room when the app starts, without tracking them for the rest of the session. The existing Ask before switching rooms switch only chose between asking and switching silently; there was no way to get the one-time placement without the app continuing to follow every move afterward. A new Keep following while the app is open switch under each person's room-following settings turns that continued tracking off on its own, leaving Open their room when the app starts to do the one placement it always did.*","Le suivi de pièce peut désormais être configuré pour placer une personne dans la bonne pièce uniquement au démarrage de l'application, sans la suivre pour le reste de la session. Le commutateur existant Demander avant de changer de chambre ne choisissait qu'entre demander et changer silencieusement ; il n'y avait aucun moyen d'obtenir le placement unique sans que l'application continue de suivre chaque mouvement par la suite. Un nouveau commutateur Continuer à suivre pendant que l'application est ouverte sous les paramètres de suivi de pièce de chaque personne active le suivi tout seul, laissant Ouvrir leur chambre lorsque l'application commence à effectuer le placement qu'elle a toujours fait.*",
cr_whats_new_beta_14,array,4,"New Formula 1 widget, for the F1 Sensor integration. The card shows the next race with a countdown and the circuit outline; opening it gives four tabs — Next race with the full session schedule and trackside weather, Standings for drivers and constructors, Results for the last grand prix with places gained or lost, and a Live tab that appears only while a session is running, showing the flag and race control messages. It finds its sensors on its own: F1 Sensor lets you rename its entities and pick a language, so the widget matches on the integration's stable internal keys rather than entity ids.","Nouveau widget Formule 1, pour l'intégration F1 Sensor. La carte affiche la prochaine course avec un compte à rebours et le tracé du circuit ; à l'ouverture, quatre onglets — Prochaine course avec le programme complet des séances et la météo au circuit, Classement pilotes et constructeurs, Résultats du dernier grand prix avec les places gagnées ou perdues, et un onglet Live qui n'apparaît que pendant une séance, avec le drapeau et les messages de direction de course. Il trouve ses capteurs tout seul : F1 Sensor permet de renommer ses entités et de choisir une langue, donc le widget s'appuie sur les clés internes stables de l'intégration plutôt que sur des identifiants d'entité.",
cr_whats_new_beta_14,array,5,"New Find my devices widget: a map of your phones, watches, tags and trackers. Add any device_tracker or person entity; the ones reporting GPS appear as pins on the map, the rest are still listed with their state. Tick as many as you like to show them together, or leave nothing ticked to see everything. Three filters narrow the list: All, Devices, and People. The card follows the same design as the other widgets, so background image, icon, width, shape and corner radius all work as you would expect.","Nouveau widget Localiser mes appareils : une carte de vos téléphones, montres, balises et traceurs. Ajoutez n'importe quelle entité device_tracker ou person ; celles qui remontent du GPS apparaissent sur la carte, les autres restent listées avec leur état. Cochez-en autant que vous voulez pour les afficher ensemble, ou ne cochez rien pour tout voir. Trois filtres restreignent la liste : Tout, Appareils et Personnes. La carte suit le même design que les autres widgets : image de fond, icône, largeur, forme et rayon des coins fonctionnent comme attendu.",
cr_whats_new_beta_14,array,6,"The maps in the app no longer look like a printed atlas. HKI now uses the same muted CARTO basemap that Home Assistant's own map card uses, instead of the standard OpenStreetMap rendering, which was designed as a mapper's reference render rather than a background for an app. It also has a proper dark variant, so the map finally follows your theme instead of glowing white inside a dark dialog.","Les cartes de l'application ne ressemblent plus à un atlas imprimé. HKI utilise désormais le fond de carte CARTO sobre employé par la carte de Home Assistant, au lieu du rendu OpenStreetMap standard, conçu comme référence pour cartographes et non comme arrière-plan d'application. Il existe aussi une vraie variante sombre : la carte suit enfin votre thème au lieu d'éblouir dans une boîte de dialogue sombre.",don't translate Home Assistant
cr_whats_new_beta_14,array,7,"Fixed room following doing nothing at all once Ask before switching rooms was turned off. That switch was being treated as a master off-switch for the whole feature, so with prompting disabled the app neither asked nor moved. It now does what it says: with prompting on you get the prompt, with it off the room simply opens. Don't ask again until I restart still stops both, since trading a prompt for a surprise jump would be worse.","Correction : le suivi de pièce ne faisait plus rien du tout une fois « Demander avant de changer de pièce » désactivé. Ce réglage était traité comme un interrupteur général, donc sans invite l'application ne demandait ni ne changeait. Il fait maintenant ce qu'il annonce : avec l'invite vous êtes consulté, sans elle la pièce s'ouvre simplement. « Ne plus demander jusqu'au redémarrage » arrête toujours les deux, un saut surprise étant pire qu'une question.",
cr_whats_new_beta_14,array,8,"Fixed the waste widget's settings dialog being cut off around two thirds of the way down while empty space sat below it. The dialog reserves a tall card but its contents were capped at a fixed height, so the scroll area stopped short of the space available. Both the settings dialog and the waste dialog itself now use the full height.","Correction : la boîte de réglages du widget déchets était coupée aux deux tiers alors qu'il restait de la place en dessous. La boîte réserve une carte haute mais son contenu était plafonné à une hauteur fixe, si bien que la zone défilante n'atteignait pas l'espace disponible. Les deux boîtes utilisent désormais toute la hauteur.",
cr_whats_new_beta_14,array,9,"The waste dialog's calendar can now look 7, 14 or 28 days ahead, and is drawn as a week grid like the calendar widget rather than a flat list: weekday columns, one row per week, and a coloured dot per collection in its fraction's colour. Tap a day to see what is collected then; it opens on the next day with a collection.","Le calendrier de la boîte déchets peut désormais regarder 7, 14 ou 28 jours à l'avance, et s'affiche en grille hebdomadaire comme le widget agenda plutôt qu'en liste : colonnes par jour, une ligne par semaine, et une pastille colorée par collecte à la couleur de sa fraction. Touchez un jour pour voir ce qui y est collecté ; il s'ouvre sur la prochaine collecte.",
cr_whats_new_beta_14,array,10,"Parcel dialogs now say Today or Tomorrow instead of naming the weekday. The whole question a delivery date answers is how soon, and “Wednesday” on a Wednesday made you work that out yourself.","Les boîtes de dialogue des colis affichent désormais Aujourd'hui ou Demain au lieu du nom du jour. Une date de livraison répond à la question « dans combien de temps », et « mercredi » un mercredi vous laissait faire le calcul.",
cr_whats_new_beta_14,array,11,"The +2 bubble in the header, shown when there are more people than fit, now opens. Tapping it lists everyone with their name and state, and picking someone opens their detail dialog as usual. Previously those people were simply unreachable on a narrow header.","La bulle « +2 » de l'en-tête, affichée quand il y a plus de personnes que de place, réagit enfin. La toucher liste tout le monde avec nom et état ; choisir quelqu'un ouvre sa fiche comme d'habitude. Auparavant ces personnes étaient tout simplement inaccessibles sur un en-tête étroit.",
cr_whats_new_beta_14,array,12,"Fixed the map in the person dialog overflowing the dialog on a tablet or unfolded foldable. The map was drawn as a square as wide as the dialog, so on a 620dp-wide card it became 620dp tall and pushed the address off the bottom. It now takes the height left over instead.","Correction : la carte de la fiche personne débordait de la boîte de dialogue sur tablette ou pliable déplié. Elle était dessinée en carré de la largeur du dialogue, donc sur une carte de 620dp de large elle faisait 620dp de haut et poussait l'adresse hors de l'écran. Elle occupe désormais la hauteur restante.",
cr_whats_new_beta_14,array,13,"Fixed notifications going undelivered while Home Assistant reported the device as not connected to local push notifications, even with the app open. The app stood aside for its background connection whenever the settings said that connection should be running — but when Android refused to start it, such as after a reboot, nothing was listening at all. The app now checks whether that connection is really running rather than whether it is meant to be, takes over when it is not, and hands the channel back the moment it does come up.","Correction : des notifications n'étaient pas délivrées alors que Home Assistant signalait l'appareil comme non connecté aux notifications push locales, même avec l'application ouverte. L'application s'effaçait devant sa connexion en arrière-plan dès que les réglages indiquaient qu'elle devait tourner — mais si Android refusait de la démarrer, après un redémarrage par exemple, plus personne n'écoutait. L'application vérifie désormais si cette connexion tourne réellement plutôt que si elle est censée tourner, prend le relais sinon, et rend la main dès qu'elle démarre.",don't translate Home Assistant
cr_whats_new_beta_14,array,14,"Fixed room-following settings not taking effect on the device you changed them from. Turning following off, or changing how long a room must hold before it counts as a move, was written to the companion component but not to the device's own cached copy — so it kept following, and kept using the old dwell time, until the app was next started. Changes now apply immediately. The dwell slider also no longer offers zero seconds, which made the very first sensor reading count as a move.","Correction : les réglages du suivi de pièce ne prenaient pas effet sur l'appareil depuis lequel on les modifiait. Désactiver le suivi, ou changer la durée pendant laquelle une pièce doit tenir avant de compter comme un déplacement, était écrit dans le composant compagnon mais pas dans la copie locale de l'appareil — il continuait donc à suivre, avec l'ancienne durée, jusqu'au redémarrage de l'application. Les changements s'appliquent maintenant immédiatement. Le curseur ne propose plus zéro seconde, ce qui faisait compter la toute première lecture du capteur comme un déplacement.",
cr_whats_new_beta_14,array,15,"The Formula 1 card now says one thing: the next grand prix and when it is — “Today 15:00” on the day, otherwise the date and time, in your own timezone. Track status is gone from it, because outside a session that read “Not running”, which is not what anyone glances at the card for. The status sits in the same dark pill the camera, vacuum and waste cards use, so it lines up with the rest of your dashboard again. The circuit outline stays as a faint watermark and the host country flag in the corner. The widget also no longer asks which F1 instance to use — it reads everything the integration publishes, so the dialog always has the full picture.","La carte Formule 1 dit maintenant une seule chose : le prochain grand prix et quand il a lieu — « Aujourd'hui 15:00 » le jour même, sinon la date et l'heure, dans votre fuseau. L'état de la piste en a disparu : hors séance il affichait « Pas en cours », ce que personne ne vient lire sur la carte. L'état tient dans la même pastille sombre que les cartes caméra, aspirateur et déchets, donc il s'aligne à nouveau sur le reste du tableau de bord. Le tracé du circuit reste en filigrane discret et le drapeau du pays hôte dans le coin. Le widget ne demande plus non plus quelle instance F1 utiliser — il lit tout ce que l'intégration publie, pour que la boîte de dialogue ait toujours l'ensemble.",
cr_whats_new_beta_14,array,16,"The To-Do List dialog's undo/redo and Close buttons moved from the title row to the bottom action bar, matching every other dialog in the app.","Les boutons Annuler/Rétablir et Fermer de la boîte de dialogue Liste de tâches ont été déplacés de la ligne de titre vers la barre d'action inférieure, correspondant à toutes les autres boîtes de dialogue de l'application.",
cr_whats_new_beta_14,array,17,* HKI 7 Cloud Component integration required.,* Intégration HKI 7 Cloud Component requise.,don't translate HKI 7 Cloud
cr_whats_new_beta_13,array,1,"HKI can now follow you from room to room. Point it at a room-presence sensor such as ESPresense and it opens the room you are in when the app starts, then offers to switch views when you move somewhere else. Rooms also gain a purple counter showing how many people are in them, beside the motion and presence counters. An admin sets this up for the whole family under Settings › Family Sharing › Presence: pick each person's sensor and how long a new room must hold before it counts as a move. Sensor rooms named after your Home Assistant areas are matched automatically.*","HKI peut désormais vous suivre de pièce en pièce. Indiquez-lui un capteur de présence comme ESPresense : au démarrage l'application ouvre la pièce où vous êtes, puis propose de changer de vue quand vous vous déplacez. Les pièces gagnent aussi un compteur violet indiquant le nombre de personnes présentes, à côté des compteurs de mouvement et de présence. Un administrateur configure cela pour toute la famille dans Paramètres › Partage familial › Présence : le capteur de chaque personne et le délai avant qu'une nouvelle pièce compte comme un déplacement. Les pièces du capteur portant le nom de vos zones Home Assistant sont associées automatiquement.*",don't translate Home Assistant
cr_whats_new_beta_13,array,2,"Notifications from Home Assistant can now carry action buttons. Add actions to a notify.mobile_app_… message and each one appears on the notification; tapping it sends the action back to Home Assistant, where an automation can respond. The buttons also appear on the in-app banner and in the notification drawer, because HKI hides system notifications while it is open. A URI action opens its link, a REPLY action takes a typed answer, and an action tapped while offline is delivered once the connection returns. Each notification can be actioned once.","Les notifications de Home Assistant peuvent désormais comporter des boutons d'action. Lorsque actions est ajouté à un message notify.mobile_app_…, chacune apparaît sur la notification ; un appui renvoie l'action à Home Assistant, où une automatisation peut réagir. Les boutons apparaissent aussi dans la bannière de l'application et dans le tiroir de notifications, car HKI masque les notifications système lorsqu'elle est ouverte. Une action URI ouvre son lien, une action REPLY accepte une réponse saisie, et une action utilisée hors ligne est envoyée dès le retour de la connexion. Chaque notification peut être utilisée une fois.",don't translate Home Assistant
cr_whats_new_beta_13,array,3,"New Action button: a button that needs no entity at all. Give it a name, an icon, and whatever tap, hold, or double-tap action you like — navigate to a view or room, call a Home Assistant action, open a URL or a custom popup. Add one from the widget picker, from a button stack, or as an action badge in the badge area beside the header.","Nouveau : le bouton d’action, un bouton qui n’a besoin d’aucune entité. Donnez-lui un nom, une icône et l’action de votre choix pour l’appui, l’appui long ou le double appui — naviguer vers une vue ou une pièce, appeler une action Home Assistant, ouvrir une URL ou une fenêtre personnalisée. À ajouter depuis le sélecteur de widgets, depuis une pile de boutons ou comme badge d’action dans la zone de badges à côté de l’en-tête.",don't translate Home Assistant
cr_whats_new_beta_13,array,4,"Icon-only buttons can now be sized. Auto shrinks the icon as a stack gains columns, which is what makes icon-only usable in the four-, five-, and six-column custom popups where a fixed-size icon used to overflow the button. A button can also be given its own size.","Les boutons à icône seule peuvent maintenant être dimensionnés. Automatique réduit l'icône à mesure que la pile gagne des colonnes, ce qui rend l'icône seule utilisable dans les fenêtres à quatre, cinq et six colonnes où une taille fixe débordait. Un bouton peut aussi avoir sa propre taille.",
cr_whats_new_beta_13,array,5,"Button stacks can push their appearance onto every button they hold: one Icon only for every button switch instead of the same switch on twenty buttons, plus an icon size they all inherit. A single button can still override the size.","Les piles de boutons peuvent imposer leur apparence à tous leurs boutons : un seul interrupteur Icône seule pour tous les boutons au lieu du même sur vingt boutons, plus une taille d'icône héritée par tous. Un bouton peut encore la remplacer.",
cr_whats_new_beta_13,array,6,"The quick start guide can be browsed by hand. Swipe the gesture preview, tap a dot, or tap any tip to jump to it. It still plays on its own until you take over.","Le guide de démarrage se parcourt désormais à la main. Balayez l'aperçu du geste, touchez un point ou une astuce pour y aller. Il continue de défiler seul jusqu'à ce que vous preniez la main.",
cr_whats_new_beta_13,array,7,"Fixed the waste widget showing the wrong icon and colour for every collection type outside Dutch: the type was matched against the translated label, so PMD shown as Packaging fell through to a generic grey-blue bin. PMD is orange with a recycling symbol again.","Correction du widget déchets affichant la mauvaise icône et la mauvaise couleur hors néerlandais : le type était comparé au libellé traduit, donc PMD affiché en Packaging retombait sur un bac gris-bleu générique. PMD est de nouveau orange avec un symbole de recyclage.",
cr_whats_new_beta_13,array,8,"Fixed the room-following prompt appearing after Ask before switching rooms was turned off, and for the room already on screen. It now also offers Don't ask again until I restart the app, and the wait time can be set whether or not prompting is on.","Correction de l'invite de changement de pièce qui apparaissait après avoir désactivé Demander avant de changer de pièce, et pour la pièce déjà à l'écran. Elle propose aussi Ne plus demander jusqu'au prochain démarrage, et le délai se règle indépendamment.",
cr_whats_new_beta_13,array,9,"Flows can express Any of these and nested logic, not just a flat list of ANDs. A group opens into its own list with a breadcrumb, and groups can hold groups, so motion detected AND (after sunset OR guest mode on) is buildable. It is the same structure Home Assistant's own editor writes, so a flow made in HA that used OR is no longer an untouchable advanced block.","Les flux gèrent désormais « L'une de celles-ci » et la logique imbriquée, plus seulement une liste plate de ET. Un groupe s'ouvre dans sa propre liste avec un fil d'Ariane, et un groupe peut en contenir d'autres : « mouvement détecté ET (après le coucher du soleil OU mode invité activé) » devient constructible. C'est la structure qu'écrit l'éditeur d'automatisations de Home Assistant, donc un flux créé dans HA avec OU n'est plus un bloc avancé intouchable.",don't translate Home Assistant
cr_whats_new_beta_13,array,10,"Thermostat dials on the Climate view no longer squeeze six across a landscape foldable. Dials hold at four per row until the window is genuinely desktop-wide, so each keeps enough width to read.","Les cadrans de thermostat de la vue Climat ne se serrent plus à six sur un pliable en paysage. Ils restent à quatre par ligne tant que la fenêtre n'est pas vraiment très large, pour que chacun garde de quoi se lire.",
cr_whats_new_beta_13,array,11,"The Waiting for notifications message now has a Hide this notification button that jumps straight to its Android channel settings, where switching the channel off hides it for good while the connection keeps working. Android will not let a background connection run without a visible notification, so this is as far as muting can go. It also switches itself on when you have more than one Home Assistant server.","Le message « En attente de notifications » comporte désormais un bouton « Masquer cette notification » qui ouvre directement les réglages de son canal Android. Désactivé là, il disparaît définitivement tandis que la connexion continue. Android n'autorise aucune connexion en arrière-plan sans notification visible : impossible d'aller plus loin. Il s'active aussi tout seul si vous avez plusieurs serveurs Home Assistant.",don't translate Home Assistant
cr_whats_new_beta_13,array,12,"The vacuum widget can now draw a Valetudo map itself. Choose Valetudo map as the button image and point it at your robot's map camera: HKI reads the map data Valetudo hides inside that camera's PNG and draws the floor, walls, rooms, the robot, its dock and the path it has taken. No add-on, custom component or extra Home Assistant integration is involved, and the map refreshes on its own while the robot is cleaning.","Le widget aspirateur peut maintenant dessiner lui-même une carte Valetudo. Choisissez Carte Valetudo comme image du bouton et pointez-la vers la caméra de carte de votre robot : HKI lit les données que Valetudo cache dans le PNG de cette caméra et dessine le sol, les murs, les pièces, le robot, sa base et le trajet parcouru. Aucun add-on, composant personnalisé ni intégration Home Assistant supplémentaire n'est nécessaire, et la carte se rafraîchit seule pendant le nettoyage.","don't translate Home Assistant, Valetudo"
cr_whats_new_beta_13,array,13,"Tap a room on the Valetudo map to send the robot to clean it. Rooms use the names you gave them in Valetudo. Cleaning a single room goes through Home Assistant's clean_area action, so first map the robot's segments to your areas in Home Assistant — until you do, the map says so instead of leaving the tap doing nothing.","Touchez une pièce sur la carte Valetudo pour y envoyer le robot. Les pièces portent les noms que vous leur avez donnés dans Valetudo. Le nettoyage d'une seule pièce passe par l'action clean_area de Home Assistant : associez d'abord les segments du robot à vos zones — tant que ce n'est pas fait, la carte le signale au lieu d'ignorer l'appui.","don't translate Home Assistant, Valetudo"
cr_whats_new_beta_13,array,14,"The vacuum settings now warn that plain Map camera on a Valetudo map entity shows a blank tile. Valetudo deliberately does not render the map on the robot, so its PNG is only a container for the data — Valetudo map is the mode that shows something.",Les paramètres de l'aspirateur avertissent désormais que Caméra de carte affiche une tuile vide sur une entité de carte Valetudo. Valetudo ne dessine volontairement pas la carte sur le robot : son PNG n'est qu'un conteneur de données — Carte Valetudo est le mode qui affiche vraiment quelque chose.,don't translate Valetudo
cr_whats_new_beta_13,array,15,"The vacuum dialog now shows a Valetudo map whenever the map camera you picked actually carries one, whatever the button image is set to — the button image only decides how the tile on the dashboard looks. Cameras that turn out not to be Valetudo maps still show their picture, and HKI stops re-checking once it knows.","La boîte de dialogue de l'aspirateur affiche désormais une carte Valetudo dès que la caméra de carte choisie en contient une, quelle que soit l'image du bouton — celle-ci ne détermine que l'apparence de la tuile sur le tableau de bord. Les caméras qui ne sont pas des cartes Valetudo affichent toujours leur image, et HKI cesse de vérifier une fois qu'il le sait.",don't translate Valetudo
cr_whats_new_beta_13,array,16,"The robot image now spins while the vacuum is cleaning or returning to its dock, using the same icon animation settings as the rest of the app. A button's own animation setting still overrides it, and Off keeps it still.","L'image du robot tourne maintenant pendant que l'aspirateur nettoie ou retourne à sa base, avec les mêmes réglages d'animation d'icône que le reste de l'application. Le réglage propre à un bouton reste prioritaire, et Désactivé la garde immobile.",
cr_whats_new_beta_13,array,17,* HKI 7 Cloud Component integration required.,* Intégration HKI 7 Cloud Component requise.,don't translate HKI 7 Cloud
cr_whats_new_beta_12,array,1,"Button widgets and button stacks can now hold an empty, fully transparent button. It takes up a grid cell without drawing anything, so the buttons around it line up exactly where you want them.","Les widgets et les piles de boutons peuvent désormais contenir un bouton vide, entièrement transparent. Il occupe une cellule de la grille sans rien afficher, ce qui permet d’aligner exactement les boutons voisins.",
cr_whats_new_beta_12,array,2,Buttons can show just their icon. The new Icon only switch under a button's Appearance settings drops the name and state and centers a larger icon on the button.,Les boutons peuvent n’afficher que leur icône. Le nouvel interrupteur « Icône seule » dans l’apparence d’un bouton masque le nom et l’état et centre une icône plus grande.,
cr_whats_new_beta_12,array,3,"New Custom popup action for buttons, badges, and dialog buttons. Point any tap, hold, or double tap at a popup you build yourself: it opens with the usual dialog title, status, history, and close controls, and you fill it with any widget the app offers. Popups are listed under Settings › Appearance › Popups, where Edit contents opens one ready to arrange. Popups are shared, so several buttons can open the same one, and stacks inside a popup can use up to six columns instead of three. While a popup is being arranged, a Done button sits beside Add widget to leave edit mode without closing it.","Nouvelle action Fenêtre personnalisée pour les boutons, les badges et les boutons de boîte de dialogue. Associez un appui, un appui long ou un double appui à une fenêtre que vous composez vous-même : elle s’ouvre avec le titre, l’état, l’historique et la fermeture habituels, et vous la remplissez avec n’importe quel widget de l’application. Les fenêtres sont listées dans Réglages › Apparence › Fenêtres, où « Modifier le contenu » en ouvre une prête à organiser. Elles sont partagées, plusieurs boutons peuvent donc ouvrir la même, et les piles à l’intérieur peuvent utiliser jusqu’à six colonnes au lieu de trois. Pendant l’organisation d’une fenêtre, un bouton Terminé se place à côté d’Ajouter un widget pour quitter le mode édition sans la fermer.",
cr_whats_new_beta_12,array,4,"Fixed the Energy detail views (Solar, Electricity, Gas, Water, City heating, Battery) drawing their cards flush against each other with their headings missing. Production, Forecast, Inverters and the rest were hidden behind the card below them; the cards now keep their headings and the usual spacing.","Correction des vues détaillées Énergie (Solaire, Électricité, Gaz, Eau, Chauffage urbain, Batterie) qui affichaient leurs cartes collées les unes aux autres, sans titres. « Production », « Prévision », « Onduleurs » et les autres se trouvaient derrière la carte suivante ; les cartes conservent désormais leurs titres et l’espacement habituel.",
cr_whats_new_beta_12,array,5,"Fixed Parental Controls refusing to save. An out-of-date HKI 7 Cloud component rejects the Visible and Invisible lists, which used to fail the whole policy; the permissions now save regardless and the message says the component needs updating. Those lists only filter entity lists such as global search — a button on a family dashboard stays visible unless it is hidden for that person explicitly.*","Correction du contrôle parental qui refusait d’enregistrer. Un composant HKI 7 Cloud obsolète rejette les listes Visible et Invisible, ce qui faisait échouer toute la stratégie ; les autorisations sont désormais enregistrées et le message indique que le composant doit être mis à jour. Ces listes ne filtrent que les listes d’entités comme la recherche globale — un bouton d’un tableau de bord familial reste visible tant qu’il n’est pas masqué explicitement pour cette personne.*",don't translate HKI 7 Cloud
cr_whats_new_beta_12,array,6,* HKI 7 Cloud Component integration required.,* Intégration HKI 7 Cloud Component requise.,don't translate HKI 7 Cloud
cr_whats_new_beta_11,array,1,"Rooms, Climate, Security, Energy, and Battery dashboards now make better use of tablets and foldables. Large cards follow the Home and individual-room 1/2/3-column layout, while compact tiles auto-fit without becoming cramped. Climate, Security, and Energy cards use a height-aware masonry layout on wider displays, eliminating large gaps below shorter cards.","Les tableaux de bord Pièces, Climat, Sécurité, Énergie et Batterie exploitent mieux les tablettes et appareils pliables. Les grandes cartes suivent la disposition à une, deux ou trois colonnes de l’accueil et des pièces, tandis que les tuiles compactes s’ajustent automatiquement sans être à l’étroit. Sur les écrans larges, les cartes Climat, Sécurité et Énergie utilisent une disposition en maçonnerie tenant compte de leur hauteur, sans grands espaces sous les cartes plus courtes.",
cr_whats_new_beta_11,array,2,State-colored icons on entity buttons and header/status pills now preserve their semantic hue while automatically shifting lighter or darker when they would blend into the current theme.,"Les icônes colorées selon l’état sur les boutons d’entité et les pastilles d’en-tête ou d’état conservent leur teinte sémantique, tout en devenant automatiquement plus claires ou plus foncées si elles se confondent avec le thème actuel.",
cr_whats_new_beta_11,array,3,"Selecting a family dashboard during onboarding now subscribes that installation to it. Owner edits are published when Save or Done is tapped, active clients refresh immediately, and offline clients reconcile when reopened. Non-admin subscribers cannot create or duplicate dashboards unless the app is fully reset.*","Choisir un tableau de bord familial pendant la configuration abonne désormais cette installation. Les modifications du propriétaire sont publiées avec Enregistrer ou Terminé, les clients actifs sont actualisés immédiatement et les clients hors ligne se synchronisent à la prochaine ouverture. Les non-administrateurs ne peuvent créer ni dupliquer de tableaux de bord avant une réinitialisation complète de l’application.*",
cr_whats_new_beta_11,array,4,"Dashboard setup during onboarding can now restore a local, Google Drive, or Home Assistant backup. New Google Drive and Home Assistant backups use consistent, informative names containing the app version and creation date.*","La configuration initiale du tableau de bord permet maintenant de restaurer une sauvegarde locale, Google Drive ou Home Assistant. Les nouvelles sauvegardes Google Drive et Home Assistant utilisent des noms cohérents et explicites comprenant la version de l’application et la date de création.*","don't translate Home Assistant, Google Drive"
cr_whats_new_beta_11,array,5,"Calendar widgets become vertically scrollable when their height is too small for every event, and hidden Home widgets are removed from the layout instead of leaving an empty space.","Les widgets de calendrier défilent verticalement lorsque leur hauteur ne suffit pas pour tous les événements, et les widgets masqués de l’accueil sont retirés de la disposition au lieu de laisser un espace vide.",
cr_whats_new_beta_11,array,6,"Parcel carrier cards now show the earliest expected delivery date and time for active incoming or outgoing shipments, including integrations that expose a separate next-delivery sensor.","Les cartes des transporteurs affichent désormais la première date et heure de livraison prévue pour les envois entrants ou sortants actifs, y compris avec les intégrations qui exposent un capteur séparé de prochaine livraison.",
cr_whats_new_beta_11,array,7,"Family permissions can now independently allow dashboard switching and creation. Fully restricted subscribers see a locked Dashboard settings tab; onboarding removes its placeholder dashboard when switching is denied, and a deleted family dashboard opens a permission-aware recovery screen instead of silently creating a replacement.*",Les autorisations familiales peuvent maintenant permettre séparément le changement et la création de tableaux de bord. Les abonnés entièrement restreints voient la section Tableau de bord verrouillée ; la configuration retire le tableau provisoire si le changement est interdit et la suppression d’un tableau familial ouvre une récupération selon les permissions au lieu de créer silencieusement un remplacement.*,
cr_whats_new_beta_11,array,8,"Family permissions now also control manual re-importing. Non-admins cannot open Family Sharing settings, disabled onboarding choices explain why they are unavailable, and aesthetics-only editors see only visual controls. Their local names, icons, colors, backgrounds, styles, sizes, and layouts take priority when owner updates arrive.*","Les autorisations familiales contrôlent désormais aussi la réimportation manuelle. Les non-administrateurs ne peuvent pas ouvrir le partage familial, les choix désactivés lors de la configuration expliquent leur indisponibilité et les éditeurs limités à l’esthétique ne voient que les réglages visuels. Leurs noms, icônes, couleurs, arrière-plans, styles, tailles et mises en page locaux restent prioritaires lors des mises à jour du propriétaire.*",
cr_whats_new_beta_11,array,9,"Climate sensor/device tabs, Security groups, and every Energy detail tab now follow the same responsive one-, two-, or three-column masonry rules, including their edit and reorder layouts.","Les onglets des capteurs et appareils Climat, les groupes Sécurité et tous les onglets détaillés Énergie suivent désormais les mêmes règles masonry adaptatives à une, deux ou trois colonnes, y compris en mode édition et réorganisation.",
cr_whats_new_beta_11,array,10,Aesthetics-only family editors can no longer change header-pill configuration or the dashboard's people; those functional settings remain controlled by the owner.*,Les éditeurs familiaux limités à l’esthétique ne peuvent plus modifier la configuration des pastilles d’en-tête ni les personnes du tableau de bord ; ces réglages fonctionnels restent sous le contrôle du propriétaire.*,
cr_whats_new_beta_11,array,11,"Parental Controls now replaces manual entity-ID entry with Visible and Invisible lists. Admins can select complete Home Assistant domains or individual entities, and global search hides restricted entities and devices. Invisible entries always take precedence.*",Le contrôle parental remplace la saisie manuelle d’identifiants d’entités par des listes Visible et Invisible. Les administrateurs peuvent sélectionner des domaines Home Assistant complets ou des entités individuelles ; la recherche globale masque les entités et appareils restreints. Invisible est toujours prioritaire.*,don't translate Home Assistant
cr_whats_new_beta_11,array,12,"Energy setup now imports SmartGateways and DSMR Reader P1 meters even when the Home Assistant Energy dashboard has not been configured and the sensors are not attached to a device. Tariff 1 and tariff 2 readings are recognised separately, and usage charts and period totals add both tariffs together when no single grid import or export sensor is set.","La configuration Énergie importe désormais les compteurs P1 SmartGateways et DSMR Reader, même si le tableau de bord Énergie de Home Assistant n’est pas configuré et que les capteurs ne sont rattachés à aucun appareil. Les tarifs 1 et 2 sont reconnus séparément, et les graphiques de consommation et les totaux de période additionnent les deux tarifs lorsqu’aucun capteur unique d’import ou d’export n’est défini.",don't translate Home Assistant
cr_whats_new_beta_11,array,13,* HKI 7 Cloud Component integration required.,* Intégration HKI 7 Cloud Component requise.,don't translate HKI 7 Cloud
cr_whats_new_beta_10,array,1,"Visibility rules now work across all widgets and individual items, with time, entity, person, and mixed AND/OR conditions. Admins using a family-shared dashboard can choose whether an item is Visible or Hidden for a selected user. Person conditions use HKI 7 Cloud, whose requirement is shown when it is unavailable. New rules start empty so you choose Time, Entity, or Person.","Les règles de visibilité couvrent tous les widgets et éléments, avec conditions Heure, Entité, Personne et combinaisons ET/OU. Les administrateurs d’un tableau familial partagé peuvent rendre un élément visible ou masqué pour un utilisateur choisi. Les conditions Personne utilisent HKI 7 Cloud et son exigence est signalée si l’intégration manque. Une nouvelle règle commence vide : Heure, Entité ou Personne.",don't translate HKI 7 Cloud
cr_whats_new_beta_10,array,2,"Room-status counter badges keep a stable two-digit width. Headers responsively fit one, two, or three counters per row like the home-page and person badges, without pushing the title down.","Les badges de compteur d’état des pièces conservent une largeur stable pour deux chiffres. Les en-têtes s’adaptent à une, deux ou trois colonnes comme les badges d’accueil et de personnes, sans repousser le titre vers le bas.",
cr_whats_new_beta_10,array,3,"Energy setup now recognises SmartGateways and DSMR Reader MQTT sensor names, and choosing a source device refills its separate sensor roles. City heating has dedicated settings, a source tile and detail tab, plus an estimated natural-gas equivalent for J/GJ heat readings.","La configuration Énergie reconnaît maintenant les capteurs MQTT SmartGateways et DSMR Reader. Choisir un appareil source remplit de nouveau les capteurs séparés. Le chauffage urbain dispose de réglages, d’une tuile, d’un onglet détaillé et d’une estimation en équivalent gaz pour les valeurs J/GJ.",
cr_whats_new_beta_10,array,4,"Calendar widget dialogs now use the available height correctly, fixing content that previously occupied only half the settings dialog or was cut off.",Les fenêtres du widget Calendrier utilisent correctement toute la hauteur disponible : leur contenu n’occupe plus seulement la moitié et n’est plus coupé.,
cr_whats_new_beta_10,array,5,"Re-import settings now use one consistently spelled and localized label across Rooms, Climate, Security, Energy, and Battery. Conditional visibility wording was also corrected in every supported language.","Les réglages de réimportation utilisent désormais le même libellé correctement orthographié et traduit dans Pièces, Climat, Sécurité, Énergie et Batterie. La terminologie de visibilité conditionnelle a aussi été corrigée dans toutes les langues prises en charge.",
cr_whats_new_beta_10,array,6,"Fixed PostNL and the current parcel-integration parser, so incoming shipments once again show their complete tracking details and delivered state. Carrier support has also been brought up to date.",La rotation de l’écran suit désormais le réglage de rotation automatique de l’appareil au lieu de rester bloquée en portrait.,
cr_whats_new_beta_10,array,7,"Added an in-app language selector with full coverage in 13 languages: Dutch, German, French, Spanish (plus Latin American Spanish), Italian, Turkish, Portuguese (plus Brazilian Portuguese), Japanese, Korean, and Chinese (Simplified and Traditional). Each language shows its native name with an English hint beneath it.","La tuile Climat « Extérieur » apparaît avec un appareil météo même sans capteurs dédiés, compte ses attributs de température, d’humidité et de pression dans le résumé et les trace avec les couleurs de capteur correspondantes.",
cr_whats_new_beta_10,array,8,"The reconnect status now shows the actual connection error, making Wi-Fi, mobile-data, and VPN handovers much easier to diagnose.","Les codes d’état des colis deviennent des phrases normales. Dates et heures suivent la langue et le format 12/24 h, les livraisons proches utilisent les jours de la semaine, l’année en cours est omise et une même date n’est plus répétée.",
cr_whats_new_beta_10,array,9,Screen rotation now follows your device’s auto-rotate setting instead of staying locked to portrait.,Correction de PostNL et de l’analyseur actuel des intégrations de colis : les envois entrants affichent de nouveau toutes les informations de suivi et leur état de livraison. La prise en charge des transporteurs a également été mise à jour.,
cr_whats_new_beta_10,array,10,"The Climate ""Outside"" tile now appears as soon as a weather device is linked, even without dedicated sensors, counts its temperature, humidity and pressure attributes in the summary, and graphs them with matching sensor colors.",Le sélecteur de langue intégré couvre désormais entièrement les 13 langues prises en charge. Chacune affiche son nom natif avec une indication en anglais dessous.,
cr_whats_new_beta_10,array,11,"Parcel status codes are now normal sentences. Dates and times follow the selected language and 12/24-hour preference, nearby deliveries use weekday names, the current year is omitted, and same-day windows no longer repeat the date.","L’état de reconnexion affiche désormais l’erreur de connexion réelle, ce qui facilite le diagnostic lors du passage entre Wi-Fi, données mobiles et VPN.",
cr_whats_new_beta_9,array,1,"Drag to reorder cameras, thermostats, and energy cards. In edit mode the Security, Climate, and Energy views each get a Reorder button for their relevant cards.","Réorganise les caméras, thermostats et cartes Énergie par glisser-déposer. En mode édition, les vues Sécurité, Climat et Énergie disposent chacune d’un bouton Réorganiser.",
cr_whats_new_beta_9,array,2,"New Climate Outside tile. Link a weather entity or outdoor temperature, humidity, and air-pressure sensors, then open the tile for individual history graphs.","Nouvelle tuile Extérieur dans Climat. Associe une entité météo ou des capteurs extérieurs de température, d’humidité et de pression, puis ouvre la tuile pour afficher leurs graphiques d’historique.",
cr_whats_new_beta_9,array,3,"Visibility now belongs to each button and header badge. Hide an item or schedule it once or on a daily, weekly, monthly, or yearly recurrence.","La visibilité se règle désormais pour chaque bouton et badge d’en-tête. Masque un élément ou programme-le une fois, chaque jour, semaine, mois ou année.",
cr_whats_new_beta_9,array,4,Header badges can be renamed from Appearance settings.,Les badges d’en-tête peuvent être renommés dans les paramètres d’apparence.,
cr_whats_new_beta_9,array,5,Swiping cards autoplay every three seconds by default.,Les cartes à faire défiler passent automatiquement toutes les trois secondes par défaut.,
cr_whats_new_beta_9,array,6,"The Weather dialog adds autoplay for Season, a windrose card, and an optional rain-map card from a camera or embedded web page.","La boîte de dialogue Météo ajoute la lecture automatique pour Saison, une rose des vents et une carte de pluie facultative issue d’une caméra ou d’une page web intégrée.",
cr_whats_new_beta_9,array,7,"The Parcels widget was rebuilt around carriers, with logos, account totals, shipment sections, estimates, tracking history, and add-by-tracking support where available.","Le widget Colis a été reconstruit autour des transporteurs, avec logos, totaux par compte, sections d’envois, estimations, historique de suivi et ajout par numéro de suivi lorsque disponible.",
cr_whats_new_beta_9,array,8,"Humidifiers and dehumidifiers now have native power, humidity, mode, speed, and helper controls throughout the app.","Les humidificateurs et déshumidificateurs disposent maintenant de commandes natives pour l’alimentation, l’humidité, le mode, la vitesse et les fonctions auxiliaires dans toute l’application.",
cr_whats_new_beta_9,array,9,Room status counters are interactive and open the entities behind each count.,Les compteurs d’état des pièces sont interactifs et ouvrent les entités correspondant à chaque nombre.,
cr_whats_new_beta_9,array,10,Buttons and badges can show a live countdown from a completion-time entity.,Les boutons et badges peuvent afficher un compte à rebours en direct à partir d’une entité d’heure de fin.,
cr_whats_new_beta_9,array,11,Shared dashboards publish owner edits automatically and recipients receive them on their next sync.,"Les tableaux de bord partagés publient automatiquement les modifications du propriétaire, que les destinataires reçoivent à leur prochaine synchronisation.",
cr_whats_new_beta_9,array,12,Header display settings now belong to each dashboard and travel through backups and family sharing.,Les paramètres d’affichage de l’en-tête sont propres à chaque tableau de bord et sont inclus dans les sauvegardes et le partage familial.,
cr_whats_new_beta_9,array,13,Camera widgets fill the entire tile and follow the configured corner radius.,Les widgets Caméra remplissent toute la tuile et respectent le rayon d’angle configuré.,
cr_whats_new_beta_9,array,14,"Waste collections on the same day now overlap visibly, and the larger dialog can be dismissed by tapping outside.","Les collectes de déchets du même jour se chevauchent désormais visiblement, et la grande boîte de dialogue peut être fermée en appuyant à l’extérieur.",
cr_whats_new_beta_9,array,15,"Battery, Waste, camera, weather, and About visuals are now more consistent.","Les visuels des batteries, déchets, caméras, de la météo et de la page À propos sont maintenant plus cohérents.",
cr_whats_new_beta_9,array,16,"Binary sensors use Home Assistant-style Open/Closed, Wet/Dry, Detected/Clear, and Connected/Disconnected labels.","Les capteurs binaires utilisent les libellés de Home Assistant : Ouvert/Fermé, Humide/Sec, Détecté/Dégagé et Connecté/Déconnecté.",don't translate Home Assistant
cr_whats_new_beta_9,array,17,"Aesthetic-only editors can change existing badge visuals but cannot add, remove, or reconfigure badges.","Les éditeurs limités à l’esthétique peuvent modifier l’apparence des badges existants, mais pas en ajouter, en supprimer ni les reconfigurer.",
cr_whats_new_beta_9,array,18,Fixed network handovers: sockets tied to the old Android network are discarded and the saved Home Assistant session reconnects without an unnecessary login. Reconnect status also shows the failure reason.,Correction des changements de réseau : les sockets liés à l’ancien réseau Android sont abandonnés et la session Home Assistant enregistrée se reconnecte sans connexion manuelle inutile. L’état de reconnexion affiche aussi la cause de l’échec.,don't translate Home Assistant
cr_whats_new_beta_8,array,1,Child locks are no longer imported automatically as room controls.,Les verrouillages enfants ne sont plus importés automatiquement comme commandes de pièce.,
cr_whats_new_beta_8,array,2,Every button and badge now honours Home Assistant entity-icon overrides.,Tous les boutons et badges respectent désormais les icônes d’entité personnalisées de Home Assistant.,don't translate Home Assistant
cr_whats_new_beta_8,array,3,Vacuums now appear in the room badge bar and open their controls when tapped.,Les aspirateurs apparaissent dans la barre de badges de la pièce et ouvrent leurs commandes lors d’un appui.,
cr_whats_new_beta_8,array,4,"Individual buttons in multi-item widgets can be hidden or scheduled, including recurring annual date ranges.","Chaque bouton d’un widget comportant plusieurs éléments peut être masqué ou programmé, y compris avec des plages de dates annuelles récurrentes.",
cr_whats_new_beta_8,array,5,Multiple camera badges now open one swipeable dialog with fullscreen paging.,Plusieurs badges de caméra ouvrent désormais une boîte de dialogue navigable par balayage avec affichage plein écran.,
cr_whats_new_beta_8,array,6,"Family Sharing now lists cloud-published dashboards so they can be imported, reshared, or deleted after a reinstall.","Le partage familial répertorie désormais les tableaux de bord publiés dans le cloud afin de pouvoir les importer, les repartager ou les supprimer après une réinstallation.",
cr_whats_new_beta_7,array,1,Automatic room import now skips built-in helper controls while retaining genuine extra controls.,L’importation automatique des pièces ignore désormais les commandes auxiliaires intégrées tout en conservant les véritables commandes supplémentaires.,
cr_whats_new_beta_7,array,2,Climate devices from different integrations are no longer merged into one control.,Les appareils de climatisation provenant d’intégrations différentes ne sont plus regroupés dans une même commande.,
cr_whats_new_beta_7,array,3,"Climate-device icons now match air conditioners, humidifiers, dehumidifiers, and air purifiers.","Les icônes des appareils de climatisation correspondent maintenant aux climatiseurs, humidificateurs, déshumidificateurs et purificateurs d’air.",
cr_whats_new_beta_7,array,4,Air-purifier and humidifier icons pulse gently instead of spinning.,Les icônes des purificateurs d’air et humidificateurs pulsent doucement au lieu de tourner.,
cr_whats_new_beta_7,array,5,Door locks now use closed-door and open-door icons.,Les serrures de porte utilisent maintenant des icônes de porte fermée et ouverte.,
cr_whats_new_beta_7,array,6,Multi-device header badges can be reordered to choose their leading entity.,Les badges d’en-tête comportant plusieurs appareils peuvent être réorganisés afin de choisir l’entité principale.,
cr_whats_new_beta_7,array,7,Animated icon effects are enabled by default on new installations.,Les effets d’icônes animées sont activés par défaut sur les nouvelles installations.,
cr_whats_new_beta_7,array,8,Buttons and badges can display an entity attribute and optional unit instead of its state.,Les boutons et badges peuvent afficher un attribut d’entité et une unité facultative à la place de son état.,
cr_whats_new_beta_7,array,9,"Dashboards can now be copied with all rooms, widgets, and page settings.","Les tableaux de bord peuvent être copiés avec toutes leurs pièces, widgets et paramètres de page.",
cr_whats_new_beta_7,array,10,"Family Sharing now combines parental controls, dashboard sharing, and per-user permissions.","Le partage familial réunit maintenant le contrôle parental, le partage de tableaux de bord et les autorisations par utilisateur.",
cr_whats_new_beta_7,array,11,Shared dashboards update automatically while keeping allowed local visual changes.,Les tableaux de bord partagés se mettent à jour automatiquement tout en conservant les modifications visuelles locales autorisées.,
cr_whats_new_beta_7,array,12,Non-admin family members can use automatic per-room Adaptive Lighting controls when the HKI 7 Cloud component is installed.,Les membres non administrateurs peuvent utiliser les commandes automatiques d’Éclairage adaptatif par pièce lorsque le composant HKI 7 Cloud est installé.,don't translate HKI 7 Cloud
cr_whats_new_beta_7,array,13,Fixed unreadable header and pull-down labels in light mode and with custom appearances.,Correction des libellés d’en-tête et de volet déroulant illisibles en mode clair et avec des apparences personnalisées.,
cr_whats_new_beta_7,array,14,About now provides What’s new and Full changelog buttons.,La page À propos propose désormais les boutons Nouveautés et Journal complet des modifications.,
cr_whats_new_beta_7,array,15,Fixed the Unable to connect screen so it appears reliably when Home Assistant cannot be reached.,Correction de l’écran Impossible de se connecter afin qu’il apparaisse correctement lorsque Home Assistant est inaccessible.,don't translate Home Assistant
cr_whats_new_beta_6,array,1,Fixed edit-mode action bars overlapping Android three-button navigation.,Correction des barres d’action du mode édition qui chevauchaient la navigation Android à trois boutons.,
cr_whats_new_beta_6,array,2,The Backup and Restore screen now shows when each automatic cloud backup last ran.,L’écran Sauvegarde et restauration indique maintenant la dernière exécution de chaque sauvegarde automatique dans le cloud.,
cr_whats_new_beta_6,array,3,Each cloud backup now has a Back up now button.,Chaque sauvegarde cloud dispose désormais d’un bouton Sauvegarder maintenant.,
cr_whats_new_beta_6,array,4,Fixed the oversized app icon after the themed-icon update.,Correction de l’icône d’application surdimensionnée après la mise à jour des icônes thématiques.,
cr_whats_new_beta_4_to_5,array,1,The Backup and Restore screen now shows when each automatic cloud backup last ran.,L’écran Sauvegarde et restauration indique maintenant la dernière exécution de chaque sauvegarde automatique dans le cloud.,
cr_whats_new_beta_4_to_5,array,2,Each cloud backup now has a Back up now button.,Chaque sauvegarde cloud dispose désormais d’un bouton Sauvegarder maintenant.,
cr_whats_new_beta_4_to_5,array,3,Fixed the oversized app icon after the themed-icon update.,Correction de l’icône d’application surdimensionnée après la mise à jour des icônes thématiques.,
cr_whats_new_beta_3,array,1,"Added Simple Icons, Tabler, and Phosphor icon packs alongside Material Design Icons.","Ajout des packs d’icônes Simple Icons, Tabler et Phosphor aux côtés de Material Design Icons.",
cr_whats_new_beta_3,array,2,"Added animated entity icons that glow, spin, or pulse while active.","Ajout d’icônes d’entité animées qui brillent, tournent ou pulsent lorsqu’elles sont actives.",
cr_whats_new_beta_3,array,3,Added family dashboard sharing for admins.*,Ajout du partage familial des tableaux de bord pour les administrateurs.*,
cr_whats_new_beta_3,array,4,Added parental controls that can hide selected views and rooms for specific people.*,Ajout d’un contrôle parental permettant de masquer certaines vues et pièces à des personnes précises.*,
cr_whats_new_beta_3,array,5,Added automatic daily backup to your own Home Assistant.*,Ajout d’une sauvegarde quotidienne automatique vers ton propre Home Assistant.*,don't translate Home Assistant
cr_whats_new_beta_3,array,6,Media-source icons are colored and can open the installed source app.,Les icônes des sources multimédias sont colorées et peuvent ouvrir l’application source installée.,
cr_whats_new_beta_3,array,7,New iFrame widget for embedding web pages.,Nouveau widget iFrame pour intégrer des pages web.,
cr_whats_new_beta_3,array,8,Energy views now show negative values while exporting power.,Les vues Énergie affichent désormais les valeurs négatives lors de l’exportation d’électricité.,
cr_whats_new_beta_3,array,9,Fixed onboarding completing when switching away before finishing.,Correction de l’intégration initiale qui se terminait en quittant l’écran avant sa fin.,
cr_whats_new_beta_3,array,10,Fixed the thermostat-dial mode button overlapping nearby items.,Correction du bouton de mode du cadran de thermostat qui chevauchait les éléments voisins.,
cr_whats_new_beta_3,array,11,Many smaller bug fixes.,De nombreux correctifs mineurs.,
cr_whats_new_beta_3,array,12,* HKI 7 Cloud Component integration required.,* Intégration HKI 7 Cloud Component requise.,don't translate HKI 7 Cloud
cr_whats_new_beta_2,array,1,"Improved layouts on short and narrow displays, with a single-column fallback throughout the app.","Amélioration des dispositions sur les écrans courts et étroits, avec une présentation en une colonne dans toute l’application.",
cr_whats_new_beta_2,array,2,Dialog headers use two rows on narrow screens so titles are no longer cut off.,"Sur les écrans étroits, les en-têtes des boîtes de dialogue utilisent deux lignes afin que les titres ne soient plus tronqués.",
cr_whats_new_beta_2,array,3,Fixed Adaptive Lighting sliders overlapping other elements.,Correction des curseurs Éclairage adaptatif qui chevauchaient d’autres éléments.,
cr_whats_new_beta_2,array,4,Navigation bars now indicate when more items are available off-screen.,Les barres de navigation indiquent désormais lorsque d’autres éléments sont disponibles hors écran.,
cr_whats_new_beta_2,array,5,Fixed cameras ignoring the screen-orientation lock.,Correction des caméras qui ignoraient le verrouillage de l’orientation de l’écran.,
cr_whats_new_beta_2,array,6,Fixed zoom in camera dialogs and fullscreen cameras.,Correction du zoom dans les boîtes de dialogue de caméra et les caméras en plein écran.,
global_search_browse_entities,plural,one,Browse %1$d entity on this device,Parcourir %1$d entité sur cet appareil,keep %1$d
global_search_browse_entities,plural,other,Browse %1$d entities on this device,Parcourir %1$d entités sur cet appareil,keep %1$d
global_search_entity_count,plural,one,%1$d entity,%1$d entité,keep %1$d
global_search_entity_count,plural,other,%1$d entities,%1$d entités,keep %1$d
rooms_count,plural,one,%1$d room,%1$d pièce,keep %1$d
rooms_count,plural,other,%1$d rooms,%1$d pièces,keep %1$d
core_system,string,,System,Système,
core_greeting_morning,string,,Good Morning,Bonjour,
core_greeting_afternoon,string,,Good Afternoon,Bon après-midi,
core_greeting_evening,string,,Good Evening,Bonsoir,
core_greeting_night,string,,Good Night,Bonne nuit,
core_last_seen_just_now,string,,Last seen just now,Vu à l’instant,
core_no_media_playing,string,,No media is playing,Aucun média n’est en cours de lecture,
core_media_players_playing,plural,one,%1$d media player is playing,%1$d lecteur multimédia est en cours de lecture,keep %1$d
core_media_players_playing,plural,other,%1$d media players are playing,%1$d lecteurs multimédias sont en cours de lecture,keep %1$d
core_last_seen_minutes,plural,one,Last seen %1$d minute ago,Vu il y a %1$d minute,keep %1$d
core_last_seen_minutes,plural,other,Last seen %1$d minutes ago,Vu il y a %1$d minutes,keep %1$d
core_last_seen_hours,plural,one,Last seen %1$d hour ago,Vu il y a %1$d heure,keep %1$d
core_last_seen_hours,plural,other,Last seen %1$d hours ago,Vu il y a %1$d heures,keep %1$d
core_last_seen_days,plural,one,Last seen %1$d day ago,Vu il y a %1$d jour,keep %1$d
core_last_seen_days,plural,other,Last seen %1$d days ago,Vu il y a %1$d jours,keep %1$d
core_last_seen_weeks,plural,one,Last seen %1$d week ago,Vu il y a %1$d semaine,keep %1$d
core_last_seen_weeks,plural,other,Last seen %1$d weeks ago,Vu il y a %1$d semaines,keep %1$d
dlg_1_advanced_shorthand_block_kept_unchanged,string,,1 advanced shorthand block (kept unchanged),1 bloc de sténographie avancé (conservé inchangé),
dlg_24_hour_format,string,,24-Hour Format,Format 24 heures,
dlg_action_count,string,,%1$s action,Action %1$s,keep %1$s
dlg_action,string,,Action,Action,
dlg_action_data,string,,Action data,Données d'action,
dlg_action_data_object,string,,Action data object,Objet de données d'action,
dlg_action_details,string,,Action details,Détails de l'action,
dlg_adapt_now,string,,Adapt now,Adaptez-vous maintenant,
dlg_adaptive_lighting,string,,Adaptive Lighting,Éclairage adaptatif,
dlg_adaptive_lighting_is_unavailable,string,,Adaptive Lighting is unavailable,L'éclairage adaptatif n'est pas disponible,
dlg_add_4_10_entity_buttons_to_this_dialog_s,string,,Add 4–10 entity buttons to this dialog's nav bar.,Ajoutez 4 à 10 boutons d'entité à la barre de navigation de cette boîte de dialogue.,
dlg_add,string,,Add,Ajouter,
dlg_add_at_least_one_step,string,,Add at least one step,Ajouter au moins une étape,
dlg_add_button,string,,Add button,Bouton Ajouter,
dlg_add_custom_buttons,string,,Add Custom Buttons,Ajouter des boutons personnalisés,
dlg_add_more_for_a_full_row,string,,Add %1$s more for a full row.,Ajoutez %1$s supplémentaires pour une ligne complète.,keep %1$s
dlg_add_to,string,,Add to %1$s,Ajouter à %1$s,keep %1$s
dlg_advanced,string,,Advanced,Avancé,
dlg_advanced_action_data_json,string,,Advanced action data (JSON),Données d'action avancées (JSON),
dlg_advanced_shorthand_blocks_kept_unchanged,string,,%1$s advanced shorthand blocks (kept unchanged),%1$s blocs de sténographie avancés (conservés inchangés),keep %1$s
dlg_alarm_entities,string,,Alarm entities,Entités d'alarme,
dlg_alarm_pending,string,,Alarm pending,Alarme en attente,
dlg_alignment,string,,Alignment,Alignement,
dlg_always,string,,Always,Toujours,
dlg_any_state,string,,Any state,N'importe quel état,
dlg_appearance,string,,Appearance,Apparence,
dlg_apply,string,,Apply,Appliquer,
dlg_aspect_ratio,string,,Aspect ratio,Rapport hauteur/largeur,
dlg_astronomical_tap_or_swipe,string,,Astronomical · tap or swipe,Astronomique · appuyez ou faites glisser votre doigt,
dlg_auto,string,,Auto,Auto,
dlg_auto_none,string,,Auto / none,Automatique / aucun,
dlg_auto_scan,string,,Auto-scan,Analyse automatique,
dlg_automation,string,,Automation,Automation,
dlg_back,string,,Back,Dos,
dlg_backspace,string,,Backspace,Retour arrière,
dlg_badge_bar_layout,string,,Badge bar layout,Disposition de la barre de badges,
dlg_batt,string,,Batt,Batte,
dlg_battery_value,string,,Battery: %1$s,Batterie : %1$s,keep %1$s
dlg_built_in,string,,Built-in,Intégré,
dlg_cancel,string,,Cancel,Annuler,
dlg_cancel_arming,string,,Cancel arming,Annuler l'armement,
dlg_change,string,,Change,Changement,
dlg_choose_a_side_when_the_badge_bar_is_split,string,,Choose a side when the badge bar is split,Choisissez un côté lorsque la barre de badge est divisée,
dlg_choose_a_state,string,,Choose a state,Choisissez un état,
dlg_condition,string,,Condition,Condition,
dlg_condition_is,string,,Is,Est,
dlg_condition_is_not,string,,Is not,N'est-ce pas,
dlg_condition_state,string,,State,État,
dlg_vis_and,string,,AND,ET,
dlg_vis_conditional,string,,Conditional,Conditionnel,
dlg_vis_entity_state,string,,Entity state,État de l’entité,
dlg_vis_person,string,,Person,Personne,
dlg_visible,string,,Visible,Visible,
dlg_choose_person,string,,Choose person,Choisir une personne,
dlg_person_condition_hint,string,,Matches the signed-in Home Assistant user. This rule travels with a shared dashboard.,Correspond à l’utilisateur Home Assistant connecté. Cette règle accompagne un tableau de bord partagé.,don't translate Home Assistant
dlg_person_requires_hki7_cloud,string,,Person visibility requires the HKI 7 Cloud component. Install it to select Home Assistant users here.,La visibilité par personne nécessite le composant HKI 7 Cloud. Installez-le pour choisir ici les utilisateurs Home Assistant.,"don't translate HKI 7 Cloud, Home Assistant"
dlg_vis_match,string,,Match,Correspondre,
dlg_vis_match_all,string,,All rules,Toutes les règles,
dlg_vis_match_any,string,,Any rule,N'importe quelle règle,
dlg_vis_or,string,,OR,OU,
dlg_vis_time_schedule,string,,Time schedule,Horaire,
dlg_choose_a_visual_home_assistant_block,string,,Choose a visual Home Assistant block,Choisissez un bloc visuel Home Assistant,don't translate Home Assistant
dlg_choose_action,string,,Choose action,Choisir une action,
dlg_choose_an_action,string,,Choose an action,Choisissez une action,
dlg_choose_an_entity,string,,Choose an entity,Choisissez une entité,
dlg_choose_an_entity_first,string,,Choose an entity first,Choisissez d'abord une entité,
dlg_choose_entity,string,,Choose entity,Choisir l'entité,
dlg_choose_the_home_assistant_entities_that_drive_this_room,string,,Choose the Home Assistant entities that drive this room's live indicators. Indicators only appear while they are active.,Choisissez les entités Home Assistant qui pilotent les indicateurs en direct de cette pièce. Les indicateurs n'apparaissent que lorsqu'ils sont actifs.,don't translate Home Assistant
dlg_choose_the_profile_for_this_light,string,,Choose the profile for this light,Choisissez le profil de ce luminaire,
dlg_choose_what_this_action_should_control,string,,Choose what this action should control,Choisissez ce que cette action doit contrôler,
dlg_choose_what_this_badge_summarizes,string,,Choose what this badge summarizes,Choisissez ce que résume ce badge,
dlg_choose_what_this_header_pill_shows,string,,Choose what this header pill shows,Choisissez ce que montre cette pilule d'en-tête,
dlg_clear,string,,Clear,Clair,
dlg_clear_rooms_view,string,,Clear rooms view?,Vue dégagée des chambres ?,
dlg_climate_dialog_control,string,,Climate dialog control,Contrôle du dialogue climatique,
dlg_climate_sources_take_priority_and_use_their_current_temper,string,,Climate sources take priority and use their current_temperature and current_humidity values. ,Les sources climatiques sont prioritaires et utilisent leurs valeurs current_temperature et current_humidity.,keep the space at the start/end
dlg_climate_summary,string,,Climate summary,Résumé climatique,
dlg_close,string,,Close,Fermer,
dlg_confirm,string,,Confirm,Confirmer,
dlg_controls_light_in_this_profile,string,,Controls %1$s light%2$s in this profile.,Contrôle la lumière %1$s%2$s dans ce profil.,keep %1$s %2$s
dlg_countdown_timer,string,,Countdown timer,Compte à rebours,
dlg_create_a_flow,string,,Create a flow,Créer un flux,
dlg_current,string,,Current %1$s%%,Actuel %1$s%%,keep %1$s
dlg_current_weather,string,,Current weather,Météo actuelle,
dlg_custom,string,,Custom,Coutume,
dlg_custom_buttons,string,,Custom buttons,Boutons personnalisés,
dlg_custom_value,string,,Custom %1$s,Personnalisé %1$s,keep %1$s
dlg_custom_name,string,,Custom name,Nom personnalisé,
dlg_custom_seconds,string,,Custom seconds,Secondes personnalisées,
dlg_custom_state,string,,Custom state...,État personnalisé...,
dlg_date,string,,Date,Date,
dlg_day_to,string,,%1$s day%2$s to %3$s,%1$s jour%2$s au %3$s,keep %1$s %2$s %3$s
dlg_delete_automation,string,,Delete automation?,Supprimer l'automatisation ?,
dlg_delete,string,,Delete,Supprimer,
dlg_description,string,,Description,Description,
dlg_details,string,,Details,Détails,
dlg_device_value,string,,Device: %1$s,Appareil : %1$s,keep %1$s
dlg_device,string,,Device,Appareil,
dlg_direction,string,,Direction —,Direction -,
dlg_display,string,,Display,Afficher,
dlg_display_linked_entities_and_dialog_layout,string,,"Display, linked entities, and dialog layout","Affichage, entités liées et disposition des boîtes de dialogue",
dlg_display_mode,string,,Display mode,Mode d'affichage,
dlg_display_order,string,,Display order,Ordre d'affichage,
dlg_done,string,,Done,Fait,
dlg_door_sensors,string,,Door sensors,Capteurs de porte,
dlg_edit,string,,Edit,Modifier,
dlg_empty_bin,string,,Empty bin: %1$s,Corbeille vide : %1$s,keep %1$s
dlg_end,string,,End: %1$s,Fin : %1$s,keep %1$s
dlg_enter_a_valid_json_object,string,,Enter a valid JSON object,Entrez un objet JSON valide,
dlg_enter_code,string,,Enter code,Entrez le code,
dlg_enter_the_same_data_object_home_assistant_shows_in,string,,Enter the same data object Home Assistant shows in YAML. JSON is used here so values keep their exact type.,Saisissez le même objet de données que Home Assistant affiche dans YAML. JSON est utilisé ici afin que les valeurs conservent leur type exact.,don't translate Home Assistant
dlg_entities_count,string,,Entities (%1$s),Entités (%1$s),keep %1$s
dlg_entities_appearance_and_interactions,string,,"Entities, appearance, and interactions","Entités, apparence et interactions",
dlg_entities,string,,Entities,Entités,
dlg_entities_that_signal_activity_or_safety_states,string,,Entities that signal activity or safety states,Entités qui signalent une activité ou des états de sécurité,
dlg_entity_integrations,string,,Entity integrations,Intégrations d'entités,
dlg_entity_name,string,,Entity name,Nom de l'entité,
dlg_entity_picture,string,,Entity picture,Image de l'entité,
dlg_event,string,,Event,Événement,
dlg_exact_text_or_number_reported_by_home_assistant,string,,Exact text or number reported by Home Assistant,Texte ou numéro exact rapporté par Home Assistant,don't translate Home Assistant
dlg_exit_full_screen,string,,Exit full screen,Quitter le plein écran,
dlg_floor,string,,Floor,Sol,
dlg_floor_assignment,string,,Floor assignment,Affectation des étages,
dlg_flows,string,,Flows,Flux,
dlg_forecast,string,,Forecast,Prévision,
dlg_forget_selection,string,,Forget selection,Oublier la sélection,
dlg_forward,string,,Forward,Avant,
dlg_from,string,,From %1$s,De %1$s,keep %1$s
dlg_from_state,string,,From state,De l'état,
dlg_full_day_name,string,,Full Day Name,Nom de la journée complète,
dlg_group_light_paused_for_manual_control,string,,%1$s group light%2$s paused for manual control.,%1$s groupe lumineux%2$s en pause pour le contrôle manuel.,keep %1$s %2$s
dlg_header_appearance,string,,Header appearance,Apparition de l'en-tête,
dlg_header_custom_color_rrggbb,string,,Header custom color (#RRGGBB),Couleur personnalisée de l'en-tête (#RRGGBB),
dlg_header_pill,string,,Header pill,Pilule d'en-tête,
dlg_hidden,string,,Hidden,Caché,
dlg_hidden_during,string,,Hidden during,Caché pendant,
dlg_hide_this_badge_or_schedule_when_it_appears,string,,"Hide this badge, or schedule when it appears",Masquer ce badge ou programmer son apparition,
dlg_https,string,,https://…,https://…,
dlg_humidity,string,,Humidity,Humidité,
dlg_icon,string,,Icon,Icône,
dlg_icon_animation,string,,Icon animation,Animation d'icônes,
dlg_icon_value,string,,Icon: %1$s,Icône : %1$s,keep %1$s
dlg_identity,string,,Identity,Identité,
dlg_identity_presentation_indicators_and_maintenance,string,,"Identity, presentation, indicators, and maintenance","Identité, présentation, indicateurs et maintenance",
dlg_import_only_rooms_that_have_not_been_edited_or,string,,"Import only rooms that have not been edited, or rebuild everything. Rebuilding removes all edited rooms and floors before importing them from scratch.",Importez uniquement les pièces qui n'ont pas été modifiées ou reconstruisez tout. La reconstruction supprime toutes les pièces et tous les étages modifiés avant de les importer à partir de zéro.,
dlg_import_unedited,string,,Import unedited,Importer sans modification,
dlg_interactions,string,,Interactions,Interactions,
dlg_is,string,, is,est,keep the space at the start/end
dlg_items,string,,%1$s items,%1$s articles,keep %1$s
dlg_last_run,string,,Last run %1$s,Dernière exécution %1$s,keep %1$s
dlg_left,string,,Left,Gauche,
dlg_left_side_overflows_right,string,,Left side overflows right,Le côté gauche déborde à droite,
dlg_live,string,,Live,En direct,
dlg_live_uppercase,string,,LIVE,EN DIRECT,
dlg_live_indicators,string,,Live indicators,Indicateurs en direct,
dlg_loading_actions,string,,Loading actions…,Chargement des actions…,
dlg_lunar_phase,string,,Lunar phase,Phase lunaire,
dlg_map,string,,Map,Carte,
dlg_map_value,string,,Map: %1$s,Carte : %1$s,keep %1$s
dlg_media,string,,Media,Médias,
dlg_media_browsing_isn_t_available_for_this_player,string,,Media browsing isn't available for this player.,La navigation multimédia n'est pas disponible pour ce lecteur.,
dlg_media_library,string,,Media library,Médiathèque,
dlg_media_players,string,,Media players,Lecteurs multimédias,
dlg_meteorological_tap_or_swipe,string,,Meteorological · tap or swipe,Météorologique · appuyez ou faites glisser votre doigt,
dlg_mm,string,,%1$s mm,%1$s mm,keep %1$s
dlg_modes,string,,Modes,Modes,
dlg_moon,string,,Moon,Lune,
dlg_move_down,string,,Move down,Descendre,
dlg_move_up,string,,Move up,Monter,
dlg_multiple_climate_values_are_averaged_separate_sensor_value,string,,Multiple climate values are averaged. Separate sensor values are averaged only when no climate source is selected.,Plusieurs valeurs climatiques sont moyennées. Les valeurs des capteurs séparés sont moyennées uniquement lorsqu'aucune source climatique n'est sélectionnée.,
dlg_name,string,,Name,Nom,
dlg_name_and_icon_used_throughout_the_app,string,,Name and icon used throughout the app,Nom et icône utilisés dans toute l'application,
dlg_name_optional,string,,Name (optional),Nom (facultatif),
dlg_native_home_assistant_automations_always_in_sync,string,,"Native Home Assistant automations, always in sync","Automatisations Native Home Assistant, toujours synchronisées",don't translate Home Assistant
dlg_never_triggered,string,,Never triggered,Jamais déclenché,
dlg_new_flow,string,,New flow,Nouveau flux,
dlg_next_camera,string,,Next camera,Caméra suivante,
dlg_no_conditions_this_flow_always_continues,string,,No conditions — this flow always continues,Aucune condition - ce flux continue toujours,
dlg_no_door_sensor,string,,No door sensor,Pas de capteur de porte,
dlg_no_forecast_available,string,,No forecast available,Aucune prévision disponible,
dlg_no_matching_automations,string,,No matching automations,Aucune automatisation correspondante,
dlg_no_native_home_assistant_automations_found,string,,No native Home Assistant automations found,Aucune automatisation native de Home Assistant trouvée,don't translate Home Assistant
dlg_no_profile_available,string,,No profile available,Aucun profil disponible,
dlg_no_stream_available,string,,No stream available,Aucun flux disponible,
dlg_no_supported_alarm_modes_reported_by_this_entity,string,,No supported alarm modes reported by this entity,Aucun mode d'alarme pris en charge signalé par cette entité,
dlg_no_target,string,,No target,Pas de cible,
dlg_none,string,,None,Aucun,
dlg_none_timer_follows_the_completion_time_only,string,,None — timer follows the completion time only,Aucun — le minuteur suit uniquement l'heure d'achèvement,
dlg_not_loaded_by_home_assistant,string,,Not loaded by Home Assistant,Non chargé par Home Assistant,don't translate Home Assistant
dlg_nothing_here,string,,Nothing here.,Rien ici.,
dlg_off_uppercase,string,,OFF,DÉSACTIVÉ,
dlg_off,string,,Off,Désactivé,
dlg_on_uppercase,string,,ON,SUR,
dlg_on,string,,On,Sur,
dlg_percent_on,string,,%1$s%% • ON,%1$s%% • ACTIVÉ,keep %1$s
dlg_open_camera_full_screen,string,,Open camera full screen,Ouvrir la caméra en plein écran,
dlg_open,string,,Open,Ouvrir,
dlg_optional_controls_and_sensors_for_richer_dialogs,string,,Optional controls and sensors for richer dialogs,Commandes et capteurs en option pour des dialogues plus riches,
dlg_optional_fields_passed_to_home_assistant,string,,Optional fields passed to Home Assistant,Champs facultatifs transmis à Home Assistant,don't translate Home Assistant
dlg_optional_label_shown_when_name_is_enabled_above,string,,"Optional label shown when ""Name"" is enabled above",Étiquette facultative affichée lorsque « Nom » est activé ci-dessus,
dlg_oscillate,string,,Oscillate,Osciller,
dlg_pause,string,,Pause,Pause,
dlg_pause_adaptation,string,,Pause adaptation,Suspendre l'adaptation,
dlg_pending_timer,string,,Pending timer,Minuterie en attente,
dlg_pick_a_source_device_or_fine_tune_individual_roles,string,,Pick a source device or fine-tune individual roles,Choisissez un appareil source ou affinez les rôles individuels,
dlg_place_this_room_in_the_correct_floor_group,string,,Place this room in the correct floor group,Placez cette pièce dans le bon groupe d'étages,
dlg_placement,string,,Placement,Placement,
dlg_players_summarized_by_the_room_header_and_card,string,,Players summarized by the room header and card,Joueurs résumés par l'en-tête de la salle et la carte,
dlg_please_wait,string,,Please wait…,"S'il vous plaît, attendez…",
dlg_precipitation,string,,Precipitation,Précipitation,
dlg_presets_uppercase,string,,PRESETS,PRÉRÉGLAGES,
dlg_presets,string,,Presets,Préréglages,
dlg_previous_camera,string,,Previous camera,Caméra précédente,
dlg_profile,string,,Profile,Profil,
dlg_profile_switches_affect_every_light_assigned_to,string,,Profile switches affect every light assigned to %1$s.,Les commutateurs de profil affectent chaque lumière attribuée à %1$s.,keep %1$s
dlg_rain,string,,Rain,Pluie,
dlg_rain_map,string,,Rain map,Carte des pluies,
dlg_rain_map_url_iframe,string,,Rain map URL (iframe),URL de la carte de pluie (iframe),
dlg_re_import_rooms,string,,Re-import rooms,Réimporter des pièces,
dlg_read_only_home_assistant_automation,string,,Read-only Home Assistant automation,Automatisation de Home Assistant en lecture seule,don't translate Home Assistant
dlg_recipes_create_regular_home_assistant_automations_you_can,string,,Recipes create regular Home Assistant automations. You can continue editing them in either HKI7 or Home Assistant.,Les recettes créent des automatisations régulières de Home Assistant. Vous pouvez continuer à les modifier dans HKI7 ou Home Assistant.,"don't translate Home Assistant, HKI7"
dlg_remove,string,,Remove,Retirer,
dlg_remove_edits_and_import_all,string,,Remove edits and import all,Supprimer les modifications et tout importer,
dlg_repeat,string,,Repeat,Répéter,
dlg_repeats_every_day_only_the_time_of_day_is,string,,Repeats every day — only the time of day is used.,Se répète tous les jours — seule l'heure de la journée est utilisée.,
dlg_repeats_every_month_only_the_day_of_the_month,string,,Repeats every month — only the day of the month and time are used.,Se répète tous les mois — seuls le jour du mois et l'heure sont utilisés.,
dlg_repeats_every_week_only_the_weekday_and_time_are,string,,Repeats every week — only the weekday and time are used.,Se répète chaque semaine — seuls le jour et l'heure de la semaine sont utilisés.,
dlg_repeats_every_year_the_year_is_ignored_so_e,string,,"Repeats every year — the year is ignored, so e.g. 24–26 Dec recurs each Christmas.","Se répète chaque année - l'année est ignorée, donc par ex. Du 24 au 26 décembre se reproduit chaque Noël.",
dlg_required,string,, (required),(requis),keep the space at the start/end
dlg_required_state,string,,Required state,État requis,
dlg_resume_adaptation,string,,Resume adaptation,Reprendre l'adaptation,
dlg_resume,string,,Resume,CV,
dlg_reverse,string,,Reverse,Inverse,
dlg_right,string,,Right,Droite,
dlg_right_side_overflows_left,string,,Right side overflows left,Le côté droit déborde à gauche,
dlg_room_areas,string,,Room areas,Zones des chambres,
dlg_room_climate,string,,Room climate,Climat ambiant,
dlg_room_name,string,,Room name,Nom de la pièce,
dlg_run_mode,string,,Run mode,Mode exécution,
dlg_running_state_entity,string,,Running-state entity,Entité à l'état d'exécution,
dlg_s_are,string,,s are,les s sont,
dlg_save,string,,Save,Sauvegarder,
dlg_save_in_home_assistant,string,,Save in Home Assistant,Enregistrer dans Home Assistant,don't translate Home Assistant
dlg_saved_directly_in_the_native_automation,string,,Saved directly in the native automation,Enregistré directement dans l'automatisation native,
dlg_scheduled,string,,Scheduled,Programmé,
dlg_search_actions,string,,Search actions,Actions de recherche,
dlg_search_automations,string,,Search automations,Automatisations de recherche,
dlg_season,string,,Season,Saison,
dlg_select,string,,Select %1$s,Sélectionnez %1$s,keep %1$s
dlg_select_a_mode_to_continue,string,,Select a mode to continue,Sélectionnez un mode pour continuer,
dlg_select_battery_sensor,string,,Select Battery Sensor,Sélectionnez le capteur de batterie,
dlg_select_door_sensor,string,,Select Door Sensor,Sélectionnez le capteur de porte,
dlg_select_empty_bin_control,string,,Select Empty Bin Control,Sélectionnez le contrôle de la corbeille vide,
dlg_select_entities,string,,Select Entities,Sélectionner des entités,
dlg_select_entity,string,,Select Entity,Sélectionner une entité,
dlg_select_map_camera,string,,Select Map Camera,Sélectionnez la caméra cartographique,
dlg_select_media_players,string,,Select Media Players,Sélectionnez les lecteurs multimédias,
dlg_select_running_state_entity,string,,Select running-state entity,Sélectionnez l'entité en état d'exécution,
dlg_select_target_entity,string,,Select Target Entity,Sélectionnez l'entité cible,
dlg_select_the_alarm_panels_summarized_by_this_pill,string,,Select the alarm panels summarized by this pill,Sélectionnez les panneaux d'alarme résumés par cette pilule,
dlg_select_vacuum_entity,string,,Select Vacuum Entity,Sélectionnez l'entité de vide,
dlg_select_water_level,string,,Select Water Level,Sélectionnez le niveau d'eau,
dlg_selected,string,,%1$s · Selected,%1$s · Sélectionné,keep %1$s
dlg_set,string,,Set,Ensemble,
dlg_shape,string,,Shape,Forme,
dlg_shape_visible_information_and_icon_behavior,string,,"Shape, visible information, and icon behavior","Forme, informations visibles et comportement des icônes",
dlg_show_a_descending_timer_when_the_value_is_a,string,,"Show a descending timer when the value is a completion time (e.g. a washer/dryer finish time). Active while counting, off at zero.","Afficher une minuterie décroissante lorsque la valeur est une heure de fin (par exemple, une heure de fin de laveuse/sécheuse). Actif pendant le comptage, éteint à zéro.",
dlg_show_a_live_radar_rain_map_card_a_camera,string,,Show a live radar/rain map card — a camera entity or an embedded web page (iframe),Afficher une carte radar/pluie en direct – une entité de caméra ou une page Web intégrée (iframe),
dlg_show_badge_bar,string,,Show badge bar,Afficher la barre de badges,
dlg_show_the_entity_s_state_or_one_of_its,string,,"Show the entity's state, or one of its attributes instead.","Affichez plutôt l'état de l'entité, ou l'un de ses attributs.",
dlg_side_split_alignment,string,,Side (split alignment),Côté (alignement divisé),
dlg_snapshot,string,,Snapshot,Instantané,
dlg_span_badges,string,,Span badges,Insignes d'envergure,
dlg_speed,string,,SPEED,VITESSE,
dlg_start,string,,Start: %1$s,Début : %1$s,keep %1$s
dlg_start_with_a_useful_recipe_then_adjust_each_step,string,,"Start with a useful recipe, then adjust each step","Commencez par une recette utile, puis ajustez chaque étape",
dlg_state,string,,State,État,
dlg_state_text,string,,State text,Texte de l'état,
dlg_switch,string,,SWITCH,CHANGER,
dlg_tap_hold_and_dialog_quick_actions,string,,"Tap, hold, and dialog quick actions","Appuyez, maintenez et dialoguez avec des actions rapides",
dlg_target_range_percent,string,,TARGET (%1$s–%2$s%%),CIBLE (%1$s–%2$s%%),keep %1$s %2$s
dlg_target,string,,Target,Cible,
dlg_target_entity_optional,string,,Target entity (optional),Entité cible (facultatif),
dlg_temperature,string,,Temperature,Température,
dlg_temperature_and_humidity_sources_for_the_room,string,,Temperature and humidity sources for the room,Sources de température et d'humidité pour la pièce,
dlg_value_with_unit,string,,%1$s%2$s,%1$s%2$s,keep %1$s %2$s
dlg_negative_value,string,,-%1$s,-%1$s,keep %1$s
dlg_spaced_temperature,string,,  %1$s°,%1$s°,keep %1$s; keep the space at the start/end
dlg_value_and_unit,string,,%1$s %2$s,%1$s %2$s,keep %1$s %2$s
dlg_temperature_value,string,,%1$s°,%1$s°,keep %1$s
dlg_updating_value,string,,%1$s…,%1$s…,keep %1$s
dlg_sentence_pair,string,,%1$s. %2$s,%1$s. %2$s,keep %1$s %2$s
dlg_labeled_value_unit,string,,%1$s: %2$s%3$s,%1$s : %2$s%3$s,keep %1$s %2$s %3$s
dlg_selected_value,string,,✓ %1$s,✓ %1$s,keep %1$s
dlg_zoom_multiplier,string,,%1$s×,%1$s×,keep %1$s
dlg_page_of_pages,string,,%1$s/%2$s,%1$s/%2$s,keep %1$s %2$s
dlg_labeled_value,string,,%1$s: %2$s,%1$s : %2$s,keep %1$s %2$s
dlg_percentage,string,,%1$s%%,%1$s%%,keep %1$s
dlg_that_profile,string,,that profile,ce profil,
dlg_the_exact_dates_you_pick_leave_a_bound_as,string,,"The exact dates you pick. Leave a bound as ""Any"" for an open-ended range.","Les dates exactes que vous choisissez. Laissez une limite sur ""Any"" pour une plage ouverte.",
dlg_the_room_header_and_card_show_a_single_player,string,,"The room header and card show a single player's media, or an active-player count when multiple players are selected.",L'en-tête et la carte de la salle affichent les médias d'un seul joueur ou le nombre de joueurs actifs lorsque plusieurs joueurs sont sélectionnés.,
dlg_thermostat_dial,string,,Thermostat dial,Cadran du thermostat,
dlg_this_action_does_not_use_an_entity_target,string,,This action does not use an entity target.,Cette action n'utilise pas de cible d'entité.,
dlg_this_action_has_no_required_target_or_additional_fields,string,,This action has no required target or additional fields.,Cette action n'a pas de cible obligatoire ni de champs supplémentaires.,
dlg_this_automation_is_managed_outside_home_assistant_s_ui,string,,"This automation is managed outside Home Assistant's UI (usually YAML). HKI7 can show it, but will not overwrite it.","Cette automatisation est gérée en dehors de l'interface utilisateur de Home Assistant (généralement YAML). HKI7 peut l'afficher, mais ne l'écrasera pas.","don't translate Home Assistant, HKI7"
dlg_this_entity,string,,This entity,Cette entité,
dlg_this_light_is_paused_for_manual_control,string,,This light is paused for manual control.,Cette lumière est en pause pour un contrôle manuel.,
dlg_this_removes_all_imported_rooms_and_floors_from_this,string,,This removes all imported rooms and floors from this view.,Cela supprime toutes les pièces et tous les étages importés de cette vue.,
dlg_this_removes_the_native_automation_from_home_assistant_thi,string,,This removes the native automation from Home Assistant. This cannot be undone from HKI7.,Cela supprime l'automatisation native de Home Assistant. Cela ne peut pas être annulé à partir de HKI7.,"don't translate Home Assistant, HKI7"
dlg_time,string,,Time,Temps,
dlg_to_state,string,,To state,Pour déclarer,
dlg_turn_on,string,,Turn On,Allumer,
dlg_unit,string,,Unit,Unité,
dlg_untitled,string,,Untitled,Sans titre,
dlg_url_https,string,,URL (https://…),URL (https://…),
dlg_vacuum_entities,string,,Vacuum entities,Entités sous vide,
dlg_vertical_slider,string,,Vertical slider,Curseur vertical,
dlg_visibility,string,,Visibility,Visibilité,
dlg_visibility_alignment_and_overflow_behavior,string,,"Visibility, alignment, and overflow behavior","Visibilité, alignement et comportement de débordement",
dlg_visible_during,string,,Visible during,Visible pendant,
dlg_waiting_for_home_assistant,string,,Waiting for Home Assistant,En attente d'un assistant à domicile,don't translate Home Assistant
dlg_wallpaper_and_optional_custom_color,string,,Wallpaper and optional custom color,Papier peint et couleur personnalisée en option,
dlg_wallpaper_url_or_path,string,,Wallpaper URL or path,URL ou chemin du fond d'écran,
dlg_water_value,string,,Water: %1$s,Eau : %1$s,keep %1$s
dlg_water,string,,Water,Eau,
dlg_weather_details,string,,Weather details,Détails météo,
dlg_weather_entities,string,,Weather entities,Entités météorologiques,
dlg_when,string,,When,Quand,
dlg_when_and_if_then,string,,When · And if · Then,Quand · Et si · Alors,
dlg_widget_width,string,,Widget width,Largeur du widget,
dlg_wind,string,,Wind,Vent,
dlg_any,string,,Any,N’importe quand,
dlg_once,string,,Once,Une fois,
dlg_daily,string,,Daily,Tous les jours,
dlg_weekly,string,,Weekly,Toutes les semaines,
dlg_monthly,string,,Monthly,Tous les mois,
dlg_yearly,string,,Yearly,Tous les ans,
dlg_default,string,,Default,Par défaut,
dlg_toggle,string,,Toggle,Basculer,
dlg_more_information,string,,More information,Plus d’informations,
dlg_navigate,string,,Navigate,Naviguer,
dlg_url,string,,URL,URL,
dlg_home,string,,Home,Accueil,
dlg_rooms,string,,Rooms,Pièces,
dlg_energy,string,,Energy,Énergie,
dlg_climate,string,,Climate,Climat,
dlg_security,string,,Security,Sécurité,
dlg_battery,string,,Battery,Batterie,
dlg_settings,string,,Settings,Paramètres,
dlg_room_value,string,,Room · %1$s,Pièce · %1$s,keep %1$s
dlg_could_not_load_home_assistant_actions,string,,Could not load Home Assistant actions,Impossible de charger les actions Home Assistant,don't translate Home Assistant
dlg_show_entity_default_this_one,string,,Show entity (default: this one),Afficher l’entité (par défaut : celle-ci),
dlg_target_entity_default_this_one,string,,Target entity (default: this one),Entité cible (par défaut : celle-ci),
dlg_select_destination,string,,Select destination,Sélectionner une destination,
dlg_choose_target,string,,Choose target,Choisir une cible,
dlg_target_and_action_data,string,,Target and action data,Cible et données de l’action,
dlg_tap,string,,Tap,Appui,
dlg_hold,string,,Hold,Appui long,
dlg_double_tap,string,,Double tap,Double appui,
dlg_alarm_disarmed,string,,Disarmed,Désarmée,
dlg_alarm_armed_home,string,,Armed home,Armée : domicile,
dlg_alarm_armed_away,string,,Armed away,Armée : absent,
dlg_alarm_armed_night,string,,Armed night,Armée : nuit,
dlg_alarm_armed_vacation,string,,Armed vacation,Armée : vacances,
dlg_alarm_armed_custom,string,,Armed (custom),Armée (personnalisé),
dlg_alarm_arming,string,,Arming…,Armement…,
dlg_alarm_disarming,string,,Disarming…,Désarmement…,
dlg_alarm_triggered,string,,TRIGGERED,DÉCLENCHÉE,
dlg_alarm_disarmed_message,string,,Alarm disarmed,Alarme désarmée,
dlg_alarm_command,string,,Alarm command,Commande d’alarme,
dlg_alarm_command_accepted,string,,%1$s accepted,%1$s acceptée,keep %1$s
dlg_alarm_command_failed,string,,Command failed. Check the code and try again.,Échec de la commande. Vérifiez le code et réessayez.,
dlg_alarm_arming_cancelled,string,,Arming cancelled,Armement annulé,
dlg_alarm_cancel_failed,string,,Cancellation failed. Check the code and try again.,Échec de l’annulation. Vérifiez le code et réessayez.,
dlg_alarm_arm_home,string,,Arm home,Armer à domicile,
dlg_alarm_arm_away,string,,Arm away,Armer en absence,
dlg_alarm_arm_night,string,,Arm night,Armer en mode nuit,
dlg_alarm_arm_custom,string,,Arm custom,Armer en mode personnalisé,
dlg_alarm_arm_vacation,string,,Arm vacation,Armer en mode vacances,
dlg_alarm_disarm,string,,Disarm,Désarmer,
dlg_room_configuration,string,,Room configuration,Configuration de la pièce,
dlg_choose_room_area_to_configure,string,,Choose a room area to configure,Choisissez une pièce à configurer,
dlg_focused_room_options,string,,Options for this room area,Options de cette pièce,
dlg_general,string,,General,Général,
dlg_name_and_icon,string,,Name and icon,Nom et icône,
dlg_header,string,,Header,En-tête,
dlg_wallpaper_and_custom_color,string,,Wallpaper and custom color,Fond et couleur personnalisée,
dlg_badge_bar,string,,Badge bar,Barre de badges,
dlg_alignment_and_display_options,string,,Alignment and display options,Alignement et options d’affichage,
dlg_assign_room_to_floor,string,,Assign this room to a floor,Associer cette pièce à un étage,
dlg_room_status,string,,Room status,État de la pièce,
dlg_room_status_summary,string,,"Media, activity, safety, and climate indicators","Indicateurs multimédias, d’activité, de sécurité et de climat",
dlg_reimport_from_home_assistant,string,,Re-import from Home Assistant,Réimporter depuis Home Assistant,don't translate Home Assistant
dlg_import_or_rebuild_rooms,string,,Import new rooms or rebuild every room,Importer de nouvelles pièces ou toutes les reconstruire,
dlg_clear_rooms_view_action,string,,Clear rooms view,Effacer la vue des pièces,
dlg_remove_imported_rooms_and_floors,string,,Remove imported rooms and floors,Supprimer les pièces et étages importés,
dlg_room,string,,Room,Pièce,
dlg_split,string,,Split,Séparé,
dlg_center,string,,Center,Centre,
dlg_doors,string,,Doors,Portes,
dlg_windows,string,,Windows,Fenêtres,
dlg_motion,string,,Motion,Mouvement,
dlg_presence,string,,Presence,Présence,
dlg_lights,string,,Lights,Lumières,
dlg_devices,string,,Devices,Appareils,
dlg_smoke,string,,Smoke,Fumée,
dlg_gas,string,,Gas,Gaz,
dlg_fire,string,,Fire,Incendie,
dlg_full,string,,Full,Pleine largeur,
dlg_half,string,,Half,Moitié,
dlg_third,string,,Third,Tiers,
dlg_choose_vacuum_entity_instead,string,,Choose a vacuum entity instead,Choisir plutôt une entité d’aspirateur,
dlg_camera_live_page,string,,%1$d/%2$d · Live,%1$d/%2$d · En direct,keep %1$d %2$d
dlg_weather,string,,Weather,Météo,
dlg_weather_and_season,string,,%1$s · %2$s,%1$s · %2$s,keep %1$s %2$s
dlg_weather_state_clear_night,string,,Clear night,Nuit claire,
dlg_weather_state_cloudy,string,,Cloudy,Nuageux,
dlg_weather_state_exceptional,string,,Exceptional,Exceptionnel,
dlg_weather_state_fog,string,,Fog,Brouillard,
dlg_weather_state_hail,string,,Hail,Grêle,
dlg_weather_state_lightning,string,,Lightning,Orage,
dlg_weather_state_lightning_rainy,string,,Thunderstorms,Orage avec pluie,
dlg_weather_state_partly_cloudy,string,,Partly cloudy,Partiellement nuageux,
dlg_weather_state_pouring,string,,Pouring rain,Pluie torrentielle,
dlg_weather_state_rainy,string,,Rainy,Pluvieux,
dlg_weather_state_snowy,string,,Snowy,Neigeux,
dlg_weather_state_snowy_rainy,string,,Sleet,Neige fondue,
dlg_weather_state_sunny,string,,Sunny,Ensoleillé,
dlg_weather_state_windy,string,,Windy,Venteux,
dlg_weather_state_windy_variant,string,,Windy and cloudy,Venteux et nuageux,
dlg_selected_entities_summary,plural,one,%1$d selected · %2$s,%1$d sélectionnée · %2$s,keep %1$d %2$s
dlg_selected_entities_summary,plural,other,%1$d selected · %2$s,%1$d sélectionnées · %2$s,keep %1$d %2$s
dlg_action_data_value_summary,plural,one,%1$s · %2$d data value,%1$s · %2$d valeur de données,keep %1$s %2$d
dlg_action_data_value_summary,plural,other,%1$s · %2$d data values,%1$s · %2$d valeurs de données,keep %1$s %2$d
dlg_seconds_short,plural,one,%d sec,%d s,keep %d
dlg_seconds_short,plural,other,%d sec,%d s,keep %d
dlg_arming_in_seconds,plural,one,Arming in %d second,Armement dans %d seconde,keep %d
dlg_arming_in_seconds,plural,other,Arming in %d seconds,Armement dans %d secondes,keep %d
energy_extra_sensors,string,,Energy sensors,Capteurs d’énergie,
energy_extra_settings,string,,Energy settings,Paramètres d’énergie,
energy_extra_previous_period,string,,Previous period,Période précédente,
energy_extra_next_period,string,,Next period,Période suivante,
energy_extra_empty_view_hint,string,,This energy view is empty. Swipe down on the header and open Energy settings to add entities manually.,Cette vue d’énergie est vide. Balayez l’en-tête vers le bas et ouvrez les paramètres d’énergie pour ajouter des entités manuellement.,
energy_extra_electricity,string,,Electricity,Électricité,
energy_extra_solar,string,,Solar,Solaire,
energy_extra_home,string,,Home,Maison,
energy_extra_battery,string,,Battery,Batterie,
energy_extra_gas,string,,Gas,Gaz,
energy_extra_city_heating,string,,City heating,Chauffage urbain,
energy_extra_water,string,,Water,Eau,
energy_extra_energy,string,,Energy,Énergie,
energy_extra_power,string,,Power,Puissance,
energy_extra_carbon,string,,Carbon,Carbone,
energy_extra_devices,string,,Devices,Appareils,
energy_extra_device,string,,Device,Appareil,
energy_extra_importing,string,,Importing,Importation,
energy_extra_exporting,string,,Exporting,Injection,
energy_extra_idle,string,,Idle,Inactif,
energy_extra_charging,string,,Charging,Charge,
energy_extra_discharging,string,,Discharging,Décharge,
energy_extra_producing,string,,Producing,Production,
energy_extra_consuming,string,,Consuming,Consommation,
energy_extra_grid_idle,string,,Grid idle,Réseau inactif,
energy_extra_importing_power,string,,Importing power,Importation du réseau,
energy_extra_exporting_power,string,,Exporting power,Injection sur le réseau,
energy_extra_battery_supporting,string,,Battery supplying power,La batterie alimente la maison,
energy_extra_battery_charging,string,,Battery charging,Batterie en charge,
energy_extra_solar_producing,string,,Solar producing,Production solaire,
energy_extra_home_consuming,string,,Home consuming,Consommation de la maison,
energy_extra_energy_idle,string,,Energy idle,Aucun flux d’énergie,
energy_extra_today_value,string,,%1$s today,%1$s aujourd’hui,keep %1$s
energy_extra_used_period,string,,Used %1$s,Consommé %1$s,keep %1$s
energy_extra_produced_period,string,,Produced %1$s,Produit %1$s,keep %1$s
energy_extra_fossil_percentage,string,,%1$s%% fossil,%1$s%% fossile,keep %1$s
energy_extra_self_used_percentage,string,,Self-used · %1$d%%,Autoconsommé · %1$d%%,keep %1$d
energy_extra_electricity_total,string,,Electricity total,Total d’électricité,
energy_extra_top_consumers,string,,Top consumers,Principaux consommateurs,
energy_extra_device_energy,string,,Device energy,Énergie par appareil,
energy_extra_individual_water_usage,string,,Individual water usage,Eau par appareil,
energy_extra_production,string,,Production,Production,
energy_extra_forecast,string,,Forecast,Prévision,
energy_extra_inverters,string,,Inverters,Onduleurs,
energy_extra_now,string,,Now,Maintenant,
energy_extra_usage,string,,Usage,Consommation,
energy_extra_total,string,,Total,Total,
energy_extra_cost,string,,Cost,Coût,
energy_extra_charge,string,,Charge,Niveau de charge,
energy_extra_grid_flow,string,,Grid flow,Flux du réseau,
energy_extra_self_sufficient,string,,Self-sufficient,Autonome,
energy_extra_carbon_footprint,string,,Carbon footprint,Empreinte carbone,
energy_extra_self_used,string,,Self-used,Autoconsommé,
energy_extra_last_seven_days,string,,Last 7 days,7 derniers jours,
energy_extra_lifetime,string,,Lifetime,Depuis la mise en service,
energy_extra_power_per_phase,string,,Power per phase,Puissance par phase,
energy_extra_tariff_meter_readings,string,,Tariff meter readings,Relevés par tarif,
energy_extra_tariff_one,string,,Tariff 1,Tarif 1,
energy_extra_tariff_two,string,,Tariff 2,Tarif 2,
energy_extra_solar_production,string,,Solar production,Production solaire,
energy_extra_category_overview,string,,Overview,Vue d’ensemble,
energy_extra_category_electricity_subtitle,string,,"Grid power, phases, import/export, tariffs, and cost","Puissance du réseau, phases, importation, injection, tarifs et coût",
energy_extra_category_solar_subtitle,string,,"Production, forecast, and inverter device","Production, prévision et onduleur",
energy_extra_category_battery_subtitle,string,,Charge level and battery power,Niveau de charge et puissance de la batterie,
energy_extra_category_carbon_subtitle,string,,Grid carbon-footprint device,Appareil mesurant l’empreinte carbone du réseau,
energy_extra_category_usage_cost_subtitle,string,,Usage and cost,Consommation et coût,
energy_extra_category_devices_subtitle,string,,"Power, energy, and individual water devices","Puissance, énergie et compteurs d’eau individuels",
energy_extra_category_city_heating_subtitle,string,,"Heat energy, current output, and cost","Énergie thermique, production actuelle et coût",
energy_extra_card_live_source_tiles,string,,Live source tiles,Tuiles de sources en direct,
energy_extra_card_electricity_totals_usage,string,,Electricity totals and usage,Totaux et consommation d’électricité,
energy_extra_card_home_battery,string,,Home battery,Batterie domestique,
energy_extra_card_gas_usage,string,,Gas usage,Consommation de gaz,
energy_extra_card_city_heating_usage,string,,City-heating usage,Utilisation du chauffage urbain,
energy_extra_card_water_usage,string,,Water usage,Consommation d’eau,
energy_extra_card_device_energy_bars,string,,Device energy bars,Énergie par appareil,
energy_extra_select_energy_cards,string,,Select energy cards,Sélectionner des cartes d’énergie,
energy_extra_role_grid_power,string,,Grid power (W),Puissance du réseau (W),
energy_extra_role_home_power,string,,Home power (W),Puissance de la maison (W),
energy_extra_role_solar_power,string,,Solar power (W),Puissance solaire (W),
energy_extra_role_battery_power,string,,Battery power (W),Puissance de la batterie (W),
energy_extra_role_battery_level,string,,Battery level (%),Niveau de la batterie (%),
energy_extra_role_grid_import,string,,Grid import (kWh),Importation du réseau (kWh),
energy_extra_role_grid_export,string,,Grid export (kWh),Injection sur le réseau (kWh),
energy_extra_role_solar_production,string,,Solar production (kWh),Production solaire (kWh),
energy_extra_role_phase_one_power,string,,Phase 1 power,Puissance de la phase 1,
energy_extra_role_phase_two_power,string,,Phase 2 power,Puissance de la phase 2,
energy_extra_role_phase_three_power,string,,Phase 3 power,Puissance de la phase 3,
energy_extra_role_import_meter_tariff_one,string,,Import meter tariff 1,Compteur d’importation tarif 1,
energy_extra_role_import_meter_tariff_two,string,,Import meter tariff 2,Compteur d’importation tarif 2,
energy_extra_role_export_meter_tariff_one,string,,Export meter tariff 1,Compteur d’injection tarif 1,
energy_extra_role_export_meter_tariff_two,string,,Export meter tariff 2,Compteur d’injection tarif 2,
energy_extra_role_energy_cost,string,,Energy cost,Coût de l’énergie,
energy_extra_role_gas_total,string,,Gas total (m³),Total de gaz (m³),
energy_extra_role_gas_flow_now,string,,Gas flow (now),Débit de gaz (actuel),
energy_extra_role_gas_cost,string,,Gas cost,Coût du gaz,
energy_extra_role_water_total,string,,Water total,Total d’eau,
energy_extra_role_water_flow_now,string,,Water flow (now),Débit d’eau (actuel),
energy_extra_role_water_cost,string,,Water cost,Coût de l’eau,
energy_extra_role_individual_water_devices,string,,Individual water devices,Compteurs d’eau individuels,
energy_extra_role_power_devices,string,,Power devices,Appareils de puissance,
energy_extra_role_energy_devices,string,,Energy devices,Appareils d’énergie,
energy_extra_sensor_current_power_import,string,,"Current power (W, + = import)","Puissance actuelle (W, + = importation)",
energy_extra_sensor_power_phase_one,string,,Power phase 1 (W),Puissance phase 1 (W),
energy_extra_sensor_power_phase_two,string,,Power phase 2 (W),Puissance phase 2 (W),
energy_extra_sensor_power_phase_three,string,,Power phase 3 (W),Puissance phase 3 (W),
energy_extra_sensor_current_phase_one,string,,Current phase 1 (A),Intensité phase 1 (A),
energy_extra_sensor_current_phase_two,string,,Current phase 2 (A),Intensité phase 2 (A),
energy_extra_sensor_current_phase_three,string,,Current phase 3 (A),Intensité phase 3 (A),
energy_extra_sensor_voltage_phase_one,string,,Voltage phase 1 (V),Tension phase 1 (V),
energy_extra_sensor_voltage_phase_two,string,,Voltage phase 2 (V),Tension phase 2 (V),
energy_extra_sensor_voltage_phase_three,string,,Voltage phase 3 (V),Tension phase 3 (V),
energy_extra_sensor_home_consumption_power,string,,Home consumption power (W),Puissance consommée par la maison (W),
energy_extra_sensor_energy_import,string,,Energy import (kWh),Énergie importée (kWh),
energy_extra_sensor_energy_import_tariff_one,string,,Energy import tariff 1 (kWh),Énergie importée tarif 1 (kWh),
energy_extra_sensor_energy_import_tariff_two,string,,Energy import tariff 2 (kWh),Énergie importée tarif 2 (kWh),
energy_extra_sensor_energy_export,string,,Energy export (kWh),Énergie injectée (kWh),
energy_extra_sensor_energy_export_tariff_one,string,,Energy export tariff 1 (kWh),Énergie injectée tarif 1 (kWh),
energy_extra_sensor_energy_export_tariff_two,string,,Energy export tariff 2 (kWh),Énergie injectée tarif 2 (kWh),
energy_extra_sensor_energy_cost_today,string,,Energy cost today,Coût de l’énergie aujourd’hui,
energy_extra_sensor_current_power_production,string,,Current power production (W),Production électrique actuelle (W),
energy_extra_sensor_energy_production_today,string,,Energy production today (kWh),Énergie produite aujourd’hui (kWh),
energy_extra_sensor_energy_production_seven_days,string,,Energy production over the last 7 days,Énergie produite au cours des 7 derniers jours,
energy_extra_sensor_lifetime_energy_production,string,,Lifetime energy production,Énergie totale produite,
energy_extra_sensor_battery_power_charging,string,,"Battery power (W, + = charging)","Puissance de la batterie (W, + = charge)",
energy_extra_sensor_gas_used_today,string,,Gas used today (m³),Gaz consommé aujourd’hui (m³),
energy_extra_sensor_current_gas_flow,string,,"Current gas flow (m³/h, optional)","Débit de gaz actuel (m³/h, facultatif)",
energy_extra_sensor_gas_cost_today,string,,Gas cost today,Coût du gaz aujourd’hui,
energy_extra_sensor_city_heating_total,string,,Heat energy total (J/MJ/GJ/kWh),Énergie thermique totale (J/MJ/GJ/kWh),
energy_extra_sensor_city_heating_current,string,,Current heat output (optional),Puissance calorifique actuelle (en option),
energy_extra_sensor_city_heating_cost,string,,City-heating cost,Coût du chauffage urbain,
energy_extra_estimated_gas_equivalent,string,,Estimated gas equivalent,Equivalent gaz estimé,
energy_extra_estimated_gas_note,string,,Based on 35.17 MJ per m³ of natural gas,"Basé sur 35,17 MJ par m³ de gaz naturel",
energy_extra_sensor_water_used_today,string,,Water used today (L/m³),Eau consommée aujourd’hui (L/m³),
energy_extra_sensor_current_water_flow,string,,"Current water flow (L/min, optional)","Débit d’eau actuel (L/min, facultatif)",
energy_extra_sensor_water_cost_today,string,,Water cost today,Coût de l’eau aujourd’hui,
energy_extra_picker_top_consumer_devices,string,,Top-consumer devices,Appareils les plus énergivores,
energy_extra_picker_device_energy_counters,string,,Device energy counters,Compteurs d’énergie par appareil,
energy_extra_auto_power_sensors_help,string,,All sensors with device_class power are included automatically. Remove a device to create your own list.,Tous les capteurs avec device_class power sont inclus automatiquement. Retirez un appareil pour créer votre propre liste.,
energy_extra_auto_energy_sensors_help,string,,All sensors with device_class energy are included automatically. Their counter changes are used for the selected period.,Tous les capteurs avec device_class energy sont inclus automatiquement. Leurs variations de compteur sont utilisées pour la période sélectionnée.,
energy_extra_currency,string,,Currency,Devise,
energy_extra_currency_subtitle,string,,Which currency the cost stats are shown in,Dans quelle devise les statistiques de coût sont affichées,
energy_extra_currency_search,string,,Search currencies,Rechercher des devises,
energy_extra_currency_automatic,string,,Automatic,Automatique,
energy_extra_currency_automatic_subtitle,string,,"Follow your cost sensors, then your device region","Suivez vos capteurs de coûts, puis la région de votre appareil",
energy_extra_currency_automatic_value,string,,Automatic (%1$s),Automatique (%1$s),keep %1$s
energy_extra_currency_manual_value,string,,%1$s (%2$s),%1$s (%2$s),keep %1$s %2$s
energy_extra_energy_card,string,,Energy card,Carte d’énergie,
energy_extra_energy_card_subtitle,string,,Data sources and card appearance,Sources de données et apparence de la carte,
energy_extra_card_and_data,string,,Card and data,Carte et données,
energy_extra_energy_stack,string,,Energy stack,Pile d’énergie,
energy_extra_energy_stack_subtitle,string,,"Cards, data sources, and layout","Cartes, sources de données et disposition",
energy_extra_cards_and_data,string,,Cards and data,Cartes et données,
events_tab,string,,Events,Événements,
events_empty,string,,No events yet,Aucun événement pour l'instant,
events_empty_hint,string,,Recent activity for the entities your family admin added to the timeline appears here.,L'activité récente des entités que votre administrateur familial a ajoutées à la chronologie apparaît ici.,
events_not_configured,string,,No events are being tracked,Aucun événement n'est suivi,
events_not_configured_admin,string,,Choose which entities appear here in Settings › Family Sharing › Events.,Choisissez les entités qui apparaissent ici dans Paramètres › Partage familial › Événements.,
events_not_configured_member,string,,Your family admin decides which entities appear here.,L'administrateur de votre famille décide quelles entités apparaissent ici.,
events_unavailable,string,,The event timeline needs HKI 7 Cloud %1$s.,La chronologie de l'événement nécessite HKI 7 Cloud %1$s.,keep %1$s; don't translate HKI 7 Cloud
events_set_up_button,string,,Choose entities,Choisir des entités,
events_no_matches,string,,No matching events,Aucun événement correspondant,
events_loading,string,,Loading events…,Chargement des événements…,
events_today,string,,Today,Aujourd'hui,
events_yesterday,string,,Yesterday,Hier,
events_by,string,,by %1$s,par %1$s,keep %1$s
events_filter_all,string,,All,Tous,
event_category_door,string,,Doors,Portes,
event_category_window,string,,Windows,Fenêtres,
event_category_motion,string,,Motion,Mouvement,
event_category_moisture,string,,Water,Eau,
event_category_safety,string,,Smoke & gas,Fumée et gaz,
event_category_problem,string,,Problems,Problèmes,
event_category_battery,string,,Batteries,Piles,
event_category_connectivity,string,,Connectivity,Connectivité,
event_category_light,string,,Lights,Lumières,
event_category_switch,string,,Switches,Commutateurs,
event_category_lock,string,,Locks,Serrures,
event_category_cover,string,,Covers,Ouvrants,
event_category_climate,string,,Climate,Climat,
event_category_presence,string,,People,Personnes,
event_category_alarm,string,,Alarm,Alarme,
event_category_media,string,,Media,Médias,
event_category_vacuum,string,,Vacuum,Aspirateur,
event_category_automation,string,,Automations,Automatisations,
event_category_sensor,string,,Sensors,Capteurs,
event_verb_opened,string,,was opened,a été ouvert,
event_verb_closed,string,,was closed,était fermé,
event_verb_opening,string,,is opening,est en train d'ouvrir,
event_verb_closing,string,,is closing,se ferme,
event_verb_locked,string,,was locked,était verrouillé,
event_verb_unlocked,string,,was unlocked,a été déverrouillé,
event_verb_motion_detected,string,,detected motion,mouvement détecté,
event_verb_motion_cleared,string,,stopped detecting motion,arrêté de détecter le mouvement,
event_verb_moisture_detected,string,,detected moisture,humidité détectée,
event_verb_moisture_cleared,string,,is dry again,est à nouveau sec,
event_verb_alarm_detected,string,,raised an alarm,a déclenché une alarme,
event_verb_alarm_cleared,string,,cleared,effacé,
event_verb_problem_detected,string,,reported a problem,a signalé un problème,
event_verb_problem_cleared,string,,is back to normal,est revenu à la normale,
event_verb_battery_low,string,,reported a low battery,signalé une batterie faible,
event_verb_battery_normal,string,,has a healthy battery again,a à nouveau une batterie saine,
event_verb_connected,string,,came online,est venu en ligne,
event_verb_disconnected,string,,went offline,s'est déconnecté,
event_verb_turned_on,string,,was turned on,était allumé,
event_verb_turned_off,string,,was turned off,a été éteint,
event_verb_detected,string,,was triggered,a été déclenché,
event_verb_cleared,string,,cleared,effacé,
event_verb_arrived_home,string,,arrived home,je suis arrivé à la maison,
event_verb_left_home,string,,left home,quitté la maison,
event_verb_arrived_at,string,,arrived at %1$s,arrivé à %1$s,keep %1$s
event_verb_disarmed,string,,was disarmed,a été désarmé,
event_verb_armed,string,,was armed,était armé,
event_verb_arming,string,,is arming,est en train d'armer,
event_verb_pending,string,,is counting down,compte à rebours,
event_verb_triggered,string,,was triggered,a été déclenché,
event_verb_set_to,string,,was set to %1$s,était défini sur %1$s,keep %1$s
event_verb_started_cleaning,string,,started cleaning,commencé à nettoyer,
event_verb_returning_to_dock,string,,is returning to its dock,retourne à son quai,
event_verb_docked,string,,docked,amarré,
event_verb_started_playing,string,,started playing,commencé à jouer,
event_verb_paused,string,,was paused,a été mis en pause,
event_verb_stopped,string,,stopped,arrêté,
event_verb_generic,string,,changed to %1$s,remplacé par %1$s,keep %1$s
ui_0f_s_788ca6f,string,,%.0f %s,%.0f %s,keep %.0f %s
ui_1_advanced_shorthand_block_kept_unchanged_d4dcbd7,string,,1 advanced shorthand block (kept unchanged),1 bloc de sténographie avancé (conservé inchangé),
ui_1f_16b5d7d,string,,%.1f,%.1f,keep %.1f
ui_1f_b07a377,string,,%.1f°,%.1f°,keep %.1f
ui_1f_c_5b83308,string,,%.1f °C,%.1f °C,keep %.1f
ui_1f_kwh_507c039,string,,%.1f kWh,%.1f kWh,keep %.1f
ui_1f_kwh_self_used_b4798a5,string,, · %%.1f kWh self-used (%1$s%%%%),· %%.1f kWh auto-consommé (%1$s%%%%),keep %1$s; keep the space at the start/end
ui_1f_of_1f_kwh_d_00c25f6,string,,%.1f of %.1f kWh · %d%%,%.1f de %.1f kWh · %d%%,keep %.1f %d
ui_1f_s_0cafc63,string,,%.1f %s,%.1f %s,keep %.1f %s
ui_24_hour_format_b195a8f,string,,24-Hour Format,Format 24 heures,
ui_2f_kwh_76c1688,string,,%.2f kWh,%.2f kWh,keep %.2f
ui_a_fast_auto_generating_dashboard_for_home_assistant_let_0fad4a9,string,,"A fast, auto-generating dashboard for Home Assistant\nLet's connect to your server.",Un tableau de bord rapide et généré automatiquement pour Home Assistant\nConnectons-nous à votre serveur.,don't translate Home Assistant; \n = line break
ui_a_modern_touch_first_android_dashboard_and_companion_for_814cbdb,string,,"A modern, touch-first Android dashboard and companion for Home Assistant.",Un tableau de bord Android moderne et tactile et un compagnon pour Home Assistant.,don't translate Home Assistant
ui_about_6b21fb7,string,,About,À propos,
ui_accidental_touch_protection_e2683f4,string,,Accidental-touch protection,Protection contre les contacts accidentels,
ui_account_85dfa32,string,,Account,Compte,
ui_action_49924bc,string,,%1$s action,Action %1$s,keep %1$s
ui_action_97c89a4,string,,Action,Action,
ui_action_data_e5a7704,string,,Action data,Données d'action,
ui_action_data_object_8850c05,string,,Action data object,Objet de données d'action,
ui_action_details_d623b1c,string,,Action details,Détails de l'action,
ui_active_0af2854,string,,%1$s · %2$s active,%1$s · %2$s actif,keep %1$s %2$s
ui_active_25ff32f,string,,%1$s/%2$s active,%1$s/%2$s actif,keep %1$s %2$s
ui_active_a733b80,string,,Active,Actifs,
ui_active_c7260b5,string,,%1$s%% • ACTIVE,%1$s%% • ACTIF,keep %1$s
ui_active_connection_54db7a1,string,,Active connection,Connexion active,
ui_activity_81c0d91,string,,Activity,Activité,
ui_activity_indication_and_collapsing_0764a94,string,,Activity indication and collapsing,Indication d'activité et réduction,
ui_adapt_now_c30eb08,string,,Adapt now,Adaptez-vous maintenant,
ui_adaptive_lighting_7587880,string,,Adaptive lighting,Éclairage adaptatif,
ui_adaptive_lighting_e2cffbd,string,,Adaptive Lighting,Éclairage adaptatif,
ui_adaptive_lighting_is_unavailable_6b9ada3,string,,Adaptive Lighting is unavailable,L'éclairage adaptatif n'est pas disponible,
ui_add_016df71,string,,Add (%1$s),Ajouter (%1$s),keep %1$s
ui_add_4_10_entity_buttons_to_this_dialog_s_cdedf23,string,,Add 4–10 entity buttons to this dialog's nav bar.,Ajoutez 4 à 10 boutons d'entité à la barre de navigation de cette boîte de dialogue.,
ui_add_61cc55a,string,,Add,Ajouter,
ui_add_and_edit_each_chart_in_this_stack_0c0cb11,string,,Add and edit each chart in this stack,Ajouter et modifier chaque graphique de cette pile,
ui_add_at_least_one_step_3620909,string,,Add at least one step,Ajouter au moins une étape,
ui_add_button_3d7db43,string,,Add button,Bouton Ajouter,
ui_add_camera_cf03528,string,,Add Camera,Ajouter une caméra,
ui_add_carrier_device_7945283,string,,Add carrier device,Ajouter un appareil opérateur,
ui_add_current_network_64cabf3,string,,"Add current network ""%1$s""","Ajouter le réseau actuel ""%1$s""",keep %1$s
ui_add_custom_buttons_83a0768,string,,Add Custom Buttons,Ajouter des boutons personnalisés,
ui_add_custom_camera_url_aab29ef,string,,Add Custom Camera URL,Ajouter une URL de caméra personnalisée,
ui_add_entities_333152e,string,,Add entities,Ajouter des entités,
ui_add_entity_f99dc1d,string,,Add entity,Ajouter une entité,
ui_add_every_integration_account_that_should_contribute_parce_ce58afb,string,,Add every integration account that should contribute parcels,Ajoutez chaque compte d'intégration qui devrait contribuer aux parcelles,
ui_add_floor_63c715d,string,,Add Floor,Ajouter un étage,
ui_add_graph_079e4ca,string,,Add graph,Ajouter un graphique,
ui_add_home_assistant_a6ccea8,string,,Add Home Assistant,Ajouter un assistant domestique,don't translate Home Assistant
ui_add_home_assistant_instance_625838a,string,,Add Home Assistant instance,Ajouter une instance Home Assistant,don't translate Home Assistant
ui_add_individual_water_meters_to_compare_their_usage_daec0de,string,,Add individual water meters to compare their usage.,Ajoutez des compteurs d’eau individuels pour comparer leur utilisation.,
ui_add_instance_step_df337b3,string,,add_instance_step,add_instance_step,
ui_add_more_for_a_full_row_ed977e3,string,,Add %1$s more for a full row.,Ajoutez %1$s supplémentaires pour une ligne complète.,keep %1$s
ui_add_one_focused_card_c2f2ed8,string,,Add one focused card,Ajouter une carte ciblée,
ui_add_or_edit_entities_b59919b,string,,Add or edit entities,Ajouter ou modifier des entités,
ui_add_parcel_82c0bf8,string,,Add parcel,Ajouter une parcelle,
ui_add_parcel_bde8afb,string,,Add Parcel,Ajouter un colis,
ui_add_room_5a95991,string,,Add Room,Ajouter une pièce,
ui_add_sensors_d6df16f,string,,Add sensors,Ajouter des capteurs,
ui_add_to_cd52e85,string,,Add to %1$s,Ajouter à %1$s,keep %1$s
ui_add_widget_a9df350,string,,Add Widget,Ajouter un widget,
ui_add_widget_dd4416e,string,,Add widget,Ajouter un widget,
ui_adding_ffb2e62,string,,Adding…,Ajout…,
ui_admin_b38222e,string,,%1$s (admin),%1$s (administrateur),keep %1$s
ui_administrative_controls_for_your_home_assistant_server_e56ebd9,string,,Administrative controls for your Home Assistant server,Contrôles administratifs pour votre serveur Home Assistant,don't translate Home Assistant
ui_advanced_4d06472,string,,Advanced,Avancé,
ui_advanced_action_data_json_622e363,string,,Advanced action data (JSON),Données d'action avancées (JSON),
ui_advanced_shorthand_blocks_kept_unchanged_aa253ae,string,,%1$s advanced shorthand blocks (kept unchanged),%1$s blocs de sténographie avancés (conservés inchangés),keep %1$s
ui_aesthetic_changes_only_f31f444,string,,Aesthetic changes only,Modifications esthétiques uniquement,
ui_aggregate_carriers_eae26c7,string,,Aggregate carriers,Transporteurs de granulats,
ui_agree_ee68d34,string,,Agree,Accepter,
ui_air_circulating_273e82b,string,,Air circulating,Circulation d'air,
ui_air_circulation_devices_a14e95d,string,,Air circulation devices,Appareils de circulation d'air,
ui_air_cleaning_devices_4364277,string,,Air cleaning devices,Appareils de purification de l'air,
ui_air_purifiers_476147b,string,,Air purifiers,Purificateurs d’air,
ui_air_purifiers_are_fan_entities_in_home_assistant_so_3fa4fdb,string,,"Air purifiers are fan entities in Home Assistant, so they can't be auto-detected. Select yours here.","Les purificateurs d'air sont des entités de ventilateur dans Home Assistant, ils ne peuvent donc pas être détectés automatiquement. Sélectionnez le vôtre ici.",don't translate Home Assistant
ui_airphase_1f2d2b6,string,,airPhase,phase aérienne,
ui_alarm_25f8c55,string,,Alarm,Alarme,
ui_alarm_entities_b462ba5,string,,Alarm entities,Entités d'alarme,
ui_alarm_pending_e2c04aa,string,,Alarm pending,Alarme en cours d’armement,
ui_alarm_triggered_641ff6f,string,,Alarm triggered,Alarme déclenchée,
ui_alarm_unavailable_867909b,string,,Alarm unavailable,Alarme indisponible,
ui_alignment_7f8c517,string,,Alignment,Alignement,
ui_all_6a72085,string,,All,Tous,
ui_all_batteries_ok_9676f73,string,,All batteries OK,Toutes les piles sont OK,
ui_all_calendar_entities_bffb01d,string,,All calendar entities,Toutes les entités de calendrier,
ui_all_levels_6b4fde3,string,,All levels,Tous niveaux,
ui_all_off_97b7833,string,,All off,Tout est éteint,
ui_all_thermostats_59c8297,string,,All thermostats,Tous les thermostats,
ui_all_types_30c8a0f,string,,All types,Tous types,
ui_allow_all_the_time_d91ab85,string,,Allow All The Time,Autoriser tout le temps,
ui_allow_editing_24f2b54,string,,Allow editing,Autoriser la modification,
ui_allow_theme_colors_icons_names_and_wallpaper_but_not_efc8a97,string,,"Allow theme, colors, icons, names and wallpaper — but not adding or removing widgets, buttons or rooms","Autoriser le thème, les couleurs, les icônes, les noms et le fond d'écran, mais pas l'ajout ou la suppression de widgets, de boutons ou de pièces",
ui_always_a91bcce,string,,Always,Toujours,
ui_an_admin_can_share_one_dashboard_with_the_whole_5a5434d,string,,"An admin can share one dashboard with the whole family so everyone gets the same layout. To use it, an admin needs to install the HKI 7 Cloud component and share a dashboard first.","Un administrateur peut partager un tableau de bord avec toute la famille afin que tout le monde bénéficie de la même présentation. Pour l'utiliser, un administrateur doit d'abord installer le composant HKI 7 Cloud et partager un tableau de bord.",don't translate HKI 7 Cloud
ui_an_admin_needs_to_install_the_hki_7_cloud_0e9241b,string,,An admin needs to install the HKI 7 Cloud component and share a dashboard first.,Un administrateur doit d'abord installer le composant HKI 7 Cloud et partager un tableau de bord.,don't translate HKI 7 Cloud
ui_android_location_permission_2ff3839,string,,Android Location Permission,Autorisation de localisation Android,
ui_animated_icons_aa39cfe,string,,Animated icons,Icônes animées,
ui_animation_62afd21,string,,Animation,Animation,
ui_announced_letter_3a7ac05,string,,Announced letter,Lettre annoncée,
ui_any_state_c7274cb,string,,Any state,N'importe quel état,
ui_appearance_41def7a,string,,Appearance,Apparence,
ui_applies_to_all_dashboard_buttons_widgets_stacks_rooms_and_9715deb,string,,"Applies to all dashboard buttons, widgets, stacks, rooms, and cards.","S'applique à tous les boutons, widgets, piles, pièces et cartes du tableau de bord.",
ui_apply_cfea419,string,,Apply,Appliquer,
ui_archived_eddc813,string,,Archived,Archivé,
ui_are_you_sure_you_want_to_clear_battery_config_3e19f24,string,,Are you sure you want to clear battery config?,Êtes-vous sûr de vouloir effacer la configuration de la batterie ?,
ui_armed_32caa31,string,,Armed,Armé,
ui_armed_away_6834abf,string,,Armed away,Armée : absent,
ui_armed_home_c8d0b44,string,,Armed home,Armée : domicile,
ui_armed_night_80659bd,string,,Armed night,Armée : nuit,
ui_arming_in_seconds_b9e07a8,string,,Arming in %1$s seconds,Armement dans %1$s secondes,keep %1$s
ui_aspect_ratio_4e077cf,string,,Aspect ratio,Rapport hauteur/largeur,
ui_aspect_ratio_used_by_every_stream_275bb52,string,,Aspect ratio used by every stream,Format d'image utilisé par chaque flux,
ui_astronomical_tap_or_swipe_683fe28,string,,Astronomical · tap or swipe,Astronomique · appuyez ou faites glisser votre doigt,
ui_at_target_6a8dbb5,string,,At target,À la cible,
ui_auto_c614ba7,string,,Auto,Auto,
ui_auto_dashboard_c7a509a,string,,Auto dashboard,Tableau de bord automatique,
ui_auto_discovered_e0643da,string,,Auto-discovered,Découverte automatiquement,
ui_auto_generate_0f86c24,string,,Auto Generate,Génération automatique,
ui_auto_generate_1502534,string,,Auto generate,Génération automatique,
ui_auto_generation_is_a_one_time_starting_point_the_6b317fe,string,,"Auto generation is a one-time starting point. The Home page starts empty in either mode, and you can re-import Home Assistant data later from individual views.",La génération automatique est un point de départ unique. La page d'accueil démarre vide dans les deux modes et vous pouvez réimporter ultérieurement les données de Home Assistant à partir de vues individuelles.,don't translate Home Assistant
ui_auto_manual_342b68e,string,,Auto + %1$s manual,Auto + %1$s manuel,keep %1$s
ui_auto_none_f606e9b,string,,Auto / none,Automatique / aucun,
ui_auto_scan_150eb4b,string,,Auto-scan,Analyse automatique,
ui_auto_unavailable_33737ba,string,,Auto / unavailable,Automatique / indisponible,
ui_automatic_cloud_backup_494d882,string,,Automatic cloud backup,Sauvegarde automatique dans le cloud,
ui_automatic_configuration_only_battery_class_percentage_sens_ce9ab03,string,,Automatic configuration: only battery-class percentage sensors are included.,Configuration automatique : seuls les capteurs de pourcentage de classe batterie sont inclus.,
ui_automatic_local_cloud_backup_7aef407,string,,Automatic local cloud backup,Sauvegarde automatique sur le cloud local,
ui_automatic_paging_and_transition_style_792709a,string,,Automatic paging and transition style,Style de pagination et de transition automatique,
ui_automatically_backs_up_your_dashboard_and_appearance_setti_cd89812,string,,"Automatically backs up your dashboard and appearance settings to your own Home Assistant every day, so you can restore them any time. Requires the HKI 7 Cloud custom component (install it via HACS).","Sauvegarde automatiquement chaque jour vos paramètres de tableau de bord et d’apparence sur votre propre Home Assistant, afin que vous puissiez les restaurer à tout moment. Nécessite le composant personnalisé HKI 7 Cloud (installez-le via HACS).","don't translate HKI 7 Cloud, Home Assistant"
ui_automation_a15fde5,string,,Automation,Automation,
ui_automations_even_when_the_app_is_closed_or_not_d27e5b1,string,,"automations, even when the app is closed or not in use.\n\n","automatisations, même lorsque l'application est fermée ou non utilisée.",\n = line break
ui_autoplay_95619b5,string,,Autoplay,Lecture automatique,
ui_average_93a8018,string,,average,moyenne,
ui_azimuth_d2fbdb3,string,,Azimuth,Azimut,
ui_back_b52b36b,string,,Back,Dos,
ui_back_up_now_527bf1a,string,,Back up now,Sauvegarder maintenant,
ui_background_image_url_or_path_dfc4908,string,,Background image (URL or path),Image d'arrière-plan (URL ou chemin),
ui_background_location_5f56f21,string,,Background location,Emplacement en arrière-plan,
ui_background_notifications_563a463,string,,Background notifications,Notifications en arrière-plan,
ui_background_usage_fd8ed73,string,,Background Usage,Utilisation en arrière-plan,
ui_backing_up_f600558,string,,Backing up…,Sauvegarde…,
ui_backspace_88d130a,string,,Backspace,Retour arrière,
ui_backup_and_restore_a593246,string,,Backup and Restore,Sauvegarde et restauration,
ui_backup_dd96994,string,,Backup,Sauvegarde,
ui_backups_contain_dashboard_and_appearance_configuration_onl_d5856be,string,,"Backups contain dashboard and appearance configuration only. Connection details, app permissions, location state, and notification history are not included.","Les sauvegardes contiennent uniquement la configuration du tableau de bord et de l'apparence. Les détails de connexion, les autorisations des applications, l'état de localisation et l'historique des notifications ne sont pas inclus.",
ui_badge_bar_layout_4b4dfdd,string,,Badge bar layout,Disposition de la barre de badges,
ui_bars_ad5fb3b,string,,Bars,Barres,
ui_batt_679d0aa,string,,Batt,Batte,
ui_batteries_0970f9d,string,,Batteries,Piles,
ui_battery_4a9be04,string,,Battery,Batterie,
ui_battery_74dff99,string,,Battery: %1$s,Batterie : %1$s,keep %1$s
ui_battery_attention_0feaa08,string,,battery-attention,attention batterie,
ui_battery_battery_notes_only_14e5936,string,,Battery+ / Battery Notes only,Batterie+ / Notes sur la batterie uniquement,
ui_battery_energy_25638f8,string,,battery-energy,énergie de la batterie,
ui_battery_entities_visible_9299588,string,,%1$s battery entities visible,%1$s entités de batterie visibles,keep %1$s
ui_battery_fill_8b6793e,string,,battery-fill,remplissage de la batterie,
ui_battery_health_12c0ce4,string,,BATTERY HEALTH,ÉTAT DE LA BATTERIE,
ui_battery_health_8cc8e64,string,,BATTERY+ HEALTH,BATTERIE+ SANTÉ,
ui_battery_level_is_healthy_1de4c4f,string,,Battery level is healthy,Le niveau de la batterie est sain,
ui_battery_levels_7c61b65,string,,Battery Levels,Niveaux de batterie,
ui_battery_optimization_7676ca5,string,,Battery Optimization,Optimisation de la batterie,
ui_battery_orbit_9aa5d8c,string,,battery-orbit,batterie-orbite,
ui_battery_rules_be75b3c,string,,Battery rules,Règles de batterie,
ui_battery_sensor_optional_0e261e6,string,,Battery sensor (optional),Capteur de batterie (en option),
ui_behavior_70cb647,string,,Behavior,Comportement,
ui_birthday_yyyy_mm_dd_d1a9b03,string,,Birthday (YYYY-MM-DD),Anniversaire (AAAA-MM-JJ),
ui_bold_100_1b94255,string,,Bold (+100),Gras (+100),
ui_bolder_200_9cc5d65,string,,Bolder (+200),Plus audacieux (+200),
ui_boldest_300_c5a490d,string,,Boldest (+300),Le plus audacieux (+300),
ui_boldness_10b6938,string,,Boldness · %1$s,Audace · %1$s,keep %1$s
ui_brand_and_third_party_work_8d6d517,string,,Brand and third-party work,Travail de marque et de tiers,
ui_brightness_222d6d5,string,,%1$s brightness,%1$s luminosité,keep %1$s
ui_brightness_8e06ad0,string,,BRIGHTNESS,LUMINOSITÉ,
ui_brightness_slider_a427c80,string,,Brightness slider,Curseur de luminosité,
ui_build_the_interface_entirely_your_way_e94582f,string,,Build the interface entirely your way.,Construisez l’interface entièrement à votre façon.,
ui_building_your_dashboard_2943961,string,,Building your dashboard,Construire votre tableau de bord,
ui_built_in_20f409c,string,,Built-in,Intégré,
ui_button_794145f,string,,Button,Bouton,
ui_button_image_2483e32,string,,Button image,Image du bouton,
ui_button_lock_28d87b1,string,,Button lock,Verrouillage des boutons,
ui_button_stack_ee9e7f8,string,,Button Stack,Pile de boutons,
ui_button_type_890a578,string,,Button type,Type de bouton,
ui_buttons_available_from_this_person_s_detail_dialog_ab3f9f9,string,,Buttons available from this person's detail dialog,Boutons disponibles dans la boîte de dialogue des détails de cette personne,
ui_c_286a95c,string,,%1$s %2$s°C,%1$s %2$s°C,keep %1$s %2$s
ui_c_3d3c16f,string,,%1$s - %2$s°C,%1$s - %2$s°C,keep %1$s %2$s
ui_c_a178665,string,,°C,°C,
ui_calendar_content_1f185c8,string,,Calendar content,Contenu du calendrier,
ui_calendars_9444501,string,,Calendars,Calendriers,
ui_camera_4da9c9a,string,,Camera,Caméra,
ui_camera_aspect_ratio_928bf09,string,,Camera aspect ratio,Rapport hauteur/largeur de la caméra,
ui_camera_display_20a9c82,string,,Camera display,Affichage de la caméra,
ui_camera_feed_cc1f19e,string,,Camera Feed,Flux de la caméra,
ui_camera_page_6b1987b,string,,camera_page,page_caméra,
ui_camera_stack_645ea0f,string,,Camera Stack,Pile de caméras,
ui_camera_url_0eebe87,string,,Camera URL,URL de la caméra,
ui_cameras_d3daff3,string,,Cameras,Caméras,
ui_camerascan_00bd2cb,string,,cameraScan,caméraScan,
ui_can_t_reach_the_server_73079bd,string,,Can't reach the server,Impossible d'accéder au serveur,
ui_cancel_77dfd21,string,,Cancel,Annuler,
ui_cancel_arming_5d383c8,string,,Cancel arming,Annuler l'armement,
ui_card_4d4ce73,string,,Card,Carte,
ui_card_data_4a42176,string,,Card & data,Carte et données,
ui_card_entities_e548a55,string,,Card & entities,Carte et entités,
ui_card_layout_f83b655,string,,Card layout,Disposition des cartes,
ui_card_settings_1a3b62a,string,,Card settings,Paramètres de la carte,
ui_card_shape_and_width_0d513f7,string,,Card shape and width,Forme et largeur de la carte,
ui_card_shape_width_and_background_e4aff1c,string,,"Card shape, width, and background","Forme, largeur et arrière-plan de la carte",
ui_card_size_shape_and_background_df75707,string,,"Card size, shape, and background","Taille, forme et arrière-plan de la carte",
ui_card_width_icon_and_styling_de70fd8,string,,"Card width, icon, and styling","Largeur, icône et style de la carte",
ui_card_width_shape_icon_and_background_c3695b5,string,,"Card width, shape, icon, and background","Largeur, forme, icône et arrière-plan de la carte",
ui_cards_0f830bc,string,,Cards,Cartes,
ui_cards_data_a33e044,string,,Cards & data,Cartes et données,
ui_cards_entities_be4393a,string,,Cards & entities,Cartes et entités,
ui_carrier_accounts_20ad36c,string,,Carrier accounts,Comptes d'opérateur,
ui_carrier_devices_9927ae1,string,,Carrier devices,Appareils porteurs,
ui_carrier_display_name_optional_5ca06fc,string,,Carrier display name (optional),Nom d'affichage de l'opérateur (facultatif),
ui_center_adapt_now_and_pause_buttons_81074b2,string,,Center Adapt now and Pause buttons,Centrer les boutons Adapt maintenant et Pause,
ui_change_64fbd99,string,,Change,Changement,
ui_change_avatar_image_217fbce,string,,Change avatar image,Changer l'image de l'avatar,
ui_changing_mode_3da68b4,string,,Changing mode,Changer de mode,
ui_charge_flow_ceb6c62,string,,Charge & flow,Charge et débit,
ui_chart_66c7734,string,,Chart,Graphique,
ui_checking_for_shared_dashboards_5f2f823,string,,Checking for shared dashboards…,Vérification des tableaux de bord partagés…,
ui_checking_for_the_hki_7_cloud_component_c76112a,string,,Checking for the HKI 7 Cloud component…,Recherche du composant HKI 7 Cloud…,don't translate HKI 7 Cloud
ui_choose_78b7c9f,string,,Choose,Choisir,
ui_choose_a_different_server_47e6ce6,string,,Choose a different server,Choisissez un autre serveur,
ui_choose_a_side_when_the_badge_bar_is_split_6e3c73d,string,,Choose a side when the badge bar is split,Choisissez un côté lorsque la barre de badge est divisée,
ui_choose_a_state_7ab7191,string,,Choose a state,Choisissez un état,
ui_choose_a_visual_home_assistant_block_e7c8652,string,,Choose a visual Home Assistant block,Choisissez un bloc visuel Home Assistant,don't translate Home Assistant
ui_choose_action_cf9c80e,string,,Choose action,Choisir une action,
ui_choose_an_action_e82323b,string,,Choose an action,Choisissez une action,
ui_choose_an_entity_00fd1cc,string,,Choose an entity,Choisissez une entité,
ui_choose_an_entity_first_d59e681,string,,Choose an entity first,Choisissez d'abord une entité,
ui_choose_an_expanded_or_compact_dashboard_header_815902d,string,,Choose an expanded or compact dashboard header,Choisissez un en-tête de tableau de bord étendu ou compact,
ui_choose_avatar_image_bcd5b00,string,,Choose avatar image,Choisir une image d'avatar,
ui_choose_between_the_full_header_and_a_compact_navigation_90ec55e,string,,Choose between the full header and a compact navigation bar,Choisissez entre l'en-tête complet et une barre de navigation compacte,
ui_choose_entity_31b0424,string,,Choose entity,Choisir l'entité,
ui_choose_how_this_phone_or_tablet_appears_in_home_419da67,string,,Choose how this phone or tablet appears in Home Assistant,Choisissez comment ce téléphone ou cette tablette apparaît dans Home Assistant,don't translate Home Assistant
ui_choose_icon_b0047ce,string,,Choose icon,Choisir l'icône,
ui_choose_included_cards_and_shared_entity_overrides_a507343,string,,Choose included cards and shared entity overrides,Choisissez les cartes incluses et les remplacements d'entités partagées,
ui_choose_included_views_and_shared_entity_overrides_41f2e64,string,,Choose included views and shared entity overrides,Choisissez les vues incluses et les remplacements d'entités partagées,
ui_choose_one_or_more_carrier_devices_in_widget_settings_100a4ca,string,,Choose one or more carrier devices in widget settings.,Choisissez un ou plusieurs appareils opérateurs dans les paramètres du widget.,
ui_choose_person_entity_977db64,string,,Choose person entity,Choisir une entité personne,
ui_choose_the_climate_view_and_optional_entity_overrides_a69cbbc,string,,Choose the climate view and optional entity overrides,Choisissez la vue climatique et les remplacements d'entités facultatifs,
ui_choose_the_energy_view_and_override_its_entities_if_523c3be,string,,Choose the energy view and override its entities if needed,Choisissez la vue énergétique et remplacez ses entités si nécessaire,
ui_choose_the_entity_and_card_content_8bde89a,string,,Choose the entity and card content,Choisissez l'entité et le contenu de la carte,
ui_choose_the_home_assistant_entities_that_drive_this_room_53a4061,string,,Choose the Home Assistant entities that drive this room's live indicators. Indicators only appear while they are active.,Choisissez les entités Home Assistant qui pilotent les indicateurs en direct de cette pièce. Les indicateurs n'apparaissent que lorsqu'ils sont actifs.,don't translate Home Assistant
ui_choose_the_home_assistant_shown_in_hki_7_b29bc26,string,,Choose the Home Assistant shown in HKI 7,Choisissez l'assistant domestique affiché dans HKI 7,"don't translate Home Assistant, HKI 7"
ui_choose_the_player_and_dashboard_label_7fa88ba,string,,Choose the player and dashboard label,Choisissez le libellé du lecteur et du tableau de bord,
ui_choose_the_profile_for_this_light_d8c7bae,string,,Choose the profile for this light,Choisissez le profil de ce luminaire,
ui_choose_the_sensors_plotted_together_3bc1663,string,,Choose the sensors plotted together,Choisissez les capteurs tracés ensemble,
ui_choose_the_source_and_when_a_battery_is_considered_0b993df,string,,Choose the source and when a battery is considered low,Choisissez la source et quand une batterie est considérée comme faible,
ui_choose_what_tap_double_tap_and_hold_should_do_0bbe9c8,string,,"Choose what tap, double tap, and hold should do","Choisissez ce que le fait d'appuyer, d'appuyer deux fois et de maintenir enfoncé doit faire",
ui_choose_what_this_action_should_control_7ebe4ab,string,,Choose what this action should control,Choisissez ce que cette action doit contrôler,
ui_choose_what_this_badge_summarizes_a7af7e6,string,,Choose what this badge summarizes,Choisissez ce que résume ce badge,
ui_choose_what_this_header_pill_shows_0bbdbc2,string,,Choose what this header pill shows,Choisissez ce que montre cette pilule d'en-tête,
ui_choose_where_to_restore_the_dashboard_configuration_from_bb40b34,string,,Choose where to restore the dashboard configuration from.,Choisissez où restaurer la configuration du tableau de bord.,
ui_choose_whether_this_person_appears_in_the_home_header_49f0ec2,string,,Choose whether this person appears in the Home header,Choisissez si cette personne apparaît dans l'en-tête Accueil,
ui_choose_which_profiles_this_widget_can_control_2cd9b2b,string,,Choose which profiles this widget can control,Choisissez les profils que ce widget peut contrôler,
ui_choose_who_can_see_this_dashboard_they_can_import_2f5e49d,string,,Choose who can see this dashboard. They can import it into their own app.,Choisissez qui peut voir ce tableau de bord. Ils peuvent l'importer dans leur propre application.,
ui_choose_your_dashboard_1ec85e9,string,,Choose your dashboard,Choisissez votre tableau de bord,
ui_clean_rooms_4dc67ab,string,,Clean rooms,Chambres propres,
ui_clean_selected_43d8dd5,string,,Clean selected,Nettoyer la sélection,
ui_clear_719ea39,string,,Clear,Aucun problème,
ui_clear_battery_config_d8854f7,string,,Clear battery config?,Effacer la configuration de la batterie ?,
ui_clear_battery_view_1952347,string,,Clear battery view?,Vue claire de la batterie ?,
ui_clear_battery_view_5ef09bf,string,,Clear Battery View,Vue claire de la batterie,
ui_clear_climate_view_48e8a5e,string,,Clear Climate View,Vue claire du climat,
ui_clear_climate_view_9a1339c,string,,Clear climate view?,Une vision claire du climat ?,
ui_clear_config_51f6330,string,,Clear config,Effacer la configuration,
ui_clear_energy_view_401c166,string,,Clear Energy View,Une vision claire de l’énergie,
ui_clear_energy_view_d577bb7,string,,Clear energy view?,Une vision énergétique claire ?,
ui_clear_filters_4122267,string,,Clear filters,Effacer les filtres,
ui_clear_rooms_view_87a43ca,string,,Clear Rooms View,Vue dégagée des chambres,
ui_clear_rooms_view_f1d0d72,string,,Clear rooms view?,Vue dégagée des chambres ?,
ui_clear_search_67300d0,string,,Clear search,Effacer la recherche,
ui_clear_security_view_219e25b,string,,Clear Security View,Vue claire de la sécurité,
ui_clear_security_view_48790f7,string,,Clear security view?,Vue de sécurité claire ?,
ui_clear_selection_247fd63,string,,Clear selection,Effacer la sélection,
ui_climate_4857860,string,,Climate,Climat,
ui_climate_cards_f4996fd,string,,Climate Cards,Cartes climatiques,
ui_climate_devices_are_found_automatically_add_extra_entities_5ebd8b7,string,,Climate devices are found automatically; add extra entities here if any are missing.,Les appareils climatiques sont détectés automatiquement ; ajoutez des entités supplémentaires ici s'il en manque.,
ui_climate_dialog_control_add9f2b,string,,Climate dialog control,Contrôle du dialogue climatique,
ui_climate_sources_take_priority_and_use_their_current_temper_5dbcde3,string,,Climate sources take priority and use their current_temperature and current_humidity values. ,Les sources climatiques sont prioritaires et utilisent leurs valeurs current_temperature et current_humidity.,keep the space at the start/end
ui_climate_stack_cards_dcff178,string,,Climate Stack Cards,Cartes pile climatique,
ui_climate_summary_4686577,string,,Climate summary,Résumé climatique,
ui_climatedooropen_026f1c8,string,,climateDoorOpen,climatPorteOuverte,
ui_climatehouse_9c0637a,string,,climateHouse,climatMaison,
ui_climatewindowopen_9b0794a,string,,climateWindowOpen,climatFenêtreOuverte,
ui_close_bbfa773,string,,Close,Fermer,
ui_cloud_backup_is_off_71dfae1,string,,Cloud backup is off,La sauvegarde cloud est désactivée,
ui_collapsed_by_default_65a57c6,string,,Collapsed by default,Réduit par défaut,
ui_collapsible_c932fac,string,,Collapsible,Pliant,
ui_collection_30c54a9,string,,Collection,Collection,
ui_color_1d0c830,string,,Color,Couleur,
ui_color_typography_and_component_shape_b82e582,string,,"Color, typography, and component shape","Couleur, typographie et forme des composants",
ui_colors_and_light_dark_mode_37de9d5,string,,Colors and light/dark mode,Couleurs et mode clair/sombre,
ui_columns_cf723c5,string,,Columns,Colonnes,
ui_combine_multiple_accounts_from_the_same_carrier_into_one_0006a49,string,,Combine multiple accounts from the same carrier into one tab and parcel list.,Combinez plusieurs comptes du même transporteur dans un seul onglet et une seule liste de colis.,
ui_comfortpulse_100b63b,string,,comfortPulse,confortPulse,
ui_community_source_716abd9,string,,Community source,Source communautaire,
ui_compact_1df39aa,string,,Compact,Compact,
ui_compact_header_50275e8,string,,Compact header,En-tête compact,
ui_compact_mode_hides_the_left_header_pill_persons_subtitle_da84968,string,,"Compact mode hides the left header pill, persons, subtitle/status information, and room counters. Swipe down on the compact bar to open Search, Flows, Edit, and Settings.","Le mode compact masque la pilule d'en-tête gauche, les personnes, les informations de sous-titre/statut et les compteurs de salle. Faites glisser la barre compacte vers le bas pour ouvrir Recherche, Flux, Modification et Paramètres.",
ui_compact_tile_height_78b57a3,string,,Compact tile height,Hauteur de carrelage compacte,
ui_configured_light_65a3aad,string,,%1$s configured light%2$s,%1$s lumière configurée%2$s,keep %1$s %2$s
ui_confirm_04a2122,string,,Confirm,Confirmer,
ui_connect_b65463c,string,,Connect,Connecter,
ui_connected_through_home_assistant_cloud_47a54c0,string,,Connected through Home Assistant Cloud,Connecté via Home Assistant Cloud,don't translate Home Assistant
ui_connected_through_your_external_home_assistant_address_966b0e6,string,,Connected through your external Home Assistant address,Connecté via votre adresse externe Home Assistant,don't translate Home Assistant
ui_connected_through_your_home_network_cdf4e0f,string,,Connected through your home network,Connecté via votre réseau domestique,
ui_connecting_fd3e796,string,,Connecting…,Connexion…,
ui_connection_6512ee1,string,,Connection,Connexion,
ui_connection_switched_to_8f04753,string,,Connection switched to %1$s,Connexion commutée sur %1$s,keep %1$s
ui_contacting_your_home_assistant_server_e0a53d1,string,,Contacting your Home Assistant server…,Contacter votre serveur Home Assistant…,don't translate Home Assistant
ui_content_4f9be05,string,,Content,Contenu,
ui_continue_2e02623,string,,Continue,Continuer,
ui_continuous_gps_for_live_tracking_uses_much_more_battery_fdcd80d,string,,Continuous GPS for live tracking — uses much more battery. Leave off for official-app-like behavior.,GPS continu pour le suivi en direct : consomme beaucoup plus de batterie. Laissez de côté le comportement semblable à celui d’une application officielle.,
ui_control_ea1d3df,string,,Control,Contrôle,
ui_control_how_accounts_become_tabs_and_lists_f100249,string,,Control how accounts become tabs and lists,Contrôler la façon dont les comptes deviennent des onglets et des listes,
ui_control_layout_4c3b047,string,,Control layout,Disposition des contrôles,
ui_controls_and_history_sensors_used_by_the_dialog_f71675d,string,,Controls and history sensors used by the dialog,Contrôles et capteurs d'historique utilisés par la boîte de dialogue,
ui_controls_light_in_this_profile_cd11089,string,,Controls %1$s light%2$s in this profile.,Contrôle la lumière %1$s%2$s dans ce profil.,keep %1$s %2$s
ui_cooling_5569ac4,string,,Cooling,Refroidissement,
ui_copy_af74f7c,string,,Copy,Copie,
ui_copy_dashboard_2ea354e,string,,Copy dashboard,Copier le tableau de bord,
ui_copyright_2026_jimz011_b8f2c24,string,,Copyright © 2026 Jimz011,Copyright © 2026 Jimz011,
ui_corners_f1fb139,string,,Corners,Coins,
ui_could_not_add_the_parcel_check_the_number_and_fd157b4,string,,Could not add the parcel. Check the number and try again.,Impossible d'ajouter le colis. Vérifiez le numéro et réessayez.,
ui_couldn_t_reach_a30cc1b,string,,Couldn't reach %1$s,Impossible d'atteindre %1$s,keep %1$s
ui_couldn_t_reach_your_home_assistant_server_2a17c09,string,,Couldn't reach your Home Assistant server.,Impossible d'atteindre votre serveur Home Assistant.,don't translate Home Assistant
ui_countdown_timer_282cb17,string,,Countdown timer,Compte à rebours,
ui_create_6e157c5,string,,Create,Créer,
ui_create_a_flow_11b4415,string,,Create a flow,Créer un flux,
ui_create_a_separate_dashboard_auto_generate_imports_once_and_a5f0ef1,string,,Create a separate dashboard. Auto Generate imports once and then becomes editable; Start Empty only keeps persons available.,"Créez un tableau de bord séparé. Générer automatiquement les importations une fois, puis devient modifiable ; Start Empty ne garde que les personnes disponibles.",
ui_create_custom_page_d1f53e7,string,,Create custom page,Créer une page personnalisée,
ui_created_by_jimz011_2026_hki_7_v_20cbca0,string,,Created by Jimz011 - 2026 • HKI 7 v%1$s,Créé par Jimz011 - 2026 • HKI 7 v%1$s,keep %1$s; don't translate HKI 7
ui_created_by_jimz011_with_help_from_ai_assisted_development_47c9a41,string,,"Created by Jimz011 with help from AI-assisted development tools. Product direction, design choices, testing, and responsibility for the released app remain with the project creator.","Créé par Jimz011 avec l'aide d'outils de développement assistés par l'IA. La direction du produit, les choix de conception, les tests et la responsabilité de l'application publiée restent la responsabilité du créateur du projet.",
ui_created_openly_1cc16d4,string,,Created openly,Créé ouvertement,
ui_creates_a_full_duplicate_of_including_all_rooms_widgets_b96bbb1,string,,"Creates a full duplicate of ""%1$s"", including all rooms, widgets, and page settings. The copy is added to your dashboards without switching to it.","Crée une copie complète de ""%1$s"", y compris toutes les salles, widgets et paramètres de page. La copie est ajoutée à vos tableaux de bord sans y basculer.",keep %1$s
ui_critical_04b7b26,string,,Critical,Critique,
ui_critical_low_5852b16,string,,%1$s critical · %2$s low,%1$s critique · %2$s faible,keep %1$s %2$s
ui_critical_replace_soon_dbd946d,string,,Critical — replace soon,Critique – remplacer bientôt,
ui_current_4fc0e2b,string,,Current,Actuel,
ui_current_88a0a02,string,,%1$s° current,%1$s° courant,keep %1$s
ui_current_charge_b6b0b3d,string,,Current charge,Charge actuelle,
ui_current_e4ef83d,string,,Current %1$s%%,Actuel %1$s%%,keep %1$s
ui_current_weather_0fc6239,string,,Current weather,Météo actuelle,
ui_currently_loaded_69ef6fb,string,,Currently loaded,Actuellement chargé,
ui_custom_081ae3f,string,,Custom,Coutume,
ui_custom_buttons_c580449,string,,Custom buttons,Boutons personnalisés,
ui_custom_camera_ada9096,string,,Custom Camera,Caméra personnalisée,
ui_custom_camera_url_8191b15,string,,Custom camera URL,URL de la caméra personnalisée,
ui_custom_ed17691,string,,Custom %1$s,Personnalisé %1$s,keep %1$s
ui_custom_entities_d6e76ae,string,,Custom entities,Entités personnalisées,
ui_custom_name_6af17c2,string,,Custom name,Nom personnalisé,
ui_custom_order_a7a5984,string,,Custom order,Ordre personnalisé,
ui_custom_seconds_7467e28,string,,Custom seconds,Secondes personnalisées,
ui_custom_state_378153b,string,,Custom state...,État personnalisé...,
ui_custom_url_9c155e9,string,,Custom URL,URL personnalisée,
ui_customize_device_energy_b754bb5,string,,Customize device energy,Personnaliser l'énergie de l'appareil,
ui_customize_top_consumers_eb249c5,string,,Customize top consumers,Personnalisez les principaux consommateurs,
ui_customize_water_devices_81ce5f6,string,,Customize water devices,Personnaliser les appareils à eau,
ui_d_6388bb3,string,,"%1$s d, %2$s","%1$s d, %2$s",keep %1$s %2$s
ui_daily_backup_is_active_111a631,string,,Daily backup is active,La sauvegarde quotidienne est active,
ui_dashboard_d87f47b,string,,Dashboard,Tableau de bord,
ui_dashboard_header_36d8656,string,,Dashboard header,En-tête du tableau de bord,
ui_dashboard_name_466f3af,string,,Dashboard name,Nom du tableau de bord,
ui_dashboard_width_and_card_shape_3fcad11,string,,Dashboard width and card shape,Largeur du tableau de bord et forme de la carte,
ui_dashboards_197565b,string,,Dashboards,Tableaux de bord,
ui_dashboards_shared_by_your_family_import_to_add_a_8a6d06e,string,,Dashboards shared by your family. Import to add a copy to your dashboards; import again later to pull updates.,Tableaux de bord partagés par votre famille. Importez pour ajouter une copie à vos tableaux de bord ; importez à nouveau plus tard pour extraire les mises à jour.,
ui_dashboards_visual_style_and_everyday_navigation_17f3ac2,string,,"Dashboards, visual style, and everyday navigation","Tableaux de bord, style visuel et navigation quotidienne",
ui_data_series_e5977fb,string,,Data series,Série de données,
ui_data_sources_dadd6ac,string,,Data sources,Sources de données,
ui_date_eb9a4bc,string,,Date,Date,
ui_datetime_f1e5baf,string,,DateTime,DateHeure,
ui_day_to_839bf92,string,,%1$s day%2$s to %3$s,%1$s jour%2$s au %3$s,keep %1$s %2$s %3$s
ui_decrease_67e19d8,string,,Decrease,Diminuer,
ui_default_808d7dc,string,,Default,Par défaut,
ui_default_effect_per_type_a4ce3c4,string,,Default effect per type,Effet par défaut par type,
ui_default_view_343256a,string,,Default view,Vue par défaut,
ui_default_weather_entity_588d455,string,,Default weather entity,Entité météo par défaut,
ui_defrosting_c3b2817,string,,Defrosting,Dégivrage,
ui_delete_0c6013a,string,,"Delete ""%1$s""?","Supprimer ""%1$s"" ?",keep %1$s
ui_delete_137cdc2,string,,Delete %1$s?,Supprimer %1$s ?,keep %1$s
ui_delete_automation_442d61c,string,,Delete automation?,Supprimer l'automatisation ?,
ui_delete_f6fdbe4,string,,Delete,Supprimer,
ui_delete_floor_07c4a91,string,,Delete floor,Supprimer l'étage,
ui_delivered_eea956c,string,,Delivered,Livrés,
ui_demo_mode_a85b728,string,,Demo mode,Mode démo,
ui_description_55f8ebc,string,,Description,Description,
ui_details_dc3decb,string,,Details,Détails,
ui_detected_carbon_intensity_9983458,string,,Detected carbon intensity,Intensité carbone détectée,
ui_device_8c01559,string,,Device: %1$s,Appareil : %1$s,keep %1$s
ui_device_a5a74a6,string,,Device,Appareil,
ui_device_details_39c277d,string,,Device details,Détails de l'appareil,
ui_device_details_eb36018,string,,DEVICE DETAILS,DÉTAILS DE L'APPAREIL,
ui_device_energy_79de3d8,string,,Device energy,Énergie par appareil,
ui_device_helpers_6a8b199,string,,Device & helpers,Appareil et aides,
ui_device_name_79d7a15,string,,Device name,Nom de l'appareil,
ui_device_tracker_and_geocoded_location_f9e2d34,string,,Device tracker and geocoded location,Suivi des appareils et localisation géocodée,
ui_devices_728190e,string,,devices,appareils,
ui_devices_df485c8,string,,Devices,Appareils,
ui_dialog_control_63e18cf,string,,Dialog control,Contrôle de dialogue,
ui_direction_5a47d4d,string,,Direction —,Direction -,
ui_disable_battery_optimization_d3201bf,string,,Disable Battery Optimization,Désactiver l'optimisation de la batterie,
ui_disarmed_aaa4d9e,string,,Disarmed,Désarmée,
ui_discovered_acbb9e0,string,,Discovered,Découvert,
ui_dismiss_70afe9e,string,,Dismiss,Rejeter,
ui_display_574ff9b,string,,Display,Afficher,
ui_display_linked_entities_and_dialog_layout_e6987f9,string,,"Display, linked entities, and dialog layout","Affichage, entités liées et disposition des boîtes de dialogue",
ui_display_mode_627bc30,string,,Display mode,Mode d'affichage,
ui_display_order_5f1293a,string,,Display order,Ordre d'affichage,
ui_done_e9b450d,string,,Done,Fait,
ui_door_locked_4b46012,string,,Door\nLocked,Porte\nVerrouillé,\n = line break
ui_door_open_74899a4,string,,Door\nOpen,Porte\nOuvert,\n = line break
ui_door_sensor_turns_lock_card_red_when_open_9bc1372,string,,Door sensor (turns lock card red when open),Capteur de porte (rend la carte de verrouillage rouge lorsqu'elle est ouverte),
ui_door_sensors_a7bb309,string,,Door sensors,Capteurs de porte,
ui_double_tap_a268e89,string,,Double tap,Double appui,
ui_drag_horizontally_across_the_full_button_547ea8c,string,,Drag horizontally across the full button,Faites glisser horizontalement sur tout le bouton,
ui_drag_to_reorder_use_the_eye_button_to_hide_cd28b4c,string,,Drag to reorder. Use the eye button to hide an item or schedule when it shows.,Faites glisser pour réorganiser. Utilisez le bouton œil pour masquer un élément ou un programme lorsqu'il s'affiche.,
ui_drag_to_set_the_order_cameras_appear_on_the_7bcb4f5,string,,Drag to set the order cameras appear on the Security view.,Faites glisser pour définir l’ordre dans lequel les caméras apparaissent dans la vue Sécurité.,
ui_drag_to_set_the_order_the_cards_appear_below_b6a92e4,string,,Drag to set the order the cards appear below the house on the Energy view.,Faites glisser pour définir l'ordre dans lequel les cartes apparaissent sous la maison dans la vue Énergie.,
ui_drag_to_set_the_order_thermostats_and_ac_units_62d49e7,string,,Drag to set the order thermostats and AC units appear on the Climate view.,Faites glisser pour définir l'ordre dans lequel les thermostats et les unités de climatisation apparaissent sur la vue Climat.,
ui_drying_7ea61a9,string,,Drying,Séchage,
ui_e_e0184ad,string,,E,E,
ui_each_group_controls_one_part_of_this_page_286a40b,string,,Each group controls one part of this page,Chaque groupe contrôle une partie de cette page,
ui_each_home_keeps_its_own_login_dashboard_notification_conne_c261f94,string,,"Each home keeps its own login, dashboard, notification connection, and location registration","Chaque maison conserve son propre identifiant, son tableau de bord, sa connexion de notification et son enregistrement de localisation",
ui_edit_5301648,string,,Edit,Modifier,
ui_edit_entities_485ee65,string,,Edit entities,Modifier les entités,
ui_edit_page_17e45f8,string,,Edit page,Modifier la page,
ui_edit_sensors_6c38d51,string,,Edit sensors,Modifier les capteurs,
ui_effects_8f25a85,string,,Effects,Effets,
ui_electricity_925cf7f,string,,Electricity,Électricité,
ui_electricity_total_c81c63f,string,,Electricity Total,Électricité Totale,
ui_elevation_a514da1,string,,Elevation,Élévation,
ui_empty_3159fe4,string,,Empty,Vide,
ui_empty_bin_0cbe2d7,string,,Empty bin,Bac vide,
ui_empty_bin_bcf05c4,string,,Empty bin: %1$s,Corbeille vide : %1$s,keep %1$s
ui_empty_bin_optional_fallback_e40b857,string,,Empty bin (optional fallback),Corbeille vide (repli facultatif),
ui_empty_iframe_open_its_settings_in_edit_mode_and_c17ba2f,string,,Empty iFrame — open its settings in edit mode and enter a web address.,iFrame vide : ouvrez ses paramètres en mode édition et entrez une adresse Web.,
ui_empty_markdown_widget_open_its_settings_in_edit_mode_b65072d,string,,Empty markdown widget — open its settings in edit mode to write content.,Widget de démarque vide : ouvrez ses paramètres en mode édition pour écrire du contenu.,
ui_empty_stack_79d38d5,string,,Empty Stack,Pile vide,
ui_enable_cloud_backup_32fe82b,string,,Enable cloud backup,Activer la sauvegarde cloud,
ui_enable_home_assistant_backup_bd7cf62,string,,Enable Home Assistant backup,Activer la sauvegarde de Home Assistant,don't translate Home Assistant
ui_enable_the_features_hki_7_may_use_in_the_52e596d,string,,Enable the features HKI 7 may use in the background,Activer les fonctionnalités que HKI 7 peut utiliser en arrière-plan,don't translate HKI 7
ui_enabled_e22fb09,string,,ENABLED,ACTIVÉ,
ui_end_2a002eb,string,,End: %1$s,Fin : %1$s,keep %1$s
ui_energy_437bcb1,string,,Energy,Énergie,
ui_energy_cards_c84abda,string,,Energy Cards,Cartes d'énergie,
ui_energy_counters_imported_from_home_assistant_s_energy_dash_9dd23f9,string,,Energy counters imported from Home Assistant's Energy dashboard.,Compteurs d'énergie importés du tableau de bord Énergie de Home Assistant.,don't translate Home Assistant
ui_energy_stack_cards_5ac4b4c,string,,Energy Stack Cards,Cartes de pile d'énergie,
ui_energyscene_374cbbb,string,,energyScene,énergieScène,
ui_enter_a_pin_4e6a960,string,,Enter a PIN,Entrez un code PIN,
ui_enter_a_valid_json_object_00d1e89,string,,Enter a valid JSON object,Entrez un objet JSON valide,
ui_enter_an_address_manually_5eda99d,string,,Enter an address manually,Saisir une adresse manuellement,
ui_enter_code_ab45ae5,string,,Enter code,Entrez le code,
ui_enter_http_url_relative_path_or_webrtc_id_e_bb736eb,string,,"Enter HTTP URL, relative path, or WebRTC ID (e.g., poort_hd)","Saisissez l'URL HTTP, le chemin relatif ou l'ID WebRTC (par exemple, pauvret_hd)",
ui_enter_http_url_relative_path_or_webrtc_path_e_41da8c2,string,,"Enter HTTP URL, relative path, or WebRTC path (e.g., url: poort_hd)","Saisissez l'URL HTTP, le chemin relatif ou le chemin WebRTC (par exemple, URL : Poort_hd)",
ui_enter_the_same_data_object_home_assistant_shows_in_f7e27af,string,,Enter the same data object Home Assistant shows in YAML. JSON is used here so values keep their exact type.,Saisissez le même objet de données que Home Assistant affiche dans YAML. JSON est utilisé ici afin que les valeurs conservent leur type exact.,don't translate Home Assistant
ui_entities_390082d,string,,Entities · %1$s,Entités · %1$s,keep %1$s
ui_entities_6510c2f,string,,Entities (%1$s),Entités (%1$s),keep %1$s
ui_entities_9d88f3c,string,,entities,entités,
ui_entities_appearance_and_interactions_b90b013,string,,"Entities, appearance, and interactions","Entités, apparence et interactions",
ui_entities_f7638a2,string,,Entities,Entités,
ui_entities_that_signal_activity_or_safety_states_769b862,string,,Entities that signal activity or safety states,Entités qui signalent une activité ou des états de sécurité,
ui_entity_icons_gently_glow_spin_or_pulse_while_the_b3a8910,string,,"Entity icons gently glow, spin, or pulse while the device is on. Only active devices animate.","Les icônes d'entité brillent, tournent ou pulsent doucement lorsque l'appareil est allumé. Seuls les appareils actifs sont animés.",
ui_entity_integrations_852a3e0,string,,Entity integrations,Intégrations d'entités,
ui_entity_name_9543eb8,string,,Entity name,Nom de l'entité,
ui_entity_picture_0569c68,string,,Entity picture,Image de l'entité,
ui_entity_unavailable_3974ddb,string,,Entity unavailable,Entité indisponible,
ui_event_ad8919a,string,,Event,Événement,
ui_every_contribution_helps_and_payment_is_never_required_1bc44f2,string,,"Every contribution helps, and payment is never required",Chaque contribution est utile et le paiement n'est jamais requis,
ui_everyday_navigation_e2f1711,string,,Everyday navigation,Navigation au quotidien,
ui_everyone_c756f6a,string,,Everyone,Tout le monde,
ui_exact_text_or_number_reported_by_home_assistant_00e5cc6,string,,Exact text or number reported by Home Assistant,Texte ou numéro exact rapporté par Home Assistant,don't translate Home Assistant
ui_example_com_or_https_8381ca6,string,,example.com or https://…,exemple.com ou https://…,
ui_existing_camera_5fb3653,string,,Existing Camera,Caméra existante,
ui_exit_demo_mode_ab94122,string,,Exit Demo Mode,Quitter le mode démo,
ui_exit_full_screen_3d9afda,string,,Exit full screen,Quitter le plein écran,
ui_exiting_removes_the_sample_home_and_returns_to_the_05548e1,string,,"Exiting removes the sample home and returns to the welcome screen, where you can connect a real Home Assistant server.","Quitter supprime l'exemple d'accueil et revient à l'écran d'accueil, où vous pouvez connecter un véritable serveur Home Assistant.",don't translate Home Assistant
ui_expected_delivery_78d54b2,string,,Expected delivery,Livraison prévue,
ui_expected_today_4af5600,string,,Expected today,Attendu aujourd'hui,
ui_external_url_or_nabu_casa_url_d2e1eed,string,,External URL or Nabu Casa URL,URL externe ou URL Nabu Casa,don't translate Nabu Casa
ui_family_sharing_160fddb,string,,Family Sharing,Partage familial,
ui_family_sharing_settings_are_controlled_by_a_home_assistant_cdb35a2,string,,Family Sharing settings are controlled by a Home Assistant admin. You can use a dashboard shared with you below.,Les paramètres de partage familial sont contrôlés par un administrateur de Home Assistant. Vous pouvez utiliser un tableau de bord partagé avec vous ci-dessous.,don't translate Home Assistant
ui_fan_ec38406,string,,Fan,Ventilateur,
ui_fan_modes_fbaa3df,string,,Fan & modes,Ventilateur et modes,
ui_fans_73d38db,string,,Fans,Ventilateurs,
ui_fetch_climate_entities_from_home_assistant_again_a65f837,string,,Fetch climate entities from Home Assistant again.,Récupérez à nouveau les entités climatiques depuis Home Assistant.,don't translate Home Assistant
ui_fetch_rooms_floors_and_their_entities_from_home_assistant_0d84305,string,,"Fetch rooms, floors, and their entities from Home Assistant again.","Récupérez à nouveau les pièces, les étages et leurs entités depuis Home Assistant.",don't translate Home Assistant
ui_fetch_security_entities_from_home_assistant_again_577b666,string,,Fetch security entities from Home Assistant again.,Récupérez à nouveau les entités de sécurité de Home Assistant.,don't translate Home Assistant
ui_fetch_the_home_assistant_energy_dashboard_configuration_ag_9180e9b,string,,Fetch the Home Assistant energy dashboard configuration again.,Récupérez à nouveau la configuration du tableau de bord énergétique de Home Assistant.,don't translate Home Assistant
ui_find_home_assistant_locally_c992bdf,string,,Find Home Assistant locally,Trouver Home Assistant localement,don't translate Home Assistant
ui_firmware_94fe490,string,,Firmware %1$s,Micrologiciel %1$s,keep %1$s
ui_five_simple_gestures_are_all_you_need_to_get_d4c2675,string,,Five simple gestures are all you need to get around HKI 7.,Cinq gestes simples suffisent pour contourner HKI 7.,don't translate HKI 7
ui_fixed_tab_10fe998,string,,Fixed tab,Onglet fixe,
ui_floor_7db82f7,string,,Floor,Étage,
ui_floor_assignment_288a740,string,,Floor assignment,Affectation des étages,
ui_floor_name_e9d98d6,string,,Floor name,Nom de l'étage,
ui_floor_settings_640cb8e,string,,Floor settings,Paramètres du sol,
ui_flowphase_101d9f0,string,,flowPhase,Phase de flux,
ui_flows_1242655,string,,Flows,Flux,
ui_focused_groups_keep_advanced_options_easy_to_find_44ac86e,string,,Focused groups keep advanced options easy to find,Les groupes ciblés permettent de trouver facilement des options avancées,
ui_font_family_54a1848,string,,Font family,Famille de polices,
ui_font_size_ef89fc7,string,,Font size · %1$s%%,Taille de la police · %1$s%%,keep %1$s
ui_fonts_ffe688a,string,,Fonts,Polices,
ui_force_high_refresh_rate_214de79,string,,Force high refresh rate,Forcer un taux de rafraîchissement élevé,
ui_forecast_528bc4b,string,,Forecast,Prévision,
ui_forecast_entities_c950412,string,,Forecast entities,Entités de prévision,
ui_forget_selection_7864f34,string,,Forget selection,Oublier la sélection,
ui_forward_ba4e722,string,,Forward,Avant,
ui_from_ad3b521,string,,From %1$s,De %1$s,keep %1$s
ui_from_state_6c7eaef,string,,From state,De l'état,
ui_full_changelog_ae838e7,string,,Full changelog,Journal des modifications complet,
ui_full_controls_68749a5,string,,Full controls,Contrôles complets,
ui_full_day_name_25ab7ee,string,,Full Day Name,Nom de la journée complète,
ui_full_url_or_a_path_on_your_home_assistant_66f9c59,string,,Full URL or a path on your Home Assistant server (e.g. /local/vacuum.png),URL complète ou chemin sur votre serveur Home Assistant (par exemple /local/vacuum.png),don't translate Home Assistant
ui_gas_ead9650,string,,Gas,Gaz,
ui_generating_your_rooms_01654a1,string,,Generating your rooms,Générer vos pièces,
ui_get_started_bd2cb05,string,,Get Started,Commencer,
ui_give_a_humidifier_a_fan_select_input_select_to_860be4d,string,,"Give a humidifier a fan / select / input_select to control its speed; its options replace the humidifier's mode chips, and modes move to the dialog's nav bar.",Donnez à un humidificateur un ventilateur / select / input_select pour contrôler sa vitesse ; ses options remplacent les puces de mode de l'humidificateur et les modes sont déplacés vers la barre de navigation de la boîte de dialogue.,
ui_glow_6ae5a62,string,,glow,briller,
ui_glowphase_748e6d6,string,,glowPhase,phase lumineuse,
ui_glowpulse_9269294,string,,glowPulse,lueurPulse,
ui_good_61dedcf,string,,Good,Bien,
ui_google_drive_07c2964,string,,Google Drive,Google Drive,don't translate Google Drive
ui_got_it_5b8027f,string,,Got it,J'ai compris,
ui_got_it_let_s_explore_107038f,string,,Got it — let's explore,Compris – explorons,
ui_graph_sensor_c63cbb6,string,,Graph %1$s · %2$s sensor%3$s,Graphique %1$s · %2$s capteur%3$s,keep %1$s %2$s %3$s
ui_graph_style_6acd980,string,,Graph Style,Style de graphique,
ui_graphs_7839947,string,,Graphs,Graphiques,
ui_grid_density_and_button_presentation_b7907e5,string,,Grid density and button presentation,Densité de la grille et présentation des boutons,
ui_grid_density_width_and_tile_shape_267ad9a,string,,"Grid density, width, and tile shape","Densité, largeur et forme des carreaux de la grille",
ui_grid_phases_0a5eae5,string,,Grid & phases,Grille & phases,
ui_group_light_paused_for_manual_control_78d6b74,string,,%1$s group light%2$s paused for manual control.,%1$s groupe lumineux%2$s en pause pour le contrôle manuel.,keep %1$s %2$s
ui_group_related_cards_in_one_section_f978d2b,string,,Group related cards in one section,Regrouper les cartes associées dans une seule section,
ui_guide_motion_579dcaf,string,,guide_motion,guide_motion,
ui_guide_progress_6138614,string,,guide_progress,guide_progress,
ui_gust_53f5da4,string,, (gust %1$s),(rafale %1$s),keep %1$s; keep the space at the start/end
ui_h_0be1674,string,,%1$sh,%1$sh,keep %1$s
ui_header_31341c6,string,,Header,En-tête,
ui_header_appearance_40327c9,string,,Header appearance,Apparition de l'en-tête,
ui_header_custom_color_rrggbb_1887d0a,string,,Header custom color (#RRGGBB),Couleur personnalisée de l'en-tête (#RRGGBB),
ui_header_pill_d7520cf,string,,Header pill,Pilule d'en-tête,
ui_header_text_7f71314,string,,Header text,Texte d’en-tête,
ui_header_text_f7593e7,string,,Header Text,Texte d'en-tête,
ui_header_wallpaper_url_or_path_25cf2b6,string,,Header wallpaper URL or path,URL ou chemin du fond d’écran d’en-tête,
ui_heading_some_bold_text_a_list_item_one_item_b7f049b,string,,"# Heading\nSome **bold** text, a list:\n- item one\n- item two","# Titre\nDu texte **gras**, une liste :\n- élément un\n- point deux",\n = line break
ui_healthy_80ea156,string,,Healthy,En bonne santé,
ui_heating_f2a3e6e,string,,Heating,Chauffage,
ui_height_3f608b4,string,,Height,Hauteur,
ui_help_the_project_without_buying_premium_e960d10,string,,Help the project without buying Premium,Aidez le projet sans acheter Premium,
ui_hidden_1364716,string,,%1$s hidden,%1$s masqué,keep %1$s
ui_hidden_d4c2792,string,,Hidden,Caché,
ui_hidden_during_c0afbbc,string,,Hidden during,Caché pendant,
ui_hidden_rooms_f621ba4,string,,Hidden rooms,Pièces cachées,
ui_hidden_items_advanced_title,string,,Hidden items (advanced),Objets cachés (avancé),
ui_hidden_items_advanced_hint,string,,Comma-separated list of button entity ids or badge/widget ids to hide from this person specifically. A button's id is its entity id; a badge or widget's id is shown in its own Appearance settings.,Liste séparée par des virgules d'identifiants d'entité de bouton ou d'identifiants de badge/widget à masquer spécifiquement à cette personne. L'identifiant d'un bouton est son identifiant d'entité ; l'identifiant d'un badge ou d'un widget est affiché dans ses propres paramètres d'apparence.,
ui_hidden_views_3e16d85,string,,Hidden views,Vues cachées,
ui_hide_certain_views_or_rooms_from_specific_people_to_f10458c,string,,Hide certain views or rooms from specific people to keep their dashboard simple. This is UX-level hiding — it does not restrict what they can do in Home Assistant itself.,Masquez certaines vues ou pièces à des personnes spécifiques pour conserver la simplicité de leur tableau de bord. Il s’agit d’un masquage au niveau UX – cela ne restreint pas ce qu’ils peuvent faire dans Home Assistant lui-même.,don't translate Home Assistant
ui_hide_connection_notification_dcee06a,string,,Hide Connection Notification,Masquer la notification de connexion,
ui_hide_this_badge_or_schedule_when_it_appears_e149fbf,string,,"Hide this badge, or schedule when it appears",Masquer ce badge ou programmer son apparition,
ui_hide_this_button_or_schedule_when_it_appears_a28bf66,string,,"Hide this button, or schedule when it appears",Masquer ce bouton ou planifier son apparition,
ui_high_accuracy_mode_954d2c5,string,,High accuracy mode,Mode haute précision,
ui_history_90ccd64,string,,History,Historique,
ui_hki_7_68a9e17,string,,HKI 7,HKI7,don't translate HKI 7
ui_hki_7_collects_location_data_to_enable_presence_detection_2dda033,string,,HKI 7 collects location data to enable presence detection and zone-based ,HKI 7 collecte des données de localisation pour permettre la détection de présence et la détection de zones.,don't translate HKI 7; keep the space at the start/end
ui_hki_7_logo_a445c44,string,,HKI 7 logo,Logo HKI7,don't translate HKI 7
ui_hki_7_turns_your_native_home_assistant_entities_rooms_c95b345,string,,"HKI 7 turns your native Home Assistant entities, rooms, automations, media, energy data, and services into a configurable mobile dashboard. It is designed to stay connected to Home Assistant as the source of truth while offering a distinct HKI interface.","HKI 7 transforme vos entités, pièces, automatisations, médias, données énergétiques et services Home Assistant natifs en un tableau de bord mobile configurable. Il est conçu pour rester connecté à Home Assistant en tant que source de vérité tout en offrant une interface HKI distincte.","don't translate Home Assistant, HKI 7"
ui_hki_7_v_d5594a7,string,,HKI 7 v%1$s,HKI 7v%1$s,keep %1$s; don't translate HKI 7
ui_home_and_rooms_are_always_shown_reorder_the_other_bea984a,string,,Home and Rooms are always shown. Reorder the other tabs with the arrows and toggle each on or off.,La maison et les pièces sont toujours affichées. Réorganisez les autres onglets avec les flèches et activez ou désactivez-les.,
ui_home_assistant_backup_is_off_4524f2e,string,,Home Assistant backup is off,La sauvegarde de Home Assistant est désactivée,don't translate Home Assistant
ui_home_assistant_c8fd3bb,string,,Home Assistant,Assistante à domicile,don't translate Home Assistant
ui_home_assistant_instances_b0de2f3,string,,Home Assistant instances,Instances d'assistant à domicile,don't translate Home Assistant
ui_home_assistant_will_be_unavailable_briefly_while_it_restar_df30b45,string,,Home Assistant will be unavailable briefly while it restarts. Administrator access is required.,Home Assistant sera brièvement indisponible lors de son redémarrage. L'accès administrateur est requis.,don't translate Home Assistant
ui_home_security_aa534f2,string,,HOME SECURITY,SÉCURITÉ À DOMICILE,
ui_home_wi_fi_names_comma_separated_b71c6ab,string,,Home Wi-Fi names (comma separated),Noms des réseaux Wi-Fi domestiques (séparés par des virgules),
ui_hourly_forecast_50f6c9c,string,,Hourly forecast,Prévisions horaires,
ui_how_this_control_communicates_state_ad17a3d,string,,How this control communicates state,Comment ce contrôle communique l'état,
ui_how_this_icon_animates_while_the_device_is_active_dffdaf5,string,,"How this icon animates while the device is active. ""Auto"" follows the global setting; the rest override it for this icon.",Comment cette icône s'anime lorsque l'appareil est actif. « Auto » suit le paramètre global ; le reste le remplace par cette icône.,
ui_http_homeassistant_local_8123_67b2235,string,,http://homeassistant.local:8123,http://homeassistant.local:8123,
ui_http_url_relative_path_or_webrtc_name_e_g_dfc56c4,string,,"HTTP URL, relative path, or WebRTC name (e.g., url: poort_hd)","URL HTTP, chemin relatif ou nom WebRTC (par exemple, URL : pauvret_hd)",
ui_https_1a66279,string,,https://…,https://…,
ui_https_example_ui_nabu_casa_4d97501,string,,https://example.ui.nabu.casa,https://exemple.ui.nabu.casa,
ui_humidifiers_aa38e2a,string,,Humidifiers,Humidificateurs,
ui_humidifiers_are_found_automatically_from_the_humidifier_do_0717429,string,,Humidifiers are found automatically from the humidifier domain; add extra entities here if any are missing.,Les humidificateurs sont trouvés automatiquement à partir du domaine des humidificateurs ; ajoutez des entités supplémentaires ici s'il en manque.,
ui_humidifying_5d5f6c5,string,,Humidifying,Humidification,
ui_humidity_65adb9c,string,,Humidity,Humidité,
ui_humidity_control_devices_c7e4846,string,,Humidity control devices,Dispositifs de contrôle de l'humidité,
ui_humidity_sensor_graphed_in_activity_5b792e1,string,,Humidity sensor (graphed in Activity),Capteur d'humidité (représenté dans Activité),
ui_icon_716f63b,string,,Icon,Icône,
ui_icon_animation_5b1faae,string,,Icon animation,Animation d'icônes,
ui_icon_animations_and_effects_db0dea4,string,,Icon animations and effects,Animations et effets d'icônes,
ui_icon_eeaa97d,string,,Icon: %1$s,Icône : %1$s,keep %1$s
ui_icon_feedback_180b871,string,,Icon & feedback,Icône et commentaires,
ui_icons_edb8f6c,string,,Icons,Icônes,
ui_identity_7e5a975,string,,Identity,Identité,
ui_identity_and_connection_bee53f8,string,,Identity and connection,Identité et connexion,
ui_identity_presentation_indicators_and_maintenance_d46fbf4,string,,"Identity, presentation, indicators, and maintenance","Identité, présentation, indicateurs et maintenance",
ui_idle_cc1ebdd,string,,Idle,Inactif,
ui_image_50e19fd,string,,Image,Image,
ui_image_style_size_shape_and_background_40c17b6,string,,"Image style, size, shape, and background","Style, taille, forme et arrière-plan de l'image",
ui_image_url_or_path_ddd8d74,string,,Image URL or path,URL ou chemin de l'image,
ui_import_d6fbc9d,string,,Import,Importer,
ui_import_entities_that_have_not_been_edited_or_remove_6edde59,string,,"Import entities that have not been edited, or remove all climate edits and import from scratch.","Importez des entités qui n'ont pas été modifiées, ou supprimez toutes les modifications climatiques et importez à partir de zéro.",
ui_import_entities_that_have_not_been_edited_or_remove_9851b28,string,,"Import entities that have not been edited, or remove all security edits and import from scratch.","Importez des entités qui n'ont pas été modifiées, ou supprimez toutes les modifications de sécurité et importez à partir de zéro.",
ui_import_from_family_f9eb88d,string,,Import from family,Importer depuis la famille,
ui_import_only_rooms_and_entities_that_have_not_been_478d449,string,,"Import only rooms and entities that have not been edited, or remove all edited rooms and floors and import everything from scratch.","Importez uniquement les pièces et entités qui n'ont pas été modifiées, ou supprimez toutes les pièces et étages modifiés et importez tout à partir de zéro.",
ui_import_only_rooms_that_have_not_been_edited_or_d59bee5,string,,"Import only rooms that have not been edited, or rebuild everything. Rebuilding removes all edited rooms and floors before importing them from scratch.",Importez uniquement les pièces qui n'ont pas été modifiées ou reconstruisez tout. La reconstruction supprime toutes les pièces et tous les étages modifiés avant de les importer à partir de zéro.,
ui_import_sensors_with_device_class_battery_and_unit_of_dfaced9,string,,Import sensors with device_class battery and unit_of_measurement %.,Importez des capteurs avec la batterie device_class et unit_of_measurement %.,
ui_import_settings_that_have_not_been_edited_or_remove_2fc3850,string,,"Import settings that have not been edited, or remove all energy edits and import from scratch.","Importez les paramètres qui n'ont pas été modifiés, ou supprimez toutes les modifications énergétiques et importez à partir de zéro.",
ui_import_unedited_4a58143,string,,Import unedited,Importer sans modification,
ui_imported_stacks_cannot_be_removed_in_auto_mode_hide_608f9ed,string,,"Imported stacks cannot be removed in auto mode. Hide the stack instead, or take over / switch to manual mode to delete it permanently.","Les piles importées ne peuvent pas être supprimées en mode automatique. Masquez plutôt la pile, ou prenez le relais/passez en mode manuel pour la supprimer définitivement.",
ui_importing_820599d,string,,Importing…,Importation…,
ui_importing_areas_and_entities_from_home_assistant_0e50b82,string,,Importing areas and entities from Home Assistant…,Importation de zones et d’entités depuis Home Assistant…,don't translate Home Assistant
ui_incoming_outgoing_1815915,string,,%1$s incoming · %2$s outgoing%3$s,%1$s entrant · %2$s sortant%3$s,keep %1$s %2$s %3$s
ui_incoming_outgoing_49b9c0b,string,,%1$s incoming · %2$s outgoing,%1$s entrant · %2$s sortant,keep %1$s %2$s
ui_incorrect_pin_2de1d18,string,,Incorrect PIN,Code PIN incorrect,
ui_increase_5a7fecf,string,,Increase,Augmenter,
ui_individual_water_usage_21dd78c,string,,Individual water usage,Eau par appareil,
ui_individual_widgets_ff1526f,string,,Individual widgets,Widgets individuels,
ui_indoor_average_53abf03,string,,INDOOR AVERAGE,MOYENNE INTÉRIEURE,
ui_indoor_comfort_7060319,string,,Indoor comfort,Confort intérieur,
ui_instance_name_e98a2eb,string,,Instance name,Nom de l'instance,
ui_interactions_0b3583e,string,,Interactions,Interactions,
ui_internal_url_acab9b2,string,,Internal URL,URL interne,
ui_interval_seconds_eaeeb46,string,,Interval seconds,Secondes d'intervalle,
ui_is_c24d775,string,, is,est,keep the space at the start/end
ui_item_corner_roundness_5032003,string,,Item corner roundness,Arrondissement du coin de l'article,
ui_items_cabff0b,string,,%1$s items,%1$s articles,keep %1$s
ui_k_df46805,string,,%1$sK,%1$sK,keep %1$s
ui_keep_existing_edits_or_remove_all_battery_edits_and_acc0236,string,,"Keep existing edits, or remove all battery edits and import from scratch.",Conservez les modifications existantes ou supprimez toutes les modifications de la batterie et importez à partir de zéro.,
ui_keep_only_the_title_right_header_pill_and_back_7777651,string,,"Keep only the title, right header pill, and back button when a page has one.","Conservez uniquement le titre, l’en-tête droit et le bouton Précédent lorsqu’une page en possède un.",
ui_keeps_a_connection_to_home_assistant_for_instant_notificat_ecaee7d,string,,Keeps a connection to Home Assistant for instant notifications,Maintient une connexion à Home Assistant pour des notifications instantanées,don't translate Home Assistant
ui_keeps_presence_detection_and_zone_automations_working_andr_c48598a,string,,Keeps presence detection and zone automations working. Android should show ‘Allow all the time’.,Maintient le fonctionnement de la détection de présence et des automatisations de zones. Android devrait afficher « Autoriser tout le temps ».,
ui_keeps_your_device_location_updated_in_home_assistant_e295875,string,,Keeps your device location updated in Home Assistant,Maintient l'emplacement de votre appareil à jour dans Home Assistant,don't translate Home Assistant
ui_km_h_ede7178,string,,%1$s km/h,%1$skm/h,keep %1$s
ui_kwh_72c28e9,string,,kWh,kWh,
ui_languages_and_frameworks_used_by_the_android_app_fb4ac97,string,,Languages and frameworks used by the Android app,Langages et frameworks utilisés par l'application Android,
ui_last_backup_05509f8,string,,Last backup %1$s,Dernière sauvegarde %1$s,keep %1$s
ui_last_h_3faaee1,string,,Last %1$sh,Dernière %1$sh,keep %1$s
ui_last_run_b27f32a,string,,Last run %1$s,Dernière exécution %1$s,keep %1$s
ui_layout_972ad8d,string,,Layout,Disposition,
ui_leave_a_tip_5f90f10,string,,Leave a tip,Laisser un pourboire,
ui_leave_empty_to_use_the_home_assistant_name_f769e92,string,,Leave empty to use the Home Assistant name,Laissez vide pour utiliser le nom de Home Assistant,don't translate Home Assistant
ui_leave_this_empty_for_local_only_access_add_an_cc6bf85,string,,Leave this empty for local-only access. Add an external or Nabu Casa URL to use HKI 7 away from home.,Laissez ce champ vide pour un accès local uniquement. Ajoutez une URL externe ou Nabu Casa pour utiliser HKI 7 loin de chez vous.,"don't translate Nabu Casa, HKI 7"
ui_left_8ae1c34,string,,Left,Gauche,
ui_left_side_overflows_right_fc8533c,string,,Left side overflows right,Le côté gauche déborde à droite,
ui_less_526cb74,string,,Less,Moins,
ui_let_hki_7_create_the_first_version_for_you_dc36439,string,,Let HKI 7 create the first version for you.,Laissez HKI 7 créer la première version pour vous.,don't translate HKI 7
ui_let_this_person_enter_edit_mode_667df39,string,,Let this person enter edit mode,Laisser cette personne passer en mode édition,
ui_level_7c7f5d0,string,,Level,Niveau,
ui_level_unavailable_a442183,string,,Level unavailable,Niveau indisponible,
ui_license_3229609,string,,License,Licence,
ui_light_is_turned_off_ebc0cf1,string,,Light is turned off,La lumière est éteinte,
ui_lines_c6fd387,string,,Lines,Lignes,
ui_link_a_device_to_auto_fill_the_humidifier_s_6f65010,string,,"Link a device to auto-fill the humidifier's helper entities, or set them by hand",Associez un appareil pour remplir automatiquement les entités auxiliaires de l'humidificateur ou configurez-les manuellement.,
ui_link_a_speed_control_197d75a,string,,Link a speed control,Associer un contrôle de vitesse,
ui_linked_speed_control_optional_95fd680,string,,Linked speed control (optional),Contrôle de vitesse lié (en option),
ui_live_65c821a,string,,Live,En direct,
ui_live_6990f01,string,,LIVE,EN DIRECT,
ui_live_indicators_11ef687,string,,Live indicators,Indicateurs en direct,
ui_live_power_sensors_imported_from_home_assistant_s_configur_1b926f2,string,,Live power sensors imported from Home Assistant's configured Energy devices.,Capteurs de puissance en direct importés des appareils énergétiques configurés par Home Assistant.,don't translate Home Assistant
ui_loading_actions_260b0c0,string,,Loading actions…,Chargement des actions…,
ui_loading_actions_877bfd9,string,,Loading actions...,Chargement des actions...,
ui_loading_camera_50a8065,string,,Loading camera…,Chargement de la caméra…,
ui_loading_device_a3fda88,string,,Loading device...,Dispositif de chargement...,
ui_local_file_576d5ac,string,,Local file,Fichier local,
ui_local_network_optional_42aba01,string,,Local network (optional),Réseau local (facultatif),
ui_local_only_05ed059,string,,Local Only,Local uniquement,
ui_locating_e46bab0,string,,Locating…,Localisation…,
ui_location_access_3b68001,string,,Location access,Accès à la localisation,
ui_location_d219c68,string,,Location,Emplacement,
ui_location_unavailable_3a57dda,string,,Location Unavailable,Emplacement indisponible,
ui_lock_c37eb4c,string,,LOCK,VERROUILLAGE,
ui_locked_a798882,string,,Locked,Verrouillés,
ui_locks_the_screen_to_its_highest_refresh_rate_while_585256f,string,,Locks the screen to its highest refresh rate while the app is open (uses more battery).,Verrouille l'écran à sa fréquence de rafraîchissement la plus élevée lorsque l'application est ouverte (utilise plus de batterie).,
ui_log_in_again_1ee6e18,string,,Log in again,Connectez-vous à nouveau,
ui_logging_in_again_keeps_your_dashboard_and_settings_9a8ed6f,string,,Logging in again keeps your dashboard and settings.,"En vous reconnectant, vous conservez votre tableau de bord et vos paramètres.",
ui_logo_url_or_ha_local_path_optional_e795f06,string,,Logo URL or HA/local path (optional),URL du logo ou chemin HA/local (facultatif),
ui_logout_keep_config_32a0cfb,string,,Logout (Keep Config),Déconnexion (Conserver la configuration),
ui_low_a124947,string,,Low,Faible,
ui_low_ba7cae2,string,,%1$s low,%1$s faible,keep %1$s
ui_low_batteries_41d22d9,string,,%1$s low batteries,%1$s piles faibles,keep %1$s
ui_low_plan_a_replacement_34435da,string,,Low — plan a replacement,Faible : planifiez un remplacement,
ui_low_threshold_1ecfd8b,string,,Low threshold (%),Seuil bas (%),
ui_lunar_phase_301b75e,string,,Lunar phase,Phase lunaire,
ui_mail_92379cb,string,,Mail,Courrier,
ui_maintenance_94de303,string,,Maintenance,Entretien,
ui_manage_items_d854c4b,string,,Manage items,Gérer les éléments,
ui_manage_order_411f2d9,string,,Manage order,Gérer la commande,
ui_managed_by_an_admin_805ae65,string,,Managed by an admin,Géré par un administrateur,
ui_manual_configuration_only_selected_entities_and_devices_ar_10e150b,string,,Manual configuration: only selected entities and devices are shown.,Configuration manuelle : seules les entités et appareils sélectionnés sont affichés.,
ui_map_ab478f3,string,,Map,Carte,
ui_map_c5cc79f,string,,Map: %1$s,Carte : %1$s,keep %1$s
ui_map_camera_for_dialog_2bc4344,string,,Map camera (for dialog),Caméra cartographique (pour la boîte de dialogue),
ui_map_status_sensors_and_control_bindings_8cc2dbd,string,,"Map, status sensors, and control bindings","Carte, capteurs d'état et liaisons de contrôle",
ui_map_unavailable_0ccd149,string,,Map unavailable,Carte indisponible,
ui_markdown_23e67fc,string,,Markdown,Markdown,
ui_matching_entities_are_added_automatically_by_home_assistan_07ebdac,string,,Matching entities are added automatically by Home Assistant device class. Add any missing or custom entities here.,Les entités correspondantes sont ajoutées automatiquement par classe d’appareil Home Assistant. Ajoutez ici toutes les entités manquantes ou personnalisées.,don't translate Home Assistant
ui_media_0c77aee,string,,Media,Médias,
ui_media_browsing_isn_t_available_for_this_player_e068417,string,,Media browsing isn't available for this player.,La navigation multimédia n'est pas disponible pour ce lecteur.,
ui_media_library_b9c5845,string,,Media library,Médiathèque,
ui_media_players_a4b8cf2,string,,Media players,Lecteurs multimédias,
ui_media_players_ec25525,string,,Media Players,Lecteurs multimédias,
ui_messages_safety_and_portability_ee58dfe,string,,"Messages, safety, and portability","Messages, sécurité et portabilité",
ui_messages_sent_to_this_device_via_home_assistant_s_87e4a32,string,,Messages sent to this device via\nHome Assistant's notify service appear here.,Messages envoyés à cet appareil via\nLe service de notification de Home Assistant apparaît ici.,don't translate Home Assistant; \n = line break
ui_meteorological_tap_or_swipe_3f3d67e,string,,Meteorological · tap or swipe,Météorologique · appuyez ou faites glisser votre doigt,
ui_meter_readings_a3c12c4,string,,Meter readings,Relevés de compteurs,
ui_mixed_climate_5d22eb9,string,,Mixed climate,Climat mixte,
ui_mm_ce9b88b,string,,%1$s mm,%1$s mm,keep %1$s
ui_mmm_d_9367bcf,string,,"%1$s, MMM d","%1$s, MMM j",keep %1$s
ui_mode_a7b93d2,string,,Mode,Mode,
ui_modes_6fc3ca8,string,,MODES,MODES,
ui_modes_79f5b22,string,,Modes,Modes,
ui_monitoring_a814345,string,,Monitoring,Surveillance,
ui_moon_846b902,string,,Moon,Lune,
ui_move_down_260ff8a,string,,Move down,Descendre,
ui_move_up_b4f57cd,string,,Move up,Monter,
ui_mozilla_public_license_2_0_mpl_2_0_4ec8335,string,,Mozilla Public License 2.0 (MPL-2.0),Licence publique Mozilla 2.0 (MPL-2.0),
ui_multiple_climate_values_are_averaged_separate_sensor_value_cfccbf4,string,,Multiple climate values are averaged. Separate sensor values are averaged only when no climate source is selected.,Plusieurs valeurs climatiques sont moyennées. Les valeurs des capteurs séparés sont moyennées uniquement lorsqu'aucune source climatique n'est sélectionnée.,
ui_mywifi_mywifi_5g_2a163c1,string,,"MyWiFi, MyWiFi-5G","MonWiFi, MonWiFi-5G",
ui_n_b51a607,string,,N,N,
ui_name_709a232,string,,Name,Nom,
ui_name_a_z_257c1c4,string,,Name A-Z,Nom A-Z,
ui_name_and_icon_shown_above_this_container_9076bde,string,,Name and icon shown above this container,Nom et icône affichés au-dessus de ce conteneur,
ui_name_and_icon_shown_above_this_floor_3755eda,string,,Name and icon shown above this floor,Nom et icône affichés au-dessus de cet étage,
ui_name_and_icon_used_throughout_the_app_bed8e83,string,,Name and icon used throughout the app,Nom et icône utilisés dans toute l'application,
ui_name_optional_9c9f03a,string,,Name (optional),Nom (facultatif),
ui_name_subtitle_and_navigation_icon_3f2e8c4,string,,"Name, subtitle, and navigation icon","Nom, sous-titre et icône de navigation",
ui_name_this_device_4d603e2,string,,Name this device,Nommez cet appareil,
ui_name_width_and_icon_a4d694b,string,,"Name, width, and icon","Nom, largeur et icône",
ui_name_z_a_daabfb6,string,,Name Z-A,Nom Z-A,
ui_native_home_assistant_automations_always_in_sync_ae8941e,string,,"Native Home Assistant automations, always in sync","Automatisations Native Home Assistant, toujours synchronisées",don't translate Home Assistant
ui_navigation_bar_e90e3de,string,,Navigation Bar,Barre de navigation,
ui_network_routes_for_1d18efd,string,,Network routes for %1$s,Itinéraires réseau pour %1$s,keep %1$s
ui_never_sent_to_the_developer_or_to_any_third_f0479e9,string,,"never sent to the developer or to any third party, and you can turn this ","jamais envoyé au développeur ou à un tiers, et vous pouvez l'activer",keep the space at the start/end
ui_never_triggered_c91b347,string,,Never triggered,Jamais déclenché,
ui_new_dashboard_4d3c071,string,,New Dashboard,Nouveau tableau de bord,
ui_new_floor_1389094,string,,New floor,Nouveau sol,
ui_new_flow_d4cef94,string,,New flow,Nouveau flux,
ui_next_camera_14994be,string,,Next camera,Caméra suivante,
ui_no_active_parcels_or_mail_6c9d49c,string,,No active parcels or mail.,Aucun colis ou courrier actif.,
ui_no_activity_in_this_period_5cb3978,string,,No activity in this period,Aucune activité pendant cette période,
ui_no_adaptive_lighting_profiles_are_currently_available_6d29642,string,,No Adaptive Lighting profiles are currently available.,Aucun profil d’éclairage adaptatif n’est actuellement disponible.,
ui_no_air_purifiers_configured_add_fan_entities_under_climate_fd229a8,string,,No air purifiers configured. Add fan entities under Climate Settings → Climate Entities → Air purifiers.,Aucun purificateur d'air configuré. Ajoutez des entités de ventilateur sous Paramètres climatiques → Entités climatiques → Purificateurs d'air.,
ui_no_alarm_585ad82,string,,No alarm,Pas d'alarme,
ui_no_announced_letters_4382408,string,,No announced letters.,Aucune lettre annoncée.,
ui_no_archived_notifications_ed5604b,string,,No archived notifications,Aucune notification archivée,
ui_no_battery_entities_found_turn_off_battery_filtering_to_dfbc403,string,,No Battery+ entities found. Turn off Battery+ filtering to show all battery sensors.,Aucune entité Battery+ trouvée. Désactivez le filtrage Batterie+ pour afficher tous les capteurs de batterie.,
ui_no_battery_sensors_found_7cc0962,string,,No battery sensors found.,Aucun capteur de batterie trouvé.,
ui_no_camera_selected_717ad35,string,,No camera selected,Aucune caméra sélectionnée,
ui_no_carbon_intensity_sensor_found_on_this_device_140bf09,string,,No carbon intensity sensor found on this device,Aucun capteur d'intensité carbone trouvé sur cet appareil,
ui_no_cards_yet_open_the_stack_settings_to_pick_021dada,string,,No cards yet — open the stack settings to pick energy cards.,Aucune carte pour l'instant : ouvrez les paramètres de la pile pour choisir des cartes d'énergie.,
ui_no_cards_yet_open_the_stack_settings_to_pick_ca8008f,string,,No cards yet — open the stack settings to pick climate cards.,Pas encore de cartes – ouvrez les paramètres de la pile pour choisir des cartes climatiques.,
ui_no_climate_data_37d45e0,string,,No climate data,Aucune donnée climatique,
ui_no_climate_devices_found_thermostats_and_ac_units_from_2e47541,string,,No climate devices found. Thermostats and AC units from Home Assistant appear here automatically.,Aucun appareil de climatisation trouvé. Les thermostats et climatiseurs de Home Assistant apparaissent ici automatiquement.,don't translate Home Assistant
ui_no_collections_in_the_next_7_days_6d48bf4,string,,No collections in the next 7 days.,Aucune collecte dans les 7 prochains jours.,
ui_no_conditions_this_flow_always_continues_c95e76f,string,,No conditions — this flow always continues,Aucune condition - ce flux continue toujours,
ui_no_dashboards_have_been_shared_with_you_yet_ask_38b2c0d,string,,"No dashboards have been shared with you yet. Ask an admin to share one, or pick another option above.",Aucun tableau de bord n'a encore été partagé avec vous. Demandez à un administrateur d’en partager un ou choisissez une autre option ci-dessus.,
ui_no_dashboards_have_been_shared_with_you_yet_ask_877080a,string,,No dashboards have been shared with you yet. Ask an admin to share one.,Aucun tableau de bord n'a encore été partagé avec vous. Demandez à un administrateur d'en partager un.,
ui_no_data_d802d23,string,,No data,Aucune donnée,
ui_no_door_sensor_f6b60c8,string,,No door sensor,Pas de capteur de porte,
ui_no_energy_sensors_found_eeecdec,string,,No energy sensors found.,Aucun capteur d'énergie trouvé.,
ui_no_events_e339ba7,string,,No events,Aucun événement,
ui_no_fans_found_fan_entities_from_home_assistant_appear_279dab7,string,,No fans found. Fan entities from Home Assistant appear here automatically.,Aucun ventilateur trouvé. Les entités ventilateur de Home Assistant apparaissent ici automatiquement.,don't translate Home Assistant
ui_no_forecast_available_ed48809,string,,No forecast available,Aucune prévision disponible,
ui_no_graphs_yet_open_the_stack_settings_to_add_87f742f,string,,No graphs yet — open the stack settings to add sensor graphs.,Aucun graphique pour l'instant : ouvrez les paramètres de la pile pour ajouter des graphiques de capteur.,
ui_no_heading_162947f,string,,No heading,Pas de titre,
ui_no_hourly_forecast_available_9ef5a5f,string,,No hourly forecast available,Aucune prévision horaire disponible,
ui_no_humidifiers_found_humidifier_entities_from_home_assista_eeadbd7,string,,No humidifiers found. Humidifier entities from Home Assistant appear here automatically; extras can be added in Climate Settings.,Aucun humidificateur trouvé. Les entités humidificateurs de Home Assistant apparaissent ici automatiquement ; des extras peuvent être ajoutés dans les paramètres climatiques.,don't translate Home Assistant
ui_no_individual_water_devices_configured_d0060ba,string,,No individual water devices configured.,Aucun dispositif d'eau individuel configuré.,
ui_no_letter_image_available_eeb42c0,string,,No letter image available,Aucune image de lettre disponible,
ui_no_map_camera_configured_d72057b,string,,No map camera\nconfigured,Pas de caméra cartographique\nconfiguré,\n = line break
ui_no_map_camera_set_configure_in_button_settings_b54466c,string,,No map camera set.\nConfigure in button settings.,Aucune caméra cartographique définie.\nConfigurez dans les paramètres du bouton.,\n = line break
ui_no_matches_cd0af6c,string,,No matches,Aucune correspondance,
ui_no_matching_automations_4489522,string,,No matching automations,Aucune automatisation correspondante,
ui_no_media_players_found_1248a89,string,,No media players found.,Aucun lecteur multimédia trouvé.,
ui_no_native_home_assistant_automations_found_725a043,string,,No native Home Assistant automations found,Aucune automatisation native de Home Assistant trouvée,don't translate Home Assistant
ui_no_non_admin_users_found_on_this_home_assistant_e9e665d,string,,No non-admin users found on this Home Assistant.,Aucun utilisateur non-administrateur trouvé sur ce Home Assistant.,don't translate Home Assistant
ui_no_notifications_a72159d,string,,No Notifications,Aucune notification,
ui_no_notifications_b08626f,string,,No notifications,Aucune notification,
ui_no_options_available_7a19b6d,string,,No options available,Aucune option disponible,
ui_no_other_entities_on_this_device_fbc481b,string,,No other entities on this device.,Aucune autre entité sur cet appareil.,
ui_no_other_users_found_on_this_home_assistant_cb89d3d,string,,No other users found on this Home Assistant.,Aucun autre utilisateur trouvé sur ce Home Assistant.,don't translate Home Assistant
ui_no_parcel_selected_922a402,string,,No parcel selected,Aucune parcelle sélectionnée,
ui_no_parcels_cf4c0a0,string,,No %1$s parcels.,Aucun colis dans « %1$s ».,keep %1$s
ui_no_phase_sensors_configured_in_energy_settings_b88c1dc,string,,No phase sensors configured in Energy Settings.,Aucun capteur de phase configuré dans les paramètres énergétiques.,
ui_no_power_sensors_found_caf2e07,string,,No power sensors found.,Aucun capteur de puissance trouvé.,
ui_no_power_sensors_found_on_this_device_or_its_942e9be,string,,No power sensors found on this device (or its sub-devices) yet.,Aucun capteur de puissance trouvé sur cet appareil (ou ses sous-appareils) pour le moment.,
ui_no_profile_available_98d6e00,string,,No profile available,Aucun profil disponible,
ui_no_sensors_found_edacf22,string,,No %1$s sensors found.,Aucun capteur %1$s trouvé.,keep %1$s
ui_no_sensors_selected_open_the_widget_settings_in_edit_cd87a2e,string,,No sensors selected — open the widget settings in edit mode.,Aucun capteur sélectionné : ouvrez les paramètres du widget en mode édition.,
ui_no_servers_found_yet_make_sure_you_re_on_7e6832d,string,,"No servers found yet. Make sure you're on the same Wi-Fi, or enter the address below.",Aucun serveur trouvé pour l'instant. Assurez-vous que vous êtes sur le même réseau Wi-Fi ou saisissez l'adresse ci-dessous.,
ui_no_speed_control_linked_cb0e9ad,string,,No speed control linked,Pas de contrôle de vitesse lié,
ui_no_status_history_enable_parcel_history_in_the_integration_302ca4a,string,,No status history (enable parcel history in the integration options),Pas d'historique de statut (activer l'historique des colis dans les options d'intégration),
ui_no_stream_available_0535c4e,string,,No stream available,Aucun flux disponible,
ui_no_stream_available_6bfd14a,string,,No Stream Available,Aucun flux disponible,
ui_no_supported_alarm_modes_reported_by_this_entity_588b22a,string,,No supported alarm modes reported by this entity,Aucun mode d'alarme pris en charge signalé par cette entité,
ui_no_target_f919b89,string,,No target,Pas de cible,
ui_no_tariff_sensors_configured_in_energy_settings_2ad6a3c,string,,No tariff sensors configured in Energy Settings.,Aucun capteur tarifaire configuré dans les paramètres énergétiques.,
ui_no_thanks_6d745b3,string,,No thanks,Non merci,
ui_no_upcoming_collections_feff2a6,string,,No upcoming collections,Aucune collection à venir,
ui_no_waste_sensors_selected_68b51ce,string,,No waste sensors selected,Aucun capteur de déchets sélectionné,
ui_no_waste_sensors_selected_add_them_via_the_widget_554ff3d,string,,No waste sensors selected. Add them via the widget settings in edit mode.,Aucun capteur de déchets sélectionné. Ajoutez-les via les paramètres du widget en mode édition.,
ui_no_weather_cards_ce32255,string,,No weather cards,Pas de cartes météo,
ui_no_weather_entity_available_7476bcb,string,,No weather entity available,Aucune entité météo disponible,
ui_no_widgets_match_73a3c20,string,,"No widgets match ""%1$s""","Aucun widget ne correspond à ""%1$s""",keep %1$s
ui_none_6eef664,string,,None,Aucun,
ui_none_auto_cc8786f,string,,None / Auto,Aucun / Automatique,
ui_none_modes_stay_as_the_only_control_b62bff7,string,,None — modes stay as the only control,Aucun — les modes restent le seul contrôle,
ui_none_of_your_configured_carriers_support_adding_a_parcel_21dc0a4,string,,"None of your configured carriers support adding a parcel by tracking number. Account-based carriers (PostNL, DPD, DHL) only track what's already in your account.","Aucun de vos transporteurs configurés ne prend en charge l'ajout d'un colis par numéro de suivi. Les transporteurs basés sur un compte (PostNL, DPD, DHL) suivent uniquement ce qui se trouve déjà dans votre compte.",
ui_none_selected_5798946,string,,None selected,Aucun sélectionné,
ui_none_timer_follows_the_completion_time_only_09d470a,string,,None — timer follows the completion time only,Aucun — le minuteur suit uniquement l'heure d'achèvement,
ui_not_enough_data_cdb9d58,string,,Not enough data,Pas assez de données,
ui_not_enough_data_in_this_period_48188c4,string,,Not enough data in this period,Pas assez de données sur cette période,
ui_not_loaded_by_home_assistant_95f811a,string,,Not loaded by Home Assistant,Non chargé par Home Assistant,don't translate Home Assistant
ui_not_set_93039e6,string,,Not set,Non défini,
ui_nothing_here_7f42022,string,,Nothing here.,Rien ici.,
ui_nothing_hidden_fd1cdd3,string,,Nothing hidden,Rien de caché,
ui_nothing_is_shared_yet_fca61d0,string,,Nothing is shared yet.,Rien n'est encore partagé.,
ui_nothing_removed_d67902f,string,,Nothing removed.,Rien de supprimé.,
ui_nothing_removed_use_edit_mode_on_the_climate_page_dd07910,string,,Nothing removed. Use edit mode on the Climate page to remove cards; they land here and can be restored.,Rien de supprimé. Utilisez le mode édition sur la page Climat pour supprimer des cartes ; ils atterrissent ici et peuvent être restaurés.,
ui_nothing_to_reorder_yet_cdcbb36,string,,Nothing to reorder yet.,Rien à commander pour l'instant.,
ui_notification_c18f8f2,string,,Notification,Notification,
ui_notifications_753a22b,string,,Notifications,Notifications,
ui_notifications_are_delivered_over_the_app_s_live_connection_d2aa965,string,,Notifications are delivered over the app's live connection whenever it is open — send them from Home Assistant with the notify service for this device. Swipe in from the left edge to see the history.,Les notifications sont envoyées via la connexion en direct de l'application chaque fois qu'elle est ouverte – envoyez-les depuis Home Assistant avec le service de notification pour cet appareil. Faites glisser votre doigt depuis le bord gauche pour voir l’historique.,don't translate Home Assistant
ui_now_e3b8204,string,,Now,Maintenant,
ui_of_3_enabled_5cdedd4,string,,%1$s of 3 enabled,%1$s sur 3 activé,keep %1$s
ui_of_home_fdfd824,string,,%1$s%% of home,%1$s%% de la maison,keep %1$s
ui_off_ad50489,string,,OFF,DÉSACTIVÉ,
ui_off_at_any_time_in_android_settings_4607e2c,string,,off at any time in Android settings.,désactivé à tout moment dans les paramètres Android.,
ui_off_e3de5ab,string,,Off,Désactivé,
ui_ok_9ce3bd4,string,,OK,OK,
ui_on_12469c7,string,,On - %1$s%%,Activé - %1$s%%,keep %1$s
ui_on_387d7a5,string,,ON,SUR,
ui_on_e0049a6,string,,On,Activé,
ui_on_f9ca2fe,string,,%1$s%% • ON,%1$s%% • ACTIVÉ,keep %1$s
ui_on_these_wi_fi_networks_the_app_connects_via_82d3f1f,string,,On these Wi-Fi networks the app connects via the internal URL; everywhere else it uses the main server URL above.,"Sur ces réseaux Wi-Fi, l'application se connecte via l'URL interne ; partout ailleurs, il utilise l'URL du serveur principal ci-dessus.",
ui_on_this_device_a7f9620,string,,On this device,Sur cet appareil,
ui_onboard_step_fefaac1,string,,onboard_step,étape_à bord,
ui_only_percentage_sensors_classified_by_home_assistant_as_ba_0d94a2a,string,,Only percentage sensors classified by Home Assistant as batteries are imported. ,Seuls les capteurs à pourcentage classés par Home Assistant comme piles sont importés.,don't translate Home Assistant; keep the space at the start/end
ui_only_show_battery_entities_and_include_battery_type_detail_b216867,string,,Only show Battery+ entities and include battery type details,Afficher uniquement les entités Battery+ et inclure les détails du type de batterie,
ui_only_show_battery_entities_and_include_type_quantity_and_0d8ce40,string,,"Only show Battery+ entities and include type, quantity, and related battery info.","Afficher uniquement les entités Battery+ et inclure le type, la quantité et les informations associées sur la batterie.",
ui_open_camera_full_screen_afc186b,string,,Open camera full screen,Ouvrir la caméra en plein écran,
ui_open_cf9b770,string,,Open,Ouvrir,
ui_open_history_for_graph_ae801d5,string,,Open history for graph,Ouvrir l'historique pour le graphique,
ui_open_link_d2de1a2,string,,Open link,Ouvrir le lien,
ui_open_source_and_premium_licensing_0328125,string,,Open-source and premium licensing,Licences open source et premium,
ui_open_the_component_on_github_c1e5ee5,string,,Open the component on GitHub,Ouvrez le composant sur GitHub,
ui_open_this_panel_by_swiping_left_from_the_upper_671e63c,string,,Open this panel by swiping left from the upper-right edge of any page header.,Ouvrez ce panneau en faisant glisser votre doigt vers la gauche depuis le bord supérieur droit de n'importe quel en-tête de page.,
ui_opening_dashboard_8e99930,string,,Opening dashboard…,Ouverture du tableau de bord…,
ui_openstreetmap_fa78a33,string,,OpenStreetMap,OuvrirStreetMap,
ui_optional_context_shown_by_the_lock_card_03f6814,string,,Optional context shown by the lock card,Contexte facultatif affiché par la carte de verrouillage,
ui_optional_controls_and_sensors_for_richer_dialogs_7a80e7b,string,,Optional controls and sensors for richer dialogs,Commandes et capteurs en option pour des dialogues plus riches,
ui_optional_display_name_and_icon_override_f7a6cda,string,,Optional display name and icon override,Nom d’affichage facultatif et remplacement de l’icône,
ui_optional_fields_passed_to_home_assistant_54dffc6,string,,Optional fields passed to Home Assistant,Champs facultatifs transmis à Home Assistant,don't translate Home Assistant
ui_optional_label_shown_when_name_is_enabled_above_8229e92,string,,"Optional label shown when ""Name"" is enabled above",Étiquette facultative affichée lorsque « Nom » est activé ci-dessus,
ui_optional_name_and_icon_overrides_5dfd062,string,,Optional name and icon overrides,Remplacements facultatifs du nom et de l'icône,
ui_optional_name_and_icon_shown_above_this_stack_272f237,string,,Optional name and icon shown above this stack,Nom et icône facultatifs affichés au-dessus de cette pile,
ui_optional_premium_5ae8183,string,,Optional Premium,Prime facultative,
ui_optional_support_for_development_and_testing_costs_5d6af95,string,,Optional support for development and testing costs,Prise en charge facultative des coûts de développement et de test,
ui_optional_title_and_dashboard_width_e04c6e8,string,,Optional title and dashboard width,Titre facultatif et largeur du tableau de bord,
ui_optional_title_width_and_supported_shape_8b2e456,string,,"Optional title, width, and supported shape","Titre, largeur et forme pris en charge facultatifs",
ui_options_6bf5da9,string,,Options,Possibilités,
ui_organization_519255a,string,,Organization,Organisation,
ui_oscillate_3d3c9bd,string,,Oscillate,Osciller,
ui_outside_cbbef8c,string,,OUTSIDE,DEHORS,
ui_outside_is_never_auto_detected_either_link_a_weather_eb8cc14,string,,"Outside is never auto-detected. Either link a weather entity (it usually carries temperature, humidity and pressure) or pick individual outdoor sensors below. The temperature feeds the Outside tile and the hero's outside reading.","L'extérieur n'est jamais détecté automatiquement. Soit associez une entité météorologique (elle transporte généralement la température, l'humidité et la pression), soit choisissez des capteurs extérieurs individuels ci-dessous. La température alimente la tuile Extérieur et la lecture extérieure du héros.",
ui_outside_weather_entity_98e8465,string,,Outside weather entity,Entité météo extérieure,
ui_page_areas_1068b64,string,,Page areas,Zones de pages,
ui_page_icon_b58a288,string,,Page icon,Icône de page,
ui_page_identity_dafa8dd,string,,Page identity,Identité de la page,
ui_page_name_c99f51a,string,,Page name,Nom de la page,
ui_page_settings_0a44afc,string,,Page settings,Paramètres de la page,
ui_page_subtitle_8a04084,string,,Page subtitle,Sous-titre de la page,
ui_parcel_9ddaaee,string,,Parcel,Colis,
ui_parcels_16129ec,string,,Parcels,Colis,
ui_parental_controls_c4f61d0,string,,Parental controls,Contrôle parental,
ui_parental_controls_dashboard_sharing_and_permissions_b74e0c0,string,,"Parental controls, dashboard sharing, and permissions","Contrôles parentaux, partage de tableaux de bord et autorisations",
ui_parental_controls_sharing_needs_the_hki_7_cloud_component_7929459,string,,Parental controls & sharing — needs the HKI 7 Cloud component,Contrôle parental et partage – nécessite le composant HKI 7 Cloud,don't translate HKI 7 Cloud
ui_pause_781961b,string,,Pause,Pause,
ui_pause_adaptation_821b33e,string,,Pause adaptation,Suspendre l'adaptation,
ui_pending_timer_dbf15fa,string,,Pending timer,Minuterie en attente,
ui_people_b37554f,string,,People,Personnes,
ui_permission_needed_7c7a8e5,string,,Permission needed,Autorisation requise,
ui_permissions_d06d555,string,,Permissions,Autorisations,
ui_person_settings_977e009,string,,Person settings,Paramètres de la personne,
ui_personal_information_used_throughout_hki_7_b7d1b08,string,,Personal information used throughout HKI 7,Informations personnelles utilisées tout au long de HKI 7,don't translate HKI 7
ui_personalize_7602b35,string,,Personalize,Personnaliser,
ui_persons_order_9fe91dc,string,,Persons order,Commande de personnes,
ui_phase_17619b8,string,,Phase %1$s,Phase %1$s,keep %1$s
ui_pick_a_carbon_footprint_device_ea1fe94,string,,Pick a carbon footprint device,Choisissez un appareil à empreinte carbone,
ui_pick_a_device_to_auto_fill_the_sensors_below_f396326,string,,Pick a device to auto-fill the sensors below,Choisissez un appareil pour remplir automatiquement les capteurs ci-dessous,
ui_pick_a_source_device_or_fine_tune_individual_roles_beb54f5,string,,Pick a source device or fine-tune individual roles,Choisissez un appareil source ou affinez les rôles individuels,
ui_pick_a_starting_point_everything_remains_editable_340924e,string,,Pick a starting point; everything remains editable,Choisissez un point de départ ; tout reste modifiable,
ui_pickup_b6da461,string,,Pickup: %1$s,Ramassage : %1$s,keep %1$s
ui_pin_3adadd3,string,,PIN,ÉPINGLE,
ui_place_this_room_in_the_correct_floor_group_52c044a,string,,Place this room in the correct floor group,Placez cette pièce dans le bon groupe d'étages,
ui_placement_ab89d05,string,,Placement,Placement,
ui_playback_c8e3087,string,,Playback,Lecture,
ui_player_e53407c,string,,Player,Joueur,
ui_players_summarized_by_the_room_header_and_card_729ea70,string,,Players summarized by the room header and card,Joueurs résumés par l'en-tête de la salle et la carte,
ui_please_wait_5afeca7,string,,Please wait…,"S'il vous plaît, attendez…",
ui_position_d0b0314,string,,POSITION,POSITION,
ui_postal_code_optional_b86b6a2,string,,Postal code (optional),Code postal (facultatif),
ui_power_c2b6b52,string,,POWER,POUVOIR,
ui_power_overview_a204dd7,string,,Power overview,Aperçu de la puissance,
ui_power_per_phase_1f38fb0,string,,Power per phase,Puissance par phase,
ui_precipitation_60d5e73,string,,Precipitation,Précipitation,
ui_premium_icon_packs_animated_icons_and_artwork_premium_them_6363fef,string,,"Premium icon packs, animated icons and artwork, premium themes, entitlement services, and any separately marked premium modules are not covered by MPL-2.0. They remain proprietary and are licensed for personal use through a valid Premium entitlement.","Les packs d'icônes premium, les icônes et illustrations animées, les thèmes premium, les services de droits et tout module premium marqué séparément ne sont pas couverts par MPL-2.0. Ils restent propriétaires et sont concédés sous licence pour un usage personnel via un droit Premium valide.",
ui_presets_6891289,string,,PRESETS,PRÉRÉGLAGES,
ui_presets_e709e76,string,,Presets,Préréglages,
ui_press_ea683ad,string,,Press,Presse,
ui_prevents_android_from_delaying_battery_charging_and_presen_623b898,string,,"Prevents Android from delaying battery, charging, and presence updates while the device is idle.","Empêche Android de retarder les mises à jour de la batterie, du chargement et de la présence lorsque l'appareil est inactif.",
ui_previous_camera_5014da7,string,,Previous camera,Caméra précédente,
ui_produced_5028c07,string,,Produced %1$s,Produit %1$s,keep %1$s
ui_production_overview_fbbfc38,string,,Production overview,Aperçu de la production,
ui_profile_ff4fc02,string,,Profile,Profil,
ui_profile_switches_affect_every_light_assigned_to_19ba9ec,string,,Profile switches affect every light assigned to %1$s.,Les commutateurs de profil affectent chaque lumière attribuée à %1$s.,keep %1$s
ui_profiles_0c2a930,string,,Profiles,Profils,
ui_project_information_licensing_and_community_support_9fc47d6,string,,"Project information, licensing, and community support","Informations sur le projet, licences et soutien de la communauté",
ui_publish_one_of_your_dashboards_to_your_family_recipients_88c1d49,string,,Publish one of your dashboards to your family. Recipients import it from Settings › Dashboard and can pull updates later. Set what they may change under Permissions.,Publiez un de vos tableaux de bord à votre famille. Les destinataires l'importent depuis Paramètres > Tableau de bord et peuvent extraire les mises à jour ultérieurement. Définissez ce qu'ils peuvent modifier sous Autorisations.,
ui_published_to_your_family_33fc8da,string,,Published to your family,Publié dans votre famille,
ui_pulse_8439fc4,string,,pulse,impulsion,
ui_pulsescale_939f5c2,string,,pulseScale,échelle d'impulsion,
ui_push_delivery_and_history_aa3e29d,string,,Push delivery and history,Livraison push et historique,
ui_push_my_changes_now_ddff3f6,string,,Push my changes now,Pousser mes modifications maintenant,
ui_pushing_3c52088,string,,Pushing…,Pousser…,
ui_quick_actions_e47e804,string,,Quick actions,Actions rapides,
ui_quick_start_gesture_23ee6fe,string,,quick_start_gesture,quick_start_gesture,
ui_rain_0a858c9,string,,Rain,Pluie,
ui_rain_map_7c1862a,string,,Rain map,Carte des pluies,
ui_rain_map_image_url_0c47012,string,,Rain map image URL,URL de l’image de la carte des pluies,
ui_rain_map_url_iframe_3f22653,string,,Rain map URL (iframe),URL de la carte de pluie (iframe),
ui_re_import_batteries_9473d07,string,,Re-import batteries,Réimporter des batteries,
ui_re_import_batteries_f3b8458,string,,Re-import Batteries,Réimporter des piles,
ui_re_import_climate_3ed098c,string,,Re-import climate,Réimporter le climat,
ui_re_import_climate_f7f5678,string,,Re-import Climate,Réimporter le climat,
ui_re_import_energy_9e66bbb,string,,Re-import Energy,Réimporter de l’énergie,
ui_re_import_energy_c0b0fcc,string,,Re-import energy,Réimporter de l’énergie,
ui_re_import_rooms_6cc58f9,string,,Re-import rooms,Réimporter des pièces,
ui_re_import_rooms_b49077d,string,,Re-import Rooms,Réimporter des chambres,
ui_re_import_security_411e76d,string,,Re-import Security,Sécurité de réimportation,
ui_re_import_security_fcf0ad8,string,,Re-import security,Sécurité de réimportation,
ui_read_only_home_assistant_automation_46d25b7,string,,Read-only Home Assistant automation,Automatisation de Home Assistant en lecture seule,don't translate Home Assistant
ui_read_the_full_mpl_2_0_4d68c7d,string,,Read the full MPL 2.0,Lire la version complète de MPL 2.0,
ui_ready_20c7c55,string,,Ready,Prêt,
ui_receive_home_assistant_alerts_and_actionable_notifications_386435f,string,,Receive Home Assistant alerts and actionable notifications on this device.,Recevez des alertes Home Assistant et des notifications exploitables sur cet appareil.,don't translate Home Assistant
ui_recipes_create_regular_home_assistant_automations_you_can_a81bf72,string,,Recipes create regular Home Assistant automations. You can continue editing them in either HKI7 or Home Assistant.,Les recettes créent des automatisations régulières de Home Assistant. Vous pouvez continuer à les modifier dans HKI7 ou Home Assistant.,"don't translate Home Assistant, HKI7"
ui_recommended_e37d21e,string,,RECOMMENDED,RECOMMANDÉ,
ui_recording_09b5b61,string,,Recording · ,Enregistrement ·,keep the space at the start/end
ui_refresh_56e3bad,string,,Refresh,Rafraîchir,
ui_refresh_connection_46966aa,string,,Refresh Connection,Actualiser la connexion,
ui_refresh_interval_f086d9d,string,,Refresh interval,Intervalle d'actualisation,
ui_relock_after_4db5c55,string,,Relock after,Reverrouillez après,
ui_remote_access_is_ready_0e26b5a,string,,Remote access is ready.,L'accès à distance est prêt.,
ui_remote_access_optional_75dd54d,string,,Remote access (optional),Accès à distance (facultatif),
ui_remove_436e1a0,string,,Remove %1$s?,Supprimer %1$s ?,keep %1$s
ui_remove_avatar_58e0c56,string,,Remove avatar,Supprimer l'avatar,
ui_remove_e963907,string,,Remove,Retirer,
ui_remove_edits_and_import_all_7f0b4a1,string,,Remove edits and import all,Supprimer les modifications et tout importer,
ui_removed_entities_559c584,string,,Removed entities (%1$s),Entités supprimées (%1$s),keep %1$s
ui_removed_entities_6dbeb2d,string,,Removed entities,Entités supprimées,
ui_removed_entities_are_excluded_from_cards_graphs_tiles_and_628e91a,string,,"Removed entities are excluded from cards, graphs, tiles and averages. Tap ✕ to restore.","Les entités supprimées sont exclues des cartes, des graphiques, des vignettes et des moyennes. Appuyez sur ✕ pour restaurer.",
ui_rename_d3f4cb8,string,,Rename,Rebaptiser,
ui_rename_dashboard_ceb1d6d,string,,Rename dashboard,Renommer le tableau de bord,
ui_rename_home_assistant_f1a0d6f,string,,Rename Home Assistant,Renommer l'assistant à domicile,don't translate Home Assistant
ui_rename_players_and_choose_which_ones_may_show_the_212864f,string,,Rename players and choose which ones may show the mini player above the navigation bar while playing.,Renommez les joueurs et choisissez lesquels peuvent afficher le mini-lecteur au-dessus de la barre de navigation pendant la lecture.,
ui_rename_players_and_mini_player_visibility_8d0e1f7,string,,Rename players and mini player visibility,Renommer les joueurs et la visibilité des mini-joueurs,
ui_rendering_style_and_history_range_be872e9,string,,Rendering style and history range,Style de rendu et plage historique,
ui_reorder_and_hide_tabs_39de701,string,,Reorder and hide tabs,Réorganiser et masquer les onglets,
ui_reorder_cameras_b226c47,string,,Reorder cameras,Réorganiser les caméras,
ui_reorder_cards_147ed64,string,,Reorder cards,Réorganiser les cartes,
ui_reorder_devices_8bcc061,string,,Reorder devices,Réorganiser les appareils,
ui_repeat_659eba1,string,,Repeat,Répéter,
ui_repeats_every_day_only_the_time_of_day_is_a71f502,string,,Repeats every day — only the time of day is used.,Se répète tous les jours — seule l'heure de la journée est utilisée.,
ui_repeats_every_month_only_the_day_of_the_month_93ca445,string,,Repeats every month — only the day of the month and time are used.,Se répète tous les mois — seuls le jour du mois et l'heure sont utilisés.,
ui_repeats_every_week_only_the_weekday_and_time_are_8f36757,string,,Repeats every week — only the weekday and time are used.,Se répète chaque semaine — seuls le jour et l'heure de la semaine sont utilisés.,
ui_repeats_every_year_the_year_is_ignored_so_e_a661f32,string,,"Repeats every year — the year is ignored, so e.g. 24–26 Dec recurs each Christmas.","Se répète chaque année - l'année est ignorée, donc par ex. Du 24 au 26 décembre se reproduit chaque Noël.",
ui_require_an_extra_gesture_or_pin_before_actions_run_19ae393,string,,Require an extra gesture or PIN before actions run,Exiger un geste ou un code PIN supplémentaire avant l'exécution des actions,
ui_required_9100e2e,string,, (required),(requis),keep the space at the start/end
ui_required_state_bdc9c95,string,,Required state,État requis,
ui_reset_44c57ab,string,,Reset,Réinitialiser,
ui_reset_everything_2d6cd07,string,,Reset Everything,Tout réinitialiser,
ui_restart_b134bd5,string,,Restart,Redémarrage,
ui_restart_home_assistant_0206bf0,string,,Restart Home Assistant?,Redémarrer Home Assistant ?,don't translate Home Assistant
ui_restart_home_assistant_551322c,string,,Restart Home Assistant,Redémarrer Home Assistant,don't translate Home Assistant
ui_restarting_b86eee1,string,,Restarting…,Redémarrage…,
ui_restore_3cbe6d6,string,,Restore,Restaurer,
ui_restore_backup_a65eaa8,string,,Restore backup,Restaurer la sauvegarde,
ui_restore_from_cloud_52b6663,string,,Restore from cloud,Restaurer depuis le cloud,
ui_restore_from_home_assistant_13aec1d,string,,Restore from Home Assistant,Restaurer depuis Home Assistant,don't translate Home Assistant
ui_resume_adaptation_ac73b12,string,,Resume adaptation,Reprendre l'adaptation,
ui_resume_b3bd0b5,string,,Resume,CV,
ui_reverse_57f9933,string,,Reverse,Inverse,
ui_right_954daa8,string,,Right,Droite,
ui_right_side_overflows_left_d75893d,string,,Right side overflows left,Le côté droit déborde à gauche,
ui_room_areas_584c8ee,string,,Room areas,Zones des chambres,
ui_room_climate_c57811d,string,,Room climate,Climat ambiant,
ui_room_name_8605e33,string,,Room name,Nom de la pièce,
ui_room_scale_6602c22,string,,room-scale,à l'échelle de la pièce,
ui_rooms_3a28d6f,string,,Rooms,Chambres,
ui_rooms_are_imported_2ef3415,string,,Rooms are imported,Les pièces sont importées,
ui_rooms_in_auto_mode_are_imported_from_home_assistant_c583d84,string,,Rooms in auto mode are imported from Home Assistant. Switch to manual or take over the current dashboard to add widgets by hand.,Les pièces en mode automatique sont importées depuis Home Assistant. Passez en mode manuel ou reprenez le tableau de bord actuel pour ajouter des widgets manuellement.,don't translate Home Assistant
ui_rotation_acaf322,string,,rotation,rotation,
ui_roundness_of_buttons_cards_and_widgets_3573fff,string,,"Roundness of buttons, cards and widgets","Rondeur des boutons, cartes et widgets",
ui_run_b1b3926,string,,Run,Courir,
ui_run_mode_12ce660,string,,Run mode,Mode exécution,
ui_running_state_entity_3c8ffde,string,,Running-state entity,Entité à l'état d'exécution,
ui_s_02aa629,string,,S,S,
ui_s_are_81c69ca,string,,s are,les s sont,
ui_s_refresh_10a9b0b,string,,%1$ss refresh,Actualisation de %1$ss,keep %1$s
ui_save_efc007a,string,,Save,Sauvegarder,
ui_save_in_home_assistant_eacb2ce,string,,Save in Home Assistant,Enregistrer dans Home Assistant,don't translate Home Assistant
ui_save_local_network_7f0247d,string,,Save Local Network,Enregistrer le réseau local,
ui_save_or_restore_dashboard_configuration_be8f39f,string,,Save or restore dashboard configuration,Enregistrer ou restaurer la configuration du tableau de bord,
ui_save_profile_f597c0e,string,,Save profile,Enregistrer le profil,
ui_save_remote_access_05740bc,string,,Save Remote Access,Enregistrer l'accès à distance,
ui_saved_directly_in_the_native_automation_734f9ba,string,,Saved directly in the native automation,Enregistré directement dans l'automatisation native,
ui_saving_56a2285,string,,Saving…,Économie…,
ui_scanning_36c4a06,string,,Scanning…,Balayage…,
ui_scheduled_1cd1bda,string,,Scheduled,Programmé,
ui_search_actions_9313854,string,,Search actions,Actions de recherche,
ui_search_automations_9172ba9,string,,Search automations,Automatisations de recherche,
ui_search_batteries_a63e58b,string,,Search batteries,Rechercher des piles,
ui_search_bce0641,string,,Search,Recherche,
ui_search_by_name_28abc03,string,,Search by name,Rechercher par nom,
ui_search_devices_2ce0b70,string,,Search devices,Rechercher des appareils,
ui_search_entities_7c70008,string,,Search entities,Rechercher des entités,
ui_search_f54fbca,string,,Search…,Rechercher…,
ui_search_filters_3d10e32,string,,Search & filters,Recherche et filtres,
ui_search_sort_9fe6cb4,string,,Search & sort,Rechercher et trier,
ui_search_the_material_design_icon_library_2a2aa8d,string,,Search the Material Design icon library,Rechercher dans la bibliothèque d'icônes Material Design,
ui_search_widgets_9525879,string,,Search widgets,Widgets de recherche,
ui_season_62255f5,string,,Season,Saison,
ui_season_card_flip_6683142,string,,season-card-flip,retournement de carte de saison,
ui_secondary_line_ca81690,string,,Secondary line,Ligne secondaire,
ui_seconds_5fb1db5,string,,Seconds,Secondes,
ui_securitydoor_929c4fc,string,,securityDoor,sécuritéPorte,
ui_securitygarage_499e9f7,string,,securityGarage,sécuritéGarage,
ui_securitygate_0743480,string,,securityGate,porte de sécurité,
ui_securityhouse_08bd121,string,,securityHouse,sécuritéMaison,
ui_securityphase_f4739f6,string,,securityPhase,phase de sécurité,
ui_securitypulse_5340cf8,string,,securityPulse,sécuritéPulse,
ui_securitywindow_4619bf3,string,,securityWindow,fenêtre de sécurité,
ui_select_0fc8ec5,string,,Select %1$s,Sélectionner %1$s,keep %1$s
ui_select_a_mode_to_continue_0426fc8,string,,Select a mode to continue,Sélectionnez un mode pour continuer,
ui_select_an_effect_to_turn_it_on_75d9bec,string,,Select an effect to turn it on,Sélectionnez un effet pour l'activer,
ui_select_an_inverter_device_in_energy_settings_solar_to_4a0aade,string,,Select an inverter device in Energy Settings → Solar to list its inverters here.,Sélectionnez un appareil onduleur dans Paramètres énergétiques → Solaire pour répertorier ses onduleurs ici.,
ui_select_an_option_08d7aa3,string,,Select an option,Sélectionnez une option,
ui_select_battery_devices_bfc9841,string,,Select Battery Devices,Sélectionnez les appareils à batterie,
ui_select_battery_entities_b08b299,string,,Select Battery Entities,Sélectionnez les entités de batterie,
ui_select_battery_sensor_51f1222,string,,Select Battery Sensor,Sélectionnez le capteur de batterie,
ui_select_calendars_and_the_view_shown_first_d5c38b5,string,,Select calendars and the view shown first,Sélectionnez les calendriers et la vue affichée en premier,
ui_select_calendars_e26b0da,string,,Select Calendars,Sélectionnez les calendriers,
ui_select_camera_70cf6fb,string,,Select Camera,Sélectionnez la caméra,
ui_select_climate_card_18f3b6e,string,,Select Climate Card,Sélectionnez la carte climatique,
ui_select_device_87a4751,string,,Select Device,Sélectionnez un appareil,
ui_select_door_sensor_f345fbf,string,,Select Door Sensor,Sélectionnez le capteur de porte,
ui_select_empty_bin_control_d992252,string,,Select Empty Bin Control,Sélectionnez le contrôle de la corbeille vide,
ui_select_energy_card_9b5bf0c,string,,Select Energy Card,Sélectionnez la carte d'énergie,
ui_select_entities_affed45,string,,Select Entities,Sélectionner des entités,
ui_select_entity_4b3713e,string,,Select Entity,Sélectionner une entité,
ui_select_forecast_entities_f0ec511,string,,Select Forecast Entities,Sélectionnez les entités de prévision,
ui_select_humidity_sensor_8192d0e,string,,Select Humidity Sensor,Sélectionnez le capteur d'humidité,
ui_select_map_camera_d5ae262,string,,Select Map Camera,Sélectionnez la caméra cartographique,
ui_select_media_player_73f4f5b,string,,Select Media Player,Sélectionnez le lecteur multimédia,
ui_select_media_players_e0da90e,string,,Select Media Players,Sélectionnez les lecteurs multimédias,
ui_select_outside_3593063,string,,Select outside %1$s,Sélectionnez à l'extérieur de %1$s,keep %1$s
ui_select_running_state_entity_136482a,string,,Select running-state entity,Sélectionnez l'entité en état d'exécution,
ui_select_sensor_2564e1a,string,,Select Sensor,Sélectionnez le capteur,
ui_select_sensors_5141d75,string,,Select Sensors,Sélectionnez les capteurs,
ui_select_speed_control_20f7efa,string,,Select speed control,Sélectionnez le contrôle de la vitesse,
ui_select_target_entity_654e6ac,string,,Select Target Entity,Sélectionnez l'entité cible,
ui_select_temperature_sensor_821f54c,string,,Select Temperature Sensor,Sélectionnez le capteur de température,
ui_select_the_alarm_panels_summarized_by_this_pill_f9b23e6,string,,Select the alarm panels summarized by this pill,Sélectionnez les panneaux d'alarme résumés par cette pilule,
ui_select_to_auto_detect_map_battery_and_controls_72bc9d7,string,,"Select to auto-detect map, battery and controls","Sélectionnez pour détecter automatiquement la carte, la batterie et les commandes",
ui_select_to_auto_fill_helper_entities_below_84a8833,string,,Select to auto-fill helper entities below,Sélectionnez pour remplir automatiquement les entités d'assistance ci-dessous,
ui_select_vacuum_4663021,string,,Select Vacuum,Sélectionnez Vide,
ui_select_vacuum_entity_dbda6f4,string,,Select Vacuum Entity,Sélectionnez l'entité de vide,
ui_select_vacuums_7c2d22a,string,,Select Vacuums,Sélectionnez les aspirateurs,
ui_select_waste_sensors_6006d5f,string,,Select Waste Sensors,Sélectionnez les capteurs de déchets,
ui_select_water_level_562845a,string,,Select Water Level,Sélectionnez le niveau d'eau,
ui_select_weather_2357e9d,string,,Select Weather,Sélectionnez la météo,
ui_select_weather_entity_d489986,string,,Select Weather Entity,Sélectionner une entité météo,
ui_select_week_calendar_640f382,string,,Select Week Calendar,Sélectionnez le calendrier hebdomadaire,
ui_selected_61ed328,string,,%1$s selected,%1$s sélectionné,keep %1$s
ui_selected_b82aaa5,string,,%1$s · Selected,%1$s · Sélectionné,keep %1$s
ui_selected_for_this_card_3c4a588,string,,%1$s selected for this card,%1$s sélectionné pour cette carte,keep %1$s
ui_sensor_620ec21,string,,%1$s sensor%2$s,%1$s capteur%2$s,keep %1$s %2$s
ui_sensor_efb9fbf,string,,SENSOR,CAPTEUR,
ui_sensor_graphs_5eb3573,string,,Sensor Graphs,Graphiques des capteurs,
ui_sensor_picture_c3a0ed2,string,,Sensor picture,Image du capteur,
ui_sensors_711bf35,string,,Sensors,Capteurs,
ui_sensors_and_an_optional_week_calendar_399bad3,string,,Sensors and an optional week calendar,Capteurs et calendrier hebdomadaire en option,
ui_sensors_are_found_automatically_by_device_class_add_sensor_150bab5,string,,%1$s sensors are found automatically by device class; add sensors missing that class here.,Les capteurs %1$s sont trouvés automatiquement par classe d'appareil ; ajoutez ici les capteurs manquant cette classe.,keep %1$s
ui_separate_commercial_content_0408620,string,,Separate commercial content,Contenu commercial séparé,
ui_server_url_1d5d1ef,string,,Server URL,URL du serveur,
ui_services_data_7864c0a,string,,Services & data,Services et données,
ui_session_f7f1997,string,,Session,Session,
ui_set_448ab73,string,,Set,Ensemble,
ui_set_a_rain_map_image_url_in_this_widget_03729b8,string,,Set a rain map image URL in this widget's settings,Définir une URL d'image de carte de pluie dans les paramètres de ce widget,
ui_set_the_control_style_for_every_thermostat_on_this_de5cd1e,string,,Set the control style for every thermostat on this Climate page. Standalone climate widgets keep their own layout settings.,Définissez le style de contrôle pour chaque thermostat sur cette page Climat. Les widgets climatiques autonomes conservent leurs propres paramètres de mise en page.,
ui_set_what_each_person_may_do_per_user_like_aa86ea2,string,,"Set what each person may do — per user, like the hidden views above. These apply when they use a dashboard you shared.","Définissez ce que chaque personne peut faire – par utilisateur, comme les vues cachées ci-dessus. Celles-ci s'appliquent lorsqu'ils utilisent un tableau de bord que vous avez partagé.",
ui_settings_c7f73bb,string,,Settings,Paramètres,
ui_setup_changed_b184bf0,string,,Setup changed,Configuration modifiée,
ui_setup_progress_1a8adef,string,,Setup progress,Progression de la configuration,
ui_shape_and_width_on_the_dashboard_c89fefa,string,,Shape and width on the dashboard,Forme et largeur sur le tableau de bord,
ui_shape_ea5c1a2,string,,Shape,Forme,
ui_shape_visible_information_and_icon_behavior_63dec1c,string,,"Shape, visible information, and icon behavior","Forme, informations visibles et comportement des icônes",
ui_share_09ca55c,string,,Share,Partager,
ui_share_b300e5f,string,,"Share ""%1$s""","Partager ""%1$s""",keep %1$s
ui_share_dashboards_0917ff1,string,,Share dashboards,Partager des tableaux de bord,
ui_shared_dashboard_86876c0,string,,Shared dashboard,Tableau de bord partagé,
ui_shared_with_me_f40ca84,string,,Shared with me,Partagé avec moi,
ui_sharing_ad00590,string,,Sharing…,Partage…,
ui_show_a_descending_timer_when_the_value_is_a_1ae7350,string,,"Show a descending timer when the value is a completion time (e.g. a washer/dryer finish time). Active while counting, off at zero.","Afficher une minuterie décroissante lorsque la valeur est une heure de fin (par exemple, une heure de fin de laveuse/sécheuse). Actif pendant le comptage, éteint à zéro.",
ui_show_a_live_radar_rain_map_card_a_camera_a0e11c8,string,,Show a live radar/rain map card — a camera entity or an embedded web page (iframe),Afficher une carte radar/pluie en direct – une entité de caméra ou une page Web intégrée (iframe),
ui_show_activity_badge_f5d56bb,string,,Show activity badge,Afficher le badge d'activité,
ui_show_badge_bar_827499b,string,,Show badge bar,Afficher la barre de badges,
ui_show_flows_button_9e888be,string,,Show flows button,Bouton Afficher les flux,
ui_show_global_search_e7aefbe,string,,Show global search,Afficher la recherche globale,
ui_show_group_380c43e,string,,Show group,Afficher le groupe,
ui_show_in_header_43f0dfd,string,,Show in header,Afficher dans l'en-tête,
ui_show_persons_c4e81a0,string,,Show persons,Afficher les personnes,
ui_show_the_automations_flows_button_16254ce,string,,Show the automations (flows) button,Afficher le bouton des automatisations (flux),
ui_show_the_entity_s_state_or_one_of_its_1008a4d,string,,"Show the entity's state, or one of its attributes instead","Afficher l'état de l'entité, ou l'un de ses attributs",
ui_show_the_entity_s_state_or_one_of_its_e721168,string,,"Show the entity's state, or one of its attributes instead.","Affichez plutôt l'état de l'entité, ou l'un de ses attributs.",
ui_show_the_global_search_button_0517d8b,string,,Show the global search button,Afficher le bouton de recherche globale,
ui_show_widget_name_5ad7fc9,string,,Show widget name,Afficher le nom du widget,
ui_shown_b1015a1,string,,%1$s shown,%1$s affiché,keep %1$s
ui_shows_an_icon_matching_the_waste_type_gft_pmd_1966fe0,string,,"Shows an icon matching the waste type (GFT, PMD, paper, …).","Affiche une icône correspondant au type de déchet (GFT, PMD, papier,…).",
ui_side_split_alignment_b9c5399,string,,Side (split alignment),Côté (alignement divisé),
ui_sign_out_safely_or_reset_this_installation_681fac2,string,,Sign out safely or reset this installation,Déconnectez-vous en toute sécurité ou réinitialisez cette installation,
ui_signing_you_in_10d0636,string,,Signing you in…,Vous connecter…,
ui_size_shape_and_artwork_4bb38bb,string,,"Size, shape, and artwork","Taille, forme et illustration",
ui_size_shape_and_background_24dd9b6,string,,"Size, shape, and background","Taille, forme et arrière-plan",
ui_snapshot_b08ae37,string,,Snapshot,Instantané,
ui_solar_0e26539,string,,Solar,Solaire,
ui_solar_noon_599372c,string,,Solar noon %1$s,Midi solaire %1$s,keep %1$s
ui_sort_d5f73d6,string,,Sort: %1$s,Trier : %1$s,keep %1$s
ui_source_and_card_refresh_behavior_0a26324,string,,Source and card refresh behavior,Comportement d'actualisation de la source et de la carte,
ui_source_device_4ddad2a,string,,Source device,Périphérique source,
ui_span_badges_58c73f2,string,,Span badges,Insignes d'envergure,
ui_speed_265ffc5,string,,SPEED,VITESSE,
ui_speed_control_89a2786,string,,Speed control,Contrôle de vitesse,
ui_spin_a801301,string,,spin,rotation,
ui_square_82810cb,string,,Square,Carré,
ui_stack_cards_8bdc343,string,,Stack Cards,Empiler des cartes,
ui_stack_layout_1623679,string,,Stack layout,Disposition de la pile,
ui_stack_name_7507e93,string,,Stack name,Nom de la pile,
ui_stack_page_3d91ce9,string,,stack_page,page_pile,
ui_stack_title_46ccc2d,string,,Stack title,Titre de la pile,
ui_stack_title_cc2f1ed,string,,Stack Title,Titre de la pile,
ui_stacks_249f056,string,,Stacks,Piles,
ui_standard_2dfa660,string,,Standard,Standard,
ui_start_24758a5,string,,Start: %1$s,Début : %1$s,keep %1$s
ui_start_empty_25336ee,string,,Start empty,Commencer vide,
ui_start_empty_888db50,string,,Start Empty,Commencer vide,
ui_start_new_dashboard_8c71127,string,,Start new dashboard?,Démarrer un nouveau tableau de bord ?,
ui_start_with_a_useful_recipe_then_adjust_each_step_d560a2a,string,,"Start with a useful recipe, then adjust each step","Commencez par une recette utile, puis ajustez chaque étape",
ui_state_a725020,string,,State,État,
ui_state_bef84bb,string,,STATE,ÉTAT,
ui_state_text_6749c0a,string,,State text,Texte de l'état,
ui_stream_df06386,string,,Stream,Flux,
ui_style_99a0efc,string,,Style,Style,
ui_sunrise_and_sunset_data_unavailable_3295324,string,,Sunrise and sunset data unavailable,Données de lever et de coucher du soleil indisponibles,
ui_sunrise_fadf71c,string,,Sunrise,Lever du soleil,
ui_sunset_181bcd5,string,,Sunset,Coucher de soleil,
ui_support_f32d5a3,string,,Support,Soutien,
ui_support_via_buy_me_a_coffee_d7dadd1,string,,Support via Buy Me a Coffee,Assistance via Achetez-moi un café,
ui_support_via_paypal_7184a5d,string,,Support via PayPal,Assistance via PayPal,
ui_support_without_premium_0a4aebd,string,,Support without Premium,Assistance sans Premium,
ui_supports_headings_lists_quotes_code_bold_italic_code_strik_e295744,string,,"Supports # headings, lists, > quotes, ``` code, **bold**, *italic*, `code`, ~~strike~~ and [links](https://…).","Prend en charge # titres, listes, > guillemets, ``` code, **gras**, *italique*, `code`, ~~strike~~ et [liens](https://…).",
ui_swing_65d8d45,string,,Swing,Balançoire,
ui_swing_horizontal_c166cda,string,,Swing (horizontal),Balançoire (horizontale),
ui_swipe_left_from_the_upper_right_edge_of_a_416c467,string,,Swipe left from the upper-right edge of a page header to switch homes at any time.,Faites glisser votre doigt vers la gauche depuis le bord supérieur droit d'un en-tête de page pour changer de maison à tout moment.,
ui_switch_b02cbd9,string,,SWITCH,CHANGER,
ui_switch_home_e6ceda2,string,,Switch home,Changer de maison,
ui_system_dark_theme_c7e4ff9,string,,System Dark Theme,Thème sombre du système,
ui_system_light_theme_5bc7623,string,,System Light Theme,Thème d'éclairage système,
ui_systems_idle_584a6f0,string,,Systems idle,Systèmes inactifs,
ui_t_c2c53d6,string,,T,T,
ui_tabs_and_media_controls_shown_throughout_the_app_5d9c1ff,string,,Tabs and media controls shown throughout the app,Onglets et commandes multimédia affichés dans toute l'application,
ui_tap_here_or_use_the_button_while_edit_mode_8baf490,string,,Tap here or use the + button while edit mode is active to add widgets to this stack.,Appuyez ici ou utilisez le bouton + lorsque le mode édition est actif pour ajouter des widgets à cette pile.,
ui_tap_here_or_use_the_button_while_edit_mode_b06aac5,string,,Tap here or use the + button while edit mode is active to add entities to this stack.,Appuyez ici ou utilisez le bouton + lorsque le mode édition est actif pour ajouter des entités à cette pile.,
ui_tap_hold_and_dialog_quick_actions_2052817,string,,"Tap, hold, and dialog quick actions","Appuyez, maintenez et dialoguez avec des actions rapides",
ui_tap_share_to_publish_or_update_d185341,string,,Tap Share to publish or update,Appuyez sur Partager pour publier ou mettre à jour,
ui_tap_to_add_a_weather_card_a3508a9,string,,Tap + to add a weather card,Appuyez sur + pour ajouter une carte météo,
ui_tap_to_load_0c49cab,string,,Tap to load,Appuyez pour charger,
ui_tap_x_to_restore_an_entity_to_the_battery_ad0eb75,string,,Tap X to restore an entity to the battery page.,Appuyez sur X pour restaurer une entité sur la page de la batterie.,
ui_target_49d76ad,string,,TARGET (%1$s–%2$s%%),CIBLE (%1$s–%2$s%%),keep %1$s %2$s
ui_target_61ad50a,string,,Target,Cible,
ui_target_entity_optional_cdb68af,string,,Target entity (optional),Entité cible (facultatif),
ui_target_f762108,string,,TARGET,CIBLE,
ui_technology_d018b08,string,,Technology,Technologie,
ui_temperature_0a9062a,string,,Temperature,Température,
ui_temperature_and_humidity_sources_for_the_room_8960580,string,,Temperature and humidity sources for the room,Sources de température et d'humidité pour la pièce,
ui_temperature_cc6906a,string,,TEMPERATURE,TEMPÉRATURE,
ui_temperature_sensor_graphed_in_activity_1088c3d,string,,Temperature sensor (graphed in Activity),Capteur de température (représenté dans Activité),
ui_text_054812c,string,,%1$s +%2$s,%1$s +%2$s,keep %1$s %2$s
ui_text_0726b05,string,,%1$s%2$s,%1$s%2$s,keep %1$s %2$s
ui_text_16b6ffd,string,,-%1$s,-%1$s,keep %1$s
ui_text_2cd9114,string,,%1$s (%2$s),%1$s (%2$s),keep %1$s %2$s
ui_text_2fb8748,string,,%1$s · ,%1$s ·,keep %1$s; keep the space at the start/end
ui_text_33e0751,string,,.%1$s,.%1$s,keep %1$s
ui_text_42cae2b,string,,  %1$s°,%1$s°,keep %1$s; keep the space at the start/end
ui_text_4ad598c,string,, · %1$s%%,· %1$s%%,keep %1$s; keep the space at the start/end
ui_text_5256c76,string,,↑ %1$s,↑ %1$s,keep %1$s
ui_text_59f6071,string,,%1$s - %2$s,%1$s - %2$s,keep %1$s %2$s
ui_text_68fdf13,string,,%1$s.,%1$s.,keep %1$s
ui_text_78c505f,string,,%1$s %2$s,%1$s %2$s,keep %1$s %2$s
ui_text_7c73907,string,,↓ %1$s,↓ %1$s,keep %1$s
ui_text_7f1f581,string,,%1$s°,%1$s°,keep %1$s
ui_text_89a38e4,string,,%1$s…,%1$s…,keep %1$s
ui_text_8f71dfd,string,,%1$s. %2$s,%1$s. %2$s,keep %1$s %2$s
ui_text_96dfbd3,string,,%1$s: %2$s%3$s,%1$s : %2$s%3$s,keep %1$s %2$s %3$s
ui_text_9704d5c,string,,%1$s/%2$s - ,%1$s/%2$s -,keep %1$s %2$s; keep the space at the start/end
ui_text_98d3f75,string,,✓ %1$s,✓ %1$s,keep %1$s
ui_text_9e5a283,string,,%1$s×,%1$s×,keep %1$s
ui_text_a105b80,string,,%1$s/%2$s,%1$s/%2$s,keep %1$s %2$s
ui_text_be10035,string,, · %1$s,· %1$s,keep %1$s; keep the space at the start/end
ui_text_c1aacd9,string,,%1$s · %2$s,%1$s · %2$s,keep %1$s %2$s
ui_text_c3328c3,string,,Text,Texte,
ui_text_c79f712,string,,%1$s,%1$s,keep %1$s
ui_text_cc9d930,string,,%1$s — %2$s %3$s,%1$s — %2$s %3$s,keep %1$s %2$s %3$s
ui_text_df0282e,string,,%1$s: %2$s,%1$s : %2$s,keep %1$s %2$s
ui_text_f168b71,string,,+%1$s,+%1$s,keep %1$s
ui_text_fc9db15,string,,%1$s%%,%1$s%%,keep %1$s
ui_text_size_boldness_and_font_family_365f489,string,,"Text size, boldness and font family","Taille du texte, gras et famille de polices",
ui_that_profile_35adbf0,string,,that profile,ce profil,
ui_the_effect_used_when_a_button_s_animation_is_7cce891,string,,"The effect used when a button's animation is set to ""Auto"". You can still override any individual button.","L'effet utilisé lorsque l'animation d'un bouton est définie sur ""Auto"". Vous pouvez toujours remplacer n’importe quel bouton individuel.",
ui_the_exact_dates_you_pick_leave_a_bound_as_19357e8,string,,"The exact dates you pick. Leave a bound as ""Any"" for an open-ended range.","Les dates exactes que vous choisissez. Laissez une limite sur ""Any"" pour une plage ouverte.",
ui_the_heading_shown_between_dashboard_sections_b03805f,string,,The heading shown between dashboard sections,Le titre affiché entre les sections du tableau de bord,
ui_the_hki_7_community_source_code_is_free_and_f4f3f51,string,,"The HKI 7 community source code is free and open source under the Mozilla Public License 2.0. You may use, study, modify, and redistribute it. When you distribute modified MPL-covered files, those files and their source must remain available under MPL-2.0.","Le code source de la communauté HKI 7 est gratuit et open source sous la licence publique Mozilla 2.0. Vous pouvez l'utiliser, l'étudier, le modifier et le redistribuer. Lorsque vous distribuez des fichiers modifiés couverts par MPL, ces fichiers et leur source doivent rester disponibles sous MPL-2.0.",don't translate HKI 7
ui_the_hki_7_name_and_logos_are_project_trademarks_985ffec,string,,"The HKI 7 name and logos are project trademarks and are not granted for misleading redistribution. Home Assistant and other third-party names, libraries, fonts, and artwork remain subject to their respective licenses and trademarks. The software is provided without warranty, as described by MPL-2.0.","Le nom et les logos HKI 7 sont des marques commerciales du projet et ne sont pas accordés pour une redistribution trompeuse. Home Assistant et les autres noms, bibliothèques, polices et illustrations de tiers restent soumis à leurs licences et marques commerciales respectives. Le logiciel est fourni sans garantie, comme décrit par MPL-2.0.","don't translate Home Assistant, HKI 7"
ui_the_interface_is_built_with_jetpack_compose_coroutines_and_fe7f52d,string,,"The interface is built with Jetpack Compose. Coroutines and Flow handle live state, while JSON and YAML-compatible data keep HKI 7 connected with Home Assistant.","L'interface est construite avec Jetpack Compose. Les coroutines et Flow gèrent l'état en direct, tandis que les données compatibles JSON et YAML maintiennent HKI 7 connecté à Home Assistant.","don't translate Home Assistant, HKI 7"
ui_the_open_source_community_core_remains_usable_without_prem_d83ff8a,string,,The open-source community core remains usable without Premium. Premium purchases fund extra visual content and continued development; they do not remove the freedoms granted for MPL-covered files.,Le noyau communautaire open source reste utilisable sans Premium. Les achats premium financent du contenu visuel supplémentaire et un développement continu ; ils ne suppriment pas les libertés accordées aux fichiers couverts par MPL.,
ui_the_page_starts_empty_with_its_own_header_and_5a325c0,string,,"The page starts empty with its own header and page settings, while keeping the Home widget catalogue.","La page démarre vide avec ses propres paramètres d'en-tête et de page, tout en conservant le catalogue de widgets Accueil.",
ui_the_quick_brown_fox_jumps_over_the_lazy_dog_2204ad2,string,,The quick brown fox jumps over the lazy dog — 0123456789,Le renard brun rapide saute par-dessus le chien paresseux — 0123456789,
ui_the_room_header_and_card_show_a_single_player_3e24a17,string,,"The room header and card show a single player's media, or an active-player count when multiple players are selected.",L'en-tête et la carte de la salle affichent les médias d'un seul joueur ou le nombre de joueurs actifs lorsque plusieurs joueurs sont sélectionnés.,
ui_the_text_shown_on_the_dashboard_fff5c98,string,,The text shown on the dashboard,Le texte affiché sur le tableau de bord,
ui_the_web_page_shown_on_this_card_ce97bfd,string,,The web page shown on this card,La page Web affichée sur cette carte,
ui_theme_a797e30,string,,Theme,Thème,
ui_theme_and_navigation_bar_474ee6b,string,,Theme and navigation bar,Barre de thème et de navigation,
ui_thermostat_dial_e6af91b,string,,Thermostat dial,Cadran du thermostat,
ui_thermostats_601da0c,string,,Thermostats,Thermostats,
ui_thermostats_ac_7d2ace4,string,,Thermostats & AC,Thermostats et climatisation,
ui_these_are_stored_in_the_cloud_import_one_to_558c62d,string,,"These are stored in the cloud. Import one to edit or re-share it, or delete it to remove it from everyone. Your edits are also pushed automatically when you open the app.","Ceux-ci sont stockés dans le cloud. Importez-en un pour le modifier ou le partager à nouveau, ou supprimez-le pour le retirer à tout le monde. Vos modifications sont également automatiquement appliquées lorsque vous ouvrez l'application.",
ui_these_links_open_in_your_browser_tips_do_not_049b881,string,,These links open in your browser. Tips do not unlock Premium features and do not create an obligation to provide individual support.,Ces liens s'ouvrent dans votre navigateur. Les pourboires ne débloquent pas les fonctionnalités Premium et ne créent pas d’obligation d’assistance individuelle.,
ui_these_permissions_are_optional_and_can_be_changed_later_aa7a106,string,,These permissions are optional and can be changed later in Android Settings.,Ces autorisations sont facultatives et peuvent être modifiées ultérieurement dans les paramètres Android.,
ui_thin_100_9e7a443,string,,Thin (-100),Mince (-100),
ui_thinner_200_6ae7a6f,string,,Thinner (-200),Plus fin (-200),
ui_this_action_does_not_use_an_entity_target_5952444,string,,This action does not use an entity target.,Cette action n'utilise pas de cible d'entité.,
ui_this_action_has_no_required_target_or_additional_fields_987a410,string,,This action has no required target or additional fields.,Cette action n'a pas de cible obligatoire ni de champs supplémentaires.,
ui_this_automation_is_managed_outside_home_assistant_s_ui_89d26f5,string,,"This automation is managed outside Home Assistant's UI (usually YAML). HKI7 can show it, but will not overwrite it.","Cette automatisation est gérée en dehors de l'interface utilisateur de Home Assistant (généralement YAML). HKI7 peut l'afficher, mais ne l'écrasera pas.","don't translate Home Assistant, HKI7"
ui_this_card_uses_its_own_entities_e572388,string,,This card uses its own entities,Cette carte utilise ses propres entités,
ui_this_dashboard_is_currently_being_generated_from_home_assi_470200d,string,,This dashboard is currently being generated from Home Assistant. You can edit rooms as soon as the one-time import finishes.,Ce tableau de bord est actuellement généré à partir de Home Assistant. Vous pouvez modifier les pièces dès que l'importation unique est terminée.,don't translate Home Assistant
ui_this_entity_2ddd36d,string,,This entity,Cette entité,
ui_this_entity_has_no_attributes_to_show_b09f4c9,string,,This entity has no attributes to show.,Cette entité n'a aucun attribut à afficher.,
ui_this_light_is_paused_for_manual_control_706bffa,string,,This light is paused for manual control.,Cette lumière est en pause pour un contrôle manuel.,
ui_this_name_is_used_when_the_device_registers_with_8aba2f2,string,,This name is used when the device registers with Home Assistant.,Ce nom est utilisé lorsque l'appareil s'enregistre auprès de Home Assistant.,don't translate Home Assistant
ui_this_permanently_removes_this_dashboard_and_its_room_and_8087734,string,,This permanently removes this dashboard and its room and page configuration.,Cela supprime définitivement ce tableau de bord et sa configuration de salle et de page.,
ui_this_removes_all_imported_battery_entities_from_this_view_7a74283,string,,This removes all imported battery entities from this view.,Cela supprime toutes les entités de batterie importées de cette vue.,
ui_this_removes_all_imported_climate_entities_from_this_view_713f511,string,,This removes all imported climate entities from this view.,Cela supprime toutes les entités climatiques importées de cette vue.,
ui_this_removes_all_imported_energy_entities_from_this_view_7397917,string,,This removes all imported energy entities from this view.,Cela supprime toutes les entités énergétiques importées de cette vue.,
ui_this_removes_all_imported_rooms_and_floors_from_this_d1cbbff,string,,This removes all imported rooms and floors from this view.,Cela supprime toutes les pièces et tous les étages importés de cette vue.,
ui_this_removes_all_imported_security_entities_from_this_view_6443e5c,string,,This removes all imported security entities from this view.,Cela supprime toutes les entités de sécurité importées de cette vue.,
ui_this_removes_its_login_mobile_app_registration_details_and_69afc19,string,,"This removes its login, mobile-app registration details, and HKI dashboards from this device. The Home Assistant server itself is not changed.","Cela supprime sa connexion, les détails d'enregistrement de l'application mobile et les tableaux de bord HKI de cet appareil. Le serveur Home Assistant lui-même n'est pas modifié.",don't translate Home Assistant
ui_this_removes_the_native_automation_from_home_assistant_thi_2a48e1a,string,,This removes the native automation from Home Assistant. This cannot be undone from HKI7.,Cela supprime l'automatisation native de Home Assistant. Cela ne peut pas être annulé à partir de HKI7.,"don't translate Home Assistant, HKI7"
ui_this_removes_the_shared_dashboard_from_the_cloud_for_4bab01c,string,,This removes the shared dashboard from the cloud for everyone. People currently using it fall back to an auto-generated dashboard. Their local copies aren't touched until they next open the app.,Cela supprime le tableau de bord partagé du cloud pour tout le monde. Les personnes qui l'utilisent actuellement se tournent vers un tableau de bord généré automatiquement. Leurs copies locales ne sont pas modifiées jusqu'à la prochaine ouverture de l'application.,
ui_this_runs_on_a_small_free_home_assistant_add_f46f2e3,string,,"This runs on a small, free Home Assistant add-on (the HKI 7 Cloud component). It isn't on HACS by default yet, so add it as a custom repository — the app then handles everything else.","Cela fonctionne sur un petit module complémentaire gratuit Home Assistant (le composant HKI 7 Cloud). Ce n'est pas encore sur HACS par défaut, alors ajoutez-le en tant que référentiel personnalisé - l'application gère ensuite tout le reste.","don't translate HKI 7 Cloud, Home Assistant"
ui_this_source_code_form_is_subject_to_the_terms_c8e4e24,string,,"This Source Code Form is subject to the terms of the Mozilla Public License, v. 2.0. If a copy of the MPL was not distributed with this file, you can obtain one at mozilla.org/MPL/2.0/.","Ce formulaire de code source est soumis aux termes de la licence publique Mozilla, v. 2.0. Si une copie du MPL n'a pas été distribuée avec ce fichier, vous pouvez en obtenir une sur mozilla.org/MPL/2.0/.",
ui_this_stack_has_no_items_0f92c8d,string,,This stack has no items.,Cette pile ne contient aucun élément.,
ui_this_travels_with_the_dashboard_so_cloud_backups_and_1dd603d,string,," This travels with the dashboard, so cloud backups and family sharing keep it.","Cela voyage avec le tableau de bord, donc les sauvegardes cloud et le partage familial le conservent.",keep the space at the start/end
ui_tile_2dd2c66,string,,Tile,Tuile,
ui_tilt_aceae6f,string,,TILT,INCLINAISON,
ui_time_6c82e6d,string,,Time,Temps,
ui_time_range_9257117,string,,Time Range,Plage de temps,
ui_title_768e0c1,string,,Title,Titre,
ui_title_collapse_behavior_and_dashboard_width_a64a590,string,,"Title, collapse behavior, and dashboard width","Titre, comportement de réduction et largeur du tableau de bord",
ui_title_collapse_behavior_and_width_dd2b475,string,,"Title, collapse behavior, and width","Titre, comportement de réduction et largeur",
ui_title_optional_932fc13,string,,Title (optional),Titre (facultatif),
ui_title_width_and_icon_41ec073,string,,"Title, width, and icon","Titre, largeur et icône",
ui_to_state_2a995a1,string,,To state,Pour déclarer,
ui_today_24345a1,string,,Today,Aujourd'hui,
ui_tomorrow_1948bf2,string,,Tomorrow,Demain,
ui_top_consumers_0199dbf,string,,Top consumers,Principaux consommateurs,
ui_tracking_number_4e40c54,string,,Tracking number,Numéro de suivi,
ui_try_again_042c862,string,,Try again,Essayer à nouveau,
ui_try_the_demo_home_no_server_needed_bc58247,string,,Try the demo home — no server needed,Essayez la maison de démonstration – aucun serveur requis,
ui_turn_off_all_3a7a2b0,string,,Turn off all,Éteignez tout,
ui_turn_on_a5aa418,string,,Turn On,Allumer,
ui_turn_the_light_on_to_access_controls_25f4ad6,string,,Turn the light on to access controls,Allumez la lumière pour accéder aux contrôles,
ui_turn_the_notification_connection_channel_off_on_the_next_cdddec0,string,,"Turn the ""Notification connection"" channel off on the next screen — the connection keeps working, only its notification disappears.","Désactivez le canal « Connexion de notification » sur l'écran suivant : la connexion continue de fonctionner, seule sa notification disparaît.",
ui_two_rows_1b1737f,string,,Two rows,Deux rangées,
ui_type_3deb745,string,,Type,Taper,
ui_type_icon_839142a,string,,Type icon,Icône de type,
ui_unable_to_connect_8207f1b,string,,Unable to connect,Impossible de se connecter,
ui_unit_f6b935a,string,,Unit,Unité,
ui_unknown_bc7819b,string,,Unknown,Inconnu,
ui_unknown_energy_card_b8e46de,string,,Unknown energy card: %1$s,Carte énergie inconnue : %1$s,keep %1$s
ui_unlock_1526a17,string,,Unlock,Ouvrir,
ui_unlock_button_ad521c4,string,,Unlock button,Bouton de déverrouillage,
ui_unlock_method_dff380e,string,,Unlock method,Méthode de déverrouillage,
ui_unlocked_b3da702,string,,Unlocked,Déverrouillé,
ui_unrestricted_background_cebdb1e,string,,Unrestricted background,Contexte sans restriction,
ui_untitled_621521f,string,,Untitled,Sans titre,
ui_untitled_event_ef8d264,string,,Untitled event,Événement sans titre,
ui_upcoming_523baab,string,,Upcoming,Prochain,
ui_update_fb91e24,string,,Update,Mise à jour,
ui_update_location_now_d338c2c,string,,Update Location Now,Mettre à jour l'emplacement maintenant,
ui_updated_62d2331,string,,Updated %1$s,%1$s mis à jour,keep %1$s
ui_url_https_a1a19ec,string,,URL (https://…),URL (https://…),
ui_usage_overview_fc2eefc,string,,Usage overview,Aperçu de l'utilisation,
ui_use_1d4d43c,string,,Use,Utiliser,
ui_use_a_dashboard_an_admin_has_shared_with_you_8b1cfdb,string,,Use a dashboard an admin has shared with you.,Utilisez un tableau de bord qu'un administrateur a partagé avec vous.,
ui_use_a_family_shared_dashboard_9b8ab51,string,,Use a family shared dashboard,Utiliser un tableau de bord familial partagé,
ui_use_a_recognizable_name_such_as_kitchen_tablet_or_ca9f431,string,,"Use a recognizable name, such as ‘Kitchen tablet’ or ‘Jimmy’s phone’.","Utilisez un nom reconnaissable, tel que « Tablette de cuisine » ou « Téléphone de Jimmy ».",
ui_use_family_shared_dashboard_28e06c2,string,,Use family shared dashboard,Utiliser le tableau de bord partagé par la famille,
ui_used_6a4ebbf,string,,Used %1$s,Consommé %1$s,keep %1$s
ui_uses_hki_7_s_private_google_drive_storage_enable_0559ced,string,,Uses HKI 7's private Google Drive storage. Enable it once to create an immediate backup and then back up automatically every day.,"Utilise le stockage privé Google Drive de HKI 7. Activez-le une fois pour créer une sauvegarde immédiate, puis sauvegardez automatiquement chaque jour.","don't translate Google Drive, HKI 7"
ui_uses_the_sun_entity_configured_in_weather_settings_e580a39,string,,Uses the Sun entity configured in Weather settings.,Utilise l'entité Soleil configurée dans les paramètres Météo.,
ui_using_a_shared_dashboard_applies_the_permissions_the_admin_a337a76,string,,Using a shared dashboard applies the permissions the admin set for it.,L’utilisation d’un tableau de bord partagé applique les autorisations définies par l’administrateur.,
ui_using_the_climate_view_s_entities_8befb0f,string,,Using the Climate view's entities,Utiliser les entités de la vue Climat,
ui_using_the_energy_view_s_entities_7ca9bed,string,,Using the Energy view's entities,Utiliser les entités de la vue Énergie,
ui_vacuum_5fe15df,string,,Vacuum,Aspirateur,
ui_vacuum_device_3deae52,string,,Vacuum device,Appareil à vide,
ui_vacuum_entities_c7da1d7,string,,Vacuum entities,Entités sous vide,
ui_vacuum_map_8236541,string,,Vacuum map,Carte du vide,
ui_vacuum_stack_b93d3b7,string,,Vacuum Stack,Pile sous vide,
ui_vertical_slider_e09cef1,string,,Vertical slider,Curseur vertical,
ui_view_on_github_0c77991,string,,View on GitHub,Voir sur GitHub,
ui_visibility_7d9ff4f,string,,Visibility,Visibilité,
ui_visibility_alignment_and_overflow_behavior_467f44f,string,,"Visibility, alignment, and overflow behavior","Visibilité, alignement et comportement de débordement",
ui_visibility_and_ordering_in_the_page_header_0f9e3d8,string,,Visibility and ordering in the page header,Visibilité et classement dans l'en-tête de la page,
ui_visible_during_791f42c,string,,Visible during,Visible pendant,
ui_visible_persons_4b7ae6c,string,,Visible persons,Personnes visibles,
ui_visual_style_bc567f3,string,,Visual style,Style visuel,
ui_w_e2415cb,string,,W,W,
ui_waiting_for_home_assistant_af224aa,string,,Waiting for Home Assistant,En attente d'un assistant à domicile,don't translate Home Assistant
ui_wallpaper_and_an_optional_custom_color_f4f12f1,string,,Wallpaper and an optional custom color,Papier peint et couleur personnalisée en option,
ui_wallpaper_and_optional_custom_color_0dc6738,string,,Wallpaper and optional custom color,Papier peint et couleur personnalisée en option,
ui_wallpaper_url_or_path_e208631,string,,Wallpaper URL or path,URL ou chemin du fond d'écran,
ui_waste_collection_7cdf205,string,,Waste Collection,Collecte des déchets,
ui_waste_sensors_8bfd3ec,string,,Waste sensors,Capteurs de déchets,
ui_watch_d91ebf5,string,,Watch,Montre,
ui_water_5480538,string,,Water: %1$s,Eau : %1$s,keep %1$s
ui_water_de9b1be,string,,Water,Eau,
ui_water_level_optional_fallback_61b2be5,string,,Water level (optional fallback),Niveau d'eau (repli facultatif),
ui_water_meters_imported_from_home_assistant_s_energy_dashboa_b1ac157,string,,Water meters imported from Home Assistant's Energy dashboard.,Compteurs d'eau importés du tableau de bord Énergie de Home Assistant.,don't translate Home Assistant
ui_we_ll_check_your_home_network_first_you_can_c7ca0f0,string,,We'll check your home network first; you can also enter an address,Nous vérifierons d'abord votre réseau domestique ; vous pouvez également saisir une adresse,
ui_weather_284af3e,string,,Weather,Météo,
ui_weather_card_0c6594c,string,,Weather Card,Carte Météo,
ui_weather_details_bc94175,string,,Weather details,Détails météo,
ui_weather_entities_0a2c547,string,,Weather entities,Entités météorologiques,
ui_weather_entity_402cbd9,string,,Weather entity,Entité météo,
ui_weather_source_778baeb,string,,Weather source,Source météo,
ui_weather_stack_4d4f763,string,,Weather Stack,Pile météo,
ui_weather_type_fe0b7cc,string,,Weather Type,Type de météo,
ui_web_address_url_55052c9,string,,Web address (URL),Adresse Internet (URL),
ui_week_calendar_shown_in_the_dialog_6d4f28b,string,,Week calendar (shown in the dialog),Calendrier hebdomadaire (affiché dans la boîte de dialogue),
ui_welcome_to_hki_7_9e317bb,string,,Welcome to HKI 7,Bienvenue à HKI 7,don't translate HKI 7
ui_what_hki_7_is_and_how_it_is_built_247bace,string,,What HKI 7 is and how it is built,Qu'est-ce que HKI 7 et comment il est construit,don't translate HKI 7
ui_what_it_does_ca032b5,string,,What it does,Ce que ça fait,
ui_what_s_new_4d8dc5f,string,,What's new,Quoi de neuf,
ui_when_769bb19,string,,When,Quand,
ui_when_and_if_then_dd86ebe,string,,When · And if · Then,Quand · Et si · Alors,
ui_when_reporting_a_problem_include_your_android_version_home_784a4e6,string,,"When reporting a problem, include your Android version, Home Assistant version, the affected entity or integration, and clear steps to reproduce it. Removing private URLs, tokens, names, and location data first helps keep support safe.","Lorsque vous signalez un problème, indiquez votre version d'Android, la version de Home Assistant, l'entité ou l'intégration concernée, ainsi que les étapes claires pour la reproduire. La suppression préalable des URL privées, des jetons, des noms et des données de localisation permet de garantir la sécurité du support.",don't translate Home Assistant
ui_when_the_value_is_a_completion_time_e_g_7dce367,string,,"When the value is a completion time (e.g. a washer/dryer finish time), show a descending timer. The button reads active while counting and turns off at zero.","Lorsque la valeur est une heure de fin (par exemple, une heure de fin de laveuse/sécheuse), affichez une minuterie décroissante. Le bouton lit actif pendant le comptage et s'éteint à zéro.",
ui_widget_height_b26de24,string,,Widget height,Hauteur du widget,
ui_widget_name_55e5340,string,,Widget name,Nom du widget,
ui_widget_presentation_a3a8cdc,string,,Widget presentation,Présentation des widgets,
ui_widget_width_1d89599,string,,Widget width,Largeur du widget,
ui_width_a58ddf5,string,,Width,Largeur,
ui_width_and_height_6ed6746,string,,Width and height,Largeur et hauteur,
ui_width_and_optional_icon_671e2ef,string,,Width and optional icon,Largeur et icône facultative,
ui_width_columns_and_container_shape_984a191,string,,"Width, columns, and container shape","Largeur, colonnes et forme du conteneur",
ui_width_shape_and_collapse_behavior_7abc6f4,string,,"Width, shape, and collapse behavior","Comportement en matière de largeur, de forme et de réduction",
ui_wind_142b575,string,,Wind,Vent,
ui_worth_watching_a3d46c7,string,,Worth watching,A voir,
ui_would_you_like_to_add_an_existing_camera_entity_00d5bc3,string,,Would you like to add an existing camera entity or a custom URL?,Souhaitez-vous ajouter une entité de caméra existante ou une URL personnalisée ?,
ui_write_the_information_shown_on_this_card_4ca5db7,string,,Write the information shown on this card,Écrivez les informations indiquées sur cette carte,
ui_you_can_help_by_testing_new_builds_reporting_reproducible_5310461,string,,"You can help by testing new builds, reporting reproducible bugs, suggesting thoughtful improvements, helping with translations or documentation, sharing HKI 7 with other Home Assistant users, and giving constructive feedback.","Vous pouvez aider en testant de nouvelles versions, en signalant des bogues reproductibles, en suggérant des améliorations réfléchies, en aidant aux traductions ou à la documentation, en partageant HKI 7 avec d'autres utilisateurs de Home Assistant et en donnant des commentaires constructifs.","don't translate Home Assistant, HKI 7"
ui_you_re_exploring_the_built_in_sample_home_63c2ad1,string,,You're exploring the built-in sample home,Vous explorez l'exemple de maison intégré,
ui_your_automations_and_devices_will_be_unavailable_briefly_h_8a8572e,string,,Your automations and devices will be unavailable briefly. HKI7 will reconnect automatically when Home Assistant is ready.,Vos automatismes et appareils seront indisponibles brièvement. HKI7 se reconnectera automatiquement lorsque Home Assistant sera prêt.,"don't translate Home Assistant, HKI7"
ui_your_dashboard_is_ready_0719f75,string,,Your dashboard is ready,Votre tableau de bord est prêt,
ui_your_home_72412fa,string,,Your home,Votre maison,
ui_your_location_is_shared_only_with_your_own_home_c75bd6d,string,,Your location is shared only with your own Home Assistant server. It is ,Votre position est partagée uniquement avec votre propre serveur Home Assistant. C'est,don't translate Home Assistant; keep the space at the start/end
logs_title,string,,Connection log,Journal de connexion,
logs_subtitle,string,,What the app's connection to Home Assistant has been doing,Ce que fait la connexion de l'application à Home Assistant,don't translate Home Assistant
logs_empty,string,,Connection log,Journal de connexion,
logs_empty_hint,string,,"Nothing logged yet. Connection attempts, reconnects, sync and subscriptions appear here as they happen.","Rien d'enregistré pour l'instant. Connection attempts, reconnects, sync and subscriptions appear here as they happen.",
logs_count,string,,Connection log (%1$d),Journal de connexion (%1$d),keep %1$d
logs_copy,string,,Copy the log,Copiez le journal,
logs_clear,string,,Clear the log,Effacer le journal,
logs_show_all,string,,Show all %1$d,Afficher tout %1$d,keep %1$d
logs_show_less,string,,Show less,Afficher moins,
parcel_letter_count,plural,one,%1$d letter,%1$d lettre,keep %1$d
parcel_letter_count,plural,other,%1$d letters,%1$d lettres,keep %1$d
spacer_empty_button,string,,Empty button,Bouton vide,
spacer_empty_button_description,string,,Transparent placeholder that only reserves space,Espace réservé transparent qui occupe seulement la place,
spacer_add_empty_button,string,,Add empty button,Ajouter un bouton vide,
popup_custom_popup,string,,Custom popup,Fenêtre personnalisée,
popup_choose,string,,Choose a popup,Choisir une fenêtre,
popup_none_yet,string,,No popups yet,Aucune fenêtre pour l’instant,
popup_new,string,,New popup,Nouvelle fenêtre,
popup_default_name,string,,New popup,Nouvelle fenêtre,
popup_name,string,,Popup name,Nom de la fenêtre,
popup_edit_contents,string,,Edit contents,Modifier le contenu,
popup_delete,string,,Delete popup,Supprimer la fenêtre,
popup_status_entity,string,,Status entity,Entité d’état,
popup_status_entity_hint,string,,Optional. Its state fills the dialog's status line and adds the history view.,Facultatif. Son état alimente la ligne d’état de la boîte de dialogue et ajoute l’historique.,
popup_settings_subtitle,string,,"Name, icon, and status entity","Nom, icône et entité d’état",
popup_shared_hint,string,,Popups are shared: other buttons can open this same popup.,Les fenêtres sont partagées : d’autres boutons peuvent ouvrir la même.,
popup_empty,string,,This popup is empty. Tap Edit to add widgets.,Cette fenêtre est vide. Appuyez sur Modifier pour ajouter des widgets.,
popup_settings_title,string,,Popups,Fenêtres,
popup_settings_subtitle_section,string,,Build and edit your custom popups,Créez et modifiez vos fenêtres personnalisées,
popup_settings_hint,string,,"Popups open from a button, badge, or dialog button set to the Custom popup action. Edit contents opens the popup itself so you can arrange its widgets.","Les fenêtres s’ouvrent depuis un bouton, un badge ou un bouton de boîte de dialogue réglé sur l’action Fenêtre personnalisée. « Modifier le contenu » ouvre la fenêtre elle-même pour y organiser les widgets.",
button_icon_only,string,,Icon only,Icône seule,
button_icon_size,string,,Icon size,Taille de l'icône,
button_icon_size_description,string,,"Auto shrinks the icon as the stack gains columns, so it still fits a narrow button.","Automatique réduit l'icône à mesure que la pile gagne des colonnes, pour qu'elle tienne sur un bouton étroit.",
button_icon_size_auto,string,,Auto,Automatique,
button_icon_size_value,string,,%1$d dp,%1$d dp,keep %1$d
stack_child_icon_only,string,,Icon only for every button,Icône seule pour tous les boutons,
stack_child_icon_only_description,string,,"Applies to all buttons in this stack, so you don't have to set it on each one.","S'applique à tous les boutons de cette pile, pour ne pas avoir à le régler un par un.",
stack_child_icon_size,string,,Icon size for every button,Taille d'icône pour tous les boutons,
button_icon_only_description,string,,"Hide the name and state, centering the icon on the button","Masquer le nom et l’état, en centrant l’icône sur le bouton",
action_button,string,,Action button,Bouton d’action,
action_button_description,string,,"A button without an entity: give it a name, an icon, and any action","Un bouton sans entité : donnez-lui un nom, une icône et une action",
action_button_add,string,,Add action button,Ajouter un bouton d’action,
action_badge_add,string,,Add action badge,Ajouter un badge d’action,
security_entity_count,plural,one,%1$d entity,%1$d entité,keep %1$d
security_entity_count,plural,other,%1$d entities,%1$d entités,keep %1$d
family_permission_switch_dashboards,string,,Allow switching dashboards,Autoriser le changement de tableau de bord,
family_permission_switch_dashboards_subtitle,string,,Let this person load another existing dashboard,Permettre à cette personne de charger un autre tableau de bord existant,
family_permission_create_dashboards,string,,Allow creating dashboards,Autoriser la création de tableaux de bord,
family_permission_create_dashboards_subtitle,string,,Let this person create or duplicate dashboards,Permettre à cette personne de créer ou dupliquer des tableaux de bord,
family_dashboard_tab_locked,string,,Locked by family permissions,Verrouillé par les autorisations familiales,
family_dashboard_access_lost_title,string,,Family access removed,Accès familial supprimé,
family_dashboard_access_lost_message,string,,"You no longer have access to HKI 7 through this family dashboard. Choose another dashboard shared with you, or use any other option your family permissions allow.",Tu n’as plus accès à HKI 7 via ce tableau de bord familial. Choisis un autre tableau de bord partagé avec toi ou une autre option autorisée par tes permissions familiales.,don't translate HKI 7
family_access_manage,string,,Manage access,Gérer l'accès,
family_access_title,string,,Who can see %1$s,Qui peut voir %1$s,keep %1$s
family_access_description,string,,Add or remove people. Everyone you remove loses this dashboard the next time their app syncs.,Ajoutez ou supprimez des personnes. Toutes les personnes que vous supprimez perdront ce tableau de bord lors de la prochaine synchronisation de leur application.,
family_access_shared_everyone,string,,Shared with everyone,Partagé avec tout le monde,
family_access_shared_nobody,string,,Shared with no one,Partagé avec personne,
family_access_shared_with,string,,Shared with %1$s,Partagé avec %1$s,keep %1$s
family_access_unknown_user,string,,Unknown user,Utilisateur inconnu,
family_access_revoke_warning,string,,"Losing access deletes their copy of this dashboard, along with any colours, icons, and names they changed on it.","La perte de l'accès supprime leur copie de ce tableau de bord, ainsi que toutes les couleurs, icônes et noms qu'ils y ont modifiés.",
family_versions_title,string,,HKI versions,Versions HKI,
family_versions_description,string,,Which HKI build each family device is running. This device is on %1$s. A device appears once it has opened HKI 7 1.0.0-beta.18 or newer at least once.,Quelle version HKI chaque appareil de la famille exécute. Cet appareil est sur %1$s. Un appareil n'apparaît qu'une fois qu'il a exécuté HKI 7 1.0.0-beta.18 ou une version plus récente au moins une fois.,keep %1$s; don't translate HKI 7
family_versions_empty,string,,No family devices have reported a version yet.,Aucun appareil familial n'a encore signalé de version.,
family_versions_loading,string,,Loading family devices…,Chargement des appareils familiaux…,
family_versions_unavailable,string,,Home Assistant could not return the family device list. Check that HKI 7 Cloud is up to date.,Home Assistant n'a pas pu renvoyer la liste des appareils familiaux. Vérifiez que HKI 7 Cloud est à jour.,"don't translate HKI 7 Cloud, Home Assistant"
family_versions_outdated,string,,Older than yours,Plus vieux que le tien,
family_versions_android,string,,Android %1$s,Android %1$s,keep %1$s
family_versions_reported,string,,reported %1$s,signalé %1$s,keep %1$s
family_versions_forget,string,,Forget this device,Oubliez cet appareil,
family_versions_forget_hint,string,,Forgetting a device only clears it from this list. One that is still in use reappears the next time its app opens.,L'oubli d'un appareil ne fait que le supprimer de cette liste. Celui qui est encore utilisé réapparaîtra à la prochaine ouverture de son application.,
family_versions_nudge,string,,Ask to update to %1$s,Demander la mise à jour vers %1$s,keep %1$s
family_versions_nudge_clear,string,,Cancel update request,Annuler la demande de mise à jour,
family_versions_nudge_pending,string,,Waiting for this device to update to %1$s. The request clears itself once it does.,En attente de la mise à jour de cet appareil vers %1$s. La demande s'efface une fois qu'elle est effectuée.,keep %1$s
family_require_title,string,,Require an HKI version,Nécessite une version HKI,
family_require_description,string,,"Everyone below the version you require is asked to update before they can keep using HKI. Nothing here installs anything — Google Play does the update, so people are only ever held up when Play actually has it ready for them.","Toutes les personnes en dessous de la version dont vous avez besoin sont invitées à mettre à jour avant de pouvoir continuer à utiliser HKI. Rien ici n'installe quoi que ce soit - Google Play effectue la mise à jour, de sorte que les gens ne sont retenus que lorsque Play l'a réellement prête pour eux.",
family_require_current,string,,Currently required: %1$s,Actuellement requis : %1$s,keep %1$s
family_require_set,string,,Require everyone to be on %1$s,Exiger que tout le monde soit sur %1$s,keep %1$s
family_require_clear,string,,Clear the requirement,Effacer l'exigence,
family_require_hint,string,,"You can only require a version some device already runs, so a requirement can never be one nobody is able to install.","Vous ne pouvez exiger qu'une version qu'un appareil exécute déjà, donc une exigence ne peut jamais être celle que personne ne peut installer.",
settings_extra_family_require_failed,string,,Could not change the required version. It has to be one a family device already runs.,Impossible de modifier la version requise. Il doit s’agir d’un appareil familial déjà utilisé.,
settings_extra_family_nudge_failed,string,,Could not ask “%1$s” to update.,Impossible de demander à « %1$s » de mettre à jour.,keep %1$s
app_update_required_title,string,,Time to update HKI,Il est temps de mettre à jour HKI,
app_update_required_title_device,string,,This device needs an HKI update,Cet appareil nécessite une mise à jour HKI,
app_update_required_message,string,,Your family is on HKI %1$s. This device is on %2$s.,Votre famille est sur HKI %1$s. Cet appareil est sur %2$s.,keep %1$s %2$s
app_update_required_checking,string,,Checking Google Play…,Vérification de Google Play…,
app_update_required_update,string,,Update now,Mettre à jour maintenant,
app_update_required_open_store,string,,Open HKI in the Play Store,Ouvrez HKI dans le Play Store,
app_update_required_opened_store,string,,"Google Play could not take over here, so its store page was opened instead.","Google Play n'a pas pu prendre le relais ici, c'est pourquoi sa page commerciale a été ouverte à la place.",
app_update_required_unavailable,string,,"Google Play has no update ready for this device yet. That usually means the release hasn't reached you, or this copy of HKI didn't come from the Play Store.",Google Play n'a pas encore de mise à jour prête pour cet appareil. Cela signifie généralement que la version ne vous est pas parvenue ou que cette copie de HKI ne provient pas du Play Store.,
app_update_required_continue,string,,Continue without updating,Continuer sans mettre à jour,
settings_extra_active_instance,string,,Active instance,Instance active,
settings_extra_automatic_cloud_backup_enabled,string,,Automatic cloud backup enabled.,Sauvegarde cloud automatique activée.,
settings_extra_background_restricted_warning,string,,Restricted — background sync will not work,Restreinte — la synchronisation en arrière-plan ne fonctionnera pas,
settings_extra_backup_failed,string,,Backup failed: %1$s,Échec de la sauvegarde : %1$s,keep %1$s
settings_extra_backup_unreadable,string,,The backup could not be read,Impossible de lire la sauvegarde,
settings_extra_battery_optimized_warning,string,,Optimized — may interrupt background sync,Optimisée — peut interrompre la synchronisation en arrière-plan,
settings_extra_buy_me_a_coffee_logo,string,,Buy Me a Coffee logo,Logo Buy Me a Coffee,
settings_extra_cloud_backup_created,string,,Cloud backup created.,Sauvegarde cloud créée.,
settings_extra_cloud_backup_failed,string,,Cloud backup failed: %1$s,Échec de la sauvegarde cloud : %1$s,keep %1$s
settings_extra_cloud_component_missing,string,,"The HKI 7 Cloud component was not found on your Home Assistant. Install it through HACS, then try again.","Le composant HKI 7 Cloud est introuvable dans votre Home Assistant. Installez-le avec HACS, puis réessayez.","don't translate HKI 7 Cloud, Home Assistant"
settings_extra_copy_dashboard,string,,Copy %1$s,Copier %1$s,keep %1$s
settings_extra_corner_modern,string,,Modern,Moderne,
settings_extra_corner_round,string,,Round,Arrondi,
settings_extra_corner_sharp,string,,Sharp,Anguleux,
settings_extra_create_custom_page,string,,Create custom page,Créer une page personnalisée,
settings_extra_custom_page_identity_subtitle,string,,Identity and navigation appearance,Nom et apparence dans la navigation,
settings_extra_dashboard_backup_saved,string,,Dashboard backup saved.,Sauvegarde du tableau de bord enregistrée.,
settings_extra_dashboard_copy_name,string,,%1$s copy,Copie de %1$s,keep %1$s
settings_extra_dashboard_default_name,string,,Dashboard %1$d,Tableau de bord %1$d,keep %1$d
settings_extra_new_dashboard_confirm_body,string,,This adds a dashboard alongside the one you are using. Your current dashboard is kept exactly as it is and is never overwritten — you can switch between them at any time.,Cela ajoute un tableau de bord à côté de celui que vous utilisez. Votre tableau de bord actuel est conservé exactement tel quel et n'est jamais écrasé : vous pouvez basculer entre eux à tout moment.,
settings_extra_new_dashboard_confirm_action,string,,Continue,Continuer,
settings_extra_new_dashboard_created,string,,Created “%1$s”,"Créé ""%1$s""",keep %1$s
uif_onboarding_shared_already_added,string,,Already added,Déjà ajouté,
settings_extra_dashboard_shared_badge,string,,Shared,Commun,
settings_extra_dashboard_shared_subtitle,string,,Shared with you by your family. Tap to load,Partagé avec vous par votre famille. Appuyez pour charger,
settings_extra_dashboard_shared_loaded,string,,Shared with you by your family. Currently loaded,Partagé avec vous par votre famille. Actuellement chargé,
settings_extra_dashboard_generating,string,,Your new dashboard is being generated automatically.,Votre nouveau tableau de bord est en cours de création automatique.,
settings_extra_dashboard_mode_auto,string,,Automatic,Automatique,
settings_extra_dashboard_mode_manual,string,,Manual,Manuel,
settings_extra_dashboard_restored,string,,Dashboard configuration restored.,Configuration du tableau de bord restaurée.,
settings_extra_dashboard_shared,string,,“%1$s” shared.,« %1$s » a été partagé.,keep %1$s
settings_extra_dashboard_sharing_failed,string,,Could not share the dashboard.,Impossible de partager le tableau de bord.,
settings_extra_default_user_name,string,,User,Utilisateur,
settings_extra_delete_dashboard,string,,Delete %1$s,Supprimer %1$s,keep %1$s
settings_extra_device_tracker,string,,Device tracker,Suivi de l’appareil,
settings_extra_device_tracker_subtitle,string,,"Name used for location, geocoded location, battery, and charging entities","Nom des entités de position, de position géocodée, de batterie et de recharge",
settings_extra_drive_access_token_missing,string,,Google Drive authorization did not return an access token.,L’autorisation Google Drive n’a renvoyé aucun jeton d’accès.,don't translate Google Drive
settings_extra_drive_authorization_cancelled,string,,Google Drive authorization was cancelled.,L’autorisation Google Drive a été annulée.,don't translate Google Drive
settings_extra_drive_authorization_failed,string,,Google Drive authorization failed: %1$s,Échec de l’autorisation Google Drive : %1$s,keep %1$s; don't translate Google Drive
settings_extra_drive_authorization_open_failed,string,,Google Drive authorization could not be opened.,Impossible d’ouvrir l’autorisation Google Drive.,don't translate Google Drive
settings_extra_drive_backups_load_failed,string,,Could not load Google Drive backups: %1$s,Impossible de charger les sauvegardes Google Drive : %1$s,keep %1$s; don't translate Google Drive
settings_extra_edit_custom_page,string,,Edit custom page,Modifier la page personnalisée,
settings_extra_effect_glow,string,,Glow,Halo,
settings_extra_effect_group_alerts,string,,Sensors and alarms,Capteurs et alarmes,
settings_extra_effect_group_climate,string,,Climate and humidity,Climat et humidité,
settings_extra_effect_group_fans,string,,Fans and vacuums,Ventilateurs et aspirateurs,
settings_extra_effect_group_lights,string,,Lights and switches,Éclairages et interrupteurs,
settings_extra_effect_group_media,string,,Media players,Lecteurs multimédias,
settings_extra_effect_group_other,string,,Everything else,Tout le reste,
settings_extra_effect_none,string,,None,Aucun,
settings_extra_effect_pulse,string,,Pulse,Pulsation,
settings_extra_effect_spin,string,,Spin,Rotation,
settings_extra_empty_dashboard_created,string,,An empty dashboard was created.,Un tableau de bord vide a été créé.,
settings_extra_font_atkinson,string,,Atkinson Hyperlegible,Atkinson Hyperlegible,
settings_extra_font_bree_serif,string,,Bree Serif,Bree Serif,
settings_extra_font_comfortaa,string,,Comfortaa,Comfortaa,
settings_extra_font_cursive,string,,Cursive,Manuscrite,
settings_extra_font_default,string,,Default,Par défaut,
settings_extra_font_monospace,string,,Monospace,Chasse fixe,
settings_extra_font_nunito,string,,Nunito,Nunito,
settings_extra_font_patrick_hand,string,,Patrick Hand,Patrick Hand,
settings_extra_font_sans_serif,string,,Sans serif,Sans empattement,
settings_extra_font_serif,string,,Serif,Avec empattements,
settings_extra_font_space_grotesk,string,,Space Grotesk,Space Grotesk,
settings_extra_ha_backup_created,string,,Home Assistant backup created.,Sauvegarde Home Assistant créée.,don't translate Home Assistant
settings_extra_ha_backup_enabled,string,,Home Assistant backup enabled.,Sauvegarde Home Assistant activée.,don't translate Home Assistant
settings_extra_ha_backup_failed,string,,Home Assistant backup failed. Is the HKI 7 Cloud component reachable?,Échec de la sauvegarde Home Assistant. Le composant HKI 7 Cloud est-il accessible ?,"don't translate HKI 7 Cloud, Home Assistant"
settings_extra_ha_backups_load_failed,string,,Could not load Home Assistant backups: %1$s,Impossible de charger les sauvegardes Home Assistant : %1$s,keep %1$s; don't translate Home Assistant
settings_extra_hide_tab,string,,Hide tab,Masquer l’onglet,
settings_extra_hki_cloud_step_add_integration,string,,"Go to Settings → Devices & Services → Add Integration, choose “HKI 7 Cloud,” and confirm.","Accédez à Paramètres → Appareils et services → Ajouter une intégration, choisissez « HKI 7 Cloud », puis confirmez.",don't translate HKI 7 Cloud
settings_extra_hki_cloud_step_add_repository,string,,"Paste %1$s, choose the “Integration” category, and add it.","Collez %1$s, choisissez la catégorie « Intégration », puis ajoutez le dépôt.",keep %1$s
settings_extra_hki_cloud_step_install,string,,"Open the new “HKI 7 Cloud” entry, install it, and restart Home Assistant.","Ouvrez la nouvelle entrée « HKI 7 Cloud », installez-la, puis redémarrez Home Assistant.","don't translate HKI 7 Cloud, Home Assistant"
settings_extra_hki_cloud_step_open_custom_repositories,string,,"In Home Assistant, open HACS → the ⋮ menu in the top-right → Custom repositories.","Dans Home Assistant, ouvrez HACS → le menu ⋮ en haut à droite → Dépôts personnalisés.",don't translate Home Assistant
settings_extra_hki_cloud_step_reopen,string,,Reopen this screen. The features will appear automatically.,Rouvrez cet écran. Les fonctionnalités apparaîtront automatiquement.,
settings_extra_hki_cloud_version,string,,HKI 7 Cloud v%1$s installed,HKI 7 Cloud v%1$s installé,keep %1$s; don't translate HKI 7 Cloud
settings_extra_hki_cloud_version_unknown,string,,HKI 7 Cloud installed (update to see its version),HKI 7 Cloud installé (mise à jour pour voir sa version),don't translate HKI 7 Cloud
settings_extra_hki_cloud_update_to_unlock,string,,Update to unlock:,Mise à jour pour débloquer :,
settings_extra_hki_cloud_feature_requires,string,,%1$s (needs v%2$s+),%1$s (nécessite v%2$s+),keep %1$s %2$s
settings_extra_hki_cloud_feature_reimport,string,,Manually re-importing or clearing dashboard view data,Réimporter ou effacer manuellement les données de la vue du tableau de bord,
settings_extra_hki_cloud_feature_search_lists,string,,Per-person Visible/Invisible global search lists,Listes de recherche globales visibles/invisibles par personne,
settings_extra_hki_cloud_feature_room_follow,string,,Room following,Suivi des pièces,
settings_extra_hki_cloud_feature_room_follow_launch_only,string,,"Room following: only place someone on launch, without tracking further moves","Suivi de pièce : placez quelqu'un uniquement au lancement, sans suivre les mouvements ultérieurs",
settings_extra_hki_cloud_feature_devices,string,,Seeing which HKI version each family device runs,Voir quelle version HKI exécute chaque appareil de la famille,
settings_extra_hki_cloud_feature_required_version,string,,Requiring the family to update to a given HKI version,Exiger de la famille qu'elle mette à jour vers une version HKI donnée,
settings_extra_hki_cloud_feature_events,string,,"The event timeline, and hiding parts of it from individual people",La chronologie de l'événement et en masquer certaines parties à des personnes individuelles,
settings_extra_hki_cloud_tab_requires,string,,"Needs HKI 7 Cloud v%1$s or newer. Update the component in HACS — until then, what you set here won't take effect.","Nécessite HKI 7 Cloud v%1$s ou plus récent. Mettez à jour le composant dans HACS — d'ici là, ce que vous définissez ici ne prendra pas effet.",keep %1$s; don't translate HKI 7 Cloud
settings_extra_location_allowed_always,string,,Allowed all the time,Toujours autorisée,
settings_extra_location_allowed_foreground,string,,Allowed only while using the app,Autorisée uniquement pendant l’utilisation de l’application,
settings_extra_location_not_allowed,string,,Not allowed,Non autorisée,
language_search_placeholder,string,,Search languages,Langues de recherche,
language_search_no_matches,string,,No language matches “%1$s”,Aucune langue ne correspond à « %1$s »,keep %1$s
settings_extra_language_dutch,string,,Nederlands,Nederlands,
settings_extra_language_english,string,,English,English,
settings_extra_language_french,string,,Français,Français,
settings_extra_language_german,string,,Deutsch,Deutsch,
settings_extra_language_italian,string,,Italiano,Italiano,
settings_extra_language_spanish,string,,Español,Español,
settings_extra_language_turkish,string,,Türkçe,Türkçe,
settings_extra_language_portuguese,string,,Português,Português,
settings_extra_language_portuguese_brazil,string,,Português (Brasil),Português (Brasil),
settings_extra_language_spanish_latam,string,,Español (Latinoamérica),Español (Latinoamérica),
settings_extra_language_japanese,string,,日本語,日本語,
settings_extra_language_korean,string,,한국어,한국어,
settings_extra_language_chinese_simplified,string,,中文（简体）,中文（简体）,
settings_extra_language_chinese_traditional,string,,中文（繁體）,中文（繁體）,
settings_extra_no_drive_backups,string,,No Google Drive backups were found.,Aucune sauvegarde Google Drive trouvée.,don't translate Google Drive
settings_extra_no_ha_backups,string,,No Home Assistant backups were found. Is the HKI 7 Cloud component installed?,Aucune sauvegarde Home Assistant trouvée. Le composant HKI 7 Cloud est-il installé ?,"don't translate HKI 7 Cloud, Home Assistant"
settings_extra_notifications_multi_home_required,string,,Required while multiple homes receive notifications. Manage each home under Connection.,Nécessaire lorsque plusieurs domiciles reçoivent des notifications. Gérez chaque domicile dans Connexion.,
settings_extra_notifications_persistent_connection,string,,Keeps a persistent connection to Home Assistant while the app is closed. This uses more battery.,Maintient une connexion à Home Assistant lorsque l’application est fermée. Cela consomme davantage de batterie.,don't translate Home Assistant
settings_extra_paypal_logo,string,,PayPal logo,Logo PayPal,
settings_extra_policy_update_failed,string,,Could not update the policy.,Impossible de mettre à jour la règle.,
settings_extra_policy_needs_component_update,string,,Permissions saved. Update HKI 7 Cloud to also store the Visible and Invisible lists.,Autorisations enregistrées. Mettez à jour HKI 7 Cloud pour enregistrer aussi les listes Visible et Invisible.,don't translate HKI 7 Cloud
settings_extra_policy_needs_component_update_room_follow,string,,Permissions saved. Update HKI 7 Cloud to also store the room following settings.,Autorisations enregistrées. Mettez à jour HKI 7 Cloud pour enregistrer aussi les réglages de suivi des pièces.,don't translate HKI 7 Cloud
settings_extra_policy_needs_component_update_events,string,,"Permissions saved, but this HKI 7 Cloud is too old to hide events from this person — they would see the whole timeline. Update it to apply the restriction.","Autorisations enregistrées, mais ce HKI 7 Cloud est trop ancien pour cacher les événements à cette personne – elle verrait toute la chronologie. Mettez-le à jour pour appliquer la restriction.",don't translate HKI 7 Cloud
settings_extra_tab_presence,string,,Presence,Présence,
settings_extra_tab_events,string,,Events,Événements,
settings_extra_events_title,string,,Event timeline,Chronologie de l'événement,
settings_extra_events_description,string,,"Choose which entities the family sees recent activity for, in the Events tab of the notification drawer. Set once here rather than on each phone. This hides the timeline, not the entities — anyone signed in to Home Assistant can still read them there.","Choisissez les entités pour lesquelles la famille voit l'activité récente, dans l'onglet Événements du tiroir de notification. Réglez-le une fois ici plutôt que sur chaque téléphone. Cela masque la chronologie, pas les entités – toute personne connectée à Home Assistant peut toujours les lire ici.",don't translate Home Assistant
settings_extra_events_loading,string,,Loading the roster…,Chargement de la liste…,
settings_extra_events_unavailable,string,,Could not read the roster from HKI 7 Cloud.,Impossible de lire la liste de HKI 7 Cloud.,don't translate HKI 7 Cloud
settings_extra_events_empty,string,,No entities are being tracked yet.,Aucune entité n'est encore suivie.,
settings_extra_events_choose,string,,Choose entities,Choisir des entités,
settings_extra_events_edit,string,,Edit entities,Modifier les entités,
settings_extra_events_pick_title,string,,Entities to show events for,Entités pour lesquelles afficher les événements,
settings_extra_events_save_failed,string,,Could not save the event roster.,Impossible d'enregistrer la liste des événements.,
settings_extra_events_capped,string,,Saved %1$d entities and %2$d domains. The timeline roster is capped.,Entités %1$d et domaines %2$d enregistrés. La liste des chronologies est plafonnée.,keep %1$d %2$d
settings_extra_events_whole_domain,string,,All %1$s (%2$d entities),Tous les %1$s (%2$d entités),keep %1$s %2$d
settings_extra_events_resolved_capped,string,,"This roster covers %2$d entities, but a timeline subscribes to at most %1$d. Remove a domain, or add entities by name instead.","Cette liste couvre %2$d entités, mais une chronologie s'abonne à au plus %1$d. Supprimez un domaine ou ajoutez plutôt des entités par nom.",keep %2$d %1$d
settings_extra_events_per_person_title,string,,Who sees what,Qui voit quoi,
settings_extra_events_per_person_description,string,,Everyone sees the whole timeline unless you take something out of it for them.,Tout le monde voit la chronologie entière à moins que vous n’en retiriez quelque chose pour eux.,
settings_extra_events_sees_everything,string,,Sees the whole timeline,Voit toute la chronologie,
settings_extra_events_hidden_count,string,,%1$d hidden,%1$d masqué,keep %1$d
settings_extra_events_manage,string,,Manage,Gérer,
settings_extra_events_hidden_title,string,,Hide from this person,Se cacher de cette personne,
settings_extra_events_notifications_hint,string,,"The Events tab in the notification drawer shows recent activity for the entities your family admin chose. It is set for the whole family in Family Sharing, not per device.","L'onglet Événements dans le tiroir de notification affiche l'activité récente des entités choisies par l'administrateur de votre famille. Il est défini pour toute la famille dans le partage familial, et non par appareil.",
settings_extra_events_open_family_sharing,string,,Open Family Sharing,Partage familial ouvert,
settings_extra_room_follow_title,string,,Room following,Suivi des pièces,
settings_extra_room_follow_description,string,,"Pick the room-presence sensor that tracks each person's phone, such as an ESPresense sensor. The app opens the room they are in and offers to follow them as they move.","Choisissez le capteur de présence qui suit le téléphone de chaque personne, par exemple un capteur ESPresense. L'application ouvre la pièce où elle se trouve et propose de la suivre quand elle se déplace.",
settings_extra_room_follow_sensor,string,,Presence sensor,Capteur de présence,
settings_extra_room_follow_none,string,,No sensor,Aucun capteur,
settings_extra_room_follow_enabled,string,,Follow this person between rooms,Suivre cette personne d'une pièce à l'autre,
settings_extra_room_follow_open_on_launch,string,,Open their room when the app starts,Ouvrir sa pièce au démarrage de l'application,
settings_extra_room_follow_continue_after_launch,string,,Keep following while the app is open,Continuez à suivre pendant que l'application est ouverte,
settings_extra_room_follow_continue_after_launch_hint,string,,"Turn off to only place them in the right room when the app starts, without switching rooms again while they're using it.","Désactivez-le pour les placer uniquement dans la bonne pièce au démarrage de l'application, sans changer de pièce à nouveau pendant qu'ils l'utilisent.",
settings_extra_room_follow_prompt_on_move,string,,Ask before switching rooms,Demander avant de changer de pièce,
settings_extra_room_follow_dwell,string,,Wait before a move counts,Délai avant qu'un déplacement compte,
settings_extra_room_follow_dwell_value,string,,%1$d s,%1$d s,keep %1$d
settings_extra_room_follow_dwell_hint,string,,Room-presence sensors drift between nearby rooms. A longer wait means fewer false moves.,Les capteurs de présence oscillent entre pièces voisines. Un délai plus long réduit les faux déplacements.,
settings_extra_room_follow_rooms,string,,Sensor states,États du capteur,
settings_extra_room_follow_rooms_matched,string,,Matched automatically,Associé automatiquement,
settings_extra_room_follow_rooms_unmatched,string,,Pick a room,Choisir une pièce,
settings_extra_room_follow_no_states,string,,No states seen yet. States appear here once the sensor reports them.,Aucun état pour l'instant. Ils apparaîtront ici dès que le capteur les signalera.,
room_follow_moved_title,string,,You moved to %1$s,Vous êtes passé dans %1$s,keep %1$s
room_follow_moved_message,string,,"Switch to that room, or stay where you are?","Basculer vers cette pièce, ou rester ici ?",
room_follow_moved_switch,string,,Switch,Basculer,
room_follow_moved_stay,string,,Stay,Rester,
room_follow_moved_silence,string,,Don't ask again until I restart the app,Ne plus demander jusqu'au prochain démarrage de l'application,
settings_extra_rename_dashboard,string,,Rename %1$s,Renommer %1$s,keep %1$s
settings_extra_rename_instance,string,,Rename %1$s,Renommer %1$s,keep %1$s
settings_extra_restart_home_assistant_failed,string,,Could not restart Home Assistant.,Impossible de redémarrer Home Assistant.,don't translate Home Assistant
settings_extra_restore_failed,string,,Restore failed: %1$s,Échec de la restauration : %1$s,keep %1$s
settings_extra_selected_file_open_failed,string,,Could not open the selected file,Impossible d’ouvrir le fichier sélectionné,
settings_extra_set_dashboard_default,string,,Set %1$s as the default dashboard,Définir %1$s comme tableau de bord par défaut,keep %1$s
settings_extra_family_device_forget_failed,string,,Could not forget “%1$s.”,"Impossible d'oublier ""%1$s"".",keep %1$s
settings_extra_shared_dashboard_access_failed,string,,Could not change who can see “%1$s.”,Impossible de modifier qui peut voir « %1$s ».,keep %1$s
settings_extra_shared_dashboard_access_updated,string,,Updated who can see “%1$s.”,Mise à jour des personnes pouvant voir « %1$s ».,keep %1$s
settings_extra_shared_dashboard_delete_failed,string,,Could not delete “%1$s.”,Impossible de supprimer « %1$s ».,keep %1$s
settings_extra_shared_dashboard_deleted,string,,“%1$s” was deleted from the cloud.,« %1$s » a été supprimé du cloud.,keep %1$s
settings_extra_shared_dashboard_import_failed,string,,Could not import “%1$s.”,Impossible d’importer « %1$s ».,keep %1$s
settings_extra_shared_dashboard_imported,string,,“%1$s” was imported into your dashboards.,« %1$s » a été ajouté à vos tableaux de bord.,keep %1$s
settings_extra_shared_dashboard_now_using,string,,Now using “%1$s.”,Vous utilisez maintenant « %1$s ».,keep %1$s
settings_extra_shared_dashboard_use_failed,string,,Could not use “%1$s.”,Impossible d’utiliser « %1$s ».,keep %1$s
settings_extra_shared_dashboards_up_to_date,string,,Shared dashboards are already up to date.,Les tableaux de bord partagés sont déjà à jour.,
settings_extra_show_tab,string,,Show tab,Afficher l’onglet,
settings_extra_tab_dashboards,string,,Dashboards,Tableaux de bord,
settings_extra_tab_devices,string,,Devices,Appareils,
settings_extra_tab_parental_controls,string,,Parental controls,Contrôle parental,
settings_extra_tab_permissions,string,,Permissions,Autorisations,
settings_extra_technology_kotlin,string,,Kotlin,Kotlin,
settings_extra_technology_xml_kotlin_dsl,string,,XML and Kotlin DSL,XML et Kotlin DSL,
settings_extra_theme_amber,string,,Amber,Ambre,
settings_extra_theme_auto,string,,Auto,Automatique,
settings_extra_theme_blue,string,,Blue,Bleu,
settings_extra_theme_custom,string,,Custom,Personnalisé,
settings_extra_theme_dark,string,,Dark,Sombre,
settings_extra_theme_green,string,,Green,Vert,
settings_extra_theme_light,string,,Light,Clair,
settings_extra_theme_rose,string,,Rose,Rose,
settings_extra_theme_system,string,,System,Système,
settings_extra_unknown_error,string,,Unknown error,Erreur inconnue,
settings_extra_unrestricted_recommended,string,,Unrestricted (recommended),Sans restriction (recommandé),
settings_extra_view_battery,string,,Battery,Batterie,
settings_extra_view_climate,string,,Climate,Climat,
settings_extra_view_energy,string,,Energy,Énergie,
settings_extra_view_rooms,string,,Rooms,Pièces,
settings_extra_view_security,string,,Security,Sécurité,
settings_extra_minutes_ago,plural,one,%1$d minute ago,il y a %1$d minute,keep %1$d
settings_extra_minutes_ago,plural,other,%1$d minutes ago,il y a %1$d minutes,keep %1$d
settings_extra_hours_ago,plural,one,%1$d hour ago,il y a %1$d heure,keep %1$d
settings_extra_hours_ago,plural,other,%1$d hours ago,il y a %1$d heures,keep %1$d
settings_extra_days_ago,plural,one,%1$d day ago,il y a %1$d jour,keep %1$d
settings_extra_days_ago,plural,other,%1$d days ago,il y a %1$d jours,keep %1$d
settings_extra_shared_dashboards_pushed,plural,one,Pushed changes to %1$d shared dashboard.,Modifications envoyées à %1$d tableau de bord partagé.,keep %1$d
settings_extra_shared_dashboards_pushed,plural,other,Pushed changes to %1$d shared dashboards.,Modifications envoyées à %1$d tableaux de bord partagés.,keep %1$d
family_permission_reimport,string,,Allow re-importing,Autoriser la réimportation,
family_permission_reimport_subtitle,string,,"Let this person manually re-import or clear Rooms, Climate, Security, Energy, and Battery data","Autoriser cette personne à réimporter ou effacer manuellement les données Pièces, Climat, Sécurité, Énergie et Batterie",
family_dashboard_create_disabled_reason,string,,Your family administrator has disabled dashboard creation. This account can only use family-shared dashboards.,Votre administrateur familial a désactivé la création de tableaux de bord. Ce compte ne peut utiliser que les tableaux de bord familiaux partagés.,
family_dashboard_restore_disabled_reason,string,,"Your family administrator has disabled dashboard switching. Restoring a backup could replace the family dashboard, so this account can only select a shared dashboard.",Votre administrateur familial a désactivé le changement de tableau de bord. Une restauration pourrait remplacer le tableau de bord familial ; ce compte ne peut donc choisir qu’un tableau de bord partagé.,
family_settings_admin_only,string,,Locked — only a Home Assistant administrator can manage family sharing,Verrouillé — seul un administrateur Home Assistant peut gérer le partage familial,don't translate Home Assistant
family_aesthetics_only_explanation,string,,"Aesthetics-only access allows local names, icons, colors, backgrounds, card styles, shapes, sizes, and layout. Entities, actions, visibility rules, content, controls, and other behavior remain managed by the dashboard owner.","L’accès esthétique uniquement autorise les noms, icônes, couleurs, arrière-plans, styles de cartes, formes, tailles et mises en page locaux. Les entités, actions, règles de visibilité, contenus, commandes et autres comportements restent gérés par le propriétaire du tableau de bord.",
parental_search_access_title,string,,Entity search access,Accès à la recherche d’entités,
parental_search_access_hint,string,,Choose which Home Assistant domains or individual entities this person can find in global search. Invisible selections always take precedence.,Choisissez les domaines Home Assistant ou les entités individuelles que cette personne peut trouver dans la recherche globale. Les sélections invisibles sont toujours prioritaires.,don't translate Home Assistant
parental_search_visible_title,string,,Visible,Visible,
parental_search_invisible_title,string,,Invisible,Invisible,
parental_search_visible_empty,string,,All entities are visible unless they appear in the Invisible list.,Toutes les entités sont visibles sauf celles de la liste Invisible.,
parental_search_invisible_empty,string,,No entities are explicitly hidden.,Aucune entité n’est explicitement masquée.,
parental_search_picker_subtitle,string,,Select entire domains or individual entities,Sélectionnez des domaines entiers ou des entités individuelles,
parental_search_domains,string,,Domains,Domaines,
parental_search_entire_domain,string,,Entire domain,Domaine entier,
parental_search_domain_chip,string,,Domain: %1$s,Domaine : %1$s,keep %1$s
uif_a_state,string,,a state,un état,
uif_a_time,string,,a time,une heure,
uif_actions,string,,Actions,Actions,
uif_active,string,,Active,Actif,
uif_adaptive,string,,Adaptive,Adaptatif,
uif_advanced,string,,Advanced,Avancé,
uif_air_quality,string,,Air quality,Qualité de l’air,
uif_alarm,string,,Alarm,Alarme,
uif_alarms,string,,Alarms,Alarmes,
uif_allow,string,,Allow,Autoriser,
uif_allow_all_the_time,string,,Allow all the time,Toujours autoriser,
uif_and_separator,string,,\u0020and\u0020,\u0020et\u0020,
uif_appearance,string,,Appearance,Apparence,
uif_aqi,string,,AQI,AQI,
uif_auto,string,,Auto,Auto,
uif_back,string,,Back,Retour,
uif_beep,string,,Beep,Bip,
uif_brightness,string,,Brightness,Luminosité,
uif_bucket,string,,Bucket,Bac,
uif_choose_action,string,,Choose action,Choisir une action,
uif_choose_entity,string,,Choose entity,Choisir une entité,
uif_choose_target,string,,Choose target,Choisir une cible,
uif_circle,string,,Circle,Cercle,
uif_color,string,,Color,Couleur,
uif_date,string,,Date,Date,
uif_date_and_time,string,,Date and time,Date et heure,
uif_defrost,string,,Defrost,Dégivrage,
uif_devices_on,string,,Devices on,Appareils allumés,
uif_direction_east_short,string,,E,E,
uif_direction_north_short,string,,N,N,
uif_direction_northeast_short,string,,NE,NE,
uif_direction_northwest_short,string,,NW,NO,
uif_direction_south_short,string,,S,S,
uif_direction_southeast_short,string,,SE,SE,
uif_direction_southwest_short,string,,SW,SO,
uif_direction_west_short,string,,W,O,
uif_display,string,,Display,Affichage,
uif_edit,string,,Edit,Modifier,
uif_enable,string,,Enable,Activer,
uif_enable_location,string,,Enable location,Activer la localisation,
uif_enabled,string,,Enabled,Activé,
uif_entities,string,,Entities,Entités,
uif_error,string,,Error,Erreur,
uif_fan_speed,string,,Fan speed,Vitesse de ventilation,
uif_feels_like_temperature,string,,Feels like %1$d°,Ressenti : %1$d°,keep %1$d
uif_filter,string,,Filter,Filtre,
uif_fire,string,,Fire,Incendie,
uif_flow_actions_available,string,,Actions available in Home Assistant,Actions disponibles dans Home Assistant,don't translate Home Assistant
uif_flow_actions_load_failed,string,,Could not load Home Assistant actions,Impossible de charger les actions Home Assistant,don't translate Home Assistant
uif_flow_advanced_block_unchanged,string,,Advanced block (kept unchanged),Bloc avancé (conservé tel quel),
uif_flow_after_format,string,,After (HH:MM:SS),Après (HH:MM:SS),
uif_flow_after_time,string,,after %1$s,après %1$s,keep %1$s
uif_flow_at_time,string,,At %1$s,À %1$s,keep %1$s
uif_flow_automation_delete_failed,string,,Could not delete this automation,Impossible de supprimer cette automatisation,
uif_flow_automation_deleted,string,,Deleted from Home Assistant,Supprimée de Home Assistant,don't translate Home Assistant
uif_flow_automation_load_failed,string,,Could not load this automation,Impossible de charger cette automatisation,
uif_flow_automation_save_failed,string,,Could not save this automation,Impossible d’enregistrer cette automatisation,
uif_flow_automation_saved,string,,Saved and loaded in Home Assistant,Enregistrée et chargée dans Home Assistant,don't translate Home Assistant
uif_flow_before_format,string,,Before (HH:MM:SS),Avant (HH:MM:SS),
uif_flow_before_time,string,,before %1$s,avant %1$s,keep %1$s
uif_flow_domain_actions_first,string,,%1$s actions are shown first,Les actions %1$s sont affichées en premier,keep %1$s
uif_flow_entity_becomes_state,string,,%1$s becomes %2$s,%1$s passe à %2$s,keep %1$s %2$s
uif_flow_entity_is_state,string,,%1$s is %2$s,%1$s est %2$s,keep %1$s %2$s
uif_flow_entity_state,string,,Entity state,État de l’entité,
uif_flow_ha_action,string,,Home Assistant action,Action Home Assistant,don't translate Home Assistant
uif_flow_mode_parallel,string,,Parallel,Parallèle,
uif_flow_mode_parallel_description,string,,Start every trigger as a separate run at the same time.,Lancer chaque déclenchement simultanément dans une exécution distincte.,
uif_flow_mode_queued,string,,Queued,File d’attente,
uif_flow_mode_queued_description,string,,"Wait, then run each trigger in the order it arrived.","Attendre, puis exécuter chaque déclenchement dans son ordre d’arrivée.",
uif_flow_mode_restart,string,,Restart,Redémarrage,
uif_flow_mode_restart_description,string,,Stop the current run and start again when conditions still pass.,Arrêter l’exécution en cours et recommencer si les conditions sont toujours remplies.,
uif_flow_mode_single,string,,Single,Unique,
uif_flow_mode_single_description,string,,Ignore a new trigger while this flow is still running.,Ignorer tout nouveau déclenchement tant que ce flux est en cours d’exécution.,
uif_flow_perform_ha_action,string,,Perform a Home Assistant action,Exécuter une action Home Assistant,don't translate Home Assistant
uif_flow_section_and_if,string,,And if,Et si,
uif_flow_section_then,string,,Then,Alors,
uif_flow_section_when,string,,When,Quand,
uif_flow_sun_event,string,,Sun event,Événement solaire,
uif_flow_sunrise_or_sunset,string,,Sunrise or sunset,Lever ou coucher du soleil,
uif_flow_time_format,string,,Time (HH:MM:SS),Heure (HH:MM:SS),
uif_flow_time_window,string,,Time window,Plage horaire,
uif_flow_group_any,string,,Any of these,L'une de celles-ci,
uif_flow_group_all,string,,All of these,Toutes celles-ci,
uif_flow_group_none,string,,None of these,Aucune de celles-ci,
uif_flow_group_empty,string,,Empty — open it to add conditions,Vide — ouvrez le groupe pour ajouter des conditions,
uif_flow_group_open,string,,Open group,Ouvrir le groupe,
uif_flow_group_back,string,,Back,Retour,
uif_flow_group_count,plural,one,%1$d condition inside,%1$d condition à l'intérieur,keep %1$d
uif_flow_group_count,plural,other,%1$d conditions inside,%1$d conditions à l'intérieur,keep %1$d
uif_flow_within_time_window,string,,Within a time window,Dans une plage horaire,
uif_full,string,,Full,Pleine largeur,
uif_gas,string,,Gas,Gaz,
uif_glow,string,,Glow,Lueur,
uif_half,string,,Half,Moitié,
uif_header_pill,string,,Header pill,Pastille d’en-tête,
uif_hold,string,,Hold,Appui long,
uif_humidity,string,,Humidity,Humidité,
uif_ionizer,string,,Ionizer,Ioniseur,
uif_lights_on,string,,Lights on,Lampes allumées,
uif_mode_auto,string,,Auto,Auto,
uif_mode_away,string,,Away,Absent,
uif_mode_baby,string,,Baby,Bébé,
uif_mode_boost,string,,Boost,Turbo,
uif_mode_clothes,string,,Clothes,Séchage des vêtements,
uif_mode_comfort,string,,Comfort,Confort,
uif_mode_continuous,string,,Continuous,Continu,
uif_mode_dry,string,,Dry,Séchage,
uif_mode_eco,string,,Eco,Éco,
uif_mode_high,string,,High,Élevé,
uif_mode_home,string,,Home,À la maison,
uif_mode_laundry,string,,Laundry,Linge,
uif_mode_low,string,,Low,Faible,
uif_mode_manual,string,,Manual,Manuel,
uif_mode_medium,string,,Medium,Moyen,
uif_mode_normal,string,,Normal,Normal,
uif_mode_purify,string,,Purify,Purification,
uif_mode_quiet,string,,Quiet,Silencieux,
uif_mode_sleep,string,,Sleep,Nuit,
uif_moon,string,,Moon,Lune,
uif_moon_phase_first_quarter,string,,First quarter,Premier quartier,
uif_moon_phase_full,string,,Full moon,Pleine lune,
uif_moon_phase_last_quarter,string,,Last quarter,Dernier quartier,
uif_moon_phase_new,string,,New moon,Nouvelle lune,
uif_moon_phase_waning_crescent,string,,Waning crescent,Dernier croissant,
uif_moon_phase_waning_gibbous,string,,Waning gibbous,Lune gibbeuse décroissante,
uif_moon_phase_waxing_crescent,string,,Waxing crescent,Premier croissant,
uif_moon_phase_waxing_gibbous,string,,Waxing gibbous,Lune gibbeuse croissante,
uif_motion,string,,Motion,Mouvement,
uif_mute,string,,Mute,Couper le son,
uif_next,string,,Next,Suivant,
uif_none,string,,None,Aucun,
uif_off,string,,Off,Éteint,
uif_onboarding_add_in_edit_mode,string,,Add everything yourself in Edit mode,Ajoute tout toi-même en mode édition,
uif_onboarding_add_internal_url_later,string,,"For a faster direct connection at home, you can add an internal URL and your home Wi-Fi networks later in Settings > Connection.","Pour une connexion directe plus rapide chez toi, tu pourras ajouter plus tard une URL interne et tes réseaux Wi-Fi domestiques dans Paramètres > Connexion.",
uif_onboarding_add_remote_url_later,string,,"To connect while you're away from home, add a Nabu Casa or external URL later in Settings > Connection.","Pour te connecter lorsque tu n’es pas chez toi, ajoute plus tard une URL Nabu Casa ou une URL externe dans Paramètres > Connexion.",don't translate Nabu Casa
uif_onboarding_auto_entities,string,,"Finds suitable Climate, Security, Energy and Battery entities","Recherche des entités adaptées pour le climat, la sécurité, l’énergie et les batteries",
uif_onboarding_auto_generate,string,,Auto generate,Générer automatiquement,
uif_onboarding_auto_rooms_floors,string,,Creates rooms and floors from Home Assistant areas,Crée les pièces et les étages à partir des zones de Home Assistant,don't translate Home Assistant
uif_onboarding_building_dashboard,string,,Building dashboard…,Création du tableau de bord…,
uif_onboarding_connection_failed,string,,Connection failed,Échec de la connexion,
uif_onboarding_everything_editable,string,,Everything can be changed afterward in Edit mode,Tu pourras tout modifier ensuite en mode édition,
uif_onboarding_external_access_explanation,string,,HKI 7 can reach your smart home both at home and while you're away through the external URL you entered.,HKI 7 peut accéder à ta maison connectée chez toi comme à distance grâce à l’URL externe que tu as saisie.,don't translate HKI 7
uif_onboarding_local_access_explanation,string,,Your smart home is currently available to HKI 7 only while this device can reach your local Home Assistant network.,HKI 7 peut actuellement accéder à ta maison connectée uniquement lorsque cet appareil peut joindre le réseau local de Home Assistant.,"don't translate Home Assistant, HKI 7"
uif_onboarding_login_failed,string,,Login failed: %1$s,Échec de la connexion : %1$s,keep %1$s
uif_onboarding_nabu_casa_access_explanation,string,,HKI 7 can reach your smart home both at home and while you're away through your Nabu Casa URL.,HKI 7 peut accéder à ta maison connectée chez toi comme à distance grâce à ton URL Nabu Casa.,"don't translate Nabu Casa, HKI 7"
uif_onboarding_no_authorization_code,string,,Login failed: Home Assistant returned no authorization code.,Échec de la connexion : Home Assistant n’a renvoyé aucun code d’autorisation.,don't translate Home Assistant
uif_onboarding_preparing_dashboard,string,,Preparing dashboard…,Préparation du tableau de bord…,
uif_onboarding_server_http_error,string,,The server answered with HTTP %1$d,Le serveur a répondu avec le code HTTP %1$d,keep %1$d
uif_onboarding_shared_import_failed,string,,Could not import “%1$s”. Try again.,Impossible d’importer « %1$s ». Réessaie.,keep %1$s
uif_onboarding_start_empty,string,,Start empty,Partir de zéro,
uif_onboarding_starts_empty,string,,"Starts without imported rooms, widgets or view entities","Démarre sans pièce, widget ni entité de vue importés",
uif_open,string,,Open,Ouvrir,
uif_open_doors,string,,Open doors,Portes ouvertes,
uif_open_settings,string,,Open settings,Ouvrir les paramètres,
uif_open_windows,string,,Open windows,Fenêtres ouvertes,
uif_pause,string,,Pause,Pause,
uif_percentage,string,,Percentage,Pourcentage,
uif_percentage_value,string,,%1$d%%,%1$d%%,keep %1$d
uif_pick_to_auto_fill,string,,Pick to auto-fill,Choisir pour remplir automatiquement,
uif_pill,string,,Pill,Pastille,
uif_play,string,,Play,Lire,
uif_playlists,string,,Playlists,Listes de lecture,
uif_pm25,string,,PM2.5,PM2.5,
uif_presence,string,,Presence,Présence,
uif_pressure,string,,Pressure,Pression,
uif_pressure_hpa,string,,%1$d hPa,%1$d hPa,keep %1$d
uif_previous,string,,Previous,Précédent,
uif_pulse,string,,Pulse,Pulsation,
uif_pump,string,,Pump,Pompe,
uif_rain,string,,Rain,Pluie,
uif_rain_map_camera,string,,Rain map camera,Caméra de la carte des pluies,
uif_recipe_arrive_home_description,string,,Activate a scene when someone arrives home,Activer une scène quand quelqu’un arrive à la maison,
uif_recipe_arrive_home_title,string,,Welcome home,Bienvenue à la maison,
uif_recipe_bedtime_description,string,,Turn off a light at a chosen bedtime,Éteindre une lampe à l’heure du coucher choisie,
uif_recipe_bedtime_title,string,,Bedtime lights,Éclairage du coucher,
uif_recipe_blank_description,string,,Build an automation from an empty canvas,Créer une automatisation à partir d’un canevas vide,
uif_recipe_blank_title,string,,Start empty,Partir de zéro,
uif_recipe_close_covers_description,string,,Close a cover when the sun sets,Fermer un volet au coucher du soleil,
uif_recipe_close_covers_title,string,,Close covers at sunset,Fermer les volets au coucher du soleil,
uif_recipe_entity_state_description,string,,Run an action when an entity reaches a state,Exécuter une action lorsqu’une entité atteint un état,
uif_recipe_entity_state_title,string,,Entity changes,Changement d’une entité,
uif_recipe_leave_home_description,string,,Turn off a light when someone leaves home,Éteindre une lampe quand quelqu’un quitte la maison,
uif_recipe_leave_home_title,string,,Leaving home,Départ de la maison,
uif_recipe_lock_at_night_description,string,,Lock a door at a chosen time,Verrouiller une porte à l’heure choisie,
uif_recipe_lock_at_night_title,string,,Lock up at night,Verrouillage pour la nuit,
uif_recipe_morning_scene_description,string,,Activate a scene at a chosen morning time,Activer une scène à l’heure matinale choisie,
uif_recipe_morning_scene_title,string,,Morning scene,Scène du matin,
uif_recipe_motion_lights_description,string,,Turn on a light when motion is detected,Allumer une lampe lorsqu’un mouvement est détecté,
uif_recipe_motion_lights_title,string,,Motion lighting,Éclairage sur détection de mouvement,
uif_recipe_open_covers_description,string,,Open a cover when the sun rises,Ouvrir un volet au lever du soleil,
uif_recipe_open_covers_title,string,,Open covers at sunrise,Ouvrir les volets au lever du soleil,
uif_recipe_schedule_description,string,,Run an action at a fixed time every day,Exécuter une action tous les jours à heure fixe,
uif_recipe_schedule_title,string,,At a time,À une heure précise,
uif_recipe_sunrise_lights_off_description,string,,Turn off a light when the sun rises,Éteindre une lampe au lever du soleil,
uif_recipe_sunrise_lights_off_title,string,,Lights off at sunrise,Éteindre les lumières au lever du soleil,
uif_recipe_sunset_description,string,,Run an action at sunset,Exécuter une action au coucher du soleil,
uif_recipe_sunset_title,string,,Around sunset,Autour du coucher du soleil,
uif_refresh,string,,Refresh,Actualiser,
uif_remove,string,,Remove,Supprimer,
uif_repeat,string,,Repeat,Répéter,
uif_run,string,,Run,Exécuter,
uif_season,string,,Season,Saison,
uif_season_autumn,string,,Autumn,Automne,
uif_season_spring,string,,Spring,Printemps,
uif_season_summer,string,,Summer,Été,
uif_season_winter,string,,Winter,Hiver,
uif_shuffle,string,,Shuffle,Lecture aléatoire,
uif_sleep,string,,Sleep,Sommeil,
uif_smoke,string,,Smoke,Fumée,
uif_source,string,,Source,Source,
uif_source_device,string,,Source device,Appareil source,
uif_speed,string,,Speed,Vitesse,
uif_speed_kmh,string,,%1$d km/h,%1$d km/h,keep %1$d
uif_spin,string,,Spin,Rotation,
uif_state_active,string,,Active,Actif,
uif_state_away,string,,Away,Absent,
uif_state_buffering,string,,Buffering,Mise en mémoire tampon,
uif_state_cleaning,string,,Cleaning,Nettoyage,
uif_state_closed,string,,Closed,Fermé,
uif_state_docked,string,,Docked,Sur sa station,
uif_state_error,string,,Error,Erreur,
uif_state_home,string,,Home,À la maison,
uif_state_idle,string,,Idle,Inactif,
uif_state_locked,string,,Locked,Verrouillé,
uif_state_off,string,,Off,Éteint,
uif_state_on,string,,On,Allumé,
uif_state_open,string,,Open,Ouvert,
uif_state_paused,string,,Paused,En pause,
uif_state_playing,string,,Playing,Lecture en cours,
uif_state_returning,string,,Returning,Retour à la station,
uif_state_standby,string,,Standby,En veille,
uif_state_unavailable,string,,Unavailable,Indisponible,
uif_state_unknown,string,,Unknown,Inconnu,
uif_state_unlocked,string,,Unlocked,Déverrouillé,
uif_sun,string,,Sun,Soleil,
uif_sunrise,string,,Sunrise,Lever du soleil,
uif_sunset,string,,Sunset,Coucher du soleil,
uif_tank,string,,Tank,Réservoir,
uif_tap,string,,Tap,Appui,
uif_third,string,,Third,Tiers,
uif_time,string,,Time,Heure,
uif_unknown,string,,Unknown,Inconnu,
uif_update_failed,string,,Could not update %1$s,Impossible de mettre à jour %1$s,keep %1$s
uif_updated,string,,%1$s updated,Mise à jour de %1$s effectuée,keep %1$s
uif_weather,string,,Weather,Météo,
uif_wind,string,,Wind,Vent,
uif_active_device_count,plural,one,%1$d active device,%1$d appareil actif,keep %1$d
uif_active_device_count,plural,other,%1$d active devices,%1$d appareils actifs,keep %1$d
uif_adaptive_group_paused_count,plural,one,%1$d group light is paused for manual control.,%1$d lampe du groupe est en pause pour permettre le contrôle manuel.,keep %1$d
uif_adaptive_group_paused_count,plural,other,%1$d group lights are paused for manual control.,%1$d lampes du groupe sont en pause pour permettre le contrôle manuel.,keep %1$d
uif_adaptive_profile_light_count,plural,one,Controls %1$d light in this profile.,Contrôle %1$d lampe dans ce profil.,keep %1$d
uif_adaptive_profile_light_count,plural,other,Controls %1$d lights in this profile.,Contrôle %1$d lampes dans ce profil.,keep %1$d
uif_days_to_season,plural,one,%1$d day to %2$s,%1$d jour avant %2$s,keep %1$d %2$s
uif_days_to_season,plural,other,%1$d days to %2$s,%1$d jours avant %2$s,keep %1$d %2$s
uif_device_on_count,plural,one,%1$d device on,%1$d appareil allumé,keep %1$d
uif_device_on_count,plural,other,%1$d devices on,%1$d appareils allumés,keep %1$d
uif_fire_detector_count,plural,one,%1$d fire detector active,%1$d détecteur d’incendie actif,keep %1$d
uif_fire_detector_count,plural,other,%1$d fire detectors active,%1$d détecteurs d’incendie actifs,keep %1$d
uif_flow_advanced_block_count,plural,one,%1$d advanced shorthand block (kept unchanged),%1$d bloc avancé en notation abrégée (conservé tel quel),keep %1$d
uif_flow_advanced_block_count,plural,other,%1$d advanced shorthand blocks (kept unchanged),%1$d blocs avancés en notation abrégée (conservés tels quels),keep %1$d
uif_gas_detector_count,plural,one,%1$d gas detector active,%1$d détecteur de gaz actif,keep %1$d
uif_gas_detector_count,plural,other,%1$d gas detectors active,%1$d détecteurs de gaz actifs,keep %1$d
uif_light_on_count,plural,one,%1$d light on,%1$d lampe allumée,keep %1$d
uif_light_on_count,plural,other,%1$d lights on,%1$d lampes allumées,keep %1$d
uif_media_item_count,plural,one,%1$d item,%1$d élément,keep %1$d
uif_media_item_count,plural,other,%1$d items,%1$d éléments,keep %1$d
uif_motion_sensor_count,plural,one,%1$d motion sensor active,%1$d détecteur de mouvement actif,keep %1$d
uif_motion_sensor_count,plural,other,%1$d motion sensors active,%1$d détecteurs de mouvement actifs,keep %1$d
uif_open_door_count,plural,one,%1$d open door,%1$d porte ouverte,keep %1$d
uif_open_door_count,plural,other,%1$d open doors,%1$d portes ouvertes,keep %1$d
uif_open_window_count,plural,one,%1$d open window,%1$d fenêtre ouverte,keep %1$d
uif_open_window_count,plural,other,%1$d open windows,%1$d fenêtres ouvertes,keep %1$d
uif_presence_sensor_count,plural,one,%1$d presence sensor active,%1$d capteur de présence actif,keep %1$d
uif_presence_sensor_count,plural,other,%1$d presence sensors active,%1$d capteurs de présence actifs,keep %1$d
uif_smoke_detector_count,plural,one,%1$d smoke detector active,%1$d détecteur de fumée actif,keep %1$d
uif_smoke_detector_count,plural,other,%1$d smoke detectors active,%1$d détecteurs de fumée actifs,keep %1$d
weather_animate_title,string,,Animated weather,Météo animée,
weather_animate_description,string,,"Where the full-colour weather artwork plays. Turn a surface off to show its still artwork instead — the forecast strips are the ones that cost the most, since they animate a dozen icons side by side.","Où jouent les illustrations météorologiques en couleur. Désactivez une surface pour afficher son illustration fixe à la place : les bandes de prévisions sont celles qui coûtent le plus cher, car elles animent une douzaine d'icônes côte à côte.",
weather_animate_applies_everywhere,string,,"These apply to this device everywhere weather is shown, not just to this pill. The same switches are in Settings › Appearance › Icons.","Celles-ci s'appliquent à cet appareil partout où la météo est affichée, pas seulement à cette pilule. Les mêmes commutateurs se trouvent dans Paramètres > Apparence > Icônes.",
weather_animate_pill,string,,Header pill,Pilule d'en-tête,
weather_animate_pill_description,string,,The small weather icon beside the dashboard title.,La petite icône météo à côté du titre du tableau de bord.,
weather_animate_dialog,string,,Weather dialog,Dialogue météo,
weather_animate_dialog_description,string,,The large icon on the current-weather card when you open the weather.,La grande icône sur la carte météo actuelle lorsque vous ouvrez la météo.,
weather_animate_forecast,string,,Forecast strips,Bandes de prévision,
weather_animate_forecast_description,string,,"The daily and hourly rows, in the dialog and on the dashboard.","Les lignes quotidiennes et horaires, dans la boîte de dialogue et sur le tableau de bord.",
weather_animate_widget,string,,Weather widget,Widget météo,
weather_animate_widget_description,string,,The weather card on the dashboard itself.,La carte météo sur le tableau de bord lui-même.,
widgets_tab_content,string,,Content,Contenu,
widgets_tab_appearance,string,,Appearance,Apparence,
widgets_tab_data,string,,Data,Données,
widgets_tab_chart,string,,Chart,Graphique,
widgets_tab_graphs,string,,Graphs,Graphiques,
widgets_tab_layout,string,,Layout,Disposition,
widgets_tab_data_sources,string,,Data sources,Sources de données,
widgets_remove,string,,Remove,Supprimer,
widgets_reimport,string,,Re-import,Réimporter,
widgets_unavailable,string,,Unavailable,Indisponible,
widgets_today,string,,Today,Aujourd’hui,
widgets_tomorrow,string,,Tomorrow,Demain,
widgets_yesterday,string,,Yesterday,Hier,
widgets_today_initial,string,,T,A,
widgets_date_range,string,,%1$s – %2$s,%1$s – %2$s,keep %1$s %2$s
widgets_iframe_title,string,,iFrame,iFrame,
widgets_iframe_subtitle,string,,Embed a web page on your dashboard,Intégrer une page web au tableau de bord,
widgets_ratio_square,string,,Square,Carré,
widgets_ratio_wide,string,,Wide,Large,
widgets_ratio_tall,string,,Tall,Haut,
widgets_markdown_title,string,,Markdown,Markdown,
widgets_markdown_subtitle,string,,Content and card appearance,Contenu et apparence de la carte,
widgets_media_player_title,string,,Media player,Lecteur multimédia,
widgets_media_player_subtitle,string,,"Source, layout, and artwork","Source, disposition et pochette",
widgets_stat_min,string,,Min,Min.,
widgets_stat_average,string,,Avg,Moy.,
widgets_stat_max,string,,Max,Max.,
widgets_sensor_graph_title,string,,Sensor graph,Graphique de capteurs,
widgets_sensor_graph_subtitle,string,,"Entities, chart style, and appearance","Entités, style du graphique et apparence",
widgets_sensor_graph_stack_title,string,,Sensor graph stack,Pile de graphiques de capteurs,
widgets_sensor_graph_stack_subtitle,string,,Grouped charts and stack layout,Graphiques groupés et disposition de la pile,
widgets_graph_sensor_count,plural,one,Graph %1$d · %2$d sensor,Graphique %1$d · %2$d capteur,keep %1$d %2$d
widgets_graph_sensor_count,plural,other,Graph %1$d · %2$d sensors,Graphique %1$d · %2$d capteurs,keep %1$d %2$d
widgets_calendar_title,string,,Calendar,Calendrier,
widgets_calendar_subtitle,string,,"Calendars, default view, and appearance","Calendriers, vue par défaut et apparence",
widgets_calendar_agenda,string,,Agenda,Agenda,
widgets_calendar_week,string,,Week,Semaine,
widgets_calendar_month,string,,Month,Mois,
widgets_calendar_no_entity,string,,No calendar entity available,Aucune entité de calendrier disponible,
widgets_calendar_no_upcoming_events,string,,No events in the coming days,Aucun événement dans les prochains jours,
widgets_calendar_no_events_for,string,,No events for %1$s,Aucun événement le %1$s,keep %1$s
widgets_calendar_all_day,string,,All day,Toute la journée,
widgets_calendar_time_unknown,string,,Time unknown,Heure inconnue,
widgets_vacuum_state_cleaning,string,,Cleaning,Nettoyage en cours,
widgets_vacuum_state_docked,string,,Docked,Sur la station,
widgets_vacuum_state_paused,string,,Paused,En pause,
widgets_vacuum_state_error,string,,Error,Erreur,
widgets_vacuum_state_returning,string,,Returning to dock,Retour à la station,
widgets_vacuum_dock,string,,Dock,Station,
widgets_vacuum_start,string,,Start,Démarrer,
widgets_vacuum_pause,string,,Pause,Pause,
widgets_vacuum_stop,string,,Stop,Arrêter,
widgets_vacuum_locate,string,,Locate,Localiser,
widgets_vacuum_page_status,string,,%1$d/%2$d · %3$s,%1$d/%2$d · %3$s,keep %1$d %2$d %3$s
widgets_vacuum_fan_speed,string,,Fan speed,Puissance d’aspiration,
widgets_vacuum_water_level,string,,Water level,Niveau d’eau,
widgets_vacuum_map,string,,Vacuum map,Carte de l’aspirateur,
widgets_vacuum_room_number,string,,Room %1$d,Pièce %1$d,keep %1$d
widgets_vacuum_room_label,string,,Room %1$s,Pièce %1$s,keep %1$s
widgets_vacuum_valetudo_decode_failed,string,,No Valetudo map data in this camera entity,Aucune donnée de carte Valetudo dans cette entité caméra,don't translate Valetudo
widgets_vacuum_valetudo_tap_hint,string,,Tap a room to clean it,Touchez une pièce pour la nettoyer,
widgets_vacuum_valetudo_unmapped,string,,Map this robot's segments to areas in Home Assistant to clean a room by tapping it,Associez les segments de ce robot à des zones dans Home Assistant pour nettoyer une pièce d'un simple appui,don't translate Home Assistant
widgets_vacuum_valetudo_cleaning,string,,Cleaning %1$s,Nettoyage de %1$s,keep %1$s
widgets_waste_collection_title,string,,Waste collection,Collecte des déchets,
widgets_waste_collection_subtitle,string,,"Sensors, calendar, and appearance","Capteurs, calendrier et apparence",
widgets_waste_sensor_picture_help,string,,Shows the sensor’s entity_picture (falls back to the type icon when no picture is available).,"Affiche l’entity_picture du capteur ; si elle est absente, l’icône du type de déchet est utilisée.",
ui_people_dialog_title,string,,People,Personnes,
widgets_f1_title,string,,Formula 1,Formule 1,
widgets_f1_subtitle,string,,"Race weekend, standings, and results","Week-end de course, classement et résultats",
widgets_f1_sources_subtitle,string,,Read from the F1 Sensor integration,Lire à partir de l'intégration du capteur F1,
widgets_f1_tab_next,string,,Next race,Prochaine course,
widgets_f1_tab_calendar,string,,Calendar,Calendrier,
widgets_f1_tab_standings,string,,Standings,Classement,
widgets_f1_tab_grid,string,,Grid,Grille,
widgets_f1_tab_results,string,,Results,Résultats,
widgets_f1_tab_live,string,,Live,En direct,
widgets_f1_drivers,string,,Drivers,Pilotes,
widgets_f1_constructors,string,,Constructors,Constructeurs,
widgets_f1_prediction,string,,Prediction,Prédiction,
widgets_f1_schedule,string,,Session schedule,Calendrier des séances,
widgets_f1_race_control,string,,Race control,Contrôle de course,
widgets_f1_timing,string,,Timing,Timing,
widgets_f1_round,string,,Round %1$s,Tour %1$s,keep %1$s
widgets_f1_lap_short,string,,Lap %1$s,Tour %1$s,keep %1$s
widgets_f1_lap_of,string,,Lap %1$d / %2$d,Tour %1$d / %2$d,keep %1$d %2$d
widgets_f1_wins_short,string,,%1$s wins,%1$s gagne,keep %1$s
widgets_f1_points_wins_legend,string,,Right-hand column shows championship points.,La colonne de droite montre les points de championnat.,
widgets_f1_prediction_now,string,,Now: %1$s pts,Maintenant : %1$s pts,keep %1$s
widgets_f1_prediction_legend,string,,Right-hand column shows predicted final points. Needs F1TV Auth in F1 Sensor.,La colonne de droite montre les points finaux prévus. Nécessite l'authentification F1TV dans le capteur F1.,
widgets_f1_status_pit,string,,In pit,Dans la fosse,
widgets_f1_status_out,string,,Retired,À la retraite,
widgets_f1_no_calendar,string,,No season schedule available yet,Aucun calendrier de saison disponible pour l'instant,
widgets_f1_no_grid,string,,No starting grid available yet,Aucune grille de départ disponible pour l'instant,
widgets_f1_no_prediction,string,,No championship prediction available. Needs F1TV Auth in F1 Sensor.,Aucune prédiction de championnat disponible. Nécessite l'authentification F1TV dans le capteur F1.,
widgets_f1_lights_out_in,string,,Lights out in %1$s,Lumières éteintes dans %1$s,keep %1$s
widgets_f1_next_in,string,,%1$s · %2$s,%1$s · %2$s,keep %1$s %2$s
widgets_f1_in_days_hours,string,,in %1$dd %2$dh,dans %1$dd %2$dh,keep %1$d %2$d
widgets_f1_in_hours_minutes,string,,in %1$dh %2$dm,dans %1$dh %2$dm,keep %1$d %2$d
widgets_f1_in_minutes,string,,in %1$dm,dans %1$dm,keep %1$d
widgets_f1_no_upcoming,string,,No upcoming race,Aucune course à venir,
widgets_f1_today_at,string,,Today %1$s,Aujourd'hui %1$s,keep %1$s
widgets_f1_tomorrow_at,string,,Tomorrow %1$s,Demain %1$s,keep %1$s
widgets_f1_time_unknown,string,,Time to be confirmed,Heure à confirmer,
widgets_f1_sensors_used,string,,"This widget uses the next race, season calendar, starting grid, driver and constructor standings, last race results, weather, and — during a session — track status, session status, race control, driver positions, and current tyres. It also shows a championship prediction when F1 Sensor's optional F1TV Auth is set up. Other F1 Sensor options are not needed for it.","Ce widget utilise la prochaine course, le classement des pilotes et des constructeurs, les résultats de la dernière course, la météo, la saison en cours et, pendant une session, l'état de la piste, l'état de la session et le contrôle de la course. Les autres options du capteur F1 ne sont pas nécessaires.",
widgets_f1_no_standings,string,,No standings available yet,Aucun classement disponible pour l'instant,
widgets_f1_no_results,string,,No race results available yet,Aucun résultat de course disponible pour l'instant,
widgets_f1_no_race_control,string,,No race control messages,Aucun message du contrôle de course,
widgets_f1_not_found,string,,F1 Sensor not found,Capteur F1 introuvable,
widgets_f1_not_found_long,string,,The F1 Sensor integration was not found. Install it in Home Assistant (HACS: Nicxe/f1_sensor) and its sensors are picked up automatically.,L'intégration du capteur F1 n'a pas été trouvée. Installez-le dans Home Assistant (HACS : Nicxe/f1_sensor) et ses capteurs sont récupérés automatiquement.,don't translate Home Assistant
widgets_f1_found,string,,Found %1$d F1 sensors.,Capteurs %1$d F1 trouvés.,keep %1$d
widgets_f1_default_tab,string,,Opening tab,Onglet d'ouverture,
widgets_f1_background_help,string,,"With no background image the card shows the upcoming race, with the circuit outline as a faint watermark behind it.","Sans image d'arrière-plan, la carte montre la course à venir, avec le contour du circuit sous forme d'un léger filigrane derrière.",
widgets_f1_session_fp1,string,,Practice 1,Pratique 1,
widgets_f1_session_fp2,string,,Practice 2,Pratique 2,
widgets_f1_session_fp3,string,,Practice 3,Pratique 3,
widgets_f1_session_sprint_quali,string,,Sprint qualifying,Qualifications sprint,
widgets_f1_session_sprint,string,,Sprint,Sprint,
widgets_f1_session_qualifying,string,,Qualifying,Qualification,
widgets_f1_session_race,string,,Race,Course,
widgets_f1_flag_green,string,,Track clear,Piste claire,
widgets_f1_flag_yellow,string,,Yellow flag,Drapeau jaune,
widgets_f1_flag_red,string,,Red flag,Drapeau rouge,
widgets_f1_flag_safety_car,string,,Safety car,Voiture de sécurité,
widgets_f1_flag_vsc,string,,Virtual safety car,Voiture de sécurité virtuelle,
widgets_f1_flag_chequered,string,,Chequered flag,Drapeau à damier,
widgets_f1_flag_unknown,string,,Not running,Ne fonctionne pas,
cr_widget_f1,string,,Formula 1,Formule 1,
cr_widget_f1_description,string,,"Race weekend, standings, and results","Week-end de course, classement et résultats",
widgets_todo_title,string,,To-Do List,Liste de tâches,
widgets_todo_shopping_title,string,,Shopping List,Liste de courses,
widgets_todo_subtitle,string,,A shared checklist your family can add to and check off,Une liste de contrôle partagée que votre famille peut ajouter et cocher,
widgets_todo_empty,string,,No items yet,Aucun article pour l'instant,
widgets_todo_all_done,string,,All done,Tout est fait,
widgets_todo_remaining,string,,%1$d of %2$d left,%1$d sur %2$d restants,keep %1$d %2$d
widgets_todo_remaining_short,string,,%1$d/%2$d,%1$d/%2$d,keep %1$d %2$d
widgets_todo_add_placeholder,string,,Add an item…,Ajouter un article…,
widgets_todo_read_only,string,,You don't have permission to edit this list.,Vous n'êtes pas autorisé à modifier cette liste.,
widgets_todo_filter_active,string,,To do,Faire,
widgets_todo_filter_all,string,,All,Tous,
widgets_todo_filter_done,string,,Done,Fait,
widgets_todo_clear_completed,string,,Clear completed,Effacer terminé,
widgets_todo_completed_section,string,,Completed (%1$d),Terminé (%1$d),keep %1$d
widgets_todo_new_category,string,,New tab,Nouvel onglet,
widgets_todo_manage_categories,string,,Manage tabs,Gérer les onglets,
widgets_todo_edit_item,string,,Edit item,Modifier l'élément,
widgets_todo_item_text,string,,Item,Article,
widgets_todo_quantity,string,,Quantity,Quantité,
widgets_todo_category,string,,Category,Catégorie,
widgets_todo_note,string,,Note,Note,
widgets_todo_priority,string,,Priority,Priorité,
widgets_todo_priority_low,string,,Low,Faible,
widgets_todo_priority_normal,string,,Normal,Normal,
widgets_todo_priority_high,string,,High,Élevée,
widgets_todo_due_date,string,,Due date,Date d'échéance,
widgets_todo_clear_due_date,string,,Clear due date,Effacer la date d'échéance,
widgets_todo_delete_item,string,,Delete,Supprimer,
widgets_todo_checked_by,string,,Checked by %1$s,Vérifié par %1$s,keep %1$s
widgets_todo_added_by,string,,Added by %1$s,Ajouté par %1$s,keep %1$s
widgets_todo_tab_general,string,,General,Général,
widgets_todo_tab_permissions,string,,Permissions,Autorisations,
widgets_todo_list_type,string,,List type,Type de liste,
widgets_todo_type_todo,string,,To-do,Faire,
widgets_todo_type_shopping,string,,Shopping,Achats,
widgets_todo_sort_mode,string,,Sort order,Ordre de tri,
widgets_todo_sort_manual,string,,Manual,Manuel,
widgets_todo_sort_alphabetical,string,,A–Z,A à Z,
widgets_todo_sort_priority,string,,Priority,Priorité,
widgets_todo_sort_newest,string,,Newest first,Le plus récent en premier,
widgets_todo_show_completed,string,,Show completed items by default,Afficher les éléments terminés par défaut,
widgets_todo_hero_list,string,,Hero list,Liste des héros,
widgets_todo_hero_list_hint,string,,Show this list's open items on the square card.,Afficher les postes non soldés de cette liste sur la carte carrée.,
widgets_todo_permissions_subtitle,string,,"Choose who can add, check off, or remove items","Choisissez qui peut ajouter, cocher ou supprimer des éléments",
widgets_todo_perm_everyone,string,,Everyone,Tout le monde,
widgets_todo_perm_specific,string,,Specific family members,Membres spécifiques de la famille,
widgets_todo_perm_admin_only,string,,Admins only,Administrateurs uniquement,
widgets_todo_permissions_admin_required,string,,Only an admin can choose specific members,Seul un administrateur peut choisir des membres spécifiques,
widgets_todo_no_users_found,string,,No Home Assistant users found,Aucun utilisateur de Home Assistant trouvé,don't translate Home Assistant
cr_widget_todo,string,,To-Do List,Liste de tâches,
cr_widget_todo_description,string,,"Shared checklist or shopping list, editable by everyone, chosen members, or admins only","Liste de contrôle ou liste de courses partagée, modifiable par tout le monde, membres choisis ou administrateurs uniquement",
widgets_find_devices_title,string,,Find my devices,Trouver mes appareils,
widgets_find_devices_subtitle,string,,"Devices, map, and appearance","Appareils, carte et apparence",
widgets_find_devices_label,string,,Devices,Appareils,
widgets_find_select_devices,string,,Select devices,Sélectionnez les appareils,
widgets_find_sources_subtitle,string,,Trackers to show on the map,Trackers à afficher sur la carte,
widgets_find_gps_help,string,,Any device_tracker or person entity can be added. Those reporting GPS coordinates appear on the map; the rest are still listed with their state.,N’importe quel dispositif_tracker ou entité personne peut être ajouté. Ceux qui signalent les coordonnées GPS apparaissent sur la carte ; les autres sont toujours répertoriés avec leur état.,
widgets_find_my_devices,string,,My devices,Mes appareils,
widgets_find_filter_all,string,,All,Tous,
widgets_find_filter_devices,string,,Devices,Appareils,
widgets_find_filter_persons,string,,People,Personnes,
widgets_find_showing_selected,string,,Showing %1$d selected,Affichage de %1$d sélectionné,keep %1$d
widgets_find_show_all,string,,Show all,Afficher tout,
widgets_find_none_in_filter,string,,Nothing of this kind in this widget,Rien de tel dans ce widget,
widgets_find_refresh,string,,Refresh,Rafraîchir,
widgets_find_summary,string,,%1$d of %2$d home,%1$d sur %2$d domicile,keep %1$d %2$d
widgets_find_no_devices_selected,string,,No devices selected,Aucun appareil sélectionné,
widgets_find_no_location,string,,None of these devices report a location yet,Aucun de ces appareils ne signale de position pour l'instant,
widgets_find_no_gps,string,,No location,Aucun emplacement,
widgets_find_state_home,string,,Home,Maison,
widgets_find_state_away,string,,Away,Absent,
widgets_find_state_unknown,string,,Unknown,Inconnu,
cr_widget_find_devices,string,,Find my devices,Trouver mes appareils,
cr_widget_find_devices_description,string,,"Map of your phones, tags, and trackers","Carte de vos téléphones, tags et trackers",
widgets_waste_calendar_range,string,,Calendar range,Plage de calendrier,
widgets_waste_calendar_days,string,,%1$d days,%1$d jours,keep %1$d
widgets_waste_calendar_range_help,string,,"How far ahead the dialog's calendar looks. It is shown as a week grid, rounded out to whole weeks.","À quelle distance apparaît le calendrier de la boîte de dialogue. Il est présenté sous forme de grille hebdomadaire, arrondie à des semaines entières.",
widgets_waste_no_collection_on,string,,No collection on %1$s,Aucune collecte le %1$s,keep %1$s
widgets_waste_organic,string,,Organic waste,Déchets organiques,
widgets_waste_packaging,string,,Packaging,Emballages,
widgets_waste_paper,string,,Paper,Papier,
widgets_waste_residual,string,,Residual waste,Ordures ménagères,
widgets_waste_glass,string,,Glass,Verre,
widgets_waste_textiles,string,,Textiles,Textiles,
widgets_waste_plastic,string,,Plastic,Plastique,
widgets_waste_christmas_trees,string,,Christmas trees,Sapins de Noël,
widgets_waste_bulky,string,,Bulky waste,Encombrants,
widgets_waste_duo_bin,string,,Duo bin,Bac double,
widgets_weather_title,string,,Weather,Météo,
widgets_weather_subtitle,string,,"Entity, card type, and appearance","Entité, type de carte et apparence",
widgets_weather_style_current,string,,Current weather,Météo actuelle,
widgets_weather_style_daily,string,,Daily forecast,Prévisions quotidiennes,
widgets_weather_style_hourly,string,,Hourly forecast,Prévisions horaires,
widgets_weather_style_horizon,string,,Sunrise & sunset horizon,Lever et coucher du soleil,
widgets_weather_style_wind,string,,Wind compass,Boussole du vent,
widgets_weather_style_rain_map,string,,Rain map (image URL),Carte des précipitations (URL d’image),
widgets_compass_directions,array,1,N,N,
widgets_compass_directions,array,2,NNE,NNE,
widgets_compass_directions,array,3,NE,NE,
widgets_compass_directions,array,4,ENE,ENE,
widgets_compass_directions,array,5,E,E,
widgets_compass_directions,array,6,ESE,ESE,
widgets_compass_directions,array,7,SE,SE,
widgets_compass_directions,array,8,SSE,SSE,
widgets_compass_directions,array,9,S,S,
widgets_compass_directions,array,10,SSW,SSO,
widgets_compass_directions,array,11,SW,SO,
widgets_compass_directions,array,12,WSW,OSO,
widgets_compass_directions,array,13,W,O,
widgets_compass_directions,array,14,WNW,ONO,
widgets_compass_directions,array,15,NW,NO,
widgets_compass_directions,array,16,NNW,NNO,
widgets_battery_entities,string,,Battery entities,Entités de batterie,
widgets_battery_settings,string,,Battery settings,Paramètres des batteries,
widgets_battery_empty_view_hint,string,,This battery view is empty. Swipe down on the header and open Battery settings to add entities manually.,Cette vue est vide. Fais glisser l’en-tête vers le bas et ouvre les paramètres des batteries pour ajouter des entités manuellement.,
widgets_battery_levels_title,string,,Battery levels,Niveaux de batterie,
widgets_battery_levels_subtitle,string,,"Thresholds, sources, and appearance","Seuils, sources et apparence",
widgets_battery_rules,string,,Battery rules,Règles de batterie,
widgets_battery_all,string,,All,Tous,
widgets_battery_critical,string,,Critical,Critique,
widgets_battery_low,string,,Low,Faible,
widgets_battery_watch,string,,Watch,À surveiller,
widgets_battery_good,string,,Good,Bon,
widgets_battery_unknown,string,,Unknown,Inconnu,
widgets_battery_range_critical,string,,0–10%,0–10%,
widgets_battery_range_low,string,,11–30%,11–30%,
widgets_battery_range_watch,string,,31–50%,31–50%,
widgets_battery_range_good,string,,Above 50%,Plus de 50%,
widgets_battery_range_unknown,string,,Unavailable or unknown,Indisponible ou inconnu,
widgets_battery_no_data,string,,No battery data,Aucune donnée de batterie,
widgets_battery_levels_unavailable,string,,Battery levels unavailable,Niveaux de batterie indisponibles,
widgets_battery_levels_healthy,string,,Battery levels look healthy,Les niveaux de batterie sont bons,
widgets_battery_lowest_detail,string,,Lowest: %1$s at %2$d%%,Plus faible : %1$s à %2$d%%,keep %1$s %2$d
widgets_battery_showing_plus,string,,Showing Battery+ devices,Appareils Battery+ affichés,
widgets_battery_waiting_levels,string,,Waiting for reported levels,En attente des niveaux signalés,
widgets_battery_lowest,string,,Lowest,Plus faible,
widgets_battery_attention,string,,Attention,Attention,
widgets_battery_tracked,string,,Tracked,Suivies,
widgets_battery_level,string,,Level,Niveau,
widgets_battery_name,string,,Name,Nom,
widgets_battery_type,string,,Battery type,Type de batterie,
widgets_battery_entity,string,,Entity,Entité,
widgets_battery_quantity,string,,Quantity,Quantité,
widgets_battery_quantity_short,string,,Qty %1$s,Qté %1$s,keep %1$s
widgets_battery_device_id,string,,Device ID,ID de l’appareil,
widgets_battery_unknown_type,string,,Unknown type,Type inconnu,
widgets_battery_sort_summary,string,,Sort: %1$s,Tri : %1$s,keep %1$s
widgets_battery_no_filters,string,,No filters active,Aucun filtre actif,
widgets_battery_collapse_filters,string,,Collapse filters,Replier les filtres,
widgets_battery_expand_filters,string,,Expand filters,Déplier les filtres,
widgets_battery_low_count,plural,one,%1$d low battery,%1$d batterie faible,keep %1$d
widgets_battery_low_count,plural,other,%1$d low batteries,%1$d batteries faibles,keep %1$d
widgets_battery_critical_count,plural,one,%1$d critical battery,%1$d batterie critique,keep %1$d
widgets_battery_critical_count,plural,other,%1$d critical batteries,%1$d batteries critiques,keep %1$d
widgets_battery_attention_count,plural,one,%1$d battery needs attention,%1$d batterie demande ton attention,keep %1$d
widgets_battery_attention_count,plural,other,%1$d batteries need attention,%1$d batteries demandent ton attention,keep %1$d
widgets_energy_day,string,,Day,Jour,
widgets_energy_week,string,,Week,Semaine,
widgets_energy_month,string,,Month,Mois,
widgets_energy_year,string,,Year,Année,
widgets_energy_this_week,string,,This week,Cette semaine,
widgets_energy_this_month,string,,This month,Ce mois-ci,
widgets_energy_this_year,string,,This year,Cette année,
widgets_energy_today_lower,string,,today,aujourd’hui,
widgets_energy_this_week_lower,string,,this week,cette semaine,
widgets_energy_this_month_lower,string,,this month,ce mois-ci,
widgets_energy_this_year_lower,string,,this year,cette année,
widgets_energy_yesterday_lower,string,,yesterday,hier,
widgets_energy_consumed_solar,string,,Consumed solar,Solaire autoconsommé,
widgets_energy_imported,string,,Imported,Importée,
widgets_energy_exported,string,,Exported,Exportée,
widgets_energy_phase_number,string,,Phase %1$d,Phase %1$d,keep %1$d
widgets_energy_forecast_number,string,,Forecast %1$d,Prévision %1$d,keep %1$d
widgets_energy_ha_forecast,string,,Home Assistant forecast,Prévision Home Assistant,don't translate Home Assistant
widgets_battery_search,string,,Search devices,Rechercher des appareils,
widgets_battery_none,string,,No batteries match that search.,Aucune batterie ne correspond à cette recherche.,
widgets_battery_open_page,string,,Open battery page,Ouvrir la page de la batterie,
