key,type,item,english,translation,notes
language_title,string,,Language,Nyelv,
language_display_title,string,,Display language,Megjelenítési nyelv,
language_display_subtitle,string,,Follows your device by default; choose one to override it,Alapértelmezés szerint követi az eszközt; válasszon egyet a felülbíráláshoz,
language_system,string,,System default,Rendszer alapértelmezett,
language_selected,string,,Selected,Kiválasztott,
nav_home,string,,Home,Otthon,
nav_rooms,string,,Rooms,Szobák,
nav_security,string,,Security,Biztonság,
nav_energy,string,,Energy,Energia,
nav_climate,string,,Climate,Éghajlat,
nav_battery,string,,Battery,Akkumulátor,
nav_settings,string,,Settings,Beállítások elemre,
nav_room_detail,string,,Room Detail,Szobarészlet,
settings_title_connection,string,,Connection,Kapcsolat,
settings_title_profile,string,,Profile,Profil,
settings_title_location,string,,Location,Elhelyezkedés,
settings_title_notifications,string,,Notifications,Értesítések,
settings_title_appearance,string,,Appearance,Megjelenés,
settings_title_header,string,,Header,Fejléc,
settings_title_theme,string,,Theme,Téma,
settings_title_fonts,string,,Fonts,Betűtípusok,
settings_title_corners,string,,Corners,Sarkok,
settings_title_icons,string,,Icons,Ikonok,
settings_title_nav_bar,string,,Navigation Bar,Navigációs sáv,
settings_title_media_players,string,,Media Players,Médialejátszók,
settings_title_dashboard,string,,Dashboard,Műszerfal,
settings_title_family_sharing,string,,Family Sharing,Családi megosztás,
settings_title_backup_restore,string,,Backup and Restore,Biztonsági mentés és visszaállítás,
settings_title_account,string,,Account,fiók,
settings_title_about,string,,About HKI 7,Körülbelül HKI 7,don't translate HKI 7
settings_title_license,string,,License,Engedély,
settings_title_support,string,,Support,Támogatás,
settings_subtitle_menu,string,,Everything that shapes your HKI 7 experience,"Minden, ami alakítja a HKI 7 élményét",don't translate HKI 7
settings_subtitle_account,string,,Your profile and this app installation,Az Ön profilja és az alkalmazás telepítése,
settings_subtitle_profile,string,,Personal details used throughout your dashboard,Az irányítópulton használt személyes adatok,
settings_subtitle_connection,string,,Server routes and local-network preferences,Szerverútvonalak és helyi hálózati beállítások,
settings_subtitle_location,string,,Presence updates and background access,Jelenlétfrissítések és hozzáférés a háttérben,
settings_subtitle_dashboard,string,,"Dashboards, tabs, media players, and popups","Irányítópultok, lapok, médialejátszók és előugró ablakok",
settings_subtitle_appearance,string,,Make the dashboard feel like yours,Tedd a műszerfalat a tiednek,
settings_subtitle_corners,string,,"Roundness of buttons, cards, and widgets","Gombok, kártyák és widgetek kereksége",
settings_subtitle_icons,string,,Icon animations and per-domain effects,Ikonanimációk és tartományonkénti effektusok,
settings_subtitle_header,string,,Choose whether the dashboard header is shown,"Válassza ki, hogy megjelenjen-e az irányítópult fejléce",
settings_subtitle_theme,string,,"Color, contrast, mode, and corner styling","Szín, kontraszt, mód és sarokstílus",
settings_subtitle_fonts,string,,"Size, weight, and typeface readability","Méret, súly és betűtípus olvashatósága",
settings_subtitle_nav_bar,string,,Choose which destinations are always within reach,"Válassza ki, mely úti célok mindig elérhetőek",
settings_subtitle_media_players,string,,Names and mini-player visibility,Nevek és mini-lejátszó láthatósága,
settings_subtitle_notifications,string,,"Push delivery, history, and service behavior","Push kézbesítés, előzmények és szolgáltatási viselkedés",
settings_subtitle_backup_restore,string,,Protect or move your dashboard configuration,Védje vagy helyezze át a műszerfal konfigurációját,
settings_subtitle_family_sharing,string,,"Parental controls, dashboard sharing, and recipient permissions","Szülői felügyelet, az irányítópult megosztása és a címzettek engedélyei",
settings_subtitle_about,string,,"The project, technology, and people behind HKI 7","A projekt, a technológia és az emberek a HKI 7 mögött",don't translate HKI 7
settings_subtitle_license,string,,Open-source community core and optional premium materials,Nyílt forráskódú közösségi mag és opcionális prémium anyagok,
settings_subtitle_support,string,,Ways to help HKI 7 grow without buying Premium,Módszerek a HKI 7 növekedéséhez prémium vásárlás nélkül,don't translate HKI 7
notification_channel_general,string,,General,Általános,
location_channel_name,string,,Location sharing,Helymegosztás,
location_notification_title,string,,Home Assistant location,Home Assistant hely,don't translate Home Assistant
location_notification_text,string,,Sharing your location with Home Assistant,Tartózkodási hely megosztása a következővel: Home Assistant,don't translate Home Assistant
push_connection_channel_name,string,,Notification connection,Értesítési kapcsolat,
push_connection_notification_title,string,,Connected to Home Assistant,Csatlakozva a következőhöz: Home Assistant,don't translate Home Assistant
push_connection_notification_text,string,,Listening for notifications,Figyeli az értesítéseket,
parcel_title,string,,Parcels,Csomagok,
parcel_generic_carrier,string,,Carrier,Hordozó,
parcel_incoming,string,,Incoming,Bejövő,
parcel_delivered,string,,Delivered,Szállítva,
parcel_outgoing,string,,Outgoing,Kimenő,
parcel_letters,string,,Letters,Levelek,
parcel_mail,string,,Mail,Felad,
parcel_summary,string,,%1$d incoming · %2$d outgoing,%1$d bejövő · %2$d kimenő,keep %1$d %2$d
parcel_summary_with_letters,string,,%1$d incoming · %2$d outgoing · %3$d letters,%1$d bejövő · %2$d kimenő · %3$d levél,keep %1$d %2$d %3$d
parcel_carrier_summary_with_letters,string,,%1$d incoming · %2$d outgoing · %3$d letters,%1$d bejövő · %2$d kimenő · %3$d levél,keep %1$d %2$d %3$d
parcel_summary_with_letter_count,string,,%1$d incoming · %2$d outgoing · %3$s,%1$d bejövő · %2$d kimenő · %3$s,keep %1$d %2$d %3$s
parcel_tracking_history,string,,Tracking history,Nyomon követési előzmények,
parcel_tracking_history_subtitle,string,,Parcel journey and status updates,Csomagútvonal és állapotfrissítések,
parcel_choose_carrier_account,string,,Choose a carrier account,Válasszon szolgáltatói fiókot,
parcel_tab_count,string,,%1$s (%2$d),%1$s (%2$d),keep %1$s %2$d
parcel_empty_tab,string,,No %1$s parcels.,Nincsenek %1$s csomagok.,keep %1$s
parcel_no_incoming,string,,No incoming parcels.,Nincs bejövő csomag.,
parcel_no_delivered,string,,No delivered parcels.,Nincs kézbesített csomag.,
parcel_no_outgoing,string,,No outgoing parcels.,Nincs kimenő csomag.,
parcel_stage_registered,string,,Registered,Bejegyzett,
parcel_stage_sorting,string,,Sorting,Osztályozás,
parcel_stage_on_the_way,string,,On the way,Úton,
parcel_unknown_status,string,,Unknown status,Ismeretlen állapot,
parcel_status_in_transit,string,,In transit,Átszállításban,
parcel_status_out_for_delivery,string,,Out for delivery,Kiszállításra,
parcel_status_at_pickup_point,string,,Ready at pickup point,Készen áll az átvételi ponton,
parcel_status_ready_to_send,string,,Ready to send,Küldésre kész,
parcel_letter_preview,string,,Letter preview,Levél előnézete,
parcel_carriers,string,,Carriers,Hordozók,
parcel_track_new,string,,Track a new %1$s parcel by number,Kövesse nyomon az új %1$s csomagot szám szerint,keep %1$s
parcel_choose_carrier,string,,Choose a carrier,Válasszon szolgáltatót,
parcel_settings_subtitle,string,,"Carrier accounts, aggregation, and appearance","Szolgáltatói számlák, összesítés és megjelenés",
parcel_settings_accounts,string,,Accounts,Fiókok,
parcel_settings_organization,string,,Organization,Szervezet,
parcel_settings_appearance,string,,Appearance,Megjelenés,
action_remove,string,,Remove,Távolítsa el,
notification_delete,string,,Delete notification,Értesítés törlése,
notification_mark_all_read,string,,Mark all as read,Az összes megjelölése olvasottként,
notification_mark_all_unread,string,,Mark all as unread,Az összes megjelölése olvasatlanként,
notification_delete_all,string,,Delete all,Az összes törlése,
notification_delete_all_archived,string,,Delete all archived,Az összes archivált törlése,
notification_unread,string,,Unread,Nem olvasott,
notification_history,string,,History,Történelem,
notification_mark_unread,string,,Mark as unread,Megjelölés olvasatlanként,
notification_mark_read,string,,Mark as read,Megjelölés olvasottként,
notification_archive,string,,Archive,Archívum,
notification_unarchive,string,,Unarchive,Archiválás megszüntetése,
notification_delete_action,string,,Delete,Töröl,
entity_search_select_items,string,,Select items,Válassza ki az elemeket,
entity_search_choose_one,string,,Search and choose one entity,Keressen és válasszon egy entitást,
entity_search_choose_multiple,string,,Search and select one or more entities,Keressen és válasszon ki egy vagy több entitást,
global_search_title,string,,Search,Keresés,
global_search_subtitle,string,,Find and control any Home Assistant device or entity,Keressen és irányítson bármely Home Assistant eszközt vagy entitást,don't translate Home Assistant
global_search_clear,string,,Clear search,Keresés törlése,
global_search_no_devices,string,,No matching devices.,Nincsenek megfelelő eszközök.,
global_search_no_entities,string,,No matching entities.,Nincsenek egyező entitások.,
security_title,string,,Security,Biztonság,
security_subtitle,string,,Home status and activity,Otthoni állapot és tevékenység,
security_settings,string,,Security settings,Biztonsági beállítások,
security_entities,string,,Security entities,Biztonsági entitások,
security_reimport,string,,Re-import,Újraimportálás,
security_group_doors,string,,Doors,Ajtók,
security_group_doors_subtitle,string,,Door contacts,Ajtóérintkezők,
security_group_windows,string,,Windows,Windows,
security_group_windows_subtitle,string,,Window contacts,Az ablak érintkezői,
security_group_openings,string,,Openings,Nyitások,
security_group_openings_subtitle,string,,Garage doors and other openings,Garázskapuk és egyéb nyílászárók,
security_group_garage_doors,string,,Garage doors,Garázskapuk,
security_group_garage_doors_subtitle,string,,Garage door covers,Garázskapu burkolatok,
security_group_covers,string,,Covers,Borítók,
security_group_covers_subtitle,string,,"Blinds, shutters, and gates","Redőnyök, redőnyök és kapuk",
security_group_locks,string,,Locks,Zárak,
security_group_locks_subtitle,string,,Door and gate locks,Ajtó- és kapuzárak,
security_group_motion,string,,Motion,Mozgás,
security_group_motion_subtitle,string,,Motion detection,Mozgásérzékelés,
security_group_presence,string,,Presence,Jelenlét,
security_group_presence_subtitle,string,,Occupancy sensors,Foglaltság érzékelők,
security_group_fire,string,,Fire and temperature,Tűz és hőmérséklet,
security_group_fire_subtitle,string,,"Fire, heat, cold, and safety alarms","Tűz-, hő-, hideg- és biztonsági riasztók",
security_group_smoke,string,,Smoke,Füst,
security_group_smoke_subtitle,string,,Smoke detectors,Füstérzékelők,
security_group_gas,string,,Gas,Gáz,
security_group_gas_subtitle,string,,Combustible gas sensors,Éghető gáz érzékelők,
security_group_co2,string,,CO / CO₂,CO/CO₂,
security_group_co2_subtitle,string,,Carbon monoxide and carbon dioxide sensors,Szén-monoxid és szén-dioxid érzékelők,
security_group_moisture,string,,Leaks,Szivárog,
security_group_moisture_subtitle,string,,Moisture and water leaks,Nedvesség és víz szivárog,
security_group_sound,string,,Sound,Hang,
security_group_sound_subtitle,string,,Sound and glass-break sensors,Hang- és üvegtörés érzékelők,
security_group_light,string,,Light detection,Fényérzékelés,
security_group_light_subtitle,string,,Light and beam sensors,Fény- és sugárérzékelők,
security_group_alarms,string,,Alarm systems,Riasztórendszerek,
security_group_alarms_subtitle,string,,Alarm control panels,Riasztó központok,
security_group_cameras,string,,Cameras,Fényképezőgépek,
security_group_cameras_subtitle,string,,Camera feeds,Kamera feedek,
security_no_search_active,string,,No search active · %1$s,Nincs aktív keresés · %1$s,keep %1$s
security_status_alert,string,,Security alert,Biztonsági figyelmeztetés,
security_status_alarm_pending,string,,Alarm pending,Riasztás függőben,
security_status_changing_alarm,string,,Changing alarm mode,Riasztási mód megváltoztatása,
security_status_needs_attention,string,,Needs attention,Figyelmet igényel,
security_status_motion,string,,Motion detected,Mozgás észlelve,
security_status_sensor_activity,string,,Sensor activity,Érzékelő tevékenység,
security_status_alarm_unavailable,string,,Alarm unavailable,Riasztás nem elérhető,
security_status_devices_unavailable,string,,Devices unavailable,Az eszközök nem elérhetők,
security_status_cameras_offline,string,,Cameras offline,Kamerák offline állapotban,
security_status_all_secure,string,,All secure,Minden biztonságos,
security_status_alarm_disarmed,string,,Alarm disarmed,Riasztó hatástalanított,
security_status_all_clear,string,,All clear,Minden világos,
security_status_no_data,string,,No security data,Nincsenek biztonsági adatok,
security_metric_openings,string,,Openings,Nyitások,
security_metric_locked,string,,Locked,Bezárt,
security_metric_cameras_online,string,,Cameras online,Kamerák online,
security_card_title,string,,Security card,Biztonsági kártya,
security_card_subtitle,string,,"Name, layout, and card appearance","Név, elrendezés és a kártya megjelenése",
security_stat_total,string,,Total,Teljes,
security_stat_active,string,,Active,Aktív,
security_stat_clear,string,,Clear,Világos,
security_cover_open,string,,Open,Nyitott,
security_cover_stop,string,,Stop,Stop,
security_cover_close,string,,Close,Közeli,
security_restore,string,,Restore,Visszaállítás,
security_empty,string,,This is an empty security view. Swipe down on the header and open Security settings to add entities manually.,"Ez egy üres biztonsági nézet. Húzza lefelé a fejlécet, és nyissa meg a Biztonsági beállításokat az entitások kézi hozzáadásához.",
connection_stopping_for_restart,string,,Stopping for restart…,Leállítás az újraindításhoz…,
connection_starting,string,,Home Assistant is starting…,Home Assistant kezdődik…,don't translate Home Assistant
connection_restoring_dashboard,string,,Restoring your dashboard…,Irányítópult visszaállítása…,
connection_restarting,string,,Home Assistant is restarting…,Home Assistant újraindul…,don't translate Home Assistant
connection_auto_generating,string,,Auto-generating rooms and widgets…,Szobák és modulok automatikus generálása…,
connection_reconnecting,string,,Reconnecting to Home Assistant…,Újracsatlakozás a következőhöz: Home Assistant…,don't translate Home Assistant
connection_unavailable_retrying,string,,Unavailable · Retrying…,Nem érhető el · Újrapróbálkozás…,
connection_paused,string,,Connection paused,A kapcsolat szünetel,
connection_connected,string,,Connected,Csatlakozva,
connection_server_not_found,string,,Server address could not be found,A szerver címe nem található,
connection_timed_out,string,,Connection timed out,A kapcsolat időtúllépése lejárt,
connection_no_route,string,,No network route to Home Assistant,Nincs hálózati útvonal ide: Home Assistant,don't translate Home Assistant
connection_could_not_connect,string,,Could not connect to Home Assistant,Nem sikerült csatlakozni a következőhöz: Home Assistant,don't translate Home Assistant
connection_secure_failed,string,,Secure connection failed,A biztonságos kapcsolat nem sikerült,
connection_session_expired_refreshing,string,,Session expired · Refreshing login…,A munkamenet lejárt · Bejelentkezés frissítése…,
connection_interrupted,string,,Connection was interrupted,A kapcsolat megszakadt,
connection_error_title,string,,Connection error,Csatlakozási hiba,
connection_all_systems_normal,string,,All systems normal,Minden rendszer normális,
action_undo,string,,Undo,Visszavonás,
action_redo,string,,Redo,Újra,
connection_route_local,string,,Local,Helyi,
connection_route_nabu_casa,string,,Nabu Casa,Nabu Casa,don't translate Nabu Casa
connection_route_external,string,,External,Külső,
settings_connection_via,string,,Connected via %1$s,Csatlakozva a következőn keresztül: %1$s,keep %1$s
settings_connection_unknown,string,,Unknown,Ismeretlen,
settings_connection_connecting,string,,Connecting…,Csatlakozás…,
settings_this_home,string,,this home,ezt az otthont,
settings_current_wifi,string,,Current Wi-Fi,Jelenlegi Wi-Fi,
settings_wifi_unavailable,string,,Not connected or location permission is missing,"Nincs csatlakoztatva, vagy hiányzik a helymeghatározási engedély",
settings_just_now,string,,just now,éppen most,
settings_primary_app_language,string,,Primary application language,Elsődleges alkalmazási nyelv,
settings_android_build_configuration,string,,Android resources and build configuration,Android-források és build konfigurációja,
page_settings_default_title,string,,Page settings,Oldalbeállítások,
page_settings_choose_area,string,,Choose an area to configure,Válassza ki a konfigurálandó területet,
page_settings_focused_options,string,,Focused options for this page area,Kiemelt opciók ehhez az oldalterülethez,
page_settings_header_description,string,,Wallpaper and custom header color,Háttérkép és egyedi fejlécszín,
page_settings_custom_page_description,string,,"Name, subtitle, and navigation icon","Név, felirat és navigációs ikon",
page_settings_badge_bar,string,,Badge bar,Jelvénysáv,
page_settings_badge_description,string,,"Visibility, alignment, and display options","Láthatósági, igazítási és megjelenítési lehetőségek",
page_settings_persons,string,,Persons,Személyek,
page_settings_persons_description,string,,Visibility and ordering,Láthatóság és rendelés,
page_settings_configure,string,,Configure,Konfigurálás,
room_config_title,string,,Room configuration,Szoba konfiguráció,
header_pill_left,string,,Left header pill,Bal oldali fejléc tabletta,
header_pill_right,string,,Right header pill,Jobb oldali fejléc tabletta,
alignment_split,string,,Split,Hasított,
alignment_center,string,,Center,Központ,
weather_cloudy,string,,Cloudy,Felhős,
home_default_markdown_content,string,,# Markdown\nOpen this widget's settings in **edit mode** to write your own content.,# Markdown\nSaját tartalom írásához nyissa meg a widget beállításait **szerkesztési módban**.,\n = line break
home_settings_title,string,,Home settings,Otthoni beállítások,
custom_page_settings_title,string,,%1$s settings,%1$s beállításokat,keep %1$s
home_empty,string,,This is the homepage. Add widgets by swiping down on the header and enabling edit mode.,Ez a kezdőlap. Adjon hozzá widgeteket a fejléc lefelé húzásával és a szerkesztési mód engedélyezésével.,
custom_page_empty,string,,This page is empty. Add widgets by swiping down on the header and enabling edit mode.,Ez az oldal üres. Adjon hozzá widgeteket a fejléc lefelé húzásával és a szerkesztési mód engedélyezésével.,
select_camera_title,string,,Select camera,Válassza ki a kamerát,
select_entity_title,string,,Select entity,Válassza ki az entitást,
custom_camera_default_name,string,,Custom camera,Egyedi kamera,
rooms_settings_title,string,,Rooms settings,A szobák beállításai,
rooms_empty,string,,The rooms view is empty. Swipe down on the header and enable edit mode to add floors and rooms.,"A szobák nézete üres. Húzza lefelé a fejlécet, és engedélyezze a szerkesztési módot emeletek és szobák hozzáadásához.",
floor_expand,string,,Expand floor,Bővítse a padlót,
floor_collapse,string,,Collapse floor,A padló összecsukása,
floor_settings_title,string,,Floor,Emelet,
floor_settings_subtitle,string,,"Identity, layout, and card style","Személyazonosság, elrendezés és kártyastílus",
universal_cover_status,string,,%1$d%% · %2$s,%1$d%% · %2$s,keep %1$d %2$s
universal_effects,string,,Effects,Hatások,
universal_open_door,string,,Open door,Nyissa ki az ajtót,
universal_vacuum_dock,string,,Dock,Dokk,
universal_start,string,,Start,Indul,
universal_pause,string,,Pause,Szünet,
universal_stop,string,,Stop,Stop,
universal_locate,string,,Locate,Keresse meg,
universal_room_number,string,,Room %1$d,%1$d szoba,keep %1$d
core_optional_display_name,string,,Optional display name override,Opcionális megjelenített név felülírása,
core_media_paused_track,string,,Paused: %1$s,Szüneteltetve: %1$s,keep %1$s
core_percent_value,string,,%1$d percent,%1$d százalék,keep %1$d
core_current_humidity,string,,Current humidity,Jelenlegi páratartalom,
core_tank_water_level,string,,Tank / water level,Tartály / vízszint,
core_pm25,string,,PM2.5,"PM2,5",
core_error_code,string,,Error code,Hibakód,
core_bucket_full,string,,Bucket full,Tele a vödör,
core_clean_filter,string,,Clean filter,Tisztítsa meg a szűrőt,
core_ionizer,string,,Ionizer,Ionizáló,
core_pump,string,,Pump,Szivattyú,
core_beep_on_command,string,,Beep on command,Hangjelzés parancsra,
core_dawn,string,,Dawn,Hajnal,
core_solar_noon,string,,Solar noon,Napelemes dél,
core_dusk,string,,Dusk,Szürkület,
core_icon_category_common,string,,Common,Közös,
core_icon_category_home,string,,Home,Otthon,
core_icon_category_weather,string,,Weather,Időjárás,
core_icon_category_lock,string,,Lock,Zár,
core_icon_category_people,string,,People,Emberek,
core_icon_category_auto,string,,Automotive,Autóipar,
core_icon_category_music,string,,Music,Zene,
core_icon_category_battery,string,,Battery,Akkumulátor,
core_icon_category_nature,string,,Nature,Természet,
core_icon_category_places,string,,Places,Helyek,
core_icon_category_food,string,,Food,Élelmiszer,
core_icon_category_navigation,string,,Navigation,Navigáció,
core_icon_category_devices,string,,Devices,Eszközök,
core_icon_category_map,string,,Map,Térkép,
core_icon_category_media,string,,Media,Média,
core_icon_category_communication,string,,Communication,Kommunikáció,
core_icon_category_health,string,,Health,Egészség,
core_icon_category_vehicles,string,,Vehicles,Járművek,
core_icon_category_buildings,string,,Buildings,Épületek,
core_icon_category_electrical,string,,Electrical,Elektromos,
core_icon_category_sport,string,,Sport,Sport,
core_icon_category_objects,string,,Objects,Objektumok,
core_icon_category_commerce,string,,Commerce,Kereskedelem,
core_icon_category_games,string,,Games,Játékok,
core_icon_category_finance,string,,Finance,Pénzügy,
background_notification_channel_general,string,,General,Általános,
background_location_channel_name,string,,Location sharing,Helymegosztás,
background_location_channel_description,string,,Keeps your device location up to date in Home Assistant,Naprakészen tartja az eszköz helyét itt: Home Assistant,don't translate Home Assistant
background_location_notification_title,string,,Home Assistant location sharing,Home Assistant helymegosztás,don't translate Home Assistant
background_location_notification_text,string,,Sharing your location with Home Assistant,Tartózkodási hely megosztása a következővel: Home Assistant,don't translate Home Assistant
background_push_channel_name,string,,Notification connection,Értesítési kapcsolat,
background_push_channel_description,string,,Keeps a background connection to Home Assistant for instant notifications,A háttérben tart kapcsolatot a Home Assistant szolgáltatással az azonnali értesítések érdekében,don't translate Home Assistant
background_push_notification_title,string,,Connected to Home Assistant,Csatlakozva a következőhöz: Home Assistant,don't translate Home Assistant
background_push_notification_text,string,,Waiting for notifications,Várakozás az értesítésekre,
background_push_hide_action,string,,Hide this notification,Az értesítés elrejtése,
button_style_centered,string,,Centered,Középre állított,
button_elements,string,,Elements,Elemek,
button_elements_description,string,,What appears on this button. Hide the name and state for an icon on its own.,Mi jelenik meg ezen a gombon. Az ikon nevének és állapotának elrejtése önmagában.,
stack_elements_title,string,,Elements on every button in this stack,Elemek minden gombon ebben a veremben,
stack_elements_description,string,,"These apply to the whole stack, not to one button. Turning something off here hides it on every button in the stack; leaving it on lets each button decide for itself in its own settings.","Ezek a teljes veremre vonatkoznak, nem egy gombra. Ha itt kikapcsol valamit, az elrejti a verem minden gombján; bekapcsolva hagyva minden gomb maga dönthet a saját beállításaiban.",
button_element_icon,string,,Icon,Ikon,
button_element_name,string,,Name,Név,
button_element_state,string,,State,Állami,
stack_show_title,string,,Show name,Név megjelenítése,
stack_show_title_description,string,,Turn off for a stack with no heading at all.,"Kapcsolja ki, ha nincs címsor.",
stack_show_icon,string,,Show icon,Ikon megjelenítése,
stack_show_icon_description,string,,The icon beside the heading.,A címsor melletti ikon.,
stack_center_title,string,,Center the heading,Középre a címsort,
stack_center_title_description,string,,Puts the icon and name in the middle instead of against the left edge.,Az ikont és a nevet a bal szél helyett középre helyezi.,
cr_state_on,string,,On,On,
cr_state_off,string,,Off,Le,
cr_open,string,,Open,Nyitott,
cr_close,string,,Close,Közeli,
cr_stop,string,,Stop,Stop,
cr_closed,string,,Closed,Zárt,
cr_opening,string,,Opening,Nyílás,
cr_closing,string,,Closing,Záró,
cr_locked,string,,Locked,Bezárt,
cr_unlocked,string,,Unlocked,Feloldva,
cr_unavailable,string,,Unavailable,Nem elérhető,
cr_unknown,string,,Unknown,Ismeretlen,
cr_idle,string,,Idle,Tétlen,
cr_home,string,,Home,Otthon,
cr_away,string,,Away,El,
cr_cleaning,string,,Cleaning,Tisztítás,
cr_returning,string,,Returning,Visszatérve,
cr_paused,string,,Paused,Szüneteltetve,
cr_error,string,,Error,Hiba,
cr_playing,string,,Playing,Játék,
cr_buffering,string,,Buffering,Pufferelés,
cr_standby,string,,Standby,Készenlétben lévő,
cr_humidifying,string,,Humidifying,Párásító,
cr_drying,string,,Drying,Szárítás,
cr_detected,string,,Detected,Észlelve,
cr_clear,string,,Clear,Világos,
cr_problem,string,,Problem,Probléma,
cr_ok,string,,OK,RENDBEN,
cr_low,string,,Low,Alacsony,
cr_normal,string,,Normal,Normál,
cr_connected,string,,Connected,Csatlakozva,
cr_disconnected,string,,Disconnected,Szétkapcsolt,
cr_plugged_in,string,,Plugged in,Csatlakoztatva,
cr_unplugged,string,,Unplugged,Kihúzva,
cr_wet,string,,Wet,Nedves,
cr_dry,string,,Dry,Száraz,
cr_none,string,,None,Egyik sem,
cr_any,string,,Any,Bármilyen,
cr_remove,string,,Remove,Távolítsa el,
cr_restore,string,,Restore,Visszaállítás,
cr_general,string,,General,Általános,
cr_identity,string,,Identity,Identitás,
cr_appearance,string,,Appearance,Megjelenés,
cr_layout,string,,Layout,Elrendezés,
cr_behavior,string,,Behavior,Viselkedés,
cr_profiles,string,,Profiles,Profilok,
cr_playback,string,,Playback,Lejátszás,
cr_content,string,,Content,Tartalom,
cr_actions,string,,Actions,Akciók,
cr_protection,string,,Protection,Védelem,
cr_power,string,,Power,Hatalom,
cr_brightness,string,,Brightness,Fényesség,
cr_temperature,string,,Temperature,Hőmérséklet,
cr_color,string,,Color,Szín,
cr_min,string,,Min,Min,
cr_avg,string,,Avg,Átl,
cr_max,string,,Max,Max,
cr_now,string,,Now,Jelenleg,
cr_lowest,string,,Lowest,Legalacsonyabb,
cr_average,string,,Average,Átlagos,
cr_highest,string,,Highest,Legmagasabb,
cr_live,string,,Live,Élő,
cr_once,string,,Once,Egyszer,
cr_daily,string,,Daily,Napi,
cr_weekly,string,,Weekly,Heti,
cr_monthly,string,,Monthly,Havi,
cr_yearly,string,,Yearly,Évi,
cr_action_tap,string,,Tap,Csap,
cr_action_double_tap,string,,Double tap,Koppintson duplán,
cr_action_hold,string,,Hold,Tart,
cr_mode,string,,Mode,Mód,
cr_mode_auto,string,,Auto,Auto,
cr_mode_heat,string,,Heat,Hő,
cr_mode_cool,string,,Cool,Hűvös,
cr_mode_heat_cool,string,,Heat/cool,Melegítsük/hűtsük,
cr_mode_dry,string,,Dry,Száraz,
cr_mode_fan_only,string,,Fan only,Csak ventilátor,
cr_mode_low,string,,Low,Alacsony,
cr_mode_medium,string,,Medium,Közepes,
cr_mode_high,string,,High,Magas,
cr_mode_quiet,string,,Quiet,Csendes,
cr_mode_boost,string,,Boost,Boost,
cr_mode_eco,string,,Eco,Eco,
cr_mode_sleep,string,,Sleep,Alvás,
cr_mode_manual,string,,Manual,Kézikönyv,
cr_mode_vertical,string,,Vertical,Függőleges,
cr_mode_horizontal,string,,Horizontal,Vízszintes,
cr_mode_both,string,,Both,Mindkét,
cr_mode_up,string,,Up,Fel,
cr_mode_down,string,,Down,Le,
cr_mode_center,string,,Center,Központ,
cr_mode_left,string,,Left,Balra,
cr_mode_right,string,,Right,Jobbra,
cr_climate_fan,string,,Fan,Ventilátor,
cr_climate_vertical_airflow,string,,Vertical airflow,Függőleges légáramlás,
cr_climate_horizontal_airflow,string,,Horizontal airflow,Vízszintes légáramlás,
cr_climate_preset,string,,Preset,Előre beállított,
cr_fan_speed,string,,Fan speed,Ventilátor sebessége,
cr_speed,string,,Speed,Sebesség,
cr_lower_target,string,,Lower target,Alsó cél,
cr_raise_target,string,,Raise target,Cél emelése,
cr_climate_temperature,string,,Temperature,Hőmérséklet,
cr_climate_all_temperature_sensors,string,,All temperature sensors,Minden hőmérséklet érzékelő,
cr_climate_outside,string,,Outside,Kívül,
cr_climate_outside_summary,string,,"Outdoor temperature, humidity, and pressure","Külső hőmérséklet, páratartalom és nyomás",
cr_climate_humidity,string,,Humidity,Nedvesség,
cr_climate_all_humidity_sensors,string,,All humidity sensors,Minden páratartalom érzékelő,
cr_climate_air_pressure,string,,Air pressure,Légnyomás,
cr_climate_all_pressure_sensors,string,,All air-pressure sensors,Minden légnyomás érzékelő,
cr_climate_co2,string,,CO₂,CO₂,
cr_climate_carbon_dioxide_sensors,string,,Carbon-dioxide sensors,Szén-dioxid érzékelők,
cr_climate_air_quality,string,,Air quality,Levegőminőség,
cr_climate_air_quality_summary,string,,"Particulates, AQI, VOCs, and gases","Részecskék, AQI, VOC-k és gázok",
cr_climate_entities,string,,Climate entities,Klíma entitások,
cr_climate_settings,string,,Climate settings,Klíma beállítások,
cr_empty_climate_view,string,,No climate data is available yet.,Klímaadatok még nem állnak rendelkezésre.,
cr_climate_fans,string,,Fans,Rajongók,
cr_climate_air_purifiers,string,,Air purifiers,Légtisztítók,
cr_climate_humidifiers,string,,Humidifiers,Párásítók,
cr_temperature_sensors,string,,Temperature sensors,Hőmérséklet érzékelők,
cr_devices_active,string,,Devices active,Eszközök aktívak,
cr_active_of_total,string,,%1$d of %2$d active,%1$d/%2$d aktív,keep %1$d %2$d
cr_no_search_active,string,,No active search · %1$s,Nincs aktív keresés · %1$s,keep %1$s
cr_collapse_search,string,,Collapse search,Keresés összecsukása,
cr_expand_search,string,,Expand search,Keresés kibontása,
cr_custom_order,string,,Custom order,Egyedi rendelés,
cr_name_a_z,string,,Name A–Z,Név A-Z,
cr_name_z_a,string,,Name Z–A,Név Z–A,
cr_climate_device,string,,Climate device,Klíma készülék,
cr_climate_device_subtitle,string,,"Name, icon, card style, and width","Név, ikon, kártya stílusa és szélessége",
cr_widget_requires_f1,string,,"Needs the F1 Sensor integration, which was not found on your Home Assistant","Szüksége van az F1 érzékelő integrációjára, amely nem található a Home Assistant",don't translate Home Assistant
cr_widget_requires_parcels,string,,"Needs a parcel integration, and none was found on your Home Assistant","Csomagintegrációra van szüksége, és egyiket sem találta a Home Assistant",don't translate Home Assistant
cr_widget_requires_waste,string,,"Needs a waste collection integration, and none was found on your Home Assistant","Hulladékgyűjtési integrációra van szüksége, és egyiket sem találta a Home Assistant",don't translate Home Assistant
cr_people_here_title,string,,Who is here,Ki van itt,
cr_people_here_empty,string,,Nobody is being tracked in this room right now.,Jelenleg senkit nem követnek ebben a szobában.,
cr_people_here_unknown_room,string,,Room unknown,Szoba ismeretlen,
cr_button_exclude_counters,string,,Leave out of counters,Hagyja ki a pultokat,
cr_button_exclude_counters_hint,string,,"Keep the button, but stop it counting towards this room’s Lights and Devices totals","Tartsa meg a gombot, de ne számítsa be a szoba Fények és eszközök összesített értékébe",
cr_count_with_average,string,,%1$s · avg %2$s%3$s,%1$s · átl. %2$s%3$s,keep %1$s %2$s %3$s
cr_outside_temperature,string,,Outside temperature,Külső hőmérséklet,
cr_outside_humidity,string,,Outside humidity,Külső páratartalom,
cr_outside_pressure,string,,Outside pressure,Külső nyomás,
cr_outside_air_pressure,string,,Outside air pressure,Külső légnyomás,
cr_no_sensors_found_for,string,,No %1$s sensors found.,Nem található %1$s érzékelő.,keep %1$s
cr_climate_control,string,,Climate control,Klímaszabályozás,
cr_thermostat_dial,string,,Thermostat dial,Termosztát tárcsa,
cr_width_third,string,,Third,Harmadik,
cr_width_half,string,,Half,Fél,
cr_width_full,string,,Full,Tele,
cr_select_item,string,,Select %1$s,Válassza a %1$s,keep %1$s
cr_set_outdoor_sensors,string,,"Set outdoor temperature, humidity, and pressure","Állítsa be a külső hőmérsékletet, páratartalmat és nyomást",
cr_auto_discovered_device_class,string,,Discovered automatically by device class,Eszközosztályonként automatikusan észleli,
cr_auto_discovered_climate_devices,string,,Climate devices discovered automatically,A klímaberendezések automatikusan felismerve,
cr_pick_fan_entities_as_purifiers,string,,Choose fan entities to use as air purifiers,Válassza ki a légtisztítóként használandó ventilátor egységeket,
cr_auto_discovered_humidifier_devices,string,,Humidifier devices discovered automatically,A párásító eszközök automatikusan észlelve,
cr_removed_entities,string,,Removed entities,Eltávolított entitások,
cr_entities_removed_edit_mode,string,,Entities removed in edit mode,Szerkesztési módban eltávolított entitások,
cr_card_indoor_climate_overview,string,,Indoor climate overview,Beltéri klíma áttekintése,
cr_card_sensor_device_tiles,string,,Sensor and device tiles,Érzékelő- és eszközcsempék,
cr_card_thermostats_ac,string,,Thermostats and AC,Termosztátok és AC,
cr_card_temperature_summary,string,,Temperature summary,Hőmérséklet összefoglaló,
cr_card_humidity_summary,string,,Humidity summary,Páratartalom összefoglaló,
cr_card_air_pressure_summary,string,,Air-pressure summary,Légnyomás összefoglaló,
cr_card_co2_summary,string,,CO₂ summary,CO₂ összefoglaló,
cr_card_air_quality_summary,string,,Air-quality summary,Levegőminőség összefoglaló,
cr_category_overview,string,,Overview,Áttekintés,
cr_category_devices,string,,Devices,Eszközök,
cr_category_sensors,string,,Sensors,Érzékelők,
cr_no_climate_sensors_devices,string,,No climate sensors or devices found.,Nem található klímaérzékelő vagy eszköz.,
cr_no_climate_devices,string,,No climate devices found. Thermostats and AC units from Home Assistant appear here automatically.,Nem található klímaberendezés. Itt automatikusan megjelennek a Home Assistant termosztátjai és váltakozó áramú egységei.,don't translate Home Assistant
cr_no_fans,string,,No fans found. Fan entities from Home Assistant appear here automatically.,Nem találhatók rajongók. Itt automatikusan megjelennek a Home Assistant rajongói entitásai.,don't translate Home Assistant
cr_no_air_purifiers,string,,No air purifiers configured. Choose fan entities under Climate settings → Climate entities → Air purifiers.,Nincsenek konfigurálva légtisztítók. Válassza ki a ventilátor entitásokat a Klímabeállítások → Klíma entitások → Légtisztítók alatt.,
cr_no_humidifiers,string,,No humidifiers found. Humidifier entities from Home Assistant appear here automatically.,Nem található párásító. Itt automatikusan megjelennek a Home Assistant párásító entitásai.,don't translate Home Assistant
cr_unknown_climate_card,string,,Unknown climate card: %1$s,Ismeretlen klímakártya: %1$s,keep %1$s
cr_select_climate_cards,string,,Select climate cards,Válasszon klímakártyákat,
cr_entities_for,string,,%1$s entities,%1$s entitások,keep %1$s
cr_climate_card,string,,Climate card,Klíma kártya,
cr_climate_card_dialog_subtitle,string,,Data sources and card appearance,Adatforrások és a kártya megjelenése,
cr_card_and_data,string,,Card and data,Kártya és adatok,
cr_climate_stack,string,,Climate stack,Klíma verem,
cr_climate_stack_dialog_subtitle,string,,"Cards, data sources, and layout","Kártyák, adatforrások és elrendezés",
cr_cards_and_data,string,,Cards and data,Kártyák és adatok,
cr_sensor_count,plural,one,%d sensor,%d érzékelő,keep %d
cr_sensor_count,plural,other,%d sensors,%d érzékelő,keep %d
cr_device_count_on,plural,one,%1$d device · %2$d on,%1$d eszköz · %2$d bekapcsolva,keep %1$d %2$d
cr_device_count_on,plural,other,%1$d devices · %2$d on,%1$d eszközök · %2$d bekapcsolva,keep %1$d %2$d
cr_outside_sensors_set,plural,one,%d outside sensor set,%d külső érzékelő készlet,keep %d
cr_outside_sensors_set,plural,other,%d outside sensors set,%d külső érzékelő beállítva,keep %d
cr_auto_plus_manual,plural,one,Automatic + %d manual,Automatikus + %d kézi,keep %d
cr_auto_plus_manual,plural,other,Automatic + %d manual,Automatikus + %d kézi,keep %d
cr_selected_count,plural,one,%d selected,%d kiválasztva,keep %d
cr_selected_count,plural,other,%d selected,%d kiválasztva,keep %d
cr_removed_count,plural,one,%d removed,%d eltávolítva,keep %d
cr_removed_count,plural,other,%d removed,%d eltávolítva,keep %d
cr_room,string,,Room,Szoba,
cr_room_details,string,,Room details,A szoba részletei,
cr_empty_room,string,,"This room is empty. Swipe down on the header, enable edit mode, and add widgets, buttons, or tiles.","Ez a szoba üres. Húzza lefelé az ujját a fejlécen, engedélyezze a szerkesztési módot, és adjon hozzá widgeteket, gombokat vagy csempéket.",
cr_default_markdown_content,string,,# Markdown\nOpen this widget in **edit mode** to write your own content.,# Markdown\nNyissa meg ezt a widgetet **szerkesztés módban** saját tartalom írásához.,\n = line break
cr_select_camera,string,,Select camera,Válassza ki a kamerát,
cr_select_entity,string,,Select entity,Válassza ki az entitást,
cr_custom_camera,string,,Custom camera,Egyedi kamera,
cr_configure_widget,string,,Configure widget,Widget konfigurálása,
cr_configure_widget_subtitle,string,,Set the essentials before adding it,Hozzáadás előtt állítsa be a lényeget,
cr_widget_options,string,,Widget options,Widget opciók,
cr_widget_options_subtitle,string,,Choose what this widget should display,"Válassza ki, mit jelenítsen meg ez a widget",
cr_add_widget,string,,Add widget,Widget hozzáadása,
cr_add_widget_subtitle,string,,Browse by purpose or search every widget,"Böngésszen cél szerint, vagy keressen minden widgetben",
cr_category_with_options,string,,%1$s · %2$s,%1$s · %2$s,keep %1$s %2$s
cr_widget_category_controls,string,,Controls,Vezérlők,
cr_widget_category_controls_description,string,,"Buttons, vacuums, and grouped controls","Gombok, porszívók és csoportosított kezelőszervek",
cr_widget_category_cameras,string,,Cameras,Fényképezőgépek,
cr_widget_category_cameras_description,string,,Live camera tiles and multi-camera views,Élő kameracsempék és többkamerás nézetek,
cr_widget_category_climate,string,,Climate and weather,Klíma és időjárás,
cr_widget_category_climate_description,string,,"Temperature, comfort, forecasts, and conditions","Hőmérséklet, kényelem, előrejelzések és körülmények",
cr_widget_category_energy,string,,Energy and batteries,Energia és akkumulátorok,
cr_widget_category_energy_description,string,,"Consumption, production, and device health","A fogyasztás, a termelés és a készülék állapota",
cr_widget_category_information,string,,Information and media,Információ és média,
cr_widget_category_information_description,string,,"Calendars, deliveries, graphs, notes, and playback","Naptárak, szállítások, grafikonok, jegyzetek és lejátszás",
cr_widget_category_layout,string,,Layout and structure,Elrendezés és szerkezet,
cr_widget_category_layout_description,string,,Headings and flexible widget containers,Címsorok és rugalmas widget-tárolók,
cr_widget_adaptive_lighting,string,,Adaptive Lighting,Adaptív világítás,
cr_widget_adaptive_lighting_description,string,,Control any installed Adaptive Lighting profile,Vezérelje a telepített adaptív világítási profilokat,
cr_widget_button,string,,Button,Gomb,
cr_widget_button_description,string,,A single configurable entity control,Egyetlen konfigurálható entitásvezérlő,
cr_widget_buttons,string,,Buttons,Gombok,
cr_widget_calendar,string,,Calendar,Naptár,
cr_widget_calendar_description,string,,"Agenda, week, and month views from Home Assistant calendars","Napirend, heti és havi nézet Home Assistant naptárból",don't translate Home Assistant
cr_widget_waste_collection,string,,Waste collection,Hulladékgyűjtés,
cr_widget_waste_collection_description,string,,Upcoming collections from waste sensors,Közelgő gyűjtések a hulladékérzékelőktől,
cr_widget_parcels,string,,Parcels,Csomagok,
cr_widget_parcels_description,string,,Incoming and outgoing parcels from supported carriers,Bejövő és kimenő csomagok támogatott fuvarozóktól,
cr_widget_camera,string,,Camera,Kamera,
cr_widget_camera_description,string,,A single live camera tile or stream URL,Egyetlen élő kameramozaik vagy adatfolyam URL-je,
cr_widget_cameras,string,,Cameras,Fényképezőgépek,
cr_widget_climate_card,string,,Climate card,Klíma kártya,
cr_widget_climate_card_description,string,,Any card from the Climate view,Bármilyen kártya a Klíma nézetből,
cr_widget_energy_card,string,,Energy card,Energia kártya,
cr_widget_energy_card_description,string,,Any card from the Energy view,Bármely kártya az Energia nézetből,
cr_widget_battery_levels,string,,Battery levels,Az akkumulátor töltöttségi szintje,
cr_widget_battery_levels_description,string,,"Low batteries, or Battery+ only with type details","Alacsony akkumulátorok, vagy csak Battery+ típusadatokkal",
cr_widget_header_text,string,,Header text,Fejléc szövege,
cr_widget_header_text_description,string,,Add a section heading,Adjon hozzá egy szakaszcímet,
cr_widget_markdown,string,,Markdown,Árleszállítás,
cr_widget_markdown_description,string,,A free-form card written in Markdown,Markdown nyelven írt szabad formátumú kártya,
cr_widget_iframe,string,,iFrame,iFrame,
cr_widget_iframe_description,string,,Embed any web page on your dashboard,Bármely weboldal beágyazása az irányítópultba,
cr_widget_media_player,string,,Media player,Médialejátszó,
cr_widget_media_player_description,string,,Now-playing tile with album art as the background,Jelenleg lejátszott csempe albumborítóval a háttérben,
cr_widget_sensor_graph,string,,Sensor graph,Érzékelő grafikonja,
cr_widget_sensor_graph_description,string,,"History graph for one or more sensors, as lines or bars","Egy vagy több érzékelő előzménydiagramja, vonalak vagy sávok formájában",
cr_widget_vacuum,string,,Vacuum,Vákuum,
cr_widget_vacuum_description,string,,A single robot-vacuum control,Egyetlen robot-vákuumvezérlés,
cr_widget_weather,string,,Weather,Időjárás,
cr_widget_weather_description,string,,A single weather card,Egyetlen időjárási kártya,
cr_widget_empty_stack,string,,Empty stack,Üres köteg,
cr_widget_empty_stack_description,string,,Place widgets inside a configurable stack,Helyezze el a widgeteket egy konfigurálható verembe,
cr_widget_button_stack,string,,Button stack,Gombhalom,
cr_widget_button_stack_description,string,,Group entities into configurable controls,Csoportosítsa az entitásokat konfigurálható vezérlőkbe,
cr_widget_camera_stack,string,,Camera stack,Kamera verem,
cr_widget_camera_stack_description,string,,Show live camera tiles or a custom stream URL,Élő kameracsempék vagy egyéni adatfolyam-URL megjelenítése,
cr_widget_climate_stack,string,,Climate stack,Klíma verem,
cr_widget_climate_stack_description,string,,"Group climate cards such as overview, thermostats, and sensors","Csoportosítson klímakártyákat, például áttekintést, termosztátokat és érzékelőket",
cr_widget_energy_stack,string,,Energy stack,Energia verem,
cr_widget_energy_stack_description,string,,"Group energy cards such as usage, solar, gas, and water","Csoportosítsa az energiakártyákat, mint például a fogyasztás, a napenergia, a gáz és a víz",
cr_widget_sensor_graph_stack,string,,Sensor graph stack,Érzékelő grafikon verem,
cr_widget_sensor_graph_stack_description,string,,Group several sensor-history graphs,Csoportosítson több szenzortörténeti grafikont,
cr_widget_swiping_stack,string,,Swiping stack,Csúsztatási verem,
cr_widget_swiping_stack_description,string,,Swipe horizontally through nested widgets,Csúsztassa ujját vízszintesen a beágyazott modulokon,
cr_widget_vacuum_stack,string,,Vacuum stack,Vákuumos verem,
cr_widget_vacuum_stack_description,string,,Control robot vacuums with a map and battery status,Irányítsd a robotporszívókat térképpel és akkumulátorállapottal,
cr_widget_weather_stack,string,,Weather stack,Időjárás verem,
cr_widget_weather_stack_description,string,,"Group conditions, forecast, wind, or rain-map cards","Csoportos körülmények, előrejelzés, szél vagy esőtérkép kártyák",
cr_camera_settings,string,,Camera settings,Kamera beállítások,
cr_vacuum_settings,string,,Vacuum settings,Vákuum beállítások,
cr_button_settings,string,,Button settings,Gomb beállítások,
cr_robot_image,string,,Robot image,Robot kép,
cr_map_camera,string,,Map camera,Térkép kamera,
cr_external_url,string,,External URL,Külső URL,
cr_valetudo_map,string,,Valetudo map,Valetudo térkép,don't translate Valetudo
cr_valetudo_map_hint,string,,Draws the map from a Valetudo robot and lets you tap a room to clean it. Pick the robot's map camera below.,"Megrajzolja a térképet egy Valetudo robotról, és lehetővé teszi, hogy megérintsen egy szobát a tisztításhoz. Válassza ki a robot térképkameráját lent.",don't translate Valetudo
cr_valetudo_camera_mode_note,string,,Using Map camera with a Valetudo map entity shows a blank tile. Valetudo does not render the map on the robot — its PNG is only a container for the map data. Choose Valetudo map instead to have HKI draw it.,"A Térképkamerát Valetudo térképentitással használva egy üres csempe látható. Valetudo nem jeleníti meg a térképet a roboton – a PNG csak a térképadatok tárolója. Ehelyett válassza a Valetudo térképet, hogy a HKI megrajzolja.",don't translate Valetudo
cr_animation_glow,string,,Glow,Izzás,
cr_animation_spin,string,,Spin,Spin,
cr_animation_pulse,string,,Pulse,Impulzus,
cr_adaptive_lighting_widget,string,,Adaptive Lighting widget,Adaptív világítás widget,
cr_adaptive_lighting_widget_subtitle,string,,"Profiles, size, and appearance","Profilok, méret és megjelenés",
cr_button_stack_dialog_subtitle,string,,"Layout, appearance, and entity order","Elrendezés, megjelenés és entitások sorrendje",
cr_expand_stack,string,,Expand stack,Bővítse ki a halmot,
cr_collapse_stack,string,,Collapse stack,Verem összecsukása,
cr_hide_stack,string,,Hide stack,Verem elrejtése,
cr_unhide_stack,string,,Unhide stack,Verem felfedése,
cr_swiping_stack_dialog_subtitle,string,,"Pages, height, and card appearance","Oldalak, magasság és kártya megjelenése",
cr_empty_stack_dialog_subtitle,string,,Container layout and appearance,A konténer elrendezése és megjelenése,
cr_header_text_dialog_subtitle,string,,Heading content and visual style,A címsor tartalma és vizuális stílusa,
cr_animation_swipe,string,,Swipe,Elcsór,
cr_animation_fade,string,,Fade,Halványul,
cr_animation_zoom,string,,Zoom,Zoomolás,
cr_animation_slide_fade,string,,Slide + fade,Csúsztatás + fade,
cr_animation_cube,string,,Cube,Kocka,
cr_animation_instant,string,,Instant,Azonnali,
cr_paged_status,string,,%1$d/%2$d · %3$s,%1$d/%2$d · %3$s,keep %1$d %2$d %3$s
cr_cover_status,string,,%1$d%% · %2$s,%1$d%% · %2$s,keep %1$d %2$s
cr_paged_cover_status,string,,%1$d/%2$d · %3$d%% · %4$s,%1$d/%2$d · %3$d%% · %4$s,keep %1$d %2$d %3$d %4$s
cr_widget_option_count,plural,one,%d option,%d lehetőség,keep %d
cr_widget_option_count,plural,other,%d options,%d lehetőség,keep %d
cr_configured_lights,plural,one,%d configured light,%d konfigurált lámpa,keep %d
cr_configured_lights,plural,other,%d configured lights,%d konfigurált lámpa,keep %d
cr_quick_notifications,string,,Notifications,Értesítések,
cr_quick_notifications_instruction,string,,Swipe right from the upper-left edge.,Csúsztassa ujját jobbra a bal felső széltől.,
cr_quick_switch_homes,string,,Switch homes,Válts otthont,
cr_quick_switch_homes_instruction,string,,Swipe left from the upper-right edge of the header.,Csúsztasson balra a fejléc jobb felső szélétől.,
cr_quick_actions,string,,Quick actions,Gyors cselekvések,
cr_quick_actions_instruction,string,,"Pull down on any page header for Search, Flows, Edit, and Settings.","Húzza le bármelyik oldal fejlécét a Keresés, Folyamatok, Szerkesztés és Beállítások menüben.",
cr_quick_media_player,string,,Media player,Médialejátszó,
cr_quick_media_player_instruction,string,,"When the handle appears, swipe up on the bottom bar to restore the player.","Amikor megjelenik a fogantyú, húzza felfelé az alsó sávot a lejátszó visszaállításához.",
cr_quick_make_it_yours,string,,Make it yours,Legyen a tiéd,
cr_quick_make_it_yours_instruction,string,,"In edit mode, add and reorder rooms, floors, and widgets. Tap an item to configure it.","Szerkesztés módban szobákat, emeleteket és modulokat adhat hozzá és rendezhet át. Érintsen meg egy elemet a konfigurálásához.",
cr_whats_new_1_1_0,array,1,"Eighteen more languages, taking HKI 7 to 36. Polish, Russian, Czech, Slovak, Hungarian, Romanian, Bulgarian, Croatian, Greek, Lithuanian, Latvian, Estonian, Danish, Thai and Hebrew join the list, along with Austrian German, Swiss German and Mexican Spanish. Hebrew lays the interface out right to left, as Arabic does.","További tizennyolc nyelv, HKI 7 és 36 között. Lengyel, orosz, cseh, szlovák, magyar, román, bolgár, horvát, görög, litván, lett, észt, dán, thai és héber csatlakozik a listához, valamint az osztrák német, a svájci német és a mexikói spanyol. A héber nyelv jobbról balra helyezi el a felületet, ahogy az arab is teszi.",don't translate HKI 7
cr_whats_new_1_1_0,array,2,"HKI 7 now runs on Android 12 and later. It previously needed Android 14, which ruled out a lot of perfectly capable phones and tablets.","A HKI 7 mostantól Android 12 és újabb rendszeren fut. Korábban Android 14-re volt szüksége, ami sok tökéletesen alkalmas telefont és táblagépet kizárt.",don't translate HKI 7
cr_whats_new_1_1_0,array,3,"Energy costs are shown in your own currency instead of always in euros. HKI 7 follows what your cost sensors report, and there is a Currency setting in Energy settings if you would rather choose one yourself.","Az energiaköltségek a saját pénznemben jelennek meg, nem pedig mindig euróban. HKI 7 követi a költségérzékelők jelentését, és van egy Pénznem beállítás az Energiabeállításokban, ha inkább saját maga választana egyet.",don't translate HKI 7
cr_whats_new_1_1_0,array,4,"The language picker has a search box and is sorted, which it needed at 36 entries. If you ever land in a language you cannot read, the way back is still the first thing on screen.","A nyelvválasztónak van egy keresőmezője és rendezve van, amire 36 bejegyzésnél volt szüksége. Ha valaha olyan nyelven landol, amelyet nem tud olvasni, továbbra is a visszaút az első a képernyőn.",
cr_whats_new_1_1_0,array,5,"Views remember where you had scrolled to, and tapping the tab you are already on takes you back to the top.","A nézetek emlékeznek arra, hogy hova görgettél, és a már megnyitott lap megérintésével visszakerülhet a tetejére.",
cr_whats_new_1_1_0,array,6,"Swiping sideways no longer carries you out of a page you have opened, such as Solar inside Energy. Back now returns you to the view you came from rather than jumping to the home page.","Az oldalra csúsztatással többé nem kerülhet ki a megnyitott oldalról, például a Solar inside Energy oldalról. A Vissza most visszaállítja azt a nézetet, ahonnan jött, ahelyett, hogy a kezdőlapra ugorna.",
cr_whats_new_1_1_0,array,7,"Scrollable rows say so. The pull-down menu, the navigation bar and the settings tabs all show an arrow at the edge when there is more to reach.","A görgethető sorok ezt mondják. A legördülő menü, a navigációs sáv és a beállítási lapok mindegyike egy nyilat mutat a szélén, ha még több elérhető.",
cr_whats_new_1_1_0,array,8,"Dialogs look and behave the same throughout. Six of them were plain Android dialogs with no close button in the corner, and buttons across the app now agree on what Close, Save and Done mean.","A párbeszédpanelek mindvégig ugyanúgy néznek ki és viselkednek. Közülük hat sima Android párbeszédpanel volt, a sarokban nem volt bezárás gomb, és az alkalmazás gombjai már megegyeznek abban, hogy mit jelent a Bezárás, Mentés és Kész.",
cr_whats_new_1_1_0,array,9,"Creating a dashboard asks first and then offers the same choices as first-time setup — so a new dashboard can start from a backup or from one your family has shared, as well as being generated or left empty. Your current dashboard is never overwritten, and shared dashboards are now marked as shared in the list.","Az irányítópult létrehozása először megkérdezi, majd ugyanazokat a lehetőségeket kínálja, mint az első beállításnál – így egy új irányítópult indulhat biztonsági másolatból vagy a családja által megosztott egyikből, valamint létrejöhet vagy üresen maradhat. Az aktuális irányítópult soha nem kerül felülírásra, a megosztott irányítópultok pedig megosztottként vannak megjelölve a listán.",
cr_whats_new_1_1_0,array,10,"The battery widget opens a list in place instead of taking you to a separate page, grouped by how urgent each one is and showing the battery type where Home Assistant knows it. There is a search box, and a button to open the full Battery view if you want it.","Az akkumulátor widget egy listát nyit meg ahelyett, ahelyett, hogy egy külön oldalra vinné, csoportosítva, hogy mennyire sürgősek, és megmutatja az akkumulátor típusát, ahol Home Assistant tudja. Van egy keresőmező és egy gomb a teljes Akkumulátor nézet megnyitásához, ha szeretné.",don't translate Home Assistant
cr_whats_new_1_1_0,array,11,"Tapping the people counter in a room shows who is there, with each person's picture. The Rooms header now has a household counter too, showing where everyone is without opening every room.","Ha megérinti az emberszámlálót egy szobában, minden egyes ember képével látható, ki van ott. A Szobák fejlécben már van egy háztartási pult is, amely megmutatja, hol tartózkodik mindenki anélkül, hogy minden szobát kinyitna.",
cr_whats_new_1_1_0,array,12,"A button can be left out of a room's Lights and Devices counters, for the ones that are in the room but not really part of it.","Egy gomb kimaradhat a helyiség Fények és Eszközök számlálóiból, azok számára, amelyek a szobában vannak, de nem igazán részei annak.",
cr_whats_new_1_1_0,array,13,"Widgets that need an integration you do not have — Formula 1, Parcels, Waste Collection — are greyed out and say what is missing, instead of being added and then sitting empty.","Azok a widgetek, amelyeknek olyan integrációra van szükségük, amilyen nincs – Forma 1, Csomagok, Hulladékgyűjtés – kiszürkítve jelennek meg, és azt mondják, hogy mi hiányzik, ahelyett, hogy hozzáadnák őket, majd üresen maradnának.",
cr_whats_new_1_1_0,array,14,"Parcel tracking covers fifteen more carriers, including PostNord, InPost, Swiss Post, An Post, Budbee, Sameday and Nova Post, each with its own logo.","A csomagkövetés további tizenöt fuvarozóra terjed ki, köztük a PostNord, az InPost, a Swiss Post, az An Post, a Budbee, a Sameday és a Nova Post, mindegyik saját logóval.",
cr_whats_new_1_1_0,array,15,"A Valetudo robot vacuum picks up its live map automatically when your rooms are imported, rather than needing the camera chosen by hand.","A Valetudo robotporszívó automatikusan felveszi élő térképét a szobák importálásakor, ahelyett, hogy a kézzel kiválasztott kamerára lenne szüksége.",don't translate Valetudo
cr_whats_new_1_0_1,array,1,"Swiping between tabs now follows your finger. The pages move as you drag, you can change your mind mid-swipe and pull them back, and they settle where you let go. Previously the change was decided the moment you had dragged far enough and could not be taken back, while the animation that played afterwards was on its own timer and unrelated to the gesture — so the app committed to a page before your finger had finished asking for one.",,needs translation
cr_whats_new_1_0_1,array,2,"The bottom bar now keeps the selected tab in view. On a phone too narrow for every tab it scrolls the active one to the centre, so the tab you are on is always visible along with its neighbours — which is also the hint that there are more pages to swipe to. Reaching the last tab used to leave the indicator somewhere off the end of the bar.",,needs translation
cr_whats_new_1_0_1,array,3,"Swiping between rooms shows how many rooms there are and which one you are on, as dots above the navigation bar — or as a count once there are more than eight. Room swiping also stops at the last room instead of wrapping around to the first, matching how the tabs behave. Rooms an admin has hidden are now skipped by the swipe rather than only blocked when opened.",,needs translation
cr_whats_new_1_0_1,array,4,"The pull-down header menu animates to wherever you let it go, instead of jumping open or shut in a single frame. It settles by which half you released it in, a quick flick opens it without a full-length drag, and it can be caught and dragged again mid-animation. It also no longer stops dead partway when pulled a long way but not quite far enough.",,needs translation
cr_whats_new_1_0_1,array,5,"Settings remembers where you were. Coming back from a sub-menu returns to the place in the list you left rather than to the top, which was most noticeable on the long way down to About and Licenses. The page settings dialog had the opposite problem — one scroll position carried across unrelated sub-menus — and that is fixed too.",,needs translation
cr_whats_new_1_0_1,array,6,"The notification panel now has a button in the pull-down header menu, so the left-edge swipe is no longer the only way to reach it. That let the strip of screen edge reserved for the swipe shrink from 200dp to 88dp: the reserved strip is where Android's own back gesture stops working, and it had been covering the exact corner where the back arrow sits.",,needs translation
cr_whats_new_1_0_1,array,7,"Fixed the app closing instead of the notification panel when back was pressed during the panel's opening animation. Back is also defined for the tabs now — it returns to the first tab before leaving the app, rather than exiting from wherever you happened to have swiped to.",,needs translation
cr_whats_new_1_0_1,array,8,"The home switcher panel follows Android's predictive back gesture, sliding out with your finger and springing back if you change your mind.",,needs translation
cr_whats_new_1_0_1,array,9,"Four more languages: Norwegian, Swedish, Finnish and Arabic. Arabic lays the whole app out right to left — the navigation bar, the panels that slide in from the screen edge, and the swipe that moves between tabs all mirror, rather than only the text changing direction. Product names such as Home Assistant stay in Latin script wherever they appear.",,needs translation; don't translate Home Assistant
cr_whats_new_1_0_1,array,10,"Swiping between rooms is much smoother. A room screen is by far the heaviest page in the app, and the next one was being built during the first frames of the swipe — precisely when there was no time for it. It is now prepared while nothing is moving, and live sensor updates wait for the swipe to finish instead of redrawing every open page mid-gesture.",,needs translation
cr_whats_new_1_0_1,array,11,"The notification panel and the home switcher are dragged rather than flicked open, following your finger and settling where you let go. They close the same way: push them back towards the edge they came from. Tapping the panel itself no longer closes it, which it used to do anywhere you touched that was not a button.",,needs translation
cr_whats_new_1_0_1,array,12,"A horizontal row inside a page — a mode selector, a swipe row, a swiping stack — no longer hands the rest of the gesture to the page once it reaches its end. Picking the first or last item in such a row used to flip the whole page instead.",,needs translation
cr_whats_new_1_0_1,array,13,"Dialogs with tabs show how many there are and which one you are on, and a sideways swipe anywhere on the dialog changes tab. The swipe used to be written off as a scroll whenever it set off with the slight downward arc a thumb naturally makes, which made it feel like it worked only sometimes.",,needs translation
cr_whats_new_1_0_1,array,14,"Demo mode no longer talks to the network. Twenty-six requests — the whole HKI 7 Cloud surface plus the event timeline, camera snapshots and vacuum maps — were still being attempted against a server that does not exist, and one of them retried every three seconds for the entire session, filling the connection log with failures. Restarting Home Assistant in the demo is now simulated in a few seconds rather than showing ""restarting"" for two minutes and giving up.",,"needs translation; don't translate HKI 7 Cloud, Home Assistant"
cr_whats_new_1_0_0,array,1,"New Events tab in the notification drawer: a timeline of what your home has actually been doing. The front door opening, a light going off, someone arriving home — each with the time and, where Home Assistant knows, who did it. An admin picks which entities appear under Settings › Family Sharing › Events, once for the whole family rather than on every phone. It reads Home Assistant's own logbook rather than recording anything on the device, so it still shows what happened overnight while the app was closed, and it opens on the last 3 hours — a timeline answers what just happened — with 6h to 72h a tap away. Events never touch the notification bell's unread count: a timeline of doors opening would leave that badge permanently lit and mean nothing. Requires HKI 7 Cloud 0.9.0.*",,"needs translation; don't translate HKI 7 Cloud, Home Assistant"
cr_whats_new_1_0_0,array,2,"An admin can take parts of the timeline away from individual family members — a whole domain, or named entities — from the same Events tab. Everyone sees the full timeline unless something is taken out for them, so adding a person to the family does not mean building their timeline from scratch. The filtering happens in the HKI 7 Cloud component rather than in the app, so a restricted device is never even told which entities it is being kept away from. As with hidden views and rooms, this hides the timeline rather than the entities: Home Assistant has no per-entity read permission for non-admin accounts, so anyone signed in can still read those entities through Home Assistant itself.*",,"needs translation; don't translate HKI 7 Cloud, Home Assistant"
cr_whats_new_1_0_0,array,3,"The event roster takes whole domains as well as named entities, so ""every lock"" is one choice rather than eleven. Domains are resolved fresh each time the timeline opens, so a lock added next month joins on its own instead of the roster meaning whatever existed the day it was set. The editor shows what each domain currently covers, since one domain can be hundreds of entities. Requires HKI 7 Cloud 0.10.0.*",,needs translation; don't translate HKI 7 Cloud
cr_whats_new_1_0_0,array,4,"Events are labelled and filterable by what kind of thing they happened to — Doors, Windows, Motion, Lights, Locks. The filter row is built from what your timeline actually contains, so you are never offered a filter that can only come back empty. Days stay as the list headings: a timeline that reorders itself by category stops being a timeline.",,needs translation
cr_whats_new_1_0_0,array,5,"Weather artwork now animates in the daily forecast, the hourly strip and the header pill, not only on the hero card. Animation was previously switched off below a fixed size, which caught all three.",,needs translation
cr_whats_new_1_0_0,array,6,"Where weather artwork animates is now four separate switches — header pill, weather dialog, forecast strips, weather widget — instead of riding on the entity icon animation setting. The forecast strips animate a dozen icons side by side and are the only ones that ever cost anything noticeable, so turning those off need not mean losing the single small icon in the header pill. All four are on by default, and appear both in Settings › Appearance › Icons and in the header pill's own settings.",,needs translation
cr_whats_new_1_0_0,array,7,"The 6h/12h/24h/48h/72h range selector is centred rather than left-aligned everywhere it appears, and gains a 3h option.",,needs translation
cr_whats_new_1_0_0,array,8,"New Connection log at the bottom of Settings › Connection: what the app's connection has actually been doing — connection attempts, reconnects, sync and subscriptions — with buttons to copy or clear it. All of this was already being recorded; nothing displayed it. It holds the last 300 lines and starts empty each launch.",,needs translation
cr_whats_new_1_0_0,array,9,"A button stack's layout options are now named the same as a single button's. The same shape was called Tile on a button and Compact on a stack, which made them look like different features.",,needs translation
cr_whats_new_1_0_0,array,10,"New Centered button layout beside Standard, Square and Tile: a square card whose icon sits in the middle of the space above the text, with the name and state centred beneath it. The icon is pushed upward rather than crowded as the text grows. A grid of these reads as a keypad, which is what makes a remote control possible.",,needs translation
cr_whats_new_1_0_0,array,11,"A button's icon, name and state are each shown or hidden on their own, under a new Elements section in its settings. The old Icon only switch is gone — hiding both the name and state is what it did, and these also let you keep one of them. Existing icon-only buttons keep working.",,needs translation
cr_whats_new_1_0_0,array,12,"A button stack carries the same three switches for all of its children, so a stack of twenty buttons need not be set twenty times. Turning one off on the stack hides it on every button; leaving it on lets each button decide.",,needs translation
cr_whats_new_1_0_0,array,13,"Fixed the button stack settings dialog stopping about two thirds of the way down with empty space below it, leaving the rest unreachable on a tall phone or a tablet.",,needs translation
cr_whats_new_1_0_0,array,14,"Navigation bar, media players and popups moved from Settings › Appearance to Settings › Dashboard, below the dashboards themselves. They are parts of what the dashboard is made of rather than how it is styled.",,needs translation
cr_whats_new_1_0_0,array,15,"Settings › Connection ends with the connection log, and Restart Home Assistant now sits below it rather than above — it is the most disruptive thing on the screen and the least often wanted.",,needs translation; don't translate Home Assistant
cr_whats_new_1_0_0,array,16,"The Events tab gives an admin a button straight to Settings › Family Sharing › Events when nothing is being tracked yet, instead of only naming where to go.",,needs translation
cr_whats_new_1_0_0,array,17,"Entity and domain pickers list what is already selected first, so undoing a choice does not mean hunting for it alphabetically. The order is fixed when the picker opens, so ticking something does not make it jump away from your finger.",,needs translation
cr_whats_new_1_0_0,array,18,"A button stack's heading now has explicit Show name and Show icon switches, plus an option to centre them. Clearing the text field used to be the only way to get a stack with no heading, which hid that it was possible and meant losing the name to hide it.",,needs translation
cr_whats_new_beta_18,array,1,"An admin can now change who a published family dashboard is shared with, instead of only being able to choose at the moment of publishing. Settings › Family Sharing › Dashboards lists who each published dashboard reaches, with a Manage access button to add or remove people. Until now the only way to take a dashboard away from one person was to delete it for everybody.*",,needs translation
cr_whats_new_beta_18,array,2,"Losing access to a family dashboard now clears what was layered on top of it. The dashboard itself was already removed, but the rooms, widgets, pages, nav bar, header pill and theme it left behind on the device stayed — so the next dashboard an admin shared arrived on top of the previous one's leftovers and looked like it had failed to import in full. Everything that belonged to the revoked dashboard is now removed with it. Home Assistant connections, profiles and notification settings are untouched: losing a dashboard is not being signed out.*",,needs translation; don't translate Home Assistant
cr_whats_new_beta_18,array,3,"New Devices tab under Settings › Family Sharing, showing which HKI version each family device is running and flagging the ones older than yours, with the Home Assistant account, device name, Android version and when it last reported. Each install records this through the HKI 7 Cloud component over the connection the app already uses, so every signed-in device is covered — including one with Location and Notifications both switched off — and nothing is added to Home Assistant's entity list. A device can only ever report itself. An admin can forget a phone that has been replaced; one still in use reappears the next time its app opens. Requires HKI 7 Cloud 0.7.0.*",,"needs translation; don't translate HKI 7 Cloud, Home Assistant"
cr_whats_new_beta_18,array,4,"An admin can now require the family to update. ""Require everyone to be on this version"" in the Devices tab sets a household minimum; anyone below it gets a full-screen prompt on their next launch instead of the dashboard, with Google Play's in-app update doing the install. There is also a per-device ""Ask to update"" for when one phone is behind rather than everyone, which clears itself once that device updates. No app can install a newer version of itself, so Play does the actual work — which also means the prompt can only insist when Play genuinely has the update ready. When it does not, the prompt explains why and lets you past for that session, rather than locking someone out of their own locks and alarms over an update they cannot get. You can only require a version some family device already runs. Requires HKI 7 Cloud 0.8.0.*",,needs translation; don't translate HKI 7 Cloud
cr_whats_new_beta_18,array,5,"Each Family Sharing tab now says for itself when it needs a newer HKI 7 Cloud than the one installed, instead of that only appearing in the summary at the top of the screen. Parental controls, Permissions, Presence and Devices each carry the version they need, so it is clear before you configure a tab whose settings the installed component cannot store yet.",,needs translation; don't translate HKI 7 Cloud
cr_whats_new_beta_17,array,1,"Fixed a crash that could take the whole app down during the very first connection attempt after opening it, which read as ""the app won't even open"". The setup that runs on every launch had no error handling of its own, so a failure there — usually an expired session being refreshed on a flaky network — escaped as an unhandled error instead of surfacing as a connection error you could retry. As a backstop, an unexpected error on a background task can no longer terminate the app at all.",,needs translation
cr_whats_new_beta_17,array,2,"The dashboard no longer rebuilds itself every time Home Assistant reports a state change. The home screen tracked the complete entity list, so a single motion sensor tripping or a power meter ticking — several times a second on a busy install — invalidated the whole screen and every widget on it, even when nothing visible had changed. It now watches only what it actually draws.",,needs translation; don't translate Home Assistant
cr_whats_new_beta_17,array,3,"Entity icon animations no longer redo layout work on every frame they animate. The spin, pulse and glow effects re-ran the surrounding widget's composition on each animation frame instead of just redrawing the icon, so any dashboard with an active light, an open door or a recording camera paid that cost continuously. The animations look exactly the same.",,needs translation
cr_whats_new_beta_17,array,4,"Fixed the app becoming unresponsive — and eventually killed by Android — when opening the history of a busy entity, such as a motion sensor that logs thousands of state changes a day. Matching each history entry to its actor re-scanned and re-parsed the entire logbook's timestamps from scratch for every single entry, work that scaled with history size squared; a quiet entity never noticed, but a busy one could peg the CPU for ten seconds straight. The logbook is now parsed once instead of once per entry, and the whole fetch runs off the main thread.",,needs translation
cr_whats_new_beta_17,array,5,"Hardened how the app reads attributes Home Assistant sends for an entity: a value present but shaped unexpectedly (an object or array where a plain number or piece of text was expected) used to throw and crash whatever screen read it, instead of just being treated as missing.",,needs translation; don't translate Home Assistant
cr_whats_new_beta_17,array,6,"Fixed ""Push to family dashboard"" reporting a dashboard as already up to date no matter what had changed. A dashboard re-imported after a reinstall is stored locally under a different id than the one the cloud copy is published under, and the push check was still looking up the local export by the cloud id, finding nothing, and silently skipping that dashboard on every push.",,needs translation
cr_whats_new_beta_15,array,1,"The Formula 1 widget gains two new tabs and expands two existing ones. Calendar lists the season's races in order, with each circuit and the host country's flag. Grid shows the starting grid, with each driver's move up or down from where they qualified. Standings can now show a championship prediction alongside the points table — current and predicted final points, for drivers or constructors — when F1 Sensor's optional F1TV Auth is set up. Live gains a proper timing list: gap to the leader, interval to the car ahead, tyre compound and stint length, and pit/retired status for every driver, plus which lap the leader is on.",,needs translation
cr_whats_new_beta_15,array,2,"Fixed shared family dashboards failing to update at all once the owner added a widget type introduced in a newer app version, such as the To-Do List or Formula 1 widgets. A single unrecognized widget used to fail the whole dashboard, so a family member on an older build stopped receiving any of that dashboard's changes instead of just missing the new widget. Unrecognized widgets are now skipped individually, so the rest of a shared dashboard keeps working across app versions.",,needs translation
cr_whats_new_beta_15,array,3,"The To-Do widget's square card can now feature one whole list instead of items individually flagged high priority. A new Hero list picker in the widget's General tab — shown once it has at least one tab — chooses which list's open items appear on the card, labelled with that list's name, so what you see at a glance is a specific list like Chores rather than a scattered mix pulled from every tab. Deleting a tab that's currently the hero list clears the setting automatically.",,needs translation
cr_whats_new_beta_15,array,4,"Fixed the app crashing whenever it needed to reconnect to Home Assistant or the connection failed. The in-app push-notification channel ran its subscription in a way that let a dropped connection's error skip past the surrounding error handling entirely and crash the app outright. A separate mismatch also meant every single reconnect immediately tore the whole sync stack down and rebuilt it a second time, racing its own freshly made connection. Both are fixed.",,needs translation; don't translate Home Assistant
cr_whats_new_beta_14,array,1,"Settings › Family Sharing now shows which HKI 7 Cloud version is installed, and — if it's behind — exactly which family features that leaves unavailable, each labelled with the version that unlocks it. Previously the only way to find out a component was out of date was to hit a save that silently dropped part of what you configured.*",,needs translation; don't translate HKI 7 Cloud
cr_whats_new_beta_14,array,2,"New To-Do List widget: a shared checklist or shopping list the whole family can add to. Items support an optional quantity, category, priority (low, normal or high, shown as a flag) and due date, with Added by and Checked by attribution when more than one person edits the list. Choose Manual, A–Z, Priority, or Newest-first ordering, and filter between To do, All, and Done from the dialog. Editing can be limited to everyone, specific family members picked from the real Home Assistant user list, or admins only, enforced the same way the rest of the app's family permissions are. It follows the same design as every other widget, with the usual General, Permissions, Appearance and Visibility settings tabs.",,needs translation; don't translate Home Assistant
cr_whats_new_beta_14,array,3,"Room following can now be set to only place someone in the right room when the app starts, without tracking them for the rest of the session. The existing Ask before switching rooms switch only chose between asking and switching silently; there was no way to get the one-time placement without the app continuing to follow every move afterward. A new Keep following while the app is open switch under each person's room-following settings turns that continued tracking off on its own, leaving Open their room when the app starts to do the one placement it always did.*",,needs translation
cr_whats_new_beta_14,array,4,"New Formula 1 widget, for the F1 Sensor integration. The card shows the next race with a countdown and the circuit outline; opening it gives four tabs — Next race with the full session schedule and trackside weather, Standings for drivers and constructors, Results for the last grand prix with places gained or lost, and a Live tab that appears only while a session is running, showing the flag and race control messages. It finds its sensors on its own: F1 Sensor lets you rename its entities and pick a language, so the widget matches on the integration's stable internal keys rather than entity ids.",,needs translation
cr_whats_new_beta_14,array,5,"New Find my devices widget: a map of your phones, watches, tags and trackers. Add any device_tracker or person entity; the ones reporting GPS appear as pins on the map, the rest are still listed with their state. Tick as many as you like to show them together, or leave nothing ticked to see everything. Three filters narrow the list: All, Devices, and People. The card follows the same design as the other widgets, so background image, icon, width, shape and corner radius all work as you would expect.",,needs translation
cr_whats_new_beta_14,array,6,"The maps in the app no longer look like a printed atlas. HKI now uses the same muted CARTO basemap that Home Assistant's own map card uses, instead of the standard OpenStreetMap rendering, which was designed as a mapper's reference render rather than a background for an app. It also has a proper dark variant, so the map finally follows your theme instead of glowing white inside a dark dialog.",,needs translation; don't translate Home Assistant
cr_whats_new_beta_14,array,7,"Fixed room following doing nothing at all once Ask before switching rooms was turned off. That switch was being treated as a master off-switch for the whole feature, so with prompting disabled the app neither asked nor moved. It now does what it says: with prompting on you get the prompt, with it off the room simply opens. Don't ask again until I restart still stops both, since trading a prompt for a surprise jump would be worse.",,needs translation
cr_whats_new_beta_14,array,8,"Fixed the waste widget's settings dialog being cut off around two thirds of the way down while empty space sat below it. The dialog reserves a tall card but its contents were capped at a fixed height, so the scroll area stopped short of the space available. Both the settings dialog and the waste dialog itself now use the full height.",,needs translation
cr_whats_new_beta_14,array,9,"The waste dialog's calendar can now look 7, 14 or 28 days ahead, and is drawn as a week grid like the calendar widget rather than a flat list: weekday columns, one row per week, and a coloured dot per collection in its fraction's colour. Tap a day to see what is collected then; it opens on the next day with a collection.",,needs translation
cr_whats_new_beta_14,array,10,"Parcel dialogs now say Today or Tomorrow instead of naming the weekday. The whole question a delivery date answers is how soon, and “Wednesday” on a Wednesday made you work that out yourself.",,needs translation
cr_whats_new_beta_14,array,11,"The +2 bubble in the header, shown when there are more people than fit, now opens. Tapping it lists everyone with their name and state, and picking someone opens their detail dialog as usual. Previously those people were simply unreachable on a narrow header.",,needs translation
cr_whats_new_beta_14,array,12,"Fixed the map in the person dialog overflowing the dialog on a tablet or unfolded foldable. The map was drawn as a square as wide as the dialog, so on a 620dp-wide card it became 620dp tall and pushed the address off the bottom. It now takes the height left over instead.",,needs translation
cr_whats_new_beta_14,array,13,"Fixed notifications going undelivered while Home Assistant reported the device as not connected to local push notifications, even with the app open. The app stood aside for its background connection whenever the settings said that connection should be running — but when Android refused to start it, such as after a reboot, nothing was listening at all. The app now checks whether that connection is really running rather than whether it is meant to be, takes over when it is not, and hands the channel back the moment it does come up.",,needs translation; don't translate Home Assistant
cr_whats_new_beta_14,array,14,"Fixed room-following settings not taking effect on the device you changed them from. Turning following off, or changing how long a room must hold before it counts as a move, was written to the companion component but not to the device's own cached copy — so it kept following, and kept using the old dwell time, until the app was next started. Changes now apply immediately. The dwell slider also no longer offers zero seconds, which made the very first sensor reading count as a move.",,needs translation
cr_whats_new_beta_14,array,15,"The Formula 1 card now says one thing: the next grand prix and when it is — “Today 15:00” on the day, otherwise the date and time, in your own timezone. Track status is gone from it, because outside a session that read “Not running”, which is not what anyone glances at the card for. The status sits in the same dark pill the camera, vacuum and waste cards use, so it lines up with the rest of your dashboard again. The circuit outline stays as a faint watermark and the host country flag in the corner. The widget also no longer asks which F1 instance to use — it reads everything the integration publishes, so the dialog always has the full picture.",,needs translation
cr_whats_new_beta_14,array,16,"The To-Do List dialog's undo/redo and Close buttons moved from the title row to the bottom action bar, matching every other dialog in the app.",,needs translation
cr_whats_new_beta_14,array,17,* HKI 7 Cloud Component integration required.,,needs translation; don't translate HKI 7 Cloud
cr_whats_new_beta_13,array,1,"HKI can now follow you from room to room. Point it at a room-presence sensor such as ESPresense and it opens the room you are in when the app starts, then offers to switch views when you move somewhere else. Rooms also gain a purple counter showing how many people are in them, beside the motion and presence counters. An admin sets this up for the whole family under Settings › Family Sharing › Presence: pick each person's sensor and how long a new room must hold before it counts as a move. Sensor rooms named after your Home Assistant areas are matched automatically.*",,needs translation; don't translate Home Assistant
cr_whats_new_beta_13,array,2,"Notifications from Home Assistant can now carry action buttons. Add actions to a notify.mobile_app_… message and each one appears on the notification; tapping it sends the action back to Home Assistant, where an automation can respond. The buttons also appear on the in-app banner and in the notification drawer, because HKI hides system notifications while it is open. A URI action opens its link, a REPLY action takes a typed answer, and an action tapped while offline is delivered once the connection returns. Each notification can be actioned once.",,needs translation; don't translate Home Assistant
cr_whats_new_beta_13,array,3,"New Action button: a button that needs no entity at all. Give it a name, an icon, and whatever tap, hold, or double-tap action you like — navigate to a view or room, call a Home Assistant action, open a URL or a custom popup. Add one from the widget picker, from a button stack, or as an action badge in the badge area beside the header.",,needs translation; don't translate Home Assistant
cr_whats_new_beta_13,array,4,"Icon-only buttons can now be sized. Auto shrinks the icon as a stack gains columns, which is what makes icon-only usable in the four-, five-, and six-column custom popups where a fixed-size icon used to overflow the button. A button can also be given its own size.",,needs translation
cr_whats_new_beta_13,array,5,"Button stacks can push their appearance onto every button they hold: one Icon only for every button switch instead of the same switch on twenty buttons, plus an icon size they all inherit. A single button can still override the size.",,needs translation
cr_whats_new_beta_13,array,6,"The quick start guide can be browsed by hand. Swipe the gesture preview, tap a dot, or tap any tip to jump to it. It still plays on its own until you take over.",,needs translation
cr_whats_new_beta_13,array,7,"Fixed the waste widget showing the wrong icon and colour for every collection type outside Dutch: the type was matched against the translated label, so PMD shown as Packaging fell through to a generic grey-blue bin. PMD is orange with a recycling symbol again.",,needs translation
cr_whats_new_beta_13,array,8,"Fixed the room-following prompt appearing after Ask before switching rooms was turned off, and for the room already on screen. It now also offers Don't ask again until I restart the app, and the wait time can be set whether or not prompting is on.",,needs translation
cr_whats_new_beta_13,array,9,"Flows can express Any of these and nested logic, not just a flat list of ANDs. A group opens into its own list with a breadcrumb, and groups can hold groups, so motion detected AND (after sunset OR guest mode on) is buildable. It is the same structure Home Assistant's own editor writes, so a flow made in HA that used OR is no longer an untouchable advanced block.",,needs translation; don't translate Home Assistant
cr_whats_new_beta_13,array,10,"Thermostat dials on the Climate view no longer squeeze six across a landscape foldable. Dials hold at four per row until the window is genuinely desktop-wide, so each keeps enough width to read.",,needs translation
cr_whats_new_beta_13,array,11,"The Waiting for notifications message now has a Hide this notification button that jumps straight to its Android channel settings, where switching the channel off hides it for good while the connection keeps working. Android will not let a background connection run without a visible notification, so this is as far as muting can go. It also switches itself on when you have more than one Home Assistant server.",,needs translation; don't translate Home Assistant
cr_whats_new_beta_13,array,12,"The vacuum widget can now draw a Valetudo map itself. Choose Valetudo map as the button image and point it at your robot's map camera: HKI reads the map data Valetudo hides inside that camera's PNG and draws the floor, walls, rooms, the robot, its dock and the path it has taken. No add-on, custom component or extra Home Assistant integration is involved, and the map refreshes on its own while the robot is cleaning.",,"needs translation; don't translate Home Assistant, Valetudo"
cr_whats_new_beta_13,array,13,"Tap a room on the Valetudo map to send the robot to clean it. Rooms use the names you gave them in Valetudo. Cleaning a single room goes through Home Assistant's clean_area action, so first map the robot's segments to your areas in Home Assistant — until you do, the map says so instead of leaving the tap doing nothing.",,"needs translation; don't translate Home Assistant, Valetudo"
cr_whats_new_beta_13,array,14,"The vacuum settings now warn that plain Map camera on a Valetudo map entity shows a blank tile. Valetudo deliberately does not render the map on the robot, so its PNG is only a container for the data — Valetudo map is the mode that shows something.",,needs translation; don't translate Valetudo
cr_whats_new_beta_13,array,15,"The vacuum dialog now shows a Valetudo map whenever the map camera you picked actually carries one, whatever the button image is set to — the button image only decides how the tile on the dashboard looks. Cameras that turn out not to be Valetudo maps still show their picture, and HKI stops re-checking once it knows.",,needs translation; don't translate Valetudo
cr_whats_new_beta_13,array,16,"The robot image now spins while the vacuum is cleaning or returning to its dock, using the same icon animation settings as the rest of the app. A button's own animation setting still overrides it, and Off keeps it still.",,needs translation
cr_whats_new_beta_13,array,17,* HKI 7 Cloud Component integration required.,,needs translation; don't translate HKI 7 Cloud
cr_whats_new_beta_12,array,1,"Button widgets and button stacks can now hold an empty, fully transparent button. It takes up a grid cell without drawing anything, so the buttons around it line up exactly where you want them.",,needs translation
cr_whats_new_beta_12,array,2,Buttons can show just their icon. The new Icon only switch under a button's Appearance settings drops the name and state and centers a larger icon on the button.,,needs translation
cr_whats_new_beta_12,array,3,"New Custom popup action for buttons, badges, and dialog buttons. Point any tap, hold, or double tap at a popup you build yourself: it opens with the usual dialog title, status, history, and close controls, and you fill it with any widget the app offers. Popups are listed under Settings › Appearance › Popups, where Edit contents opens one ready to arrange. Popups are shared, so several buttons can open the same one, and stacks inside a popup can use up to six columns instead of three. While a popup is being arranged, a Done button sits beside Add widget to leave edit mode without closing it.",,needs translation
cr_whats_new_beta_12,array,4,"Fixed the Energy detail views (Solar, Electricity, Gas, Water, City heating, Battery) drawing their cards flush against each other with their headings missing. Production, Forecast, Inverters and the rest were hidden behind the card below them; the cards now keep their headings and the usual spacing.",,needs translation
cr_whats_new_beta_12,array,5,"Fixed Parental Controls refusing to save. An out-of-date HKI 7 Cloud component rejects the Visible and Invisible lists, which used to fail the whole policy; the permissions now save regardless and the message says the component needs updating. Those lists only filter entity lists such as global search — a button on a family dashboard stays visible unless it is hidden for that person explicitly.*",,needs translation; don't translate HKI 7 Cloud
cr_whats_new_beta_12,array,6,* HKI 7 Cloud Component integration required.,,needs translation; don't translate HKI 7 Cloud
cr_whats_new_beta_11,array,1,"Rooms, Climate, Security, Energy, and Battery dashboards now make better use of tablets and foldables. Large cards follow the Home and individual-room 1/2/3-column layout, while compact tiles auto-fit without becoming cramped. Climate, Security, and Energy cards use a height-aware masonry layout on wider displays, eliminating large gaps below shorter cards.",,needs translation
cr_whats_new_beta_11,array,2,State-colored icons on entity buttons and header/status pills now preserve their semantic hue while automatically shifting lighter or darker when they would blend into the current theme.,,needs translation
cr_whats_new_beta_11,array,3,"Selecting a family dashboard during onboarding now subscribes that installation to it. Owner edits are published when Save or Done is tapped, active clients refresh immediately, and offline clients reconcile when reopened. Non-admin subscribers cannot create or duplicate dashboards unless the app is fully reset.*",,needs translation
cr_whats_new_beta_11,array,4,"Dashboard setup during onboarding can now restore a local, Google Drive, or Home Assistant backup. New Google Drive and Home Assistant backups use consistent, informative names containing the app version and creation date.*",,"needs translation; don't translate Home Assistant, Google Drive"
cr_whats_new_beta_11,array,5,"Calendar widgets become vertically scrollable when their height is too small for every event, and hidden Home widgets are removed from the layout instead of leaving an empty space.",,needs translation
cr_whats_new_beta_11,array,6,"Parcel carrier cards now show the earliest expected delivery date and time for active incoming or outgoing shipments, including integrations that expose a separate next-delivery sensor.",,needs translation
cr_whats_new_beta_11,array,7,"Family permissions can now independently allow dashboard switching and creation. Fully restricted subscribers see a locked Dashboard settings tab; onboarding removes its placeholder dashboard when switching is denied, and a deleted family dashboard opens a permission-aware recovery screen instead of silently creating a replacement.*",,needs translation
cr_whats_new_beta_11,array,8,"Family permissions now also control manual re-importing. Non-admins cannot open Family Sharing settings, disabled onboarding choices explain why they are unavailable, and aesthetics-only editors see only visual controls. Their local names, icons, colors, backgrounds, styles, sizes, and layouts take priority when owner updates arrive.*",,needs translation
cr_whats_new_beta_11,array,9,"Climate sensor/device tabs, Security groups, and every Energy detail tab now follow the same responsive one-, two-, or three-column masonry rules, including their edit and reorder layouts.",,needs translation
cr_whats_new_beta_11,array,10,Aesthetics-only family editors can no longer change header-pill configuration or the dashboard's people; those functional settings remain controlled by the owner.*,,needs translation
cr_whats_new_beta_11,array,11,"Parental Controls now replaces manual entity-ID entry with Visible and Invisible lists. Admins can select complete Home Assistant domains or individual entities, and global search hides restricted entities and devices. Invisible entries always take precedence.*",,needs translation; don't translate Home Assistant
cr_whats_new_beta_11,array,12,"Energy setup now imports SmartGateways and DSMR Reader P1 meters even when the Home Assistant Energy dashboard has not been configured and the sensors are not attached to a device. Tariff 1 and tariff 2 readings are recognised separately, and usage charts and period totals add both tariffs together when no single grid import or export sensor is set.",,needs translation; don't translate Home Assistant
cr_whats_new_beta_11,array,13,* HKI 7 Cloud Component integration required.,,needs translation; don't translate HKI 7 Cloud
cr_whats_new_beta_10,array,1,"Visibility rules now work across all widgets and individual items, with time, entity, person, and mixed AND/OR conditions. Admins using a family-shared dashboard can choose whether an item is Visible or Hidden for a selected user. Person conditions use HKI 7 Cloud, whose requirement is shown when it is unavailable. New rules start empty so you choose Time, Entity, or Person.",,needs translation; don't translate HKI 7 Cloud
cr_whats_new_beta_10,array,2,"Room-status counter badges keep a stable two-digit width. Headers responsively fit one, two, or three counters per row like the home-page and person badges, without pushing the title down.",,needs translation
cr_whats_new_beta_10,array,3,"Energy setup now recognises SmartGateways and DSMR Reader MQTT sensor names, and choosing a source device refills its separate sensor roles. City heating has dedicated settings, a source tile and detail tab, plus an estimated natural-gas equivalent for J/GJ heat readings.",,needs translation
cr_whats_new_beta_10,array,4,"Calendar widget dialogs now use the available height correctly, fixing content that previously occupied only half the settings dialog or was cut off.",,needs translation
cr_whats_new_beta_10,array,5,"Re-import settings now use one consistently spelled and localized label across Rooms, Climate, Security, Energy, and Battery. Conditional visibility wording was also corrected in every supported language.",,needs translation
cr_whats_new_beta_10,array,6,"Fixed PostNL and the current parcel-integration parser, so incoming shipments once again show their complete tracking details and delivered state. Carrier support has also been brought up to date.",,needs translation
cr_whats_new_beta_10,array,7,"Added an in-app language selector with full coverage in 13 languages: Dutch, German, French, Spanish (plus Latin American Spanish), Italian, Turkish, Portuguese (plus Brazilian Portuguese), Japanese, Korean, and Chinese (Simplified and Traditional). Each language shows its native name with an English hint beneath it.",,needs translation
cr_whats_new_beta_10,array,8,"The reconnect status now shows the actual connection error, making Wi-Fi, mobile-data, and VPN handovers much easier to diagnose.",,needs translation
cr_whats_new_beta_10,array,9,Screen rotation now follows your device’s auto-rotate setting instead of staying locked to portrait.,,needs translation
cr_whats_new_beta_10,array,10,"The Climate ""Outside"" tile now appears as soon as a weather device is linked, even without dedicated sensors, counts its temperature, humidity and pressure attributes in the summary, and graphs them with matching sensor colors.",,needs translation
cr_whats_new_beta_10,array,11,"Parcel status codes are now normal sentences. Dates and times follow the selected language and 12/24-hour preference, nearby deliveries use weekday names, the current year is omitted, and same-day windows no longer repeat the date.",,needs translation
cr_whats_new_beta_9,array,1,"Drag to reorder cameras, thermostats, and energy cards. In edit mode the Security, Climate, and Energy views each get a Reorder button for their relevant cards.",,needs translation
cr_whats_new_beta_9,array,2,"New Climate Outside tile. Link a weather entity or outdoor temperature, humidity, and air-pressure sensors, then open the tile for individual history graphs.",,needs translation
cr_whats_new_beta_9,array,3,"Visibility now belongs to each button and header badge. Hide an item or schedule it once or on a daily, weekly, monthly, or yearly recurrence.",,needs translation
cr_whats_new_beta_9,array,4,Header badges can be renamed from Appearance settings.,,needs translation
cr_whats_new_beta_9,array,5,Swiping cards autoplay every three seconds by default.,,needs translation
cr_whats_new_beta_9,array,6,"The Weather dialog adds autoplay for Season, a windrose card, and an optional rain-map card from a camera or embedded web page.",,needs translation
cr_whats_new_beta_9,array,7,"The Parcels widget was rebuilt around carriers, with logos, account totals, shipment sections, estimates, tracking history, and add-by-tracking support where available.",,needs translation
cr_whats_new_beta_9,array,8,"Humidifiers and dehumidifiers now have native power, humidity, mode, speed, and helper controls throughout the app.",,needs translation
cr_whats_new_beta_9,array,9,Room status counters are interactive and open the entities behind each count.,,needs translation
cr_whats_new_beta_9,array,10,Buttons and badges can show a live countdown from a completion-time entity.,,needs translation
cr_whats_new_beta_9,array,11,Shared dashboards publish owner edits automatically and recipients receive them on their next sync.,,needs translation
cr_whats_new_beta_9,array,12,Header display settings now belong to each dashboard and travel through backups and family sharing.,,needs translation
cr_whats_new_beta_9,array,13,Camera widgets fill the entire tile and follow the configured corner radius.,,needs translation
cr_whats_new_beta_9,array,14,"Waste collections on the same day now overlap visibly, and the larger dialog can be dismissed by tapping outside.",,needs translation
cr_whats_new_beta_9,array,15,"Battery, Waste, camera, weather, and About visuals are now more consistent.",,needs translation
cr_whats_new_beta_9,array,16,"Binary sensors use Home Assistant-style Open/Closed, Wet/Dry, Detected/Clear, and Connected/Disconnected labels.",,needs translation; don't translate Home Assistant
cr_whats_new_beta_9,array,17,"Aesthetic-only editors can change existing badge visuals but cannot add, remove, or reconfigure badges.",,needs translation
cr_whats_new_beta_9,array,18,Fixed network handovers: sockets tied to the old Android network are discarded and the saved Home Assistant session reconnects without an unnecessary login. Reconnect status also shows the failure reason.,,needs translation; don't translate Home Assistant
cr_whats_new_beta_8,array,1,Child locks are no longer imported automatically as room controls.,,needs translation
cr_whats_new_beta_8,array,2,Every button and badge now honours Home Assistant entity-icon overrides.,,needs translation; don't translate Home Assistant
cr_whats_new_beta_8,array,3,Vacuums now appear in the room badge bar and open their controls when tapped.,,needs translation
cr_whats_new_beta_8,array,4,"Individual buttons in multi-item widgets can be hidden or scheduled, including recurring annual date ranges.",,needs translation
cr_whats_new_beta_8,array,5,Multiple camera badges now open one swipeable dialog with fullscreen paging.,,needs translation
cr_whats_new_beta_8,array,6,"Family Sharing now lists cloud-published dashboards so they can be imported, reshared, or deleted after a reinstall.",,needs translation
cr_whats_new_beta_7,array,1,Automatic room import now skips built-in helper controls while retaining genuine extra controls.,,needs translation
cr_whats_new_beta_7,array,2,Climate devices from different integrations are no longer merged into one control.,,needs translation
cr_whats_new_beta_7,array,3,"Climate-device icons now match air conditioners, humidifiers, dehumidifiers, and air purifiers.",,needs translation
cr_whats_new_beta_7,array,4,Air-purifier and humidifier icons pulse gently instead of spinning.,,needs translation
cr_whats_new_beta_7,array,5,Door locks now use closed-door and open-door icons.,,needs translation
cr_whats_new_beta_7,array,6,Multi-device header badges can be reordered to choose their leading entity.,,needs translation
cr_whats_new_beta_7,array,7,Animated icon effects are enabled by default on new installations.,,needs translation
cr_whats_new_beta_7,array,8,Buttons and badges can display an entity attribute and optional unit instead of its state.,,needs translation
cr_whats_new_beta_7,array,9,"Dashboards can now be copied with all rooms, widgets, and page settings.",,needs translation
cr_whats_new_beta_7,array,10,"Family Sharing now combines parental controls, dashboard sharing, and per-user permissions.",,needs translation
cr_whats_new_beta_7,array,11,Shared dashboards update automatically while keeping allowed local visual changes.,,needs translation
cr_whats_new_beta_7,array,12,Non-admin family members can use automatic per-room Adaptive Lighting controls when the HKI 7 Cloud component is installed.,,needs translation; don't translate HKI 7 Cloud
cr_whats_new_beta_7,array,13,Fixed unreadable header and pull-down labels in light mode and with custom appearances.,,needs translation
cr_whats_new_beta_7,array,14,About now provides What’s new and Full changelog buttons.,,needs translation
cr_whats_new_beta_7,array,15,Fixed the Unable to connect screen so it appears reliably when Home Assistant cannot be reached.,,needs translation; don't translate Home Assistant
cr_whats_new_beta_6,array,1,Fixed edit-mode action bars overlapping Android three-button navigation.,,needs translation
cr_whats_new_beta_6,array,2,The Backup and Restore screen now shows when each automatic cloud backup last ran.,,needs translation
cr_whats_new_beta_6,array,3,Each cloud backup now has a Back up now button.,,needs translation
cr_whats_new_beta_6,array,4,Fixed the oversized app icon after the themed-icon update.,,needs translation
cr_whats_new_beta_4_to_5,array,1,The Backup and Restore screen now shows when each automatic cloud backup last ran.,,needs translation
cr_whats_new_beta_4_to_5,array,2,Each cloud backup now has a Back up now button.,,needs translation
cr_whats_new_beta_4_to_5,array,3,Fixed the oversized app icon after the themed-icon update.,,needs translation
cr_whats_new_beta_3,array,1,"Added Simple Icons, Tabler, and Phosphor icon packs alongside Material Design Icons.",,needs translation
cr_whats_new_beta_3,array,2,"Added animated entity icons that glow, spin, or pulse while active.",,needs translation
cr_whats_new_beta_3,array,3,Added family dashboard sharing for admins.*,,needs translation
cr_whats_new_beta_3,array,4,Added parental controls that can hide selected views and rooms for specific people.*,,needs translation
cr_whats_new_beta_3,array,5,Added automatic daily backup to your own Home Assistant.*,,needs translation; don't translate Home Assistant
cr_whats_new_beta_3,array,6,Media-source icons are colored and can open the installed source app.,,needs translation
cr_whats_new_beta_3,array,7,New iFrame widget for embedding web pages.,,needs translation
cr_whats_new_beta_3,array,8,Energy views now show negative values while exporting power.,,needs translation
cr_whats_new_beta_3,array,9,Fixed onboarding completing when switching away before finishing.,,needs translation
cr_whats_new_beta_3,array,10,Fixed the thermostat-dial mode button overlapping nearby items.,,needs translation
cr_whats_new_beta_3,array,11,Many smaller bug fixes.,,needs translation
cr_whats_new_beta_3,array,12,* HKI 7 Cloud Component integration required.,,needs translation; don't translate HKI 7 Cloud
cr_whats_new_beta_2,array,1,"Improved layouts on short and narrow displays, with a single-column fallback throughout the app.",,needs translation
cr_whats_new_beta_2,array,2,Dialog headers use two rows on narrow screens so titles are no longer cut off.,,needs translation
cr_whats_new_beta_2,array,3,Fixed Adaptive Lighting sliders overlapping other elements.,,needs translation
cr_whats_new_beta_2,array,4,Navigation bars now indicate when more items are available off-screen.,,needs translation
cr_whats_new_beta_2,array,5,Fixed cameras ignoring the screen-orientation lock.,,needs translation
cr_whats_new_beta_2,array,6,Fixed zoom in camera dialogs and fullscreen cameras.,,needs translation
global_search_browse_entities,plural,one,Browse %1$d entity on this device,Böngésszen %1$d entitást ezen az eszközön,keep %1$d
global_search_browse_entities,plural,other,Browse %1$d entities on this device,Böngésszen %1$d entitást ezen az eszközön,keep %1$d
global_search_entity_count,plural,one,%1$d entity,%1$d entitás,keep %1$d
global_search_entity_count,plural,other,%1$d entities,%1$d entitások,keep %1$d
rooms_count,plural,one,%1$d room,%1$d szoba,keep %1$d
rooms_count,plural,other,%1$d rooms,%1$d szoba,keep %1$d
core_system,string,,System,Rendszer,
core_greeting_morning,string,,Good Morning,Jó reggelt,
core_greeting_afternoon,string,,Good Afternoon,Jó napot,
core_greeting_evening,string,,Good Evening,Jó estét,
core_greeting_night,string,,Good Night,Jó éjszakát,
core_last_seen_just_now,string,,Last seen just now,Most látták utoljára,
core_no_media_playing,string,,No media is playing,Nincs média lejátszása,
core_media_players_playing,plural,one,%1$d media player is playing,%1$d médialejátszót játszik le,keep %1$d
core_media_players_playing,plural,other,%1$d media players are playing,%1$d médialejátszók játszanak,keep %1$d
core_last_seen_minutes,plural,one,Last seen %1$d minute ago,Utoljára %1$d perce láttam,keep %1$d
core_last_seen_minutes,plural,other,Last seen %1$d minutes ago,Utoljára %1$d perce látták,keep %1$d
core_last_seen_hours,plural,one,Last seen %1$d hour ago,Utoljára %1$d órája látták,keep %1$d
core_last_seen_hours,plural,other,Last seen %1$d hours ago,Utoljára %1$d órája látták,keep %1$d
core_last_seen_days,plural,one,Last seen %1$d day ago,Utoljára %1$d napja látták,keep %1$d
core_last_seen_days,plural,other,Last seen %1$d days ago,Utoljára %1$d napja látták,keep %1$d
core_last_seen_weeks,plural,one,Last seen %1$d week ago,Utoljára %1$d hete látták,keep %1$d
core_last_seen_weeks,plural,other,Last seen %1$d weeks ago,Utoljára %1$d hete látták,keep %1$d
dlg_1_advanced_shorthand_block_kept_unchanged,string,,1 advanced shorthand block (kept unchanged),1 speciális gyorsírási blokk (változatlanul megtartva),
dlg_24_hour_format,string,,24-Hour Format,24 órás formátum,
dlg_action_count,string,,%1$s action,%1$s művelet,keep %1$s
dlg_action,string,,Action,Akció,
dlg_action_data,string,,Action data,Műveleti adatok,
dlg_action_data_object,string,,Action data object,Művelet adatobjektum,
dlg_action_details,string,,Action details,A művelet részletei,
dlg_adapt_now,string,,Adapt now,Alkalmazkodj most,
dlg_adaptive_lighting,string,,Adaptive Lighting,Adaptív világítás,
dlg_adaptive_lighting_is_unavailable,string,,Adaptive Lighting is unavailable,Az adaptív világítás nem érhető el,
dlg_add_4_10_entity_buttons_to_this_dialog_s,string,,Add 4–10 entity buttons to this dialog's nav bar.,Adjon hozzá 4–10 entitásgombot a párbeszédpanel navigációs sávjához.,
dlg_add,string,,Add,Hozzáadás,
dlg_add_at_least_one_step,string,,Add at least one step,Adjon hozzá legalább egy lépést,
dlg_add_button,string,,Add button,Hozzáadás gomb,
dlg_add_custom_buttons,string,,Add Custom Buttons,Egyéni gombok hozzáadása,
dlg_add_more_for_a_full_row,string,,Add %1$s more for a full row.,Adjon hozzá még %1$s egy teljes sort.,keep %1$s
dlg_add_to,string,,Add to %1$s,Hozzáadás ehhez: %1$s,keep %1$s
dlg_advanced,string,,Advanced,Fejlett,
dlg_advanced_action_data_json,string,,Advanced action data (JSON),Speciális műveletadatok (JSON),
dlg_advanced_shorthand_blocks_kept_unchanged,string,,%1$s advanced shorthand blocks (kept unchanged),%1$s speciális gyorsírási blokkok (változatlanul tartva),keep %1$s
dlg_alarm_entities,string,,Alarm entities,Riasztási entitások,
dlg_alarm_pending,string,,Alarm pending,Riasztás függőben,
dlg_alignment,string,,Alignment,Igazítás,
dlg_always,string,,Always,Mindig,
dlg_any_state,string,,Any state,Bármilyen állam,
dlg_appearance,string,,Appearance,Megjelenés,
dlg_apply,string,,Apply,Alkalmazni,
dlg_aspect_ratio,string,,Aspect ratio,Képarány,
dlg_astronomical_tap_or_swipe,string,,Astronomical · tap or swipe,Csillagászati · Koppintson vagy csúsztassa az ujját,
dlg_auto,string,,Auto,Auto,
dlg_auto_none,string,,Auto / none,Automatikus / nincs,
dlg_auto_scan,string,,Auto-scan,Automatikus keresés,
dlg_automation,string,,Automation,Automatizálás,
dlg_back,string,,Back,Vissza,
dlg_backspace,string,,Backspace,Backspace,
dlg_badge_bar_layout,string,,Badge bar layout,Jelvénysáv elrendezése,
dlg_batt,string,,Batt,Batt,
dlg_battery_value,string,,Battery: %1$s,Akkumulátor: %1$s,keep %1$s
dlg_built_in,string,,Built-in,Beépített,
dlg_cancel,string,,Cancel,Mégsem,
dlg_cancel_arming,string,,Cancel arming,Élesítés megszakítása,
dlg_change,string,,Change,Változás,
dlg_choose_a_side_when_the_badge_bar_is_split,string,,Choose a side when the badge bar is split,"Válasszon egy oldalt, amikor a jelvénysáv osztott",
dlg_choose_a_state,string,,Choose a state,Válasszon államot,
dlg_condition,string,,Condition,Állapot,
dlg_condition_is,string,,Is,Is,
dlg_condition_is_not,string,,Is not,Nem,
dlg_condition_state,string,,State,Állami,
dlg_vis_and,string,,AND,ÉS,
dlg_vis_conditional,string,,Conditional,Feltételes,
dlg_vis_entity_state,string,,Entity state,Az entitás állapota,
dlg_vis_person,string,,Person,Személy,
dlg_visible,string,,Visible,Látható,
dlg_choose_person,string,,Choose person,Válassz személyt,
dlg_person_condition_hint,string,,Matches the signed-in Home Assistant user. This rule travels with a shared dashboard.,Megfelel a bejelentkezett Home Assistant felhasználónak. Ez a szabály megosztott irányítópulttal utazik.,don't translate Home Assistant
dlg_person_requires_hki7_cloud,string,,Person visibility requires the HKI 7 Cloud component. Install it to select Home Assistant users here.,A személyek láthatóságához a HKI 7 Cloud összetevő szükséges. Telepítse Home Assistant felhasználó kiválasztásához itt.,"don't translate HKI 7 Cloud, Home Assistant"
dlg_vis_match,string,,Match,Mérkőzés,
dlg_vis_match_all,string,,All rules,Minden szabály,
dlg_vis_match_any,string,,Any rule,Bármilyen szabályt,
dlg_vis_or,string,,OR,VAGY,
dlg_vis_time_schedule,string,,Time schedule,Időbeosztás,
dlg_choose_a_visual_home_assistant_block,string,,Choose a visual Home Assistant block,Válasszon egy vizuális Home Assistant blokkot,don't translate Home Assistant
dlg_choose_action,string,,Choose action,Válasszon műveletet,
dlg_choose_an_action,string,,Choose an action,Válasszon egy műveletet,
dlg_choose_an_entity,string,,Choose an entity,Válasszon egy entitást,
dlg_choose_an_entity_first,string,,Choose an entity first,Először válasszon egy entitást,
dlg_choose_entity,string,,Choose entity,Válasszon entitást,
dlg_choose_the_home_assistant_entities_that_drive_this_room,string,,Choose the Home Assistant entities that drive this room's live indicators. Indicators only appear while they are active.,"Válassza ki azokat a Home Assistant entitásokat, amelyek ennek a helyiségnek az élő jelzéseit irányítják. A jelzőfények csak aktív állapotban jelennek meg.",don't translate Home Assistant
dlg_choose_the_profile_for_this_light,string,,Choose the profile for this light,Válassza ki a profilt ehhez a lámpához,
dlg_choose_what_this_action_should_control,string,,Choose what this action should control,"Válassza ki, hogy ez a művelet mit irányítson",
dlg_choose_what_this_badge_summarizes,string,,Choose what this badge summarizes,"Válassza ki, mit foglal össze ez a jelvény",
dlg_choose_what_this_header_pill_shows,string,,Choose what this header pill shows,"Válassza ki, hogy mit jelenítsen meg ez a fejléc",
dlg_clear,string,,Clear,Világos,
dlg_clear_rooms_view,string,,Clear rooms view?,Tiszta kilátás a szobákra?,
dlg_climate_dialog_control,string,,Climate dialog control,Klíma párbeszéd vezérlés,
dlg_climate_sources_take_priority_and_use_their_current_temper,string,,Climate sources take priority and use their current_temperature and current_humidity values. ,"Az éghajlati források elsőbbséget élveznek, és az aktuális_hőmérséklet és jelenlegi_nedvesség értékeit használják.",keep the space at the start/end
dlg_climate_summary,string,,Climate summary,Klíma összefoglaló,
dlg_close,string,,Close,Közeli,
dlg_confirm,string,,Confirm,Erősítse meg,
dlg_controls_light_in_this_profile,string,,Controls %1$s light%2$s in this profile.,A %1$s light%2$s vezérlése ebben a profilban.,keep %1$s %2$s
dlg_countdown_timer,string,,Countdown timer,Visszaszámláló,
dlg_create_a_flow,string,,Create a flow,Hozzon létre egy áramlást,
dlg_current,string,,Current %1$s%%,Jelenlegi %1$s%%,keep %1$s
dlg_current_weather,string,,Current weather,Jelenlegi időjárás,
dlg_custom,string,,Custom,Szokás,
dlg_custom_buttons,string,,Custom buttons,Egyedi gombok,
dlg_custom_value,string,,Custom %1$s,Egyéni %1$s,keep %1$s
dlg_custom_name,string,,Custom name,Egyéni név,
dlg_custom_seconds,string,,Custom seconds,Egyedi másodpercek,
dlg_custom_state,string,,Custom state...,Egyedi állapot...,
dlg_date,string,,Date,Dátum,
dlg_day_to,string,,%1$s day%2$s to %3$s,%1$s nap%2$s - %3$s,keep %1$s %2$s %3$s
dlg_delete_automation,string,,Delete automation?,Törli az automatizálást?,
dlg_delete,string,,Delete,Töröl,
dlg_description,string,,Description,Leírás,
dlg_details,string,,Details,Részletek,
dlg_device_value,string,,Device: %1$s,Eszköz: %1$s,keep %1$s
dlg_device,string,,Device,Eszköz,
dlg_direction,string,,Direction —,Irány -,
dlg_display,string,,Display,Kijelző,
dlg_display_linked_entities_and_dialog_layout,string,,"Display, linked entities, and dialog layout","Megjelenítés, csatolt entitások és párbeszédpanel-elrendezés",
dlg_display_mode,string,,Display mode,Megjelenítési mód,
dlg_display_order,string,,Display order,Megjelenítési sorrend,
dlg_done,string,,Done,Kész,
dlg_door_sensors,string,,Door sensors,Ajtóérzékelők,
dlg_edit,string,,Edit,Szerkesztés,
dlg_empty_bin,string,,Empty bin: %1$s,Üres kuka: %1$s,keep %1$s
dlg_end,string,,End: %1$s,vége: %1$s,keep %1$s
dlg_enter_a_valid_json_object,string,,Enter a valid JSON object,Adjon meg egy érvényes JSON-objektumot,
dlg_enter_code,string,,Enter code,Írja be a kódot,
dlg_enter_the_same_data_object_home_assistant_shows_in,string,,Enter the same data object Home Assistant shows in YAML. JSON is used here so values keep their exact type.,"Írja be ugyanazt az adatobjektumot, amely a YAML-ben látható Home Assistant. Itt JSON-t használunk, így az értékek megtartják a pontos típusukat.",don't translate Home Assistant
dlg_entities_count,string,,Entities (%1$s),Entitások (%1$s),keep %1$s
dlg_entities_appearance_and_interactions,string,,"Entities, appearance, and interactions","Entitások, megjelenés és interakciók",
dlg_entities,string,,Entities,Entitások,
dlg_entities_that_signal_activity_or_safety_states,string,,Entities that signal activity or safety states,"Olyan entitások, amelyek tevékenységet vagy biztonsági állapotokat jeleznek",
dlg_entity_integrations,string,,Entity integrations,Entitásintegrációk,
dlg_entity_name,string,,Entity name,Entitás neve,
dlg_entity_picture,string,,Entity picture,Entitás képe,
dlg_event,string,,Event,Esemény,
dlg_exact_text_or_number_reported_by_home_assistant,string,,Exact text or number reported by Home Assistant,A pontos szöveget vagy számot jelentette: Home Assistant,don't translate Home Assistant
dlg_exit_full_screen,string,,Exit full screen,Kilépés a teljes képernyőről,
dlg_floor,string,,Floor,Emelet,
dlg_floor_assignment,string,,Floor assignment,Emeleti feladat,
dlg_flows,string,,Flows,Flows,
dlg_forecast,string,,Forecast,Előrejelzés,
dlg_forget_selection,string,,Forget selection,Felejtsd el a kiválasztást,
dlg_forward,string,,Forward,Előre,
dlg_from,string,,From %1$s,%1$s,keep %1$s
dlg_from_state,string,,From state,Államból,
dlg_full_day_name,string,,Full Day Name,Teljes napi név,
dlg_group_light_paused_for_manual_control,string,,%1$s group light%2$s paused for manual control.,%1$s csoportfény%2$s szünetel a kézi vezérléshez.,keep %1$s %2$s
dlg_header_appearance,string,,Header appearance,Fejléc megjelenése,
dlg_header_custom_color_rrggbb,string,,Header custom color (#RRGGBB),Fejléc egyéni színe (#RRGGBB),
dlg_header_pill,string,,Header pill,Fejléc pirula,
dlg_hidden,string,,Hidden,Rejtett,
dlg_hidden_during,string,,Hidden during,alatt elrejtve,
dlg_hide_this_badge_or_schedule_when_it_appears,string,,"Hide this badge, or schedule when it appears","Rejtsd el ezt a jelvényt, vagy ütemezd, amikor megjelenik",
dlg_https,string,,https://…,https://…,
dlg_humidity,string,,Humidity,Nedvesség,
dlg_icon,string,,Icon,Ikon,
dlg_icon_animation,string,,Icon animation,Ikon animáció,
dlg_icon_value,string,,Icon: %1$s,Ikon: %1$s,keep %1$s
dlg_identity,string,,Identity,Identitás,
dlg_identity_presentation_indicators_and_maintenance,string,,"Identity, presentation, indicators, and maintenance","Identitás, bemutatás, mutatók és karbantartás",
dlg_import_only_rooms_that_have_not_been_edited_or,string,,"Import only rooms that have not been edited, or rebuild everything. Rebuilding removes all edited rooms and floors before importing them from scratch.","Csak olyan szobákat importáljon, amelyeket nem szerkesztett, vagy építsen újjá mindent. Az újjáépítés eltávolítja az összes szerkesztett helyiséget és emeletet, mielőtt a semmiből importálja őket.",
dlg_import_unedited,string,,Import unedited,Importálás szerkesztetlenül,
dlg_interactions,string,,Interactions,Interakciók,
dlg_is,string,, is,van,keep the space at the start/end
dlg_items,string,,%1$s items,%1$s elem,keep %1$s
dlg_last_run,string,,Last run %1$s,Utolsó futás %1$s,keep %1$s
dlg_left,string,,Left,Balra,
dlg_left_side_overflows_right,string,,Left side overflows right,A bal oldal túlcsordul a jobb oldalon,
dlg_live,string,,Live,Élő,
dlg_live_uppercase,string,,LIVE,ÉLŐ,
dlg_live_indicators,string,,Live indicators,Élő indikátorok,
dlg_loading_actions,string,,Loading actions…,Műveletek betöltése…,
dlg_lunar_phase,string,,Lunar phase,Holdfázis,
dlg_map,string,,Map,Térkép,
dlg_map_value,string,,Map: %1$s,Térkép: %1$s,keep %1$s
dlg_media,string,,Media,Média,
dlg_media_browsing_isn_t_available_for_this_player,string,,Media browsing isn't available for this player.,A médiaböngészés nem érhető el ennél a lejátszónál.,
dlg_media_library,string,,Media library,Médiatár,
dlg_media_players,string,,Media players,Médialejátszók,
dlg_meteorological_tap_or_swipe,string,,Meteorological · tap or swipe,Meteorológiai · érintse meg vagy csúsztassa az ujját,
dlg_mm,string,,%1$s mm,%1$s mm,keep %1$s
dlg_modes,string,,Modes,Módok,
dlg_moon,string,,Moon,Hold,
dlg_move_down,string,,Move down,Mozgás lefelé,
dlg_move_up,string,,Move up,Lépj felfelé,
dlg_multiple_climate_values_are_averaged_separate_sensor_value,string,,Multiple climate values are averaged. Separate sensor values are averaged only when no climate source is selected.,"Több klímaértéket átlagolnak. A különálló érzékelőértékek átlagolása csak akkor történik, ha nincs klímaforrás kiválasztva.",
dlg_name,string,,Name,Név,
dlg_name_and_icon_used_throughout_the_app,string,,Name and icon used throughout the app,Az alkalmazásban használt név és ikon,
dlg_name_optional,string,,Name (optional),Név (nem kötelező),
dlg_native_home_assistant_automations_always_in_sync,string,,"Native Home Assistant automations, always in sync","Natív Home Assistant automatizálás, mindig szinkronban",don't translate Home Assistant
dlg_never_triggered,string,,Never triggered,Soha nem váltott ki,
dlg_new_flow,string,,New flow,Új áramlás,
dlg_next_camera,string,,Next camera,Következő kamera,
dlg_no_conditions_this_flow_always_continues,string,,No conditions — this flow always continues,Nincsenek feltételek – ez az áramlás mindig folytatódik,
dlg_no_door_sensor,string,,No door sensor,Nincs ajtóérzékelő,
dlg_no_forecast_available,string,,No forecast available,Nem áll rendelkezésre előrejelzés,
dlg_no_matching_automations,string,,No matching automations,Nincs megfelelő automatika,
dlg_no_native_home_assistant_automations_found,string,,No native Home Assistant automations found,Nem található natív Home Assistant automatizálás,don't translate Home Assistant
dlg_no_profile_available,string,,No profile available,Nincs elérhető profil,
dlg_no_stream_available,string,,No stream available,Nincs elérhető adatfolyam,
dlg_no_supported_alarm_modes_reported_by_this_entity,string,,No supported alarm modes reported by this entity,Ez az entitás nem jelentett támogatott riasztási módokat,
dlg_no_target,string,,No target,Nincs cél,
dlg_none,string,,None,Egyik sem,
dlg_none_timer_follows_the_completion_time_only,string,,None — timer follows the completion time only,Nincs – az időzítő csak a befejezési időt követi,
dlg_not_loaded_by_home_assistant,string,,Not loaded by Home Assistant,Nem töltötte be Home Assistant,don't translate Home Assistant
dlg_nothing_here,string,,Nothing here.,Itt semmi.,
dlg_off_uppercase,string,,OFF,LE,
dlg_off,string,,Off,Le,
dlg_on_uppercase,string,,ON,ON,
dlg_on,string,,On,On,
dlg_percent_on,string,,%1$s%% • ON,%1$s%% • BE,keep %1$s
dlg_open_camera_full_screen,string,,Open camera full screen,Nyissa meg a kamerát teljes képernyőn,
dlg_open,string,,Open,Nyitott,
dlg_optional_controls_and_sensors_for_richer_dialogs,string,,Optional controls and sensors for richer dialogs,Választható vezérlők és érzékelők a gazdagabb párbeszédekért,
dlg_optional_fields_passed_to_home_assistant,string,,Optional fields passed to Home Assistant,Nem kötelező mezők átadva a következőnek: Home Assistant,don't translate Home Assistant
dlg_optional_label_shown_when_name_is_enabled_above,string,,"Optional label shown when ""Name"" is enabled above","Opcionális címke akkor jelenik meg, ha fent a „Név” engedélyezve van",
dlg_oscillate,string,,Oscillate,Oszcillál,
dlg_pause,string,,Pause,Szünet,
dlg_pause_adaptation,string,,Pause adaptation,Az alkalmazkodás szüneteltetése,
dlg_pending_timer,string,,Pending timer,Függőben lévő időzítő,
dlg_pick_a_source_device_or_fine_tune_individual_roles,string,,Pick a source device or fine-tune individual roles,"Válasszon forráseszközt, vagy finomítsa az egyes szerepköröket",
dlg_place_this_room_in_the_correct_floor_group,string,,Place this room in the correct floor group,Helyezze ezt a szobát a megfelelő emeletcsoportba,
dlg_placement,string,,Placement,Elhelyezés,
dlg_players_summarized_by_the_room_header_and_card,string,,Players summarized by the room header and card,A játékosok összegzése a szoba fejlécével és kártyájával,
dlg_please_wait,string,,Please wait…,"Kérjük, várjon…",
dlg_precipitation,string,,Precipitation,Csapadék,
dlg_presets_uppercase,string,,PRESETS,PRESETS,
dlg_presets,string,,Presets,Előbeállítások,
dlg_previous_camera,string,,Previous camera,Előző kamera,
dlg_profile,string,,Profile,Profil,
dlg_profile_switches_affect_every_light_assigned_to,string,,Profile switches affect every light assigned to %1$s.,A profilkapcsolók a %1$s-hoz rendelt összes lámpát érintik.,keep %1$s
dlg_rain,string,,Rain,Eső,
dlg_rain_map,string,,Rain map,Esőtérkép,
dlg_rain_map_url_iframe,string,,Rain map URL (iframe),Esőtérkép URL (iframe),
dlg_re_import_rooms,string,,Re-import rooms,Szobák újraimportálása,
dlg_read_only_home_assistant_automation,string,,Read-only Home Assistant automation,Csak olvasható Home Assistant automatizálás,don't translate Home Assistant
dlg_recipes_create_regular_home_assistant_automations_you_can,string,,Recipes create regular Home Assistant automations. You can continue editing them in either HKI7 or Home Assistant.,A receptek rendszeres Home Assistant automatizálásokat hoznak létre. Folytathatja a szerkesztésüket itt: HKI7 vagy Home Assistant.,"don't translate Home Assistant, HKI7"
dlg_remove,string,,Remove,Távolítsa el,
dlg_remove_edits_and_import_all,string,,Remove edits and import all,Szerkesztések eltávolítása és az összes importálása,
dlg_repeat,string,,Repeat,Ismétlés,
dlg_repeats_every_day_only_the_time_of_day_is,string,,Repeats every day — only the time of day is used.,Minden nap ismétlődik – csak a napszakot használja.,
dlg_repeats_every_month_only_the_day_of_the_month,string,,Repeats every month — only the day of the month and time are used.,Havonta ismétlődik – csak a hónap napja és az idő kerül felhasználásra.,
dlg_repeats_every_week_only_the_weekday_and_time_are,string,,Repeats every week — only the weekday and time are used.,Hetente ismétlődik – csak a hétköznap és az idő kerül felhasználásra.,
dlg_repeats_every_year_the_year_is_ignored_so_e,string,,"Repeats every year — the year is ignored, so e.g. 24–26 Dec recurs each Christmas.","Minden évben ismétlődik – az évet figyelmen kívül hagyja, így pl. December 24–26. minden karácsonykor megismétlődik.",
dlg_required,string,, (required),(kívánt),keep the space at the start/end
dlg_required_state,string,,Required state,Kötelező állapot,
dlg_resume_adaptation,string,,Resume adaptation,Folytassa az alkalmazkodást,
dlg_resume,string,,Resume,Folytatás,
dlg_reverse,string,,Reverse,Fordított,
dlg_right,string,,Right,Jobbra,
dlg_right_side_overflows_left,string,,Right side overflows left,A jobb oldal túlcsordul balra,
dlg_room_areas,string,,Room areas,Szobaterületek,
dlg_room_climate,string,,Room climate,Szobaklíma,
dlg_room_name,string,,Room name,Szoba neve,
dlg_run_mode,string,,Run mode,Futtatás mód,
dlg_running_state_entity,string,,Running-state entity,Futó állapotú entitás,
dlg_s_are,string,,s are,s vannak,
dlg_save,string,,Save,Megtakarítás,
dlg_save_in_home_assistant,string,,Save in Home Assistant,Mentés ide: Home Assistant,don't translate Home Assistant
dlg_saved_directly_in_the_native_automation,string,,Saved directly in the native automation,Közvetlenül a natív automatizálásba mentve,
dlg_scheduled,string,,Scheduled,Ütemezett,
dlg_search_actions,string,,Search actions,Keresési műveletek,
dlg_search_automations,string,,Search automations,Keresési automatizálások,
dlg_season,string,,Season,Évad,
dlg_select,string,,Select %1$s,Válassza a %1$s,keep %1$s
dlg_select_a_mode_to_continue,string,,Select a mode to continue,A folytatáshoz válasszon módot,
dlg_select_battery_sensor,string,,Select Battery Sensor,Válassza az Akkumulátor-érzékelő lehetőséget,
dlg_select_door_sensor,string,,Select Door Sensor,Válassza az Ajtóérzékelő lehetőséget,
dlg_select_empty_bin_control,string,,Select Empty Bin Control,Válassza az Empty Bin Control lehetőséget,
dlg_select_entities,string,,Select Entities,Válassza az Entitások lehetőséget,
dlg_select_entity,string,,Select Entity,Válassza az Entitás lehetőséget,
dlg_select_map_camera,string,,Select Map Camera,Válassza a Térképkamera lehetőséget,
dlg_select_media_players,string,,Select Media Players,Válassza a Médialejátszók lehetőséget,
dlg_select_running_state_entity,string,,Select running-state entity,Válassza ki a futó állapotú entitást,
dlg_select_target_entity,string,,Select Target Entity,Válassza a Cél entitás lehetőséget,
dlg_select_the_alarm_panels_summarized_by_this_pill,string,,Select the alarm panels summarized by this pill,Válassza ki a tabletta által összefoglalt riasztópaneleket,
dlg_select_vacuum_entity,string,,Select Vacuum Entity,Válassza a Vákuum entitás lehetőséget,
dlg_select_water_level,string,,Select Water Level,Válassza a Vízszint lehetőséget,
dlg_selected,string,,%1$s · Selected,%1$s · Kijelölve,keep %1$s
dlg_set,string,,Set,Készlet,
dlg_shape,string,,Shape,Alak,
dlg_shape_visible_information_and_icon_behavior,string,,"Shape, visible information, and icon behavior","Alak, látható információk és ikonviselkedés",
dlg_show_a_descending_timer_when_the_value_is_a,string,,"Show a descending timer when the value is a completion time (e.g. a washer/dryer finish time). Active while counting, off at zero.","Csökkenő időzítő megjelenítése, ha az érték egy befejezési idő (például egy mosó-/szárítógép befejezési ideje). Számlálás közben aktív, nullánál kikapcsolva.",
dlg_show_a_live_radar_rain_map_card_a_camera,string,,Show a live radar/rain map card — a camera entity or an embedded web page (iframe),Élő radar/esőtérkép kártya megjelenítése – kamera entitás vagy beágyazott weboldal (iframe),
dlg_show_badge_bar,string,,Show badge bar,Jelvénysáv megjelenítése,
dlg_show_the_entity_s_state_or_one_of_its,string,,"Show the entity's state, or one of its attributes instead.",Mutassa meg az entitás állapotát vagy helyette valamelyik attribútumot.,
dlg_side_split_alignment,string,,Side (split alignment),Oldalsó (osztott igazítás),
dlg_snapshot,string,,Snapshot,Pillanatkép,
dlg_span_badges,string,,Span badges,Span jelvények,
dlg_speed,string,,SPEED,SEBESSÉG,
dlg_start,string,,Start: %1$s,Kezdés: %1$s,keep %1$s
dlg_start_with_a_useful_recipe_then_adjust_each_step,string,,"Start with a useful recipe, then adjust each step","Kezdje egy hasznos recepttel, majd állítsa be az egyes lépéseket",
dlg_state,string,,State,Állami,
dlg_state_text,string,,State text,Állami szöveg,
dlg_switch,string,,SWITCH,KAPCSOLÓ,
dlg_tap_hold_and_dialog_quick_actions,string,,"Tap, hold, and dialog quick actions","Érintse meg, tartsa lenyomva, és párbeszédpanel gyorsműveletek",
dlg_target_range_percent,string,,TARGET (%1$s–%2$s%%),CÉL (%1$s–%2$s%%),keep %1$s %2$s
dlg_target,string,,Target,Cél,
dlg_target_entity_optional,string,,Target entity (optional),Cél entitás (nem kötelező),
dlg_temperature,string,,Temperature,Hőmérséklet,
dlg_temperature_and_humidity_sources_for_the_room,string,,Temperature and humidity sources for the room,A helyiség hőmérséklet- és páraforrásai,
dlg_value_with_unit,string,,%1$s%2$s,%1$s%2$s,keep %1$s %2$s
dlg_negative_value,string,,-%1$s,-%1$s,keep %1$s
dlg_spaced_temperature,string,,  %1$s°,%1$s°,keep %1$s; keep the space at the start/end
dlg_value_and_unit,string,,%1$s %2$s,%1$s %2$s,keep %1$s %2$s
dlg_temperature_value,string,,%1$s°,%1$s°,keep %1$s
dlg_updating_value,string,,%1$s…,%1$s…,keep %1$s
dlg_sentence_pair,string,,%1$s. %2$s,%1$s. %2$s,keep %1$s %2$s
dlg_labeled_value_unit,string,,%1$s: %2$s%3$s,%1$s: %2$s%3$s,keep %1$s %2$s %3$s
dlg_selected_value,string,,✓ %1$s,✓ %1$s,keep %1$s
dlg_zoom_multiplier,string,,%1$s×,%1$s×,keep %1$s
dlg_page_of_pages,string,,%1$s/%2$s,%1$s/%2$s,keep %1$s %2$s
dlg_labeled_value,string,,%1$s: %2$s,%1$s: %2$s,keep %1$s %2$s
dlg_percentage,string,,%1$s%%,%1$s%%,keep %1$s
dlg_that_profile,string,,that profile,azt a profilt,
dlg_the_exact_dates_you_pick_leave_a_bound_as,string,,"The exact dates you pick. Leave a bound as ""Any"" for an open-ended range.","Az Ön által választott pontos dátumok. Hagyjon egy korlátot ""Bármilyen""-ként egy nyílt végű tartományhoz.",
dlg_the_room_header_and_card_show_a_single_player,string,,"The room header and card show a single player's media, or an active-player count when multiple players are selected.","A szoba fejléce és kártya egy játékos médiáját, vagy több játékos kiválasztása esetén az aktív játékosok számát mutatja.",
dlg_thermostat_dial,string,,Thermostat dial,Termosztát tárcsa,
dlg_this_action_does_not_use_an_entity_target,string,,This action does not use an entity target.,Ez a művelet nem használ entitáscélt.,
dlg_this_action_has_no_required_target_or_additional_fields,string,,This action has no required target or additional fields.,Ez a művelet nem tartalmaz kötelező célt vagy további mezőket.,
dlg_this_automation_is_managed_outside_home_assistant_s_ui,string,,"This automation is managed outside Home Assistant's UI (usually YAML). HKI7 can show it, but will not overwrite it.","Ezt az automatizálást a Home Assistant felhasználói felületén (általában YAML) kívül kezelik. HKI7 meg tudja mutatni, de nem írja felül.","don't translate Home Assistant, HKI7"
dlg_this_entity,string,,This entity,Ez az entitás,
dlg_this_light_is_paused_for_manual_control,string,,This light is paused for manual control.,Ez a lámpa a kézi vezérléshez szünetel.,
dlg_this_removes_all_imported_rooms_and_floors_from_this,string,,This removes all imported rooms and floors from this view.,Ezzel az összes importált szobát és emeletet eltávolítja ebből a nézetből.,
dlg_this_removes_the_native_automation_from_home_assistant_thi,string,,This removes the native automation from Home Assistant. This cannot be undone from HKI7.,Ez eltávolítja a natív automatizálást a Home Assistant-ból. Ez a művelet nem vonható vissza innen: HKI7.,"don't translate Home Assistant, HKI7"
dlg_time,string,,Time,Idő,
dlg_to_state,string,,To state,Kijelenteni,
dlg_turn_on,string,,Turn On,Bekapcsol,
dlg_unit,string,,Unit,Egység,
dlg_untitled,string,,Untitled,Cím nélkül,
dlg_url_https,string,,URL (https://…),URL (https://…),
dlg_vacuum_entities,string,,Vacuum entities,Vákuum entitások,
dlg_vertical_slider,string,,Vertical slider,Függőleges csúszka,
dlg_visibility,string,,Visibility,Láthatóság,
dlg_visibility_alignment_and_overflow_behavior,string,,"Visibility, alignment, and overflow behavior","Láthatóság, igazítás és túlcsordulási viselkedés",
dlg_visible_during,string,,Visible during,alatt látható,
dlg_waiting_for_home_assistant,string,,Waiting for Home Assistant,Várakozás: Home Assistant,don't translate Home Assistant
dlg_wallpaper_and_optional_custom_color,string,,Wallpaper and optional custom color,Háttérkép és választható egyedi szín,
dlg_wallpaper_url_or_path,string,,Wallpaper URL or path,Háttérkép URL-je vagy elérési útja,
dlg_water_value,string,,Water: %1$s,Víz: %1$s,keep %1$s
dlg_water,string,,Water,Víz,
dlg_weather_details,string,,Weather details,Időjárás részletei,
dlg_weather_entities,string,,Weather entities,Időjárás entitások,
dlg_when,string,,When,Amikor,
dlg_when_and_if_then,string,,When · And if · Then,Mikor · És ha · Akkor,
dlg_widget_width,string,,Widget width,Widget szélessége,
dlg_wind,string,,Wind,Szél,
dlg_any,string,,Any,Bármilyen,
dlg_once,string,,Once,Egyszer,
dlg_daily,string,,Daily,Napi,
dlg_weekly,string,,Weekly,Heti,
dlg_monthly,string,,Monthly,Havi,
dlg_yearly,string,,Yearly,Évi,
dlg_default,string,,Default,Alapértelmezett,
dlg_toggle,string,,Toggle,Váltás,
dlg_more_information,string,,More information,További információ,
dlg_navigate,string,,Navigate,Navigáljon,
dlg_url,string,,URL,URL,
dlg_home,string,,Home,Otthon,
dlg_rooms,string,,Rooms,Szobák,
dlg_energy,string,,Energy,Energia,
dlg_climate,string,,Climate,Éghajlat,
dlg_security,string,,Security,Biztonság,
dlg_battery,string,,Battery,Akkumulátor,
dlg_settings,string,,Settings,Beállítások elemre,
dlg_room_value,string,,Room · %1$s,Szoba · %1$s,keep %1$s
dlg_could_not_load_home_assistant_actions,string,,Could not load Home Assistant actions,Nem sikerült betölteni a Home Assistant műveletet,don't translate Home Assistant
dlg_show_entity_default_this_one,string,,Show entity (default: this one),Entitás megjelenítése (alapértelmezett: ez),
dlg_target_entity_default_this_one,string,,Target entity (default: this one),Cél entitás (alapértelmezett: ez),
dlg_select_destination,string,,Select destination,Válassza ki a célállomást,
dlg_choose_target,string,,Choose target,Válassza ki a célt,
dlg_target_and_action_data,string,,Target and action data,Cél- és cselekvési adatok,
dlg_tap,string,,Tap,Csap,
dlg_hold,string,,Hold,Tart,
dlg_double_tap,string,,Double tap,Koppintson duplán,
dlg_alarm_disarmed,string,,Disarmed,Lefegyverzett,
dlg_alarm_armed_home,string,,Armed home,Fegyveres otthon,
dlg_alarm_armed_away,string,,Armed away,Felfegyverkezve,
dlg_alarm_armed_night,string,,Armed night,Fegyveres éjszaka,
dlg_alarm_armed_vacation,string,,Armed vacation,Fegyveres nyaralás,
dlg_alarm_armed_custom,string,,Armed (custom),Fegyveres (egyedi),
dlg_alarm_arming,string,,Arming…,Élesítés…,
dlg_alarm_disarming,string,,Disarming…,Hatástalanítás…,
dlg_alarm_triggered,string,,TRIGGERED,KIINDULVA,
dlg_alarm_disarmed_message,string,,Alarm disarmed,Riasztó hatástalanított,
dlg_alarm_command,string,,Alarm command,Riasztási parancs,
dlg_alarm_command_accepted,string,,%1$s accepted,%1$s elfogadva,keep %1$s
dlg_alarm_command_failed,string,,Command failed. Check the code and try again.,"A parancs nem sikerült. Ellenőrizze a kódot, és próbálja újra.",
dlg_alarm_arming_cancelled,string,,Arming cancelled,Élesítés megszakítva,
dlg_alarm_cancel_failed,string,,Cancellation failed. Check the code and try again.,"A törlés nem sikerült. Ellenőrizze a kódot, és próbálja újra.",
dlg_alarm_arm_home,string,,Arm home,Éleszd haza,
dlg_alarm_arm_away,string,,Arm away,Karoljon el,
dlg_alarm_arm_night,string,,Arm night,Karos éjszaka,
dlg_alarm_arm_custom,string,,Arm custom,Kar szokás,
dlg_alarm_arm_vacation,string,,Arm vacation,Kar vakáció,
dlg_alarm_disarm,string,,Disarm,Lefegyverzés,
dlg_room_configuration,string,,Room configuration,Szoba konfiguráció,
dlg_choose_room_area_to_configure,string,,Choose a room area to configure,Válasszon egy helyiséget a konfigurálandó területről,
dlg_focused_room_options,string,,Options for this room area,Lehetőségek ehhez a szobaterülethez,
dlg_general,string,,General,Általános,
dlg_name_and_icon,string,,Name and icon,Név és ikon,
dlg_header,string,,Header,Fejléc,
dlg_wallpaper_and_custom_color,string,,Wallpaper and custom color,Tapéta és egyedi szín,
dlg_badge_bar,string,,Badge bar,Jelvénysáv,
dlg_alignment_and_display_options,string,,Alignment and display options,Igazítási és megjelenítési lehetőségek,
dlg_assign_room_to_floor,string,,Assign this room to a floor,Rendelje hozzá ezt a szobát egy emelethez,
dlg_room_status,string,,Room status,Szoba állapota,
dlg_room_status_summary,string,,"Media, activity, safety, and climate indicators","Média, tevékenység, biztonság és éghajlati mutatók",
dlg_reimport_from_home_assistant,string,,Re-import from Home Assistant,Újraimportálás innen: Home Assistant,don't translate Home Assistant
dlg_import_or_rebuild_rooms,string,,Import new rooms or rebuild every room,"Importáljon új szobákat, vagy építsen újjá minden szobát",
dlg_clear_rooms_view_action,string,,Clear rooms view,Tiszta kilátás a szobákból,
dlg_remove_imported_rooms_and_floors,string,,Remove imported rooms and floors,Távolítsa el az importált szobákat és emeleteket,
dlg_room,string,,Room,Szoba,
dlg_split,string,,Split,Hasított,
dlg_center,string,,Center,Központ,
dlg_doors,string,,Doors,Ajtók,
dlg_windows,string,,Windows,Windows,
dlg_motion,string,,Motion,Mozgás,
dlg_presence,string,,Presence,Jelenlét,
dlg_lights,string,,Lights,Fények,
dlg_devices,string,,Devices,Eszközök,
dlg_smoke,string,,Smoke,Füst,
dlg_gas,string,,Gas,Gáz,
dlg_fire,string,,Fire,Tűz,
dlg_full,string,,Full,Tele,
dlg_half,string,,Half,Fél,
dlg_third,string,,Third,Harmadik,
dlg_choose_vacuum_entity_instead,string,,Choose a vacuum entity instead,Válasszon inkább egy vákuum entitást,
dlg_camera_live_page,string,,%1$d/%2$d · Live,%1$d/%2$d · Élő,keep %1$d %2$d
dlg_weather,string,,Weather,Időjárás,
dlg_weather_and_season,string,,%1$s · %2$s,%1$s · %2$s,keep %1$s %2$s
dlg_weather_state_clear_night,string,,Clear night,Tiszta éjszaka,
dlg_weather_state_cloudy,string,,Cloudy,Felhős,
dlg_weather_state_exceptional,string,,Exceptional,Kivételes,
dlg_weather_state_fog,string,,Fog,Köd,
dlg_weather_state_hail,string,,Hail,Jégeső,
dlg_weather_state_lightning,string,,Lightning,Villám,
dlg_weather_state_lightning_rainy,string,,Thunderstorms,Zivatarok,
dlg_weather_state_partly_cloudy,string,,Partly cloudy,Helyenként felhős,
dlg_weather_state_pouring,string,,Pouring rain,Szakadó eső,
dlg_weather_state_rainy,string,,Rainy,Esős,
dlg_weather_state_snowy,string,,Snowy,Havas,
dlg_weather_state_snowy_rainy,string,,Sleet,Ónos eső,
dlg_weather_state_sunny,string,,Sunny,Napos,
dlg_weather_state_windy,string,,Windy,Szeles,
dlg_weather_state_windy_variant,string,,Windy and cloudy,Szeles és felhős,
dlg_selected_entities_summary,plural,one,%1$d selected · %2$s,%1$d kiválasztva · %2$s,keep %1$d %2$s
dlg_selected_entities_summary,plural,other,%1$d selected · %2$s,%1$d kiválasztva · %2$s,keep %1$d %2$s
dlg_action_data_value_summary,plural,one,%1$s · %2$d data value,%1$s · %2$d adatérték,keep %1$s %2$d
dlg_action_data_value_summary,plural,other,%1$s · %2$d data values,%1$s · %2$d adatértékek,keep %1$s %2$d
dlg_seconds_short,plural,one,%d sec,%d mp,keep %d
dlg_seconds_short,plural,other,%d sec,%d mp,keep %d
dlg_arming_in_seconds,plural,one,Arming in %d second,Élesítés %d másodperc múlva,keep %d
dlg_arming_in_seconds,plural,other,Arming in %d seconds,Élesítés %d másodperc múlva,keep %d
energy_extra_sensors,string,,Energy sensors,Energia érzékelők,
energy_extra_settings,string,,Energy settings,Energia beállítások,
energy_extra_previous_period,string,,Previous period,Előző időszak,
energy_extra_next_period,string,,Next period,Következő időszak,
energy_extra_empty_view_hint,string,,This energy view is empty. Swipe down on the header and open Energy settings to add entities manually.,"Ez az energianézet üres. Csúsztassa lefelé az ujját a fejlécen, és nyissa meg az Energiabeállításokat az entitások manuális hozzáadásához.",
energy_extra_electricity,string,,Electricity,Villany,
energy_extra_solar,string,,Solar,Nap,
energy_extra_home,string,,Home,Otthon,
energy_extra_battery,string,,Battery,Akkumulátor,
energy_extra_gas,string,,Gas,Gáz,
energy_extra_city_heating,string,,City heating,Városi fűtés,
energy_extra_water,string,,Water,Víz,
energy_extra_energy,string,,Energy,Energia,
energy_extra_power,string,,Power,Hatalom,
energy_extra_carbon,string,,Carbon,Szén,
energy_extra_devices,string,,Devices,Eszközök,
energy_extra_device,string,,Device,Eszköz,
energy_extra_importing,string,,Importing,Importálás,
energy_extra_exporting,string,,Exporting,Exportálás,
energy_extra_idle,string,,Idle,Tétlen,
energy_extra_charging,string,,Charging,Töltés,
energy_extra_discharging,string,,Discharging,Kisütés,
energy_extra_producing,string,,Producing,Előállítás,
energy_extra_consuming,string,,Consuming,Fogyasztó,
energy_extra_grid_idle,string,,Grid idle,Rács üresjáratban,
energy_extra_importing_power,string,,Importing power,Energia importálása,
energy_extra_exporting_power,string,,Exporting power,A hatalom exportálása,
energy_extra_battery_supporting,string,,Battery supplying power,Akkumulátor táplálja az áramot,
energy_extra_battery_charging,string,,Battery charging,Akkumulátor töltés,
energy_extra_solar_producing,string,,Solar producing,Napenergia termelés,
energy_extra_home_consuming,string,,Home consuming,Otthoni fogyasztás,
energy_extra_energy_idle,string,,Energy idle,Energia üresjáratban,
energy_extra_today_value,string,,%1$s today,%1$s ma,keep %1$s
energy_extra_used_period,string,,Used %1$s,Használt %1$s,keep %1$s
energy_extra_produced_period,string,,Produced %1$s,Készült %1$s,keep %1$s
energy_extra_fossil_percentage,string,,%1$s%% fossil,%1$s%% kövület,keep %1$s
energy_extra_self_used_percentage,string,,Self-used · %1$d%%,Saját használat · %1$d%%,keep %1$d
energy_extra_electricity_total,string,,Electricity total,Villany össz,
energy_extra_top_consumers,string,,Top consumers,Legjobb fogyasztók,
energy_extra_device_energy,string,,Device energy,A készülék energiája,
energy_extra_individual_water_usage,string,,Individual water usage,Egyéni vízhasználat,
energy_extra_production,string,,Production,Termelés,
energy_extra_forecast,string,,Forecast,Előrejelzés,
energy_extra_inverters,string,,Inverters,Inverterek,
energy_extra_now,string,,Now,Jelenleg,
energy_extra_usage,string,,Usage,Használat,
energy_extra_total,string,,Total,Teljes,
energy_extra_cost,string,,Cost,Költség,
energy_extra_charge,string,,Charge,Díj,
energy_extra_grid_flow,string,,Grid flow,Rács áramlás,
energy_extra_self_sufficient,string,,Self-sufficient,Önellátó,
energy_extra_carbon_footprint,string,,Carbon footprint,Szén-lábnyom,
energy_extra_self_used,string,,Self-used,Saját használatú,
energy_extra_last_seven_days,string,,Last 7 days,Az elmúlt 7 nap,
energy_extra_lifetime,string,,Lifetime,Élettartam,
energy_extra_power_per_phase,string,,Power per phase,Fázisonkénti teljesítmény,
energy_extra_tariff_meter_readings,string,,Tariff meter readings,Tarifamérő leolvasások,
energy_extra_tariff_one,string,,Tariff 1,1. tarifa,
energy_extra_tariff_two,string,,Tariff 2,2. tarifa,
energy_extra_solar_production,string,,Solar production,Napenergia termelés,
energy_extra_category_overview,string,,Overview,Áttekintés,
energy_extra_category_electricity_subtitle,string,,"Grid power, phases, import/export, tariffs, and cost","Hálózati teljesítmény, fázisok, import/export, tarifák és költségek",
energy_extra_category_solar_subtitle,string,,"Production, forecast, and inverter device","Gyártási, előrejelzési és inverteres eszköz",
energy_extra_category_battery_subtitle,string,,Charge level and battery power,Töltési szint és akkumulátor töltöttség,
energy_extra_category_carbon_subtitle,string,,Grid carbon-footprint device,Rács szénlábnyom készülék,
energy_extra_category_usage_cost_subtitle,string,,Usage and cost,Használat és költség,
energy_extra_category_devices_subtitle,string,,"Power, energy, and individual water devices","Teljesítmény-, energia- és egyedi vízkészülékek",
energy_extra_category_city_heating_subtitle,string,,"Heat energy, current output, and cost","Hőenergia, áramteljesítmény és költség",
energy_extra_card_live_source_tiles,string,,Live source tiles,Élő forrás csempék,
energy_extra_card_electricity_totals_usage,string,,Electricity totals and usage,Összesített villamos energia és felhasználás,
energy_extra_card_home_battery,string,,Home battery,Otthoni akkumulátor,
energy_extra_card_gas_usage,string,,Gas usage,Gázhasználat,
energy_extra_card_city_heating_usage,string,,City-heating usage,Városi fűtési felhasználás,
energy_extra_card_water_usage,string,,Water usage,Vízhasználat,
energy_extra_card_device_energy_bars,string,,Device energy bars,Készülék energia sávok,
energy_extra_select_energy_cards,string,,Select energy cards,Válassza ki az energiakártyákat,
energy_extra_role_grid_power,string,,Grid power (W),Hálózati teljesítmény (W),
energy_extra_role_home_power,string,,Home power (W),Otthoni teljesítmény (W),
energy_extra_role_solar_power,string,,Solar power (W),Napenergia (W),
energy_extra_role_battery_power,string,,Battery power (W),Az akkumulátor teljesítménye (W),
energy_extra_role_battery_level,string,,Battery level (%),akkumulátor töltöttségi szint (%),
energy_extra_role_grid_import,string,,Grid import (kWh),Hálózati import (kWh),
energy_extra_role_grid_export,string,,Grid export (kWh),Hálózati export (kWh),
energy_extra_role_solar_production,string,,Solar production (kWh),Napenergia termelés (kWh),
energy_extra_role_phase_one_power,string,,Phase 1 power,1. fázisú teljesítmény,
energy_extra_role_phase_two_power,string,,Phase 2 power,2. fázisú teljesítmény,
energy_extra_role_phase_three_power,string,,Phase 3 power,3. fázisú teljesítmény,
energy_extra_role_import_meter_tariff_one,string,,Import meter tariff 1,Import mérőtarifa 1,
energy_extra_role_import_meter_tariff_two,string,,Import meter tariff 2,Import mérőtarifa 2,
energy_extra_role_export_meter_tariff_one,string,,Export meter tariff 1,Exportmérő tarifa 1,
energy_extra_role_export_meter_tariff_two,string,,Export meter tariff 2,Exportmérő tarifa 2,
energy_extra_role_energy_cost,string,,Energy cost,Energia költség,
energy_extra_role_gas_total,string,,Gas total (m³),Gáz összesen (m³),
energy_extra_role_gas_flow_now,string,,Gas flow (now),Gázáramlás (most),
energy_extra_role_gas_cost,string,,Gas cost,Gáz költség,
energy_extra_role_water_total,string,,Water total,Víz összesen,
energy_extra_role_water_flow_now,string,,Water flow (now),Vízáramlás (most),
energy_extra_role_water_cost,string,,Water cost,Víz költség,
energy_extra_role_individual_water_devices,string,,Individual water devices,Egyedi vízfelszerelések,
energy_extra_role_power_devices,string,,Power devices,Tápegységek,
energy_extra_role_energy_devices,string,,Energy devices,Energetikai eszközök,
energy_extra_sensor_current_power_import,string,,"Current power (W, + = import)","Jelenlegi teljesítmény (W, + = import)",
energy_extra_sensor_power_phase_one,string,,Power phase 1 (W),1. teljesítmény fázis (W),
energy_extra_sensor_power_phase_two,string,,Power phase 2 (W),2. teljesítményfázis (W),
energy_extra_sensor_power_phase_three,string,,Power phase 3 (W),3. teljesítményfázis (W),
energy_extra_sensor_current_phase_one,string,,Current phase 1 (A),Jelenlegi 1. fázis (A),
energy_extra_sensor_current_phase_two,string,,Current phase 2 (A),Jelenlegi 2. fázis (A),
energy_extra_sensor_current_phase_three,string,,Current phase 3 (A),Jelenlegi 3. fázis (A),
energy_extra_sensor_voltage_phase_one,string,,Voltage phase 1 (V),1. fázis feszültség (V),
energy_extra_sensor_voltage_phase_two,string,,Voltage phase 2 (V),2. fázis feszültség (V),
energy_extra_sensor_voltage_phase_three,string,,Voltage phase 3 (V),3. fázis feszültség (V),
energy_extra_sensor_home_consumption_power,string,,Home consumption power (W),Otthoni fogyasztás (W),
energy_extra_sensor_energy_import,string,,Energy import (kWh),Energia import (kWh),
energy_extra_sensor_energy_import_tariff_one,string,,Energy import tariff 1 (kWh),Energiaimport tarifa 1 (kWh),
energy_extra_sensor_energy_import_tariff_two,string,,Energy import tariff 2 (kWh),Energiaimport tarifa 2 (kWh),
energy_extra_sensor_energy_export,string,,Energy export (kWh),Energiaexport (kWh),
energy_extra_sensor_energy_export_tariff_one,string,,Energy export tariff 1 (kWh),Energiaexport tarifa 1 (kWh),
energy_extra_sensor_energy_export_tariff_two,string,,Energy export tariff 2 (kWh),Energiaexport tarifa 2 (kWh),
energy_extra_sensor_energy_cost_today,string,,Energy cost today,Energiaköltség ma,
energy_extra_sensor_current_power_production,string,,Current power production (W),Jelenlegi energiatermelés (W),
energy_extra_sensor_energy_production_today,string,,Energy production today (kWh),Energiatermelés ma (kWh),
energy_extra_sensor_energy_production_seven_days,string,,Energy production over the last 7 days,Energiatermelés az elmúlt 7 napban,
energy_extra_sensor_lifetime_energy_production,string,,Lifetime energy production,Élethosszig tartó energiatermelés,
energy_extra_sensor_battery_power_charging,string,,"Battery power (W, + = charging)","Az akkumulátor teljesítménye (W, + = töltés)",
energy_extra_sensor_gas_used_today,string,,Gas used today (m³),Ma felhasznált gáz (m³),
energy_extra_sensor_current_gas_flow,string,,"Current gas flow (m³/h, optional)","Jelenlegi gázáram (m³/h, opcionális)",
energy_extra_sensor_gas_cost_today,string,,Gas cost today,A mai gáz költsége,
energy_extra_sensor_city_heating_total,string,,Heat energy total (J/MJ/GJ/kWh),Teljes hőenergia (J/MJ/GJ/kWh),
energy_extra_sensor_city_heating_current,string,,Current heat output (optional),Aktuális hőteljesítmény (opcionális),
energy_extra_sensor_city_heating_cost,string,,City-heating cost,Városi fűtés költsége,
energy_extra_estimated_gas_equivalent,string,,Estimated gas equivalent,Becsült gázegyenérték,
energy_extra_estimated_gas_note,string,,Based on 35.17 MJ per m³ of natural gas,"35,17 MJ/m³ földgáz alapján",
energy_extra_sensor_water_used_today,string,,Water used today (L/m³),Ma felhasznált víz (L/m³),
energy_extra_sensor_current_water_flow,string,,"Current water flow (L/min, optional)","Jelenlegi vízáramlás (l/perc, opcionális)",
energy_extra_sensor_water_cost_today,string,,Water cost today,A víz költsége ma,
energy_extra_picker_top_consumer_devices,string,,Top-consumer devices,Legnagyobb fogyasztói eszközök,
energy_extra_picker_device_energy_counters,string,,Device energy counters,Készülék energiaszámlálók,
energy_extra_auto_power_sensors_help,string,,All sensors with device_class power are included automatically. Remove a device to create your own list.,Az összes eszközosztályú teljesítményű érzékelő automatikusan szerepel. Saját lista létrehozásához távolítson el egy eszközt.,
energy_extra_auto_energy_sensors_help,string,,All sensors with device_class energy are included automatically. Their counter changes are used for the selected period.,Az összes eszközosztályú energiával rendelkező érzékelő automatikusan szerepel. A számláló változásai a kiválasztott időszakra vonatkoznak.,
energy_extra_currency,string,,Currency,Valuta,
energy_extra_currency_subtitle,string,,Which currency the cost stats are shown in,A költségstatisztikák melyik pénznemben jelennek meg,
energy_extra_currency_search,string,,Search currencies,Pénznemek keresése,
energy_extra_currency_automatic,string,,Automatic,Automatikus,
energy_extra_currency_automatic_subtitle,string,,"Follow your cost sensors, then your device region","Kövesse a költségérzékelőket, majd az eszköz régióját",
energy_extra_currency_automatic_value,string,,Automatic (%1$s),Automatikus (%1$s),keep %1$s
energy_extra_currency_manual_value,string,,%1$s (%2$s),%1$s (%2$s),keep %1$s %2$s
energy_extra_energy_card,string,,Energy card,Energia kártya,
energy_extra_energy_card_subtitle,string,,Data sources and card appearance,Adatforrások és a kártya megjelenése,
energy_extra_card_and_data,string,,Card and data,Kártya és adatok,
energy_extra_energy_stack,string,,Energy stack,Energia verem,
energy_extra_energy_stack_subtitle,string,,"Cards, data sources, and layout","Kártyák, adatforrások és elrendezés",
energy_extra_cards_and_data,string,,Cards and data,Kártyák és adatok,
events_tab,string,,Events,Események,
events_empty,string,,No events yet,Még nincsenek események,
events_empty_hint,string,,Recent activity for the entities your family admin added to the timeline appears here.,Itt jelennek meg a családi rendszergazdája által az idővonalhoz hozzáadott entitások legutóbbi tevékenységei.,
events_not_configured,string,,No events are being tracked,Nincsenek események nyomon követése,
events_not_configured_admin,string,,Choose which entities appear here in Settings › Family Sharing › Events.,"Válassza ki, hogy mely entitások jelenjenek meg itt a Beállítások › Családi megosztás › Események menüpontban.",
events_not_configured_member,string,,Your family admin decides which entities appear here.,"A családi rendszergazda dönti el, hogy mely entitások jelenjenek meg itt.",
events_unavailable,string,,The event timeline needs HKI 7 Cloud %1$s.,Az esemény idővonalához HKI 7 Cloud %1$s szükséges.,keep %1$s; don't translate HKI 7 Cloud
events_set_up_button,string,,Choose entities,Válasszon entitásokat,
events_no_matches,string,,No matching events,Nincs egyező esemény,
events_loading,string,,Loading events…,Események betöltése…,
events_today,string,,Today,Ma,
events_yesterday,string,,Yesterday,Tegnap,
events_by,string,,by %1$s,szerző: %1$s,keep %1$s
events_filter_all,string,,All,Minden,
event_category_door,string,,Doors,Ajtók,
event_category_window,string,,Windows,Windows,
event_category_motion,string,,Motion,Mozgás,
event_category_moisture,string,,Water,Víz,
event_category_safety,string,,Smoke & gas,Füst és gáz,
event_category_problem,string,,Problems,Problémák,
event_category_battery,string,,Batteries,Elemek,
event_category_connectivity,string,,Connectivity,Kapcsolódás,
event_category_light,string,,Lights,Fények,
event_category_switch,string,,Switches,Kapcsolók,
event_category_lock,string,,Locks,Zárak,
event_category_cover,string,,Covers,Borítók,
event_category_climate,string,,Climate,Éghajlat,
event_category_presence,string,,People,Emberek,
event_category_alarm,string,,Alarm,Riasztás,
event_category_media,string,,Media,Média,
event_category_vacuum,string,,Vacuum,Vákuum,
event_category_automation,string,,Automations,Automatizálások,
event_category_sensor,string,,Sensors,Érzékelők,
event_verb_opened,string,,was opened,megnyitották,
event_verb_closed,string,,was closed,zárva volt,
event_verb_opening,string,,is opening,nyílik,
event_verb_closing,string,,is closing,bezár,
event_verb_locked,string,,was locked,zárva volt,
event_verb_unlocked,string,,was unlocked,fel volt oldva,
event_verb_motion_detected,string,,detected motion,mozgást észlelt,
event_verb_motion_cleared,string,,stopped detecting motion,leállt a mozgás érzékelése,
event_verb_moisture_detected,string,,detected moisture,nedvességet észlelt,
event_verb_moisture_cleared,string,,is dry again,ismét száraz,
event_verb_alarm_detected,string,,raised an alarm,riasztani,
event_verb_alarm_cleared,string,,cleared,tisztázva,
event_verb_problem_detected,string,,reported a problem,problémát jelentett,
event_verb_problem_cleared,string,,is back to normal,visszatért a normális kerékvágásba,
event_verb_battery_low,string,,reported a low battery,lemerült akkumulátorról számolt be,
event_verb_battery_normal,string,,has a healthy battery again,újra egészséges akkuja van,
event_verb_connected,string,,came online,online jött,
event_verb_disconnected,string,,went offline,offline állapotba került,
event_verb_turned_on,string,,was turned on,be volt kapcsolva,
event_verb_turned_off,string,,was turned off,ki volt kapcsolva,
event_verb_detected,string,,was triggered,váltott ki,
event_verb_cleared,string,,cleared,tisztázva,
event_verb_arrived_home,string,,arrived home,hazaérkezett,
event_verb_left_home,string,,left home,elment otthonról,
event_verb_arrived_at,string,,arrived at %1$s,megérkezett ide: %1$s,keep %1$s
event_verb_disarmed,string,,was disarmed,le volt fegyverezve,
event_verb_armed,string,,was armed,fel volt fegyverkezve,
event_verb_arming,string,,is arming,élesít,
event_verb_pending,string,,is counting down,visszaszámlál,
event_verb_triggered,string,,was triggered,váltott ki,
event_verb_set_to,string,,was set to %1$s,a következőre lett állítva: %1$s,keep %1$s
event_verb_started_cleaning,string,,started cleaning,takarításba kezdett,
event_verb_returning_to_dock,string,,is returning to its dock,visszatér a dokkjába,
event_verb_docked,string,,docked,dokkolt,
event_verb_started_playing,string,,started playing,játszani kezdett,
event_verb_paused,string,,was paused,szüneteltették,
event_verb_stopped,string,,stopped,megállt,
event_verb_generic,string,,changed to %1$s,módosítva erre: %1$s,keep %1$s
ui_0f_s_788ca6f,string,,%.0f %s,%.0f %s,keep %.0f %s
ui_1_advanced_shorthand_block_kept_unchanged_d4dcbd7,string,,1 advanced shorthand block (kept unchanged),1 speciális gyorsírási blokk (változatlanul megtartva),
ui_1f_16b5d7d,string,,%.1f,%.1f,keep %.1f
ui_1f_b07a377,string,,%.1f°,%.1f°,keep %.1f
ui_1f_c_5b83308,string,,%.1f °C,%.1f °C,keep %.1f
ui_1f_kwh_507c039,string,,%.1f kWh,%.1f kWh,keep %.1f
ui_1f_kwh_self_used_b4798a5,string,, · %%.1f kWh self-used (%1$s%%%%),· %%.1f kWh saját használatú (%1$s%%%%),keep %1$s; keep the space at the start/end
ui_1f_of_1f_kwh_d_00c25f6,string,,%.1f of %.1f kWh · %d%%,%.1f / %.1f kWh · %d%%,keep %.1f %d
ui_1f_s_0cafc63,string,,%.1f %s,%.1f %s,keep %.1f %s
ui_24_hour_format_b195a8f,string,,24-Hour Format,24 órás formátum,
ui_2f_kwh_76c1688,string,,%.2f kWh,%.2f kWh,keep %.2f
ui_a_fast_auto_generating_dashboard_for_home_assistant_let_0fad4a9,string,,"A fast, auto-generating dashboard for Home Assistant\nLet's connect to your server.","Gyors, automatikusan generáló irányítópult a Home Assistant számára\nCsatlakozzunk a szerveredhez.",don't translate Home Assistant; \n = line break
ui_a_modern_touch_first_android_dashboard_and_companion_for_814cbdb,string,,"A modern, touch-first Android dashboard and companion for Home Assistant.","Modern, érintőképernyős Android-műszerfal és társ a Home Assistant számára.",don't translate Home Assistant
ui_about_6b21fb7,string,,About,Körülbelül,
ui_accidental_touch_protection_e2683f4,string,,Accidental-touch protection,Véletlen érintés elleni védelem,
ui_account_85dfa32,string,,Account,fiók,
ui_action_49924bc,string,,%1$s action,%1$s művelet,keep %1$s
ui_action_97c89a4,string,,Action,Akció,
ui_action_data_e5a7704,string,,Action data,Műveleti adatok,
ui_action_data_object_8850c05,string,,Action data object,Művelet adatobjektum,
ui_action_details_d623b1c,string,,Action details,A művelet részletei,
ui_active_0af2854,string,,%1$s · %2$s active,%1$s · %2$s aktív,keep %1$s %2$s
ui_active_25ff32f,string,,%1$s/%2$s active,%1$s/%2$s aktív,keep %1$s %2$s
ui_active_a733b80,string,,Active,Aktív,
ui_active_c7260b5,string,,%1$s%% • ACTIVE,%1$s%% • AKTÍV,keep %1$s
ui_active_connection_54db7a1,string,,Active connection,Aktív kapcsolat,
ui_activity_81c0d91,string,,Activity,Tevékenység,
ui_activity_indication_and_collapsing_0764a94,string,,Activity indication and collapsing,Tevékenység jelzése és összecsukása,
ui_adapt_now_c30eb08,string,,Adapt now,Alkalmazkodj most,
ui_adaptive_lighting_7587880,string,,Adaptive lighting,Adaptív világítás,
ui_adaptive_lighting_e2cffbd,string,,Adaptive Lighting,Adaptív világítás,
ui_adaptive_lighting_is_unavailable_6b9ada3,string,,Adaptive Lighting is unavailable,Az adaptív világítás nem érhető el,
ui_add_016df71,string,,Add (%1$s),Hozzáadás (%1$s),keep %1$s
ui_add_4_10_entity_buttons_to_this_dialog_s_cdedf23,string,,Add 4–10 entity buttons to this dialog's nav bar.,Adjon hozzá 4–10 entitásgombot a párbeszédpanel navigációs sávjához.,
ui_add_61cc55a,string,,Add,Hozzáadás,
ui_add_and_edit_each_chart_in_this_stack_0c0cb11,string,,Add and edit each chart in this stack,Adjon hozzá és szerkesszen minden diagramot ebben a veremben,
ui_add_at_least_one_step_3620909,string,,Add at least one step,Adjon hozzá legalább egy lépést,
ui_add_button_3d7db43,string,,Add button,Hozzáadás gomb,
ui_add_camera_cf03528,string,,Add Camera,Kamera hozzáadása,
ui_add_carrier_device_7945283,string,,Add carrier device,Szolgáltatói eszköz hozzáadása,
ui_add_current_network_64cabf3,string,,"Add current network ""%1$s""","A jelenlegi hálózat hozzáadása ""%1$s""",keep %1$s
ui_add_custom_buttons_83a0768,string,,Add Custom Buttons,Egyéni gombok hozzáadása,
ui_add_custom_camera_url_aab29ef,string,,Add Custom Camera URL,Egyéni kamera URL hozzáadása,
ui_add_entities_333152e,string,,Add entities,Entitások hozzáadása,
ui_add_entity_f99dc1d,string,,Add entity,Entitás hozzáadása,
ui_add_every_integration_account_that_should_contribute_parce_ce58afb,string,,Add every integration account that should contribute parcels,"Adjon hozzá minden olyan integrációs fiókot, amelynek hozzá kell adnia a csomagokat",
ui_add_floor_63c715d,string,,Add Floor,Emelet hozzáadása,
ui_add_graph_079e4ca,string,,Add graph,Grafikon hozzáadása,
ui_add_home_assistant_a6ccea8,string,,Add Home Assistant,Home Assistant hozzáadása,don't translate Home Assistant
ui_add_home_assistant_instance_625838a,string,,Add Home Assistant instance,Home Assistant példány hozzáadása,don't translate Home Assistant
ui_add_individual_water_meters_to_compare_their_usage_daec0de,string,,Add individual water meters to compare their usage.,Adjon hozzá egyedi vízmérőket a használatuk összehasonlításához.,
ui_add_instance_step_df337b3,string,,add_instance_step,add_példány_lépés,
ui_add_more_for_a_full_row_ed977e3,string,,Add %1$s more for a full row.,Adjon hozzá még %1$s egy teljes sort.,keep %1$s
ui_add_one_focused_card_c2f2ed8,string,,Add one focused card,Adjon hozzá egy fókuszált kártyát,
ui_add_or_edit_entities_b59919b,string,,Add or edit entities,Entitások hozzáadása vagy szerkesztése,
ui_add_parcel_82c0bf8,string,,Add parcel,Csomag hozzáadása,
ui_add_parcel_bde8afb,string,,Add Parcel,Csomag hozzáadása,
ui_add_room_5a95991,string,,Add Room,Szoba hozzáadása lehetőségre,
ui_add_sensors_d6df16f,string,,Add sensors,Érzékelők hozzáadása,
ui_add_to_cd52e85,string,,Add to %1$s,Hozzáadás ehhez: %1$s,keep %1$s
ui_add_widget_a9df350,string,,Add Widget,Widget hozzáadása,
ui_add_widget_dd4416e,string,,Add widget,Widget hozzáadása,
ui_adding_ffb2e62,string,,Adding…,Hozzáadás…,
ui_admin_b38222e,string,,%1$s (admin),%1$s (adminisztrátor),keep %1$s
ui_administrative_controls_for_your_home_assistant_server_e56ebd9,string,,Administrative controls for your Home Assistant server,Felügyeleti vezérlők a Home Assistant szerverhez,don't translate Home Assistant
ui_advanced_4d06472,string,,Advanced,Fejlett,
ui_advanced_action_data_json_622e363,string,,Advanced action data (JSON),Speciális műveletadatok (JSON),
ui_advanced_shorthand_blocks_kept_unchanged_aa253ae,string,,%1$s advanced shorthand blocks (kept unchanged),%1$s speciális gyorsírási blokkok (változatlanul tartva),keep %1$s
ui_aesthetic_changes_only_f31f444,string,,Aesthetic changes only,Csak esztétikai változtatások,
ui_aggregate_carriers_eae26c7,string,,Aggregate carriers,Összesített hordozók,
ui_agree_ee68d34,string,,Agree,Egyetért,
ui_air_circulating_273e82b,string,,Air circulating,Levegő kering,
ui_air_circulation_devices_a14e95d,string,,Air circulation devices,Levegőkeringtető berendezések,
ui_air_cleaning_devices_4364277,string,,Air cleaning devices,Légtisztító készülékek,
ui_air_purifiers_476147b,string,,Air purifiers,Légtisztítók,
ui_air_purifiers_are_fan_entities_in_home_assistant_so_3fa4fdb,string,,"Air purifiers are fan entities in Home Assistant, so they can't be auto-detected. Select yours here.","A légtisztítók ventilátorok a Home Assistant-ban, ezért nem észlelhetők automatikusan. Válassza ki a sajátját itt.",don't translate Home Assistant
ui_airphase_1f2d2b6,string,,airPhase,airPhase,
ui_alarm_25f8c55,string,,Alarm,Riasztás,
ui_alarm_entities_b462ba5,string,,Alarm entities,Riasztási entitások,
ui_alarm_pending_e2c04aa,string,,Alarm pending,Riasztás függőben,
ui_alarm_triggered_641ff6f,string,,Alarm triggered,Riasztás bekapcsolva,
ui_alarm_unavailable_867909b,string,,Alarm unavailable,Riasztás nem elérhető,
ui_alignment_7f8c517,string,,Alignment,Igazítás,
ui_all_6a72085,string,,All,Minden,
ui_all_batteries_ok_9676f73,string,,All batteries OK,Minden elem OK,
ui_all_calendar_entities_bffb01d,string,,All calendar entities,Minden naptári entitás,
ui_all_levels_6b4fde3,string,,All levels,Minden szinten,
ui_all_off_97b7833,string,,All off,Minden kikapcsolva,
ui_all_thermostats_59c8297,string,,All thermostats,Minden termosztát,
ui_all_types_30c8a0f,string,,All types,Minden típus,
ui_allow_all_the_time_d91ab85,string,,Allow All The Time,Engedélyezze minden alkalommal,
ui_allow_editing_24f2b54,string,,Allow editing,Szerkesztés engedélyezése,
ui_allow_theme_colors_icons_names_and_wallpaper_but_not_efc8a97,string,,"Allow theme, colors, icons, names and wallpaper — but not adding or removing widgets, buttons or rooms","Témák, színek, ikonok, nevek és háttérképek engedélyezése – de nem lehet widgetek, gombok vagy szobák hozzáadása vagy eltávolítása",
ui_always_a91bcce,string,,Always,Mindig,
ui_an_admin_can_share_one_dashboard_with_the_whole_5a5434d,string,,"An admin can share one dashboard with the whole family so everyone gets the same layout. To use it, an admin needs to install the HKI 7 Cloud component and share a dashboard first.","Egy adminisztrátor megoszthat egy irányítópultot az egész családdal, így mindenki ugyanazt az elrendezést kapja. A használatához az adminisztrátornak telepítenie kell a HKI 7 Cloud összetevőt, és először meg kell osztania egy irányítópultot.",don't translate HKI 7 Cloud
ui_an_admin_needs_to_install_the_hki_7_cloud_0e9241b,string,,An admin needs to install the HKI 7 Cloud component and share a dashboard first.,"Az adminisztrátornak először telepítenie kell a HKI 7 Cloud összetevőt, és meg kell osztania egy irányítópultot.",don't translate HKI 7 Cloud
ui_android_location_permission_2ff3839,string,,Android Location Permission,Android helymeghatározási engedély,
ui_animated_icons_aa39cfe,string,,Animated icons,Animált ikonok,
ui_animation_62afd21,string,,Animation,Animáció,
ui_announced_letter_3a7ac05,string,,Announced letter,Bejelentett levél,
ui_any_state_c7274cb,string,,Any state,Bármilyen állam,
ui_appearance_41def7a,string,,Appearance,Megjelenés,
ui_applies_to_all_dashboard_buttons_widgets_stacks_rooms_and_9715deb,string,,"Applies to all dashboard buttons, widgets, stacks, rooms, and cards.","Az összes irányítópult-gombra, widgetre, halomra, szobára és kártyára vonatkozik.",
ui_apply_cfea419,string,,Apply,Alkalmazni,
ui_archived_eddc813,string,,Archived,Archivált,
ui_are_you_sure_you_want_to_clear_battery_config_3e19f24,string,,Are you sure you want to clear battery config?,Biztosan törli az akkumulátor konfigurációját?,
ui_armed_32caa31,string,,Armed,Fegyveres,
ui_armed_away_6834abf,string,,Armed away,Felfegyverkezve,
ui_armed_home_c8d0b44,string,,Armed home,Fegyveres otthon,
ui_armed_night_80659bd,string,,Armed night,Fegyveres éjszaka,
ui_arming_in_seconds_b9e07a8,string,,Arming in %1$s seconds,Élesítés %1$s másodpercen belül,keep %1$s
ui_aspect_ratio_4e077cf,string,,Aspect ratio,Képarány,
ui_aspect_ratio_used_by_every_stream_275bb52,string,,Aspect ratio used by every stream,Minden adatfolyam által használt képarány,
ui_astronomical_tap_or_swipe_683fe28,string,,Astronomical · tap or swipe,Csillagászati · Koppintson vagy csúsztassa az ujját,
ui_at_target_6a8dbb5,string,,At target,A célban,
ui_auto_c614ba7,string,,Auto,Auto,
ui_auto_dashboard_c7a509a,string,,Auto dashboard,Automatikus műszerfal,
ui_auto_discovered_e0643da,string,,Auto-discovered,Automatikusan felfedezve,
ui_auto_generate_0f86c24,string,,Auto Generate,Automatikus generálás,
ui_auto_generate_1502534,string,,Auto generate,Automatikus generálás,
ui_auto_generation_is_a_one_time_starting_point_the_6b317fe,string,,"Auto generation is a one-time starting point. The Home page starts empty in either mode, and you can re-import Home Assistant data later from individual views.","Az automatikus generálás egyszeri kiindulópont. A kezdőlap mindkét módban üresen kezdődik, és később az egyes nézetekből újra importálhatja a Home Assistant adatokat.",don't translate Home Assistant
ui_auto_manual_342b68e,string,,Auto + %1$s manual,Auto + %1$s manuális,keep %1$s
ui_auto_none_f606e9b,string,,Auto / none,Automatikus / nincs,
ui_auto_scan_150eb4b,string,,Auto-scan,Automatikus keresés,
ui_auto_unavailable_33737ba,string,,Auto / unavailable,Automatikus / nem elérhető,
ui_automatic_cloud_backup_494d882,string,,Automatic cloud backup,Automatikus felhőalapú biztonsági mentés,
ui_automatic_configuration_only_battery_class_percentage_sens_ce9ab03,string,,Automatic configuration: only battery-class percentage sensors are included.,Automatikus konfiguráció: csak az akkumulátor osztályú százalékos érzékelőket tartalmazza.,
ui_automatic_local_cloud_backup_7aef407,string,,Automatic local cloud backup,Automatikus helyi felhőalapú biztonsági mentés,
ui_automatic_paging_and_transition_style_792709a,string,,Automatic paging and transition style,Automatikus lapozás és átmenet stílus,
ui_automatically_backs_up_your_dashboard_and_appearance_setti_cd89812,string,,"Automatically backs up your dashboard and appearance settings to your own Home Assistant every day, so you can restore them any time. Requires the HKI 7 Cloud custom component (install it via HACS).","Minden nap automatikusan biztonsági másolatot készít az irányítópult- és megjelenési beállításokról a saját Home Assistant-ra, így bármikor visszaállíthatja azokat. Szükséges a HKI 7 Cloud egyéni komponens (telepítés HACS-en keresztül).","don't translate HKI 7 Cloud, Home Assistant"
ui_automation_a15fde5,string,,Automation,Automatizálás,
ui_automations_even_when_the_app_is_closed_or_not_d27e5b1,string,,"automations, even when the app is closed or not in use.\n\n","automatizálások, még akkor is, ha az alkalmazás be van zárva, vagy nincs használatban.",\n = line break
ui_autoplay_95619b5,string,,Autoplay,Automatikus lejátszás,
ui_average_93a8018,string,,average,átlagos,
ui_azimuth_d2fbdb3,string,,Azimuth,Azimut,
ui_back_b52b36b,string,,Back,Vissza,
ui_back_up_now_527bf1a,string,,Back up now,Vissza most,
ui_background_image_url_or_path_dfc4908,string,,Background image (URL or path),Háttérkép (URL vagy elérési út),
ui_background_location_5f56f21,string,,Background location,Háttérben található hely,
ui_background_notifications_563a463,string,,Background notifications,Háttérértesítések,
ui_background_usage_fd8ed73,string,,Background Usage,Háttérhasználat,
ui_backing_up_f600558,string,,Backing up…,Biztonsági mentés…,
ui_backspace_88d130a,string,,Backspace,Backspace,
ui_backup_and_restore_a593246,string,,Backup and Restore,Biztonsági mentés és visszaállítás,
ui_backup_dd96994,string,,Backup,Biztonsági mentés,
ui_backups_contain_dashboard_and_appearance_configuration_onl_d5856be,string,,"Backups contain dashboard and appearance configuration only. Connection details, app permissions, location state, and notification history are not included.","A biztonsági másolatok csak az irányítópultot és a megjelenés konfigurációját tartalmazzák. A kapcsolat részleteit, az alkalmazásengedélyeket, a hely állapotát és az értesítési előzményeket nem tartalmazza.",
ui_badge_bar_layout_4b4dfdd,string,,Badge bar layout,Jelvénysáv elrendezése,
ui_bars_ad5fb3b,string,,Bars,Bárok,
ui_batt_679d0aa,string,,Batt,Batt,
ui_batteries_0970f9d,string,,Batteries,Elemek,
ui_battery_4a9be04,string,,Battery,Akkumulátor,
ui_battery_74dff99,string,,Battery: %1$s,Akkumulátor: %1$s,keep %1$s
ui_battery_attention_0feaa08,string,,battery-attention,akkumulátor-figyelem,
ui_battery_battery_notes_only_14e5936,string,,Battery+ / Battery Notes only,Akkumulátor+ / Csak akkumulátorral kapcsolatos megjegyzések,
ui_battery_energy_25638f8,string,,battery-energy,akkumulátor-energia,
ui_battery_entities_visible_9299588,string,,%1$s battery entities visible,%1$s akkumulátor entitások láthatók,keep %1$s
ui_battery_fill_8b6793e,string,,battery-fill,akkumulátor-töltés,
ui_battery_health_12c0ce4,string,,BATTERY HEALTH,AZ AKKUMULÁTOR EGÉSZSÉGE,
ui_battery_health_8cc8e64,string,,BATTERY+ HEALTH,AKKUMULÁTOR+ EGÉSZSÉG,
ui_battery_level_is_healthy_1de4c4f,string,,Battery level is healthy,Az akkumulátor töltöttségi szintje egészséges,
ui_battery_levels_7c61b65,string,,Battery Levels,Az akkumulátor töltöttségi szintje,
ui_battery_optimization_7676ca5,string,,Battery Optimization,Akkumulátor optimalizálás,
ui_battery_orbit_9aa5d8c,string,,battery-orbit,akkumulátor-pálya,
ui_battery_rules_be75b3c,string,,Battery rules,Az akkumulátorra vonatkozó szabályok,
ui_battery_sensor_optional_0e261e6,string,,Battery sensor (optional),Akkumulátor érzékelő (opcionális),
ui_behavior_70cb647,string,,Behavior,Viselkedés,
ui_birthday_yyyy_mm_dd_d1a9b03,string,,Birthday (YYYY-MM-DD),Születésnap (ÉÉÉÉ-HH-NN),
ui_bold_100_1b94255,string,,Bold (+100),Félkövér (+100),
ui_bolder_200_9cc5d65,string,,Bolder (+200),Merészebb (+200),
ui_boldest_300_c5a490d,string,,Boldest (+300),Legmerészebb (+300),
ui_boldness_10b6938,string,,Boldness · %1$s,Merészség · %1$s,keep %1$s
ui_brand_and_third_party_work_8d6d517,string,,Brand and third-party work,Márka és harmadik féltől származó munka,
ui_brightness_222d6d5,string,,%1$s brightness,%1$s fényerő,keep %1$s
ui_brightness_8e06ad0,string,,BRIGHTNESS,FÉNYESSÉG,
ui_brightness_slider_a427c80,string,,Brightness slider,Fényerő csúszka,
ui_build_the_interface_entirely_your_way_e94582f,string,,Build the interface entirely your way.,Építse fel a felületet teljesen saját maga.,
ui_building_your_dashboard_2943961,string,,Building your dashboard,Az irányítópult felépítése,
ui_built_in_20f409c,string,,Built-in,Beépített,
ui_button_794145f,string,,Button,Gomb,
ui_button_image_2483e32,string,,Button image,Gomb képe,
ui_button_lock_28d87b1,string,,Button lock,Gombzár,
ui_button_stack_ee9e7f8,string,,Button Stack,Gombhalom,
ui_button_type_890a578,string,,Button type,Gomb típusa,
ui_buttons_available_from_this_person_s_detail_dialog_ab3f9f9,string,,Buttons available from this person's detail dialog,A személy részletes párbeszédpaneljéből elérhető gombok,
ui_c_286a95c,string,,%1$s %2$s°C,%1$s %2$s°C,keep %1$s %2$s
ui_c_3d3c16f,string,,%1$s - %2$s°C,%1$s - %2$s°C,keep %1$s %2$s
ui_c_a178665,string,,°C,°C,
ui_calendar_content_1f185c8,string,,Calendar content,A naptár tartalma,
ui_calendars_9444501,string,,Calendars,Naptárak,
ui_camera_4da9c9a,string,,Camera,Kamera,
ui_camera_aspect_ratio_928bf09,string,,Camera aspect ratio,Kamera képarány,
ui_camera_display_20a9c82,string,,Camera display,Kamera kijelző,
ui_camera_feed_cc1f19e,string,,Camera Feed,Kamera feed,
ui_camera_page_6b1987b,string,,camera_page,kamera_oldal,
ui_camera_stack_645ea0f,string,,Camera Stack,Kamera verem,
ui_camera_url_0eebe87,string,,Camera URL,Kamera URL,
ui_cameras_d3daff3,string,,Cameras,Fényképezőgépek,
ui_camerascan_00bd2cb,string,,cameraScan,cameraScan,
ui_can_t_reach_the_server_73079bd,string,,Can't reach the server,Nem lehet elérni a szervert,
ui_cancel_77dfd21,string,,Cancel,Mégsem,
ui_cancel_arming_5d383c8,string,,Cancel arming,Élesítés megszakítása,
ui_card_4d4ce73,string,,Card,Kártya,
ui_card_data_4a42176,string,,Card & data,Kártya és adatok,
ui_card_entities_e548a55,string,,Card & entities,Kártya és entitások,
ui_card_layout_f83b655,string,,Card layout,Kártya elrendezés,
ui_card_settings_1a3b62a,string,,Card settings,Kártya beállítások,
ui_card_shape_and_width_0d513f7,string,,Card shape and width,A kártya formája és szélessége,
ui_card_shape_width_and_background_e4aff1c,string,,"Card shape, width, and background","Kártya alakja, szélessége és háttere",
ui_card_size_shape_and_background_df75707,string,,"Card size, shape, and background","A kártya mérete, alakja és háttere",
ui_card_width_icon_and_styling_de70fd8,string,,"Card width, icon, and styling","A kártya szélessége, ikonja és stílusa",
ui_card_width_shape_icon_and_background_c3695b5,string,,"Card width, shape, icon, and background","A kártya szélessége, alakja, ikonja és háttere",
ui_cards_0f830bc,string,,Cards,Kártyák,
ui_cards_data_a33e044,string,,Cards & data,Kártyák és adatok,
ui_cards_entities_be4393a,string,,Cards & entities,Kártyák és entitások,
ui_carrier_accounts_20ad36c,string,,Carrier accounts,Szolgáltatói számlák,
ui_carrier_devices_9927ae1,string,,Carrier devices,Hordozó eszközök,
ui_carrier_display_name_optional_5ca06fc,string,,Carrier display name (optional),Szolgáltató megjelenített neve (nem kötelező),
ui_center_adapt_now_and_pause_buttons_81074b2,string,,Center Adapt now and Pause buttons,Középen az Alkalmazkodás most és a Szünet gombok,
ui_change_64fbd99,string,,Change,Változás,
ui_change_avatar_image_217fbce,string,,Change avatar image,Avatar kép módosítása,
ui_changing_mode_3da68b4,string,,Changing mode,Módváltás,
ui_charge_flow_ceb6c62,string,,Charge & flow,Töltés és áramlás,
ui_chart_66c7734,string,,Chart,Diagram,
ui_checking_for_shared_dashboards_5f2f823,string,,Checking for shared dashboards…,Megosztott irányítópultok keresése…,
ui_checking_for_the_hki_7_cloud_component_c76112a,string,,Checking for the HKI 7 Cloud component…,A HKI 7 Cloud összetevő keresése…,don't translate HKI 7 Cloud
ui_choose_78b7c9f,string,,Choose,Válasszon,
ui_choose_a_different_server_47e6ce6,string,,Choose a different server,Válasszon másik szervert,
ui_choose_a_side_when_the_badge_bar_is_split_6e3c73d,string,,Choose a side when the badge bar is split,"Válasszon egy oldalt, amikor a jelvénysáv osztott",
ui_choose_a_state_7ab7191,string,,Choose a state,Válasszon államot,
ui_choose_a_visual_home_assistant_block_e7c8652,string,,Choose a visual Home Assistant block,Válasszon egy vizuális Home Assistant blokkot,don't translate Home Assistant
ui_choose_action_cf9c80e,string,,Choose action,Válasszon műveletet,
ui_choose_an_action_e82323b,string,,Choose an action,Válasszon egy műveletet,
ui_choose_an_entity_00fd1cc,string,,Choose an entity,Válasszon egy entitást,
ui_choose_an_entity_first_d59e681,string,,Choose an entity first,Először válasszon egy entitást,
ui_choose_an_expanded_or_compact_dashboard_header_815902d,string,,Choose an expanded or compact dashboard header,Válasszon kibővített vagy kompakt irányítópult-fejlécet,
ui_choose_avatar_image_bcd5b00,string,,Choose avatar image,Válassz avatar képet,
ui_choose_between_the_full_header_and_a_compact_navigation_90ec55e,string,,Choose between the full header and a compact navigation bar,Válasszon a teljes fejléc és a kompakt navigációs sáv között,
ui_choose_entity_31b0424,string,,Choose entity,Válasszon entitást,
ui_choose_how_this_phone_or_tablet_appears_in_home_419da67,string,,Choose how this phone or tablet appears in Home Assistant,"Válassza ki, hogyan jelenjen meg ez a telefon vagy táblagép itt: Home Assistant",don't translate Home Assistant
ui_choose_icon_b0047ce,string,,Choose icon,Válassza ki az ikont,
ui_choose_included_cards_and_shared_entity_overrides_a507343,string,,Choose included cards and shared entity overrides,Válassza ki a mellékelt kártyákat és a megosztott entitásfelülbírálásokat,
ui_choose_included_views_and_shared_entity_overrides_41f2e64,string,,Choose included views and shared entity overrides,Válasszon belefoglalt nézeteket és megosztott entitásfelülbírálásokat,
ui_choose_one_or_more_carrier_devices_in_widget_settings_100a4ca,string,,Choose one or more carrier devices in widget settings.,Válasszon ki egy vagy több szolgáltatóeszközt a modulbeállításokban.,
ui_choose_person_entity_977db64,string,,Choose person entity,Válasszon személy entitást,
ui_choose_the_climate_view_and_optional_entity_overrides_a69cbbc,string,,Choose the climate view and optional entity overrides,Válassza ki az éghajlati nézetet és a választható entitásfelülbírálásokat,
ui_choose_the_energy_view_and_override_its_entities_if_523c3be,string,,Choose the energy view and override its entities if needed,"Válassza ki az energianézetet, és szükség esetén írja felül az entitásokat",
ui_choose_the_entity_and_card_content_8bde89a,string,,Choose the entity and card content,Válassza ki az entitást és a kártya tartalmát,
ui_choose_the_home_assistant_entities_that_drive_this_room_53a4061,string,,Choose the Home Assistant entities that drive this room's live indicators. Indicators only appear while they are active.,"Válassza ki azokat a Home Assistant entitásokat, amelyek ennek a helyiségnek az élő jelzéseit irányítják. A jelzőfények csak aktív állapotban jelennek meg.",don't translate Home Assistant
ui_choose_the_home_assistant_shown_in_hki_7_b29bc26,string,,Choose the Home Assistant shown in HKI 7,"Válassza ki a Home Assistant, amely a HKI 7-ban látható","don't translate Home Assistant, HKI 7"
ui_choose_the_player_and_dashboard_label_7fa88ba,string,,Choose the player and dashboard label,Válassza ki a lejátszó és a műszerfal címkéjét,
ui_choose_the_profile_for_this_light_d8c7bae,string,,Choose the profile for this light,Válassza ki a profilt ehhez a lámpához,
ui_choose_the_sensors_plotted_together_3bc1663,string,,Choose the sensors plotted together,Válassza ki az együtt ábrázolt érzékelőket,
ui_choose_the_source_and_when_a_battery_is_considered_0b993df,string,,Choose the source and when a battery is considered low,"Válassza ki a forrást és azt, hogy mikor tekinthető alacsonynak az akkumulátor",
ui_choose_what_tap_double_tap_and_hold_should_do_0bbe9c8,string,,"Choose what tap, double tap, and hold should do","Válassza ki, mit tegyen a koppintás, a dupla koppintás és a hosszan tartás",
ui_choose_what_this_action_should_control_7ebe4ab,string,,Choose what this action should control,"Válassza ki, hogy ez a művelet mit irányítson",
ui_choose_what_this_badge_summarizes_a7af7e6,string,,Choose what this badge summarizes,"Válassza ki, mit foglal össze ez a jelvény",
ui_choose_what_this_header_pill_shows_0bbdbc2,string,,Choose what this header pill shows,"Válassza ki, hogy mit jelenítsen meg ez a fejléc",
ui_choose_where_to_restore_the_dashboard_configuration_from_bb40b34,string,,Choose where to restore the dashboard configuration from.,"Válassza ki, honnan szeretné visszaállítani az irányítópult konfigurációját.",
ui_choose_whether_this_person_appears_in_the_home_header_49f0ec2,string,,Choose whether this person appears in the Home header,"Válassza ki, hogy ez a személy megjelenjen-e a Kezdőlap fejlécben",
ui_choose_which_profiles_this_widget_can_control_2cd9b2b,string,,Choose which profiles this widget can control,"Válassza ki, hogy ez a modul mely profilokat vezérelheti",
ui_choose_who_can_see_this_dashboard_they_can_import_2f5e49d,string,,Choose who can see this dashboard. They can import it into their own app.,"Válassza ki, hogy ki láthatja ezt az irányítópultot. Importálhatják a saját alkalmazásukba.",
ui_choose_your_dashboard_1ec85e9,string,,Choose your dashboard,Válassza ki az irányítópultját,
ui_clean_rooms_4dc67ab,string,,Clean rooms,Tiszta szobák,
ui_clean_selected_43d8dd5,string,,Clean selected,Tisztítás kiválasztva,
ui_clear_719ea39,string,,Clear,Világos,
ui_clear_battery_config_d8854f7,string,,Clear battery config?,Törli az akkumulátor konfigurációját?,
ui_clear_battery_view_1952347,string,,Clear battery view?,Törli az akkumulátor nézetet?,
ui_clear_battery_view_5ef09bf,string,,Clear Battery View,Az akkumulátor nézet törlése,
ui_clear_climate_view_48e8a5e,string,,Clear Climate View,Tiszta klímanézet,
ui_clear_climate_view_9a1339c,string,,Clear climate view?,Tiszta klímakép?,
ui_clear_config_51f6330,string,,Clear config,Konfiguráció törlése,
ui_clear_energy_view_401c166,string,,Clear Energy View,Tiszta energianézet,
ui_clear_energy_view_d577bb7,string,,Clear energy view?,Tiszta energianézet?,
ui_clear_filters_4122267,string,,Clear filters,Tiszta szűrők,
ui_clear_rooms_view_87a43ca,string,,Clear Rooms View,Tiszta szoba kilátás,
ui_clear_rooms_view_f1d0d72,string,,Clear rooms view?,Tiszta kilátás a szobákra?,
ui_clear_search_67300d0,string,,Clear search,Keresés törlése,
ui_clear_security_view_219e25b,string,,Clear Security View,Biztonsági nézet törlése,
ui_clear_security_view_48790f7,string,,Clear security view?,Törli a biztonsági nézetet?,
ui_clear_selection_247fd63,string,,Clear selection,Kiválasztás törlése,
ui_climate_4857860,string,,Climate,Éghajlat,
ui_climate_cards_f4996fd,string,,Climate Cards,Klímakártyák,
ui_climate_devices_are_found_automatically_add_extra_entities_5ebd8b7,string,,Climate devices are found automatically; add extra entities here if any are missing.,"A klímaberendezések automatikusan megtalálhatók; adjon hozzá további entitásokat, ha hiányzik.",
ui_climate_dialog_control_add9f2b,string,,Climate dialog control,Klíma párbeszéd vezérlés,
ui_climate_sources_take_priority_and_use_their_current_temper_5dbcde3,string,,Climate sources take priority and use their current_temperature and current_humidity values. ,"Az éghajlati források elsőbbséget élveznek, és az aktuális_hőmérséklet és jelenlegi_nedvesség értékeit használják.",keep the space at the start/end
ui_climate_stack_cards_dcff178,string,,Climate Stack Cards,Climate Stack kártyák,
ui_climate_summary_4686577,string,,Climate summary,Klíma összefoglaló,
ui_climatedooropen_026f1c8,string,,climateDoorOpen,klímaDoorOpen,
ui_climatehouse_9c0637a,string,,climateHouse,klímaHáz,
ui_climatewindowopen_9b0794a,string,,climateWindowOpen,klímaWindowOpen,
ui_close_bbfa773,string,,Close,Közeli,
ui_cloud_backup_is_off_71dfae1,string,,Cloud backup is off,A felhőalapú biztonsági mentés ki van kapcsolva,
ui_collapsed_by_default_65a57c6,string,,Collapsed by default,Alapértelmezés szerint összecsukva,
ui_collapsible_c932fac,string,,Collapsible,Összecsukható,
ui_collection_30c54a9,string,,Collection,Gyűjtemény,
ui_color_1d0c830,string,,Color,Szín,
ui_color_typography_and_component_shape_b82e582,string,,"Color, typography, and component shape","Szín, tipográfia és alkatrész alakja",
ui_colors_and_light_dark_mode_37de9d5,string,,Colors and light/dark mode,Színek és világos/sötét mód,
ui_columns_cf723c5,string,,Columns,Oszlopok,
ui_combine_multiple_accounts_from_the_same_carrier_into_one_0006a49,string,,Combine multiple accounts from the same carrier into one tab and parcel list.,Egyesítsen több fiókot ugyanazon fuvarozótól egyetlen lapra és csomaglistára.,
ui_comfortpulse_100b63b,string,,comfortPulse,comfortPulse,
ui_community_source_716abd9,string,,Community source,közösségi forrás,
ui_compact_1df39aa,string,,Compact,Kompakt,
ui_compact_header_50275e8,string,,Compact header,Kompakt fejléc,
ui_compact_mode_hides_the_left_header_pill_persons_subtitle_da84968,string,,"Compact mode hides the left header pill, persons, subtitle/status information, and room counters. Swipe down on the compact bar to open Search, Flows, Edit, and Settings.","A kompakt mód elrejti a bal oldali fejlécet, a személyeket, a felirat-/állapotinformációkat és a szobaszámlálókat. Csúsztassa lefelé az ujját a kompakt sávon a Keresés, Folyamatok, Szerkesztés és Beállítások megnyitásához.",
ui_compact_tile_height_78b57a3,string,,Compact tile height,Kompakt csempe magasság,
ui_configured_light_65a3aad,string,,%1$s configured light%2$s,%1$s konfigurált világítás%2$s,keep %1$s %2$s
ui_confirm_04a2122,string,,Confirm,Erősítse meg,
ui_connect_b65463c,string,,Connect,Csatlakozás,
ui_connected_through_home_assistant_cloud_47a54c0,string,,Connected through Home Assistant Cloud,Csatlakozva a Home Assistant felhőn keresztül,don't translate Home Assistant
ui_connected_through_your_external_home_assistant_address_966b0e6,string,,Connected through your external Home Assistant address,Az Ön külső Home Assistant címén keresztül csatlakozik,don't translate Home Assistant
ui_connected_through_your_home_network_cdf4e0f,string,,Connected through your home network,Az otthoni hálózaton keresztül csatlakozik,
ui_connecting_fd3e796,string,,Connecting…,Csatlakozás…,
ui_connection_6512ee1,string,,Connection,Kapcsolat,
ui_connection_switched_to_8f04753,string,,Connection switched to %1$s,A kapcsolat átkapcsolva a következőre: %1$s,keep %1$s
ui_contacting_your_home_assistant_server_e0a53d1,string,,Contacting your Home Assistant server…,Kapcsolatfelvétel a Home Assistant szerverével…,don't translate Home Assistant
ui_content_4f9be05,string,,Content,Tartalom,
ui_continue_2e02623,string,,Continue,Folytatás,
ui_continuous_gps_for_live_tracking_uses_much_more_battery_fdcd80d,string,,Continuous GPS for live tracking — uses much more battery. Leave off for official-app-like behavior.,Folyamatos GPS az élő követéshez – sokkal több akkumulátort használ. Hagyd el a hivatalos alkalmazásszerű viselkedés miatt.,
ui_control_ea1d3df,string,,Control,Ellenőrzés,
ui_control_how_accounts_become_tabs_and_lists_f100249,string,,Control how accounts become tabs and lists,"Szabályozza, hogy a fiókok hogyan váljanak lapokká és listákká",
ui_control_layout_4c3b047,string,,Control layout,Vezérlő elrendezés,
ui_controls_and_history_sensors_used_by_the_dialog_f71675d,string,,Controls and history sensors used by the dialog,A párbeszédpanel által használt vezérlők és előzményérzékelők,
ui_controls_light_in_this_profile_cd11089,string,,Controls %1$s light%2$s in this profile.,A %1$s light%2$s vezérlése ebben a profilban.,keep %1$s %2$s
ui_cooling_5569ac4,string,,Cooling,Hűtés,
ui_copy_af74f7c,string,,Copy,Másolat,
ui_copy_dashboard_2ea354e,string,,Copy dashboard,Irányítópult másolása,
ui_copyright_2026_jimz011_b8f2c24,string,,Copyright © 2026 Jimz011,Copyright © 2026 Jimz011,
ui_corners_f1fb139,string,,Corners,Sarkok,
ui_could_not_add_the_parcel_check_the_number_and_fd157b4,string,,Could not add the parcel. Check the number and try again.,"Nem sikerült hozzáadni a csomagot. Ellenőrizze a számot, és próbálja újra.",
ui_couldn_t_reach_a30cc1b,string,,Couldn't reach %1$s,Nem sikerült elérni a következőt: %1$s,keep %1$s
ui_couldn_t_reach_your_home_assistant_server_2a17c09,string,,Couldn't reach your Home Assistant server.,Nem sikerült elérni a Home Assistant szerverét.,don't translate Home Assistant
ui_countdown_timer_282cb17,string,,Countdown timer,Visszaszámláló,
ui_create_6e157c5,string,,Create,Teremt,
ui_create_a_flow_11b4415,string,,Create a flow,Hozzon létre egy áramlást,
ui_create_a_separate_dashboard_auto_generate_imports_once_and_a5f0ef1,string,,Create a separate dashboard. Auto Generate imports once and then becomes editable; Start Empty only keeps persons available.,"Hozzon létre egy külön irányítópultot. Az automatikus generálás egyszeri importálást végez, majd szerkeszthetővé válik; Az Üres indítás funkció csak személyeket tart elérhetővé.",
ui_create_custom_page_d1f53e7,string,,Create custom page,Egyéni oldal létrehozása,
ui_created_by_jimz011_2026_hki_7_v_20cbca0,string,,Created by Jimz011 - 2026 • HKI 7 v%1$s,Készítette: Jimz011 – 2026 • HKI 7 v%1$s,keep %1$s; don't translate HKI 7
ui_created_by_jimz011_with_help_from_ai_assisted_development_47c9a41,string,,"Created by Jimz011 with help from AI-assisted development tools. Product direction, design choices, testing, and responsibility for the released app remain with the project creator.","Jimz011 készítette az AI által támogatott fejlesztőeszközök segítségével. A termék iránya, a tervezési döntések, a tesztelés és a kiadott alkalmazás felelőssége a projekt létrehozója marad.",
ui_created_openly_1cc16d4,string,,Created openly,Nyíltan létrehozva,
ui_creates_a_full_duplicate_of_including_all_rooms_widgets_b96bbb1,string,,"Creates a full duplicate of ""%1$s"", including all rooms, widgets, and page settings. The copy is added to your dashboards without switching to it.","Létrehozza a ""%1$s"" teljes másolatát, beleértve az összes helyiséget, modult és oldalbeállításokat. A másolatot a rendszer hozzáadja az irányítópultokhoz anélkül, hogy átváltana rá.",keep %1$s
ui_critical_04b7b26,string,,Critical,Kritikai,
ui_critical_low_5852b16,string,,%1$s critical · %2$s low,%1$s kritikus · %2$s alacsony,keep %1$s %2$s
ui_critical_replace_soon_dbd946d,string,,Critical — replace soon,Kritikus – hamarosan cserélje ki,
ui_current_4fc0e2b,string,,Current,Jelenlegi,
ui_current_88a0a02,string,,%1$s° current,%1$s° áram,keep %1$s
ui_current_charge_b6b0b3d,string,,Current charge,Aktuális díj,
ui_current_e4ef83d,string,,Current %1$s%%,Jelenlegi %1$s%%,keep %1$s
ui_current_weather_0fc6239,string,,Current weather,Jelenlegi időjárás,
ui_currently_loaded_69ef6fb,string,,Currently loaded,Jelenleg betöltve,
ui_custom_081ae3f,string,,Custom,Szokás,
ui_custom_buttons_c580449,string,,Custom buttons,Egyedi gombok,
ui_custom_camera_ada9096,string,,Custom Camera,Egyedi kamera,
ui_custom_camera_url_8191b15,string,,Custom camera URL,Egyedi kamera URL,
ui_custom_ed17691,string,,Custom %1$s,Egyéni %1$s,keep %1$s
ui_custom_entities_d6e76ae,string,,Custom entities,Egyéni entitások,
ui_custom_name_6af17c2,string,,Custom name,Egyéni név,
ui_custom_order_a7a5984,string,,Custom order,Egyedi rendelés,
ui_custom_seconds_7467e28,string,,Custom seconds,Egyedi másodpercek,
ui_custom_state_378153b,string,,Custom state...,Egyedi állapot...,
ui_custom_url_9c155e9,string,,Custom URL,Egyéni URL,
ui_customize_device_energy_b754bb5,string,,Customize device energy,Testreszabhatja az eszköz energiáját,
ui_customize_top_consumers_eb249c5,string,,Customize top consumers,A legjobb fogyasztók testreszabása,
ui_customize_water_devices_81ce5f6,string,,Customize water devices,A vízi eszközök testreszabása,
ui_d_6388bb3,string,,"%1$s d, %2$s","%1$s d, %2$s",keep %1$s %2$s
ui_daily_backup_is_active_111a631,string,,Daily backup is active,A napi biztonsági mentés aktív,
ui_dashboard_d87f47b,string,,Dashboard,Műszerfal,
ui_dashboard_header_36d8656,string,,Dashboard header,Irányítópult fejléce,
ui_dashboard_name_466f3af,string,,Dashboard name,Irányítópult neve,
ui_dashboard_width_and_card_shape_3fcad11,string,,Dashboard width and card shape,A műszerfal szélessége és a kártya alakja,
ui_dashboards_197565b,string,,Dashboards,Irányítópultok,
ui_dashboards_shared_by_your_family_import_to_add_a_8a6d06e,string,,Dashboards shared by your family. Import to add a copy to your dashboards; import again later to pull updates.,"A családja által megosztott irányítópultok. Importálás, hogy másolatot adjon az irányítópultokhoz; importálja újra később a frissítések lekéréséhez.",
ui_dashboards_visual_style_and_everyday_navigation_17f3ac2,string,,"Dashboards, visual style, and everyday navigation","Irányítópultok, vizuális stílus és mindennapi navigáció",
ui_data_series_e5977fb,string,,Data series,Adatsorok,
ui_data_sources_dadd6ac,string,,Data sources,Adatforrások,
ui_date_eb9a4bc,string,,Date,Dátum,
ui_datetime_f1e5baf,string,,DateTime,DateTime,
ui_day_to_839bf92,string,,%1$s day%2$s to %3$s,%1$s nap%2$s - %3$s,keep %1$s %2$s %3$s
ui_decrease_67e19d8,string,,Decrease,Csökkenés,
ui_default_808d7dc,string,,Default,Alapértelmezett,
ui_default_effect_per_type_a4ce3c4,string,,Default effect per type,Alapértelmezett hatás típusonként,
ui_default_view_343256a,string,,Default view,Alapértelmezett nézet,
ui_default_weather_entity_588d455,string,,Default weather entity,Alapértelmezett időjárási entitás,
ui_defrosting_c3b2817,string,,Defrosting,Leolvasztás,
ui_delete_0c6013a,string,,"Delete ""%1$s""?","Törli a következőt: ""%1$s""?",keep %1$s
ui_delete_137cdc2,string,,Delete %1$s?,Törli a következőt: %1$s?,keep %1$s
ui_delete_automation_442d61c,string,,Delete automation?,Törli az automatizálást?,
ui_delete_f6fdbe4,string,,Delete,Töröl,
ui_delete_floor_07c4a91,string,,Delete floor,Emelet törlése,
ui_delivered_eea956c,string,,Delivered,Szállítva,
ui_demo_mode_a85b728,string,,Demo mode,Demo mód,
ui_description_55f8ebc,string,,Description,Leírás,
ui_details_dc3decb,string,,Details,Részletek,
ui_detected_carbon_intensity_9983458,string,,Detected carbon intensity,Észlelt szénintenzitás,
ui_device_8c01559,string,,Device: %1$s,Eszköz: %1$s,keep %1$s
ui_device_a5a74a6,string,,Device,Eszköz,
ui_device_details_39c277d,string,,Device details,Az eszköz adatai,
ui_device_details_eb36018,string,,DEVICE DETAILS,A KÉSZÜLÉK RÉSZLETEI,
ui_device_energy_79de3d8,string,,Device energy,A készülék energiája,
ui_device_helpers_6a8b199,string,,Device & helpers,Eszköz és segítők,
ui_device_name_79d7a15,string,,Device name,Eszköz neve,
ui_device_tracker_and_geocoded_location_f9e2d34,string,,Device tracker and geocoded location,Eszközkövető és geokódolt hely,
ui_devices_728190e,string,,devices,eszközöket,
ui_devices_df485c8,string,,Devices,Eszközök,
ui_dialog_control_63e18cf,string,,Dialog control,Dialógus vezérlés,
ui_direction_5a47d4d,string,,Direction —,Irány -,
ui_disable_battery_optimization_d3201bf,string,,Disable Battery Optimization,Az akkumulátor optimalizálás letiltása,
ui_disarmed_aaa4d9e,string,,Disarmed,Lefegyverzett,
ui_discovered_acbb9e0,string,,Discovered,Felfedezte,
ui_dismiss_70afe9e,string,,Dismiss,Elvetés,
ui_display_574ff9b,string,,Display,Kijelző,
ui_display_linked_entities_and_dialog_layout_e6987f9,string,,"Display, linked entities, and dialog layout","Megjelenítés, csatolt entitások és párbeszédpanel-elrendezés",
ui_display_mode_627bc30,string,,Display mode,Megjelenítési mód,
ui_display_order_5f1293a,string,,Display order,Megjelenítési sorrend,
ui_done_e9b450d,string,,Done,Kész,
ui_door_locked_4b46012,string,,Door\nLocked,Ajtó\nLezárva,\n = line break
ui_door_open_74899a4,string,,Door\nOpen,Ajtó\nNyissa meg,\n = line break
ui_door_sensor_turns_lock_card_red_when_open_9bc1372,string,,Door sensor (turns lock card red when open),Ajtóérzékelő (nyitáskor pirosra vált a zárkártya),
ui_door_sensors_a7bb309,string,,Door sensors,Ajtóérzékelők,
ui_double_tap_a268e89,string,,Double tap,Koppintson duplán,
ui_drag_horizontally_across_the_full_button_547ea8c,string,,Drag horizontally across the full button,Húzza vízszintesen a teljes gombon keresztül,
ui_drag_to_reorder_use_the_eye_button_to_hide_cd28b4c,string,,Drag to reorder. Use the eye button to hide an item or schedule when it shows.,"Húzza át az átrendezéshez. A szem gombbal elrejtheti az elemet vagy ütemezést, amikor megjelenik.",
ui_drag_to_set_the_order_cameras_appear_on_the_7bcb4f5,string,,Drag to set the order cameras appear on the Security view.,Húzással állítsa be a kamerák sorrendjét a Biztonság nézetben.,
ui_drag_to_set_the_order_the_cards_appear_below_b6a92e4,string,,Drag to set the order the cards appear below the house on the Energy view.,Húzással állítsa be a kártyák megjelenési sorrendjét a ház alatt az Energia nézetben.,
ui_drag_to_set_the_order_thermostats_and_ac_units_62d49e7,string,,Drag to set the order thermostats and AC units appear on the Climate view.,"Húzza el a termosztátok sorrendjének beállításához, és az AC egységek megjelennek a Klíma nézetben.",
ui_drying_7ea61a9,string,,Drying,Szárítás,
ui_e_e0184ad,string,,E,E,
ui_each_group_controls_one_part_of_this_page_286a40b,string,,Each group controls one part of this page,Minden csoport az oldal egy részét vezérli,
ui_each_home_keeps_its_own_login_dashboard_notification_conne_c261f94,string,,"Each home keeps its own login, dashboard, notification connection, and location registration","Minden otthon megőrzi saját bejelentkezési adatait, irányítópultját, értesítési kapcsolatát és helyregisztrációját",
ui_edit_5301648,string,,Edit,Szerkesztés,
ui_edit_entities_485ee65,string,,Edit entities,Szerkessze az entitásokat,
ui_edit_page_17e45f8,string,,Edit page,Oldal szerkesztése,
ui_edit_sensors_6c38d51,string,,Edit sensors,Érzékelők szerkesztése,
ui_effects_8f25a85,string,,Effects,Hatások,
ui_electricity_925cf7f,string,,Electricity,Villany,
ui_electricity_total_c81c63f,string,,Electricity Total,Villamos energia összesen,
ui_elevation_a514da1,string,,Elevation,Magasság,
ui_empty_3159fe4,string,,Empty,Üres,
ui_empty_bin_0cbe2d7,string,,Empty bin,Üres szemetes,
ui_empty_bin_bcf05c4,string,,Empty bin: %1$s,Üres kuka: %1$s,keep %1$s
ui_empty_bin_optional_fallback_e40b857,string,,Empty bin (optional fallback),Üres tartály (opcionális tartalék),
ui_empty_iframe_open_its_settings_in_edit_mode_and_c17ba2f,string,,Empty iFrame — open its settings in edit mode and enter a web address.,"Üres iFrame — nyissa meg a beállításait szerkesztési módban, és írjon be egy webcímet.",
ui_empty_markdown_widget_open_its_settings_in_edit_mode_b65072d,string,,Empty markdown widget — open its settings in edit mode to write content.,Üres markdown widget — tartalom írásához nyissa meg a beállításait szerkesztési módban.,
ui_empty_stack_79d38d5,string,,Empty Stack,Üres verem,
ui_enable_cloud_backup_32fe82b,string,,Enable cloud backup,Felhőbeli biztonsági mentés engedélyezése,
ui_enable_home_assistant_backup_bd7cf62,string,,Enable Home Assistant backup,Home Assistant biztonsági mentés engedélyezése,don't translate Home Assistant
ui_enable_the_features_hki_7_may_use_in_the_52e596d,string,,Enable the features HKI 7 may use in the background,"Engedélyezze azokat a funkciókat, amelyeket HKI 7 használhat a háttérben",don't translate HKI 7
ui_enabled_e22fb09,string,,ENABLED,ENGEDÉLYEZVE,
ui_end_2a002eb,string,,End: %1$s,vége: %1$s,keep %1$s
ui_energy_437bcb1,string,,Energy,Energia,
ui_energy_cards_c84abda,string,,Energy Cards,Energia kártyák,
ui_energy_counters_imported_from_home_assistant_s_energy_dash_9dd23f9,string,,Energy counters imported from Home Assistant's Energy dashboard.,Energiaszámlálók importálva Home Assistant energia irányítópultjáról.,don't translate Home Assistant
ui_energy_stack_cards_5ac4b4c,string,,Energy Stack Cards,Energy Stack kártyák,
ui_energyscene_374cbbb,string,,energyScene,EnergyScene,
ui_enter_a_pin_4e6a960,string,,Enter a PIN,Adjon meg egy PIN-kódot,
ui_enter_a_valid_json_object_00d1e89,string,,Enter a valid JSON object,Adjon meg egy érvényes JSON-objektumot,
ui_enter_an_address_manually_5eda99d,string,,Enter an address manually,Adjon meg egy címet manuálisan,
ui_enter_code_ab45ae5,string,,Enter code,Írja be a kódot,
ui_enter_http_url_relative_path_or_webrtc_id_e_bb736eb,string,,"Enter HTTP URL, relative path, or WebRTC ID (e.g., poort_hd)","Adja meg a HTTP URL-t, a relatív elérési utat vagy a WebRTC azonosítót (pl. poort_hd)",
ui_enter_http_url_relative_path_or_webrtc_path_e_41da8c2,string,,"Enter HTTP URL, relative path, or WebRTC path (e.g., url: poort_hd)","Adja meg a HTTP URL-t, a relatív elérési utat vagy a WebRTC elérési utat (pl. URL: poort_hd)",
ui_enter_the_same_data_object_home_assistant_shows_in_f7e27af,string,,Enter the same data object Home Assistant shows in YAML. JSON is used here so values keep their exact type.,"Írja be ugyanazt az adatobjektumot, amely a YAML-ben látható Home Assistant. Itt JSON-t használunk, így az értékek megtartják a pontos típusukat.",don't translate Home Assistant
ui_entities_390082d,string,,Entities · %1$s,Entitások · %1$s,keep %1$s
ui_entities_6510c2f,string,,Entities (%1$s),Entitások (%1$s),keep %1$s
ui_entities_9d88f3c,string,,entities,entitások,
ui_entities_appearance_and_interactions_b90b013,string,,"Entities, appearance, and interactions","Entitások, megjelenés és interakciók",
ui_entities_f7638a2,string,,Entities,Entitások,
ui_entities_that_signal_activity_or_safety_states_769b862,string,,Entities that signal activity or safety states,"Olyan entitások, amelyek tevékenységet vagy biztonsági állapotokat jeleznek",
ui_entity_icons_gently_glow_spin_or_pulse_while_the_b3a8910,string,,"Entity icons gently glow, spin, or pulse while the device is on. Only active devices animate.","Az entitásikonok finoman világítanak, forognak vagy lüktetnek, miközben az eszköz be van kapcsolva. Csak az aktív eszközök animálnak.",
ui_entity_integrations_852a3e0,string,,Entity integrations,Entitásintegrációk,
ui_entity_name_9543eb8,string,,Entity name,Entitás neve,
ui_entity_picture_0569c68,string,,Entity picture,Entitás képe,
ui_entity_unavailable_3974ddb,string,,Entity unavailable,Az entitás nem elérhető,
ui_event_ad8919a,string,,Event,Esemény,
ui_every_contribution_helps_and_payment_is_never_required_1bc44f2,string,,"Every contribution helps, and payment is never required","Minden hozzájárulás segít, és soha nem kell fizetni",
ui_everyday_navigation_e2f1711,string,,Everyday navigation,Mindennapi navigáció,
ui_everyone_c756f6a,string,,Everyone,Mindenki,
ui_exact_text_or_number_reported_by_home_assistant_00e5cc6,string,,Exact text or number reported by Home Assistant,A pontos szöveget vagy számot jelentette: Home Assistant,don't translate Home Assistant
ui_example_com_or_https_8381ca6,string,,example.com or https://…,example.com vagy https://…,
ui_existing_camera_5fb3653,string,,Existing Camera,Meglévő kamera,
ui_exit_demo_mode_ab94122,string,,Exit Demo Mode,Lépjen ki a Demo módból,
ui_exit_full_screen_3d9afda,string,,Exit full screen,Kilépés a teljes képernyőről,
ui_exiting_removes_the_sample_home_and_returns_to_the_05548e1,string,,"Exiting removes the sample home and returns to the welcome screen, where you can connect a real Home Assistant server.","A kilépéssel eltávolítja a minta kezdőlapját, és visszatér az üdvözlő képernyőre, ahol valódi Home Assistant szervert tud csatlakoztatni.",don't translate Home Assistant
ui_expected_delivery_78d54b2,string,,Expected delivery,Várható szállítás,
ui_expected_today_4af5600,string,,Expected today,Ma várható,
ui_external_url_or_nabu_casa_url_d2e1eed,string,,External URL or Nabu Casa URL,Külső URL vagy Nabu Casa URL,don't translate Nabu Casa
ui_family_sharing_160fddb,string,,Family Sharing,Családi megosztás,
ui_family_sharing_settings_are_controlled_by_a_home_assistant_cdb35a2,string,,Family Sharing settings are controlled by a Home Assistant admin. You can use a dashboard shared with you below.,A Családi megosztás beállításait egy Home Assistant adminisztrátor vezérli. Az alábbiakban Önnel megosztott irányítópultot használhat.,don't translate Home Assistant
ui_fan_ec38406,string,,Fan,Ventilátor,
ui_fan_modes_fbaa3df,string,,Fan & modes,Ventilátor és üzemmódok,
ui_fans_73d38db,string,,Fans,Rajongók,
ui_fetch_climate_entities_from_home_assistant_again_a65f837,string,,Fetch climate entities from Home Assistant again.,Az éghajlati entitások lekérése ismét innen: Home Assistant.,don't translate Home Assistant
ui_fetch_rooms_floors_and_their_entities_from_home_assistant_0d84305,string,,"Fetch rooms, floors, and their entities from Home Assistant again.","A szobák, emeletek és entitásaik lekérése ismét innen: Home Assistant.",don't translate Home Assistant
ui_fetch_security_entities_from_home_assistant_again_577b666,string,,Fetch security entities from Home Assistant again.,A biztonsági entitások lekérése ismét innen: Home Assistant.,don't translate Home Assistant
ui_fetch_the_home_assistant_energy_dashboard_configuration_ag_9180e9b,string,,Fetch the Home Assistant energy dashboard configuration again.,Töltse le újra a Home Assistant energia-műszerfal konfigurációját.,don't translate Home Assistant
ui_find_home_assistant_locally_c992bdf,string,,Find Home Assistant locally,Keresse meg a Home Assistant helyben,don't translate Home Assistant
ui_firmware_94fe490,string,,Firmware %1$s,Firmware %1$s,keep %1$s
ui_five_simple_gestures_are_all_you_need_to_get_d4c2675,string,,Five simple gestures are all you need to get around HKI 7.,Öt egyszerű kézmozdulat elegendő a HKI 7 megkerüléséhez.,don't translate HKI 7
ui_fixed_tab_10fe998,string,,Fixed tab,Fix fül,
ui_floor_7db82f7,string,,Floor,Emelet,
ui_floor_assignment_288a740,string,,Floor assignment,Emeleti feladat,
ui_floor_name_e9d98d6,string,,Floor name,Emelet neve,
ui_floor_settings_640cb8e,string,,Floor settings,Padlóbeállítások,
ui_flowphase_101d9f0,string,,flowPhase,flowPhase,
ui_flows_1242655,string,,Flows,Flows,
ui_focused_groups_keep_advanced_options_easy_to_find_44ac86e,string,,Focused groups keep advanced options easy to find,A fókuszcsoportok segítségével a speciális beállítások könnyen megtalálhatók,
ui_font_family_54a1848,string,,Font family,Betűcsalád,
ui_font_size_ef89fc7,string,,Font size · %1$s%%,Betűméret · %1$s%%,keep %1$s
ui_fonts_ffe688a,string,,Fonts,Betűtípusok,
ui_force_high_refresh_rate_214de79,string,,Force high refresh rate,Magas frissítési gyakoriság kényszerítése,
ui_forecast_528bc4b,string,,Forecast,Előrejelzés,
ui_forecast_entities_c950412,string,,Forecast entities,Előrejelzési entitások,
ui_forget_selection_7864f34,string,,Forget selection,Felejtsd el a kiválasztást,
ui_forward_ba4e722,string,,Forward,Előre,
ui_from_ad3b521,string,,From %1$s,%1$s,keep %1$s
ui_from_state_6c7eaef,string,,From state,Államból,
ui_full_changelog_ae838e7,string,,Full changelog,Teljes változásnapló,
ui_full_controls_68749a5,string,,Full controls,Teljes vezérlés,
ui_full_day_name_25ab7ee,string,,Full Day Name,Teljes napi név,
ui_full_url_or_a_path_on_your_home_assistant_66f9c59,string,,Full URL or a path on your Home Assistant server (e.g. /local/vacuum.png),Teljes URL vagy elérési út a Home Assistant szerverén (pl. /local/vacuum.png),don't translate Home Assistant
ui_gas_ead9650,string,,Gas,Gáz,
ui_generating_your_rooms_01654a1,string,,Generating your rooms,A szobák létrehozása,
ui_get_started_bd2cb05,string,,Get Started,Kezdje el,
ui_give_a_humidifier_a_fan_select_input_select_to_860be4d,string,,"Give a humidifier a fan / select / input_select to control its speed; its options replace the humidifier's mode chips, and modes move to the dialog's nav bar.","Adjon egy párásítónak ventilátort / select / input_select a sebességének szabályozásához; opciói helyettesítik a párásító üzemmód chipjeit, a módok pedig a párbeszédpanel navigációs sávjába kerülnek.",
ui_glow_6ae5a62,string,,glow,izzás,
ui_glowphase_748e6d6,string,,glowPhase,glowPhase,
ui_glowpulse_9269294,string,,glowPulse,glowPulse,
ui_good_61dedcf,string,,Good,Jó,
ui_google_drive_07c2964,string,,Google Drive,Google Drive,don't translate Google Drive
ui_got_it_5b8027f,string,,Got it,Értem,
ui_got_it_let_s_explore_107038f,string,,Got it — let's explore,Megvan – fedezzük fel,
ui_graph_sensor_c63cbb6,string,,Graph %1$s · %2$s sensor%3$s,Grafikon %1$s · %2$s érzékelő%3$s,keep %1$s %2$s %3$s
ui_graph_style_6acd980,string,,Graph Style,Grafikon stílus,
ui_graphs_7839947,string,,Graphs,Grafikonok,
ui_grid_density_and_button_presentation_b7907e5,string,,Grid density and button presentation,Rácssűrűség és gomb megjelenítése,
ui_grid_density_width_and_tile_shape_267ad9a,string,,"Grid density, width, and tile shape","Rács sűrűsége, szélessége és csempe alakja",
ui_grid_phases_0a5eae5,string,,Grid & phases,Rács és fázisok,
ui_group_light_paused_for_manual_control_78d6b74,string,,%1$s group light%2$s paused for manual control.,%1$s csoportfény%2$s szünetel a kézi vezérléshez.,keep %1$s %2$s
ui_group_related_cards_in_one_section_f978d2b,string,,Group related cards in one section,Csoportosítsa a kapcsolódó kártyákat egy szakaszban,
ui_guide_motion_579dcaf,string,,guide_motion,útmutató_mozgás,
ui_guide_progress_6138614,string,,guide_progress,útmutató_haladás,
ui_gust_53f5da4,string,, (gust %1$s),(lökés %1$s),keep %1$s; keep the space at the start/end
ui_h_0be1674,string,,%1$sh,%1$sh,keep %1$s
ui_header_31341c6,string,,Header,Fejléc,
ui_header_appearance_40327c9,string,,Header appearance,Fejléc megjelenése,
ui_header_custom_color_rrggbb_1887d0a,string,,Header custom color (#RRGGBB),Fejléc egyéni színe (#RRGGBB),
ui_header_pill_d7520cf,string,,Header pill,Fejléc pirula,
ui_header_text_7f71314,string,,Header text,Fejléc szövege,
ui_header_text_f7593e7,string,,Header Text,Fejléc szövege,
ui_header_wallpaper_url_or_path_25cf2b6,string,,Header wallpaper URL or path,Fejléc háttérkép URL-je vagy elérési útja,
ui_heading_some_bold_text_a_list_item_one_item_b7f049b,string,,"# Heading\nSome **bold** text, a list:\n- item one\n- item two","# Címsor\nNéhány **félkövér** szöveg, egy lista:\n- első tétel\n- második tétel",\n = line break
ui_healthy_80ea156,string,,Healthy,Egészséges,
ui_heating_f2a3e6e,string,,Heating,Fűtés,
ui_height_3f608b4,string,,Height,Magasság,
ui_help_the_project_without_buying_premium_e960d10,string,,Help the project without buying Premium,Segítse a projektet Premium vásárlása nélkül,
ui_hidden_1364716,string,,%1$s hidden,%1$s elrejtve,keep %1$s
ui_hidden_d4c2792,string,,Hidden,Rejtett,
ui_hidden_during_c0afbbc,string,,Hidden during,alatt elrejtve,
ui_hidden_rooms_f621ba4,string,,Hidden rooms,Rejtett szobák,
ui_hidden_items_advanced_title,string,,Hidden items (advanced),Rejtett elemek (speciális),
ui_hidden_items_advanced_hint,string,,Comma-separated list of button entity ids or badge/widget ids to hide from this person specifically. A button's id is its entity id; a badge or widget's id is shown in its own Appearance settings.,"A gomb entitásazonosítóinak vagy jelvény-/modulazonosítóinak vesszővel elválasztott listája, amelyek elrejthetők az adott személy elől. A gomb azonosítója az entitásazonosító; a jelvény vagy widget azonosítója megjelenik a saját megjelenési beállításaiban.",
ui_hidden_views_3e16d85,string,,Hidden views,Rejtett nézetek,
ui_hide_certain_views_or_rooms_from_specific_people_to_f10458c,string,,Hide certain views or rooms from specific people to keep their dashboard simple. This is UX-level hiding — it does not restrict what they can do in Home Assistant itself.,"Elrejthet bizonyos nézeteket vagy szobákat bizonyos személyek elől, hogy az irányítópult egyszerű legyen. Ez UX-szintű elrejtés – nem korlátozza, hogy magában a Home Assistant-ban mit tehetnek.",don't translate Home Assistant
ui_hide_connection_notification_dcee06a,string,,Hide Connection Notification,Kapcsolódási értesítés elrejtése,
ui_hide_this_badge_or_schedule_when_it_appears_e149fbf,string,,"Hide this badge, or schedule when it appears","Rejtsd el ezt a jelvényt, vagy ütemezd, amikor megjelenik",
ui_hide_this_button_or_schedule_when_it_appears_a28bf66,string,,"Hide this button, or schedule when it appears","A gomb elrejtése, vagy ütemezése, amikor megjelenik",
ui_high_accuracy_mode_954d2c5,string,,High accuracy mode,Nagy pontosságú üzemmód,
ui_history_90ccd64,string,,History,Történelem,
ui_hki_7_68a9e17,string,,HKI 7,HKI 7,don't translate HKI 7
ui_hki_7_collects_location_data_to_enable_presence_detection_2dda033,string,,HKI 7 collects location data to enable presence detection and zone-based ,A HKI 7 helyadatokat gyűjt a jelenlétérzékelés és a zóna alapú engedélyezéséhez,don't translate HKI 7; keep the space at the start/end
ui_hki_7_logo_a445c44,string,,HKI 7 logo,HKI 7 logó,don't translate HKI 7
ui_hki_7_turns_your_native_home_assistant_entities_rooms_c95b345,string,,"HKI 7 turns your native Home Assistant entities, rooms, automations, media, energy data, and services into a configurable mobile dashboard. It is designed to stay connected to Home Assistant as the source of truth while offering a distinct HKI interface.","A HKI 7 a natív Home Assistant entitásokat, helyiségeket, automatizálásokat, médiát, energiaadatokat és szolgáltatásokat konfigurálható mobil irányítópulttá alakítja. Úgy tervezték, hogy kapcsolatban maradjon a Home Assistant, mint az igazság forrásával, miközben külön HKI interfészt kínál.","don't translate Home Assistant, HKI 7"
ui_hki_7_v_d5594a7,string,,HKI 7 v%1$s,HKI 7 v%1$s,keep %1$s; don't translate HKI 7
ui_home_and_rooms_are_always_shown_reorder_the_other_bea984a,string,,Home and Rooms are always shown. Reorder the other tabs with the arrows and toggle each on or off.,"Az Otthon és a szobák mindig megjelennek. Rendezze át a többi fület a nyilakkal, és kapcsolja be vagy ki mindegyiket.",
ui_home_assistant_backup_is_off_4524f2e,string,,Home Assistant backup is off,Home Assistant biztonsági mentés ki van kapcsolva,don't translate Home Assistant
ui_home_assistant_c8fd3bb,string,,Home Assistant,Home Assistant,don't translate Home Assistant
ui_home_assistant_instances_b0de2f3,string,,Home Assistant instances,Home Assistant példány,don't translate Home Assistant
ui_home_assistant_will_be_unavailable_briefly_while_it_restar_df30b45,string,,Home Assistant will be unavailable briefly while it restarts. Administrator access is required.,"A Home Assistant rövid ideig nem lesz elérhető, amíg újraindul. Adminisztrátori hozzáférés szükséges.",don't translate Home Assistant
ui_home_security_aa534f2,string,,HOME SECURITY,OTTHONBIZTONSÁG,
ui_home_wi_fi_names_comma_separated_b71c6ab,string,,Home Wi-Fi names (comma separated),Otthoni Wi-Fi-nevek (vesszővel elválasztva),
ui_hourly_forecast_50f6c9c,string,,Hourly forecast,Óránkénti előrejelzés,
ui_how_this_control_communicates_state_ad17a3d,string,,How this control communicates state,Hogyan kommunikál ez a vezérlő az állapottal,
ui_how_this_icon_animates_while_the_device_is_active_dffdaf5,string,,"How this icon animates while the device is active. ""Auto"" follows the global setting; the rest override it for this icon.","Hogyan animál ez az ikon, miközben az eszköz aktív. Az ""Auto"" a globális beállítást követi; a többi felülírja ennél az ikonnál.",
ui_http_homeassistant_local_8123_67b2235,string,,http://homeassistant.local:8123,http://homeassistant.local:8123,
ui_http_url_relative_path_or_webrtc_name_e_g_dfc56c4,string,,"HTTP URL, relative path, or WebRTC name (e.g., url: poort_hd)","HTTP URL, relatív elérési út vagy WebRTC név (pl. URL: poort_hd)",
ui_https_1a66279,string,,https://…,https://…,
ui_https_example_ui_nabu_casa_4d97501,string,,https://example.ui.nabu.casa,https://example.ui.nabu.casa,
ui_humidifiers_aa38e2a,string,,Humidifiers,Párásítók,
ui_humidifiers_are_found_automatically_from_the_humidifier_do_0717429,string,,Humidifiers are found automatically from the humidifier domain; add extra entities here if any are missing.,"A párásítók automatikusan megtalálhatók a párásító tartományból; adjon hozzá további entitásokat, ha hiányzik.",
ui_humidifying_5d5f6c5,string,,Humidifying,Párásító,
ui_humidity_65adb9c,string,,Humidity,Nedvesség,
ui_humidity_control_devices_c7e4846,string,,Humidity control devices,Páratartalom-szabályozó eszközök,
ui_humidity_sensor_graphed_in_activity_5b792e1,string,,Humidity sensor (graphed in Activity),Páratartalom érzékelő (grafikon a tevékenység alatt),
ui_icon_716f63b,string,,Icon,Ikon,
ui_icon_animation_5b1faae,string,,Icon animation,Ikon animáció,
ui_icon_animations_and_effects_db0dea4,string,,Icon animations and effects,Ikonanimációk és effektusok,
ui_icon_eeaa97d,string,,Icon: %1$s,Ikon: %1$s,keep %1$s
ui_icon_feedback_180b871,string,,Icon & feedback,Ikon és visszajelzés,
ui_icons_edb8f6c,string,,Icons,Ikonok,
ui_identity_7e5a975,string,,Identity,Identitás,
ui_identity_and_connection_bee53f8,string,,Identity and connection,Identitás és kapcsolat,
ui_identity_presentation_indicators_and_maintenance_d46fbf4,string,,"Identity, presentation, indicators, and maintenance","Identitás, bemutatás, mutatók és karbantartás",
ui_idle_cc1ebdd,string,,Idle,Tétlen,
ui_image_50e19fd,string,,Image,Kép,
ui_image_style_size_shape_and_background_40c17b6,string,,"Image style, size, shape, and background","A kép stílusa, mérete, alakja és háttere",
ui_image_url_or_path_ddd8d74,string,,Image URL or path,A kép URL-je vagy elérési útja,
ui_import_d6fbc9d,string,,Import,Importálás,
ui_import_entities_that_have_not_been_edited_or_remove_6edde59,string,,"Import entities that have not been edited, or remove all climate edits and import from scratch.","Importálja a nem szerkesztett entitásokat, vagy távolítsa el az összes klímamódosítást, és a semmiből importálja.",
ui_import_entities_that_have_not_been_edited_or_remove_9851b28,string,,"Import entities that have not been edited, or remove all security edits and import from scratch.","Importálja a nem szerkesztett entitásokat, vagy távolítsa el az összes biztonsági szerkesztést, és a semmiből importálja.",
ui_import_from_family_f9eb88d,string,,Import from family,Import a családból,
ui_import_only_rooms_and_entities_that_have_not_been_478d449,string,,"Import only rooms and entities that have not been edited, or remove all edited rooms and floors and import everything from scratch.","Csak olyan szobákat és entitásokat importáljon, amelyeket nem szerkesztett, vagy távolítsa el az összes szerkesztett helyiséget és emeletet, és importáljon mindent a semmiből.",
ui_import_only_rooms_that_have_not_been_edited_or_d59bee5,string,,"Import only rooms that have not been edited, or rebuild everything. Rebuilding removes all edited rooms and floors before importing them from scratch.","Csak olyan szobákat importáljon, amelyeket nem szerkesztett, vagy építsen újjá mindent. Az újjáépítés eltávolítja az összes szerkesztett helyiséget és emeletet, mielőtt a semmiből importálja őket.",
ui_import_sensors_with_device_class_battery_and_unit_of_dfaced9,string,,Import sensors with device_class battery and unit_of_measurement %.,Érzékelők importálása eszközosztályú akkumulátorral és mértékegység %-kal.,
ui_import_settings_that_have_not_been_edited_or_remove_2fc3850,string,,"Import settings that have not been edited, or remove all energy edits and import from scratch.","Importálja a nem szerkesztett beállításokat, vagy távolítsa el az összes energiamódosítást, és importálja a semmiből.",
ui_import_unedited_4a58143,string,,Import unedited,Importálás szerkesztetlenül,
ui_imported_stacks_cannot_be_removed_in_auto_mode_hide_608f9ed,string,,"Imported stacks cannot be removed in auto mode. Hide the stack instead, or take over / switch to manual mode to delete it permanently.","Az importált kötegek nem távolíthatók el automatikus módban. Ehelyett rejtse el a köteget, vagy vegye át / váltson kézi módba a végleges törléshez.",
ui_importing_820599d,string,,Importing…,Importálás…,
ui_importing_areas_and_entities_from_home_assistant_0e50b82,string,,Importing areas and entities from Home Assistant…,Területek és entitások importálása innen: Home Assistant…,don't translate Home Assistant
ui_incoming_outgoing_1815915,string,,%1$s incoming · %2$s outgoing%3$s,%1$s bejövő · %2$s kimenő%3$s,keep %1$s %2$s %3$s
ui_incoming_outgoing_49b9c0b,string,,%1$s incoming · %2$s outgoing,%1$s bejövő · %2$s kimenő,keep %1$s %2$s
ui_incorrect_pin_2de1d18,string,,Incorrect PIN,Helytelen PIN-kód,
ui_increase_5a7fecf,string,,Increase,Növekedés,
ui_individual_water_usage_21dd78c,string,,Individual water usage,Egyéni vízhasználat,
ui_individual_widgets_ff1526f,string,,Individual widgets,Egyedi widgetek,
ui_indoor_average_53abf03,string,,INDOOR AVERAGE,BELTÉRI ÁTLAG,
ui_indoor_comfort_7060319,string,,Indoor comfort,Beltéri kényelem,
ui_instance_name_e98a2eb,string,,Instance name,Példány neve,
ui_interactions_0b3583e,string,,Interactions,Interakciók,
ui_internal_url_acab9b2,string,,Internal URL,Belső URL,
ui_interval_seconds_eaeeb46,string,,Interval seconds,Intervallum másodperc,
ui_is_c24d775,string,, is,van,keep the space at the start/end
ui_item_corner_roundness_5032003,string,,Item corner roundness,A cikk sarok kereksége,
ui_items_cabff0b,string,,%1$s items,%1$s elem,keep %1$s
ui_k_df46805,string,,%1$sK,%1$sK,keep %1$s
ui_keep_existing_edits_or_remove_all_battery_edits_and_acc0236,string,,"Keep existing edits, or remove all battery edits and import from scratch.","Tartsa meg a meglévő módosításokat, vagy távolítsa el az összes akkumulátor-módosítást, és importálja a semmiből.",
ui_keep_only_the_title_right_header_pill_and_back_7777651,string,,"Keep only the title, right header pill, and back button when a page has one.","Csak a címet, a jobb oldali fejlécet és a vissza gombot tartsa meg, ha az oldalon van.",
ui_keeps_a_connection_to_home_assistant_for_instant_notificat_ecaee7d,string,,Keeps a connection to Home Assistant for instant notifications,Kapcsolatot tart fenn a Home Assistant szolgáltatással az azonnali értesítések érdekében,don't translate Home Assistant
ui_keeps_presence_detection_and_zone_automations_working_andr_c48598a,string,,Keeps presence detection and zone automations working. Android should show ‘Allow all the time’.,Működik a jelenlétérzékelés és a zónaautomatika. Az Androidon az „Engedélyezés mindig” feliratot kell jeleznie.,
ui_keeps_your_device_location_updated_in_home_assistant_e295875,string,,Keeps your device location updated in Home Assistant,Frissíti az eszköz helyét itt: Home Assistant,don't translate Home Assistant
ui_km_h_ede7178,string,,%1$s km/h,%1$s km/h,keep %1$s
ui_kwh_72c28e9,string,,kWh,kWh,
ui_languages_and_frameworks_used_by_the_android_app_fb4ac97,string,,Languages and frameworks used by the Android app,Az Android alkalmazás által használt nyelvek és keretrendszerek,
ui_last_backup_05509f8,string,,Last backup %1$s,Utolsó biztonsági mentés %1$s,keep %1$s
ui_last_h_3faaee1,string,,Last %1$sh,Utolsó %1$só,keep %1$s
ui_last_run_b27f32a,string,,Last run %1$s,Utolsó futás %1$s,keep %1$s
ui_layout_972ad8d,string,,Layout,Elrendezés,
ui_leave_a_tip_5f90f10,string,,Leave a tip,Hagyj egy borravalót,
ui_leave_empty_to_use_the_home_assistant_name_f769e92,string,,Leave empty to use the Home Assistant name,Hagyja üresen a Home Assistant név használatához,don't translate Home Assistant
ui_leave_this_empty_for_local_only_access_add_an_cc6bf85,string,,Leave this empty for local-only access. Add an external or Nabu Casa URL to use HKI 7 away from home.,Hagyja üresen a helyi hozzáféréshez. Adjon hozzá egy külső vagy Nabu Casa URL-t a HKI 7 otthonától távol történő használatához.,"don't translate Nabu Casa, HKI 7"
ui_left_8ae1c34,string,,Left,Balra,
ui_left_side_overflows_right_fc8533c,string,,Left side overflows right,A bal oldal túlcsordul a jobb oldalon,
ui_less_526cb74,string,,Less,Kevesebb,
ui_let_hki_7_create_the_first_version_for_you_dc36439,string,,Let HKI 7 create the first version for you.,"Hagyja, hogy HKI 7 hozza létre az első verziót.",don't translate HKI 7
ui_let_this_person_enter_edit_mode_667df39,string,,Let this person enter edit mode,Engedje meg ezt a személyt szerkesztési módba lépni,
ui_level_7c7f5d0,string,,Level,Szint,
ui_level_unavailable_a442183,string,,Level unavailable,A szint nem elérhető,
ui_license_3229609,string,,License,Engedély,
ui_light_is_turned_off_ebc0cf1,string,,Light is turned off,A fény ki van kapcsolva,
ui_lines_c6fd387,string,,Lines,Vonalak,
ui_link_a_device_to_auto_fill_the_humidifier_s_6f65010,string,,"Link a device to auto-fill the humidifier's helper entities, or set them by hand","Csatlakoztasson egy eszközt a párásító segédelemeinek automatikus kitöltéséhez, vagy állítsa be őket kézzel",
ui_link_a_speed_control_197d75a,string,,Link a speed control,Kapcsoljon sebességszabályzót,
ui_linked_speed_control_optional_95fd680,string,,Linked speed control (optional),Kapcsolt sebességszabályozás (opcionális),
ui_live_65c821a,string,,Live,Élő,
ui_live_6990f01,string,,LIVE,ÉLŐ,
ui_live_indicators_11ef687,string,,Live indicators,Élő indikátorok,
ui_live_power_sensors_imported_from_home_assistant_s_configur_1b926f2,string,,Live power sensors imported from Home Assistant's configured Energy devices.,Élő teljesítményérzékelők a Home Assistant konfigurált energiaeszközeiről importálva.,don't translate Home Assistant
ui_loading_actions_260b0c0,string,,Loading actions…,Műveletek betöltése…,
ui_loading_actions_877bfd9,string,,Loading actions...,Műveletek betöltése...,
ui_loading_camera_50a8065,string,,Loading camera…,Kamera betöltése…,
ui_loading_device_a3fda88,string,,Loading device...,Eszköz betöltése...,
ui_local_file_576d5ac,string,,Local file,Helyi fájl,
ui_local_network_optional_42aba01,string,,Local network (optional),Helyi hálózat (opcionális),
ui_local_only_05ed059,string,,Local Only,Csak helyi,
ui_locating_e46bab0,string,,Locating…,Helymeghatározás…,
ui_location_access_3b68001,string,,Location access,Helyhozzáférés,
ui_location_d219c68,string,,Location,Elhelyezkedés,
ui_location_unavailable_3a57dda,string,,Location Unavailable,Hely nem érhető el,
ui_lock_c37eb4c,string,,LOCK,ZÁR,
ui_locked_a798882,string,,Locked,Bezárt,
ui_locks_the_screen_to_its_highest_refresh_rate_while_585256f,string,,Locks the screen to its highest refresh rate while the app is open (uses more battery).,"Zárolja a képernyőt a legmagasabb frissítési gyakoriságra, amíg az alkalmazás nyitva van (több akkumulátort használ).",
ui_log_in_again_1ee6e18,string,,Log in again,Jelentkezzen be újra,
ui_logging_in_again_keeps_your_dashboard_and_settings_9a8ed6f,string,,Logging in again keeps your dashboard and settings.,Az újbóli bejelentkezés megtartja az irányítópultot és a beállításokat.,
ui_logo_url_or_ha_local_path_optional_e795f06,string,,Logo URL or HA/local path (optional),Embléma URL vagy HA/helyi elérési út (nem kötelező),
ui_logout_keep_config_32a0cfb,string,,Logout (Keep Config),Kijelentkezés (Keep Config),
ui_low_a124947,string,,Low,Alacsony,
ui_low_ba7cae2,string,,%1$s low,%1$s alacsony,keep %1$s
ui_low_batteries_41d22d9,string,,%1$s low batteries,%1$s alacsony akkumulátorszint,keep %1$s
ui_low_plan_a_replacement_34435da,string,,Low — plan a replacement,Alacsony – tervezzen cserét,
ui_low_threshold_1ecfd8b,string,,Low threshold (%),Alacsony küszöb (%),
ui_lunar_phase_301b75e,string,,Lunar phase,Holdfázis,
ui_mail_92379cb,string,,Mail,Felad,
ui_maintenance_94de303,string,,Maintenance,Karbantartás,
ui_manage_items_d854c4b,string,,Manage items,Elemek kezelése,
ui_manage_order_411f2d9,string,,Manage order,Rendelés kezelése,
ui_managed_by_an_admin_805ae65,string,,Managed by an admin,Adminisztrátor kezeli,
ui_manual_configuration_only_selected_entities_and_devices_ar_10e150b,string,,Manual configuration: only selected entities and devices are shown.,Kézi konfiguráció: csak a kiválasztott entitások és eszközök jelennek meg.,
ui_map_ab478f3,string,,Map,Térkép,
ui_map_c5cc79f,string,,Map: %1$s,Térkép: %1$s,keep %1$s
ui_map_camera_for_dialog_2bc4344,string,,Map camera (for dialog),Térképkamera (párbeszédhez),
ui_map_status_sensors_and_control_bindings_8cc2dbd,string,,"Map, status sensors, and control bindings","Térkép, állapotérzékelők és vezérlőkötések",
ui_map_unavailable_0ccd149,string,,Map unavailable,A térkép nem elérhető,
ui_markdown_23e67fc,string,,Markdown,Árleszállítás,
ui_matching_entities_are_added_automatically_by_home_assistan_07ebdac,string,,Matching entities are added automatically by Home Assistant device class. Add any missing or custom entities here.,A megfelelő entitásokat a Home Assistant eszközosztály automatikusan hozzáadja. Adja hozzá a hiányzó vagy egyéni entitásokat.,don't translate Home Assistant
ui_media_0c77aee,string,,Media,Média,
ui_media_browsing_isn_t_available_for_this_player_e068417,string,,Media browsing isn't available for this player.,A médiaböngészés nem érhető el ennél a lejátszónál.,
ui_media_library_b9c5845,string,,Media library,Médiatár,
ui_media_players_a4b8cf2,string,,Media players,Médialejátszók,
ui_media_players_ec25525,string,,Media Players,Médialejátszók,
ui_messages_safety_and_portability_ee58dfe,string,,"Messages, safety, and portability","Üzenetek, biztonság és hordozhatóság",
ui_messages_sent_to_this_device_via_home_assistant_s_87e4a32,string,,Messages sent to this device via\nHome Assistant's notify service appear here.,Az eszközre küldött üzenetek a következőn keresztül:\nItt jelennek meg a Home Assistant értesítési szolgáltatásai.,don't translate Home Assistant; \n = line break
ui_meteorological_tap_or_swipe_3f3d67e,string,,Meteorological · tap or swipe,Meteorológiai · érintse meg vagy csúsztassa az ujját,
ui_meter_readings_a3c12c4,string,,Meter readings,Mérőállások,
ui_mixed_climate_5d22eb9,string,,Mixed climate,Vegyes klíma,
ui_mm_ce9b88b,string,,%1$s mm,%1$s mm,keep %1$s
ui_mmm_d_9367bcf,string,,"%1$s, MMM d","%1$s, MMM d",keep %1$s
ui_mode_a7b93d2,string,,Mode,Mód,
ui_modes_6fc3ca8,string,,MODES,MÓDOK,
ui_modes_79f5b22,string,,Modes,Módok,
ui_monitoring_a814345,string,,Monitoring,Monitoring,
ui_moon_846b902,string,,Moon,Hold,
ui_move_down_260ff8a,string,,Move down,Mozgás lefelé,
ui_move_up_b4f57cd,string,,Move up,Lépj felfelé,
ui_mozilla_public_license_2_0_mpl_2_0_4ec8335,string,,Mozilla Public License 2.0 (MPL-2.0),Mozilla Public License 2.0 (MPL-2.0),
ui_multiple_climate_values_are_averaged_separate_sensor_value_cfccbf4,string,,Multiple climate values are averaged. Separate sensor values are averaged only when no climate source is selected.,"Több klímaértéket átlagolnak. A különálló érzékelőértékek átlagolása csak akkor történik, ha nincs klímaforrás kiválasztva.",
ui_mywifi_mywifi_5g_2a163c1,string,,"MyWiFi, MyWiFi-5G","MyWiFi, MyWiFi-5G",
ui_n_b51a607,string,,N,N,
ui_name_709a232,string,,Name,Név,
ui_name_a_z_257c1c4,string,,Name A-Z,Név A-Z,
ui_name_and_icon_shown_above_this_container_9076bde,string,,Name and icon shown above this container,A tároló felett látható név és ikon,
ui_name_and_icon_shown_above_this_floor_3755eda,string,,Name and icon shown above this floor,Az emelet felett látható név és ikon,
ui_name_and_icon_used_throughout_the_app_bed8e83,string,,Name and icon used throughout the app,Az alkalmazásban használt név és ikon,
ui_name_optional_9c9f03a,string,,Name (optional),Név (nem kötelező),
ui_name_subtitle_and_navigation_icon_3f2e8c4,string,,"Name, subtitle, and navigation icon","Név, felirat és navigációs ikon",
ui_name_this_device_4d603e2,string,,Name this device,Nevezze el ezt az eszközt,
ui_name_width_and_icon_a4d694b,string,,"Name, width, and icon","Név, szélesség és ikon",
ui_name_z_a_daabfb6,string,,Name Z-A,Név Z-A,
ui_native_home_assistant_automations_always_in_sync_ae8941e,string,,"Native Home Assistant automations, always in sync","Natív Home Assistant automatizálás, mindig szinkronban",don't translate Home Assistant
ui_navigation_bar_e90e3de,string,,Navigation Bar,Navigációs sáv,
ui_network_routes_for_1d18efd,string,,Network routes for %1$s,Hálózati útvonalak a következőhöz: %1$s,keep %1$s
ui_never_sent_to_the_developer_or_to_any_third_f0479e9,string,,"never sent to the developer or to any third party, and you can turn this ","soha nem küldték el a fejlesztőnek vagy harmadik félnek, és ezt megváltoztathatja",keep the space at the start/end
ui_never_triggered_c91b347,string,,Never triggered,Soha nem váltott ki,
ui_new_dashboard_4d3c071,string,,New Dashboard,Új műszerfal,
ui_new_floor_1389094,string,,New floor,Új padló,
ui_new_flow_d4cef94,string,,New flow,Új áramlás,
ui_next_camera_14994be,string,,Next camera,Következő kamera,
ui_no_active_parcels_or_mail_6c9d49c,string,,No active parcels or mail.,Nincs aktív csomag vagy posta.,
ui_no_activity_in_this_period_5cb3978,string,,No activity in this period,Ebben az időszakban nincs tevékenység,
ui_no_adaptive_lighting_profiles_are_currently_available_6d29642,string,,No Adaptive Lighting profiles are currently available.,Jelenleg nem állnak rendelkezésre adaptív világítási profilok.,
ui_no_air_purifiers_configured_add_fan_entities_under_climate_fd229a8,string,,No air purifiers configured. Add fan entities under Climate Settings → Climate Entities → Air purifiers.,Nincsenek konfigurálva légtisztítók. Ventilátor entitások hozzáadása a Klímabeállítások → Klíma entitások → Légtisztítók menüpontban.,
ui_no_alarm_585ad82,string,,No alarm,Nincs riasztás,
ui_no_announced_letters_4382408,string,,No announced letters.,Nincsenek bejelentett levelek.,
ui_no_archived_notifications_ed5604b,string,,No archived notifications,Nincsenek archivált értesítések,
ui_no_battery_entities_found_turn_off_battery_filtering_to_dfbc403,string,,No Battery+ entities found. Turn off Battery+ filtering to show all battery sensors.,Nem található Battery+ entitás. Kapcsolja ki a Battery+ szűrést az összes akkumulátorérzékelő megjelenítéséhez.,
ui_no_battery_sensors_found_7cc0962,string,,No battery sensors found.,Nem található akkumulátor érzékelő.,
ui_no_camera_selected_717ad35,string,,No camera selected,Nincs kamera kiválasztva,
ui_no_carbon_intensity_sensor_found_on_this_device_140bf09,string,,No carbon intensity sensor found on this device,Nem található szén-dioxid-intenzitás-érzékelő ezen az eszközön,
ui_no_cards_yet_open_the_stack_settings_to_pick_021dada,string,,No cards yet — open the stack settings to pick energy cards.,Még nincsenek kártyák – nyissa meg a verem beállításait az energiakártyák kiválasztásához.,
ui_no_cards_yet_open_the_stack_settings_to_pick_ca8008f,string,,No cards yet — open the stack settings to pick climate cards.,Még nincsenek kártyák – nyissa meg a verem beállításait a klímakártyák kiválasztásához.,
ui_no_climate_data_37d45e0,string,,No climate data,Nincsenek klímaadatok,
ui_no_climate_devices_found_thermostats_and_ac_units_from_2e47541,string,,No climate devices found. Thermostats and AC units from Home Assistant appear here automatically.,Nem található klímaberendezés. Itt automatikusan megjelennek a Home Assistant termosztátjai és váltakozó áramú egységei.,don't translate Home Assistant
ui_no_collections_in_the_next_7_days_6d48bf4,string,,No collections in the next 7 days.,Nincs gyűjtemény a következő 7 napban.,
ui_no_conditions_this_flow_always_continues_c95e76f,string,,No conditions — this flow always continues,Nincsenek feltételek – ez az áramlás mindig folytatódik,
ui_no_dashboards_have_been_shared_with_you_yet_ask_38b2c0d,string,,"No dashboards have been shared with you yet. Ask an admin to share one, or pick another option above.","Még nem osztottak meg veled irányítópultot. Kérjen meg egy adminisztrátort, hogy ossza meg valamelyiket, vagy válasszon másik lehetőséget fent.",
ui_no_dashboards_have_been_shared_with_you_yet_ask_877080a,string,,No dashboards have been shared with you yet. Ask an admin to share one.,"Még nem osztottak meg veled irányítópultot. Kérj meg egy adminisztrátort, hogy ossza meg.",
ui_no_data_d802d23,string,,No data,Nincs adat,
ui_no_door_sensor_f6b60c8,string,,No door sensor,Nincs ajtóérzékelő,
ui_no_energy_sensors_found_eeecdec,string,,No energy sensors found.,Nem található energiaérzékelő.,
ui_no_events_e339ba7,string,,No events,Nincsenek események,
ui_no_fans_found_fan_entities_from_home_assistant_appear_279dab7,string,,No fans found. Fan entities from Home Assistant appear here automatically.,Nem találhatók rajongók. Itt automatikusan megjelennek a Home Assistant rajongói entitásai.,don't translate Home Assistant
ui_no_forecast_available_ed48809,string,,No forecast available,Nem áll rendelkezésre előrejelzés,
ui_no_graphs_yet_open_the_stack_settings_to_add_87f742f,string,,No graphs yet — open the stack settings to add sensor graphs.,Még nincsenek grafikonok – nyissa meg a verem beállításait érzékelőgrafikonok hozzáadásához.,
ui_no_heading_162947f,string,,No heading,Nincs címsor,
ui_no_hourly_forecast_available_9ef5a5f,string,,No hourly forecast available,Nem áll rendelkezésre óránkénti előrejelzés,
ui_no_humidifiers_found_humidifier_entities_from_home_assista_eeadbd7,string,,No humidifiers found. Humidifier entities from Home Assistant appear here automatically; extras can be added in Climate Settings.,Nem található párásító. Itt automatikusan megjelennek a Home Assistant párásító entitásai; extrák adhatók hozzá a Klímabeállításokban.,don't translate Home Assistant
ui_no_individual_water_devices_configured_d0060ba,string,,No individual water devices configured.,Nincsenek konfigurálva egyedi vízberendezések.,
ui_no_letter_image_available_eeb42c0,string,,No letter image available,Nem áll rendelkezésre betűkép,
ui_no_map_camera_configured_d72057b,string,,No map camera\nconfigured,Nincs térképkamera\nkonfigurálva,\n = line break
ui_no_map_camera_set_configure_in_button_settings_b54466c,string,,No map camera set.\nConfigure in button settings.,Nincs beállítva térképkamera.\nKonfigurálja a gomb beállításait.,\n = line break
ui_no_matches_cd0af6c,string,,No matches,Nincs egyezés,
ui_no_matching_automations_4489522,string,,No matching automations,Nincs megfelelő automatika,
ui_no_media_players_found_1248a89,string,,No media players found.,Nem található médialejátszó.,
ui_no_native_home_assistant_automations_found_725a043,string,,No native Home Assistant automations found,Nem található natív Home Assistant automatizálás,don't translate Home Assistant
ui_no_non_admin_users_found_on_this_home_assistant_e9e665d,string,,No non-admin users found on this Home Assistant.,Nem található nem rendszergazdai felhasználó ezen a Home Assistant-on.,don't translate Home Assistant
ui_no_notifications_a72159d,string,,No Notifications,Nincsenek értesítések,
ui_no_notifications_b08626f,string,,No notifications,Nincsenek értesítések,
ui_no_options_available_7a19b6d,string,,No options available,Nem állnak rendelkezésre opciók,
ui_no_other_entities_on_this_device_fbc481b,string,,No other entities on this device.,Nincs más entitás ezen az eszközön.,
ui_no_other_users_found_on_this_home_assistant_cb89d3d,string,,No other users found on this Home Assistant.,Nem található más felhasználó ezen a Home Assistant oldalon.,don't translate Home Assistant
ui_no_parcel_selected_922a402,string,,No parcel selected,Nincs kiválasztott csomag,
ui_no_parcels_cf4c0a0,string,,No %1$s parcels.,Nincsenek %1$s csomagok.,keep %1$s
ui_no_phase_sensors_configured_in_energy_settings_b88c1dc,string,,No phase sensors configured in Energy Settings.,Nincsenek fázisérzékelők konfigurálva az Energiabeállításokban.,
ui_no_power_sensors_found_caf2e07,string,,No power sensors found.,Nem található teljesítményérzékelő.,
ui_no_power_sensors_found_on_this_device_or_its_942e9be,string,,No power sensors found on this device (or its sub-devices) yet.,Még nem található teljesítményérzékelő ezen az eszközön (vagy annak aleszközein).,
ui_no_profile_available_98d6e00,string,,No profile available,Nincs elérhető profil,
ui_no_sensors_found_edacf22,string,,No %1$s sensors found.,Nem található %1$s érzékelő.,keep %1$s
ui_no_sensors_selected_open_the_widget_settings_in_edit_cd87a2e,string,,No sensors selected — open the widget settings in edit mode.,Nincsenek kiválasztva érzékelők — nyissa meg a widget beállításait szerkesztési módban.,
ui_no_servers_found_yet_make_sure_you_re_on_7e6832d,string,,"No servers found yet. Make sure you're on the same Wi-Fi, or enter the address below.","Még nem találhatók szerverek. Győződjön meg arról, hogy ugyanazt a Wi-Fi-t használja, vagy írja be az alábbi címet.",
ui_no_speed_control_linked_cb0e9ad,string,,No speed control linked,Nincs sebességszabályozás összekapcsolva,
ui_no_status_history_enable_parcel_history_in_the_integration_302ca4a,string,,No status history (enable parcel history in the integration options),Nincs állapotelőzmény (engedélyezze a csomagelőzményeket az integrációs lehetőségek között),
ui_no_stream_available_0535c4e,string,,No stream available,Nincs elérhető adatfolyam,
ui_no_stream_available_6bfd14a,string,,No Stream Available,Nincs adatfolyam,
ui_no_supported_alarm_modes_reported_by_this_entity_588b22a,string,,No supported alarm modes reported by this entity,Ez az entitás nem jelentett támogatott riasztási módokat,
ui_no_target_f919b89,string,,No target,Nincs cél,
ui_no_tariff_sensors_configured_in_energy_settings_2ad6a3c,string,,No tariff sensors configured in Energy Settings.,Nincsenek tarifaérzékelők konfigurálva az Energiabeállításokban.,
ui_no_thanks_6d745b3,string,,No thanks,Nem köszönöm,
ui_no_upcoming_collections_feff2a6,string,,No upcoming collections,Nincsenek közelgő gyűjtemények,
ui_no_waste_sensors_selected_68b51ce,string,,No waste sensors selected,Nincs kiválasztva hulladékérzékelő,
ui_no_waste_sensors_selected_add_them_via_the_widget_554ff3d,string,,No waste sensors selected. Add them via the widget settings in edit mode.,Nincs kiválasztva hulladékérzékelő. Adja hozzá őket a widget beállításaival szerkesztés módban.,
ui_no_weather_cards_ce32255,string,,No weather cards,Nincs időjárás kártya,
ui_no_weather_entity_available_7476bcb,string,,No weather entity available,Nincs elérhető időjárási entitás,
ui_no_widgets_match_73a3c20,string,,"No widgets match ""%1$s""","Egyetlen modul sem felel meg a következőnek: ""%1$s""",keep %1$s
ui_none_6eef664,string,,None,Egyik sem,
ui_none_auto_cc8786f,string,,None / Auto,Nincs / Auto,
ui_none_modes_stay_as_the_only_control_b62bff7,string,,None — modes stay as the only control,Nincs – a módok maradnak az egyetlen vezérlőként,
ui_none_of_your_configured_carriers_support_adding_a_parcel_21dc0a4,string,,"None of your configured carriers support adding a parcel by tracking number. Account-based carriers (PostNL, DPD, DHL) only track what's already in your account.","Egyik konfigurált szállítója sem támogatja a csomag nyomkövetési szám alapján történő hozzáadását. A fiókalapú szolgáltatók (PostNL, DPD, DHL) csak azt követik nyomon, ami már a fiókjában van.",
ui_none_selected_5798946,string,,None selected,Nincs kiválasztva,
ui_none_timer_follows_the_completion_time_only_09d470a,string,,None — timer follows the completion time only,Nincs – az időzítő csak a befejezési időt követi,
ui_not_enough_data_cdb9d58,string,,Not enough data,Nincs elég adat,
ui_not_enough_data_in_this_period_48188c4,string,,Not enough data in this period,Nincs elég adat ebben az időszakban,
ui_not_loaded_by_home_assistant_95f811a,string,,Not loaded by Home Assistant,Nem töltötte be Home Assistant,don't translate Home Assistant
ui_not_set_93039e6,string,,Not set,Nincs beállítva,
ui_nothing_here_7f42022,string,,Nothing here.,Itt semmi.,
ui_nothing_hidden_fd1cdd3,string,,Nothing hidden,Semmi rejtett,
ui_nothing_is_shared_yet_fca61d0,string,,Nothing is shared yet.,Még nincs megosztva semmi.,
ui_nothing_removed_d67902f,string,,Nothing removed.,Semmit sem távolítottak el.,
ui_nothing_removed_use_edit_mode_on_the_climate_page_dd07910,string,,Nothing removed. Use edit mode on the Climate page to remove cards; they land here and can be restored.,Semmit sem távolítottak el. A kártyák eltávolításához használja a Klíma oldalon található szerkesztési módot; itt landolnak és helyreállíthatók.,
ui_nothing_to_reorder_yet_cdcbb36,string,,Nothing to reorder yet.,Még nincs mit átrendelni.,
ui_notification_c18f8f2,string,,Notification,Bejelentés,
ui_notifications_753a22b,string,,Notifications,Értesítések,
ui_notifications_are_delivered_over_the_app_s_live_connection_d2aa965,string,,Notifications are delivered over the app's live connection whenever it is open — send them from Home Assistant with the notify service for this device. Swipe in from the left edge to see the history.,"Az értesítéseket a rendszer az alkalmazás élő kapcsolatán keresztül kézbesíti, amikor az alkalmazás nyitva van – küldje el őket innen: Home Assistant az eszköz értesítési szolgáltatásával. Csúsztassa ujját a bal széltől az előzmények megtekintéséhez.",don't translate Home Assistant
ui_now_e3b8204,string,,Now,Jelenleg,
ui_of_3_enabled_5cdedd4,string,,%1$s of 3 enabled,%1$s/3 engedélyezve,keep %1$s
ui_of_home_fdfd824,string,,%1$s%% of home,az otthon %1$s%%-a,keep %1$s
ui_off_ad50489,string,,OFF,LE,
ui_off_at_any_time_in_android_settings_4607e2c,string,,off at any time in Android settings.,bármikor kikapcsolható az Android beállításaiban.,
ui_off_e3de5ab,string,,Off,Le,
ui_ok_9ce3bd4,string,,OK,RENDBEN,
ui_on_12469c7,string,,On - %1$s%%,Be - %1$s%%,keep %1$s
ui_on_387d7a5,string,,ON,ON,
ui_on_e0049a6,string,,On,On,
ui_on_f9ca2fe,string,,%1$s%% • ON,%1$s%% • BE,keep %1$s
ui_on_these_wi_fi_networks_the_app_connects_via_82d3f1f,string,,On these Wi-Fi networks the app connects via the internal URL; everywhere else it uses the main server URL above.,Ezeken a Wi-Fi hálózatokon az alkalmazás a belső URL-en keresztül csatlakozik; mindenhol a fenti fő szerver URL-t használja.,
ui_on_this_device_a7f9620,string,,On this device,Ezen a készüléken,
ui_onboard_step_fefaac1,string,,onboard_step,onboard_step,
ui_only_percentage_sensors_classified_by_home_assistant_as_ba_0d94a2a,string,,Only percentage sensors classified by Home Assistant as batteries are imported. ,Csak a Home Assistant elemnek minősített százalékos érzékelőket importálják.,don't translate Home Assistant; keep the space at the start/end
ui_only_show_battery_entities_and_include_battery_type_detail_b216867,string,,Only show Battery+ entities and include battery type details,"Csak a Battery+ entitásokat jelenítse meg, és adja meg az akkumulátortípus adatait",
ui_only_show_battery_entities_and_include_type_quantity_and_0d8ce40,string,,"Only show Battery+ entities and include type, quantity, and related battery info.","Csak a Battery+ entitásokat jelenítse meg, és adja meg a típust, a mennyiséget és a kapcsolódó akkumulátoradatokat.",
ui_open_camera_full_screen_afc186b,string,,Open camera full screen,Nyissa meg a kamerát teljes képernyőn,
ui_open_cf9b770,string,,Open,Nyitott,
ui_open_history_for_graph_ae801d5,string,,Open history for graph,Nyissa meg a grafikon előzményeit,
ui_open_link_d2de1a2,string,,Open link,Link megnyitása,
ui_open_source_and_premium_licensing_0328125,string,,Open-source and premium licensing,Nyílt forráskódú és prémium licenc,
ui_open_the_component_on_github_c1e5ee5,string,,Open the component on GitHub,Nyissa meg az összetevőt a GitHubon,
ui_open_this_panel_by_swiping_left_from_the_upper_671e63c,string,,Open this panel by swiping left from the upper-right edge of any page header.,Nyissa meg ezt a panelt az oldal fejlécének jobb felső szélétől balra húzva.,
ui_opening_dashboard_8e99930,string,,Opening dashboard…,Irányítópult megnyitása…,
ui_openstreetmap_fa78a33,string,,OpenStreetMap,OpenStreetMap,
ui_optional_context_shown_by_the_lock_card_03f6814,string,,Optional context shown by the lock card,A zárkártya által megjelenített opcionális kontextus,
ui_optional_controls_and_sensors_for_richer_dialogs_7a80e7b,string,,Optional controls and sensors for richer dialogs,Választható vezérlők és érzékelők a gazdagabb párbeszédekért,
ui_optional_display_name_and_icon_override_f7a6cda,string,,Optional display name and icon override,Opcionális megjelenített név és ikon felülírása,
ui_optional_fields_passed_to_home_assistant_54dffc6,string,,Optional fields passed to Home Assistant,Nem kötelező mezők átadva a következőnek: Home Assistant,don't translate Home Assistant
ui_optional_label_shown_when_name_is_enabled_above_8229e92,string,,"Optional label shown when ""Name"" is enabled above","Opcionális címke akkor jelenik meg, ha fent a „Név” engedélyezve van",
ui_optional_name_and_icon_overrides_5dfd062,string,,Optional name and icon overrides,Opcionális név és ikon felülbírálása,
ui_optional_name_and_icon_shown_above_this_stack_272f237,string,,Optional name and icon shown above this stack,Opcionális név és ikon látható a verem felett,
ui_optional_premium_5ae8183,string,,Optional Premium,Opcionális prémium,
ui_optional_support_for_development_and_testing_costs_5d6af95,string,,Optional support for development and testing costs,Opcionális támogatás a fejlesztési és tesztelési költségekhez,
ui_optional_title_and_dashboard_width_e04c6e8,string,,Optional title and dashboard width,Opcionális cím és irányítópult szélesség,
ui_optional_title_width_and_supported_shape_8b2e456,string,,"Optional title, width, and supported shape","Opcionális cím, szélesség és támogatott forma",
ui_options_6bf5da9,string,,Options,Opciók,
ui_organization_519255a,string,,Organization,Szervezet,
ui_oscillate_3d3c9bd,string,,Oscillate,Oszcillál,
ui_outside_cbbef8c,string,,OUTSIDE,KÍVÜL,
ui_outside_is_never_auto_detected_either_link_a_weather_eb8cc14,string,,"Outside is never auto-detected. Either link a weather entity (it usually carries temperature, humidity and pressure) or pick individual outdoor sensors below. The temperature feeds the Outside tile and the hero's outside reading.","A külső soha nem észlelhető automatikusan. Vagy kapcsoljon össze egy időjárási entitást (általában hőmérsékletet, páratartalmat és nyomást hordoz), vagy válasszon egyedi kültéri érzékelőket alább. A hőmérséklet táplálja a külső lapkát és a hős külső olvasatát.",
ui_outside_weather_entity_98e8465,string,,Outside weather entity,Külső időjárási entitás,
ui_page_areas_1068b64,string,,Page areas,Oldalterületek,
ui_page_icon_b58a288,string,,Page icon,oldal ikonra,
ui_page_identity_dafa8dd,string,,Page identity,Az oldal azonossága,
ui_page_name_c99f51a,string,,Page name,Az oldal neve,
ui_page_settings_0a44afc,string,,Page settings,Oldalbeállítások,
ui_page_subtitle_8a04084,string,,Page subtitle,Oldal alcíme,
ui_parcel_9ddaaee,string,,Parcel,Parcella,
ui_parcels_16129ec,string,,Parcels,Csomagok,
ui_parental_controls_c4f61d0,string,,Parental controls,Szülői felügyelet,
ui_parental_controls_dashboard_sharing_and_permissions_b74e0c0,string,,"Parental controls, dashboard sharing, and permissions","Szülői felügyelet, az irányítópult megosztása és engedélyek",
ui_parental_controls_sharing_needs_the_hki_7_cloud_component_7929459,string,,Parental controls & sharing — needs the HKI 7 Cloud component,Szülői felügyelet és megosztás – szüksége van a HKI 7 Cloud összetevőre,don't translate HKI 7 Cloud
ui_pause_781961b,string,,Pause,Szünet,
ui_pause_adaptation_821b33e,string,,Pause adaptation,Az alkalmazkodás szüneteltetése,
ui_pending_timer_dbf15fa,string,,Pending timer,Függőben lévő időzítő,
ui_people_b37554f,string,,People,Emberek,
ui_permission_needed_7c7a8e5,string,,Permission needed,Engedély szükséges,
ui_permissions_d06d555,string,,Permissions,Engedélyek,
ui_person_settings_977e009,string,,Person settings,Személyes beállítások,
ui_personal_information_used_throughout_hki_7_b7d1b08,string,,Personal information used throughout HKI 7,A HKI 7 során felhasznált személyes adatok,don't translate HKI 7
ui_personalize_7602b35,string,,Personalize,Személyre szabhatja,
ui_persons_order_9fe91dc,string,,Persons order,Személyek rendelése,
ui_phase_17619b8,string,,Phase %1$s,%1$s fázis,keep %1$s
ui_pick_a_carbon_footprint_device_ea1fe94,string,,Pick a carbon footprint device,Válasszon egy szénlábnyom-eszközt,
ui_pick_a_device_to_auto_fill_the_sensors_below_f396326,string,,Pick a device to auto-fill the sensors below,Válasszon egy eszközt az alábbi érzékelők automatikus kitöltéséhez,
ui_pick_a_source_device_or_fine_tune_individual_roles_beb54f5,string,,Pick a source device or fine-tune individual roles,"Válasszon forráseszközt, vagy finomítsa az egyes szerepköröket",
ui_pick_a_starting_point_everything_remains_editable_340924e,string,,Pick a starting point; everything remains editable,Válasszon kiindulási pontot; minden szerkeszthető marad,
ui_pickup_b6da461,string,,Pickup: %1$s,Átvétel: %1$s,keep %1$s
ui_pin_3adadd3,string,,PIN,PIN kódot,
ui_place_this_room_in_the_correct_floor_group_52c044a,string,,Place this room in the correct floor group,Helyezze ezt a szobát a megfelelő emeletcsoportba,
ui_placement_ab89d05,string,,Placement,Elhelyezés,
ui_playback_c8e3087,string,,Playback,Lejátszás,
ui_player_e53407c,string,,Player,Játékos,
ui_players_summarized_by_the_room_header_and_card_729ea70,string,,Players summarized by the room header and card,A játékosok összegzése a szoba fejlécével és kártyájával,
ui_please_wait_5afeca7,string,,Please wait…,"Kérjük, várjon…",
ui_position_d0b0314,string,,POSITION,POZÍCIÓ,
ui_postal_code_optional_b86b6a2,string,,Postal code (optional),Irányítószám (nem kötelező),
ui_power_c2b6b52,string,,POWER,HATALOM,
ui_power_overview_a204dd7,string,,Power overview,Teljesítmény áttekintése,
ui_power_per_phase_1f38fb0,string,,Power per phase,Fázisonkénti teljesítmény,
ui_precipitation_60d5e73,string,,Precipitation,Csapadék,
ui_premium_icon_packs_animated_icons_and_artwork_premium_them_6363fef,string,,"Premium icon packs, animated icons and artwork, premium themes, entitlement services, and any separately marked premium modules are not covered by MPL-2.0. They remain proprietary and are licensed for personal use through a valid Premium entitlement.","A prémium ikoncsomagokra, az animált ikonokra és grafikákra, a prémium témákra, a jogosultsági szolgáltatásokra és a külön megjelölt prémium modulokra nem vonatkozik az MPL-2.0. Tulajdonosak maradnak, és személyes használatra engedélyezettek egy érvényes prémium jogosultsággal.",
ui_presets_6891289,string,,PRESETS,PRESETS,
ui_presets_e709e76,string,,Presets,Előbeállítások,
ui_press_ea683ad,string,,Press,Sajtó,
ui_prevents_android_from_delaying_battery_charging_and_presen_623b898,string,,"Prevents Android from delaying battery, charging, and presence updates while the device is idle.","Megakadályozza, hogy az Android késleltesse az akkumulátor, a töltés és a jelenlét frissítését, miközben az eszköz tétlen.",
ui_previous_camera_5014da7,string,,Previous camera,Előző kamera,
ui_produced_5028c07,string,,Produced %1$s,Készült %1$s,keep %1$s
ui_production_overview_fbbfc38,string,,Production overview,Gyártás áttekintése,
ui_profile_ff4fc02,string,,Profile,Profil,
ui_profile_switches_affect_every_light_assigned_to_19ba9ec,string,,Profile switches affect every light assigned to %1$s.,A profilkapcsolók a %1$s-hoz rendelt összes lámpát érintik.,keep %1$s
ui_profiles_0c2a930,string,,Profiles,Profilok,
ui_project_information_licensing_and_community_support_9fc47d6,string,,"Project information, licensing, and community support","Projektinformációk, licencelés és közösségi támogatás",
ui_publish_one_of_your_dashboards_to_your_family_recipients_88c1d49,string,,Publish one of your dashboards to your family. Recipients import it from Settings › Dashboard and can pull updates later. Set what they may change under Permissions.,"Tegye közzé az egyik irányítópultját a családja számára. A címzettek importálják a Beállítások › Irányítópultból, és később letölthetik a frissítéseket. Állítsa be, hogy mit módosíthatnak az Engedélyek alatt.",
ui_published_to_your_family_33fc8da,string,,Published to your family,Közzétéve a családjának,
ui_pulse_8439fc4,string,,pulse,impulzus,
ui_pulsescale_939f5c2,string,,pulseScale,pulseScale,
ui_push_delivery_and_history_aa3e29d,string,,Push delivery and history,Push szállítás és előzmények,
ui_push_my_changes_now_ddff3f6,string,,Push my changes now,Tolja el a változtatásaimat most,
ui_pushing_3c52088,string,,Pushing…,Toló…,
ui_quick_actions_e47e804,string,,Quick actions,Gyors cselekvések,
ui_quick_start_gesture_23ee6fe,string,,quick_start_gesture,gyors_indítás_gesztus,
ui_rain_0a858c9,string,,Rain,Eső,
ui_rain_map_7c1862a,string,,Rain map,Esőtérkép,
ui_rain_map_image_url_0c47012,string,,Rain map image URL,Esőtérkép kép URL-je,
ui_rain_map_url_iframe_3f22653,string,,Rain map URL (iframe),Esőtérkép URL (iframe),
ui_re_import_batteries_9473d07,string,,Re-import batteries,Importálja újra az elemeket,
ui_re_import_batteries_f3b8458,string,,Re-import Batteries,Importálja újra az akkumulátorokat,
ui_re_import_climate_3ed098c,string,,Re-import climate,Újraimport klíma,
ui_re_import_climate_f7f5678,string,,Re-import Climate,Klíma újraimportálása,
ui_re_import_energy_9e66bbb,string,,Re-import Energy,Energia újraimportálása,
ui_re_import_energy_c0b0fcc,string,,Re-import energy,Energia újraimportálása,
ui_re_import_rooms_6cc58f9,string,,Re-import rooms,Szobák újraimportálása,
ui_re_import_rooms_b49077d,string,,Re-import Rooms,Szobák újraimportálása,
ui_re_import_security_411e76d,string,,Re-import Security,Biztonság újraimportálása,
ui_re_import_security_fcf0ad8,string,,Re-import security,Biztonság újraimportálása,
ui_read_only_home_assistant_automation_46d25b7,string,,Read-only Home Assistant automation,Csak olvasható Home Assistant automatizálás,don't translate Home Assistant
ui_read_the_full_mpl_2_0_4d68c7d,string,,Read the full MPL 2.0,Olvassa el a teljes MPL 2.0-t,
ui_ready_20c7c55,string,,Ready,Kész,
ui_receive_home_assistant_alerts_and_actionable_notifications_386435f,string,,Receive Home Assistant alerts and actionable notifications on this device.,Home Assistant riasztásokat és cselekvésre alkalmas értesítéseket kaphat ezen az eszközön.,don't translate Home Assistant
ui_recipes_create_regular_home_assistant_automations_you_can_a81bf72,string,,Recipes create regular Home Assistant automations. You can continue editing them in either HKI7 or Home Assistant.,A receptek rendszeres Home Assistant automatizálásokat hoznak létre. Folytathatja a szerkesztésüket itt: HKI7 vagy Home Assistant.,"don't translate Home Assistant, HKI7"
ui_recommended_e37d21e,string,,RECOMMENDED,AJÁNLOTT,
ui_recording_09b5b61,string,,Recording · ,Felvétel ·,keep the space at the start/end
ui_refresh_56e3bad,string,,Refresh,Frissítés,
ui_refresh_connection_46966aa,string,,Refresh Connection,Kapcsolat frissítése,
ui_refresh_interval_f086d9d,string,,Refresh interval,Frissítési időköz,
ui_relock_after_4db5c55,string,,Relock after,Relock után,
ui_remote_access_is_ready_0e26b5a,string,,Remote access is ready.,A távoli hozzáférés készen áll.,
ui_remote_access_optional_75dd54d,string,,Remote access (optional),Távoli hozzáférés (opcionális),
ui_remove_436e1a0,string,,Remove %1$s?,Eltávolítja a következőt: %1$s?,keep %1$s
ui_remove_avatar_58e0c56,string,,Remove avatar,Avatar eltávolítása,
ui_remove_e963907,string,,Remove,Távolítsa el,
ui_remove_edits_and_import_all_7f0b4a1,string,,Remove edits and import all,Szerkesztések eltávolítása és az összes importálása,
ui_removed_entities_559c584,string,,Removed entities (%1$s),Eltávolított entitások (%1$s),keep %1$s
ui_removed_entities_6dbeb2d,string,,Removed entities,Eltávolított entitások,
ui_removed_entities_are_excluded_from_cards_graphs_tiles_and_628e91a,string,,"Removed entities are excluded from cards, graphs, tiles and averages. Tap ✕ to restore.","Az eltávolított entitások ki vannak zárva a kártyákból, grafikonokból, csempékből és átlagokból. Érintse meg a ✕ elemet a visszaállításhoz.",
ui_rename_d3f4cb8,string,,Rename,Átnevezés,
ui_rename_dashboard_ceb1d6d,string,,Rename dashboard,Irányítópult átnevezése,
ui_rename_home_assistant_f1a0d6f,string,,Rename Home Assistant,Home Assistant átnevezése,don't translate Home Assistant
ui_rename_players_and_choose_which_ones_may_show_the_212864f,string,,Rename players and choose which ones may show the mini player above the navigation bar while playing.,"Nevezze át a lejátszókat, és válassza ki, hogy játék közben melyik jelenítse meg a minilejátszót a navigációs sáv felett.",
ui_rename_players_and_mini_player_visibility_8d0e1f7,string,,Rename players and mini player visibility,A lejátszók átnevezése és a minilejátszó láthatósága,
ui_rendering_style_and_history_range_be872e9,string,,Rendering style and history range,Renderelési stílus és történeti tartomány,
ui_reorder_and_hide_tabs_39de701,string,,Reorder and hide tabs,Lapok átrendezése és elrejtése,
ui_reorder_cameras_b226c47,string,,Reorder cameras,Rendelje át a kamerákat,
ui_reorder_cards_147ed64,string,,Reorder cards,Rendelje át a kártyákat,
ui_reorder_devices_8bcc061,string,,Reorder devices,Eszközök átrendezése,
ui_repeat_659eba1,string,,Repeat,Ismétlés,
ui_repeats_every_day_only_the_time_of_day_is_a71f502,string,,Repeats every day — only the time of day is used.,Minden nap ismétlődik – csak a napszakot használja.,
ui_repeats_every_month_only_the_day_of_the_month_93ca445,string,,Repeats every month — only the day of the month and time are used.,Havonta ismétlődik – csak a hónap napja és az idő kerül felhasználásra.,
ui_repeats_every_week_only_the_weekday_and_time_are_8f36757,string,,Repeats every week — only the weekday and time are used.,Hetente ismétlődik – csak a hétköznap és az idő kerül felhasználásra.,
ui_repeats_every_year_the_year_is_ignored_so_e_a661f32,string,,"Repeats every year — the year is ignored, so e.g. 24–26 Dec recurs each Christmas.","Minden évben ismétlődik – az évet figyelmen kívül hagyja, így pl. December 24–26. minden karácsonykor megismétlődik.",
ui_require_an_extra_gesture_or_pin_before_actions_run_19ae393,string,,Require an extra gesture or PIN before actions run,A műveletek végrehajtása előtt egy további kézmozdulatot vagy PIN-kódot kérhet,
ui_required_9100e2e,string,, (required),(kívánt),keep the space at the start/end
ui_required_state_bdc9c95,string,,Required state,Kötelező állapot,
ui_reset_44c57ab,string,,Reset,Reset,
ui_reset_everything_2d6cd07,string,,Reset Everything,Mindent visszaállít,
ui_restart_b134bd5,string,,Restart,Indítsa újra,
ui_restart_home_assistant_0206bf0,string,,Restart Home Assistant?,Újraindítja a következőt: Home Assistant?,don't translate Home Assistant
ui_restart_home_assistant_551322c,string,,Restart Home Assistant,Indítsa újra a Home Assistant,don't translate Home Assistant
ui_restarting_b86eee1,string,,Restarting…,Újraindítás…,
ui_restore_3cbe6d6,string,,Restore,Visszaállítás,
ui_restore_backup_a65eaa8,string,,Restore backup,Biztonsági másolat visszaállítása,
ui_restore_from_cloud_52b6663,string,,Restore from cloud,Visszaállítás felhőből,
ui_restore_from_home_assistant_13aec1d,string,,Restore from Home Assistant,Visszaállítás innen: Home Assistant,don't translate Home Assistant
ui_resume_adaptation_ac73b12,string,,Resume adaptation,Folytassa az alkalmazkodást,
ui_resume_b3bd0b5,string,,Resume,Folytatás,
ui_reverse_57f9933,string,,Reverse,Fordított,
ui_right_954daa8,string,,Right,Jobbra,
ui_right_side_overflows_left_d75893d,string,,Right side overflows left,A jobb oldal túlcsordul balra,
ui_room_areas_584c8ee,string,,Room areas,Szobaterületek,
ui_room_climate_c57811d,string,,Room climate,Szobaklíma,
ui_room_name_8605e33,string,,Room name,Szoba neve,
ui_room_scale_6602c22,string,,room-scale,szoba léptékű,
ui_rooms_3a28d6f,string,,Rooms,Szobák,
ui_rooms_are_imported_2ef3415,string,,Rooms are imported,A szobák importáltak,
ui_rooms_in_auto_mode_are_imported_from_home_assistant_c583d84,string,,Rooms in auto mode are imported from Home Assistant. Switch to manual or take over the current dashboard to add widgets by hand.,"Az automatikus módban lévő szobák importálása innen: Home Assistant. Váltson át manuálisra, vagy vegye át az aktuális irányítópultot, hogy kézzel adjon hozzá widgeteket.",don't translate Home Assistant
ui_rotation_acaf322,string,,rotation,forgás,
ui_roundness_of_buttons_cards_and_widgets_3573fff,string,,"Roundness of buttons, cards and widgets","A gombok, kártyák és kütyük kereksége",
ui_run_b1b3926,string,,Run,Fut,
ui_run_mode_12ce660,string,,Run mode,Futtatás mód,
ui_running_state_entity_3c8ffde,string,,Running-state entity,Futó állapotú entitás,
ui_s_02aa629,string,,S,S,
ui_s_are_81c69ca,string,,s are,s vannak,
ui_s_refresh_10a9b0b,string,,%1$ss refresh,%1$ss frissítés,keep %1$s
ui_save_efc007a,string,,Save,Megtakarítás,
ui_save_in_home_assistant_eacb2ce,string,,Save in Home Assistant,Mentés ide: Home Assistant,don't translate Home Assistant
ui_save_local_network_7f0247d,string,,Save Local Network,Helyi hálózat mentése,
ui_save_or_restore_dashboard_configuration_be8f39f,string,,Save or restore dashboard configuration,Mentse vagy állítsa vissza az irányítópult konfigurációját,
ui_save_profile_f597c0e,string,,Save profile,Profil mentése,
ui_save_remote_access_05740bc,string,,Save Remote Access,Távoli hozzáférés mentése,
ui_saved_directly_in_the_native_automation_734f9ba,string,,Saved directly in the native automation,Közvetlenül a natív automatizálásba mentve,
ui_saving_56a2285,string,,Saving…,Megtakarítás…,
ui_scanning_36c4a06,string,,Scanning…,Szkennelés…,
ui_scheduled_1cd1bda,string,,Scheduled,Ütemezett,
ui_search_actions_9313854,string,,Search actions,Keresési műveletek,
ui_search_automations_9172ba9,string,,Search automations,Keresési automatizálások,
ui_search_batteries_a63e58b,string,,Search batteries,Keresse meg az akkumulátorokat,
ui_search_bce0641,string,,Search,Keresés,
ui_search_by_name_28abc03,string,,Search by name,Keresés név szerint,
ui_search_devices_2ce0b70,string,,Search devices,Eszközök keresése,
ui_search_entities_7c70008,string,,Search entities,Entitások keresése,
ui_search_f54fbca,string,,Search…,Keresés…,
ui_search_filters_3d10e32,string,,Search & filters,Keresés és szűrők,
ui_search_sort_9fe6cb4,string,,Search & sort,Keresés és rendezés,
ui_search_the_material_design_icon_library_2a2aa8d,string,,Search the Material Design icon library,Keressen a Material Design ikontárban,
ui_search_widgets_9525879,string,,Search widgets,Keresés widgetek,
ui_season_62255f5,string,,Season,Évad,
ui_season_card_flip_6683142,string,,season-card-flip,szezon-kártya-flip,
ui_secondary_line_ca81690,string,,Secondary line,Másodlagos vonal,
ui_seconds_5fb1db5,string,,Seconds,Másodpercek,
ui_securitydoor_929c4fc,string,,securityDoor,securityDoor,
ui_securitygarage_499e9f7,string,,securityGarage,biztonságGarázs,
ui_securitygate_0743480,string,,securityGate,securityGate,
ui_securityhouse_08bd121,string,,securityHouse,biztonsági Ház,
ui_securityphase_f4739f6,string,,securityPhase,securityPhase,
ui_securitypulse_5340cf8,string,,securityPulse,securityPulse,
ui_securitywindow_4619bf3,string,,securityWindow,biztonsági ablak,
ui_select_0fc8ec5,string,,Select %1$s,Válassza a %1$s,keep %1$s
ui_select_a_mode_to_continue_0426fc8,string,,Select a mode to continue,A folytatáshoz válasszon módot,
ui_select_an_effect_to_turn_it_on_75d9bec,string,,Select an effect to turn it on,Válasszon ki egy effektust a bekapcsoláshoz,
ui_select_an_inverter_device_in_energy_settings_solar_to_4a0aade,string,,Select an inverter device in Energy Settings → Solar to list its inverters here.,"Válassza ki az inverter eszközt az Energiabeállítások → Solar menüpontban, hogy itt felsorolja az invertereit.",
ui_select_an_option_08d7aa3,string,,Select an option,Válasszon egy lehetőséget,
ui_select_battery_devices_bfc9841,string,,Select Battery Devices,Válassza az Akkumulátoros eszközök lehetőséget,
ui_select_battery_entities_b08b299,string,,Select Battery Entities,Válassza az Akkumulátor entitások lehetőséget,
ui_select_battery_sensor_51f1222,string,,Select Battery Sensor,Válassza az Akkumulátor-érzékelő lehetőséget,
ui_select_calendars_and_the_view_shown_first_d5c38b5,string,,Select calendars and the view shown first,"Válassza ki a naptárakat, és az elsőként megjelenő nézetet",
ui_select_calendars_e26b0da,string,,Select Calendars,Válassza a Naptárak lehetőséget,
ui_select_camera_70cf6fb,string,,Select Camera,Válassza a Kamera lehetőséget,
ui_select_climate_card_18f3b6e,string,,Select Climate Card,Válassza a Klímakártya lehetőséget,
ui_select_device_87a4751,string,,Select Device,Válassza az Eszköz lehetőséget,
ui_select_door_sensor_f345fbf,string,,Select Door Sensor,Válassza az Ajtóérzékelő lehetőséget,
ui_select_empty_bin_control_d992252,string,,Select Empty Bin Control,Válassza az Empty Bin Control lehetőséget,
ui_select_energy_card_9b5bf0c,string,,Select Energy Card,Válassza az Energiakártya lehetőséget,
ui_select_entities_affed45,string,,Select Entities,Válassza az Entitások lehetőséget,
ui_select_entity_4b3713e,string,,Select Entity,Válassza az Entitás lehetőséget,
ui_select_forecast_entities_f0ec511,string,,Select Forecast Entities,Válassza az Előrejelzési entitások lehetőséget,
ui_select_humidity_sensor_8192d0e,string,,Select Humidity Sensor,Válassza a Páratartalom érzékelőt,
ui_select_map_camera_d5ae262,string,,Select Map Camera,Válassza a Térképkamera lehetőséget,
ui_select_media_player_73f4f5b,string,,Select Media Player,Válassza a Médialejátszó lehetőséget,
ui_select_media_players_e0da90e,string,,Select Media Players,Válassza a Médialejátszók lehetőséget,
ui_select_outside_3593063,string,,Select outside %1$s,Kiválasztás a következőn kívül: %1$s,keep %1$s
ui_select_running_state_entity_136482a,string,,Select running-state entity,Válassza ki a futó állapotú entitást,
ui_select_sensor_2564e1a,string,,Select Sensor,Válassza az Érzékelő lehetőséget,
ui_select_sensors_5141d75,string,,Select Sensors,Válassza a Szenzorok lehetőséget,
ui_select_speed_control_20f7efa,string,,Select speed control,Válassza ki a sebességszabályozást,
ui_select_target_entity_654e6ac,string,,Select Target Entity,Válassza a Cél entitás lehetőséget,
ui_select_temperature_sensor_821f54c,string,,Select Temperature Sensor,Válassza a Hőmérséklet-érzékelő lehetőséget,
ui_select_the_alarm_panels_summarized_by_this_pill_f9b23e6,string,,Select the alarm panels summarized by this pill,Válassza ki a tabletta által összefoglalt riasztópaneleket,
ui_select_to_auto_detect_map_battery_and_controls_72bc9d7,string,,"Select to auto-detect map, battery and controls","Válassza ki a térkép, az akkumulátor és a vezérlők automatikus észleléséhez",
ui_select_to_auto_fill_helper_entities_below_84a8833,string,,Select to auto-fill helper entities below,Válassza ki az alábbi segítő entitások automatikus kitöltéséhez,
ui_select_vacuum_4663021,string,,Select Vacuum,Válassza a Vákuum lehetőséget,
ui_select_vacuum_entity_dbda6f4,string,,Select Vacuum Entity,Válassza a Vákuum entitás lehetőséget,
ui_select_vacuums_7c2d22a,string,,Select Vacuums,Válassza a Porszívók lehetőséget,
ui_select_waste_sensors_6006d5f,string,,Select Waste Sensors,Válassza a Hulladékérzékelők lehetőséget,
ui_select_water_level_562845a,string,,Select Water Level,Válassza a Vízszint lehetőséget,
ui_select_weather_2357e9d,string,,Select Weather,Válassza az Időjárás lehetőséget,
ui_select_weather_entity_d489986,string,,Select Weather Entity,Válassza az Időjárás entitást,
ui_select_week_calendar_640f382,string,,Select Week Calendar,Válassza a Heti naptár lehetőséget,
ui_selected_61ed328,string,,%1$s selected,%1$s kiválasztva,keep %1$s
ui_selected_b82aaa5,string,,%1$s · Selected,%1$s · Kijelölve,keep %1$s
ui_selected_for_this_card_3c4a588,string,,%1$s selected for this card,%1$s kiválasztva ehhez a kártyához,keep %1$s
ui_sensor_620ec21,string,,%1$s sensor%2$s,%1$s érzékelő%2$s,keep %1$s %2$s
ui_sensor_efb9fbf,string,,SENSOR,ÉRZÉKELŐ,
ui_sensor_graphs_5eb3573,string,,Sensor Graphs,Szenzoros grafikonok,
ui_sensor_picture_c3a0ed2,string,,Sensor picture,Érzékelő kép,
ui_sensors_711bf35,string,,Sensors,Érzékelők,
ui_sensors_and_an_optional_week_calendar_399bad3,string,,Sensors and an optional week calendar,Érzékelők és opcionális heti naptár,
ui_sensors_are_found_automatically_by_device_class_add_sensor_150bab5,string,,%1$s sensors are found automatically by device class; add sensors missing that class here.,A %1$s érzékelők automatikusan megtalálhatók eszközosztályonként; itt adja hozzá az adott osztályból hiányzó érzékelőket.,keep %1$s
ui_separate_commercial_content_0408620,string,,Separate commercial content,Külön kereskedelmi tartalom,
ui_server_url_1d5d1ef,string,,Server URL,Szerver URL,
ui_services_data_7864c0a,string,,Services & data,Szolgáltatások és adatok,
ui_session_f7f1997,string,,Session,Ülés,
ui_set_448ab73,string,,Set,Készlet,
ui_set_a_rain_map_image_url_in_this_widget_03729b8,string,,Set a rain map image URL in this widget's settings,Állítsa be az esőtérkép kép URL-jét a widget beállításaiban,
ui_set_the_control_style_for_every_thermostat_on_this_de5cd1e,string,,Set the control style for every thermostat on this Climate page. Standalone climate widgets keep their own layout settings.,Állítsa be a szabályozási stílust minden termosztáthoz ezen a klímaoldalon. Az önálló klímamodulok megtartják saját elrendezési beállításaikat.,
ui_set_what_each_person_may_do_per_user_like_aa86ea2,string,,"Set what each person may do — per user, like the hidden views above. These apply when they use a dashboard you shared.","Állítsa be, hogy az egyes személyek mit tehetnek – felhasználónként, mint a fenti rejtett nézetek. Ezek akkor érvényesek, amikor egy Ön által megosztott irányítópultot használnak.",
ui_settings_c7f73bb,string,,Settings,Beállítások elemre,
ui_setup_changed_b184bf0,string,,Setup changed,A beállítás megváltozott,
ui_setup_progress_1a8adef,string,,Setup progress,A beállítás folyamata,
ui_shape_and_width_on_the_dashboard_c89fefa,string,,Shape and width on the dashboard,Forma és szélesség a műszerfalon,
ui_shape_ea5c1a2,string,,Shape,Alak,
ui_shape_visible_information_and_icon_behavior_63dec1c,string,,"Shape, visible information, and icon behavior","Alak, látható információk és ikonviselkedés",
ui_share_09ca55c,string,,Share,Részesedés,
ui_share_b300e5f,string,,"Share ""%1$s""",„%1$s” megosztása,keep %1$s
ui_share_dashboards_0917ff1,string,,Share dashboards,Irányítópultok megosztása,
ui_shared_dashboard_86876c0,string,,Shared dashboard,Megosztott irányítópult,
ui_shared_with_me_f40ca84,string,,Shared with me,Megosztva velem,
ui_sharing_ad00590,string,,Sharing…,Megosztás…,
ui_show_a_descending_timer_when_the_value_is_a_1ae7350,string,,"Show a descending timer when the value is a completion time (e.g. a washer/dryer finish time). Active while counting, off at zero.","Csökkenő időzítő megjelenítése, ha az érték egy befejezési idő (például egy mosó-/szárítógép befejezési ideje). Számlálás közben aktív, nullánál kikapcsolva.",
ui_show_a_live_radar_rain_map_card_a_camera_a0e11c8,string,,Show a live radar/rain map card — a camera entity or an embedded web page (iframe),Élő radar/esőtérkép kártya megjelenítése – kamera entitás vagy beágyazott weboldal (iframe),
ui_show_activity_badge_f5d56bb,string,,Show activity badge,Tevékenység jelvény megjelenítése,
ui_show_badge_bar_827499b,string,,Show badge bar,Jelvénysáv megjelenítése,
ui_show_flows_button_9e888be,string,,Show flows button,Folyamatok megjelenítése gomb,
ui_show_global_search_e7aefbe,string,,Show global search,Globális keresés megjelenítése,
ui_show_group_380c43e,string,,Show group,Csoport megjelenítése,
ui_show_in_header_43f0dfd,string,,Show in header,Megjelenítés a fejlécben,
ui_show_persons_c4e81a0,string,,Show persons,Személyek megjelenítése,
ui_show_the_automations_flows_button_16254ce,string,,Show the automations (flows) button,Az automatizálások (folyamatok) gomb megjelenítése,
ui_show_the_entity_s_state_or_one_of_its_1008a4d,string,,"Show the entity's state, or one of its attributes instead",Mutassa meg az entitás állapotát vagy helyette valamelyik attribútumot,
ui_show_the_entity_s_state_or_one_of_its_e721168,string,,"Show the entity's state, or one of its attributes instead.",Mutassa meg az entitás állapotát vagy helyette valamelyik attribútumot.,
ui_show_the_global_search_button_0517d8b,string,,Show the global search button,A globális keresés gomb megjelenítése,
ui_show_widget_name_5ad7fc9,string,,Show widget name,A widget nevének megjelenítése,
ui_shown_b1015a1,string,,%1$s shown,%1$s látható,keep %1$s
ui_shows_an_icon_matching_the_waste_type_gft_pmd_1966fe0,string,,"Shows an icon matching the waste type (GFT, PMD, paper, …).","A hulladéktípusnak megfelelő ikont jelenít meg (GFT, PMD, papír stb.).",
ui_side_split_alignment_b9c5399,string,,Side (split alignment),Oldalsó (osztott igazítás),
ui_sign_out_safely_or_reset_this_installation_681fac2,string,,Sign out safely or reset this installation,"Jelentkezzen ki biztonságosan, vagy állítsa vissza a telepítést",
ui_signing_you_in_10d0636,string,,Signing you in…,Bejelentkezéskor…,
ui_size_shape_and_artwork_4bb38bb,string,,"Size, shape, and artwork","Méret, forma és műalkotás",
ui_size_shape_and_background_24dd9b6,string,,"Size, shape, and background","Méret, forma és háttér",
ui_snapshot_b08ae37,string,,Snapshot,Pillanatkép,
ui_solar_0e26539,string,,Solar,Nap,
ui_solar_noon_599372c,string,,Solar noon %1$s,Napelemes dél %1$s,keep %1$s
ui_sort_d5f73d6,string,,Sort: %1$s,Rendezés: %1$s,keep %1$s
ui_source_and_card_refresh_behavior_0a26324,string,,Source and card refresh behavior,Forrás és kártya frissítési viselkedése,
ui_source_device_4ddad2a,string,,Source device,Forrás eszköz,
ui_span_badges_58c73f2,string,,Span badges,Span jelvények,
ui_speed_265ffc5,string,,SPEED,SEBESSÉG,
ui_speed_control_89a2786,string,,Speed control,Sebességszabályozás,
ui_spin_a801301,string,,spin,spin,
ui_square_82810cb,string,,Square,Négyzet,
ui_stack_cards_8bdc343,string,,Stack Cards,Verem a kártyákat,
ui_stack_layout_1623679,string,,Stack layout,Veremelrendezés,
ui_stack_name_7507e93,string,,Stack name,Verem neve,
ui_stack_page_3d91ce9,string,,stack_page,verem_oldal,
ui_stack_title_46ccc2d,string,,Stack title,Verem címe,
ui_stack_title_cc2f1ed,string,,Stack Title,Verem címe,
ui_stacks_249f056,string,,Stacks,Stackek,
ui_standard_2dfa660,string,,Standard,Standard,
ui_start_24758a5,string,,Start: %1$s,Kezdés: %1$s,keep %1$s
ui_start_empty_25336ee,string,,Start empty,Kezdje üresen,
ui_start_empty_888db50,string,,Start Empty,Kezdje Üres,
ui_start_new_dashboard_8c71127,string,,Start new dashboard?,Új irányítópultot indít?,
ui_start_with_a_useful_recipe_then_adjust_each_step_d560a2a,string,,"Start with a useful recipe, then adjust each step","Kezdje egy hasznos recepttel, majd állítsa be az egyes lépéseket",
ui_state_a725020,string,,State,Állami,
ui_state_bef84bb,string,,STATE,ÁLLAMI,
ui_state_text_6749c0a,string,,State text,Állami szöveg,
ui_stream_df06386,string,,Stream,Folyam,
ui_style_99a0efc,string,,Style,Stílus,
ui_sunrise_and_sunset_data_unavailable_3295324,string,,Sunrise and sunset data unavailable,Napkelte és napnyugta adatok nem állnak rendelkezésre,
ui_sunrise_fadf71c,string,,Sunrise,Napkelte,
ui_sunset_181bcd5,string,,Sunset,Napnyugta,
ui_support_f32d5a3,string,,Support,Támogatás,
ui_support_via_buy_me_a_coffee_d7dadd1,string,,Support via Buy Me a Coffee,Támogatás a Buy Me a Coffee szolgáltatáson keresztül,
ui_support_via_paypal_7184a5d,string,,Support via PayPal,Támogatás PayPal-on keresztül,
ui_support_without_premium_0a4aebd,string,,Support without Premium,Támogatás Premium nélkül,
ui_supports_headings_lists_quotes_code_bold_italic_code_strik_e295744,string,,"Supports # headings, lists, > quotes, ``` code, **bold**, *italic*, `code`, ~~strike~~ and [links](https://…).","# címsor, lista, > idézőjel, ``` kód, **félkövér**, *dőlt*, `code`, ~~strike~~ és [linkek](https://…) támogatása.",
ui_swing_65d8d45,string,,Swing,Hinta,
ui_swing_horizontal_c166cda,string,,Swing (horizontal),hinta (vízszintes),
ui_swipe_left_from_the_upper_right_edge_of_a_416c467,string,,Swipe left from the upper-right edge of a page header to switch homes at any time.,Az oldal fejlécének jobb felső szélétől balra csúsztatva bármikor válthat otthonról.,
ui_switch_b02cbd9,string,,SWITCH,KAPCSOLÓ,
ui_switch_home_e6ceda2,string,,Switch home,Váltson haza,
ui_system_dark_theme_c7e4ff9,string,,System Dark Theme,Rendszer sötét téma,
ui_system_light_theme_5bc7623,string,,System Light Theme,System Light téma,
ui_systems_idle_584a6f0,string,,Systems idle,Rendszerek tétlen,
ui_t_c2c53d6,string,,T,T,
ui_tabs_and_media_controls_shown_throughout_the_app_5d9c1ff,string,,Tabs and media controls shown throughout the app,Az alkalmazásban megjelenő lapok és médiavezérlők,
ui_tap_here_or_use_the_button_while_edit_mode_8baf490,string,,Tap here or use the + button while edit mode is active to add widgets to this stack.,"Koppintson ide, vagy használja a + gombot, amikor a szerkesztési mód aktív, hogy widgeteket adjon ehhez a köteghez.",
ui_tap_here_or_use_the_button_while_edit_mode_b06aac5,string,,Tap here or use the + button while edit mode is active to add entities to this stack.,"Koppintson ide, vagy használja a + gombot, amíg a szerkesztési mód aktív, hogy entitásokat adjon hozzá ehhez a veremhez.",
ui_tap_hold_and_dialog_quick_actions_2052817,string,,"Tap, hold, and dialog quick actions","Érintse meg, tartsa lenyomva, és párbeszédpanel gyorsműveletek",
ui_tap_share_to_publish_or_update_d185341,string,,Tap Share to publish or update,Koppintson a Megosztás elemre a közzétételhez vagy frissítéshez,
ui_tap_to_add_a_weather_card_a3508a9,string,,Tap + to add a weather card,Érintse meg a + gombot időjárás-kártya hozzáadásához,
ui_tap_to_load_0c49cab,string,,Tap to load,Koppintson a betöltéshez,
ui_tap_x_to_restore_an_entity_to_the_battery_ad0eb75,string,,Tap X to restore an entity to the battery page.,Érintse meg az X elemet egy entitás visszaállításához az akkumulátoroldalra.,
ui_target_49d76ad,string,,TARGET (%1$s–%2$s%%),CÉL (%1$s–%2$s%%),keep %1$s %2$s
ui_target_61ad50a,string,,Target,Cél,
ui_target_entity_optional_cdb68af,string,,Target entity (optional),Cél entitás (nem kötelező),
ui_target_f762108,string,,TARGET,CÉL,
ui_technology_d018b08,string,,Technology,Technológia,
ui_temperature_0a9062a,string,,Temperature,Hőmérséklet,
ui_temperature_and_humidity_sources_for_the_room_8960580,string,,Temperature and humidity sources for the room,A helyiség hőmérséklet- és páraforrásai,
ui_temperature_cc6906a,string,,TEMPERATURE,HŐMÉRSÉKLET,
ui_temperature_sensor_graphed_in_activity_1088c3d,string,,Temperature sensor (graphed in Activity),Hőmérséklet-érzékelő (grafikon a tevékenység alatt),
ui_text_054812c,string,,%1$s +%2$s,%1$s +%2$s,keep %1$s %2$s
ui_text_0726b05,string,,%1$s%2$s,%1$s%2$s,keep %1$s %2$s
ui_text_16b6ffd,string,,-%1$s,-%1$s,keep %1$s
ui_text_2cd9114,string,,%1$s (%2$s),%1$s (%2$s),keep %1$s %2$s
ui_text_2fb8748,string,,%1$s · ,%1$s ·,keep %1$s; keep the space at the start/end
ui_text_33e0751,string,,.%1$s,.%1$s,keep %1$s
ui_text_42cae2b,string,,  %1$s°,%1$s°,keep %1$s; keep the space at the start/end
ui_text_4ad598c,string,, · %1$s%%,· %1$s%%,keep %1$s; keep the space at the start/end
ui_text_5256c76,string,,↑ %1$s,↑ %1$s,keep %1$s
ui_text_59f6071,string,,%1$s - %2$s,%1$s - %2$s,keep %1$s %2$s
ui_text_68fdf13,string,,%1$s.,%1$s.,keep %1$s
ui_text_78c505f,string,,%1$s %2$s,%1$s %2$s,keep %1$s %2$s
ui_text_7c73907,string,,↓ %1$s,↓ %1$s,keep %1$s
ui_text_7f1f581,string,,%1$s°,%1$s°,keep %1$s
ui_text_89a38e4,string,,%1$s…,%1$s…,keep %1$s
ui_text_8f71dfd,string,,%1$s. %2$s,%1$s. %2$s,keep %1$s %2$s
ui_text_96dfbd3,string,,%1$s: %2$s%3$s,%1$s: %2$s%3$s,keep %1$s %2$s %3$s
ui_text_9704d5c,string,,%1$s/%2$s - ,%1$s/%2$s -,keep %1$s %2$s; keep the space at the start/end
ui_text_98d3f75,string,,✓ %1$s,✓ %1$s,keep %1$s
ui_text_9e5a283,string,,%1$s×,%1$s×,keep %1$s
ui_text_a105b80,string,,%1$s/%2$s,%1$s/%2$s,keep %1$s %2$s
ui_text_be10035,string,, · %1$s,· %1$s,keep %1$s; keep the space at the start/end
ui_text_c1aacd9,string,,%1$s · %2$s,%1$s · %2$s,keep %1$s %2$s
ui_text_c3328c3,string,,Text,Szöveg,
ui_text_c79f712,string,,%1$s,%1$s,keep %1$s
ui_text_cc9d930,string,,%1$s — %2$s %3$s,%1$s — %2$s %3$s,keep %1$s %2$s %3$s
ui_text_df0282e,string,,%1$s: %2$s,%1$s: %2$s,keep %1$s %2$s
ui_text_f168b71,string,,+%1$s,+%1$s,keep %1$s
ui_text_fc9db15,string,,%1$s%%,%1$s%%,keep %1$s
ui_text_size_boldness_and_font_family_365f489,string,,"Text size, boldness and font family","Szövegméret, vastagság és betűcsalád",
ui_that_profile_35adbf0,string,,that profile,azt a profilt,
ui_the_effect_used_when_a_button_s_animation_is_7cce891,string,,"The effect used when a button's animation is set to ""Auto"". You can still override any individual button.","Az az effektus, amelyet akkor használnak, ha egy gomb animációja ""Auto""-ra van állítva. Továbbra is felülbírálhatja az egyes gombokat.",
ui_the_exact_dates_you_pick_leave_a_bound_as_19357e8,string,,"The exact dates you pick. Leave a bound as ""Any"" for an open-ended range.","Az Ön által választott pontos dátumok. Hagyjon egy korlátot ""Bármilyen""-ként egy nyílt végű tartományhoz.",
ui_the_heading_shown_between_dashboard_sections_b03805f,string,,The heading shown between dashboard sections,Az irányítópult részei között látható fejléc,
ui_the_hki_7_community_source_code_is_free_and_f4f3f51,string,,"The HKI 7 community source code is free and open source under the Mozilla Public License 2.0. You may use, study, modify, and redistribute it. When you distribute modified MPL-covered files, those files and their source must remain available under MPL-2.0.","A HKI 7 közösségi forráskód ingyenes és nyílt forráskódú a Mozilla Public License 2.0 alatt. Használhatja, tanulmányozhatja, módosíthatja és terjesztheti. Amikor módosított MPL-lel lefedett fájlokat terjeszt, ezeknek a fájloknak és forrásuknak továbbra is elérhetőnek kell maradniuk az MPL-2.0 alatt.",don't translate HKI 7
ui_the_hki_7_name_and_logos_are_project_trademarks_985ffec,string,,"The HKI 7 name and logos are project trademarks and are not granted for misleading redistribution. Home Assistant and other third-party names, libraries, fonts, and artwork remain subject to their respective licenses and trademarks. The software is provided without warranty, as described by MPL-2.0.","A HKI 7 név és logók a projekt védjegyei, és nem engedélyezettek megtévesztő továbbterjesztéshez. A Home Assistant és más harmadik felek nevei, könyvtárai, betűtípusai és grafikái továbbra is a megfelelő licencek és védjegyek hatálya alá tartoznak. A szoftvert az MPL-2.0 szerint garancia nélkül biztosítjuk.","don't translate Home Assistant, HKI 7"
ui_the_interface_is_built_with_jetpack_compose_coroutines_and_fe7f52d,string,,"The interface is built with Jetpack Compose. Coroutines and Flow handle live state, while JSON and YAML-compatible data keep HKI 7 connected with Home Assistant.","Az interfész a Jetpack Compose segítségével épül fel. A korutinok és a Flow kezeli az élő állapotot, míg a JSON- és a YAML-kompatibilis adatok a HKI 7-t a Home Assistant-val kapcsolják össze.","don't translate Home Assistant, HKI 7"
ui_the_open_source_community_core_remains_usable_without_prem_d83ff8a,string,,The open-source community core remains usable without Premium. Premium purchases fund extra visual content and continued development; they do not remove the freedoms granted for MPL-covered files.,A nyílt forráskódú közösségi mag Premium nélkül is használható marad. A prémium vásárlások extra vizuális tartalmat és folyamatos fejlesztést finanszíroznak; nem szüntetik meg az MPL-lel lefedett fájlok számára biztosított szabadságjogokat.,
ui_the_page_starts_empty_with_its_own_header_and_5a325c0,string,,"The page starts empty with its own header and page settings, while keeping the Home widget catalogue.","Az oldal üresen indul, saját fejlécével és oldalbeállításaival, miközben megtartja a Kezdőlap widget katalógust.",
ui_the_quick_brown_fox_jumps_over_the_lazy_dog_2204ad2,string,,The quick brown fox jumps over the lazy dog — 0123456789,A gyors barna róka átugrik a lusta kutyán — 0123456789,
ui_the_room_header_and_card_show_a_single_player_3e24a17,string,,"The room header and card show a single player's media, or an active-player count when multiple players are selected.","A szoba fejléce és kártya egy játékos médiáját, vagy több játékos kiválasztása esetén az aktív játékosok számát mutatja.",
ui_the_text_shown_on_the_dashboard_fff5c98,string,,The text shown on the dashboard,A műszerfalon látható szöveg,
ui_the_web_page_shown_on_this_card_ce97bfd,string,,The web page shown on this card,A kártyán látható weboldal,
ui_theme_a797e30,string,,Theme,Téma,
ui_theme_and_navigation_bar_474ee6b,string,,Theme and navigation bar,Téma és navigációs sáv,
ui_thermostat_dial_e6af91b,string,,Thermostat dial,Termosztát tárcsa,
ui_thermostats_601da0c,string,,Thermostats,Termosztátok,
ui_thermostats_ac_7d2ace4,string,,Thermostats & AC,Termosztátok és AC,
ui_these_are_stored_in_the_cloud_import_one_to_558c62d,string,,"These are stored in the cloud. Import one to edit or re-share it, or delete it to remove it from everyone. Your edits are also pushed automatically when you open the app.","Ezeket a felhőben tárolják. Importáljon egyet a szerkesztéséhez vagy újramegosztásához, vagy törölje, ha mindenkitől eltávolítja. Az alkalmazás megnyitásakor a módosításokat a rendszer automatikusan leküldi.",
ui_these_links_open_in_your_browser_tips_do_not_049b881,string,,These links open in your browser. Tips do not unlock Premium features and do not create an obligation to provide individual support.,"Ezek a hivatkozások a böngészőjében nyílnak meg. A tippek nem szabadítanak fel prémium funkciókat, és nem kötelezik az egyéni támogatást.",
ui_these_permissions_are_optional_and_can_be_changed_later_aa7a106,string,,These permissions are optional and can be changed later in Android Settings.,"Ezek az engedélyek nem kötelezőek, és később módosíthatók az Android beállításaiban.",
ui_thin_100_9e7a443,string,,Thin (-100),Vékony (-100),
ui_thinner_200_6ae7a6f,string,,Thinner (-200),Vékonyabb (-200),
ui_this_action_does_not_use_an_entity_target_5952444,string,,This action does not use an entity target.,Ez a művelet nem használ entitáscélt.,
ui_this_action_has_no_required_target_or_additional_fields_987a410,string,,This action has no required target or additional fields.,Ez a művelet nem tartalmaz kötelező célt vagy további mezőket.,
ui_this_automation_is_managed_outside_home_assistant_s_ui_89d26f5,string,,"This automation is managed outside Home Assistant's UI (usually YAML). HKI7 can show it, but will not overwrite it.","Ezt az automatizálást a Home Assistant felhasználói felületén (általában YAML) kívül kezelik. HKI7 meg tudja mutatni, de nem írja felül.","don't translate Home Assistant, HKI7"
ui_this_card_uses_its_own_entities_e572388,string,,This card uses its own entities,Ez a kártya saját entitásokat használ,
ui_this_dashboard_is_currently_being_generated_from_home_assi_470200d,string,,This dashboard is currently being generated from Home Assistant. You can edit rooms as soon as the one-time import finishes.,Ez az irányítópult jelenleg a következőből jön létre: Home Assistant. Az egyszeri importálás befejeztével azonnal szerkesztheti a szobákat.,don't translate Home Assistant
ui_this_entity_2ddd36d,string,,This entity,Ez az entitás,
ui_this_entity_has_no_attributes_to_show_b09f4c9,string,,This entity has no attributes to show.,Ennek az entitásnak nincsenek megjeleníthető attribútumai.,
ui_this_light_is_paused_for_manual_control_706bffa,string,,This light is paused for manual control.,Ez a lámpa a kézi vezérléshez szünetel.,
ui_this_name_is_used_when_the_device_registers_with_8aba2f2,string,,This name is used when the device registers with Home Assistant.,"Ez a név akkor használatos, amikor az eszköz regisztrálja a Home Assistant.",don't translate Home Assistant
ui_this_permanently_removes_this_dashboard_and_its_room_and_8087734,string,,This permanently removes this dashboard and its room and page configuration.,"Ezzel véglegesen eltávolítja ezt az irányítópultot, valamint annak helyiség- és oldalkonfigurációját.",
ui_this_removes_all_imported_battery_entities_from_this_view_7a74283,string,,This removes all imported battery entities from this view.,Ezzel eltávolítja az összes importált akkumulátor-entitást ebből a nézetből.,
ui_this_removes_all_imported_climate_entities_from_this_view_713f511,string,,This removes all imported climate entities from this view.,Ezzel az összes importált éghajlati entitást eltávolítja ebből a nézetből.,
ui_this_removes_all_imported_energy_entities_from_this_view_7397917,string,,This removes all imported energy entities from this view.,Ezzel az összes importált energetikai entitást eltávolítja ebből a nézetből.,
ui_this_removes_all_imported_rooms_and_floors_from_this_d1cbbff,string,,This removes all imported rooms and floors from this view.,Ezzel az összes importált szobát és emeletet eltávolítja ebből a nézetből.,
ui_this_removes_all_imported_security_entities_from_this_view_6443e5c,string,,This removes all imported security entities from this view.,Ezzel eltávolítja az összes importált biztonsági entitást ebből a nézetből.,
ui_this_removes_its_login_mobile_app_registration_details_and_69afc19,string,,"This removes its login, mobile-app registration details, and HKI dashboards from this device. The Home Assistant server itself is not changed.","Ezzel eltávolítja a bejelentkezési adatokat, a mobilalkalmazás regisztrációs adatait és a HKI irányítópultjait erről az eszközről. Maga a Home Assistant szerver nem változott.",don't translate Home Assistant
ui_this_removes_the_native_automation_from_home_assistant_thi_2a48e1a,string,,This removes the native automation from Home Assistant. This cannot be undone from HKI7.,Ez eltávolítja a natív automatizálást a Home Assistant-ból. Ez a művelet nem vonható vissza innen: HKI7.,"don't translate Home Assistant, HKI7"
ui_this_removes_the_shared_dashboard_from_the_cloud_for_4bab01c,string,,This removes the shared dashboard from the cloud for everyone. People currently using it fall back to an auto-generated dashboard. Their local copies aren't touched until they next open the app.,"Ezzel mindenki számára eltávolítja a megosztott irányítópultot a felhőből. A jelenleg használó emberek egy automatikusan generált irányítópulthoz térnek vissza. A helyi példányaikat addig nem érintik meg, amíg legközelebb meg nem nyitják az alkalmazást.",
ui_this_runs_on_a_small_free_home_assistant_add_f46f2e3,string,,"This runs on a small, free Home Assistant add-on (the HKI 7 Cloud component). It isn't on HACS by default yet, so add it as a custom repository — the app then handles everything else.","Ez egy kicsi, ingyenes Home Assistant kiegészítőn (a HKI 7 Cloud komponensen) fut. Alapértelmezés szerint még nincs HACS-on, ezért adja hozzá egyéni tárhelyként – az alkalmazás minden mást kezel.","don't translate HKI 7 Cloud, Home Assistant"
ui_this_source_code_form_is_subject_to_the_terms_c8e4e24,string,,"This Source Code Form is subject to the terms of the Mozilla Public License, v. 2.0. If a copy of the MPL was not distributed with this file, you can obtain one at mozilla.org/MPL/2.0/.","Erre a Forráskód-űrlapra a Mozilla Public License, v. 2.0 feltételei vonatkoznak. Ha az MPL másolatát nem terjesztették ezzel a fájllal, a mozilla.org/MPL/2.0/ címen szerezhet be egyet.",
ui_this_stack_has_no_items_0f92c8d,string,,This stack has no items.,Ebben a kötegben nincsenek elemek.,
ui_this_travels_with_the_dashboard_so_cloud_backups_and_1dd603d,string,," This travels with the dashboard, so cloud backups and family sharing keep it.","Ez az irányítópulttal együtt utazik, így a felhőalapú biztonsági mentések és a családi megosztás megtartja.",keep the space at the start/end
ui_tile_2dd2c66,string,,Tile,Csempe,
ui_tilt_aceae6f,string,,TILT,DÖNTÉS,
ui_time_6c82e6d,string,,Time,Idő,
ui_time_range_9257117,string,,Time Range,Időtartomány,
ui_title_768e0c1,string,,Title,Cím,
ui_title_collapse_behavior_and_dashboard_width_a64a590,string,,"Title, collapse behavior, and dashboard width","Cím, összecsukási viselkedés és az irányítópult szélessége",
ui_title_collapse_behavior_and_width_dd2b475,string,,"Title, collapse behavior, and width","Cím, összecsukási viselkedés és szélesség",
ui_title_optional_932fc13,string,,Title (optional),Cím (nem kötelező),
ui_title_width_and_icon_41ec073,string,,"Title, width, and icon","Cím, szélesség és ikon",
ui_to_state_2a995a1,string,,To state,Kijelenteni,
ui_today_24345a1,string,,Today,Ma,
ui_tomorrow_1948bf2,string,,Tomorrow,Holnap,
ui_top_consumers_0199dbf,string,,Top consumers,Legjobb fogyasztók,
ui_tracking_number_4e40c54,string,,Tracking number,Nyomon követési szám,
ui_try_again_042c862,string,,Try again,Próbáld újra,
ui_try_the_demo_home_no_server_needed_bc58247,string,,Try the demo home — no server needed,Próbálja ki a demó otthont – nincs szükség szerverre,
ui_turn_off_all_3a7a2b0,string,,Turn off all,Kapcsolja ki az összeset,
ui_turn_on_a5aa418,string,,Turn On,Bekapcsol,
ui_turn_the_light_on_to_access_controls_25f4ad6,string,,Turn the light on to access controls,A vezérlők eléréséhez kapcsolja be a lámpát,
ui_turn_the_notification_connection_channel_off_on_the_next_cdddec0,string,,"Turn the ""Notification connection"" channel off on the next screen — the connection keeps working, only its notification disappears.","A következő képernyőn kapcsolja ki az „Értesítési kapcsolat” csatornát – a kapcsolat továbbra is működik, csak az értesítése tűnik el.",
ui_two_rows_1b1737f,string,,Two rows,Két sor,
ui_type_3deb745,string,,Type,Írja be,
ui_type_icon_839142a,string,,Type icon,Írja be az ikont,
ui_unable_to_connect_8207f1b,string,,Unable to connect,Nem lehet csatlakozni,
ui_unit_f6b935a,string,,Unit,Egység,
ui_unknown_bc7819b,string,,Unknown,Ismeretlen,
ui_unknown_energy_card_b8e46de,string,,Unknown energy card: %1$s,Ismeretlen energiakártya: %1$s,keep %1$s
ui_unlock_1526a17,string,,Unlock,Kinyit,
ui_unlock_button_ad521c4,string,,Unlock button,Feloldó gomb,
ui_unlock_method_dff380e,string,,Unlock method,Feloldási módszer,
ui_unlocked_b3da702,string,,Unlocked,Feloldva,
ui_unrestricted_background_cebdb1e,string,,Unrestricted background,Korlátlan háttér,
ui_untitled_621521f,string,,Untitled,Cím nélkül,
ui_untitled_event_ef8d264,string,,Untitled event,Névtelen esemény,
ui_upcoming_523baab,string,,Upcoming,Közelgő,
ui_update_fb91e24,string,,Update,Frissítés,
ui_update_location_now_d338c2c,string,,Update Location Now,Frissítse a helyet most,
ui_updated_62d2331,string,,Updated %1$s,Frissítve %1$s,keep %1$s
ui_url_https_a1a19ec,string,,URL (https://…),URL (https://…),
ui_usage_overview_fc2eefc,string,,Usage overview,Használati áttekintés,
ui_use_1d4d43c,string,,Use,Használat,
ui_use_a_dashboard_an_admin_has_shared_with_you_8b1cfdb,string,,Use a dashboard an admin has shared with you.,Az adminisztrátor által megosztott irányítópult használata.,
ui_use_a_family_shared_dashboard_9b8ab51,string,,Use a family shared dashboard,Családi megosztott irányítópult használata,
ui_use_a_recognizable_name_such_as_kitchen_tablet_or_ca9f431,string,,"Use a recognizable name, such as ‘Kitchen tablet’ or ‘Jimmy’s phone’.","Használjon felismerhető nevet, például „Konyhai táblagép” vagy „Jimmy telefonja”.",
ui_use_family_shared_dashboard_28e06c2,string,,Use family shared dashboard,Családi megosztott irányítópult használata,
ui_used_6a4ebbf,string,,Used %1$s,Használt %1$s,keep %1$s
ui_uses_hki_7_s_private_google_drive_storage_enable_0559ced,string,,Uses HKI 7's private Google Drive storage. Enable it once to create an immediate backup and then back up automatically every day.,"HKI 7 privát Google Drive tárhelyét használja. Engedélyezze egyszer, hogy azonnali biztonsági másolatot készítsen, majd minden nap automatikusan készítsen biztonsági másolatot.","don't translate Google Drive, HKI 7"
ui_uses_the_sun_entity_configured_in_weather_settings_e580a39,string,,Uses the Sun entity configured in Weather settings.,Az Időjárás beállításaiban konfigurált Sun entitást használja.,
ui_using_a_shared_dashboard_applies_the_permissions_the_admin_a337a76,string,,Using a shared dashboard applies the permissions the admin set for it.,Megosztott irányítópult használata esetén az adminisztrátor által beállított engedélyek érvényesek.,
ui_using_the_climate_view_s_entities_8befb0f,string,,Using the Climate view's entities,A Klíma nézet entitásainak használata,
ui_using_the_energy_view_s_entities_7ca9bed,string,,Using the Energy view's entities,Az Energia nézet entitásainak használata,
ui_vacuum_5fe15df,string,,Vacuum,Vákuum,
ui_vacuum_device_3deae52,string,,Vacuum device,Vákuumos készülék,
ui_vacuum_entities_c7da1d7,string,,Vacuum entities,Vákuum entitások,
ui_vacuum_map_8236541,string,,Vacuum map,Vákuum térkép,
ui_vacuum_stack_b93d3b7,string,,Vacuum Stack,Vákuum Stack,
ui_vertical_slider_e09cef1,string,,Vertical slider,Függőleges csúszka,
ui_view_on_github_0c77991,string,,View on GitHub,Megtekintés a GitHubon,
ui_visibility_7d9ff4f,string,,Visibility,Láthatóság,
ui_visibility_alignment_and_overflow_behavior_467f44f,string,,"Visibility, alignment, and overflow behavior","Láthatóság, igazítás és túlcsordulási viselkedés",
ui_visibility_and_ordering_in_the_page_header_0f9e3d8,string,,Visibility and ordering in the page header,Láthatóság és sorrend az oldal fejlécében,
ui_visible_during_791f42c,string,,Visible during,alatt látható,
ui_visible_persons_4b7ae6c,string,,Visible persons,Látható személyek,
ui_visual_style_bc567f3,string,,Visual style,Vizuális stílus,
ui_w_e2415cb,string,,W,W,
ui_waiting_for_home_assistant_af224aa,string,,Waiting for Home Assistant,Várakozás: Home Assistant,don't translate Home Assistant
ui_wallpaper_and_an_optional_custom_color_f4f12f1,string,,Wallpaper and an optional custom color,Háttérkép és választható egyedi szín,
ui_wallpaper_and_optional_custom_color_0dc6738,string,,Wallpaper and optional custom color,Háttérkép és választható egyedi szín,
ui_wallpaper_url_or_path_e208631,string,,Wallpaper URL or path,Háttérkép URL-je vagy elérési útja,
ui_waste_collection_7cdf205,string,,Waste Collection,Hulladékgyűjtés,
ui_waste_sensors_8bfd3ec,string,,Waste sensors,Hulladékérzékelők,
ui_watch_d91ebf5,string,,Watch,Óra,
ui_water_5480538,string,,Water: %1$s,Víz: %1$s,keep %1$s
ui_water_de9b1be,string,,Water,Víz,
ui_water_level_optional_fallback_61b2be5,string,,Water level (optional fallback),Vízszint (opcionális visszaállítás),
ui_water_meters_imported_from_home_assistant_s_energy_dashboa_b1ac157,string,,Water meters imported from Home Assistant's Energy dashboard.,A Home Assistant Energy műszerfaláról importált vízmérők.,don't translate Home Assistant
ui_we_ll_check_your_home_network_first_you_can_c7ca0f0,string,,We'll check your home network first; you can also enter an address,Először ellenőrizzük az otthoni hálózatát; címet is megadhat,
ui_weather_284af3e,string,,Weather,Időjárás,
ui_weather_card_0c6594c,string,,Weather Card,Időjárás kártya,
ui_weather_details_bc94175,string,,Weather details,Időjárás részletei,
ui_weather_entities_0a2c547,string,,Weather entities,Időjárás entitások,
ui_weather_entity_402cbd9,string,,Weather entity,Időjárás entitás,
ui_weather_source_778baeb,string,,Weather source,Időjárási forrás,
ui_weather_stack_4d4f763,string,,Weather Stack,Időjárás Stack,
ui_weather_type_fe0b7cc,string,,Weather Type,Időjárás típusa,
ui_web_address_url_55052c9,string,,Web address (URL),Webcím (URL),
ui_week_calendar_shown_in_the_dialog_6d4f28b,string,,Week calendar (shown in the dialog),Heti naptár (a párbeszédpanelen látható),
ui_welcome_to_hki_7_9e317bb,string,,Welcome to HKI 7,Üdvözli a HKI 7,don't translate HKI 7
ui_what_hki_7_is_and_how_it_is_built_247bace,string,,What HKI 7 is and how it is built,Mi a HKI 7 és hogyan épül fel,don't translate HKI 7
ui_what_it_does_ca032b5,string,,What it does,Mit csinál,
ui_what_s_new_4d8dc5f,string,,What's new,Újdonságok,
ui_when_769bb19,string,,When,Amikor,
ui_when_and_if_then_dd86ebe,string,,When · And if · Then,Mikor · És ha · Akkor,
ui_when_reporting_a_problem_include_your_android_version_home_784a4e6,string,,"When reporting a problem, include your Android version, Home Assistant version, the affected entity or integration, and clear steps to reproduce it. Removing private URLs, tokens, names, and location data first helps keep support safe.","Probléma bejelentésekor adja meg Android-verzióját, Home Assistant verzióját, az érintett entitást vagy integrációt, és adja meg a reprodukálásához szükséges lépéseket. A privát URL-ek, tokenek, nevek és helyadatok eltávolítása először segít a támogatás biztonságában.",don't translate Home Assistant
ui_when_the_value_is_a_completion_time_e_g_7dce367,string,,"When the value is a completion time (e.g. a washer/dryer finish time), show a descending timer. The button reads active while counting and turns off at zero.","Ha az érték egy befejezési idő (például egy mosó-/szárítógép befejezési ideje), mutasson egy csökkenő időzítőt. Számlálás közben a gomb aktív, és nullánál kikapcsol.",
ui_widget_height_b26de24,string,,Widget height,Widget magassága,
ui_widget_name_55e5340,string,,Widget name,Widget neve,
ui_widget_presentation_a3a8cdc,string,,Widget presentation,Widget bemutató,
ui_widget_width_1d89599,string,,Widget width,Widget szélessége,
ui_width_a58ddf5,string,,Width,Szélesség,
ui_width_and_height_6ed6746,string,,Width and height,Szélesség és magasság,
ui_width_and_optional_icon_671e2ef,string,,Width and optional icon,Szélesség és opcionális ikon,
ui_width_columns_and_container_shape_984a191,string,,"Width, columns, and container shape","Szélesség, oszlopok és tároló alakja",
ui_width_shape_and_collapse_behavior_7abc6f4,string,,"Width, shape, and collapse behavior","Szélesség, forma és összecsukási viselkedés",
ui_wind_142b575,string,,Wind,Szél,
ui_worth_watching_a3d46c7,string,,Worth watching,Érdemes megnézni,
ui_would_you_like_to_add_an_existing_camera_entity_00d5bc3,string,,Would you like to add an existing camera entity or a custom URL?,Hozzá szeretne adni egy meglévő kamera entitást vagy egyéni URL-t?,
ui_write_the_information_shown_on_this_card_4ca5db7,string,,Write the information shown on this card,Írja be a kártyán látható információkat,
ui_you_can_help_by_testing_new_builds_reporting_reproducible_5310461,string,,"You can help by testing new builds, reporting reproducible bugs, suggesting thoughtful improvements, helping with translations or documentation, sharing HKI 7 with other Home Assistant users, and giving constructive feedback.","Segíthet az új buildek tesztelésével, reprodukálható hibák bejelentésével, átgondolt fejlesztések javaslatával, fordításokkal vagy dokumentációval, a HKI 7 megosztásával más Home Assistant felhasználókkal és építő jellegű visszajelzésekkel.","don't translate Home Assistant, HKI 7"
ui_you_re_exploring_the_built_in_sample_home_63c2ad1,string,,You're exploring the built-in sample home,Ön a beépített mintaotthont fedezi fel,
ui_your_automations_and_devices_will_be_unavailable_briefly_h_8a8572e,string,,Your automations and devices will be unavailable briefly. HKI7 will reconnect automatically when Home Assistant is ready.,"Automatizálásai és eszközei rövid ideig nem lesznek elérhetők. A HKI7 automatikusan újracsatlakozik, amikor a Home Assistant készen áll.","don't translate Home Assistant, HKI7"
ui_your_dashboard_is_ready_0719f75,string,,Your dashboard is ready,Az irányítópult készen áll,
ui_your_home_72412fa,string,,Your home,Az otthonod,
ui_your_location_is_shared_only_with_your_own_home_c75bd6d,string,,Your location is shared only with your own Home Assistant server. It is ,A tartózkodási helyét csak a saját Home Assistant szerverével osztja meg. Ez az,don't translate Home Assistant; keep the space at the start/end
logs_title,string,,Connection log,Csatlakozási napló,
logs_subtitle,string,,What the app's connection to Home Assistant has been doing,Mit csinál az alkalmazás Home Assistant kapcsolata,don't translate Home Assistant
logs_empty,string,,Connection log,Csatlakozási napló,
logs_empty_hint,string,,"Nothing logged yet. Connection attempts, reconnects, sync and subscriptions appear here as they happen.","Még nincs naplózva semmi. Itt jelennek meg a csatlakozási kísérletek, az újracsatlakozások, a szinkronizálás és az előfizetések.",
logs_count,string,,Connection log (%1$d),Kapcsolati napló (%1$d),keep %1$d
logs_copy,string,,Copy the log,Másolja a naplót,
logs_clear,string,,Clear the log,Törölje a naplót,
logs_show_all,string,,Show all %1$d,Összes megjelenítése %1$d,keep %1$d
logs_show_less,string,,Show less,Mutass kevesebbet,
parcel_letter_count,plural,one,%1$d letter,%1$d levél,keep %1$d
parcel_letter_count,plural,other,%1$d letters,%1$d betűk,keep %1$d
spacer_empty_button,string,,Empty button,Üres gomb,
spacer_empty_button_description,string,,Transparent placeholder that only reserves space,"Átlátszó helyőrző, amely csak helyet foglal le",
spacer_add_empty_button,string,,Add empty button,Üres gomb hozzáadása,
popup_custom_popup,string,,Custom popup,Egyéni felugró ablak,
popup_choose,string,,Choose a popup,Válasszon egy felugró ablakot,
popup_none_yet,string,,No popups yet,Még nincsenek felugró ablakok,
popup_new,string,,New popup,Új előugró ablak,
popup_default_name,string,,New popup,Új előugró ablak,
popup_name,string,,Popup name,Felugró név,
popup_edit_contents,string,,Edit contents,Szerkessze a tartalmat,
popup_delete,string,,Delete popup,Előugró ablak törlése,
popup_status_entity,string,,Status entity,Állapot entitás,
popup_status_entity_hint,string,,Optional. Its state fills the dialog's status line and adds the history view.,"Választható. Az állapota kitölti a párbeszédpanel állapotsorát, és hozzáadja az előzmények nézetet.",
popup_settings_subtitle,string,,"Name, icon, and status entity","Név, ikon és állapot entitás",
popup_shared_hint,string,,Popups are shared: other buttons can open this same popup.,Az előugró ablakok meg vannak osztva: más gombok is megnyithatják ugyanezt az előugró ablakot.,
popup_empty,string,,This popup is empty. Tap Edit to add widgets.,Ez a felugró ablak üres. Érintse meg a Szerkesztés gombot widgetek hozzáadásához.,
popup_settings_title,string,,Popups,Előugró ablakok,
popup_settings_subtitle_section,string,,Build and edit your custom popups,Készítse el és szerkessze egyéni előugró ablakait,
popup_settings_hint,string,,"Popups open from a button, badge, or dialog button set to the Custom popup action. Edit contents opens the popup itself so you can arrange its widgets.","Az előugró ablakok az Egyéni felugró műveletre beállított gombról, jelvényről vagy párbeszédpanel gombról nyílnak meg. A Tartalom szerkesztése megnyitja magát az előugró ablakot, így elrendezheti a widgeteket.",
button_icon_only,string,,Icon only,Csak ikon,
button_icon_size,string,,Icon size,Ikon mérete,
button_icon_size_description,string,,"Auto shrinks the icon as the stack gains columns, so it still fits a narrow button.","Az automatikus zsugorítja az ikont, ahogy a verem oszlopokat gyarapszik, így továbbra is elfér egy keskeny gomb.",
button_icon_size_auto,string,,Auto,Auto,
button_icon_size_value,string,,%1$d dp,%1$d dp,keep %1$d
stack_child_icon_only,string,,Icon only for every button,Minden gombhoz csak ikon,
stack_child_icon_only_description,string,,"Applies to all buttons in this stack, so you don't have to set it on each one.","A verem összes gombjára vonatkozik, így nem kell mindegyiken beállítania.",
stack_child_icon_size,string,,Icon size for every button,Ikonméret minden gombhoz,
button_icon_only_description,string,,"Hide the name and state, centering the icon on the button","A név és az állapot elrejtése, az ikon a gomb közepére helyezve",
action_button,string,,Action button,Művelet gomb,
action_button_description,string,,"A button without an entity: give it a name, an icon, and any action","Entitás nélküli gomb: adjon neki nevet, ikont és bármilyen műveletet",
action_button_add,string,,Add action button,Művelet hozzáadása gomb,
action_badge_add,string,,Add action badge,Adjon hozzá akciójelvényt,
security_entity_count,plural,one,%1$d entity,%1$d entitás,keep %1$d
security_entity_count,plural,other,%1$d entities,%1$d entitások,keep %1$d
family_permission_switch_dashboards,string,,Allow switching dashboards,Műszerfalváltás engedélyezése,
family_permission_switch_dashboards_subtitle,string,,Let this person load another existing dashboard,"Engedje meg, hogy ez a személy töltsön be egy másik meglévő irányítópultot",
family_permission_create_dashboards,string,,Allow creating dashboards,Irányítópultok létrehozásának engedélyezése,
family_permission_create_dashboards_subtitle,string,,Let this person create or duplicate dashboards,Engedélyezze ennek a személynek irányítópultok létrehozását vagy megkettőzését,
family_dashboard_tab_locked,string,,Locked by family permissions,Családi engedélyekkel zárva,
family_dashboard_access_lost_title,string,,Family access removed,A családi hozzáférés eltávolítva,
family_dashboard_access_lost_message,string,,"You no longer have access to HKI 7 through this family dashboard. Choose another dashboard shared with you, or use any other option your family permissions allow.","Már nem férhet hozzá a HKI 7 szolgáltatáshoz ezen a családi irányítópulton keresztül. Válasszon egy másik, veled megosztott irányítópultot, vagy használjon bármilyen más lehetőséget, amelyet a családi engedélyei engedélyeznek.",don't translate HKI 7
family_access_manage,string,,Manage access,Hozzáférés kezelése,
family_access_title,string,,Who can see %1$s,Ki láthatja: %1$s,keep %1$s
family_access_description,string,,Add or remove people. Everyone you remove loses this dashboard the next time their app syncs.,"Személyek hozzáadása vagy eltávolítása. Mindenki, akit eltávolít, elveszíti ezt az irányítópultot az alkalmazás következő szinkronizálásakor.",
family_access_shared_everyone,string,,Shared with everyone,Mindenkivel megosztva,
family_access_shared_nobody,string,,Shared with no one,Senkivel megosztva,
family_access_shared_with,string,,Shared with %1$s,Megosztva vele: %1$s,keep %1$s
family_access_unknown_user,string,,Unknown user,Ismeretlen felhasználó,
family_access_revoke_warning,string,,"Losing access deletes their copy of this dashboard, along with any colours, icons, and names they changed on it.","A hozzáférés elvesztése törli az irányítópult másolatát, valamint a rajta megváltoztatott színeket, ikonokat és neveket.",
family_versions_title,string,,HKI versions,HKI verziók,
family_versions_description,string,,Which HKI build each family device is running. This device is on %1$s. A device appears once it has opened HKI 7 1.0.0-beta.18 or newer at least once.,"Melyik HKI build fut az egyes családi eszközökön. Ez az eszköz a következőn van: %1$s. Egy eszköz akkor jelenik meg, ha legalább egyszer megnyitotta a HKI 7 1.0.0-beta.18 vagy újabb verziót.",keep %1$s; don't translate HKI 7
family_versions_empty,string,,No family devices have reported a version yet.,Még egyetlen családi eszköz sem jelentett verziót.,
family_versions_loading,string,,Loading family devices…,Családi eszközök betöltése…,
family_versions_unavailable,string,,Home Assistant could not return the family device list. Check that HKI 7 Cloud is up to date.,"Home Assistant nem tudta visszaadni a családi eszközök listáját. Ellenőrizze, hogy a HKI 7 Cloud naprakész-e.","don't translate HKI 7 Cloud, Home Assistant"
family_versions_outdated,string,,Older than yours,"Idősebb, mint a tied",
family_versions_android,string,,Android %1$s,Android %1$s,keep %1$s
family_versions_reported,string,,reported %1$s,jelentett %1$s,keep %1$s
family_versions_forget,string,,Forget this device,Felejtsd el ezt a készüléket,
family_versions_forget_hint,string,,Forgetting a device only clears it from this list. One that is still in use reappears the next time its app opens.,Egy eszköz elfelejtése csak törli a listáról. A még használatban lévő alkalmazás az alkalmazás következő megnyitásakor újra megjelenik.,
family_versions_nudge,string,,Ask to update to %1$s,Frissítés kérése %1$s,keep %1$s
family_versions_nudge_clear,string,,Cancel update request,Törölje a frissítési kérést,
family_versions_nudge_pending,string,,Waiting for this device to update to %1$s. The request clears itself once it does.,"Várakozás az eszköz frissítésére a következőre: %1$s. A kérelem törlődik, amint megtörténik.",keep %1$s
family_require_title,string,,Require an HKI version,HKI verzió szükséges,
family_require_description,string,,"Everyone below the version you require is asked to update before they can keep using HKI. Nothing here installs anything — Google Play does the update, so people are only ever held up when Play actually has it ready for them.","Mindenkinek, aki a szükséges verzió alatt van, frissítse, mielőtt tovább használhatná a HKI-t. Itt semmi sem telepít semmit – a Google Play elvégzi a frissítést, így az emberek csak akkor maradnak el, amikor a Play valóban készen áll rájuk.",
family_require_current,string,,Currently required: %1$s,Jelenleg szükséges: %1$s,keep %1$s
family_require_set,string,,Require everyone to be on %1$s,Mindenkinek a %1$s webhelyen kell lennie,keep %1$s
family_require_clear,string,,Clear the requirement,Törölje a követelményt,
family_require_hint,string,,"You can only require a version some device already runs, so a requirement can never be one nobody is able to install.","Csak egy olyan verziót kérhet, amelyen néhány eszköz már fut, így soha nem lehet olyan követelmény, amelyet senki sem tud telepíteni.",
settings_extra_family_require_failed,string,,Could not change the required version. It has to be one a family device already runs.,"Nem sikerült módosítani a szükséges verziót. Olyannak kell lennie, amelyen már fut egy családi eszköz.",
settings_extra_family_nudge_failed,string,,Could not ask “%1$s” to update.,Nem sikerült kérni a „%1$s” frissítést.,keep %1$s
app_update_required_title,string,,Time to update HKI,Ideje frissíteni a HKI-t,
app_update_required_title_device,string,,This device needs an HKI update,Ehhez az eszközhöz HKI frissítésre van szükség,
app_update_required_message,string,,Your family is on HKI %1$s. This device is on %2$s.,Az Ön családja a HKI-n %1$s. Ez az eszköz a következőn van: %2$s.,keep %1$s %2$s
app_update_required_checking,string,,Checking Google Play…,Google Play ellenőrzése…,
app_update_required_update,string,,Update now,Frissítse most,
app_update_required_open_store,string,,Open HKI in the Play Store,Nyissa meg a HKI-t a Play Áruházban,
app_update_required_opened_store,string,,"Google Play could not take over here, so its store page was opened instead.","A Google Play itt nem tudta átvenni az irányítást, ezért megnyílt helyette az áruház oldala.",
app_update_required_unavailable,string,,"Google Play has no update ready for this device yet. That usually means the release hasn't reached you, or this copy of HKI didn't come from the Play Store.","A Google Play még nem rendelkezik frissítéssel erre az eszközre. Ez általában azt jelenti, hogy a kiadás nem jutott el hozzád, vagy a HKI ezen példánya nem a Play Áruházból származik.",
app_update_required_continue,string,,Continue without updating,Folytassa frissítés nélkül,
settings_extra_active_instance,string,,Active instance,Aktív példány,
settings_extra_automatic_cloud_backup_enabled,string,,Automatic cloud backup enabled.,Az automatikus felhőalapú biztonsági mentés engedélyezve.,
settings_extra_background_restricted_warning,string,,Restricted — background sync will not work,Korlátozott – a háttérben történő szinkronizálás nem fog működni,
settings_extra_backup_failed,string,,Backup failed: %1$s,A biztonsági mentés sikertelen: %1$s,keep %1$s
settings_extra_backup_unreadable,string,,The backup could not be read,A biztonsági másolat nem olvasható,
settings_extra_battery_optimized_warning,string,,Optimized — may interrupt background sync,Optimalizált – megszakíthatja a háttérben történő szinkronizálást,
settings_extra_buy_me_a_coffee_logo,string,,Buy Me a Coffee logo,Buy Me a Coffee logó,
settings_extra_cloud_backup_created,string,,Cloud backup created.,Felhőbeli biztonsági mentés létrehozva.,
settings_extra_cloud_backup_failed,string,,Cloud backup failed: %1$s,A felhőalapú biztonsági mentés nem sikerült: %1$s,keep %1$s
settings_extra_cloud_component_missing,string,,"The HKI 7 Cloud component was not found on your Home Assistant. Install it through HACS, then try again.","A HKI 7 Cloud összetevő nem található a Home Assistant eszközön. Telepítse a HACS-en keresztül, majd próbálja újra.","don't translate HKI 7 Cloud, Home Assistant"
settings_extra_copy_dashboard,string,,Copy %1$s,Másolás %1$s,keep %1$s
settings_extra_corner_modern,string,,Modern,Modern,
settings_extra_corner_round,string,,Round,Kerek,
settings_extra_corner_sharp,string,,Sharp,Éles,
settings_extra_create_custom_page,string,,Create custom page,Egyéni oldal létrehozása,
settings_extra_custom_page_identity_subtitle,string,,Identity and navigation appearance,Identitás és navigációs megjelenés,
settings_extra_dashboard_backup_saved,string,,Dashboard backup saved.,Az irányítópult biztonsági másolata mentve.,
settings_extra_dashboard_copy_name,string,,%1$s copy,%1$s másolat,keep %1$s
settings_extra_dashboard_default_name,string,,Dashboard %1$d,Irányítópult %1$d,keep %1$d
settings_extra_new_dashboard_confirm_body,string,,This adds a dashboard alongside the one you are using. Your current dashboard is kept exactly as it is and is never overwritten — you can switch between them at any time.,"Ezzel hozzáad egy irányítópultot a használt mellé. A jelenlegi irányítópultot a rendszer pontosan úgy tartja, ahogy van, és soha nem írja felül – bármikor válthat közöttük.",
settings_extra_new_dashboard_confirm_action,string,,Continue,Folytatás,
settings_extra_new_dashboard_created,string,,Created “%1$s”,Létrehozva: „%1$s”,keep %1$s
uif_onboarding_shared_already_added,string,,Already added,Már hozzáadva,
settings_extra_dashboard_shared_badge,string,,Shared,Megosztva,
settings_extra_dashboard_shared_subtitle,string,,Shared with you by your family. Tap to load,A családod megosztotta veled. Koppintson a betöltéshez,
settings_extra_dashboard_shared_loaded,string,,Shared with you by your family. Currently loaded,A családod megosztotta veled. Jelenleg betöltve,
settings_extra_dashboard_generating,string,,Your new dashboard is being generated automatically.,Az új irányítópult automatikusan jön létre.,
settings_extra_dashboard_mode_auto,string,,Automatic,Automatikus,
settings_extra_dashboard_mode_manual,string,,Manual,Kézikönyv,
settings_extra_dashboard_restored,string,,Dashboard configuration restored.,Az irányítópult konfigurációja visszaállítva.,
settings_extra_dashboard_shared,string,,“%1$s” shared.,„%1$s” megosztva.,keep %1$s
settings_extra_dashboard_sharing_failed,string,,Could not share the dashboard.,Nem sikerült megosztani az irányítópultot.,
settings_extra_default_user_name,string,,User,Felhasználó,
settings_extra_delete_dashboard,string,,Delete %1$s,%1$s törlése,keep %1$s
settings_extra_device_tracker,string,,Device tracker,Készülékkövető,
settings_extra_device_tracker_subtitle,string,,"Name used for location, geocoded location, battery, and charging entities","A helyhez, a geokódolt helyhez, az akkumulátorhoz és a töltési entitásokhoz használt név",
settings_extra_drive_access_token_missing,string,,Google Drive authorization did not return an access token.,A Google Drive engedélyezés nem adott vissza hozzáférési tokent.,don't translate Google Drive
settings_extra_drive_authorization_cancelled,string,,Google Drive authorization was cancelled.,Google Drive engedélyezése törölve.,don't translate Google Drive
settings_extra_drive_authorization_failed,string,,Google Drive authorization failed: %1$s,Google Drive hitelesítés sikertelen: %1$s,keep %1$s; don't translate Google Drive
settings_extra_drive_authorization_open_failed,string,,Google Drive authorization could not be opened.,A Google Drive jogosultságot nem sikerült megnyitni.,don't translate Google Drive
settings_extra_drive_backups_load_failed,string,,Could not load Google Drive backups: %1$s,Nem sikerült betölteni a Google Drive biztonsági másolatot: %1$s,keep %1$s; don't translate Google Drive
settings_extra_edit_custom_page,string,,Edit custom page,Egyéni oldal szerkesztése,
settings_extra_effect_glow,string,,Glow,Izzás,
settings_extra_effect_group_alerts,string,,Sensors and alarms,Érzékelők és riasztók,
settings_extra_effect_group_climate,string,,Climate and humidity,Klíma és páratartalom,
settings_extra_effect_group_fans,string,,Fans and vacuums,Ventilátorok és porszívók,
settings_extra_effect_group_lights,string,,Lights and switches,Lámpák és kapcsolók,
settings_extra_effect_group_media,string,,Media players,Médialejátszók,
settings_extra_effect_group_other,string,,Everything else,Minden mást,
settings_extra_effect_none,string,,None,Egyik sem,
settings_extra_effect_pulse,string,,Pulse,Impulzus,
settings_extra_effect_spin,string,,Spin,Spin,
settings_extra_empty_dashboard_created,string,,An empty dashboard was created.,Üres irányítópult jött létre.,
settings_extra_font_atkinson,string,,Atkinson Hyperlegible,Atkinson Hiperolvasható,
settings_extra_font_bree_serif,string,,Bree Serif,Bree Serif,
settings_extra_font_comfortaa,string,,Comfortaa,Comfortaa,
settings_extra_font_cursive,string,,Cursive,Kurzív,
settings_extra_font_default,string,,Default,Alapértelmezett,
settings_extra_font_monospace,string,,Monospace,Monospace,
settings_extra_font_nunito,string,,Nunito,Nunito,
settings_extra_font_patrick_hand,string,,Patrick Hand,Patrick Hand,
settings_extra_font_sans_serif,string,,Sans serif,Sans serif,
settings_extra_font_serif,string,,Serif,Serif,
settings_extra_font_space_grotesk,string,,Space Grotesk,Űr Grotesk,
settings_extra_ha_backup_created,string,,Home Assistant backup created.,Home Assistant biztonsági másolat létrehozva.,don't translate Home Assistant
settings_extra_ha_backup_enabled,string,,Home Assistant backup enabled.,Home Assistant biztonsági mentés engedélyezve.,don't translate Home Assistant
settings_extra_ha_backup_failed,string,,Home Assistant backup failed. Is the HKI 7 Cloud component reachable?,Home Assistant biztonsági mentés nem sikerült. Elérhető a HKI 7 Cloud komponens?,"don't translate HKI 7 Cloud, Home Assistant"
settings_extra_ha_backups_load_failed,string,,Could not load Home Assistant backups: %1$s,Nem sikerült betölteni a Home Assistant biztonsági másolatot: %1$s,keep %1$s; don't translate Home Assistant
settings_extra_hide_tab,string,,Hide tab,Lap elrejtése,
settings_extra_hki_cloud_step_add_integration,string,,"Go to Settings → Devices & Services → Add Integration, choose “HKI 7 Cloud,” and confirm.","Válassza a Beállítások → Eszközök és szolgáltatások → Integráció hozzáadása menüpontot, válassza a „HKI 7 Cloud” lehetőséget, és erősítse meg.",don't translate HKI 7 Cloud
settings_extra_hki_cloud_step_add_repository,string,,"Paste %1$s, choose the “Integration” category, and add it.","Illessze be a %1$s, válassza ki az „Integráció” kategóriát, és adja hozzá.",keep %1$s
settings_extra_hki_cloud_step_install,string,,"Open the new “HKI 7 Cloud” entry, install it, and restart Home Assistant.","Nyissa meg az új „HKI 7 Cloud” bejegyzést, telepítse, és indítsa újra a Home Assistant.","don't translate HKI 7 Cloud, Home Assistant"
settings_extra_hki_cloud_step_open_custom_repositories,string,,"In Home Assistant, open HACS → the ⋮ menu in the top-right → Custom repositories.",A Home Assistant alkalmazásban nyissa meg a HACS → ⋮ menüt a jobb felső sarokban → Egyéni tárolók.,don't translate Home Assistant
settings_extra_hki_cloud_step_reopen,string,,Reopen this screen. The features will appear automatically.,Nyissa meg újra ezt a képernyőt. A funkciók automatikusan megjelennek.,
settings_extra_hki_cloud_version,string,,HKI 7 Cloud v%1$s installed,HKI 7 Cloud v%1$s telepítve,keep %1$s; don't translate HKI 7 Cloud
settings_extra_hki_cloud_version_unknown,string,,HKI 7 Cloud installed (update to see its version),HKI 7 Cloud telepítve (frissítse a verzió megtekintéséhez),don't translate HKI 7 Cloud
settings_extra_hki_cloud_update_to_unlock,string,,Update to unlock:,Frissítse a zárolás feloldásához:,
settings_extra_hki_cloud_feature_requires,string,,%1$s (needs v%2$s+),%1$s (szükséges v%2$s+),keep %1$s %2$s
settings_extra_hki_cloud_feature_reimport,string,,Manually re-importing or clearing dashboard view data,Az irányítópult nézet adatainak manuális újraimportálása vagy törlése,
settings_extra_hki_cloud_feature_search_lists,string,,Per-person Visible/Invisible global search lists,Személyenkénti látható/láthatatlan globális keresési listák,
settings_extra_hki_cloud_feature_room_follow,string,,Room following,Következő szoba,
settings_extra_hki_cloud_feature_room_follow_launch_only,string,,"Room following: only place someone on launch, without tracking further moves","Következő szoba: csak indításkor helyezzen el valakit, további mozgások követése nélkül",
settings_extra_hki_cloud_feature_devices,string,,Seeing which HKI version each family device runs,"Megnézheti, hogy melyik HKI-verzió fut az egyes családi eszközökön",
settings_extra_hki_cloud_feature_required_version,string,,Requiring the family to update to a given HKI version,"Megköveteli, hogy a család frissítsen egy adott HKI-verzióra",
settings_extra_hki_cloud_feature_events,string,,"The event timeline, and hiding parts of it from individual people","Az esemény idővonala, és annak egyes részei elrejtése az egyes emberek elől",
settings_extra_hki_cloud_tab_requires,string,,"Needs HKI 7 Cloud v%1$s or newer. Update the component in HACS — until then, what you set here won't take effect.",HKI 7 Cloud v%1$s vagy újabb verzió szükséges. Frissítse az összetevőt a HACS-ban – addig az itt beállítottak nem lépnek érvénybe.,keep %1$s; don't translate HKI 7 Cloud
settings_extra_location_allowed_always,string,,Allowed all the time,Mindig engedélyezett,
settings_extra_location_allowed_foreground,string,,Allowed only while using the app,Csak az alkalmazás használata közben engedélyezett,
settings_extra_location_not_allowed,string,,Not allowed,Nem engedélyezett,
language_search_placeholder,string,,Search languages,Nyelvek keresése,
language_search_no_matches,string,,No language matches “%1$s”,Egyetlen nyelv sem felel meg a következőnek: „%1$s”,keep %1$s
settings_extra_language_dutch,string,,Nederlands,Nederlands,
settings_extra_language_english,string,,English,angol,
settings_extra_language_french,string,,Français,Français,
settings_extra_language_german,string,,Deutsch,Deutsch,
settings_extra_language_italian,string,,Italiano,Italiano,
settings_extra_language_spanish,string,,Español,Español,
settings_extra_language_turkish,string,,Türkçe,Türkçe,
settings_extra_language_portuguese,string,,Português,Português,
settings_extra_language_portuguese_brazil,string,,Português (Brasil),portugál (Brazília),
settings_extra_language_spanish_latam,string,,Español (Latinoamérica),español (Latinoamérica),
settings_extra_language_japanese,string,,日本語,日本語,
settings_extra_language_korean,string,,한국어,한국어,
settings_extra_language_chinese_simplified,string,,中文（简体）,中文 (简体),
settings_extra_language_chinese_traditional,string,,中文（繁體）,中文（繁體),
settings_extra_no_drive_backups,string,,No Google Drive backups were found.,Nem található Google Drive biztonsági másolat.,don't translate Google Drive
settings_extra_no_ha_backups,string,,No Home Assistant backups were found. Is the HKI 7 Cloud component installed?,Nem található Home Assistant biztonsági másolat. A HKI 7 Cloud összetevő telepítve van?,"don't translate HKI 7 Cloud, Home Assistant"
settings_extra_notifications_multi_home_required,string,,Required while multiple homes receive notifications. Manage each home under Connection.,"Szükséges, ha több otthon kap értesítést. Az egyes otthonokat a Kapcsolat alatt kezelheti.",
settings_extra_notifications_persistent_connection,string,,Keeps a persistent connection to Home Assistant while the app is closed. This uses more battery.,"Folyamatos kapcsolatot tart fenn a Home Assistant szolgáltatással, amíg az alkalmazás be van zárva. Ez több akkumulátort használ.",don't translate Home Assistant
settings_extra_paypal_logo,string,,PayPal logo,PayPal logó,
settings_extra_policy_update_failed,string,,Could not update the policy.,Nem sikerült frissíteni az irányelvet.,
settings_extra_policy_needs_component_update,string,,Permissions saved. Update HKI 7 Cloud to also store the Visible and Invisible lists.,Az engedélyek mentve. Frissítse a HKI 7 Cloud fájlt a látható és láthatatlan listák tárolásához.,don't translate HKI 7 Cloud
settings_extra_policy_needs_component_update_room_follow,string,,Permissions saved. Update HKI 7 Cloud to also store the room following settings.,"Az engedélyek mentve. Frissítse a HKI 7 Cloud alkalmazást, hogy a következő beállításokat is tárolja.",don't translate HKI 7 Cloud
settings_extra_policy_needs_component_update_events,string,,"Permissions saved, but this HKI 7 Cloud is too old to hide events from this person — they would see the whole timeline. Update it to apply the restriction.","Az engedélyek mentve, de ez a HKI 7 Cloud túl régi ahhoz, hogy elrejtse az eseményeket ettől a személytől – a teljes idővonalat látnák. Frissítse a korlátozás alkalmazásához.",don't translate HKI 7 Cloud
settings_extra_tab_presence,string,,Presence,Jelenlét,
settings_extra_tab_events,string,,Events,Események,
settings_extra_events_title,string,,Event timeline,Esemény idővonala,
settings_extra_events_description,string,,"Choose which entities the family sees recent activity for, in the Events tab of the notification drawer. Set once here rather than on each phone. This hides the timeline, not the entities — anyone signed in to Home Assistant can still read them there.","Az értesítési fiók Események lapján válassza ki, hogy a család mely entitások számára lássa a legutóbbi tevékenységet. Itt állítsa be egyszer, ne minden telefonon. Ez elrejti az idővonalat, nem pedig az entitásokat – bárki, aki bejelentkezett a Home Assistant webhelyre, továbbra is elolvashatja azokat.",don't translate Home Assistant
settings_extra_events_loading,string,,Loading the roster…,A névsor betöltése…,
settings_extra_events_unavailable,string,,Could not read the roster from HKI 7 Cloud.,Nem sikerült beolvasni a HKI 7 Cloud névsorát.,don't translate HKI 7 Cloud
settings_extra_events_empty,string,,No entities are being tracked yet.,Még nincs nyomon entitás.,
settings_extra_events_choose,string,,Choose entities,Válasszon entitásokat,
settings_extra_events_edit,string,,Edit entities,Szerkessze az entitásokat,
settings_extra_events_pick_title,string,,Entities to show events for,Entitások az események megjelenítéséhez,
settings_extra_events_save_failed,string,,Could not save the event roster.,Nem sikerült menteni az eseménylistát.,
settings_extra_events_capped,string,,Saved %1$d entities and %2$d domains. The timeline roster is capped.,Mentett %1$d entitást és %2$d domaint. Az idővonal névsora korlátozott.,keep %1$d %2$d
settings_extra_events_whole_domain,string,,All %1$s (%2$d entities),Összes %1$s (%2$d entitás),keep %1$s %2$d
settings_extra_events_resolved_capped,string,,"This roster covers %2$d entities, but a timeline subscribes to at most %1$d. Remove a domain, or add entities by name instead.","Ez a névsor %2$d entitást fed le, de egy idővonal legfeljebb %1$d-ra fizet elő. Távolítson el egy domaint, vagy adjon hozzá entitásokat név szerint.",keep %2$d %1$d
settings_extra_events_per_person_title,string,,Who sees what,Ki mit lát,
settings_extra_events_per_person_description,string,,Everyone sees the whole timeline unless you take something out of it for them.,"Mindenki látja a teljes idővonalat, hacsak nem vesz ki belőle valamit.",
settings_extra_events_sees_everything,string,,Sees the whole timeline,A teljes idővonalat látja,
settings_extra_events_hidden_count,string,,%1$d hidden,%1$d elrejtve,keep %1$d
settings_extra_events_manage,string,,Manage,Kezelése,
settings_extra_events_hidden_title,string,,Hide from this person,Bújj el ettől a személytől,
settings_extra_events_notifications_hint,string,,"The Events tab in the notification drawer shows recent activity for the entities your family admin chose. It is set for the whole family in Family Sharing, not per device.","Az értesítési fiók Események lapján a családi rendszergazdája által kiválasztott entitások legutóbbi tevékenységei láthatók. A Családi megosztásban az egész család számára beállítva, nem eszközönként.",
settings_extra_events_open_family_sharing,string,,Open Family Sharing,Nyissa meg a Családi megosztást,
settings_extra_room_follow_title,string,,Room following,Következő szoba,
settings_extra_room_follow_description,string,,"Pick the room-presence sensor that tracks each person's phone, such as an ESPresense sensor. The app opens the room they are in and offers to follow them as they move.","Válassza ki azt a szoba-jelenlét-érzékelőt, amely nyomon követi az egyes személyek telefonját, például egy ESPresense-érzékelőt. Az alkalmazás megnyitja azt a szobát, amelyben tartózkodnak, és felajánlja, hogy követi őket, ahogy mozognak.",
settings_extra_room_follow_sensor,string,,Presence sensor,Jelenlét érzékelő,
settings_extra_room_follow_none,string,,No sensor,Nincs érzékelő,
settings_extra_room_follow_enabled,string,,Follow this person between rooms,Kövesd ezt a személyt a szobák között,
settings_extra_room_follow_open_on_launch,string,,Open their room when the app starts,"Nyissa meg a szobáját, amikor az alkalmazás elindul",
settings_extra_room_follow_continue_after_launch,string,,Keep following while the app is open,"Kövesd, amíg az alkalmazás nyitva van",
settings_extra_room_follow_continue_after_launch_hint,string,,"Turn off to only place them in the right room when the app starts, without switching rooms again while they're using it.","Kapcsolja ki, hogy csak akkor helyezze el őket a megfelelő helyiségbe, amikor az alkalmazás elindul, anélkül, hogy használat közben újra szobát váltana.",
settings_extra_room_follow_prompt_on_move,string,,Ask before switching rooms,"Kérdezd meg, mielőtt szobát váltasz",
settings_extra_room_follow_dwell,string,,Wait before a move counts,"Várjon, mielőtt egy lépés számít",
settings_extra_room_follow_dwell_value,string,,%1$d s,%1$d s,keep %1$d
settings_extra_room_follow_dwell_hint,string,,Room-presence sensors drift between nearby rooms. A longer wait means fewer false moves.,A szobajelenlét-érzékelők a közeli szobák között sodródnak. A hosszabb várakozás kevesebb hamis lépést jelent.,
settings_extra_room_follow_rooms,string,,Sensor states,Az érzékelő állapotai,
settings_extra_room_follow_rooms_matched,string,,Matched automatically,Automatikusan illeszkedik,
settings_extra_room_follow_rooms_unmatched,string,,Pick a room,Válassz egy szobát,
settings_extra_room_follow_no_states,string,,No states seen yet. States appear here once the sensor reports them.,"Még nem látott államokat. Az állapotok itt jelennek meg, amint az érzékelő jelzi őket.",
room_follow_moved_title,string,,You moved to %1$s,Ön ide költözött: %1$s,keep %1$s
room_follow_moved_message,string,,"Switch to that room, or stay where you are?","Váltson át abba a szobába, vagy maradjon ott, ahol van?",
room_follow_moved_switch,string,,Switch,Kapcsoló,
room_follow_moved_stay,string,,Stay,Marad,
room_follow_moved_silence,string,,Don't ask again until I restart the app,"Ne kérdezzen újra, amíg újra nem indítom az alkalmazást",
settings_extra_rename_dashboard,string,,Rename %1$s,%1$s átnevezése,keep %1$s
settings_extra_rename_instance,string,,Rename %1$s,%1$s átnevezése,keep %1$s
settings_extra_restart_home_assistant_failed,string,,Could not restart Home Assistant.,A Home Assistant nem indítható újra.,don't translate Home Assistant
settings_extra_restore_failed,string,,Restore failed: %1$s,A visszaállítás sikertelen: %1$s,keep %1$s
settings_extra_selected_file_open_failed,string,,Could not open the selected file,Nem sikerült megnyitni a kiválasztott fájlt,
settings_extra_set_dashboard_default,string,,Set %1$s as the default dashboard,Állítsa be a %1$s értéket alapértelmezett irányítópultként,keep %1$s
settings_extra_family_device_forget_failed,string,,Could not forget “%1$s.”,Nem sikerült elfelejteni a következőt: „%1$s”.,keep %1$s
settings_extra_shared_dashboard_access_failed,string,,Could not change who can see “%1$s.”,"Nem sikerült módosítani, hogy ki láthatja a következőt: „%1$s”.",keep %1$s
settings_extra_shared_dashboard_access_updated,string,,Updated who can see “%1$s.”,"Frissítve, hogy ki láthatja a következőt: „%1$s”.",keep %1$s
settings_extra_shared_dashboard_delete_failed,string,,Could not delete “%1$s.”,A „%1$s” nem törölhető.,keep %1$s
settings_extra_shared_dashboard_deleted,string,,“%1$s” was deleted from the cloud.,A „%1$s” törölve lett a felhőből.,keep %1$s
settings_extra_shared_dashboard_import_failed,string,,Could not import “%1$s.”,A „%1$s” nem importálható.,keep %1$s
settings_extra_shared_dashboard_imported,string,,“%1$s” was imported into your dashboards.,A „%1$s” importálva lett az irányítópultjaiba.,keep %1$s
settings_extra_shared_dashboard_now_using,string,,Now using “%1$s.”,Jelenleg a következőt használja: „%1$s”.,keep %1$s
settings_extra_shared_dashboard_use_failed,string,,Could not use “%1$s.”,A „%1$s” nem használható.,keep %1$s
settings_extra_shared_dashboards_up_to_date,string,,Shared dashboards are already up to date.,A megosztott irányítópultok már naprakészek.,
settings_extra_show_tab,string,,Show tab,Lap megjelenítése,
settings_extra_tab_dashboards,string,,Dashboards,Irányítópultok,
settings_extra_tab_devices,string,,Devices,Eszközök,
settings_extra_tab_parental_controls,string,,Parental controls,Szülői felügyelet,
settings_extra_tab_permissions,string,,Permissions,Engedélyek,
settings_extra_technology_kotlin,string,,Kotlin,Kotlin,
settings_extra_technology_xml_kotlin_dsl,string,,XML and Kotlin DSL,XML és Kotlin DSL,
settings_extra_theme_amber,string,,Amber,Borostyán,
settings_extra_theme_auto,string,,Auto,Auto,
settings_extra_theme_blue,string,,Blue,Kék,
settings_extra_theme_custom,string,,Custom,Szokás,
settings_extra_theme_dark,string,,Dark,Sötét,
settings_extra_theme_green,string,,Green,Zöld,
settings_extra_theme_light,string,,Light,Fény,
settings_extra_theme_rose,string,,Rose,Rózsa,
settings_extra_theme_system,string,,System,Rendszer,
settings_extra_unknown_error,string,,Unknown error,Ismeretlen hiba,
settings_extra_unrestricted_recommended,string,,Unrestricted (recommended),Korlátlan (ajánlott),
settings_extra_view_battery,string,,Battery,Akkumulátor,
settings_extra_view_climate,string,,Climate,Éghajlat,
settings_extra_view_energy,string,,Energy,Energia,
settings_extra_view_rooms,string,,Rooms,Szobák,
settings_extra_view_security,string,,Security,Biztonság,
settings_extra_minutes_ago,plural,one,%1$d minute ago,%1$d perce,keep %1$d
settings_extra_minutes_ago,plural,other,%1$d minutes ago,%1$d perce,keep %1$d
settings_extra_hours_ago,plural,one,%1$d hour ago,%1$d órája,keep %1$d
settings_extra_hours_ago,plural,other,%1$d hours ago,%1$d órája,keep %1$d
settings_extra_days_ago,plural,one,%1$d day ago,%1$d napja,keep %1$d
settings_extra_days_ago,plural,other,%1$d days ago,%1$d napja,keep %1$d
settings_extra_shared_dashboards_pushed,plural,one,Pushed changes to %1$d shared dashboard.,Módosítottak a %1$d megosztott irányítópulton.,keep %1$d
settings_extra_shared_dashboards_pushed,plural,other,Pushed changes to %1$d shared dashboards.,A %1$d megosztott irányítópultok módosításai megküldve.,keep %1$d
family_permission_reimport,string,,Allow re-importing,Engedélyezze az újraimportálást,
family_permission_reimport_subtitle,string,,"Let this person manually re-import or clear Rooms, Climate, Security, Energy, and Battery data","Engedje meg, hogy ez a személy manuálisan újraimportálja vagy törölje a helyiségekre, az éghajlatra, a biztonságra, az energiára és az akkumulátorra vonatkozó adatokat",
family_dashboard_create_disabled_reason,string,,Your family administrator has disabled dashboard creation. This account can only use family-shared dashboards.,Családi rendszergazdája letiltotta az irányítópult létrehozását. Ez a fiók csak a család által megosztott irányítópultokat használhatja.,
family_dashboard_restore_disabled_reason,string,,"Your family administrator has disabled dashboard switching. Restoring a backup could replace the family dashboard, so this account can only select a shared dashboard.","Családi rendszergazdája letiltotta az irányítópult-váltást. A biztonsági másolat visszaállítása helyettesítheti a családi irányítópultot, így ez a fiók csak megosztott irányítópultot tud kiválasztani.",
family_settings_admin_only,string,,Locked — only a Home Assistant administrator can manage family sharing,Zárolva – csak a Home Assistant rendszergazdája kezelheti a családi megosztást,don't translate Home Assistant
family_aesthetics_only_explanation,string,,"Aesthetics-only access allows local names, icons, colors, backgrounds, card styles, shapes, sizes, and layout. Entities, actions, visibility rules, content, controls, and other behavior remain managed by the dashboard owner.","A csak esztétikai hozzáférés lehetővé teszi a helyi neveket, ikonokat, színeket, háttereket, kártyastílusokat, formákat, méreteket és elrendezést. Az entitásokat, műveleteket, láthatósági szabályokat, tartalmat, vezérlőket és egyéb viselkedést továbbra is az irányítópult tulajdonosa kezeli.",
parental_search_access_title,string,,Entity search access,Entitáskeresési hozzáférés,
parental_search_access_hint,string,,Choose which Home Assistant domains or individual entities this person can find in global search. Invisible selections always take precedence.,"Válassza ki, hogy ez a személy mely Home Assistant domaineket vagy egyéni entitásokat találja meg a globális keresésben. A láthatatlan kijelölések mindig elsőbbséget élveznek.",don't translate Home Assistant
parental_search_visible_title,string,,Visible,Látható,
parental_search_invisible_title,string,,Invisible,Láthatatlan,
parental_search_visible_empty,string,,All entities are visible unless they appear in the Invisible list.,"Minden entitás látható, hacsak nem szerepel a Láthatatlan listában.",
parental_search_invisible_empty,string,,No entities are explicitly hidden.,Nincsenek kifejezetten elrejtve entitások.,
parental_search_picker_subtitle,string,,Select entire domains or individual entities,Válasszon ki teljes domaineket vagy egyedi entitásokat,
parental_search_domains,string,,Domains,Domains,
parental_search_entire_domain,string,,Entire domain,Teljes domain,
parental_search_domain_chip,string,,Domain: %1$s,Domain: %1$s,keep %1$s
uif_a_state,string,,a state,egy állam,
uif_a_time,string,,a time,egy idő,
uif_actions,string,,Actions,Akciók,
uif_active,string,,Active,Aktív,
uif_adaptive,string,,Adaptive,Adaptív,
uif_advanced,string,,Advanced,Fejlett,
uif_air_quality,string,,Air quality,Levegőminőség,
uif_alarm,string,,Alarm,Riasztás,
uif_alarms,string,,Alarms,Riasztások,
uif_allow,string,,Allow,Engedélyezze,
uif_allow_all_the_time,string,,Allow all the time,Mindig engedje meg,
uif_and_separator,string,,\u0020and\u0020,\\u0020and\\u0020,
uif_appearance,string,,Appearance,Megjelenés,
uif_aqi,string,,AQI,AQI,
uif_auto,string,,Auto,Auto,
uif_back,string,,Back,Vissza,
uif_beep,string,,Beep,Hangjelzés,
uif_brightness,string,,Brightness,Fényesség,
uif_bucket,string,,Bucket,Vödör,
uif_choose_action,string,,Choose action,Válasszon műveletet,
uif_choose_entity,string,,Choose entity,Válasszon entitást,
uif_choose_target,string,,Choose target,Válassza ki a célt,
uif_circle,string,,Circle,Kör,
uif_color,string,,Color,Szín,
uif_date,string,,Date,Dátum,
uif_date_and_time,string,,Date and time,Dátum és idő,
uif_defrost,string,,Defrost,Leolvasztani,
uif_devices_on,string,,Devices on,Eszközök bekapcsolva,
uif_direction_east_short,string,,E,E,
uif_direction_north_short,string,,N,N,
uif_direction_northeast_short,string,,NE,NE,
uif_direction_northwest_short,string,,NW,NW,
uif_direction_south_short,string,,S,S,
uif_direction_southeast_short,string,,SE,SE,
uif_direction_southwest_short,string,,SW,SW,
uif_direction_west_short,string,,W,W,
uif_display,string,,Display,Kijelző,
uif_edit,string,,Edit,Szerkesztés,
uif_enable,string,,Enable,Engedélyezés,
uif_enable_location,string,,Enable location,Hely engedélyezése,
uif_enabled,string,,Enabled,Engedélyezve,
uif_entities,string,,Entities,Entitások,
uif_error,string,,Error,Hiba,
uif_fan_speed,string,,Fan speed,Ventilátor sebessége,
uif_feels_like_temperature,string,,Feels like %1$d°,%1$d°,keep %1$d
uif_filter,string,,Filter,Szűrő,
uif_fire,string,,Fire,Tűz,
uif_flow_actions_available,string,,Actions available in Home Assistant,Home Assistant elérhető műveletek,don't translate Home Assistant
uif_flow_actions_load_failed,string,,Could not load Home Assistant actions,Nem sikerült betölteni a Home Assistant műveletet,don't translate Home Assistant
uif_flow_advanced_block_unchanged,string,,Advanced block (kept unchanged),Speciális blokk (változatlanul megtartva),
uif_flow_after_format,string,,After (HH:MM:SS),Utána (ÓÓ:PP:SS),
uif_flow_after_time,string,,after %1$s,%1$s után,keep %1$s
uif_flow_at_time,string,,At %1$s,%1$s,keep %1$s
uif_flow_automation_delete_failed,string,,Could not delete this automation,Nem sikerült törölni ezt az automatikát,
uif_flow_automation_deleted,string,,Deleted from Home Assistant,Törölve innen: Home Assistant,don't translate Home Assistant
uif_flow_automation_load_failed,string,,Could not load this automation,Nem sikerült betölteni ezt az automatikát,
uif_flow_automation_save_failed,string,,Could not save this automation,Nem sikerült menteni az automatizálást,
uif_flow_automation_saved,string,,Saved and loaded in Home Assistant,Mentve és betöltve itt: Home Assistant,don't translate Home Assistant
uif_flow_before_format,string,,Before (HH:MM:SS),Előtte (ÓÓ:PP:SS),
uif_flow_before_time,string,,before %1$s,%1$s előtt,keep %1$s
uif_flow_domain_actions_first,string,,%1$s actions are shown first,%1$s műveletek jelennek meg először,keep %1$s
uif_flow_entity_becomes_state,string,,%1$s becomes %2$s,%1$s lesz %2$s,keep %1$s %2$s
uif_flow_entity_is_state,string,,%1$s is %2$s,%1$s értéke %2$s,keep %1$s %2$s
uif_flow_entity_state,string,,Entity state,Az entitás állapota,
uif_flow_ha_action,string,,Home Assistant action,Home Assistant művelet,don't translate Home Assistant
uif_flow_mode_parallel,string,,Parallel,Párhuzamos,
uif_flow_mode_parallel_description,string,,Start every trigger as a separate run at the same time.,Indítson el minden triggert külön futásként egyszerre.,
uif_flow_mode_queued,string,,Queued,Sorban,
uif_flow_mode_queued_description,string,,"Wait, then run each trigger in the order it arrived.","Várjon, majd futtassa az egyes triggereket érkezési sorrendben.",
uif_flow_mode_restart,string,,Restart,Indítsa újra,
uif_flow_mode_restart_description,string,,Stop the current run and start again when conditions still pass.,"Állítsa le az aktuális futtatást, és indítsa újra, ha a feltételek továbbra is fennállnak.",
uif_flow_mode_single,string,,Single,Egyetlen,
uif_flow_mode_single_description,string,,Ignore a new trigger while this flow is still running.,"Figyelmen kívül hagyja az új eseményindítót, amíg ez a folyamat még fut.",
uif_flow_perform_ha_action,string,,Perform a Home Assistant action,Hajtsa végre a Home Assistant műveletet,don't translate Home Assistant
uif_flow_section_and_if,string,,And if,És ha,
uif_flow_section_then,string,,Then,Majd,
uif_flow_section_when,string,,When,Amikor,
uif_flow_sun_event,string,,Sun event,Nap esemény,
uif_flow_sunrise_or_sunset,string,,Sunrise or sunset,Napkelte vagy napnyugta,
uif_flow_time_format,string,,Time (HH:MM:SS),Idő (ÓÓ:PP:PP),
uif_flow_time_window,string,,Time window,Időablak,
uif_flow_group_any,string,,Any of these,Ezek közül bármelyik,
uif_flow_group_all,string,,All of these,Mindezek,
uif_flow_group_none,string,,None of these,Ezek egyike sem,
uif_flow_group_empty,string,,Empty — open it to add conditions,Üres – feltételek hozzáadásához nyissa meg,
uif_flow_group_open,string,,Open group,Nyitott csoport,
uif_flow_group_back,string,,Back,Vissza,
uif_flow_group_count,plural,one,%1$d condition inside,%1$d feltétel belül,keep %1$d
uif_flow_group_count,plural,other,%1$d conditions inside,%1$d feltételeket,keep %1$d
uif_flow_within_time_window,string,,Within a time window,Egy időablakon belül,
uif_full,string,,Full,Tele,
uif_gas,string,,Gas,Gáz,
uif_glow,string,,Glow,Izzás,
uif_half,string,,Half,Fél,
uif_header_pill,string,,Header pill,Fejléc pirula,
uif_hold,string,,Hold,Tart,
uif_humidity,string,,Humidity,Nedvesség,
uif_ionizer,string,,Ionizer,Ionizáló,
uif_lights_on,string,,Lights on,Fények bekapcsolva,
uif_mode_auto,string,,Auto,Auto,
uif_mode_away,string,,Away,El,
uif_mode_baby,string,,Baby,Baba,
uif_mode_boost,string,,Boost,Boost,
uif_mode_clothes,string,,Clothes,Ruházat,
uif_mode_comfort,string,,Comfort,Kényelem,
uif_mode_continuous,string,,Continuous,Folyamatos,
uif_mode_dry,string,,Dry,Száraz,
uif_mode_eco,string,,Eco,Eco,
uif_mode_high,string,,High,Magas,
uif_mode_home,string,,Home,Otthon,
uif_mode_laundry,string,,Laundry,Mosoda,
uif_mode_low,string,,Low,Alacsony,
uif_mode_manual,string,,Manual,Kézikönyv,
uif_mode_medium,string,,Medium,Közepes,
uif_mode_normal,string,,Normal,Normál,
uif_mode_purify,string,,Purify,Tisztítsd meg,
uif_mode_quiet,string,,Quiet,Csendes,
uif_mode_sleep,string,,Sleep,Alvás,
uif_moon,string,,Moon,Hold,
uif_moon_phase_first_quarter,string,,First quarter,Első negyed,
uif_moon_phase_full,string,,Full moon,Telihold,
uif_moon_phase_last_quarter,string,,Last quarter,Utolsó negyed,
uif_moon_phase_new,string,,New moon,Újhold,
uif_moon_phase_waning_crescent,string,,Waning crescent,Csökkenő félhold,
uif_moon_phase_waning_gibbous,string,,Waning gibbous,Hanyatló halandzsa,
uif_moon_phase_waxing_crescent,string,,Waxing crescent,Gyászoló félhold,
uif_moon_phase_waxing_gibbous,string,,Waxing gibbous,Gyantázás gibbous,
uif_motion,string,,Motion,Mozgás,
uif_mute,string,,Mute,Néma,
uif_next,string,,Next,Következő,
uif_none,string,,None,Egyik sem,
uif_off,string,,Off,Le,
uif_onboarding_add_in_edit_mode,string,,Add everything yourself in Edit mode,Szerkesztés módban mindent saját maga adhat hozzá,
uif_onboarding_add_internal_url_later,string,,"For a faster direct connection at home, you can add an internal URL and your home Wi-Fi networks later in Settings > Connection.",A gyorsabb közvetlen otthoni kapcsolat érdekében később hozzáadhat egy belső URL-t és otthoni Wi-Fi-hálózatait a Beállítások > Kapcsolat menüpontban.,
uif_onboarding_add_remote_url_later,string,,"To connect while you're away from home, add a Nabu Casa or external URL later in Settings > Connection.","Ha távol van otthonról, adjon hozzá egy Nabu Casa vagy külső URL-t később a Beállítások > Kapcsolat menüpontban.",don't translate Nabu Casa
uif_onboarding_auto_entities,string,,"Finds suitable Climate, Security, Energy and Battery entities","Megkeresi a megfelelő klímával, biztonsággal, energiával és akkumulátorral kapcsolatos entitásokat",
uif_onboarding_auto_generate,string,,Auto generate,Automatikus generálás,
uif_onboarding_auto_rooms_floors,string,,Creates rooms and floors from Home Assistant areas,Szobákat és emeleteket hoz létre Home Assistant területről,don't translate Home Assistant
uif_onboarding_building_dashboard,string,,Building dashboard…,Irányítópult építése…,
uif_onboarding_connection_failed,string,,Connection failed,A csatlakozás sikertelen,
uif_onboarding_everything_editable,string,,Everything can be changed afterward in Edit mode,Minden módosítható utólag Szerkesztés módban,
uif_onboarding_external_access_explanation,string,,HKI 7 can reach your smart home both at home and while you're away through the external URL you entered.,A HKI 7 a megadott külső URL-en keresztül elérheti okosotthonát otthon és távollétében is.,don't translate HKI 7
uif_onboarding_local_access_explanation,string,,Your smart home is currently available to HKI 7 only while this device can reach your local Home Assistant network.,"Okosotthona jelenleg csak a HKI 7 számára érhető el, amíg ez az eszköz elérheti a helyi Home Assistant hálózatot.","don't translate Home Assistant, HKI 7"
uif_onboarding_login_failed,string,,Login failed: %1$s,Sikertelen bejelentkezés: %1$s,keep %1$s
uif_onboarding_nabu_casa_access_explanation,string,,HKI 7 can reach your smart home both at home and while you're away through your Nabu Casa URL.,A HKI 7 a Nabu Casa URL-címén keresztül elérheti okosotthonát otthon és távollétében is.,"don't translate Nabu Casa, HKI 7"
uif_onboarding_no_authorization_code,string,,Login failed: Home Assistant returned no authorization code.,Sikertelen bejelentkezés: Home Assistant nem adott vissza engedélyezési kódot.,don't translate Home Assistant
uif_onboarding_preparing_dashboard,string,,Preparing dashboard…,Irányítópult előkészítése…,
uif_onboarding_server_http_error,string,,The server answered with HTTP %1$d,A szerver HTTP-vel válaszolt %1$d,keep %1$d
uif_onboarding_shared_import_failed,string,,Could not import “%1$s”. Try again.,A „%1$s” nem importálható. Próbáld újra.,keep %1$s
uif_onboarding_start_empty,string,,Start empty,Kezdje üresen,
uif_onboarding_starts_empty,string,,"Starts without imported rooms, widgets or view entities","Importált szobák, widgetek vagy nézet entitások nélkül indul",
uif_open,string,,Open,Nyitott,
uif_open_doors,string,,Open doors,Nyitott ajtók,
uif_open_settings,string,,Open settings,Nyissa meg a beállításokat,
uif_open_windows,string,,Open windows,Nyissa ki az ablakokat,
uif_pause,string,,Pause,Szünet,
uif_percentage,string,,Percentage,Százalék,
uif_percentage_value,string,,%1$d%%,%1$d%%,keep %1$d
uif_pick_to_auto_fill,string,,Pick to auto-fill,Válassza az automatikus kitöltéshez,
uif_pill,string,,Pill,Tabletta,
uif_play,string,,Play,Játék,
uif_playlists,string,,Playlists,Lejátszási listák,
uif_pm25,string,,PM2.5,"PM2,5",
uif_presence,string,,Presence,Jelenlét,
uif_pressure,string,,Pressure,Nyomás,
uif_pressure_hpa,string,,%1$d hPa,%1$d hPa,keep %1$d
uif_previous,string,,Previous,Előző,
uif_pulse,string,,Pulse,Impulzus,
uif_pump,string,,Pump,Szivattyú,
uif_rain,string,,Rain,Eső,
uif_rain_map_camera,string,,Rain map camera,Esőtérkép kamera,
uif_recipe_arrive_home_description,string,,Activate a scene when someone arrives home,"Aktiváljon egy jelenetet, amikor valaki hazaér",
uif_recipe_arrive_home_title,string,,Welcome home,Isten hozott itthon,
uif_recipe_bedtime_description,string,,Turn off a light at a chosen bedtime,Kapcsolja le a villanyt a kiválasztott lefekvéskor,
uif_recipe_bedtime_title,string,,Bedtime lights,Lefekvés előtti lámpák,
uif_recipe_blank_description,string,,Build an automation from an empty canvas,Építsen automatizálást egy üres vászonból,
uif_recipe_blank_title,string,,Start empty,Kezdje üresen,
uif_recipe_close_covers_description,string,,Close a cover when the sun sets,"Zárja le a fedelet, amikor lemegy a nap",
uif_recipe_close_covers_title,string,,Close covers at sunset,Napnyugtakor zárja le a fedelet,
uif_recipe_entity_state_description,string,,Run an action when an entity reaches a state,"Futtasson le egy műveletet, amikor egy entitás elér egy állapotot",
uif_recipe_entity_state_title,string,,Entity changes,Az entitás megváltozik,
uif_recipe_leave_home_description,string,,Turn off a light when someone leaves home,"Kapcsolja le a villanyt, ha valaki elmegy otthonról",
uif_recipe_leave_home_title,string,,Leaving home,Hazulról indulva,
uif_recipe_lock_at_night_description,string,,Lock a door at a chosen time,Zárja be az ajtót a kiválasztott időpontban,
uif_recipe_lock_at_night_title,string,,Lock up at night,Éjszaka bezárni,
uif_recipe_morning_scene_description,string,,Activate a scene at a chosen morning time,Jelenet aktiválása egy kiválasztott reggeli időpontban,
uif_recipe_morning_scene_title,string,,Morning scene,Reggeli jelenet,
uif_recipe_motion_lights_description,string,,Turn on a light when motion is detected,"Ha mozgást észlel, kapcsoljon fel lámpát",
uif_recipe_motion_lights_title,string,,Motion lighting,Mozgásos világítás,
uif_recipe_open_covers_description,string,,Open a cover when the sun rises,"Nyissa ki a fedelet, amikor felkel a nap",
uif_recipe_open_covers_title,string,,Open covers at sunrise,Nyissa fel a fedelet napkeltekor,
uif_recipe_schedule_description,string,,Run an action at a fixed time every day,Futtasson egy műveletet minden nap meghatározott időpontban,
uif_recipe_schedule_title,string,,At a time,Egy időben,
uif_recipe_sunrise_lights_off_description,string,,Turn off a light when the sun rises,"Kapcsolja le a lámpát, amikor felkel a nap",
uif_recipe_sunrise_lights_off_title,string,,Lights off at sunrise,Napkeltekor világít,
uif_recipe_sunset_description,string,,Run an action at sunset,Futtasson egy akciót naplementekor,
uif_recipe_sunset_title,string,,Around sunset,Naplemente környékén,
uif_refresh,string,,Refresh,Frissítés,
uif_remove,string,,Remove,Távolítsa el,
uif_repeat,string,,Repeat,Ismétlés,
uif_run,string,,Run,Fut,
uif_season,string,,Season,Évad,
uif_season_autumn,string,,Autumn,Őszi,
uif_season_spring,string,,Spring,Tavaszi,
uif_season_summer,string,,Summer,Nyári,
uif_season_winter,string,,Winter,Téli,
uif_shuffle,string,,Shuffle,Keverés,
uif_sleep,string,,Sleep,Alvás,
uif_smoke,string,,Smoke,Füst,
uif_source,string,,Source,Forrás,
uif_source_device,string,,Source device,Forrás eszköz,
uif_speed,string,,Speed,Sebesség,
uif_speed_kmh,string,,%1$d km/h,%1$d km/h,keep %1$d
uif_spin,string,,Spin,Spin,
uif_state_active,string,,Active,Aktív,
uif_state_away,string,,Away,El,
uif_state_buffering,string,,Buffering,Pufferelés,
uif_state_cleaning,string,,Cleaning,Tisztítás,
uif_state_closed,string,,Closed,Zárt,
uif_state_docked,string,,Docked,Dokkolva,
uif_state_error,string,,Error,Hiba,
uif_state_home,string,,Home,Otthon,
uif_state_idle,string,,Idle,Tétlen,
uif_state_locked,string,,Locked,Bezárt,
uif_state_off,string,,Off,Le,
uif_state_on,string,,On,On,
uif_state_open,string,,Open,Nyitott,
uif_state_paused,string,,Paused,Szüneteltetve,
uif_state_playing,string,,Playing,Játék,
uif_state_returning,string,,Returning,Visszatérve,
uif_state_standby,string,,Standby,Készenlétben lévő,
uif_state_unavailable,string,,Unavailable,Nem elérhető,
uif_state_unknown,string,,Unknown,Ismeretlen,
uif_state_unlocked,string,,Unlocked,Feloldva,
uif_sun,string,,Sun,Nap,
uif_sunrise,string,,Sunrise,Napkelte,
uif_sunset,string,,Sunset,Napnyugta,
uif_tank,string,,Tank,Tartály,
uif_tap,string,,Tap,Csap,
uif_third,string,,Third,Harmadik,
uif_time,string,,Time,Idő,
uif_unknown,string,,Unknown,Ismeretlen,
uif_update_failed,string,,Could not update %1$s,Nem sikerült frissíteni a %1$s,keep %1$s
uif_updated,string,,%1$s updated,%1$s frissítve,keep %1$s
uif_weather,string,,Weather,Időjárás,
uif_wind,string,,Wind,Szél,
uif_active_device_count,plural,one,%1$d active device,%1$d aktív eszköz,keep %1$d
uif_active_device_count,plural,other,%1$d active devices,%1$d aktív eszköz,keep %1$d
uif_adaptive_group_paused_count,plural,one,%1$d group light is paused for manual control.,A %1$d csoport jelzőfénye szünetel a kézi vezérléshez.,keep %1$d
uif_adaptive_group_paused_count,plural,other,%1$d group lights are paused for manual control.,A %1$d csoportfények szünetelnek a kézi vezérléshez.,keep %1$d
uif_adaptive_profile_light_count,plural,one,Controls %1$d light in this profile.,A %1$d fényt vezérli ebben a profilban.,keep %1$d
uif_adaptive_profile_light_count,plural,other,Controls %1$d lights in this profile.,%1$d fényt vezérel ebben a profilban.,keep %1$d
uif_days_to_season,plural,one,%1$d day to %2$s,%1$d naptól %2$sig,keep %1$d %2$s
uif_days_to_season,plural,other,%1$d days to %2$s,%1$d nap és %2$s,keep %1$d %2$s
uif_device_on_count,plural,one,%1$d device on,%1$d eszköz bekapcsolva,keep %1$d
uif_device_on_count,plural,other,%1$d devices on,%1$d eszközök bekapcsolva,keep %1$d
uif_fire_detector_count,plural,one,%1$d fire detector active,%1$d tűzérzékelő aktív,keep %1$d
uif_fire_detector_count,plural,other,%1$d fire detectors active,%1$d tűzérzékelők aktívak,keep %1$d
uif_flow_advanced_block_count,plural,one,%1$d advanced shorthand block (kept unchanged),%1$d speciális gyorsírási blokk (változatlanul tartva),keep %1$d
uif_flow_advanced_block_count,plural,other,%1$d advanced shorthand blocks (kept unchanged),%1$d speciális gyorsírási blokkok (változatlanul tartva),keep %1$d
uif_gas_detector_count,plural,one,%1$d gas detector active,%1$d gázérzékelő aktív,keep %1$d
uif_gas_detector_count,plural,other,%1$d gas detectors active,%1$d gázérzékelők aktívak,keep %1$d
uif_light_on_count,plural,one,%1$d light on,%1$d világít,keep %1$d
uif_light_on_count,plural,other,%1$d lights on,%1$d világít,keep %1$d
uif_media_item_count,plural,one,%1$d item,%1$d elem,keep %1$d
uif_media_item_count,plural,other,%1$d items,%1$d elem,keep %1$d
uif_motion_sensor_count,plural,one,%1$d motion sensor active,%1$d mozgásérzékelő aktív,keep %1$d
uif_motion_sensor_count,plural,other,%1$d motion sensors active,%1$d mozgásérzékelők aktívak,keep %1$d
uif_open_door_count,plural,one,%1$d open door,%1$d nyitott ajtó,keep %1$d
uif_open_door_count,plural,other,%1$d open doors,%1$d nyitott ajtók,keep %1$d
uif_open_window_count,plural,one,%1$d open window,%1$d nyitott ablak,keep %1$d
uif_open_window_count,plural,other,%1$d open windows,%1$d nyitott ablakok,keep %1$d
uif_presence_sensor_count,plural,one,%1$d presence sensor active,%1$d jelenlétérzékelő aktív,keep %1$d
uif_presence_sensor_count,plural,other,%1$d presence sensors active,%1$d jelenlétérzékelők aktívak,keep %1$d
uif_smoke_detector_count,plural,one,%1$d smoke detector active,%1$d füstérzékelő aktív,keep %1$d
uif_smoke_detector_count,plural,other,%1$d smoke detectors active,%1$d füstérzékelők aktívak,keep %1$d
weather_animate_title,string,,Animated weather,Animált időjárás,
weather_animate_description,string,,"Where the full-colour weather artwork plays. Turn a surface off to show its still artwork instead — the forecast strips are the ones that cost the most, since they animate a dozen icons side by side.","Ahol a színes időjárási alkotások játszanak. Kapcsolja ki a felületet, hogy inkább az állóképet jelenítse meg – az előrejelzési sávok azok, amelyek a legtöbbet kerülnek, mivel egy tucat ikont animálnak egymás mellett.",
weather_animate_applies_everywhere,string,,"These apply to this device everywhere weather is shown, not just to this pill. The same switches are in Settings › Appearance › Icons.","Ezek erre az eszközre vonatkoznak mindenhol, ahol az időjárást mutatják, nem csak erre a tablettára. Ugyanezek a kapcsolók találhatók a Beállítások › Megjelenés › Ikonok menüpontban.",
weather_animate_pill,string,,Header pill,Fejléc pirula,
weather_animate_pill_description,string,,The small weather icon beside the dashboard title.,A kis időjárás ikon az irányítópult címe mellett.,
weather_animate_dialog,string,,Weather dialog,Időjárás párbeszédpanel,
weather_animate_dialog_description,string,,The large icon on the current-weather card when you open the weather.,"A nagy ikon az aktuális időjárás kártyán, amikor megnyitja az időjárást.",
weather_animate_forecast,string,,Forecast strips,Előrejelzési csíkok,
weather_animate_forecast_description,string,,"The daily and hourly rows, in the dialog and on the dashboard.",A napi és óránkénti sorok a párbeszédpanelen és az irányítópulton.,
weather_animate_widget,string,,Weather widget,Időjárás widget,
weather_animate_widget_description,string,,The weather card on the dashboard itself.,Az időjárás kártya magán a műszerfalon.,
widgets_tab_content,string,,Content,Tartalom,
widgets_tab_appearance,string,,Appearance,Megjelenés,
widgets_tab_data,string,,Data,Adat,
widgets_tab_chart,string,,Chart,Diagram,
widgets_tab_graphs,string,,Graphs,Grafikonok,
widgets_tab_layout,string,,Layout,Elrendezés,
widgets_tab_data_sources,string,,Data sources,Adatforrások,
widgets_remove,string,,Remove,Távolítsa el,
widgets_reimport,string,,Re-import,Újraimportálás,
widgets_unavailable,string,,Unavailable,Nem elérhető,
widgets_today,string,,Today,Ma,
widgets_tomorrow,string,,Tomorrow,Holnap,
widgets_yesterday,string,,Yesterday,Tegnap,
widgets_today_initial,string,,T,T,
widgets_date_range,string,,%1$s – %2$s,%1$s – %2$s,keep %1$s %2$s
widgets_iframe_title,string,,iFrame,iFrame,
widgets_iframe_subtitle,string,,Embed a web page on your dashboard,Weboldal beágyazása az irányítópultba,
widgets_ratio_square,string,,Square,Négyzet,
widgets_ratio_wide,string,,Wide,Széles,
widgets_ratio_tall,string,,Tall,Magas,
widgets_markdown_title,string,,Markdown,Árleszállítás,
widgets_markdown_subtitle,string,,Content and card appearance,Tartalom és kártya megjelenés,
widgets_media_player_title,string,,Media player,Médialejátszó,
widgets_media_player_subtitle,string,,"Source, layout, and artwork","Forrás, elrendezés és műalkotás",
widgets_stat_min,string,,Min,Min,
widgets_stat_average,string,,Avg,Átl,
widgets_stat_max,string,,Max,Max,
widgets_sensor_graph_title,string,,Sensor graph,Érzékelő grafikonja,
widgets_sensor_graph_subtitle,string,,"Entities, chart style, and appearance","Entitások, diagramstílus és megjelenés",
widgets_sensor_graph_stack_title,string,,Sensor graph stack,Érzékelő grafikon verem,
widgets_sensor_graph_stack_subtitle,string,,Grouped charts and stack layout,Csoportosított diagramok és verem elrendezés,
widgets_graph_sensor_count,plural,one,Graph %1$d · %2$d sensor,Grafikon %1$d · %2$d érzékelő,keep %1$d %2$d
widgets_graph_sensor_count,plural,other,Graph %1$d · %2$d sensors,Grafikon %1$d · %2$d érzékelők,keep %1$d %2$d
widgets_calendar_title,string,,Calendar,Naptár,
widgets_calendar_subtitle,string,,"Calendars, default view, and appearance","Naptárak, alapértelmezett nézet és megjelenés",
widgets_calendar_agenda,string,,Agenda,Napirend,
widgets_calendar_week,string,,Week,Hét,
widgets_calendar_month,string,,Month,Hónap,
widgets_calendar_no_entity,string,,No calendar entity available,Nincs elérhető naptár entitás,
widgets_calendar_no_upcoming_events,string,,No events in the coming days,Nincsenek események a következő napokban,
widgets_calendar_no_events_for,string,,No events for %1$s,Nincsenek események a következőhöz: %1$s,keep %1$s
widgets_calendar_all_day,string,,All day,Egész nap,
widgets_calendar_time_unknown,string,,Time unknown,Idő ismeretlen,
widgets_vacuum_state_cleaning,string,,Cleaning,Tisztítás,
widgets_vacuum_state_docked,string,,Docked,Dokkolva,
widgets_vacuum_state_paused,string,,Paused,Szüneteltetve,
widgets_vacuum_state_error,string,,Error,Hiba,
widgets_vacuum_state_returning,string,,Returning to dock,Visszatérve a dokkolóhoz,
widgets_vacuum_dock,string,,Dock,Dokk,
widgets_vacuum_start,string,,Start,Indul,
widgets_vacuum_pause,string,,Pause,Szünet,
widgets_vacuum_stop,string,,Stop,Stop,
widgets_vacuum_locate,string,,Locate,Keresse meg,
widgets_vacuum_page_status,string,,%1$d/%2$d · %3$s,%1$d/%2$d · %3$s,keep %1$d %2$d %3$s
widgets_vacuum_fan_speed,string,,Fan speed,Ventilátor sebessége,
widgets_vacuum_water_level,string,,Water level,Vízállás,
widgets_vacuum_map,string,,Vacuum map,Vákuum térkép,
widgets_vacuum_room_number,string,,Room %1$d,%1$d szoba,keep %1$d
widgets_vacuum_room_label,string,,Room %1$s,%1$s szoba,keep %1$s
widgets_vacuum_valetudo_decode_failed,string,,No Valetudo map data in this camera entity,Nincsenek Valetudo térképadatok ebben a kameraentitásban,don't translate Valetudo
widgets_vacuum_valetudo_tap_hint,string,,Tap a room to clean it,Koppintson egy szobára a tisztításhoz,
widgets_vacuum_valetudo_unmapped,string,,Map this robot's segments to areas in Home Assistant to clean a room by tapping it,"Helyezze le ennek a robotnak a szegmenseit a Home Assistant területeire, és koppintással kitakarít egy szobát",don't translate Home Assistant
widgets_vacuum_valetudo_cleaning,string,,Cleaning %1$s,Tisztítás %1$s,keep %1$s
widgets_waste_collection_title,string,,Waste collection,Hulladékgyűjtés,
widgets_waste_collection_subtitle,string,,"Sensors, calendar, and appearance","Érzékelők, naptár és megjelenés",
widgets_waste_sensor_picture_help,string,,Shows the sensor’s entity_picture (falls back to the type icon when no picture is available).,"Megjeleníti az érzékelő entity_picture-jét (visszaesik a típus ikonra, ha nincs kép).",
ui_people_dialog_title,string,,People,Emberek,
widgets_f1_title,string,,Formula 1,Forma 1,
widgets_f1_subtitle,string,,"Race weekend, standings, and results","Versenyhétvége, tabellák és eredmények",
widgets_f1_sources_subtitle,string,,Read from the F1 Sensor integration,Olvassa el az F1 érzékelő integrációját,
widgets_f1_tab_next,string,,Next race,Következő verseny,
widgets_f1_tab_calendar,string,,Calendar,Naptár,
widgets_f1_tab_standings,string,,Standings,Tabellák,
widgets_f1_tab_grid,string,,Grid,Rács,
widgets_f1_tab_results,string,,Results,Eredmények,
widgets_f1_tab_live,string,,Live,Élő,
widgets_f1_drivers,string,,Drivers,Drivers,
widgets_f1_constructors,string,,Constructors,Konstruktorok,
widgets_f1_prediction,string,,Prediction,Előrejelzés,
widgets_f1_schedule,string,,Session schedule,Munkamenet ütemezése,
widgets_f1_race_control,string,,Race control,Versenyvezérlés,
widgets_f1_timing,string,,Timing,Időzítés,
widgets_f1_round,string,,Round %1$s,%1$s. forduló,keep %1$s
widgets_f1_lap_short,string,,Lap %1$s,%1$s kör,keep %1$s
widgets_f1_lap_of,string,,Lap %1$d / %2$d,%1$d / %2$d kör,keep %1$d %2$d
widgets_f1_wins_short,string,,%1$s wins,%1$s nyer,keep %1$s
widgets_f1_points_wins_legend,string,,Right-hand column shows championship points.,A jobb oldali oszlop a bajnoki pontokat mutatja.,
widgets_f1_prediction_now,string,,Now: %1$s pts,Most: %1$s pont,keep %1$s
widgets_f1_prediction_legend,string,,Right-hand column shows predicted final points. Needs F1TV Auth in F1 Sensor.,A jobb oldali oszlop a várható végső pontokat mutatja. F1TV Auth szükséges az F1 érzékelőben.,
widgets_f1_status_pit,string,,In pit,Gödörben,
widgets_f1_status_out,string,,Retired,Nyugdíjas,
widgets_f1_no_calendar,string,,No season schedule available yet,Még nem érhető el a szezon menetrendje,
widgets_f1_no_grid,string,,No starting grid available yet,Még nem áll rendelkezésre rajtrács,
widgets_f1_no_prediction,string,,No championship prediction available. Needs F1TV Auth in F1 Sensor.,Nem áll rendelkezésre bajnoki előrejelzés. F1TV Auth szükséges az F1 érzékelőben.,
widgets_f1_lights_out_in,string,,Lights out in %1$s,%1$s világít,keep %1$s
widgets_f1_next_in,string,,%1$s · %2$s,%1$s · %2$s,keep %1$s %2$s
widgets_f1_in_days_hours,string,,in %1$dd %2$dh,%1$dd %2$dh,keep %1$d %2$d
widgets_f1_in_hours_minutes,string,,in %1$dh %2$dm,%1$dh %2$dp múlva,keep %1$d %2$d
widgets_f1_in_minutes,string,,in %1$dm,%1$dm múlva,keep %1$d
widgets_f1_no_upcoming,string,,No upcoming race,Nincs közelgő verseny,
widgets_f1_today_at,string,,Today %1$s,Ma %1$s,keep %1$s
widgets_f1_tomorrow_at,string,,Tomorrow %1$s,Holnap %1$s,keep %1$s
widgets_f1_time_unknown,string,,Time to be confirmed,Ideje megerősíteni,
widgets_f1_sensors_used,string,,"This widget uses the next race, season calendar, starting grid, driver and constructor standings, last race results, weather, and — during a session — track status, session status, race control, driver positions, and current tyres. It also shows a championship prediction when F1 Sensor's optional F1TV Auth is set up. Other F1 Sensor options are not needed for it.","Ez a widget a következő versenyt, a szezonnaptárt, a rajtrácsot, a versenyzők és a konstruktőrök állását, a legutóbbi verseny eredményeit, az időjárást, valamint – egy edzés során – a pálya állapotát, a munkamenet állapotát, a versenyvezérlést, a versenyzői pozíciókat és az aktuális gumikat használja. A bajnokság előrejelzését is mutatja, amikor az F1 Sensor opcionális F1TV Auth beállítása be van állítva. Más F1 érzékelő opciók nem szükségesek hozzá.",
widgets_f1_no_standings,string,,No standings available yet,Még nem áll rendelkezésre állás,
widgets_f1_no_results,string,,No race results available yet,Még nincsenek versenyeredmények,
widgets_f1_no_race_control,string,,No race control messages,Nincsenek versenyvezérlő üzenetek,
widgets_f1_not_found,string,,F1 Sensor not found,F1 érzékelő nem található,
widgets_f1_not_found_long,string,,The F1 Sensor integration was not found. Install it in Home Assistant (HACS: Nicxe/f1_sensor) and its sensors are picked up automatically.,"Az F1 érzékelő integrációja nem található. Telepítse a Home Assistant-ba (HACS: Nicxe/f1_sensor), és az érzékelőit a rendszer automatikusan felveszi.",don't translate Home Assistant
widgets_f1_found,string,,Found %1$d F1 sensors.,%1$d F1 érzékelőt találtunk.,keep %1$d
widgets_f1_default_tab,string,,Opening tab,Nyitó fül,
widgets_f1_background_help,string,,"With no background image the card shows the upcoming race, with the circuit outline as a faint watermark behind it.","Háttérkép nélkül a kártya a közelgő versenyt mutatja, mögötte a körvonalat halvány vízjelként.",
widgets_f1_session_fp1,string,,Practice 1,1. gyakorlat,
widgets_f1_session_fp2,string,,Practice 2,2. gyakorlat,
widgets_f1_session_fp3,string,,Practice 3,3. gyakorlat,
widgets_f1_session_sprint_quali,string,,Sprint qualifying,Sprint kvalifikáció,
widgets_f1_session_sprint,string,,Sprint,Sprintel,
widgets_f1_session_qualifying,string,,Qualifying,Minősítés,
widgets_f1_session_race,string,,Race,Verseny,
widgets_f1_flag_green,string,,Track clear,Nyom tiszta,
widgets_f1_flag_yellow,string,,Yellow flag,Sárga zászló,
widgets_f1_flag_red,string,,Red flag,Piros zászló,
widgets_f1_flag_safety_car,string,,Safety car,Biztonsági autó,
widgets_f1_flag_vsc,string,,Virtual safety car,Virtuális biztonsági autó,
widgets_f1_flag_chequered,string,,Chequered flag,Kockás zászló,
widgets_f1_flag_unknown,string,,Not running,Nem fut,
cr_widget_f1,string,,Formula 1,Forma 1,
cr_widget_f1_description,string,,"Race weekend, standings, and results","Versenyhétvége, tabellák és eredmények",
widgets_todo_title,string,,To-Do List,Teendők listája,
widgets_todo_shopping_title,string,,Shopping List,Bevásárlólista,
widgets_todo_subtitle,string,,A shared checklist your family can add to and check off,"Megosztott ellenőrzőlista, amelyet a családja hozzáadhat és ellenőrizhet",
widgets_todo_empty,string,,No items yet,Még nincsenek tételek,
widgets_todo_all_done,string,,All done,Minden kész,
widgets_todo_remaining,string,,%1$d of %2$d left,%1$d/%2$d maradt,keep %1$d %2$d
widgets_todo_remaining_short,string,,%1$d/%2$d,%1$d/%2$d,keep %1$d %2$d
widgets_todo_add_placeholder,string,,Add an item…,Elem hozzáadása…,
widgets_todo_read_only,string,,You don't have permission to edit this list.,Nincs engedélye a lista szerkesztésére.,
widgets_todo_filter_active,string,,To do,tenni,
widgets_todo_filter_all,string,,All,Minden,
widgets_todo_filter_done,string,,Done,Kész,
widgets_todo_clear_completed,string,,Clear completed,A törlés befejeződött,
widgets_todo_completed_section,string,,Completed (%1$d),Befejezve (%1$d),keep %1$d
widgets_todo_new_category,string,,New tab,Új lap,
widgets_todo_manage_categories,string,,Manage tabs,Lapok kezelése,
widgets_todo_edit_item,string,,Edit item,Elem szerkesztése,
widgets_todo_item_text,string,,Item,Tétel,
widgets_todo_quantity,string,,Quantity,Mennyiség,
widgets_todo_category,string,,Category,Kategória,
widgets_todo_note,string,,Note,Jegyzet,
widgets_todo_priority,string,,Priority,Prioritás,
widgets_todo_priority_low,string,,Low,Alacsony,
widgets_todo_priority_normal,string,,Normal,Normál,
widgets_todo_priority_high,string,,High,Magas,
widgets_todo_due_date,string,,Due date,Esedékesség,
widgets_todo_clear_due_date,string,,Clear due date,Törölje a határidőt,
widgets_todo_delete_item,string,,Delete,Töröl,
widgets_todo_checked_by,string,,Checked by %1$s,Ellenőrizte: %1$s,keep %1$s
widgets_todo_added_by,string,,Added by %1$s,Hozzáadta: %1$s,keep %1$s
widgets_todo_tab_general,string,,General,Általános,
widgets_todo_tab_permissions,string,,Permissions,Engedélyek,
widgets_todo_list_type,string,,List type,Lista típusa,
widgets_todo_type_todo,string,,To-do,Teendők,
widgets_todo_type_shopping,string,,Shopping,Bevásárlás,
widgets_todo_sort_mode,string,,Sort order,Rendezési sorrend,
widgets_todo_sort_manual,string,,Manual,Kézikönyv,
widgets_todo_sort_alphabetical,string,,A–Z,A–Z,
widgets_todo_sort_priority,string,,Priority,Prioritás,
widgets_todo_sort_newest,string,,Newest first,Először a legújabb,
widgets_todo_show_completed,string,,Show completed items by default,Az elkészült elemek megjelenítése alapértelmezés szerint,
widgets_todo_hero_list,string,,Hero list,Hőslista,
widgets_todo_hero_list_hint,string,,Show this list's open items on the square card.,A lista nyitott elemeinek megjelenítése a négyzetkártyán.,
widgets_todo_permissions_subtitle,string,,"Choose who can add, check off, or remove items","Válassza ki, hogy ki vehet fel, kijelölhet vagy távolíthat el elemeket",
widgets_todo_perm_everyone,string,,Everyone,Mindenki,
widgets_todo_perm_specific,string,,Specific family members,Konkrét családtagok,
widgets_todo_perm_admin_only,string,,Admins only,Csak adminisztrátorok,
widgets_todo_permissions_admin_required,string,,Only an admin can choose specific members,Csak egy adminisztrátor választhat bizonyos tagokat,
widgets_todo_no_users_found,string,,No Home Assistant users found,Nem található Home Assistant felhasználó,don't translate Home Assistant
cr_widget_todo,string,,To-Do List,Teendők listája,
cr_widget_todo_description,string,,"Shared checklist or shopping list, editable by everyone, chosen members, or admins only","Megosztott ellenőrzőlista vagy bevásárlólista, amelyet mindenki szerkeszthet, csak a kiválasztott tagok vagy a rendszergazdák",
widgets_find_devices_title,string,,Find my devices,Keresse meg a készülékeimet,
widgets_find_devices_subtitle,string,,"Devices, map, and appearance","Eszközök, térkép és megjelenés",
widgets_find_devices_label,string,,Devices,Eszközök,
widgets_find_select_devices,string,,Select devices,Válasszon eszközöket,
widgets_find_sources_subtitle,string,,Trackers to show on the map,A térképen megjelenítendő nyomkövetők,
widgets_find_gps_help,string,,Any device_tracker or person entity can be added. Those reporting GPS coordinates appear on the map; the rest are still listed with their state.,Bármilyen device_tracker vagy személy entitás hozzáadható. A GPS-koordinátákat szolgáltatók megjelennek a térképen; a többi még mindig az állapotukkal együtt szerepel.,
widgets_find_my_devices,string,,My devices,Saját készülékeim,
widgets_find_filter_all,string,,All,Minden,
widgets_find_filter_devices,string,,Devices,Eszközök,
widgets_find_filter_persons,string,,People,Emberek,
widgets_find_showing_selected,string,,Showing %1$d selected,A kiválasztott %1$d megjelenítése,keep %1$d
widgets_find_show_all,string,,Show all,Összes megjelenítése,
widgets_find_none_in_filter,string,,Nothing of this kind in this widget,Ebben a widgetben semmi ilyen nincs,
widgets_find_refresh,string,,Refresh,Frissítés,
widgets_find_summary,string,,%1$d of %2$d home,%1$d / %2$d otthon,keep %1$d %2$d
widgets_find_no_devices_selected,string,,No devices selected,Nincsenek kiválasztott eszközök,
widgets_find_no_location,string,,None of these devices report a location yet,Ezen eszközök egyike sem jelent még helyet,
widgets_find_no_gps,string,,No location,Nincs hely,
widgets_find_state_home,string,,Home,Otthon,
widgets_find_state_away,string,,Away,El,
widgets_find_state_unknown,string,,Unknown,Ismeretlen,
cr_widget_find_devices,string,,Find my devices,Keresse meg a készülékeimet,
cr_widget_find_devices_description,string,,"Map of your phones, tags, and trackers","Telefonjainak, címkéinek és nyomkövetőinek térképe",
widgets_waste_calendar_range,string,,Calendar range,Naptár tartomány,
widgets_waste_calendar_days,string,,%1$d days,%1$d nap,keep %1$d
widgets_waste_calendar_range_help,string,,"How far ahead the dialog's calendar looks. It is shown as a week grid, rounded out to whole weeks.","Milyen messzire néz ki a párbeszédpanel naptára. Hetes rácsként jelenik meg, egész hetekre kerekítve.",
widgets_waste_no_collection_on,string,,No collection on %1$s,Nincs gyűjtemény itt: %1$s,keep %1$s
widgets_waste_organic,string,,Organic waste,Szerves hulladék,
widgets_waste_packaging,string,,Packaging,Csomagolás,
widgets_waste_paper,string,,Paper,Papír,
widgets_waste_residual,string,,Residual waste,Maradék hulladék,
widgets_waste_glass,string,,Glass,Üveg,
widgets_waste_textiles,string,,Textiles,Textíliák,
widgets_waste_plastic,string,,Plastic,Műanyag,
widgets_waste_christmas_trees,string,,Christmas trees,karácsonyfák,
widgets_waste_bulky,string,,Bulky waste,Terjedelmes hulladék,
widgets_waste_duo_bin,string,,Duo bin,Duo bin,
widgets_weather_title,string,,Weather,Időjárás,
widgets_weather_subtitle,string,,"Entity, card type, and appearance","Entitás, kártyatípus és megjelenés",
widgets_weather_style_current,string,,Current weather,Jelenlegi időjárás,
widgets_weather_style_daily,string,,Daily forecast,Napi előrejelzés,
widgets_weather_style_hourly,string,,Hourly forecast,Óránkénti előrejelzés,
widgets_weather_style_horizon,string,,Sunrise & sunset horizon,Napkelte és napnyugta horizontja,
widgets_weather_style_wind,string,,Wind compass,Széliránytű,
widgets_weather_style_rain_map,string,,Rain map (image URL),Esőtérkép (kép URL-je),
widgets_compass_directions,array,1,N,,needs translation
widgets_compass_directions,array,2,NNE,,needs translation
widgets_compass_directions,array,3,NE,,needs translation
widgets_compass_directions,array,4,ENE,,needs translation
widgets_compass_directions,array,5,E,,needs translation
widgets_compass_directions,array,6,ESE,,needs translation
widgets_compass_directions,array,7,SE,,needs translation
widgets_compass_directions,array,8,SSE,,needs translation
widgets_compass_directions,array,9,S,,needs translation
widgets_compass_directions,array,10,SSW,,needs translation
widgets_compass_directions,array,11,SW,,needs translation
widgets_compass_directions,array,12,WSW,,needs translation
widgets_compass_directions,array,13,W,,needs translation
widgets_compass_directions,array,14,WNW,,needs translation
widgets_compass_directions,array,15,NW,,needs translation
widgets_compass_directions,array,16,NNW,,needs translation
widgets_battery_entities,string,,Battery entities,Akkumulátor entitások,
widgets_battery_settings,string,,Battery settings,Az akkumulátor beállításai,
widgets_battery_empty_view_hint,string,,This battery view is empty. Swipe down on the header and open Battery settings to add entities manually.,"Ez az akkumulátornézet üres. Csúsztassa lefelé a fejlécet, és nyissa meg az Akkumulátorbeállításokat az entitások kézi hozzáadásához.",
widgets_battery_levels_title,string,,Battery levels,Az akkumulátor töltöttségi szintje,
widgets_battery_levels_subtitle,string,,"Thresholds, sources, and appearance","Küszöbértékek, források és megjelenés",
widgets_battery_rules,string,,Battery rules,Az akkumulátorra vonatkozó szabályok,
widgets_battery_all,string,,All,Minden,
widgets_battery_critical,string,,Critical,Kritikai,
widgets_battery_low,string,,Low,Alacsony,
widgets_battery_watch,string,,Watch,Óra,
widgets_battery_good,string,,Good,Jó,
widgets_battery_unknown,string,,Unknown,Ismeretlen,
widgets_battery_range_critical,string,,0–10%,0–10%,
widgets_battery_range_low,string,,11–30%,11–30%,
widgets_battery_range_watch,string,,31–50%,31–50%,
widgets_battery_range_good,string,,Above 50%,50% felett,
widgets_battery_range_unknown,string,,Unavailable or unknown,Nem elérhető vagy ismeretlen,
widgets_battery_no_data,string,,No battery data,Nincsenek akkumulátoradatok,
widgets_battery_levels_unavailable,string,,Battery levels unavailable,Az akkumulátor töltöttségi szintje nem érhető el,
widgets_battery_levels_healthy,string,,Battery levels look healthy,Az akkumulátor töltöttségi szintje egészségesnek tűnik,
widgets_battery_lowest_detail,string,,Lowest: %1$s at %2$d%%,"Legalacsonyabb: %1$s, %2$d%%",keep %1$s %2$d
widgets_battery_showing_plus,string,,Showing Battery+ devices,Battery+ eszközök megjelenítése,
widgets_battery_waiting_levels,string,,Waiting for reported levels,Várakozás a bejelentett szintekre,
widgets_battery_lowest,string,,Lowest,Legalacsonyabb,
widgets_battery_attention,string,,Attention,Figyelem,
widgets_battery_tracked,string,,Tracked,Lánctalpas,
widgets_battery_level,string,,Level,Szint,
widgets_battery_name,string,,Name,Név,
widgets_battery_type,string,,Battery type,Akkumulátor típusa,
widgets_battery_entity,string,,Entity,Entitás,
widgets_battery_quantity,string,,Quantity,Mennyiség,
widgets_battery_quantity_short,string,,Qty %1$s,Mennyiség %1$s,keep %1$s
widgets_battery_device_id,string,,Device ID,Eszközazonosító,
widgets_battery_unknown_type,string,,Unknown type,Ismeretlen típus,
widgets_battery_sort_summary,string,,Sort: %1$s,Rendezés: %1$s,keep %1$s
widgets_battery_no_filters,string,,No filters active,Nincs aktív szűrő,
widgets_battery_collapse_filters,string,,Collapse filters,Szűrők összecsukása,
widgets_battery_expand_filters,string,,Expand filters,A szűrők kibontása,
widgets_battery_low_count,plural,one,%1$d low battery,%1$d alacsony akkumulátor töltöttség,keep %1$d
widgets_battery_low_count,plural,other,%1$d low batteries,%1$d alacsony akkumulátorszint,keep %1$d
widgets_battery_critical_count,plural,one,%1$d critical battery,%1$d kritikus akkumulátor,keep %1$d
widgets_battery_critical_count,plural,other,%1$d critical batteries,%1$d kritikus akkumulátorok,keep %1$d
widgets_battery_attention_count,plural,one,%1$d battery needs attention,%1$d akkumulátor figyelmet igényel,keep %1$d
widgets_battery_attention_count,plural,other,%1$d batteries need attention,%1$d akkumulátorok figyelmet igényelnek,keep %1$d
widgets_energy_day,string,,Day,Nap,
widgets_energy_week,string,,Week,Hét,
widgets_energy_month,string,,Month,Hónap,
widgets_energy_year,string,,Year,Év,
widgets_energy_this_week,string,,This week,Ezen a héten,
widgets_energy_this_month,string,,This month,Ebben a hónapban,
widgets_energy_this_year,string,,This year,Idén,
widgets_energy_today_lower,string,,today,ma,
widgets_energy_this_week_lower,string,,this week,ezen a héten,
widgets_energy_this_month_lower,string,,this month,ebben a hónapban,
widgets_energy_this_year_lower,string,,this year,idén,
widgets_energy_yesterday_lower,string,,yesterday,tegnap,
widgets_energy_consumed_solar,string,,Consumed solar,Elfogyasztott napelem,
widgets_energy_imported,string,,Imported,Importált,
widgets_energy_exported,string,,Exported,Exportált,
widgets_energy_phase_number,string,,Phase %1$d,%1$d fázis,keep %1$d
widgets_energy_forecast_number,string,,Forecast %1$d,Előrejelzés %1$d,keep %1$d
widgets_energy_ha_forecast,string,,Home Assistant forecast,Home Assistant előrejelzés,don't translate Home Assistant
widgets_battery_search,string,,Search devices,Eszközök keresése,
widgets_battery_none,string,,No batteries match that search.,Egyetlen elem sem felel meg a keresésnek.,
widgets_battery_open_page,string,,Open battery page,Nyissa meg az akkumulátor oldalát,
