key,type,item,english,translation,notes
language_title,string,,Language,言語,
language_display_title,string,,Display language,表示言語,
language_display_subtitle,string,,Follows your device by default; choose one to override it,既定ではデバイスの設定に従います。上書きする場合は選択してください,
language_system,string,,System default,システムのデフォルト,
language_selected,string,,Selected,選択済み,
nav_home,string,,Home,ホーム,
nav_rooms,string,,Rooms,部屋,
nav_security,string,,Security,セキュリティ,
nav_energy,string,,Energy,エネルギー,
nav_climate,string,,Climate,空調,
nav_battery,string,,Battery,バッテリー,
nav_settings,string,,Settings,設定,
nav_room_detail,string,,Room Detail,部屋の詳細,
settings_title_connection,string,,Connection,接続,
settings_title_profile,string,,Profile,プロフィール,
settings_title_location,string,,Location,位置情報,
settings_title_notifications,string,,Notifications,通知,
settings_title_appearance,string,,Appearance,外観,
settings_title_header,string,,Header,ヘッダー,
settings_title_theme,string,,Theme,テーマ,
settings_title_fonts,string,,Fonts,フォント,
settings_title_corners,string,,Corners,角丸,
settings_title_icons,string,,Icons,アイコン,
settings_title_nav_bar,string,,Navigation Bar,ナビゲーションバー,
settings_title_media_players,string,,Media Players,メディアプレーヤー,
settings_title_dashboard,string,,Dashboard,ダッシュボード,
settings_title_family_sharing,string,,Family Sharing,ファミリー共有,
settings_title_backup_restore,string,,Backup and Restore,バックアップと復元,
settings_title_account,string,,Account,アカウント,
settings_title_about,string,,About HKI 7,HKI 7について,don't translate HKI 7
settings_title_license,string,,License,ライセンス,
settings_title_support,string,,Support,サポート,
settings_subtitle_menu,string,,Everything that shapes your HKI 7 experience,HKI 7の体験を形作るすべての設定,don't translate HKI 7
settings_subtitle_account,string,,Your profile and this app installation,プロフィールとこのアプリのインストール情報,
settings_subtitle_profile,string,,Personal details used throughout your dashboard,ダッシュボード全体で使用される個人情報,
settings_subtitle_connection,string,,Server routes and local-network preferences,サーバー経路とローカルネットワークの設定,
settings_subtitle_location,string,,Presence updates and background access,在室状況の更新とバックグラウンドアクセス,
settings_subtitle_dashboard,string,,"Dashboards, tabs, media players, and popups",ダッシュボード、タブ、メディアプレーヤー、ポップアップ,
settings_subtitle_appearance,string,,Make the dashboard feel like yours,ダッシュボードを自分らしく,
settings_subtitle_corners,string,,"Roundness of buttons, cards, and widgets",ボタン、カード、ウィジェットの角丸,
settings_subtitle_icons,string,,Icon animations and per-domain effects,アイコンアニメーションとドメインごとの効果,
settings_subtitle_header,string,,Choose whether the dashboard header is shown,ダッシュボードヘッダーの表示有無を選択,
settings_subtitle_theme,string,,"Color, contrast, mode, and corner styling",色、コントラスト、モード、角のスタイル,
settings_subtitle_fonts,string,,"Size, weight, and typeface readability",サイズ、太さ、書体の読みやすさ,
settings_subtitle_nav_bar,string,,Choose which destinations are always within reach,常に表示する移動先を選択,
settings_subtitle_media_players,string,,Names and mini-player visibility,名前とミニプレーヤーの表示,
settings_subtitle_notifications,string,,"Push delivery, history, and service behavior",プッシュ配信、履歴、サービスの動作,
settings_subtitle_backup_restore,string,,Protect or move your dashboard configuration,ダッシュボード構成を保護または移行,
settings_subtitle_family_sharing,string,,"Parental controls, dashboard sharing, and recipient permissions",ペアレンタルコントロール、ダッシュボード共有、受信者権限,
settings_subtitle_about,string,,"The project, technology, and people behind HKI 7",HKI 7の背景にあるプロジェクト、技術、そして人々,don't translate HKI 7
settings_subtitle_license,string,,Open-source community core and optional premium materials,オープンソースのコア機能とオプションのプレミアム素材,
settings_subtitle_support,string,,Ways to help HKI 7 grow without buying Premium,Premiumを購入せずにHKI 7の成長を支援する方法,don't translate HKI 7
notification_channel_general,string,,General,一般,
location_channel_name,string,,Location sharing,位置情報の共有,
location_notification_title,string,,Home Assistant location,Home Assistantの位置情報,don't translate Home Assistant
location_notification_text,string,,Sharing your location with Home Assistant,Home Assistantと位置情報を共有しています,don't translate Home Assistant
push_connection_channel_name,string,,Notification connection,通知接続,
push_connection_notification_title,string,,Connected to Home Assistant,Home Assistantに接続済み,don't translate Home Assistant
push_connection_notification_text,string,,Listening for notifications,通知を待機中,
parcel_title,string,,Parcels,荷物,
parcel_generic_carrier,string,,Carrier,配送業者,
parcel_incoming,string,,Incoming,到着予定,
parcel_delivered,string,,Delivered,配達完了,
parcel_outgoing,string,,Outgoing,発送,
parcel_letters,string,,Letters,手紙,
parcel_mail,string,,Mail,郵便物,
parcel_summary,string,,%1$d incoming · %2$d outgoing,到着 %1$d件・発送 %2$d件,keep %1$d %2$d
parcel_summary_with_letters,string,,%1$d incoming · %2$d outgoing · %3$d letters,到着 %1$d件・発送 %2$d件・手紙 %3$d件,keep %1$d %2$d %3$d
parcel_carrier_summary_with_letters,string,,%1$d incoming · %2$d outgoing · %3$d letters,到着 %1$d件・発送 %2$d件・手紙 %3$d件,keep %1$d %2$d %3$d
parcel_summary_with_letter_count,string,,%1$d incoming · %2$d outgoing · %3$s,到着 %1$d件・発送 %2$d件・%3$s,keep %1$d %2$d %3$s
parcel_tracking_history,string,,Tracking history,追跡履歴,
parcel_tracking_history_subtitle,string,,Parcel journey and status updates,荷物の配送経路とステータス更新,
parcel_choose_carrier_account,string,,Choose a carrier account,配送業者アカウントを選択,
parcel_tab_count,string,,%1$s (%2$d),%1$s (%2$d),keep %1$s %2$d
parcel_empty_tab,string,,No %1$s parcels.,%1$s の荷物はありません。,keep %1$s
parcel_no_incoming,string,,No incoming parcels.,到着予定の荷物はありません。,
parcel_no_delivered,string,,No delivered parcels.,配達済みの荷物はありません。,
parcel_no_outgoing,string,,No outgoing parcels.,発送予定の荷物はありません。,
parcel_stage_registered,string,,Registered,登録済み,
parcel_stage_sorting,string,,Sorting,仕分け中,
parcel_stage_on_the_way,string,,On the way,配送中,
parcel_unknown_status,string,,Unknown status,不明なステータス,
parcel_status_in_transit,string,,In transit,輸送中,
parcel_status_out_for_delivery,string,,Out for delivery,配達中,
parcel_status_at_pickup_point,string,,Ready at pickup point,受取所で保管中,
parcel_status_ready_to_send,string,,Ready to send,発送準備完了,
parcel_letter_preview,string,,Letter preview,手紙のプレビュー,
parcel_carriers,string,,Carriers,配送業者,
parcel_track_new,string,,Track a new %1$s parcel by number,番号で新しい%1$sの荷物を追跡,keep %1$s
parcel_choose_carrier,string,,Choose a carrier,配送業者を選択,
parcel_settings_subtitle,string,,"Carrier accounts, aggregation, and appearance",配送業者アカウント、集約、外観,
parcel_settings_accounts,string,,Accounts,アカウント,
parcel_settings_organization,string,,Organization,整理,
parcel_settings_appearance,string,,Appearance,外観,
action_remove,string,,Remove,削除,
notification_delete,string,,Delete notification,通知を削除,
notification_mark_all_read,string,,Mark all as read,すべて既読にする,
notification_mark_all_unread,string,,Mark all as unread,すべて未読にする,
notification_delete_all,string,,Delete all,すべて削除,
notification_delete_all_archived,string,,Delete all archived,アーカイブ済みをすべて削除,
notification_unread,string,,Unread,未読,
notification_history,string,,History,履歴,
notification_mark_unread,string,,Mark as unread,未読にする,
notification_mark_read,string,,Mark as read,既読にする,
notification_archive,string,,Archive,アーカイブ,
notification_unarchive,string,,Unarchive,アーカイブ解除,
notification_delete_action,string,,Delete,削除,
entity_search_select_items,string,,Select items,項目を選択,
entity_search_choose_one,string,,Search and choose one entity,エンティティを検索して1つ選択,
entity_search_choose_multiple,string,,Search and select one or more entities,エンティティを検索して1つ以上選択,
global_search_title,string,,Search,検索,
global_search_subtitle,string,,Find and control any Home Assistant device or entity,Home Assistantのデバイスやエンティティを検索して操作,don't translate Home Assistant
global_search_clear,string,,Clear search,検索をクリア,
global_search_no_devices,string,,No matching devices.,一致するデバイスがありません。,
global_search_no_entities,string,,No matching entities.,一致するエンティティがありません。,
security_title,string,,Security,セキュリティ,
security_subtitle,string,,Home status and activity,家の状態とアクティビティ,
security_settings,string,,Security settings,セキュリティ設定,
security_entities,string,,Security entities,セキュリティエンティティ,
security_reimport,string,,Re-import,再インポート,
security_group_doors,string,,Doors,ドア,
security_group_doors_subtitle,string,,Door contacts,ドアの開閉センサー,
security_group_windows,string,,Windows,窓,
security_group_windows_subtitle,string,,Window contacts,窓の開閉センサー,
security_group_openings,string,,Openings,開口部,
security_group_openings_subtitle,string,,Garage doors and other openings,ガレージドアなどの開口部,
security_group_garage_doors,string,,Garage doors,ガレージドア,
security_group_garage_doors_subtitle,string,,Garage door covers,ガレージドアのカバー,
security_group_covers,string,,Covers,カバー,
security_group_covers_subtitle,string,,"Blinds, shutters, and gates",ブラインド、シャッター、ゲート,
security_group_locks,string,,Locks,ロック,
security_group_locks_subtitle,string,,Door and gate locks,ドアとゲートのロック,
security_group_motion,string,,Motion,動体検知,
security_group_motion_subtitle,string,,Motion detection,動体検知,
security_group_presence,string,,Presence,在室検知,
security_group_presence_subtitle,string,,Occupancy sensors,在室センサー,
security_group_fire,string,,Fire and temperature,火災・温度,
security_group_fire_subtitle,string,,"Fire, heat, cold, and safety alarms",火災、高温、低温、安全警報,
security_group_smoke,string,,Smoke,煙,
security_group_smoke_subtitle,string,,Smoke detectors,煙感知器,
security_group_gas,string,,Gas,ガス,
security_group_gas_subtitle,string,,Combustible gas sensors,可燃性ガスセンサー,
security_group_co2,string,,CO / CO₂,CO / CO₂,
security_group_co2_subtitle,string,,Carbon monoxide and carbon dioxide sensors,一酸化炭素・二酸化炭素センサー,
security_group_moisture,string,,Leaks,漏水,
security_group_moisture_subtitle,string,,Moisture and water leaks,湿気・水漏れ,
security_group_sound,string,,Sound,音,
security_group_sound_subtitle,string,,Sound and glass-break sensors,音・ガラス破壊センサー,
security_group_light,string,,Light detection,光検知,
security_group_light_subtitle,string,,Light and beam sensors,光・ビームセンサー,
security_group_alarms,string,,Alarm systems,警報システム,
security_group_alarms_subtitle,string,,Alarm control panels,警報制御パネル,
security_group_cameras,string,,Cameras,カメラ,
security_group_cameras_subtitle,string,,Camera feeds,カメラ映像,
security_no_search_active,string,,No search active · %1$s,検索なし・%1$s,keep %1$s
security_status_alert,string,,Security alert,セキュリティアラート,
security_status_alarm_pending,string,,Alarm pending,警報保留中,
security_status_changing_alarm,string,,Changing alarm mode,警報モードを変更中,
security_status_needs_attention,string,,Needs attention,要確認,
security_status_motion,string,,Motion detected,動体を検知しました,
security_status_sensor_activity,string,,Sensor activity,センサーの動作,
security_status_alarm_unavailable,string,,Alarm unavailable,警報が利用できません,
security_status_devices_unavailable,string,,Devices unavailable,デバイスが利用できません,
security_status_cameras_offline,string,,Cameras offline,カメラがオフラインです,
security_status_all_secure,string,,All secure,すべて施錠済み,
security_status_alarm_disarmed,string,,Alarm disarmed,警報解除済み,
security_status_all_clear,string,,All clear,すべて正常,
security_status_no_data,string,,No security data,セキュリティデータがありません,
security_metric_openings,string,,Openings,開口部,
security_metric_locked,string,,Locked,施錠済み,
security_metric_cameras_online,string,,Cameras online,オンラインのカメラ,
security_card_title,string,,Security card,セキュリティカード,
security_card_subtitle,string,,"Name, layout, and card appearance",名称、レイアウト、カードの外観,
security_stat_total,string,,Total,合計,
security_stat_active,string,,Active,作動中,
security_stat_clear,string,,Clear,正常,
security_cover_open,string,,Open,開く,
security_cover_stop,string,,Stop,停止,
security_cover_close,string,,Close,閉じる,
security_restore,string,,Restore,復元,
security_empty,string,,This is an empty security view. Swipe down on the header and open Security settings to add entities manually.,これは空のセキュリティビューです。ヘッダーを下にスワイプし、セキュリティ設定を開いてエンティティを手動で追加してください。,
connection_stopping_for_restart,string,,Stopping for restart…,再起動のため停止中…,
connection_starting,string,,Home Assistant is starting…,Home Assistantを起動中…,don't translate Home Assistant
connection_restoring_dashboard,string,,Restoring your dashboard…,ダッシュボードを復元中…,
connection_restarting,string,,Home Assistant is restarting…,Home Assistantを再起動中…,don't translate Home Assistant
connection_auto_generating,string,,Auto-generating rooms and widgets…,部屋とウィジェットを自動生成中…,
connection_reconnecting,string,,Reconnecting to Home Assistant…,Home Assistantに再接続中…,don't translate Home Assistant
connection_unavailable_retrying,string,,Unavailable · Retrying…,利用不可・再試行中…,
connection_paused,string,,Connection paused,接続を一時停止中,
connection_connected,string,,Connected,接続済み,
connection_server_not_found,string,,Server address could not be found,サーバーアドレスが見つかりませんでした,
connection_timed_out,string,,Connection timed out,接続がタイムアウトしました,
connection_no_route,string,,No network route to Home Assistant,Home Assistantへのネットワーク経路がありません,don't translate Home Assistant
connection_could_not_connect,string,,Could not connect to Home Assistant,Home Assistantに接続できませんでした,don't translate Home Assistant
connection_secure_failed,string,,Secure connection failed,セキュア接続に失敗しました,
connection_session_expired_refreshing,string,,Session expired · Refreshing login…,セッションが期限切れです・ログインを更新中…,
connection_interrupted,string,,Connection was interrupted,接続が中断されました,
connection_error_title,string,,Connection error,接続エラー,
connection_all_systems_normal,string,,All systems normal,すべてのシステムは正常です,
action_undo,string,,Undo,元に戻す,
action_redo,string,,Redo,やり直す,
connection_route_local,string,,Local,ローカル,
connection_route_nabu_casa,string,,Nabu Casa,Nabu Casa,don't translate Nabu Casa
connection_route_external,string,,External,外部,
settings_connection_via,string,,Connected via %1$s,%1$s経由で接続,keep %1$s
settings_connection_unknown,string,,Unknown,不明,
settings_connection_connecting,string,,Connecting…,接続中…,
settings_this_home,string,,this home,この家,
settings_current_wifi,string,,Current Wi-Fi,現在のWi-Fi,
settings_wifi_unavailable,string,,Not connected or location permission is missing,接続されていないか、位置情報の権限がありません,
settings_just_now,string,,just now,たった今,
settings_primary_app_language,string,,Primary application language,主要なアプリ言語,
settings_android_build_configuration,string,,Android resources and build configuration,Androidリソースとビルド構成,
page_settings_default_title,string,,Page settings,ページ設定,
page_settings_choose_area,string,,Choose an area to configure,設定するエリアを選択,
page_settings_focused_options,string,,Focused options for this page area,このページエリアの詳細オプション,
page_settings_header_description,string,,Wallpaper and custom header color,壁紙とカスタムヘッダー色,
page_settings_custom_page_description,string,,"Name, subtitle, and navigation icon",名前、サブタイトル、ナビゲーションアイコン,
page_settings_badge_bar,string,,Badge bar,バッジバー,
page_settings_badge_description,string,,"Visibility, alignment, and display options",表示、配置、表示オプション,
page_settings_persons,string,,Persons,人物,
page_settings_persons_description,string,,Visibility and ordering,表示と並び順,
page_settings_configure,string,,Configure,設定,
room_config_title,string,,Room configuration,部屋の設定,
header_pill_left,string,,Left header pill,左ヘッダーピル,
header_pill_right,string,,Right header pill,右ヘッダーピル,
alignment_split,string,,Split,分割,
alignment_center,string,,Center,中央,
weather_cloudy,string,,Cloudy,くもり,
home_default_markdown_content,string,,# Markdown\nOpen this widget's settings in **edit mode** to write your own content.,# Markdown\nこのウィジェットの設定を**編集モード**で開き、独自のコンテンツを記述してください。,\n = line break
home_settings_title,string,,Home settings,ホーム設定,
custom_page_settings_title,string,,%1$s settings,%1$s の設定,keep %1$s
home_empty,string,,This is the homepage. Add widgets by swiping down on the header and enabling edit mode.,ここはホーム画面です。ヘッダーを下にスワイプして編集モードを有効にし、ウィジェットを追加してください。,
custom_page_empty,string,,This page is empty. Add widgets by swiping down on the header and enabling edit mode.,このページは空です。ヘッダーを下にスワイプして編集モードを有効にし、ウィジェットを追加してください。,
select_camera_title,string,,Select camera,カメラを選択,
select_entity_title,string,,Select entity,エンティティを選択,
custom_camera_default_name,string,,Custom camera,カスタムカメラ,
rooms_settings_title,string,,Rooms settings,部屋の設定,
rooms_empty,string,,The rooms view is empty. Swipe down on the header and enable edit mode to add floors and rooms.,部屋ビューは空です。ヘッダーを下にスワイプして編集モードを有効にし、フロアと部屋を追加してください。,
floor_expand,string,,Expand floor,フロアを展開,
floor_collapse,string,,Collapse floor,フロアを折りたたむ,
floor_settings_title,string,,Floor,フロア,
floor_settings_subtitle,string,,"Identity, layout, and card style",名称、レイアウト、カードスタイル,
universal_cover_status,string,,%1$d%% · %2$s,%1$d%% · %2$s,keep %1$d %2$s
universal_effects,string,,Effects,エフェクト,
universal_open_door,string,,Open door,ドアを開く,
universal_vacuum_dock,string,,Dock,ドックへ戻る,
universal_start,string,,Start,開始,
universal_pause,string,,Pause,一時停止,
universal_stop,string,,Stop,停止,
universal_locate,string,,Locate,位置を特定,
universal_room_number,string,,Room %1$d,部屋 %1$d,keep %1$d
core_optional_display_name,string,,Optional display name override,表示名の上書き(任意),
core_media_paused_track,string,,Paused: %1$s,一時停止中: %1$s,keep %1$s
core_percent_value,string,,%1$d percent,%1$d パーセント,keep %1$d
core_current_humidity,string,,Current humidity,現在の湿度,
core_tank_water_level,string,,Tank / water level,タンク/水位,
core_pm25,string,,PM2.5,PM2.5,
core_error_code,string,,Error code,エラーコード,
core_bucket_full,string,,Bucket full,タンク満杯,
core_clean_filter,string,,Clean filter,フィルターを清掃,
core_ionizer,string,,Ionizer,イオナイザー,
core_pump,string,,Pump,ポンプ,
core_beep_on_command,string,,Beep on command,コマンド時にビープ音を鳴らす,
core_dawn,string,,Dawn,夜明け,
core_solar_noon,string,,Solar noon,南中時刻,
core_dusk,string,,Dusk,夕暮れ,
core_icon_category_common,string,,Common,共通,
core_icon_category_home,string,,Home,ホーム,
core_icon_category_weather,string,,Weather,天気,
core_icon_category_lock,string,,Lock,ロック,
core_icon_category_people,string,,People,人物,
core_icon_category_auto,string,,Automotive,自動車,
core_icon_category_music,string,,Music,音楽,
core_icon_category_battery,string,,Battery,バッテリー,
core_icon_category_nature,string,,Nature,自然,
core_icon_category_places,string,,Places,場所,
core_icon_category_food,string,,Food,食べ物,
core_icon_category_navigation,string,,Navigation,ナビゲーション,
core_icon_category_devices,string,,Devices,デバイス,
core_icon_category_map,string,,Map,地図,
core_icon_category_media,string,,Media,メディア,
core_icon_category_communication,string,,Communication,通信,
core_icon_category_health,string,,Health,健康,
core_icon_category_vehicles,string,,Vehicles,乗り物,
core_icon_category_buildings,string,,Buildings,建物,
core_icon_category_electrical,string,,Electrical,電気,
core_icon_category_sport,string,,Sport,スポーツ,
core_icon_category_objects,string,,Objects,オブジェクト,
core_icon_category_commerce,string,,Commerce,商業,
core_icon_category_games,string,,Games,ゲーム,
core_icon_category_finance,string,,Finance,金融,
background_notification_channel_general,string,,General,一般,
background_location_channel_name,string,,Location sharing,位置情報の共有,
background_location_channel_description,string,,Keeps your device location up to date in Home Assistant,Home Assistant内で端末の位置情報を最新の状態に保ちます,don't translate Home Assistant
background_location_notification_title,string,,Home Assistant location sharing,Home Assistant位置情報共有,don't translate Home Assistant
background_location_notification_text,string,,Sharing your location with Home Assistant,Home Assistantと位置情報を共有しています,don't translate Home Assistant
background_push_channel_name,string,,Notification connection,通知接続,
background_push_channel_description,string,,Keeps a background connection to Home Assistant for instant notifications,即時通知のためHome Assistantへのバックグラウンド接続を維持します,don't translate Home Assistant
background_push_notification_title,string,,Connected to Home Assistant,Home Assistantに接続済み,don't translate Home Assistant
background_push_notification_text,string,,Waiting for notifications,通知を待機しています,
background_push_hide_action,string,,Hide this notification,この通知を非表示,
button_style_centered,string,,Centered,中央揃え,
button_elements,string,,Elements,要素,
button_elements_description,string,,What appears on this button. Hide the name and state for an icon on its own.,このボタンに表示される内容。アイコンの名前と状態を単独で非表示にします。,
stack_elements_title,string,,Elements on every button in this stack,このスタック内のすべてのボタンの要素,
stack_elements_description,string,,"These apply to the whole stack, not to one button. Turning something off here hides it on every button in the stack; leaving it on lets each button decide for itself in its own settings.",これらは 1 つのボタンではなく、スタック全体に適用されます。ここで何かをオフにすると、スタック内のすべてのボタンでそれが非表示になります。オンのままにすると、各ボタンが独自の設定で決定されます。,
button_element_icon,string,,Icon,アイコン,
button_element_name,string,,Name,名前,
button_element_state,string,,State,状態,
stack_show_title,string,,Show name,番組名,
stack_show_title_description,string,,Turn off for a stack with no heading at all.,見出しがまったくないスタックの場合はオフにします。,
stack_show_icon,string,,Show icon,アイコンを表示,
stack_show_icon_description,string,,The icon beside the heading.,見出しの横にあるアイコン。,
stack_center_title,string,,Center the heading,見出しを中央に配置する,
stack_center_title_description,string,,Puts the icon and name in the middle instead of against the left edge.,アイコンと名前を左端ではなく中央に配置します。,
cr_state_on,string,,On,オン,
cr_state_off,string,,Off,オフ,
cr_open,string,,Open,開く,
cr_close,string,,Close,閉じる,
cr_stop,string,,Stop,停止,
cr_closed,string,,Closed,閉,
cr_opening,string,,Opening,開放中,
cr_closing,string,,Closing,閉鎖中,
cr_locked,string,,Locked,施錠済み,
cr_unlocked,string,,Unlocked,解錠,
cr_unavailable,string,,Unavailable,利用不可,
cr_unknown,string,,Unknown,不明,
cr_idle,string,,Idle,待機中,
cr_home,string,,Home,ホーム,
cr_away,string,,Away,外出,
cr_cleaning,string,,Cleaning,清掃中,
cr_returning,string,,Returning,帰宅中,
cr_paused,string,,Paused,一時停止,
cr_error,string,,Error,エラー,
cr_playing,string,,Playing,再生中,
cr_buffering,string,,Buffering,バッファリング中,
cr_standby,string,,Standby,待機,
cr_humidifying,string,,Humidifying,加湿中,
cr_drying,string,,Drying,乾燥中,
cr_detected,string,,Detected,検出,
cr_clear,string,,Clear,正常,
cr_problem,string,,Problem,問題あり,
cr_ok,string,,OK,OK,
cr_low,string,,Low,低,
cr_normal,string,,Normal,通常,
cr_connected,string,,Connected,接続済み,
cr_disconnected,string,,Disconnected,切断済み,
cr_plugged_in,string,,Plugged in,充電中,
cr_unplugged,string,,Unplugged,未接続,
cr_wet,string,,Wet,湿潤,
cr_dry,string,,Dry,乾燥,
cr_none,string,,None,なし,
cr_any,string,,Any,すべて,
cr_remove,string,,Remove,削除,
cr_restore,string,,Restore,復元,
cr_general,string,,General,一般,
cr_identity,string,,Identity,識別情報,
cr_appearance,string,,Appearance,外観,
cr_layout,string,,Layout,レイアウト,
cr_behavior,string,,Behavior,動作,
cr_profiles,string,,Profiles,プロファイル,
cr_playback,string,,Playback,再生,
cr_content,string,,Content,コンテンツ,
cr_actions,string,,Actions,アクション,
cr_protection,string,,Protection,保護,
cr_power,string,,Power,電源,
cr_brightness,string,,Brightness,明るさ,
cr_temperature,string,,Temperature,気温,
cr_color,string,,Color,色,
cr_min,string,,Min,最小,
cr_avg,string,,Avg,平均,
cr_max,string,,Max,最大,
cr_now,string,,Now,現在,
cr_lowest,string,,Lowest,最低,
cr_average,string,,Average,平均,
cr_highest,string,,Highest,最高,
cr_live,string,,Live,ライブ,
cr_once,string,,Once,1回,
cr_daily,string,,Daily,毎日,
cr_weekly,string,,Weekly,毎週,
cr_monthly,string,,Monthly,毎月,
cr_yearly,string,,Yearly,毎年,
cr_action_tap,string,,Tap,タップ,
cr_action_double_tap,string,,Double tap,ダブルタップ,
cr_action_hold,string,,Hold,長押し,
cr_mode,string,,Mode,モード,
cr_mode_auto,string,,Auto,自動,
cr_mode_heat,string,,Heat,暖房,
cr_mode_cool,string,,Cool,冷房,
cr_mode_heat_cool,string,,Heat/cool,暖房/冷房,
cr_mode_dry,string,,Dry,乾燥,
cr_mode_fan_only,string,,Fan only,送風のみ,
cr_mode_low,string,,Low,低,
cr_mode_medium,string,,Medium,中,
cr_mode_high,string,,High,高,
cr_mode_quiet,string,,Quiet,静音,
cr_mode_boost,string,,Boost,ブースト,
cr_mode_eco,string,,Eco,エコ,
cr_mode_sleep,string,,Sleep,スリープ,
cr_mode_manual,string,,Manual,手動,
cr_mode_vertical,string,,Vertical,垂直,
cr_mode_horizontal,string,,Horizontal,水平,
cr_mode_both,string,,Both,両方,
cr_mode_up,string,,Up,上,
cr_mode_down,string,,Down,下,
cr_mode_center,string,,Center,中央,
cr_mode_left,string,,Left,左,
cr_mode_right,string,,Right,右,
cr_climate_fan,string,,Fan,ファン,
cr_climate_vertical_airflow,string,,Vertical airflow,垂直方向の風向,
cr_climate_horizontal_airflow,string,,Horizontal airflow,水平方向の風向,
cr_climate_preset,string,,Preset,プリセット,
cr_fan_speed,string,,Fan speed,ファン速度,
cr_speed,string,,Speed,速度,
cr_lower_target,string,,Lower target,目標値を下げる,
cr_raise_target,string,,Raise target,目標値を上げる,
cr_climate_temperature,string,,Temperature,気温,
cr_climate_all_temperature_sensors,string,,All temperature sensors,すべての温度センサー,
cr_climate_outside,string,,Outside,屋外,
cr_climate_outside_summary,string,,"Outdoor temperature, humidity, and pressure",屋外の気温、湿度、気圧,
cr_climate_humidity,string,,Humidity,湿度,
cr_climate_all_humidity_sensors,string,,All humidity sensors,すべての湿度センサー,
cr_climate_air_pressure,string,,Air pressure,気圧,
cr_climate_all_pressure_sensors,string,,All air-pressure sensors,すべての気圧センサー,
cr_climate_co2,string,,CO₂,CO₂,
cr_climate_carbon_dioxide_sensors,string,,Carbon-dioxide sensors,二酸化炭素センサー,
cr_climate_air_quality,string,,Air quality,大気質,
cr_climate_air_quality_summary,string,,"Particulates, AQI, VOCs, and gases",粒子状物質、AQI、VOC、ガス,
cr_climate_entities,string,,Climate entities,空調エンティティ,
cr_climate_settings,string,,Climate settings,空調設定,
cr_empty_climate_view,string,,No climate data is available yet.,空調データはまだありません。,
cr_climate_fans,string,,Fans,ファン,
cr_climate_air_purifiers,string,,Air purifiers,空気清浄機,
cr_climate_humidifiers,string,,Humidifiers,加湿器,
cr_temperature_sensors,string,,Temperature sensors,温度センサー,
cr_devices_active,string,,Devices active,アクティブなデバイス,
cr_active_of_total,string,,%1$d of %2$d active,%2$d件中%1$d件アクティブ,keep %1$d %2$d
cr_no_search_active,string,,No active search · %1$s,検索していません・%1$s,keep %1$s
cr_collapse_search,string,,Collapse search,検索を折りたたむ,
cr_expand_search,string,,Expand search,検索を展開,
cr_custom_order,string,,Custom order,カスタム順序,
cr_name_a_z,string,,Name A–Z,名前 A–Z,
cr_name_z_a,string,,Name Z–A,名前 Z–A,
cr_climate_device,string,,Climate device,空調デバイス,
cr_climate_device_subtitle,string,,"Name, icon, card style, and width",名前、アイコン、カードスタイル、幅,
cr_widget_requires_f1,string,,"Needs the F1 Sensor integration, which was not found on your Home Assistant",F1 センサーの統合が必要ですが、Home Assistant には見つかりませんでした,don't translate Home Assistant
cr_widget_requires_parcels,string,,"Needs a parcel integration, and none was found on your Home Assistant",小包の統合が必要ですが、Home Assistant には何も見つかりませんでした,don't translate Home Assistant
cr_widget_requires_waste,string,,"Needs a waste collection integration, and none was found on your Home Assistant",廃棄物収集の統合が必要ですが、Home Assistant には何も見つかりませんでした,don't translate Home Assistant
cr_people_here_title,string,,Who is here,ここには誰がいますか,
cr_people_here_empty,string,,Nobody is being tracked in this room right now.,現在、この部屋では誰も追跡されていません。,
cr_people_here_unknown_room,string,,Room unknown,部屋不明,
cr_button_exclude_counters,string,,Leave out of counters,カウンターから離れる,
cr_button_exclude_counters_hint,string,,"Keep the button, but stop it counting towards this room’s Lights and Devices totals",ボタンを押したままにしますが、この部屋の照明とデバイスの合計へのカウントを停止します。,
cr_count_with_average,string,,%1$s · avg %2$s%3$s,%1$s・平均%2$s%3$s,keep %1$s %2$s %3$s
cr_outside_temperature,string,,Outside temperature,屋外気温,
cr_outside_humidity,string,,Outside humidity,屋外湿度,
cr_outside_pressure,string,,Outside pressure,屋外気圧,
cr_outside_air_pressure,string,,Outside air pressure,屋外気圧,
cr_no_sensors_found_for,string,,No %1$s sensors found.,%1$sセンサーが見つかりません。,keep %1$s
cr_climate_control,string,,Climate control,空調コントロール,
cr_thermostat_dial,string,,Thermostat dial,サーモスタットダイヤル,
cr_width_third,string,,Third,3分の1,
cr_width_half,string,,Half,半分,
cr_width_full,string,,Full,全幅,
cr_select_item,string,,Select %1$s,%1$sを選択,keep %1$s
cr_set_outdoor_sensors,string,,"Set outdoor temperature, humidity, and pressure",屋外の気温、湿度、気圧を設定,
cr_auto_discovered_device_class,string,,Discovered automatically by device class,デバイスクラスにより自動検出,
cr_auto_discovered_climate_devices,string,,Climate devices discovered automatically,自動検出された空調デバイス,
cr_pick_fan_entities_as_purifiers,string,,Choose fan entities to use as air purifiers,空気清浄機として使用するファンエンティティを選択,
cr_auto_discovered_humidifier_devices,string,,Humidifier devices discovered automatically,自動検出された加湿器デバイス,
cr_removed_entities,string,,Removed entities,削除されたエンティティ,
cr_entities_removed_edit_mode,string,,Entities removed in edit mode,編集モードで削除されたエンティティ,
cr_card_indoor_climate_overview,string,,Indoor climate overview,室内空調概要,
cr_card_sensor_device_tiles,string,,Sensor and device tiles,センサー・デバイスタイル,
cr_card_thermostats_ac,string,,Thermostats and AC,サーモスタットとエアコン,
cr_card_temperature_summary,string,,Temperature summary,気温サマリー,
cr_card_humidity_summary,string,,Humidity summary,湿度サマリー,
cr_card_air_pressure_summary,string,,Air-pressure summary,気圧サマリー,
cr_card_co2_summary,string,,CO₂ summary,CO₂サマリー,
cr_card_air_quality_summary,string,,Air-quality summary,大気質サマリー,
cr_category_overview,string,,Overview,概要,
cr_category_devices,string,,Devices,デバイス,
cr_category_sensors,string,,Sensors,センサー,
cr_no_climate_sensors_devices,string,,No climate sensors or devices found.,空調センサーまたはデバイスが見つかりません。,
cr_no_climate_devices,string,,No climate devices found. Thermostats and AC units from Home Assistant appear here automatically.,空調デバイスが見つかりません。Home Assistantのサーモスタットとエアコンはここに自動的に表示されます。,don't translate Home Assistant
cr_no_fans,string,,No fans found. Fan entities from Home Assistant appear here automatically.,ファンが見つかりません。Home Assistantのファンエンティティはここに自動的に表示されます。,don't translate Home Assistant
cr_no_air_purifiers,string,,No air purifiers configured. Choose fan entities under Climate settings → Climate entities → Air purifiers.,空気清浄機が設定されていません。空調設定 → 空調エンティティ → 空気清浄機からファンエンティティを選択してください。,
cr_no_humidifiers,string,,No humidifiers found. Humidifier entities from Home Assistant appear here automatically.,加湿器が見つかりません。Home Assistantの加湿器エンティティはここに自動的に表示されます。,don't translate Home Assistant
cr_unknown_climate_card,string,,Unknown climate card: %1$s,不明な空調カード: %1$s,keep %1$s
cr_select_climate_cards,string,,Select climate cards,空調カードを選択,
cr_entities_for,string,,%1$s entities,%1$s件のエンティティ,keep %1$s
cr_climate_card,string,,Climate card,空調カード,
cr_climate_card_dialog_subtitle,string,,Data sources and card appearance,データソースとカードの外観,
cr_card_and_data,string,,Card and data,カードとデータ,
cr_climate_stack,string,,Climate stack,空調スタック,
cr_climate_stack_dialog_subtitle,string,,"Cards, data sources, and layout",カード、データソース、レイアウト,
cr_cards_and_data,string,,Cards and data,カードとデータ,
cr_sensor_count,plural,one,%d sensor,,needs translation; keep %d
cr_sensor_count,plural,other,%d sensors,%d 個のセンサー,keep %d
cr_device_count_on,plural,one,%1$d device · %2$d on,,needs translation; keep %1$d %2$d
cr_device_count_on,plural,other,%1$d devices · %2$d on,%1$d デバイス · %2$d 上,keep %1$d %2$d
cr_outside_sensors_set,plural,one,%d outside sensor set,,needs translation; keep %d
cr_outside_sensors_set,plural,other,%d outside sensors set,%d 個の外部センサー セット,keep %d
cr_auto_plus_manual,plural,one,Automatic + %d manual,,needs translation; keep %d
cr_auto_plus_manual,plural,other,Automatic + %d manual,自動 + %d 手動,keep %d
cr_selected_count,plural,one,%d selected,,needs translation; keep %d
cr_selected_count,plural,other,%d selected,%d 個が選択されました,keep %d
cr_removed_count,plural,one,%d removed,,needs translation; keep %d
cr_removed_count,plural,other,%d removed,%d 個が削除されました,keep %d
cr_room,string,,Room,部屋,
cr_room_details,string,,Room details,部屋の詳細,
cr_empty_room,string,,"This room is empty. Swipe down on the header, enable edit mode, and add widgets, buttons, or tiles.",この部屋は空です。ヘッダーを下にスワイプし、編集モードを有効にしてウィジェット、ボタン、タイルを追加してください。,
cr_default_markdown_content,string,,# Markdown\nOpen this widget in **edit mode** to write your own content.,# Markdown\nこのウィジェットを編集モードで開いて、独自のコンテンツを記述してください。,\n = line break
cr_select_camera,string,,Select camera,カメラを選択,
cr_select_entity,string,,Select entity,エンティティを選択,
cr_custom_camera,string,,Custom camera,カスタムカメラ,
cr_configure_widget,string,,Configure widget,ウィジェットを設定,
cr_configure_widget_subtitle,string,,Set the essentials before adding it,追加前に必須項目を設定してください,
cr_widget_options,string,,Widget options,ウィジェットオプション,
cr_widget_options_subtitle,string,,Choose what this widget should display,このウィジェットに表示する内容を選択,
cr_add_widget,string,,Add widget,ウィジェットを追加,
cr_add_widget_subtitle,string,,Browse by purpose or search every widget,目的別に閲覧するか、すべてのウィジェットを検索,
cr_category_with_options,string,,%1$s · %2$s,%1$s・%2$s,keep %1$s %2$s
cr_widget_category_controls,string,,Controls,コントロール,
cr_widget_category_controls_description,string,,"Buttons, vacuums, and grouped controls",ボタン、掃除機、グループコントロール,
cr_widget_category_cameras,string,,Cameras,カメラ,
cr_widget_category_cameras_description,string,,Live camera tiles and multi-camera views,ライブカメラタイルと複数カメラ表示,
cr_widget_category_climate,string,,Climate and weather,空調と天気,
cr_widget_category_climate_description,string,,"Temperature, comfort, forecasts, and conditions",気温、快適性、予報、状況,
cr_widget_category_energy,string,,Energy and batteries,エネルギーとバッテリー,
cr_widget_category_energy_description,string,,"Consumption, production, and device health",消費、発電、デバイスの状態,
cr_widget_category_information,string,,Information and media,情報とメディア,
cr_widget_category_information_description,string,,"Calendars, deliveries, graphs, notes, and playback",カレンダー、配送、グラフ、メモ、再生,
cr_widget_category_layout,string,,Layout and structure,レイアウトと構造,
cr_widget_category_layout_description,string,,Headings and flexible widget containers,見出しと柔軟なウィジェットコンテナ,
cr_widget_adaptive_lighting,string,,Adaptive Lighting,アダプティブ照明,
cr_widget_adaptive_lighting_description,string,,Control any installed Adaptive Lighting profile,インストール済みのアダプティブ照明プロファイルを操作,
cr_widget_button,string,,Button,ボタン,
cr_widget_button_description,string,,A single configurable entity control,設定可能な単一のエンティティコントロール,
cr_widget_buttons,string,,Buttons,ボタン,
cr_widget_calendar,string,,Calendar,カレンダー,
cr_widget_calendar_description,string,,"Agenda, week, and month views from Home Assistant calendars",Home Assistantカレンダーの予定・週・月表示,don't translate Home Assistant
cr_widget_waste_collection,string,,Waste collection,ゴミ収集,
cr_widget_waste_collection_description,string,,Upcoming collections from waste sensors,ゴミセンサーからの次回収集予定,
cr_widget_parcels,string,,Parcels,荷物,
cr_widget_parcels_description,string,,Incoming and outgoing parcels from supported carriers,対応配送業者の入荷・出荷荷物,
cr_widget_camera,string,,Camera,カメラ,
cr_widget_camera_description,string,,A single live camera tile or stream URL,単一のライブカメラタイルまたはストリームURL,
cr_widget_cameras,string,,Cameras,カメラ,
cr_widget_climate_card,string,,Climate card,空調カード,
cr_widget_climate_card_description,string,,Any card from the Climate view,空調画面の任意のカード,
cr_widget_energy_card,string,,Energy card,エネルギーカード,
cr_widget_energy_card_description,string,,Any card from the Energy view,エネルギー画面の任意のカード,
cr_widget_battery_levels,string,,Battery levels,バッテリー残量,
cr_widget_battery_levels_description,string,,"Low batteries, or Battery+ only with type details",残量の少ないバッテリー、またはBattery+のみ種類の詳細付き,
cr_widget_header_text,string,,Header text,ヘッダーテキスト,
cr_widget_header_text_description,string,,Add a section heading,セクション見出しを追加,
cr_widget_markdown,string,,Markdown,Markdown,
cr_widget_markdown_description,string,,A free-form card written in Markdown,Markdownで書く自由形式のカード,
cr_widget_iframe,string,,iFrame,iFrame,
cr_widget_iframe_description,string,,Embed any web page on your dashboard,ダッシュボードに任意のWebページを埋め込み,
cr_widget_media_player,string,,Media player,メディアプレーヤー,
cr_widget_media_player_description,string,,Now-playing tile with album art as the background,アルバムアートを背景にした再生中タイル,
cr_widget_sensor_graph,string,,Sensor graph,センサーグラフ,
cr_widget_sensor_graph_description,string,,"History graph for one or more sensors, as lines or bars",1つ以上のセンサーの履歴グラフ（折れ線または棒グラフ）,
cr_widget_vacuum,string,,Vacuum,掃除機,
cr_widget_vacuum_description,string,,A single robot-vacuum control,単一のロボット掃除機コントロール,
cr_widget_weather,string,,Weather,天気,
cr_widget_weather_description,string,,A single weather card,単一の天気カード,
cr_widget_empty_stack,string,,Empty stack,空のスタック,
cr_widget_empty_stack_description,string,,Place widgets inside a configurable stack,設定可能なスタック内にウィジェットを配置,
cr_widget_button_stack,string,,Button stack,ボタンスタック,
cr_widget_button_stack_description,string,,Group entities into configurable controls,エンティティを設定可能なコントロールにまとめる,
cr_widget_camera_stack,string,,Camera stack,カメラスタック,
cr_widget_camera_stack_description,string,,Show live camera tiles or a custom stream URL,ライブカメラタイルまたはカスタムストリームURLを表示,
cr_widget_climate_stack,string,,Climate stack,空調スタック,
cr_widget_climate_stack_description,string,,"Group climate cards such as overview, thermostats, and sensors",概要、サーモスタット、センサーなどの空調カードをまとめる,
cr_widget_energy_stack,string,,Energy stack,エネルギースタック,
cr_widget_energy_stack_description,string,,"Group energy cards such as usage, solar, gas, and water",使用量、太陽光、ガス、水道などのエネルギーカードをまとめる,
cr_widget_sensor_graph_stack,string,,Sensor graph stack,センサーグラフスタック,
cr_widget_sensor_graph_stack_description,string,,Group several sensor-history graphs,複数のセンサー履歴グラフをまとめる,
cr_widget_swiping_stack,string,,Swiping stack,スワイプスタック,
cr_widget_swiping_stack_description,string,,Swipe horizontally through nested widgets,ネストされたウィジェットを横スワイプで切り替え,
cr_widget_vacuum_stack,string,,Vacuum stack,掃除機スタック,
cr_widget_vacuum_stack_description,string,,Control robot vacuums with a map and battery status,マップとバッテリー状態でロボット掃除機を操作,
cr_widget_weather_stack,string,,Weather stack,天気スタック,
cr_widget_weather_stack_description,string,,"Group conditions, forecast, wind, or rain-map cards",状況、予報、風、雨雲マップカードをまとめる,
cr_camera_settings,string,,Camera settings,カメラ設定,
cr_vacuum_settings,string,,Vacuum settings,掃除機設定,
cr_button_settings,string,,Button settings,ボタン設定,
cr_robot_image,string,,Robot image,ロボット画像,
cr_map_camera,string,,Map camera,マップカメラ,
cr_external_url,string,,External URL,外部URL,
cr_valetudo_map,string,,Valetudo map,Valetudo マップ,don't translate Valetudo
cr_valetudo_map_hint,string,,Draws the map from a Valetudo robot and lets you tap a room to clean it. Pick the robot's map camera below.,Valetudo ロボットのマップを描画し、部屋をタップして掃除できます。下でロボットのマップカメラを選んでください。,don't translate Valetudo
cr_valetudo_camera_mode_note,string,,Using Map camera with a Valetudo map entity shows a blank tile. Valetudo does not render the map on the robot — its PNG is only a container for the map data. Choose Valetudo map instead to have HKI draw it.,Valetudo のマップエンティティにマップカメラを使うと空白のタイルになります。Valetudo はロボット上でマップを描画せず、PNG はマップデータの入れ物にすぎません。HKI に描画させるには Valetudo マップを選んでください。,don't translate Valetudo
cr_animation_glow,string,,Glow,グロー,
cr_animation_spin,string,,Spin,回転,
cr_animation_pulse,string,,Pulse,パルス,
cr_adaptive_lighting_widget,string,,Adaptive Lighting widget,アダプティブ照明ウィジェット,
cr_adaptive_lighting_widget_subtitle,string,,"Profiles, size, and appearance",プロファイル、サイズ、外観,
cr_button_stack_dialog_subtitle,string,,"Layout, appearance, and entity order",レイアウト、外観、エンティティの順序,
cr_expand_stack,string,,Expand stack,スタックを展開,
cr_collapse_stack,string,,Collapse stack,スタックを折りたたむ,
cr_hide_stack,string,,Hide stack,スタックを非表示,
cr_unhide_stack,string,,Unhide stack,スタックの表示を戻す,
cr_swiping_stack_dialog_subtitle,string,,"Pages, height, and card appearance",ページ、高さ、カードの外観,
cr_empty_stack_dialog_subtitle,string,,Container layout and appearance,コンテナのレイアウトと外観,
cr_header_text_dialog_subtitle,string,,Heading content and visual style,見出しの内容と表示スタイル,
cr_animation_swipe,string,,Swipe,スワイプ,
cr_animation_fade,string,,Fade,フェード,
cr_animation_zoom,string,,Zoom,ズーム,
cr_animation_slide_fade,string,,Slide + fade,スライド＋フェード,
cr_animation_cube,string,,Cube,キューブ,
cr_animation_instant,string,,Instant,瞬時,
cr_paged_status,string,,%1$d/%2$d · %3$s,%1$d/%2$d・%3$s,keep %1$d %2$d %3$s
cr_cover_status,string,,%1$d%% · %2$s,%1$d%% · %2$s,keep %1$d %2$s
cr_paged_cover_status,string,,%1$d/%2$d · %3$d%% · %4$s,%1$d/%2$d・%3$d%%・%4$s,keep %1$d %2$d %3$d %4$s
cr_widget_option_count,plural,one,%d option,,needs translation; keep %d
cr_widget_option_count,plural,other,%d options,%d 個のオプション,keep %d
cr_configured_lights,plural,one,%d configured light,,needs translation; keep %d
cr_configured_lights,plural,other,%d configured lights,%d 個の設定されたライト,keep %d
cr_quick_notifications,string,,Notifications,通知,
cr_quick_notifications_instruction,string,,Swipe right from the upper-left edge.,左上端から右にスワイプします。,
cr_quick_switch_homes,string,,Switch homes,ホームを切り替え,
cr_quick_switch_homes_instruction,string,,Swipe left from the upper-right edge of the header.,ヘッダーの右上端から左にスワイプします。,
cr_quick_actions,string,,Quick actions,クイックアクション,
cr_quick_actions_instruction,string,,"Pull down on any page header for Search, Flows, Edit, and Settings.",任意のページヘッダーを下に引くと、検索・フロー・編集・設定が表示されます。,
cr_quick_media_player,string,,Media player,メディアプレーヤー,
cr_quick_media_player_instruction,string,,"When the handle appears, swipe up on the bottom bar to restore the player.",ハンドルが表示されたら、下部バーを上にスワイプしてプレーヤーを復元します。,
cr_quick_make_it_yours,string,,Make it yours,自分好みにカスタマイズ,
cr_quick_make_it_yours_instruction,string,,"In edit mode, add and reorder rooms, floors, and widgets. Tap an item to configure it.",編集モードで部屋、階、ウィジェットを追加・並べ替えできます。項目をタップして設定してください。,
cr_whats_new_1_1_0,array,1,"Eighteen more languages, taking HKI 7 to 36. Polish, Russian, Czech, Slovak, Hungarian, Romanian, Bulgarian, Croatian, Greek, Lithuanian, Latvian, Estonian, Danish, Thai and Hebrew join the list, along with Austrian German, Swiss German and Mexican Spanish. Hebrew lays the interface out right to left, as Arabic does.",さらに 18 の言語が追加され、HKI 7 は 36 言語になります。ポーランド語、ロシア語、チェコ語、スロバキア語、ハンガリー語、ルーマニア語、ブルガリア語、クロアチア語、ギリシャ語、リトアニア語、ラトビア語、エストニア語、デンマーク語、タイ語、ヘブライ語がリストに加わり、オーストリア ドイツ語、スイス ドイツ語、メキシコ スペイン語も加わりました。ヘブライ語は、アラビア語と同様に、インターフェイスを右から左にレイアウトします。,don't translate HKI 7
cr_whats_new_1_1_0,array,2,"HKI 7 now runs on Android 12 and later. It previously needed Android 14, which ruled out a lot of perfectly capable phones and tablets.",HKI 7 は Android 12 以降で実行できるようになりました。以前は Android 14 が必要でしたが、これでは完全に機能する多くの携帯電話やタブレットが除外されました。,don't translate HKI 7
cr_whats_new_1_1_0,array,3,"Energy costs are shown in your own currency instead of always in euros. HKI 7 follows what your cost sensors report, and there is a Currency setting in Energy settings if you would rather choose one yourself.",エネルギーコストは、常にユーロではなく、自国通貨で表示されます。 HKI 7 はコスト センサーのレポートに従います。自分で選択したい場合は、エネルギー設定に通貨設定があります。,don't translate HKI 7
cr_whats_new_1_1_0,array,4,"The language picker has a search box and is sorted, which it needed at 36 entries. If you ever land in a language you cannot read, the way back is still the first thing on screen.",言語ピッカーには検索ボックスがあり、36 個のエントリで必要なソートが行われます。読めない言語に到達した場合でも、画面には最初に戻る方法が表示されます。,
cr_whats_new_1_1_0,array,5,"Views remember where you had scrolled to, and tapping the tab you are already on takes you back to the top.",ビューはスクロールした場所を記憶しており、すでに表示しているタブをタップすると先頭に戻ります。,
cr_whats_new_1_1_0,array,6,"Swiping sideways no longer carries you out of a page you have opened, such as Solar inside Energy. Back now returns you to the view you came from rather than jumping to the home page.",横にスワイプしても、「Solar inside Energy」など、開いているページから移動することがなくなりました。 「今すぐ戻る」を選択すると、ホームページにジャンプするのではなく、元のビューに戻ります。,
cr_whats_new_1_1_0,array,7,"Scrollable rows say so. The pull-down menu, the navigation bar and the settings tabs all show an arrow at the edge when there is more to reach.",スクロール可能な行がそれを示しています。プルダウン メニュー、ナビゲーション バー、設定タブはすべて、他に到達すべき項目がある場合、端に矢印を表示します。,
cr_whats_new_1_1_0,array,8,"Dialogs look and behave the same throughout. Six of them were plain Android dialogs with no close button in the corner, and buttons across the app now agree on what Close, Save and Done mean.",ダイアログは全体的に同じように見え、同じように動作します。そのうち 6 つは、隅に閉じるボタンのない単純な Android ダイアログであり、アプリ全体のボタンの意味が「閉じる」、「保存」、「完了」の意味に一致するようになりました。,
cr_whats_new_1_1_0,array,9,"Creating a dashboard asks first and then offers the same choices as first-time setup — so a new dashboard can start from a backup or from one your family has shared, as well as being generated or left empty. Your current dashboard is never overwritten, and shared dashboards are now marked as shared in the list.",ダッシュボードの作成では、最初に質問があり、その後、初回セットアップと同じ選択肢が提供されます。そのため、新しいダッシュボードは、生成または空のままにするだけでなく、バックアップまたは家族が共有したダッシュボードから開始することもできます。現在のダッシュボードが上書きされることはなく、共有ダッシュボードはリスト内で共有としてマークされるようになりました。,
cr_whats_new_1_1_0,array,10,"The battery widget opens a list in place instead of taking you to a separate page, grouped by how urgent each one is and showing the battery type where Home Assistant knows it. There is a search box, and a button to open the full Battery view if you want it.",バッテリー ウィジェットは、別のページに移動するのではなく、適切なリストを開き、それぞれの緊急度によってグループ化され、Home Assistant が認識しているバッテリーの種類を表示します。検索ボックスと、必要に応じて完全なバッテリー ビューを開くボタンがあります。,don't translate Home Assistant
cr_whats_new_1_1_0,array,11,"Tapping the people counter in a room shows who is there, with each person's picture. The Rooms header now has a household counter too, showing where everyone is without opening every room.",部屋の人数カウンターをタップすると、そこにいる人が各人の写真とともに表示されます。 Rooms ヘッダーには世帯カウンターも追加され、各部屋を開くことなく全員がどこにいるかを表示します。,
cr_whats_new_1_1_0,array,12,"A button can be left out of a room's Lights and Devices counters, for the ones that are in the room but not really part of it.",部屋にあるものの実際には部屋の一部ではないボタンは、部屋の照明とデバイスのカウンターから省略できます。,
cr_whats_new_1_1_0,array,13,"Widgets that need an integration you do not have — Formula 1, Parcels, Waste Collection — are greyed out and say what is missing, instead of being added and then sitting empty.",あなたが持っていない統合を必要とするウィジェット (Formula 1、Parcels、Waste Collection) は、追加されて空のままになるのではなく、グレー表示され、不足しているものが表示されます。,
cr_whats_new_1_1_0,array,14,"Parcel tracking covers fifteen more carriers, including PostNord, InPost, Swiss Post, An Post, Budbee, Sameday and Nova Post, each with its own logo.",小包追跡は、PostNord、InPost、Swiss Post、An Post、Budbee、Sameday、Nova Post を含むさらに 15 の配送業者をカバーしており、それぞれに独自のロゴが付いています。,
cr_whats_new_1_1_0,array,15,"A Valetudo robot vacuum picks up its live map automatically when your rooms are imported, rather than needing the camera chosen by hand.",Valetudo ロボット掃除機は、部屋がインポートされると、カメラを手動で選択する必要がなく、ライブ マップを自動的に取得します。,don't translate Valetudo
cr_whats_new_1_0_1,array,1,"Swiping between tabs now follows your finger. The pages move as you drag, you can change your mind mid-swipe and pull them back, and they settle where you let go. Previously the change was decided the moment you had dragged far enough and could not be taken back, while the animation that played afterwards was on its own timer and unrelated to the gesture — so the app committed to a page before your finger had finished asking for one.",タブ間のスワイプが指に追従するようになりました。ドラッグするとページが移動し、スワイプの途中で気が変わって元に戻すと、手を放した場所に固定されます。以前は、十分な距離をドラッグした瞬間に変更が決定され、元に戻すことはできませんでしたが、その後再生されるアニメーションは独自のタイマーに従っており、ジェスチャとは無関係でした。そのため、アプリは指がページを要求し終わる前にページをコミットしていました。,
cr_whats_new_1_0_1,array,2,"The bottom bar now keeps the selected tab in view. On a phone too narrow for every tab it scrolls the active one to the centre, so the tab you are on is always visible along with its neighbours — which is also the hint that there are more pages to swipe to. Reaching the last tab used to leave the indicator somewhere off the end of the bar.",下部のバーには、選択したタブが表示されたままになります。すべてのタブが狭すぎる携帯電話では、アクティブなタブが中央にスクロールされるため、現在使用しているタブがその隣のタブとともに常に表示されます。これは、スワイプするページが他にもあるというヒントでもあります。最後のタブに到達すると、インジケーターがバーの端から離れたところに残っていました。,
cr_whats_new_1_0_1,array,3,"Swiping between rooms shows how many rooms there are and which one you are on, as dots above the navigation bar — or as a count once there are more than eight. Room swiping also stops at the last room instead of wrapping around to the first, matching how the tabs behave. Rooms an admin has hidden are now skipped by the swipe rather than only blocked when opened.",部屋間をスワイプすると、部屋の数と自分がいる部屋がナビゲーション バーの上の点として表示されます。8 つを超える場合はカウントとして表示されます。部屋のスワイプも、タブの動作に合わせて、最初の部屋に回り込むのではなく、最後の部屋で停止します。管理者が非表示にしたルームは、開いたときにブロックされるだけでなく、スワイプによってスキップされるようになりました。,
cr_whats_new_1_0_1,array,4,"The pull-down header menu animates to wherever you let it go, instead of jumping open or shut in a single frame. It settles by which half you released it in, a quick flick opens it without a full-length drag, and it can be caught and dragged again mid-animation. It also no longer stops dead partway when pulled a long way but not quite far enough.",プルダウン ヘッダー メニューは、単一フレーム内で開いたり閉じたりするのではなく、どこにでもアニメーション表示されます。どの半分でリリースしたかによって決定され、全長をドラッグせずに素早いフリックで開くことができ、アニメーションの途中でキャッチして再度ドラッグすることができます。また、十分な距離ではないものの、長く引っ張ったときに途中で停止することもなくなりました。,
cr_whats_new_1_0_1,array,5,"Settings remembers where you were. Coming back from a sub-menu returns to the place in the list you left rather than to the top, which was most noticeable on the long way down to About and Licenses. The page settings dialog had the opposite problem — one scroll position carried across unrelated sub-menus — and that is fixed too.",設定はあなたがどこにいたかを記憶します。サブメニューから戻ると、リストの先頭ではなく、リストから離れた場所に戻ります。これは、[バージョン情報] と [ライセンス] に至るまでの長い道のりで最も顕著でした。ページ設定ダイアログには逆の問題、つまり 1 つのスクロール位置が無関係なサブメニューにまたがって持ち越されるという問題がありましたが、これも修正されています。,
cr_whats_new_1_0_1,array,6,"The notification panel now has a button in the pull-down header menu, so the left-edge swipe is no longer the only way to reach it. That let the strip of screen edge reserved for the swipe shrink from 200dp to 88dp: the reserved strip is where Android's own back gesture stops working, and it had been covering the exact corner where the back arrow sits.",通知パネルのプルダウン ヘッダー メニューにボタンが追加されたため、左端のスワイプが通知パネルに到達する唯一の方法ではなくなりました。これにより、スワイプ用に予約された画面端のストリップが 200 dp から 88 dp に縮小されました。予約されたストリップは、Android 独自の戻るジェスチャが機能しなくなる場所であり、戻る矢印が配置されている正確な角をカバーしていました。,
cr_whats_new_1_0_1,array,7,"Fixed the app closing instead of the notification panel when back was pressed during the panel's opening animation. Back is also defined for the tabs now — it returns to the first tab before leaving the app, rather than exiting from wherever you happened to have swiped to.",パネルが開くアニメーション中に戻るボタンが押されたときに、通知パネルの代わりにアプリが閉じる問題を修正しました。 「戻る」もタブに対して定義されるようになりました。これは、スワイプした場所から終了するのではなく、アプリを終了する前に最初のタブに戻ります。,
cr_whats_new_1_0_1,array,8,"The home switcher panel follows Android's predictive back gesture, sliding out with your finger and springing back if you change your mind.",ホーム スイッチャー パネルは、Android の予測バック ジェスチャに従い、指でスライドさせて出し、気が変わったら元に戻ります。,
cr_whats_new_1_0_1,array,9,"Four more languages: Norwegian, Swedish, Finnish and Arabic. Arabic lays the whole app out right to left — the navigation bar, the panels that slide in from the screen edge, and the swipe that moves between tabs all mirror, rather than only the text changing direction. Product names such as Home Assistant stay in Latin script wherever they appear.",さらに 4 つの言語: ノルウェー語、スウェーデン語、フィンランド語、アラビア語。アラビア語では、アプリ全体が右から左にレイアウトされます。ナビゲーション バー、画面端からスライドインするパネル、タブ間を移動するスワイプは、テキストだけが方向を変えるのではなく、すべて反映されます。 Home Assistant などの製品名は、どこに表示されてもラテン文字のままです。,don't translate Home Assistant
cr_whats_new_1_0_1,array,10,"Swiping between rooms is much smoother. A room screen is by far the heaviest page in the app, and the next one was being built during the first frames of the swipe — precisely when there was no time for it. It is now prepared while nothing is moving, and live sensor updates wait for the swipe to finish instead of redrawing every open page mid-gesture.",部屋間のスワイプがはるかにスムーズになりました。ルーム画面はアプリ内で最も重いページであり、次のページはスワイプの最初のフレーム中に構築されていました。まさにその時間がなかったときでした。何も動いていないときに準備が完了し、ライブ センサーの更新は、ジェスチャ中に開いているすべてのページを再描画するのではなく、スワイプが完了するまで待機します。,
cr_whats_new_1_0_1,array,11,"The notification panel and the home switcher are dragged rather than flicked open, following your finger and settling where you let go. They close the same way: push them back towards the edge they came from. Tapping the panel itself no longer closes it, which it used to do anywhere you touched that was not a button.",通知パネルとホーム スイッチャーは、フリックして開くのではなくドラッグして、指に沿って指を離した場所に落ち着きます。閉じ方も同じで、元の端に向かって押し戻します。パネル自体をタップしてもパネルは閉じられなくなりました。これまでは、ボタン以外に触れた場所ならどこでも閉じられていました。,
cr_whats_new_1_0_1,array,12,"A horizontal row inside a page — a mode selector, a swipe row, a swiping stack — no longer hands the rest of the gesture to the page once it reaches its end. Picking the first or last item in such a row used to flip the whole page instead.",ページ内の水平行 (モード セレクター、スワイプ行、スワイプ スタック) は、最後に到達するとジェスチャの残りの部分をページに渡さなくなります。このような行の最初または最後の項目を選択すると、代わりにページ全体がめくられていました。,
cr_whats_new_1_0_1,array,13,"Dialogs with tabs show how many there are and which one you are on, and a sideways swipe anywhere on the dialog changes tab. The swipe used to be written off as a scroll whenever it set off with the slight downward arc a thumb naturally makes, which made it feel like it worked only sometimes.",タブのあるダイアログには、ダイアログの数と現在表示されているダイアログが表示され、ダイアログの任意の場所を横にスワイプするとタブが変更されます。以前は、スワイプは、親指が自然に作るわずかに下向きの弧を描きながら開始されるたびにスクロールとして認識され、たまにしか機能しないように感じていました。,
cr_whats_new_1_0_1,array,14,"Demo mode no longer talks to the network. Twenty-six requests — the whole HKI 7 Cloud surface plus the event timeline, camera snapshots and vacuum maps — were still being attempted against a server that does not exist, and one of them retried every three seconds for the entire session, filling the connection log with failures. Restarting Home Assistant in the demo is now simulated in a few seconds rather than showing ""restarting"" for two minutes and giving up.",デモ モードはネットワークと通信しなくなりました。 26 件のリクエスト (HKI 7 Cloud サーフェス全体とイベント タイムライン、カメラ スナップショット、バキューム マップ) が依然として存在しないサーバーに対して試行され、そのうちの 1 件がセッション全体で 3 秒ごとに再試行され、接続ログが失敗でいっぱいになりました。デモでのホーム アシスタントの再起動は、2 分間「再起動」が表示されて諦めるのではなく、数秒でシミュレートされるようになりました。,"don't translate HKI 7 Cloud, Home Assistant"
cr_whats_new_1_0_0,array,1,"New Events tab in the notification drawer: a timeline of what your home has actually been doing. The front door opening, a light going off, someone arriving home — each with the time and, where Home Assistant knows, who did it. An admin picks which entities appear under Settings › Family Sharing › Events, once for the whole family rather than on every phone. It reads Home Assistant's own logbook rather than recording anything on the device, so it still shows what happened overnight while the app was closed, and it opens on the last 3 hours — a timeline answers what just happened — with 6h to 72h a tap away. Events never touch the notification bell's unread count: a timeline of doors opening would leave that badge permanently lit and mean nothing. Requires HKI 7 Cloud 0.9.0.*",通知ドロワーの新しいイベントタブ: 家で実際に行われたことのタイムライン。玄関のドアが開く、電気が消える、誰かが帰宅するなど、それぞれに時間があり、ホーム アシスタントは誰がそれをしたかを把握しています。管理者は、[設定] › [ファミリー共有] › [イベント] に表示されるエンティティを、すべての電話ではなく家族全体に対して 1 回選択します。デバイスに何かを記録するのではなく、ホーム アシスタント自身のログブックを読み取るため、アプリが閉じられている間に一晩何が起こったかが引き続き表示され、6 時間から 72 時間タップするだけで過去 3 時間に開き、何が起こったかがタイムラインで表示されます。イベントが通知ベルの未読数に影響することはありません。ドアが開くタイムラインではバッジが永久に点灯したままになり、何の意味もありません。 HKI 7 Cloud 0.9.0.* が必要です。,"don't translate HKI 7 Cloud, Home Assistant"
cr_whats_new_1_0_0,array,2,"An admin can take parts of the timeline away from individual family members — a whole domain, or named entities — from the same Events tab. Everyone sees the full timeline unless something is taken out for them, so adding a person to the family does not mean building their timeline from scratch. The filtering happens in the HKI 7 Cloud component rather than in the app, so a restricted device is never even told which entities it is being kept away from. As with hidden views and rooms, this hides the timeline rather than the entities: Home Assistant has no per-entity read permission for non-admin accounts, so anyone signed in can still read those entities through Home Assistant itself.*",管理者は、同じ [イベント] タブから、個々のファミリー メンバー (ドメイン全体または名前付きエンティティ) からタイムラインの一部を取得できます。何かを指定しない限り、誰もが完全なタイムラインを見ることができるため、家族に人を追加することは、タイムラインをゼロから構築することを意味しません。フィルタリングはアプリではなく HKI 7 Cloud コンポーネントで行われるため、制限されたデバイスにはどのエンティティから遠ざけられているかさえ通知されません。非表示のビューやルームと同様に、これによりエンティティではなくタイムラインが非表示になります。ホーム アシスタントには管理者以外のアカウントに対するエンティティごとの読み取り権限がないため、サインインしているユーザーは誰でもホーム アシスタント自体を介してこれらのエンティティを読み取ることができます*。,"don't translate HKI 7 Cloud, Home Assistant"
cr_whats_new_1_0_0,array,3,"The event roster takes whole domains as well as named entities, so ""every lock"" is one choice rather than eleven. Domains are resolved fresh each time the timeline opens, so a lock added next month joins on its own instead of the roster meaning whatever existed the day it was set. The editor shows what each domain currently covers, since one domain can be hundreds of entities. Requires HKI 7 Cloud 0.10.0.*",イベント名簿には名前付きエンティティだけでなくドメイン全体も含まれるため、「すべてのロック」は 11 ではなく 1 つの選択肢になります。タイムラインが開くたびにドメインが新たに解決されるため、設定された日に存在していたものを意味する名簿の代わりに、来月追加されたロックが自動的に結合されます。 1 つのドメインには数百のエンティティが含まれる場合があるため、エディターには各ドメインが現在カバーしている内容が表示されます。 HKI 7 Cloud 0.10.0.* が必要です,don't translate HKI 7 Cloud
cr_whats_new_1_0_0,array,4,"Events are labelled and filterable by what kind of thing they happened to — Doors, Windows, Motion, Lights, Locks. The filter row is built from what your timeline actually contains, so you are never offered a filter that can only come back empty. Days stay as the list headings: a timeline that reorders itself by category stops being a timeline.",イベントにはラベルが付けられ、ドア、窓、動き、照明、錠など、何が起こったのかによってフィルタリングできます。フィルター行はタイムラインの実際の内容に基づいて構築されるため、空にしか戻らないフィルターが提供されることはありません。日はリストの見出しのままです。カテゴリごとに並べ替えられるタイムラインは、タイムラインではなくなります。,
cr_whats_new_1_0_0,array,5,"Weather artwork now animates in the daily forecast, the hourly strip and the header pill, not only on the hero card. Animation was previously switched off below a fixed size, which caught all three.",天気のアートワークは、ヒーロー カードだけでなく、毎日の天気予報、時間ごとのストリップ、ヘッダー ピルでもアニメーション化されるようになりました。アニメーションは以前は固定サイズ以下でオフになっており、3 つすべてが検出されました。,
cr_whats_new_1_0_0,array,6,"Where weather artwork animates is now four separate switches — header pill, weather dialog, forecast strips, weather widget — instead of riding on the entity icon animation setting. The forecast strips animate a dozen icons side by side and are the only ones that ever cost anything noticeable, so turning those off need not mean losing the single small icon in the header pill. All four are on by default, and appear both in Settings › Appearance › Icons and in the header pill's own settings.",天気アートワークをアニメーション化する場所は、エンティティ アイコンのアニメーション設定に依存するのではなく、ヘッダー ピル、天気ダイアログ、予報ストリップ、天気ウィジェットという 4 つの個別のスイッチになりました。予測ストリップは、12 個のアイコンを並べてアニメーション化しますが、これまでに目立ったコストがかかる唯一の予測ストリップです。そのため、予測ストリップをオフにしても、ヘッダー ピル内の 1 つの小さなアイコンが失われることを意味する必要はありません。デフォルトでは 4 つすべてがオンになっており、設定 › 外観 › アイコンとヘッダー ピル自体の設定の両方に表示されます。,
cr_whats_new_1_0_0,array,7,"The 6h/12h/24h/48h/72h range selector is centred rather than left-aligned everywhere it appears, and gains a 3h option.",6 時間/12 時間/24 時間/48 時間/72 時間の範囲セレクターは、どこに表示されても左揃えではなく中央に配置され、3 時間のオプションが追加されます。,
cr_whats_new_1_0_0,array,8,"New Connection log at the bottom of Settings › Connection: what the app's connection has actually been doing — connection attempts, reconnects, sync and subscriptions — with buttons to copy or clear it. All of this was already being recorded; nothing displayed it. It holds the last 300 lines and starts empty each launch.",[設定] › [接続] の下部にある新しい接続ログ: アプリの接続が実際に行ったこと (接続試行、再接続、同期、サブスクリプション) と、コピーまたはクリアするボタンが表示されます。これらすべてはすでに記録されていました。何も表示されませんでした。最後の 300 行を保持し、起動するたびに空から開始されます。,
cr_whats_new_1_0_0,array,9,"A button stack's layout options are now named the same as a single button's. The same shape was called Tile on a button and Compact on a stack, which made them look like different features.",ボタン スタックのレイアウト オプションには、単一のボタンのレイアウト オプションと同じ名前が付けられるようになりました。同じ形状が、ボタンではタイルと呼ばれ、スタックではコンパクトと呼ばれ、異なる機能のように見えました。,
cr_whats_new_1_0_0,array,10,"New Centered button layout beside Standard, Square and Tile: a square card whose icon sits in the middle of the space above the text, with the name and state centred beneath it. The icon is pushed upward rather than crowded as the text grows. A grid of these reads as a keypad, which is what makes a remote control possible.",標準、正方形、タイルの横にある新しい中央ボタン レイアウト: アイコンがテキストの上のスペースの中央に配置され、その下に名前と州が中央に配置される正方形のカードです。テキストが大きくなるにつれて、アイコンは混雑するのではなく上に押し上げられます。これらのグリッドはキーパッドとして読み取られ、これによりリモコンが可能になります。,
cr_whats_new_1_0_0,array,11,"A button's icon, name and state are each shown or hidden on their own, under a new Elements section in its settings. The old Icon only switch is gone — hiding both the name and state is what it did, and these also let you keep one of them. Existing icon-only buttons keep working.",ボタンのアイコン、名前、状態は、設定の新しい要素セクションで、それぞれ単独で表示または非表示になります。古いアイコンのみのスイッチはなくなりました。名前と状態の両方を非表示にすることで、一方を保持することもできます。既存のアイコンのみのボタンは引き続き機能します。,
cr_whats_new_1_0_0,array,12,"A button stack carries the same three switches for all of its children, so a stack of twenty buttons need not be set twenty times. Turning one off on the stack hides it on every button; leaving it on lets each button decide.",ボタン スタックにはそのすべての子に同じ 3 つのスイッチが含まれるため、20 個のボタンのスタックを 20 回設定する必要はありません。スタック上の 1 つをオフにすると、すべてのボタンでそれが非表示になります。オンのままにすると、各ボタンが決定します。,
cr_whats_new_1_0_0,array,13,"Fixed the button stack settings dialog stopping about two thirds of the way down with empty space below it, leaving the rest unreachable on a tall phone or a tablet.",ボタン スタック設定ダイアログが 3 分の 2 ほどのところで停止し、その下に空きスペースがあり、背の高い携帯電話やタブレットでは残りの部分にアクセスできない問題を修正しました。,
cr_whats_new_1_0_0,array,14,"Navigation bar, media players and popups moved from Settings › Appearance to Settings › Dashboard, below the dashboards themselves. They are parts of what the dashboard is made of rather than how it is styled.",ナビゲーション バー、メディア プレーヤー、およびポップアップは、設定 › 外観から、ダッシュボード自体の下の設定 › ダッシュボードに移動しました。これらは、ダッシュボードのスタイルではなく、ダッシュボードの構成の一部です。,
cr_whats_new_1_0_0,array,15,"Settings › Connection ends with the connection log, and Restart Home Assistant now sits below it rather than above — it is the most disruptive thing on the screen and the least often wanted.",設定 > 接続は接続ログで終了し、ホーム アシスタントの再起動は上ではなく下に表示されるようになりました。これは画面上で最も混乱を招くものであり、最も望ましくないものです。,don't translate Home Assistant
cr_whats_new_1_0_0,array,16,"The Events tab gives an admin a button straight to Settings › Family Sharing › Events when nothing is being tracked yet, instead of only naming where to go.",[イベント] タブでは、管理者は、まだ何も追跡されていないときに、行き先を指定するだけでなく、[設定] › ファミリー共有 › [イベント] に直接移動するボタンが表示されます。,
cr_whats_new_1_0_0,array,17,"Entity and domain pickers list what is already selected first, so undoing a choice does not mean hunting for it alphabetically. The order is fixed when the picker opens, so ticking something does not make it jump away from your finger.",エンティティおよびドメインのピッカーは、すでに選択されているものを最初にリストするため、選択を元に戻すことは、アルファベット順に探すことを意味しません。ピッカーが開いたときに順序が固定されるため、何かをチェックしても指から飛び去ることはありません。,
cr_whats_new_1_0_0,array,18,"A button stack's heading now has explicit Show name and Show icon switches, plus an option to centre them. Clearing the text field used to be the only way to get a stack with no heading, which hid that it was possible and meant losing the name to hide it.",ボタン スタックの見出しに明示的な [名前の表示] スイッチと [アイコンの表示] スイッチが追加され、それらを中央に配置するオプションも追加されました。以前は、テキスト フィールドをクリアすることが、見出しのないスタックを取得する唯一の方法でした。これは、それが可能であることを隠し、それを隠すために名前を失うことを意味していました。,
cr_whats_new_beta_18,array,1,"An admin can now change who a published family dashboard is shared with, instead of only being able to choose at the moment of publishing. Settings › Family Sharing › Dashboards lists who each published dashboard reaches, with a Manage access button to add or remove people. Until now the only way to take a dashboard away from one person was to delete it for everybody.*",管理者は、公開時に選択できるだけでなく、公開されたファミリー ダッシュボードを共有する相手を変更できるようになりました。 [設定] > [ファミリー共有] > [ダッシュボード] には、公開された各ダッシュボードがアクセスできるユーザーがリストされ、ユーザーを追加または削除するための [アクセス管理] ボタンが表示されます。これまで、ダッシュボードを 1 人のユーザーから奪う唯一の方法は、全員のダッシュボードを削除することでした。*,
cr_whats_new_beta_18,array,2,"Losing access to a family dashboard now clears what was layered on top of it. The dashboard itself was already removed, but the rooms, widgets, pages, nav bar, header pill and theme it left behind on the device stayed — so the next dashboard an admin shared arrived on top of the previous one's leftovers and looked like it had failed to import in full. Everything that belonged to the revoked dashboard is now removed with it. Home Assistant connections, profiles and notification settings are untouched: losing a dashboard is not being signed out.*",ファミリー ダッシュボードにアクセスできなくなると、その上に階層化されていたものが消去されるようになりました。ダッシュボード自体はすでに削除されていましたが、ルーム、ウィジェット、ページ、ナビゲーション バー、ヘッダー ピル、テーマはデバイス上に残されたままでした。そのため、管理者が共有した次のダッシュボードは、前のダッシュボードの残り物の上に到着し、完全にインポートできていないように見えました。取り消されたダッシュボードに属していたものはすべて、取り消されたダッシュボードとともに削除されます。ホーム アシスタントの接続、プロファイル、通知設定は変更されません。ダッシュボードを失ってもサインアウトされません。*,don't translate Home Assistant
cr_whats_new_beta_18,array,3,"New Devices tab under Settings › Family Sharing, showing which HKI version each family device is running and flagging the ones older than yours, with the Home Assistant account, device name, Android version and when it last reported. Each install records this through the HKI 7 Cloud component over the connection the app already uses, so every signed-in device is covered — including one with Location and Notifications both switched off — and nothing is added to Home Assistant's entity list. A device can only ever report itself. An admin can forget a phone that has been replaced; one still in use reappears the next time its app opens. Requires HKI 7 Cloud 0.7.0.*",[設定] › [ファミリー共有] の [新しいデバイス] タブには、各家族のデバイスが実行している HKI バージョンが表示され、ホーム アシスタント アカウント、デバイス名、Android バージョン、最後に報告された日時が表示され、自分よりも古いデバイスにフラグが付けられます。各インストールでは、アプリがすでに使用している接続を介して HKI 7 Cloud コンポーネントを通じてこれを記録するため、サインインしているすべてのデバイス (位置情報と通知の両方がオフになっているデバイスも含む) が対象となり、ホーム アシスタントのエンティティ リストには何も追加されません。デバイスはそれ自体を報告することしかできません。管理者は、交換された電話機を忘れることがあります。まだ使用中のものは、次回アプリを開いたときに再表示されます。 HKI 7 Cloud 0.7.0.* が必要です。,"don't translate HKI 7 Cloud, Home Assistant"
cr_whats_new_beta_18,array,4,"An admin can now require the family to update. ""Require everyone to be on this version"" in the Devices tab sets a household minimum; anyone below it gets a full-screen prompt on their next launch instead of the dashboard, with Google Play's in-app update doing the install. There is also a per-device ""Ask to update"" for when one phone is behind rather than everyone, which clears itself once that device updates. No app can install a newer version of itself, so Play does the actual work — which also means the prompt can only insist when Play genuinely has the update ready. When it does not, the prompt explains why and lets you past for that session, rather than locking someone out of their own locks and alarms over an update they cannot get. You can only require a version some family device already runs. Requires HKI 7 Cloud 0.8.0.*",管理者はファミリーに更新を要求できるようになりました。 [デバイス] タブの [全員がこのバージョンを使用することを要求する] では、世帯の最小値を設定します。その下にあるユーザーは、次回起動時にダッシュボードではなく全画面プロンプトが表示され、Google Play のアプリ内アップデートがインストールを実行します。また、全員ではなく 1 台の電話が遅れている場合に備えて、デバイスごとに「更新を求める」機能もあり、デバイスが更新されると自動的にクリアされます。どのアプリもそれ自体の新しいバージョンをインストールできないため、Play が実際の作業を行います。つまり、Play が本当にアップデートの準備ができている場合にのみ、プロンプトが表示されることを意味します。そうでない場合は、プロンプトによって理由が説明され、ユーザーが自分のロックからロックされたり、入手できないアップデートに対するアラームが発生したりするのではなく、そのセッションを終了できるようになります。一部のファミリー デバイスがすでに実行しているバージョンのみを要求できます。 HKI 7 Cloud 0.8.0.* が必要です。,don't translate HKI 7 Cloud
cr_whats_new_beta_18,array,5,"Each Family Sharing tab now says for itself when it needs a newer HKI 7 Cloud than the one installed, instead of that only appearing in the summary at the top of the screen. Parental controls, Permissions, Presence and Devices each carry the version they need, so it is clear before you configure a tab whose settings the installed component cannot store yet.",インストールされているものよりも新しい HKI 7 Cloud が必要な場合、画面上部の概要にのみ表示されるのではなく、各ファミリー共有タブ自体にその旨が表示されるようになりました。ペアレンタル コントロール、アクセス許可、プレゼンス、デバイスにはそれぞれ必要なバージョンが含まれているため、インストールされているコンポーネントにまだ保存できない設定があるタブを構成する前に明らかです。,don't translate HKI 7 Cloud
cr_whats_new_beta_17,array,1,"Fixed a crash that could take the whole app down during the very first connection attempt after opening it, which read as ""the app won't even open"". The setup that runs on every launch had no error handling of its own, so a failure there — usually an expired session being refreshed on a flaky network — escaped as an unhandled error instead of surfacing as a connection error you could retry. As a backstop, an unexpected error on a background task can no longer terminate the app at all.",アプリを開いた後の最初の接続試行中にアプリ全体がダウンする可能性があり、「アプリが開きません」と表示されるクラッシュを修正しました。起動のたびに実行されるセットアップには、独自のエラー処理がなかったため、そこでの失敗 (通常、不安定なネットワーク上で更新される期限切れのセッション) は、再試行できる接続エラーとして表面化するのではなく、未処理のエラーとして回避されました。バックストップとして、バックグラウンド タスクで予期しないエラーが発生してもアプリを終了できなくなります。,
cr_whats_new_beta_17,array,2,"The dashboard no longer rebuilds itself every time Home Assistant reports a state change. The home screen tracked the complete entity list, so a single motion sensor tripping or a power meter ticking — several times a second on a busy install — invalidated the whole screen and every widget on it, even when nothing visible had changed. It now watches only what it actually draws.",ホーム アシスタントが状態の変化を報告するたびに、ダッシュボードが自動的に再構築されなくなりました。ホーム画面は完全なエンティティ リストを追跡するため、1 つのモーション センサーが作動したり、パワー メーターがカチカチ音を立てたりするだけで (忙しいインストールでは 1 秒に数回)、表示されるものに何も変化がない場合でも、画面全体とその上のすべてのウィジェットが無効になってしまいました。現在は、実際に描画するものだけを監視します。,don't translate Home Assistant
cr_whats_new_beta_17,array,3,"Entity icon animations no longer redo layout work on every frame they animate. The spin, pulse and glow effects re-ran the surrounding widget's composition on each animation frame instead of just redrawing the icon, so any dashboard with an active light, an open door or a recording camera paid that cost continuously. The animations look exactly the same.",エンティティ アイコンのアニメーションは、アニメーション化するフレームごとにレイアウト作業をやり直すことがなくなりました。スピン、パルス、グローのエフェクトは、アイコンを再描画するだけでなく、アニメーション フレームごとに周囲のウィジェットの構成を再実行するため、アクティブなライト、開いたドア、または録画カメラを備えたダッシュボードは常にそのコストを支払いました。アニメーションはまったく同じに見えます。,
cr_whats_new_beta_17,array,4,"Fixed the app becoming unresponsive — and eventually killed by Android — when opening the history of a busy entity, such as a motion sensor that logs thousands of state changes a day. Matching each history entry to its actor re-scanned and re-parsed the entire logbook's timestamps from scratch for every single entry, work that scaled with history size squared; a quiet entity never noticed, but a busy one could peg the CPU for ten seconds straight. The logbook is now parsed once instead of once per entry, and the whole fetch runs off the main thread.",1 日に数千件の状態変化を記録するモーション センサーなど、ビジー状態のエンティティの履歴を開くと、アプリが応答しなくなり、最終的には Android によって強制終了される問題を修正しました。各履歴エントリをその攻撃者と照合することで、ログブック全体のタイムスタンプが 1 つのエントリごとに最初から再スキャンおよび再解析され、履歴サイズの 2 乗に合わせて作業が行われました。静かなエンティティは気付かなかったが、忙しいエンティティは 10 秒間連続して CPU を固定する可能性があります。ログブックはエントリごとに 1 回ではなく 1 回解析されるようになり、フェッチ全体がメインスレッドから実行されます。,
cr_whats_new_beta_17,array,5,"Hardened how the app reads attributes Home Assistant sends for an entity: a value present but shaped unexpectedly (an object or array where a plain number or piece of text was expected) used to throw and crash whatever screen read it, instead of just being treated as missing.",ホーム アシスタントがエンティティに対して送信する属性をアプリが読み取る方法が強化されました。値は存在するものの予期せぬ形状（単純な数値またはテキストの一部が期待されるオブジェクトまたは配列）で、単に欠落しているものとして扱われるのではなく、画面が読み取ったものをスローしてクラッシュしていました。,don't translate Home Assistant
cr_whats_new_beta_17,array,6,"Fixed ""Push to family dashboard"" reporting a dashboard as already up to date no matter what had changed. A dashboard re-imported after a reinstall is stored locally under a different id than the one the cloud copy is published under, and the push check was still looking up the local export by the cloud id, finding nothing, and silently skipping that dashboard on every push.",何が変更されたかに関係なく、ダッシュボードがすでに最新であると報告する「ファミリー ダッシュボードにプッシュ」を修正しました。再インストール後に再インポートされたダッシュボードは、クラウド コピーが公開されている ID とは異なる ID でローカルに保存されます。プッシュ チェックでは引き続きクラウド ID でローカル エクスポートを検索していましたが、何も見つからず、プッシュのたびにそのダッシュボードをサイレントにスキップしていました。,
cr_whats_new_beta_15,array,1,"The Formula 1 widget gains two new tabs and expands two existing ones. Calendar lists the season's races in order, with each circuit and the host country's flag. Grid shows the starting grid, with each driver's move up or down from where they qualified. Standings can now show a championship prediction alongside the points table — current and predicted final points, for drivers or constructors — when F1 Sensor's optional F1TV Auth is set up. Live gains a proper timing list: gap to the leader, interval to the car ahead, tyre compound and stint length, and pit/retired status for every driver, plus which lap the leader is on.",Formula 1 ウィジェットには 2 つの新しいタブが追加され、2 つの既存のタブが展開されます。カレンダーには、シーズンのレースが順番にリストされ、各サーキットと開催国の国旗が表示されます。グリッドはスターティング グリッドを示し、各ドライバーが予選を通過した時点から上下に移動します。 F1 Sensor のオプションの F1TV Auth が設定されている場合、順位表にチャンピオンシップの予測をポイント表 (ドライバーまたはコンストラクターの現在および予想される最終ポイント) とともに表示できるようになりました。 Live は、リーダーとのギャップ、前のマシンとの間隔、タイヤ コンパウンドとスティントの長さ、各ドライバーのピット/リタイアのステータス、さらにリーダーがどのラップを走行しているかなど、適切なタイミング リストを取得します。,
cr_whats_new_beta_15,array,2,"Fixed shared family dashboards failing to update at all once the owner added a widget type introduced in a newer app version, such as the To-Do List or Formula 1 widgets. A single unrecognized widget used to fail the whole dashboard, so a family member on an older build stopped receiving any of that dashboard's changes instead of just missing the new widget. Unrecognized widgets are now skipped individually, so the rest of a shared dashboard keeps working across app versions.",To-Do リストやフォーミュラ 1 ウィジェットなど、新しいアプリ バージョンで導入されたウィジェット タイプを所有者が追加すると、共有ファミリー ダッシュボードがまったく更新されなくなる問題を修正しました。単一の認識されないウィジェットがダッシュボード全体で失敗することがあったため、古いビルドを使用しているファミリー メンバーは、新しいウィジェットを見逃すだけでなく、そのダッシュボードの変更を受信しなくなってしまいました。認識されないウィジェットは個別にスキップされるようになったため、共有ダッシュボードの残りの部分はアプリのバージョンを超えて機能し続けます。,
cr_whats_new_beta_15,array,3,"The To-Do widget's square card can now feature one whole list instead of items individually flagged high priority. A new Hero list picker in the widget's General tab — shown once it has at least one tab — chooses which list's open items appear on the card, labelled with that list's name, so what you see at a glance is a specific list like Chores rather than a scattered mix pulled from every tab. Deleting a tab that's currently the hero list clears the setting automatically.",To-Do ウィジェットの正方形のカードに、個別に高優先度のフラグが付けられた項目ではなく、1 つのリスト全体を表示できるようになりました。ウィジェットの [全般] タブにある新しいヒーロー リスト ピッカー (少なくとも 1 つのタブがある場合に表示されます) は、どのリストの開いているアイテムをカード上に表示し、そのリストの名前のラベルを付けるかを選択します。そのため、一目で見えるのは、すべてのタブから抽出された散在的な組み合わせではなく、家事などの特定のリストです。現在ヒーロー リストになっているタブを削除すると、設定が自動的にクリアされます。,
cr_whats_new_beta_15,array,4,"Fixed the app crashing whenever it needed to reconnect to Home Assistant or the connection failed. The in-app push-notification channel ran its subscription in a way that let a dropped connection's error skip past the surrounding error handling entirely and crash the app outright. A separate mismatch also meant every single reconnect immediately tore the whole sync stack down and rebuilt it a second time, racing its own freshly made connection. Both are fixed.",ホーム アシスタントに再接続する必要がある場合、または接続が失敗した場合にアプリがクラッシュする問題を修正しました。アプリ内プッシュ通知チャネルは、切断された接続エラーが周囲のエラー処理を完全に無視してアプリを完全にクラッシュさせる方法でサブスクリプションを実行しました。また、別の不一致により、再接続するたびに同期スタック全体が即座に破壊され、再度再構築され、新たに作成された接続と競合することになります。どちらも修正されています。,don't translate Home Assistant
cr_whats_new_beta_14,array,1,"Settings › Family Sharing now shows which HKI 7 Cloud version is installed, and — if it's behind — exactly which family features that leaves unavailable, each labelled with the version that unlocks it. Previously the only way to find out a component was out of date was to hit a save that silently dropped part of what you configured.*",[設定] > [ファミリー共有] に、どの HKI 7 Cloud バージョンがインストールされているか、また、バージョンが古い場合は利用できないままになっているファミリー機能が正確に表示され、それぞれにロックを解除するバージョンのラベルが付けられます。以前は、コンポーネントが古いことを確認する唯一の方法は、設定内容の一部をサイレントにドロップする保存を実行することでした。*,don't translate HKI 7 Cloud
cr_whats_new_beta_14,array,2,"New To-Do List widget: a shared checklist or shopping list the whole family can add to. Items support an optional quantity, category, priority (low, normal or high, shown as a flag) and due date, with Added by and Checked by attribution when more than one person edits the list. Choose Manual, A–Z, Priority, or Newest-first ordering, and filter between To do, All, and Done from the dialog. Editing can be limited to everyone, specific family members picked from the real Home Assistant user list, or admins only, enforced the same way the rest of the app's family permissions are. It follows the same design as every other widget, with the usual General, Permissions, Appearance and Visibility settings tabs.",新しい To Do リスト ウィジェット: 家族全員が追加できる共有チェックリストまたはショッピング リスト。アイテムは、オプションの数量、カテゴリ、優先度 (低、通常、または高、フラグとして表示)、期日をサポートしており、複数の人がリストを編集する場合は属性によって追加およびチェックが行われます。ダイアログから「手動」、「A ～ Z」、「優先順位」、または「新しい順」を選択し、「To do」、「All」、「Done」の間でフィルタリングします。編集は、全員、実際のホーム アシスタント ユーザー リストから選択した特定の家族、または管理者のみに制限でき、アプリの残りの家族権限と同じ方法で適用されます。これは他のすべてのウィジェットと同じデザインに従い、通常の [全般]、[権限]、[外観]、および [可視性] 設定タブがあります。,don't translate Home Assistant
cr_whats_new_beta_14,array,3,"Room following can now be set to only place someone in the right room when the app starts, without tracking them for the rest of the session. The existing Ask before switching rooms switch only chose between asking and switching silently; there was no way to get the one-time placement without the app continuing to follow every move afterward. A new Keep following while the app is open switch under each person's room-following settings turns that continued tracking off on its own, leaving Open their room when the app starts to do the one placement it always did.*",ルームフォローを設定して、アプリの起動時にのみ誰かを正しいルームに配置し、残りのセッションでは追跡しないようにできるようになりました。既存の「部屋を切り替える前に尋ねる」スイッチは、尋ねるかサイレントに切り替えるかのどちらかを選択するだけでした。アプリがその後もあらゆる動きを追跡し続けなければ、1 回限りの順位を取得する方法はありませんでした。各ユーザーのルームフォロー設定の下にある新しい「アプリが開いている間フォローを続ける」スイッチは、継続的な追跡を自動的にオフにし、アプリが常に行っていた 1 つの配置を開始するとルームを開いたままになります。*,
cr_whats_new_beta_14,array,4,"New Formula 1 widget, for the F1 Sensor integration. The card shows the next race with a countdown and the circuit outline; opening it gives four tabs — Next race with the full session schedule and trackside weather, Standings for drivers and constructors, Results for the last grand prix with places gained or lost, and a Live tab that appears only while a session is running, showing the flag and race control messages. It finds its sensors on its own: F1 Sensor lets you rename its entities and pick a language, so the widget matches on the integration's stable internal keys rather than entity ids.",F1 Sensor 統合向けの新しい F1 ウィジェット。カードには次のレースとカウントダウン、コースの輪郭が表示されます。開くと 4 つのタブ —— 全セッションのスケジュールとサーキットの天気を含む「次のレース」、ドライバーとコンストラクターの「ランキング」、順位の変化も分かる前回 GP の「結果」、そしてセッション中のみ現れ、フラッグとレースコントロールを示す「ライブ」です。センサーは自動で見つけます。F1 Sensor はエンティティの改名や言語選択ができるため、エンティティ ID ではなく統合側の安定した内部キーで照合します。,
cr_whats_new_beta_14,array,5,"New Find my devices widget: a map of your phones, watches, tags and trackers. Add any device_tracker or person entity; the ones reporting GPS appear as pins on the map, the rest are still listed with their state. Tick as many as you like to show them together, or leave nothing ticked to see everything. Three filters narrow the list: All, Devices, and People. The card follows the same design as the other widgets, so background image, icon, width, shape and corner radius all work as you would expect.",新しい「デバイスを探す」ウィジェット：スマホ、ウォッチ、タグ、トラッカーを地図に表示します。device_tracker や person エンティティを追加でき、GPS を報告するものはピンとして地図に、それ以外も状態付きで一覧に並びます。複数選んで同時に表示でき、何も選ばなければすべてが表示されます。フィルターは「すべて」「デバイス」「人物」の 3 種類です。カードは他のウィジェットと同じデザインなので、背景画像・アイコン・幅・形状・角丸もそのまま使えます。,
cr_whats_new_beta_14,array,6,"The maps in the app no longer look like a printed atlas. HKI now uses the same muted CARTO basemap that Home Assistant's own map card uses, instead of the standard OpenStreetMap rendering, which was designed as a mapper's reference render rather than a background for an app. It also has a proper dark variant, so the map finally follows your theme instead of glowing white inside a dark dialog.",アプリ内の地図が印刷地図帳のような見た目でなくなりました。標準の OpenStreetMap 描画は地図作成者向けの参照用であり、アプリの背景向けではないため、Home Assistant の地図カードと同じ落ち着いた CARTO ベースマップに切り替えました。ダーク版もあるので、暗いダイアログで白く光ることなくテーマに従います。,don't translate Home Assistant
cr_whats_new_beta_14,array,7,"Fixed room following doing nothing at all once Ask before switching rooms was turned off. That switch was being treated as a master off-switch for the whole feature, so with prompting disabled the app neither asked nor moved. It now does what it says: with prompting on you get the prompt, with it off the room simply opens. Don't ask again until I restart still stops both, since trading a prompt for a surprise jump would be worse.",「部屋を切り替える前に確認」をオフにすると部屋追従が何もしなくなる不具合を修正しました。このスイッチが機能全体の主スイッチとして扱われており、確認を切ると尋ねもしないし移動もしませんでした。今は名前のとおりに動作し、オンなら確認、オフならそのまま部屋を開きます。「再起動まで聞かない」は引き続き両方を止めます。,
cr_whats_new_beta_14,array,8,"Fixed the waste widget's settings dialog being cut off around two thirds of the way down while empty space sat below it. The dialog reserves a tall card but its contents were capped at a fixed height, so the scroll area stopped short of the space available. Both the settings dialog and the waste dialog itself now use the full height.",ゴミウィジェットの設定ダイアログが、下に空きがあるのに 3 分の 2 あたりで切れる問題を修正しました。ダイアログは背の高いカードを確保しますが、中身が固定高さで上限されていたため、スクロール領域が使える領域に届いていませんでした。両方のダイアログが全高を使うようになりました。,
cr_whats_new_beta_14,array,9,"The waste dialog's calendar can now look 7, 14 or 28 days ahead, and is drawn as a week grid like the calendar widget rather than a flat list: weekday columns, one row per week, and a coloured dot per collection in its fraction's colour. Tap a day to see what is collected then; it opens on the next day with a collection.",ゴミダイアログのカレンダーが 7・14・28 日先まで見られるようになり、フラットな一覧ではなくカレンダーウィジェットと同じ週グリッドで描画されます。曜日の列、週ごとの行、収集ごとにその分別の色のドットが付きます。日をタップするとその日の収集が分かり、次の収集日で開きます。,
cr_whats_new_beta_14,array,10,"Parcel dialogs now say Today or Tomorrow instead of naming the weekday. The whole question a delivery date answers is how soon, and “Wednesday” on a Wednesday made you work that out yourself.",宅配ダイアログが曜日名ではなく「今日」「明日」と表示するようになりました。配達日が答えるのは「あとどれくらいか」であり、水曜日に「水曜日」と出されても自分で考えることになります。,
cr_whats_new_beta_14,array,11,"The +2 bubble in the header, shown when there are more people than fit, now opens. Tapping it lists everyone with their name and state, and picking someone opens their detail dialog as usual. Previously those people were simply unreachable on a narrow header.",ヘッダーに入りきらない人数のときに出る「+2」バブルが押せるようになりました。タップすると全員が名前と状態付きで一覧され、選ぶといつもの詳細ダイアログが開きます。以前は狭いヘッダーでその人たちに到達できませんでした。,
cr_whats_new_beta_14,array,12,"Fixed the map in the person dialog overflowing the dialog on a tablet or unfolded foldable. The map was drawn as a square as wide as the dialog, so on a 620dp-wide card it became 620dp tall and pushed the address off the bottom. It now takes the height left over instead.",人物ダイアログの地図がタブレットや開いたフォールデブルでダイアログからはみ出す問題を修正しました。地図はダイアログ幅と同じ正方形として描画されていたため、幅 620dp のカードでは高さも 620dp になり、住所が下に押し出されていました。今は残りの高さを使います。,
cr_whats_new_beta_14,array,13,"Fixed notifications going undelivered while Home Assistant reported the device as not connected to local push notifications, even with the app open. The app stood aside for its background connection whenever the settings said that connection should be running — but when Android refused to start it, such as after a reboot, nothing was listening at all. The app now checks whether that connection is really running rather than whether it is meant to be, takes over when it is not, and hands the channel back the moment it does come up.",アプリを開いていても Home Assistant が「ローカルプッシュ通知に未接続」と報告し、通知が届かない問題を修正しました。設定上バックグラウンド接続が動くことになっているだけでアプリ側は待機していたため、再起動後など Android がその起動を拒否すると、誰も受信していませんでした。今は「動くはず」ではなく「実際に動いているか」を確認し、動いていなければアプリ側が引き受け、接続が立ち上がればその場でチャネルを返します。,don't translate Home Assistant
cr_whats_new_beta_14,array,14,"Fixed room-following settings not taking effect on the device you changed them from. Turning following off, or changing how long a room must hold before it counts as a move, was written to the companion component but not to the device's own cached copy — so it kept following, and kept using the old dwell time, until the app was next started. Changes now apply immediately. The dwell slider also no longer offers zero seconds, which made the very first sensor reading count as a move.",部屋追従の設定を変更した端末自身でその変更が反映されない問題を修正しました。追従をオフにしても、移動とみなすまでの滅在時間を変えても、コンパニオンコンポーネントには書かれるものの端末のキャッシュには反映されず、アプリを再起動するまで古い設定で追従し続けていました。変更は即座に適用されます。またスライダーで 0 秒を選べなくなりました。最初のセンサー値がそのまま移動扱いになっていたためです。,
cr_whats_new_beta_14,array,15,"The Formula 1 card now says one thing: the next grand prix and when it is — “Today 15:00” on the day, otherwise the date and time, in your own timezone. Track status is gone from it, because outside a session that read “Not running”, which is not what anyone glances at the card for. The status sits in the same dark pill the camera, vacuum and waste cards use, so it lines up with the rest of your dashboard again. The circuit outline stays as a faint watermark and the host country flag in the corner. The widget also no longer asks which F1 instance to use — it reads everything the integration publishes, so the dialog always has the full picture.",F1 カードは一つのことだけを伝えます。次のグランプリとその開催日時 —— 当日なら「今日 15:00」、それ以外は日付と時刻を、お使いのタイムゾーンで表示します。コースステータスはカードから外しました。セッション外では「未実施」と出るだけで、それを見るためにカードを見る人はいません。ステータスはカメラ・ロボット掃除機・ゴミカードと同じ暗いピルに入り、ダッシュボードの他のカードと揃います。コースの輪郭は薄い透かし、開催国の国旗は隅に残ります。またどの F1 インスタンスを使うかを尋ねなくなり、統合が公開するすべてを読むため、ダイアログには常に全体が揃います。,
cr_whats_new_beta_14,array,16,"The To-Do List dialog's undo/redo and Close buttons moved from the title row to the bottom action bar, matching every other dialog in the app.",To-Do リスト ダイアログの [元に戻す/やり直し] ボタンと [閉じる] ボタンがタイトル行から下部のアクション バーに移動し、アプリ内の他のすべてのダイアログと一致しました。,
cr_whats_new_beta_14,array,17,* HKI 7 Cloud Component integration required.,* HKI 7 Cloudコンポーネントとの連携が必要です。,don't translate HKI 7 Cloud
cr_whats_new_beta_13,array,1,"HKI can now follow you from room to room. Point it at a room-presence sensor such as ESPresense and it opens the room you are in when the app starts, then offers to switch views when you move somewhere else. Rooms also gain a purple counter showing how many people are in them, beside the motion and presence counters. An admin sets this up for the whole family under Settings › Family Sharing › Presence: pick each person's sensor and how long a new room must hold before it counts as a move. Sensor rooms named after your Home Assistant areas are matched automatically.*",HKI が部屋から部屋へ追従できるようになりました。ESPresense などの在室センサーを指定すると、アプリ起動時にいる部屋が開き、別の場所へ移動すると表示を切り替えるか尋ねます。各部屋には、動体と在室のカウンターの隣に、その部屋にいる人数を示す紫のカウンターも表示されます。管理者は設定 › ファミリー共有 › 在室 で家族全員分をまとめて設定できます。各人のセンサーと、新しい部屋が移動と見なされるまでの待ち時間を指定します。Home Assistant のエリアと同じ名前のセンサー部屋は自動で一致します。*,don't translate Home Assistant
cr_whats_new_beta_13,array,2,"Notifications from Home Assistant can now carry action buttons. Add actions to a notify.mobile_app_… message and each one appears on the notification; tapping it sends the action back to Home Assistant, where an automation can respond. The buttons also appear on the in-app banner and in the notification drawer, because HKI hides system notifications while it is open. A URI action opens its link, a REPLY action takes a typed answer, and an action tapped while offline is delivered once the connection returns. Each notification can be actioned once.",Home Assistant からの通知にアクションボタンを表示できるようになりました。notify.mobile_app_… のメッセージに actions を追加すると、各ボタンが通知に表示され、タップするとアクションが Home Assistant に送り返されてオートメーションで処理できます。HKI は起動中にシステム通知を表示しないため、これらのボタンはアプリ内のバナーと通知一覧にも表示されます。URI アクションはリンクを開き、REPLY アクションは入力した返信を送信します。オフラインでタップしたアクションは接続が戻ったときに送信されます。各通知のアクションは1 回だけ使用できます。,don't translate Home Assistant
cr_whats_new_beta_13,array,3,"New Action button: a button that needs no entity at all. Give it a name, an icon, and whatever tap, hold, or double-tap action you like — navigate to a view or room, call a Home Assistant action, open a URL or a custom popup. Add one from the widget picker, from a button stack, or as an action badge in the badge area beside the header.",新機能：エンティティを一切必要としない「アクションボタン」。名前とアイコンを設定し、タップ・長押し・ダブルタップに好きなアクションを割り当てられます（ビューや部屋への移動、Home Assistantのアクション実行、URLやカスタムポップアップの表示など）。ウィジェット選択画面、ボタンスタック、またはヘッダー横のバッジ領域にアクションバッジとして追加できます。,don't translate Home Assistant
cr_whats_new_beta_13,array,4,"Icon-only buttons can now be sized. Auto shrinks the icon as a stack gains columns, which is what makes icon-only usable in the four-, five-, and six-column custom popups where a fixed-size icon used to overflow the button. A button can also be given its own size.",アイコンのみのボタンのサイズを設定できるようになりました。自動にするとスタックの列が増えるほどアイコンが小さくなり、固定サイズでははみ出していた4〜6列のポップアップでもアイコンのみが使えます。ボタンごとに独自のサイズも指定できます。,
cr_whats_new_beta_13,array,5,"Button stacks can push their appearance onto every button they hold: one Icon only for every button switch instead of the same switch on twenty buttons, plus an icon size they all inherit. A single button can still override the size.",ボタンスタックは、含まれるすべてのボタンに外観を適用できます。20個のボタンに同じスイッチを設定する代わりに「すべてのボタンをアイコンのみにする」スイッチ1つで済み、アイコンサイズもすべてに引き継がれます。個々のボタンで上書きも可能です。,
cr_whats_new_beta_13,array,6,"The quick start guide can be browsed by hand. Swipe the gesture preview, tap a dot, or tap any tip to jump to it. It still plays on its own until you take over.",クイックスタートガイドを手動で操作できるようになりました。ジェスチャーのプレビューをスワイプするか、ドットや各項目をタップするとそこへ移動します。操作するまでは自動再生が続きます。,
cr_whats_new_beta_13,array,7,"Fixed the waste widget showing the wrong icon and colour for every collection type outside Dutch: the type was matched against the translated label, so PMD shown as Packaging fell through to a generic grey-blue bin. PMD is orange with a recycling symbol again.",ごみ回収ウィジェットがオランダ語以外で種類ごとに誤ったアイコンと色を表示していた問題を修正しました。種類を翻訳後のラベルと照合していたため、Packagingと表示されたPMDが汎用の灰青色のごみ箱になっていました。PMDは再びリサイクル記号のオレンジです。,
cr_whats_new_beta_13,array,8,"Fixed the room-following prompt appearing after Ask before switching rooms was turned off, and for the room already on screen. It now also offers Don't ask again until I restart the app, and the wait time can be set whether or not prompting is on.",「部屋を切り替える前に確認する」をオフにした後も部屋移動の確認が表示される問題と、すでに表示中の部屋について確認が出る問題を修正しました。確認には「アプリを次に起動するまで確認しない」も追加され、待ち時間は設定の状態にかかわらず変更できます。,
cr_whats_new_beta_13,array,9,"Flows can express Any of these and nested logic, not just a flat list of ANDs. A group opens into its own list with a breadcrumb, and groups can hold groups, so motion detected AND (after sunset OR guest mode on) is buildable. It is the same structure Home Assistant's own editor writes, so a flow made in HA that used OR is no longer an untouchable advanced block.",フローで「いずれかが成立」や入れ子の条件が扱えるようになり、AND の平坦な一覧だけではなくなりました。グループはパンくず付きの独自の一覧で開き、グループの中にグループも置けるため、「動体を検知 かつ（日没後 または ゲストモードがオン）」を組めます。これは Home Assistant の自動化エディターが書き出すのと同じ構造なので、HA で OR を使って作ったフローも、もう手を触れられない高度なブロックではありません。,don't translate Home Assistant
cr_whats_new_beta_13,array,10,"Thermostat dials on the Climate view no longer squeeze six across a landscape foldable. Dials hold at four per row until the window is genuinely desktop-wide, so each keeps enough width to read.",気候ビューのサーモスタットダイヤルが、横向きの折りたたみ端末で6つ並んで狭くなることがなくなりました。ウィンドウが十分に広くなるまでは1行に4つを維持し、各ダイヤルが読める幅を保ちます。,
cr_whats_new_beta_13,array,11,"The Waiting for notifications message now has a Hide this notification button that jumps straight to its Android channel settings, where switching the channel off hides it for good while the connection keeps working. Android will not let a background connection run without a visible notification, so this is as far as muting can go. It also switches itself on when you have more than one Home Assistant server.",「通知を待機中」の表示に「この通知を非表示」ボタンが付き、Android のチャンネル設定へ直接移動できます。そこでチャンネルをオフにすると、接続は動いたまま通知だけが完全に消えます。Android は表示される通知なしでのバックグラウンド接続を許可しないため、これが消音の限界です。Home Assistant サーバーが複数ある場合にも自動的に有効になります。,don't translate Home Assistant
cr_whats_new_beta_13,array,12,"The vacuum widget can now draw a Valetudo map itself. Choose Valetudo map as the button image and point it at your robot's map camera: HKI reads the map data Valetudo hides inside that camera's PNG and draws the floor, walls, rooms, the robot, its dock and the path it has taken. No add-on, custom component or extra Home Assistant integration is involved, and the map refreshes on its own while the robot is cleaning.",ロボット掃除機ウィジェットが Valetudo マップを自前で描画できるようになりました。ボタン画像に Valetudo マップを選び、ロボットのマップカメラを指定するだけで、Valetudo がその PNG に埋め込んだマップデータを HKI が読み取り、床・壁・部屋・ロボット・充電ドック・走行経路を描きます。アドオンもカスタムコンポーネントも追加の Home Assistant 統合も不要で、掃除中はマップが自動で更新されます。,"don't translate Home Assistant, Valetudo"
cr_whats_new_beta_13,array,13,"Tap a room on the Valetudo map to send the robot to clean it. Rooms use the names you gave them in Valetudo. Cleaning a single room goes through Home Assistant's clean_area action, so first map the robot's segments to your areas in Home Assistant — until you do, the map says so instead of leaving the tap doing nothing.",Valetudo マップ上の部屋をタップすると、その部屋を掃除させられます。部屋名は Valetudo で付けた名前を使います。単一の部屋の掃除は Home Assistant の clean_area アクションを経由するため、まず Home Assistant でロボットのセグメントをエリアに割り当ててください。未設定の間は、タップを無視せずマップがその旨を知らせます。,"don't translate Home Assistant, Valetudo"
cr_whats_new_beta_13,array,14,"The vacuum settings now warn that plain Map camera on a Valetudo map entity shows a blank tile. Valetudo deliberately does not render the map on the robot, so its PNG is only a container for the data — Valetudo map is the mode that shows something.",ロボット掃除機設定に、Valetudo のマップエンティティに単なるマップカメラを使うと空白のタイルになるという警告を追加しました。Valetudo は意図的にロボット上でマップを描画せず、PNG はデータの入れ物にすぎません。実際に表示されるのは Valetudo マップモードです。,don't translate Valetudo
cr_whats_new_beta_13,array,15,"The vacuum dialog now shows a Valetudo map whenever the map camera you picked actually carries one, whatever the button image is set to — the button image only decides how the tile on the dashboard looks. Cameras that turn out not to be Valetudo maps still show their picture, and HKI stops re-checking once it knows.",ロボット掃除機ダイアログは、選んだマップカメラに実際にマップデータがあれば、ボタン画像の設定に関係なく Valetudo マップを表示します。ボタン画像はダッシュボード上のタイルの見た目を決めるだけです。Valetudo マップでないカメラは従来どおり画像を表示し、一度判別すれば再確認は行いません。,don't translate Valetudo
cr_whats_new_beta_13,array,16,"The robot image now spins while the vacuum is cleaning or returning to its dock, using the same icon animation settings as the rest of the app. A button's own animation setting still overrides it, and Off keeps it still.",ロボット画像が、掃除中やドック復帰中に回転するようになりました。アプリ全体と同じアイコンアニメーション設定に従い、ボタン個別の設定が優先されます。オフにすれば静止したままです。,
cr_whats_new_beta_13,array,17,* HKI 7 Cloud Component integration required.,* HKI 7 Cloudコンポーネントとの連携が必要です。,don't translate HKI 7 Cloud
cr_whats_new_beta_12,array,1,"Button widgets and button stacks can now hold an empty, fully transparent button. It takes up a grid cell without drawing anything, so the buttons around it line up exactly where you want them.",ボタンウィジェットとボタンスタックに、空の完全に透明なボタンを置けるようになりました。何も描画せずにグリッドの1マスを占有するため、周囲のボタンを思いどおりの位置にそろえられます。,
cr_whats_new_beta_12,array,2,Buttons can show just their icon. The new Icon only switch under a button's Appearance settings drops the name and state and centers a larger icon on the button.,ボタンにアイコンだけを表示できます。ボタンの外観設定にある新しい「アイコンのみ」スイッチで、名前と状態を隠し、大きめのアイコンを中央に配置します。,
cr_whats_new_beta_12,array,3,"New Custom popup action for buttons, badges, and dialog buttons. Point any tap, hold, or double tap at a popup you build yourself: it opens with the usual dialog title, status, history, and close controls, and you fill it with any widget the app offers. Popups are listed under Settings › Appearance › Popups, where Edit contents opens one ready to arrange. Popups are shared, so several buttons can open the same one, and stacks inside a popup can use up to six columns instead of three. While a popup is being arranged, a Done button sits beside Add widget to leave edit mode without closing it.",ボタン、バッジ、ダイアログのボタンに「カスタムポップアップ」アクションを追加しました。タップ・長押し・ダブルタップを自作のポップアップに割り当てられます。ポップアップは通常どおりタイトル・ステータス・履歴・閉じるを備え、アプリのあらゆるウィジェットを配置できます。ポップアップは設定›外観›ポップアップに一覧表示され、「内容を編集」で編集できる状態で開きます。ポップアップは共有されるため複数のボタンから同じものを開け、内部のスタックは3列ではなく最大6列まで使えます。ポップアップの編集中は「ウィジェットを追加」の隣に「完了」ボタンが表示され、閉じずに編集モードを終了できます。,
cr_whats_new_beta_12,array,4,"Fixed the Energy detail views (Solar, Electricity, Gas, Water, City heating, Battery) drawing their cards flush against each other with their headings missing. Production, Forecast, Inverters and the rest were hidden behind the card below them; the cards now keep their headings and the usual spacing.",エネルギーの詳細画面（太陽光・電気・ガス・水道・地域熱供給・バッテリー）でカードが見出しなしで隙間なく並ぶ問題を修正しました。「発電」「予測」「インバーター」などの見出しが下のカードの背面に隠れていました。カードは見出しと通常の間隔を保つようになりました。,
cr_whats_new_beta_12,array,5,"Fixed Parental Controls refusing to save. An out-of-date HKI 7 Cloud component rejects the Visible and Invisible lists, which used to fail the whole policy; the permissions now save regardless and the message says the component needs updating. Those lists only filter entity lists such as global search — a button on a family dashboard stays visible unless it is hidden for that person explicitly.*",ペアレンタルコントロールが保存できない問題を修正しました。古いHKI 7 Cloudコンポーネントは「表示」と「非表示」のリストを拒否し、これまではポリシー全体が失敗していました。現在は権限が保存され、コンポーネントの更新が必要であることを通知します。これらのリストはグローバル検索などのエンティティ一覧のみを絞り込みます。ファミリーダッシュボードのボタンは、その人に対して明示的に非表示にしない限り表示されたままです。*,don't translate HKI 7 Cloud
cr_whats_new_beta_12,array,6,* HKI 7 Cloud Component integration required.,* HKI 7 Cloudコンポーネントとの連携が必要です。,don't translate HKI 7 Cloud
cr_whats_new_beta_11,array,1,"Rooms, Climate, Security, Energy, and Battery dashboards now make better use of tablets and foldables. Large cards follow the Home and individual-room 1/2/3-column layout, while compact tiles auto-fit without becoming cramped. Climate, Security, and Energy cards use a height-aware masonry layout on wider displays, eliminating large gaps below shorter cards.",部屋、空調、セキュリティ、エネルギー、バッテリーの各ダッシュボードが、タブレットや折りたたみ端末の画面をより有効に使うようになりました。大きなカードはホーム画面や個別の部屋と同じ1～3列レイアウトになり、コンパクトなタイルは窮屈にならないよう自動調整されます。広い画面では空調、セキュリティ、エネルギーのカードが高さを考慮したメイソンリーレイアウトになり、短いカードの下に大きな空白が残りません。,
cr_whats_new_beta_11,array,2,State-colored icons on entity buttons and header/status pills now preserve their semantic hue while automatically shifting lighter or darker when they would blend into the current theme.,エンティティボタンやヘッダー／状態ピルの状態色アイコンは識別できる色相を保ちつつ、現在のテーマに溶け込む場合は自動的に明るい色または暗い色へ調整されます。,
cr_whats_new_beta_11,array,3,"Selecting a family dashboard during onboarding now subscribes that installation to it. Owner edits are published when Save or Done is tapped, active clients refresh immediately, and offline clients reconcile when reopened. Non-admin subscribers cannot create or duplicate dashboards unless the app is fully reset.*",初期設定でファミリーダッシュボードを選ぶと、この端末がそのダッシュボードを購読するようになりました。所有者が「保存」または「完了」を押すと変更が公開され、使用中のクライアントはすぐに更新され、オフラインのクライアントは次回起動時に同期します。管理者以外の購読者は、アプリを完全にリセットするまでダッシュボードを作成または複製できません。*,
cr_whats_new_beta_11,array,4,"Dashboard setup during onboarding can now restore a local, Google Drive, or Home Assistant backup. New Google Drive and Home Assistant backups use consistent, informative names containing the app version and creation date.*",初期設定のダッシュボード作成画面から、ローカル、Google Drive、Home Assistantのバックアップを復元できるようになりました。Google DriveとHome Assistantの新しいバックアップには、アプリのバージョンと作成日を含む統一された分かりやすい名前が付きます。*,"don't translate Home Assistant, Google Drive"
cr_whats_new_beta_11,array,5,"Calendar widgets become vertically scrollable when their height is too small for every event, and hidden Home widgets are removed from the layout instead of leaving an empty space.",カレンダーウィジェットの高さがすべての予定を表示するには足りない場合、縦にスクロールできるようになりました。非表示のホームウィジェットは空白を残さずレイアウトから削除されます。,
cr_whats_new_beta_11,array,6,"Parcel carrier cards now show the earliest expected delivery date and time for active incoming or outgoing shipments, including integrations that expose a separate next-delivery sensor.",配送業者カードに、進行中の受取または発送荷物のうち最も早い配達予定日時が表示されるようになりました。次回配達用の個別センサーを公開する連携にも対応します。,
cr_whats_new_beta_11,array,7,"Family permissions can now independently allow dashboard switching and creation. Fully restricted subscribers see a locked Dashboard settings tab; onboarding removes its placeholder dashboard when switching is denied, and a deleted family dashboard opens a permission-aware recovery screen instead of silently creating a replacement.*",ファミリー権限で、ダッシュボードの切り替えと作成を個別に許可できるようになりました。両方を制限された購読者にはロックされたダッシュボード設定が表示されます。切り替えが禁止されている場合、初期設定では仮のダッシュボードを削除し、ファミリーダッシュボードが削除された場合は代替を自動作成せず、権限に応じた復旧画面を開きます。*,
cr_whats_new_beta_11,array,8,"Family permissions now also control manual re-importing. Non-admins cannot open Family Sharing settings, disabled onboarding choices explain why they are unavailable, and aesthetics-only editors see only visual controls. Their local names, icons, colors, backgrounds, styles, sizes, and layouts take priority when owner updates arrive.*",ファミリー権限で手動の再インポートも管理できるようになりました。管理者以外はファミリー共有設定を開けず、初期設定で無効な選択肢には理由が表示されます。外観のみを編集できるユーザーには視覚的な設定だけが表示され、所有者から更新が届いてもローカルの名前、アイコン、色、背景、スタイル、サイズ、レイアウトが優先されます。*,
cr_whats_new_beta_11,array,9,"Climate sensor/device tabs, Security groups, and every Energy detail tab now follow the same responsive one-, two-, or three-column masonry rules, including their edit and reorder layouts.",気候のセンサー／デバイスタブ、セキュリティグループ、すべてのエネルギー詳細タブが、編集・並べ替え時も含め、同じ1〜3列のレスポンシブなMasonryルールに従うようになりました。,
cr_whats_new_beta_11,array,10,Aesthetics-only family editors can no longer change header-pill configuration or the dashboard's people; those functional settings remain controlled by the owner.*,外観のみ編集できるファミリーユーザーは、ヘッダーピルの設定やダッシュボードの人物を変更できなくなりました。これらの機能設定は所有者が管理します。*,
cr_whats_new_beta_11,array,11,"Parental Controls now replaces manual entity-ID entry with Visible and Invisible lists. Admins can select complete Home Assistant domains or individual entities, and global search hides restricted entities and devices. Invisible entries always take precedence.*",ペアレンタルコントロールの手動エンティティID入力を「表示」と「非表示」のリストに置き換えました。管理者はHome Assistantのドメイン全体または個別のエンティティを選択でき、グローバル検索では制限されたエンティティとデバイスが表示されません。「非表示」が常に優先されます。*,don't translate Home Assistant
cr_whats_new_beta_11,array,12,"Energy setup now imports SmartGateways and DSMR Reader P1 meters even when the Home Assistant Energy dashboard has not been configured and the sensors are not attached to a device. Tariff 1 and tariff 2 readings are recognised separately, and usage charts and period totals add both tariffs together when no single grid import or export sensor is set.",Home Assistantのエネルギーダッシュボードが未設定で、センサーがデバイスに紐づいていない場合でも、エネルギー設定でSmartGatewaysとDSMR ReaderのP1メーターを取り込めるようになりました。料金区分1と2を個別に認識し、買電・売電のセンサーを個別に指定していない場合は使用量グラフと期間合計で両方の料金区分を合算します。,don't translate Home Assistant
cr_whats_new_beta_11,array,13,* HKI 7 Cloud Component integration required.,* HKI 7 Cloudコンポーネントとの連携が必要です。,don't translate HKI 7 Cloud
cr_whats_new_beta_10,array,1,"Visibility rules now work across all widgets and individual items, with time, entity, person, and mixed AND/OR conditions. Admins using a family-shared dashboard can choose whether an item is Visible or Hidden for a selected user. Person conditions use HKI 7 Cloud, whose requirement is shown when it is unavailable. New rules start empty so you choose Time, Entity, or Person.",表示ルールはすべてのウィジェットと項目で、時間、エンティティ、ユーザー、AND/ORの混在条件に対応します。家族共有ダッシュボードの管理者は、選択したユーザーに項目を表示または非表示にできます。ユーザー条件にはHKI 7 Cloudを使用し、連携がない場合は要件を表示します。新しいルールは空の状態から時間、エンティティ、ユーザーを選べます。,don't translate HKI 7 Cloud
cr_whats_new_beta_10,array,2,"Room-status counter badges keep a stable two-digit width. Headers responsively fit one, two, or three counters per row like the home-page and person badges, without pushing the title down.",部屋の状態カウンターバッジは2桁分の幅を常に保ちます。ヘッダーはホーム画面やユーザーバッジと同様に1～3列へ自動調整され、タイトルを下へ押しません。,
cr_whats_new_beta_10,array,3,"Energy setup now recognises SmartGateways and DSMR Reader MQTT sensor names, and choosing a source device refills its separate sensor roles. City heating has dedicated settings, a source tile and detail tab, plus an estimated natural-gas equivalent for J/GJ heat readings.",エネルギー設定がSmartGatewaysとDSMR ReaderのMQTTセンサー名を認識するようになり、ソース機器を選ぶと個別センサーが再入力されます。地域暖房には専用設定、ソースタイル、詳細タブ、J/GJからの推定ガス換算値が追加されました。,
cr_whats_new_beta_10,array,4,"Calendar widget dialogs now use the available height correctly, fixing content that previously occupied only half the settings dialog or was cut off.",カレンダーウィジェットのダイアログが利用可能な高さ全体を正しく使うようになり、内容が半分だけに表示されたり切れたりする問題を修正しました。,
cr_whats_new_beta_10,array,5,"Re-import settings now use one consistently spelled and localized label across Rooms, Climate, Security, Energy, and Battery. Conditional visibility wording was also corrected in every supported language.",部屋、空調、セキュリティ、エネルギー、バッテリーの再インポート設定で、表記と翻訳を統一しました。条件付き表示の用語も、対応するすべての言語で修正しました。,
cr_whats_new_beta_10,array,6,"Fixed PostNL and the current parcel-integration parser, so incoming shipments once again show their complete tracking details and delivered state. Carrier support has also been brought up to date.",画面回転が縦向き固定ではなく、端末の自動回転設定に従うようになりました。,
cr_whats_new_beta_10,array,7,"Added an in-app language selector with full coverage in 13 languages: Dutch, German, French, Spanish (plus Latin American Spanish), Italian, Turkish, Portuguese (plus Brazilian Portuguese), Japanese, Korean, and Chinese (Simplified and Traditional). Each language shows its native name with an English hint beneath it.",専用センサーがなくても天気機器を連携すると空調の「屋外」タイルが表示され、温度・湿度・気圧の属性を概要に含め、対応するセンサー色でグラフ化します。,
cr_whats_new_beta_10,array,8,"The reconnect status now shows the actual connection error, making Wi-Fi, mobile-data, and VPN handovers much easier to diagnose.",荷物のステータスコードを自然な文章で表示します。日時は選択言語と12/24時間設定に従い、近日の配達は曜日を使い、今年は省略し、同じ日付を繰り返しません。,
cr_whats_new_beta_10,array,9,Screen rotation now follows your device’s auto-rotate setting instead of staying locked to portrait.,PostNLおよび現在の荷物連携パーサーを修正し、届いた荷物の追跡詳細と配達状況が再び正しく表示されるようになりました。配送業者のサポートも最新化されています。,
cr_whats_new_beta_10,array,10,"The Climate ""Outside"" tile now appears as soon as a weather device is linked, even without dedicated sensors, counts its temperature, humidity and pressure attributes in the summary, and graphs them with matching sensor colors.",アプリ内言語セレクターが対応する13言語すべてを完全にカバーしました。各言語は母語名と、その下に英語の補足を表示します。,
cr_whats_new_beta_10,array,11,"Parcel status codes are now normal sentences. Dates and times follow the selected language and 12/24-hour preference, nearby deliveries use weekday names, the current year is omitted, and same-day windows no longer repeat the date.",再接続ステータスに実際の接続エラーが表示されるようになり、Wi-Fi、モバイルデータ、VPNの切り替え時の診断が容易になりました。,
cr_whats_new_beta_9,array,1,"Drag to reorder cameras, thermostats, and energy cards. In edit mode the Security, Climate, and Energy views each get a Reorder button for their relevant cards.",カメラ、サーモスタット、エネルギーカードをドラッグして並べ替え可能に。編集モードでは、セキュリティ・空調・エネルギー画面のそれぞれに関連カードの並べ替えボタンが表示されます。,
cr_whats_new_beta_9,array,2,"New Climate Outside tile. Link a weather entity or outdoor temperature, humidity, and air-pressure sensors, then open the tile for individual history graphs.",新しい空調「屋外」タイルを追加。天気エンティティまたは屋外の気温・湿度・気圧センサーを連携し、タイルを開くと個別の履歴グラフが表示されます。,
cr_whats_new_beta_9,array,3,"Visibility now belongs to each button and header badge. Hide an item or schedule it once or on a daily, weekly, monthly, or yearly recurrence.",表示設定が各ボタンとヘッダーバッジごとに個別化されました。項目を非表示にしたり、1回限りまたは毎日・毎週・毎月・毎年の繰り返しでスケジュールできます。,
cr_whats_new_beta_9,array,4,Header badges can be renamed from Appearance settings.,ヘッダーバッジは外観設定から名前を変更できます。,
cr_whats_new_beta_9,array,5,Swiping cards autoplay every three seconds by default.,スワイプカードは既定で3秒ごとに自動再生されます。,
cr_whats_new_beta_9,array,6,"The Weather dialog adds autoplay for Season, a windrose card, and an optional rain-map card from a camera or embedded web page.",天気ダイアログに、季節の自動再生、風配図カード、カメラまたは埋め込みWebページからのオプションの雨雲マップカードが追加されました。,
cr_whats_new_beta_9,array,7,"The Parcels widget was rebuilt around carriers, with logos, account totals, shipment sections, estimates, tracking history, and add-by-tracking support where available.",荷物ウィジェットが配送業者を中心に再構築され、ロゴ、アカウント合計、配送区分、到着予定、追跡履歴、対応業者では追跡番号による追加に対応しました。,
cr_whats_new_beta_9,array,8,"Humidifiers and dehumidifiers now have native power, humidity, mode, speed, and helper controls throughout the app.",加湿器・除湿器がアプリ全体でネイティブの電源・湿度・モード・速度・補助コントロールに対応しました。,
cr_whats_new_beta_9,array,9,Room status counters are interactive and open the entities behind each count.,部屋のステータスカウンターがインタラクティブになり、各カウントの背後にあるエンティティを開けるようになりました。,
cr_whats_new_beta_9,array,10,Buttons and badges can show a live countdown from a completion-time entity.,ボタンとバッジは、完了時刻エンティティからライブカウントダウンを表示できます。,
cr_whats_new_beta_9,array,11,Shared dashboards publish owner edits automatically and recipients receive them on their next sync.,共有ダッシュボードはオーナーの編集を自動的に公開し、受信者は次回の同期で受け取ります。,
cr_whats_new_beta_9,array,12,Header display settings now belong to each dashboard and travel through backups and family sharing.,ヘッダー表示設定は各ダッシュボードに紐づき、バックアップとファミリー共有を通じて引き継がれます。,
cr_whats_new_beta_9,array,13,Camera widgets fill the entire tile and follow the configured corner radius.,カメラウィジェットはタイル全体を埋め、設定された角丸に従います。,
cr_whats_new_beta_9,array,14,"Waste collections on the same day now overlap visibly, and the larger dialog can be dismissed by tapping outside.",同じ日のゴミ収集が見た目上重なって表示されるようになり、拡大表示ダイアログは外側をタップして閉じられます。,
cr_whats_new_beta_9,array,15,"Battery, Waste, camera, weather, and About visuals are now more consistent.",バッテリー、ゴミ、カメラ、天気、Aboutのビジュアルの一貫性が向上しました。,
cr_whats_new_beta_9,array,16,"Binary sensors use Home Assistant-style Open/Closed, Wet/Dry, Detected/Clear, and Connected/Disconnected labels.",二値センサーはHome Assistant形式の開/閉、湿/乾、検知/クリア、接続/切断ラベルを使用します。,don't translate Home Assistant
cr_whats_new_beta_9,array,17,"Aesthetic-only editors can change existing badge visuals but cannot add, remove, or reconfigure badges.",外観のみのエディターは既存のバッジ表示を変更できますが、バッジの追加・削除・再設定はできません。,
cr_whats_new_beta_9,array,18,Fixed network handovers: sockets tied to the old Android network are discarded and the saved Home Assistant session reconnects without an unnecessary login. Reconnect status also shows the failure reason.,ネットワーク切り替えを修正: 古いAndroidネットワークに紐づくソケットは破棄され、保存済みのHome Assistantセッションは不要なログインなしで再接続します。再接続ステータスにも失敗理由が表示されます。,don't translate Home Assistant
cr_whats_new_beta_8,array,1,Child locks are no longer imported automatically as room controls.,子ロックは部屋コントロールとして自動的にインポートされなくなりました。,
cr_whats_new_beta_8,array,2,Every button and badge now honours Home Assistant entity-icon overrides.,すべてのボタンとバッジがHome Assistantのエンティティアイコンの上書きに対応しました。,don't translate Home Assistant
cr_whats_new_beta_8,array,3,Vacuums now appear in the room badge bar and open their controls when tapped.,掃除機が部屋のバッジバーに表示されるようになり、タップするとコントロールが開きます。,
cr_whats_new_beta_8,array,4,"Individual buttons in multi-item widgets can be hidden or scheduled, including recurring annual date ranges.",複数項目ウィジェット内の個々のボタンを、毎年の繰り返し日付範囲を含めて非表示にしたりスケジュールしたりできます。,
cr_whats_new_beta_8,array,5,Multiple camera badges now open one swipeable dialog with fullscreen paging.,複数のカメラバッジが1つのスワイプ可能なフルスクリーンページングダイアログで開くようになりました。,
cr_whats_new_beta_8,array,6,"Family Sharing now lists cloud-published dashboards so they can be imported, reshared, or deleted after a reinstall.",ファミリー共有にクラウド公開済みダッシュボードが一覧表示され、再インストール後にインポート・再共有・削除ができます。,
cr_whats_new_beta_7,array,1,Automatic room import now skips built-in helper controls while retaining genuine extra controls.,自動部屋インポートは、正当な追加コントロールを保持しつつ組み込みのヘルパーコントロールをスキップするようになりました。,
cr_whats_new_beta_7,array,2,Climate devices from different integrations are no longer merged into one control.,異なる連携からの空調デバイスが1つのコントロールに統合されなくなりました。,
cr_whats_new_beta_7,array,3,"Climate-device icons now match air conditioners, humidifiers, dehumidifiers, and air purifiers.",空調デバイスのアイコンがエアコン、加湿器、除湿器、空気清浄機に一致するようになりました。,
cr_whats_new_beta_7,array,4,Air-purifier and humidifier icons pulse gently instead of spinning.,空気清浄機と加湿器のアイコンは回転ではなく緩やかに明滅するようになりました。,
cr_whats_new_beta_7,array,5,Door locks now use closed-door and open-door icons.,ドアロックは閉扉・開扉アイコンを使用するようになりました。,
cr_whats_new_beta_7,array,6,Multi-device header badges can be reordered to choose their leading entity.,複数デバイスのヘッダーバッジは、代表エンティティを選ぶために並べ替え可能です。,
cr_whats_new_beta_7,array,7,Animated icon effects are enabled by default on new installations.,アニメーションアイコン効果が新規インストールで既定で有効になりました。,
cr_whats_new_beta_7,array,8,Buttons and badges can display an entity attribute and optional unit instead of its state.,ボタンとバッジは、状態の代わりにエンティティ属性とオプションの単位を表示できます。,
cr_whats_new_beta_7,array,9,"Dashboards can now be copied with all rooms, widgets, and page settings.",すべての部屋、ウィジェット、ページ設定を含めてダッシュボードを複製できるようになりました。,
cr_whats_new_beta_7,array,10,"Family Sharing now combines parental controls, dashboard sharing, and per-user permissions.",ファミリー共有が保護者による制限、ダッシュボード共有、ユーザーごとの権限を統合しました。,
cr_whats_new_beta_7,array,11,Shared dashboards update automatically while keeping allowed local visual changes.,共有ダッシュボードは許可されたローカルの表示変更を保持しながら自動的に更新されます。,
cr_whats_new_beta_7,array,12,Non-admin family members can use automatic per-room Adaptive Lighting controls when the HKI 7 Cloud component is installed.,HKI 7 Cloudコンポーネントがインストールされている場合、管理者以外のファミリーメンバーも部屋ごとの自動アダプティブ照明コントロールを利用できます。,don't translate HKI 7 Cloud
cr_whats_new_beta_7,array,13,Fixed unreadable header and pull-down labels in light mode and with custom appearances.,ライトモードおよびカスタム外観でヘッダーとプルダウンのラベルが読みにくかった問題を修正しました。,
cr_whats_new_beta_7,array,14,About now provides What’s new and Full changelog buttons.,Aboutに「新機能」と「変更履歴全体」ボタンが追加されました。,
cr_whats_new_beta_7,array,15,Fixed the Unable to connect screen so it appears reliably when Home Assistant cannot be reached.,Home Assistantに接続できない場合の「接続できません」画面が確実に表示されるよう修正しました。,don't translate Home Assistant
cr_whats_new_beta_6,array,1,Fixed edit-mode action bars overlapping Android three-button navigation.,編集モードのアクションバーがAndroidの3ボタンナビゲーションと重なる問題を修正しました。,
cr_whats_new_beta_6,array,2,The Backup and Restore screen now shows when each automatic cloud backup last ran.,バックアップと復元画面に、各自動クラウドバックアップの最終実行日時が表示されるようになりました。,
cr_whats_new_beta_6,array,3,Each cloud backup now has a Back up now button.,各クラウドバックアップに「今すぐバックアップ」ボタンが追加されました。,
cr_whats_new_beta_6,array,4,Fixed the oversized app icon after the themed-icon update.,テーマアイコン更新後にアプリアイコンが大きすぎた問題を修正しました。,
cr_whats_new_beta_4_to_5,array,1,The Backup and Restore screen now shows when each automatic cloud backup last ran.,バックアップと復元画面に、各自動クラウドバックアップの最終実行日時が表示されるようになりました。,
cr_whats_new_beta_4_to_5,array,2,Each cloud backup now has a Back up now button.,各クラウドバックアップに「今すぐバックアップ」ボタンが追加されました。,
cr_whats_new_beta_4_to_5,array,3,Fixed the oversized app icon after the themed-icon update.,テーマアイコン更新後にアプリアイコンが大きすぎた問題を修正しました。,
cr_whats_new_beta_3,array,1,"Added Simple Icons, Tabler, and Phosphor icon packs alongside Material Design Icons.",Material Design Iconsに加え、Simple Icons、Tabler、Phosphorアイコンパックを追加しました。,
cr_whats_new_beta_3,array,2,"Added animated entity icons that glow, spin, or pulse while active.",アクティブ時に光る・回転する・明滅するアニメーションエンティティアイコンを追加しました。,
cr_whats_new_beta_3,array,3,Added family dashboard sharing for admins.*,管理者向けファミリーダッシュボード共有を追加しました。*,
cr_whats_new_beta_3,array,4,Added parental controls that can hide selected views and rooms for specific people.*,特定の人物に対して選択したビューと部屋を非表示にできる保護者による制限を追加しました。*,
cr_whats_new_beta_3,array,5,Added automatic daily backup to your own Home Assistant.*,ご自身のHome Assistantへの自動デイリーバックアップを追加しました。*,don't translate Home Assistant
cr_whats_new_beta_3,array,6,Media-source icons are colored and can open the installed source app.,メディアソースアイコンに色が付き、インストール済みのソースアプリを開けるようになりました。,
cr_whats_new_beta_3,array,7,New iFrame widget for embedding web pages.,Webページを埋め込む新しいiFrameウィジェットを追加しました。,
cr_whats_new_beta_3,array,8,Energy views now show negative values while exporting power.,エネルギー画面が電力の輸出時にマイナス値を表示するようになりました。,
cr_whats_new_beta_3,array,9,Fixed onboarding completing when switching away before finishing.,完了前に切り替えるとオンボーディングが完了してしまう問題を修正しました。,
cr_whats_new_beta_3,array,10,Fixed the thermostat-dial mode button overlapping nearby items.,サーモスタットダイヤルのモードボタンが近くの項目と重なる問題を修正しました。,
cr_whats_new_beta_3,array,11,Many smaller bug fixes.,その他多数の小さな不具合を修正しました。,
cr_whats_new_beta_3,array,12,* HKI 7 Cloud Component integration required.,* HKI 7 Cloudコンポーネントとの連携が必要です。,don't translate HKI 7 Cloud
cr_whats_new_beta_2,array,1,"Improved layouts on short and narrow displays, with a single-column fallback throughout the app.",丈が短く幅の狭いディスプレイでのレイアウトを改善し、アプリ全体で単一列フォールバックに対応しました。,
cr_whats_new_beta_2,array,2,Dialog headers use two rows on narrow screens so titles are no longer cut off.,ダイアログのヘッダーは狭い画面で2行になり、タイトルが途切れなくなりました。,
cr_whats_new_beta_2,array,3,Fixed Adaptive Lighting sliders overlapping other elements.,アダプティブ照明のスライダーが他の要素と重なる問題を修正しました。,
cr_whats_new_beta_2,array,4,Navigation bars now indicate when more items are available off-screen.,ナビゲーションバーに、画面外に他の項目がある場合の表示が追加されました。,
cr_whats_new_beta_2,array,5,Fixed cameras ignoring the screen-orientation lock.,カメラが画面の向きロックを無視していた問題を修正しました。,
cr_whats_new_beta_2,array,6,Fixed zoom in camera dialogs and fullscreen cameras.,カメラダイアログとフルスクリーンカメラのズームを修正しました。,
global_search_browse_entities,plural,one,Browse %1$d entity on this device,,needs translation; keep %1$d
global_search_browse_entities,plural,other,Browse %1$d entities on this device,このデバイス上の %1$d エンティティを参照します,keep %1$d
global_search_entity_count,plural,one,%1$d entity,,needs translation; keep %1$d
global_search_entity_count,plural,other,%1$d entities,%1$d エンティティ,keep %1$d
rooms_count,plural,one,%1$d room,,needs translation; keep %1$d
rooms_count,plural,other,%1$d rooms,%1$d 部屋,keep %1$d
core_system,string,,System,システム,
core_greeting_morning,string,,Good Morning,おはようございます,
core_greeting_afternoon,string,,Good Afternoon,こんにちは,
core_greeting_evening,string,,Good Evening,こんばんは,
core_greeting_night,string,,Good Night,おやすみなさい,
core_last_seen_just_now,string,,Last seen just now,たった今確認,
core_no_media_playing,string,,No media is playing,再生中のメディアはありません,
core_media_players_playing,plural,one,%1$d media player is playing,,needs translation; keep %1$d
core_media_players_playing,plural,other,%1$d media players are playing,%1$d メディア プレーヤーが再生中です,keep %1$d
core_last_seen_minutes,plural,one,Last seen %1$d minute ago,,needs translation; keep %1$d
core_last_seen_minutes,plural,other,Last seen %1$d minutes ago,最後に見たのは %1$d 分前,keep %1$d
core_last_seen_hours,plural,one,Last seen %1$d hour ago,,needs translation; keep %1$d
core_last_seen_hours,plural,other,Last seen %1$d hours ago,最後に見たのは %1$d 時間前,keep %1$d
core_last_seen_days,plural,one,Last seen %1$d day ago,,needs translation; keep %1$d
core_last_seen_days,plural,other,Last seen %1$d days ago,最後に見たのは %1$d 日前です,keep %1$d
core_last_seen_weeks,plural,one,Last seen %1$d week ago,,needs translation; keep %1$d
core_last_seen_weeks,plural,other,Last seen %1$d weeks ago,最後に見たのは %1$d 週間前,keep %1$d
dlg_1_advanced_shorthand_block_kept_unchanged,string,,1 advanced shorthand block (kept unchanged),高度なショートハンドブロック1件（変更なし）,
dlg_24_hour_format,string,,24-Hour Format,24時間形式,
dlg_action_count,string,,%1$s action,アクション%1$s件,keep %1$s
dlg_action,string,,Action,アクション,
dlg_action_data,string,,Action data,アクションデータ,
dlg_action_data_object,string,,Action data object,アクションデータオブジェクト,
dlg_action_details,string,,Action details,アクション詳細,
dlg_adapt_now,string,,Adapt now,今すぐ適応,
dlg_adaptive_lighting,string,,Adaptive Lighting,アダプティブ照明,
dlg_adaptive_lighting_is_unavailable,string,,Adaptive Lighting is unavailable,アダプティブ照明は利用できません,
dlg_add_4_10_entity_buttons_to_this_dialog_s,string,,Add 4–10 entity buttons to this dialog's nav bar.,このダイアログのナビゲーションバーに4〜10個のエンティティボタンを追加します。,
dlg_add,string,,Add,追加,
dlg_add_at_least_one_step,string,,Add at least one step,少なくとも1つのステップを追加してください,
dlg_add_button,string,,Add button,ボタンを追加,
dlg_add_custom_buttons,string,,Add Custom Buttons,カスタムボタンを追加,
dlg_add_more_for_a_full_row,string,,Add %1$s more for a full row.,行を埋めるにはあと%1$s個追加してください。,keep %1$s
dlg_add_to,string,,Add to %1$s,%1$sに追加,keep %1$s
dlg_advanced,string,,Advanced,詳細設定,
dlg_advanced_action_data_json,string,,Advanced action data (JSON),詳細アクションデータ（JSON）,
dlg_advanced_shorthand_blocks_kept_unchanged,string,,%1$s advanced shorthand blocks (kept unchanged),高度なショートハンドブロック%1$s件（変更なし）,keep %1$s
dlg_alarm_entities,string,,Alarm entities,アラームエンティティ,
dlg_alarm_pending,string,,Alarm pending,警報保留中,
dlg_alignment,string,,Alignment,配置,
dlg_always,string,,Always,常に,
dlg_any_state,string,,Any state,任意の状態,
dlg_appearance,string,,Appearance,外観,
dlg_apply,string,,Apply,適用,
dlg_aspect_ratio,string,,Aspect ratio,アスペクト比,
dlg_astronomical_tap_or_swipe,string,,Astronomical · tap or swipe,天文・タップまたはスワイプ,
dlg_auto,string,,Auto,自動,
dlg_auto_none,string,,Auto / none,自動 / なし,
dlg_auto_scan,string,,Auto-scan,自動スキャン,
dlg_automation,string,,Automation,オートメーション,
dlg_back,string,,Back,戻る,
dlg_backspace,string,,Backspace,バックスペース,
dlg_badge_bar_layout,string,,Badge bar layout,バッジバーのレイアウト,
dlg_batt,string,,Batt,バッテリー,
dlg_battery_value,string,,Battery: %1$s,バッテリー: %1$s,keep %1$s
dlg_built_in,string,,Built-in,組み込み,
dlg_cancel,string,,Cancel,キャンセル,
dlg_cancel_arming,string,,Cancel arming,警戒設定をキャンセル,
dlg_change,string,,Change,変更,
dlg_choose_a_side_when_the_badge_bar_is_split,string,,Choose a side when the badge bar is split,バッジバーを分割する際の側を選択,
dlg_choose_a_state,string,,Choose a state,状態を選択,
dlg_condition,string,,Condition,状態,
dlg_condition_is,string,,Is,は,
dlg_condition_is_not,string,,Is not,そうではありません,
dlg_condition_state,string,,State,状態,
dlg_vis_and,string,,AND,そして,
dlg_vis_conditional,string,,Conditional,条件付き,
dlg_vis_entity_state,string,,Entity state,エンティティの状態,
dlg_vis_person,string,,Person,ユーザー,
dlg_visible,string,,Visible,表示,
dlg_choose_person,string,,Choose person,ユーザーを選択,
dlg_person_condition_hint,string,,Matches the signed-in Home Assistant user. This rule travels with a shared dashboard.,サインイン中のHome Assistantユーザーと照合します。このルールは共有ダッシュボードに引き継がれます。,don't translate Home Assistant
dlg_person_requires_hki7_cloud,string,,Person visibility requires the HKI 7 Cloud component. Install it to select Home Assistant users here.,ユーザー別の表示にはHKI 7 Cloudコンポーネントが必要です。ここでHome Assistantユーザーを選ぶにはインストールしてください。,"don't translate HKI 7 Cloud, Home Assistant"
dlg_vis_match,string,,Match,マッチ,
dlg_vis_match_all,string,,All rules,すべてのルール,
dlg_vis_match_any,string,,Any rule,任意のルール,
dlg_vis_or,string,,OR,または,
dlg_vis_time_schedule,string,,Time schedule,タイムスケジュール,
dlg_choose_a_visual_home_assistant_block,string,,Choose a visual Home Assistant block,視覚的なHome Assistantブロックを選択,don't translate Home Assistant
dlg_choose_action,string,,Choose action,アクションを選択,
dlg_choose_an_action,string,,Choose an action,アクションを選択,
dlg_choose_an_entity,string,,Choose an entity,エンティティを選択,
dlg_choose_an_entity_first,string,,Choose an entity first,先にエンティティを選択してください,
dlg_choose_entity,string,,Choose entity,エンティティを選択,
dlg_choose_the_home_assistant_entities_that_drive_this_room,string,,Choose the Home Assistant entities that drive this room's live indicators. Indicators only appear while they are active.,この部屋のライブインジケーターを駆動するHome Assistantエンティティを選択してください。インジケーターはアクティブな間のみ表示されます。,don't translate Home Assistant
dlg_choose_the_profile_for_this_light,string,,Choose the profile for this light,このライトのプロファイルを選択,
dlg_choose_what_this_action_should_control,string,,Choose what this action should control,このアクションが制御する対象を選択,
dlg_choose_what_this_badge_summarizes,string,,Choose what this badge summarizes,このバッジが要約する内容を選択,
dlg_choose_what_this_header_pill_shows,string,,Choose what this header pill shows,このヘッダーピルが表示する内容を選択,
dlg_clear,string,,Clear,正常,
dlg_clear_rooms_view,string,,Clear rooms view?,部屋ビューをクリアしますか？,
dlg_climate_dialog_control,string,,Climate dialog control,空調ダイアログコントロール,
dlg_climate_sources_take_priority_and_use_their_current_temper,string,,Climate sources take priority and use their current_temperature and current_humidity values. ,空調ソースが優先され、そのcurrent_temperatureおよびcurrent_humidityの値が使用されます。,keep the space at the start/end
dlg_climate_summary,string,,Climate summary,空調サマリー,
dlg_close,string,,Close,閉じる,
dlg_confirm,string,,Confirm,確認,
dlg_controls_light_in_this_profile,string,,Controls %1$s light%2$s in this profile.,このプロファイル内のライト%1$s%2$sを制御します。,keep %1$s %2$s
dlg_countdown_timer,string,,Countdown timer,カウントダウンタイマー,
dlg_create_a_flow,string,,Create a flow,フローを作成,
dlg_current,string,,Current %1$s%%,現在 %1$s%%,keep %1$s
dlg_current_weather,string,,Current weather,現在の天気,
dlg_custom,string,,Custom,カスタム,
dlg_custom_buttons,string,,Custom buttons,カスタムボタン,
dlg_custom_value,string,,Custom %1$s,カスタム%1$s,keep %1$s
dlg_custom_name,string,,Custom name,カスタム名,
dlg_custom_seconds,string,,Custom seconds,カスタム秒数,
dlg_custom_state,string,,Custom state...,カスタム状態...,
dlg_date,string,,Date,日付,
dlg_day_to,string,,%1$s day%2$s to %3$s,%3$sまで%1$s日%2$s,keep %1$s %2$s %3$s
dlg_delete_automation,string,,Delete automation?,オートメーションを削除しますか？,
dlg_delete,string,,Delete,削除,
dlg_description,string,,Description,説明,
dlg_details,string,,Details,詳細,
dlg_device_value,string,,Device: %1$s,デバイス: %1$s,keep %1$s
dlg_device,string,,Device,デバイス,
dlg_direction,string,,Direction —,方向 —,
dlg_display,string,,Display,表示,
dlg_display_linked_entities_and_dialog_layout,string,,"Display, linked entities, and dialog layout",表示、連携エンティティ、ダイアログレイアウト,
dlg_display_mode,string,,Display mode,表示モード,
dlg_display_order,string,,Display order,表示順序,
dlg_done,string,,Done,完了,
dlg_door_sensors,string,,Door sensors,ドアセンサー,
dlg_edit,string,,Edit,編集,
dlg_empty_bin,string,,Empty bin: %1$s,ゴミ箱を空にする: %1$s,keep %1$s
dlg_end,string,,End: %1$s,終了: %1$s,keep %1$s
dlg_enter_a_valid_json_object,string,,Enter a valid JSON object,有効なJSONオブジェクトを入力してください,
dlg_enter_code,string,,Enter code,コードを入力,
dlg_enter_the_same_data_object_home_assistant_shows_in,string,,Enter the same data object Home Assistant shows in YAML. JSON is used here so values keep their exact type.,Home AssistantがYAMLで示すものと同じデータオブジェクトを入力してください。値の型を正確に保つためJSON形式を使用しています。,don't translate Home Assistant
dlg_entities_count,string,,Entities (%1$s),エンティティ（%1$s）,keep %1$s
dlg_entities_appearance_and_interactions,string,,"Entities, appearance, and interactions",エンティティ、外観、操作,
dlg_entities,string,,Entities,エンティティ,
dlg_entities_that_signal_activity_or_safety_states,string,,Entities that signal activity or safety states,動作または安全状態を知らせるエンティティ,
dlg_entity_integrations,string,,Entity integrations,エンティティ連携,
dlg_entity_name,string,,Entity name,エンティティ名,
dlg_entity_picture,string,,Entity picture,エンティティ画像,
dlg_event,string,,Event,イベント,
dlg_exact_text_or_number_reported_by_home_assistant,string,,Exact text or number reported by Home Assistant,Home Assistantが報告する正確なテキストまたは数値,don't translate Home Assistant
dlg_exit_full_screen,string,,Exit full screen,全画面表示を終了,
dlg_floor,string,,Floor,フロア,
dlg_floor_assignment,string,,Floor assignment,階の割り当て,
dlg_flows,string,,Flows,フロー,
dlg_forecast,string,,Forecast,予報,
dlg_forget_selection,string,,Forget selection,選択を破棄,
dlg_forward,string,,Forward,進む,
dlg_from,string,,From %1$s,%1$sから,keep %1$s
dlg_from_state,string,,From state,開始状態,
dlg_full_day_name,string,,Full Day Name,曜日フル表記,
dlg_group_light_paused_for_manual_control,string,,%1$s group light%2$s paused for manual control.,グループライト%1$s%2$sが手動制御のため一時停止しています。,keep %1$s %2$s
dlg_header_appearance,string,,Header appearance,ヘッダーの外観,
dlg_header_custom_color_rrggbb,string,,Header custom color (#RRGGBB),ヘッダーカスタムカラー（#RRGGBB）,
dlg_header_pill,string,,Header pill,ヘッダーピル,
dlg_hidden,string,,Hidden,非表示,
dlg_hidden_during,string,,Hidden during,非表示期間,
dlg_hide_this_badge_or_schedule_when_it_appears,string,,"Hide this badge, or schedule when it appears",このバッジを非表示にするか、表示タイミングをスケジュール,
dlg_https,string,,https://…,https://…,
dlg_humidity,string,,Humidity,湿度,
dlg_icon,string,,Icon,アイコン,
dlg_icon_animation,string,,Icon animation,アイコンアニメーション,
dlg_icon_value,string,,Icon: %1$s,アイコン: %1$s,keep %1$s
dlg_identity,string,,Identity,識別情報,
dlg_identity_presentation_indicators_and_maintenance,string,,"Identity, presentation, indicators, and maintenance",識別情報、表示、インジケーター、メンテナンス,
dlg_import_only_rooms_that_have_not_been_edited_or,string,,"Import only rooms that have not been edited, or rebuild everything. Rebuilding removes all edited rooms and floors before importing them from scratch.",編集されていない部屋のみをインポートするか、すべてを再構築します。再構築すると、編集済みの部屋と階はすべて削除されてから一から再インポートされます。,
dlg_import_unedited,string,,Import unedited,未編集分をインポート,
dlg_interactions,string,,Interactions,操作,
dlg_is,string,, is,は,keep the space at the start/end
dlg_items,string,,%1$s items,%1$s件,keep %1$s
dlg_last_run,string,,Last run %1$s,前回の実行 %1$s,keep %1$s
dlg_left,string,,Left,左,
dlg_left_side_overflows_right,string,,Left side overflows right,左側が右にはみ出す,
dlg_live,string,,Live,ライブ,
dlg_live_uppercase,string,,LIVE,ライブ,
dlg_live_indicators,string,,Live indicators,ライブインジケーター,
dlg_loading_actions,string,,Loading actions…,アクションを読み込み中…,
dlg_lunar_phase,string,,Lunar phase,月相,
dlg_map,string,,Map,地図,
dlg_map_value,string,,Map: %1$s,マップ: %1$s,keep %1$s
dlg_media,string,,Media,メディア,
dlg_media_browsing_isn_t_available_for_this_player,string,,Media browsing isn't available for this player.,このプレーヤーではメディアの参照はできません。,
dlg_media_library,string,,Media library,メディアライブラリ,
dlg_media_players,string,,Media players,メディアプレーヤー,
dlg_meteorological_tap_or_swipe,string,,Meteorological · tap or swipe,気象・タップまたはスワイプ,
dlg_mm,string,,%1$s mm,%1$s mm,keep %1$s
dlg_modes,string,,Modes,モード,
dlg_moon,string,,Moon,月,
dlg_move_down,string,,Move down,下に移動,
dlg_move_up,string,,Move up,上に移動,
dlg_multiple_climate_values_are_averaged_separate_sensor_value,string,,Multiple climate values are averaged. Separate sensor values are averaged only when no climate source is selected.,複数の空調値は平均化されます。個別のセンサー値は、空調ソースが選択されていない場合のみ平均化されます。,
dlg_name,string,,Name,名前,
dlg_name_and_icon_used_throughout_the_app,string,,Name and icon used throughout the app,アプリ全体で使用される名前とアイコン,
dlg_name_optional,string,,Name (optional),名前（任意）,
dlg_native_home_assistant_automations_always_in_sync,string,,"Native Home Assistant automations, always in sync",ネイティブのHome Assistantオートメーション、常に同期,don't translate Home Assistant
dlg_never_triggered,string,,Never triggered,一度も作動していません,
dlg_new_flow,string,,New flow,新しいフロー,
dlg_next_camera,string,,Next camera,次のカメラ,
dlg_no_conditions_this_flow_always_continues,string,,No conditions — this flow always continues,条件なし — このフローは常に続行されます,
dlg_no_door_sensor,string,,No door sensor,ドアセンサーなし,
dlg_no_forecast_available,string,,No forecast available,予報を利用できません,
dlg_no_matching_automations,string,,No matching automations,一致するオートメーションがありません,
dlg_no_native_home_assistant_automations_found,string,,No native Home Assistant automations found,ネイティブのHome Assistantオートメーションが見つかりません,don't translate Home Assistant
dlg_no_profile_available,string,,No profile available,利用可能なプロファイルがありません,
dlg_no_stream_available,string,,No stream available,利用可能なストリームがありません,
dlg_no_supported_alarm_modes_reported_by_this_entity,string,,No supported alarm modes reported by this entity,このエンティティから対応するアラームモードが報告されていません,
dlg_no_target,string,,No target,対象なし,
dlg_none,string,,None,なし,
dlg_none_timer_follows_the_completion_time_only,string,,None — timer follows the completion time only,なし — タイマーは完了時刻のみに従います,
dlg_not_loaded_by_home_assistant,string,,Not loaded by Home Assistant,Home Assistantで読み込まれていません,don't translate Home Assistant
dlg_nothing_here,string,,Nothing here.,ここには何もありません。,
dlg_off_uppercase,string,,OFF,オフ,
dlg_off,string,,Off,オフ,
dlg_on_uppercase,string,,ON,オン,
dlg_on,string,,On,オン,
dlg_percent_on,string,,%1$s%% • ON,%1$s%%・オン,keep %1$s
dlg_open_camera_full_screen,string,,Open camera full screen,カメラを全画面で開く,
dlg_open,string,,Open,開く,
dlg_optional_controls_and_sensors_for_richer_dialogs,string,,Optional controls and sensors for richer dialogs,より充実したダイアログのためのオプションのコントロールとセンサー,
dlg_optional_fields_passed_to_home_assistant,string,,Optional fields passed to Home Assistant,Home Assistantに渡されるオプションフィールド,don't translate Home Assistant
dlg_optional_label_shown_when_name_is_enabled_above,string,,"Optional label shown when ""Name"" is enabled above",上の「名前」が有効な場合に表示されるオプションラベル,
dlg_oscillate,string,,Oscillate,首振り,
dlg_pause,string,,Pause,一時停止,
dlg_pause_adaptation,string,,Pause adaptation,適応を一時停止,
dlg_pending_timer,string,,Pending timer,保留中のタイマー,
dlg_pick_a_source_device_or_fine_tune_individual_roles,string,,Pick a source device or fine-tune individual roles,ソースデバイスを選択するか、個々の役割を細かく調整,
dlg_place_this_room_in_the_correct_floor_group,string,,Place this room in the correct floor group,この部屋を正しい階グループに配置,
dlg_placement,string,,Placement,配置,
dlg_players_summarized_by_the_room_header_and_card,string,,Players summarized by the room header and card,部屋のヘッダーとカードに要約されるプレーヤー,
dlg_please_wait,string,,Please wait…,お待ちください…,
dlg_precipitation,string,,Precipitation,降水量,
dlg_presets_uppercase,string,,PRESETS,プリセット,
dlg_presets,string,,Presets,プリセット,
dlg_previous_camera,string,,Previous camera,前のカメラ,
dlg_profile,string,,Profile,プロフィール,
dlg_profile_switches_affect_every_light_assigned_to,string,,Profile switches affect every light assigned to %1$s.,プロファイルの切り替えは%1$sに割り当てられたすべてのライトに影響します。,keep %1$s
dlg_rain,string,,Rain,雨,
dlg_rain_map,string,,Rain map,雨雲マップ,
dlg_rain_map_url_iframe,string,,Rain map URL (iframe),雨雲マップURL（iframe）,
dlg_re_import_rooms,string,,Re-import rooms,部屋を再インポート,
dlg_read_only_home_assistant_automation,string,,Read-only Home Assistant automation,読み取り専用のHome Assistantオートメーション,don't translate Home Assistant
dlg_recipes_create_regular_home_assistant_automations_you_can,string,,Recipes create regular Home Assistant automations. You can continue editing them in either HKI7 or Home Assistant.,レシピは通常のHome Assistantオートメーションを作成します。HKI7またはHome Assistantのどちらでも編集を続けられます。,"don't translate Home Assistant, HKI7"
dlg_remove,string,,Remove,削除,
dlg_remove_edits_and_import_all,string,,Remove edits and import all,編集を削除してすべてインポート,
dlg_repeat,string,,Repeat,繰り返し,
dlg_repeats_every_day_only_the_time_of_day_is,string,,Repeats every day — only the time of day is used.,毎日繰り返します — 時刻のみが使用されます。,
dlg_repeats_every_month_only_the_day_of_the_month,string,,Repeats every month — only the day of the month and time are used.,毎月繰り返します — 日と時刻のみが使用されます。,
dlg_repeats_every_week_only_the_weekday_and_time_are,string,,Repeats every week — only the weekday and time are used.,毎週繰り返します — 曜日と時刻のみが使用されます。,
dlg_repeats_every_year_the_year_is_ignored_so_e,string,,"Repeats every year — the year is ignored, so e.g. 24–26 Dec recurs each Christmas.",毎年繰り返します — 年は無視されるため、例えば12月24〜26日は毎年のクリスマスに繰り返されます。,
dlg_required,string,, (required), （必須）,keep the space at the start/end
dlg_required_state,string,,Required state,必須状態,
dlg_resume_adaptation,string,,Resume adaptation,適応を再開,
dlg_resume,string,,Resume,再開,
dlg_reverse,string,,Reverse,逆方向,
dlg_right,string,,Right,右,
dlg_right_side_overflows_left,string,,Right side overflows left,右側が左にはみ出す,
dlg_room_areas,string,,Room areas,部屋エリア,
dlg_room_climate,string,,Room climate,部屋の空調,
dlg_room_name,string,,Room name,部屋名,
dlg_run_mode,string,,Run mode,実行モード,
dlg_running_state_entity,string,,Running-state entity,動作状態エンティティ,
dlg_s_are,string,,s are,は,
dlg_save,string,,Save,保存,
dlg_save_in_home_assistant,string,,Save in Home Assistant,Home Assistantに保存,don't translate Home Assistant
dlg_saved_directly_in_the_native_automation,string,,Saved directly in the native automation,ネイティブのオートメーションに直接保存されます,
dlg_scheduled,string,,Scheduled,スケジュール済み,
dlg_search_actions,string,,Search actions,アクションを検索,
dlg_search_automations,string,,Search automations,オートメーションを検索,
dlg_season,string,,Season,季節,
dlg_select,string,,Select %1$s,%1$sを選択,keep %1$s
dlg_select_a_mode_to_continue,string,,Select a mode to continue,続行するモードを選択してください,
dlg_select_battery_sensor,string,,Select Battery Sensor,バッテリーセンサーを選択,
dlg_select_door_sensor,string,,Select Door Sensor,ドアセンサーを選択,
dlg_select_empty_bin_control,string,,Select Empty Bin Control,ゴミ箱を空にするコントロールを選択,
dlg_select_entities,string,,Select Entities,エンティティを選択,
dlg_select_entity,string,,Select Entity,エンティティを選択,
dlg_select_map_camera,string,,Select Map Camera,マップカメラを選択,
dlg_select_media_players,string,,Select Media Players,メディアプレーヤーを選択,
dlg_select_running_state_entity,string,,Select running-state entity,動作状態エンティティを選択,
dlg_select_target_entity,string,,Select Target Entity,対象エンティティを選択,
dlg_select_the_alarm_panels_summarized_by_this_pill,string,,Select the alarm panels summarized by this pill,このピルに要約されるアラームパネルを選択,
dlg_select_vacuum_entity,string,,Select Vacuum Entity,掃除機エンティティを選択,
dlg_select_water_level,string,,Select Water Level,水位を選択,
dlg_selected,string,,%1$s · Selected,%1$s・選択済み,keep %1$s
dlg_set,string,,Set,設定,
dlg_shape,string,,Shape,形状,
dlg_shape_visible_information_and_icon_behavior,string,,"Shape, visible information, and icon behavior",形状、表示情報、アイコンの動作,
dlg_show_a_descending_timer_when_the_value_is_a,string,,"Show a descending timer when the value is a completion time (e.g. a washer/dryer finish time). Active while counting, off at zero.",値が完了時刻（洗濯機・乾燥機の終了時刻など）の場合にカウントダウンタイマーを表示します。カウント中は有効、0でオフになります。,
dlg_show_a_live_radar_rain_map_card_a_camera,string,,Show a live radar/rain map card — a camera entity or an embedded web page (iframe),ライブレーダー・雨雲マップカードを表示 — カメラエンティティまたは埋め込みWebページ（iframe）,
dlg_show_badge_bar,string,,Show badge bar,バッジバーを表示,
dlg_show_the_entity_s_state_or_one_of_its,string,,"Show the entity's state, or one of its attributes instead.",代わりにエンティティの状態またはその属性の1つを表示します。,
dlg_side_split_alignment,string,,Side (split alignment),サイド（分割配置）,
dlg_snapshot,string,,Snapshot,スナップショット,
dlg_span_badges,string,,Span badges,バッジをまたぐ,
dlg_speed,string,,SPEED,速度,
dlg_start,string,,Start: %1$s,開始: %1$s,keep %1$s
dlg_start_with_a_useful_recipe_then_adjust_each_step,string,,"Start with a useful recipe, then adjust each step",便利なレシピから始めて、各ステップを調整してください,
dlg_state,string,,State,状態,
dlg_state_text,string,,State text,状態テキスト,
dlg_switch,string,,SWITCH,切替,
dlg_tap_hold_and_dialog_quick_actions,string,,"Tap, hold, and dialog quick actions",タップ、長押し、ダイアログのクイックアクション,
dlg_target_range_percent,string,,TARGET (%1$s–%2$s%%),目標（%1$s〜%2$s%%）,keep %1$s %2$s
dlg_target,string,,Target,対象,
dlg_target_entity_optional,string,,Target entity (optional),対象エンティティ（任意）,
dlg_temperature,string,,Temperature,気温,
dlg_temperature_and_humidity_sources_for_the_room,string,,Temperature and humidity sources for the room,部屋の気温と湿度のソース,
dlg_value_with_unit,string,,%1$s%2$s,%1$s%2$s,keep %1$s %2$s
dlg_negative_value,string,,-%1$s,-%1$s,keep %1$s
dlg_spaced_temperature,string,,  %1$s°,  %1$s°,keep %1$s; keep the space at the start/end
dlg_value_and_unit,string,,%1$s %2$s,%1$s %2$s,keep %1$s %2$s
dlg_temperature_value,string,,%1$s°,%1$s°,keep %1$s
dlg_updating_value,string,,%1$s…,%1$s…,keep %1$s
dlg_sentence_pair,string,,%1$s. %2$s,%1$s。%2$s,keep %1$s %2$s
dlg_labeled_value_unit,string,,%1$s: %2$s%3$s,%1$s: %2$s%3$s,keep %1$s %2$s %3$s
dlg_selected_value,string,,✓ %1$s,✓ %1$s,keep %1$s
dlg_zoom_multiplier,string,,%1$s×,%1$s×,keep %1$s
dlg_page_of_pages,string,,%1$s/%2$s,%1$s/%2$s,keep %1$s %2$s
dlg_labeled_value,string,,%1$s: %2$s,%1$s: %2$s,keep %1$s %2$s
dlg_percentage,string,,%1$s%%,%1$s%%,keep %1$s
dlg_that_profile,string,,that profile,そのプロファイル,
dlg_the_exact_dates_you_pick_leave_a_bound_as,string,,"The exact dates you pick. Leave a bound as ""Any"" for an open-ended range.",選択した正確な日付。範囲を無期限にするには境界を「すべて」のままにしてください。,
dlg_the_room_header_and_card_show_a_single_player,string,,"The room header and card show a single player's media, or an active-player count when multiple players are selected.",部屋のヘッダーとカードは、単一プレーヤーのメディア、または複数のプレーヤーが選択されている場合はアクティブなプレーヤー数を表示します。,
dlg_thermostat_dial,string,,Thermostat dial,サーモスタットダイヤル,
dlg_this_action_does_not_use_an_entity_target,string,,This action does not use an entity target.,このアクションはエンティティ対象を使用しません。,
dlg_this_action_has_no_required_target_or_additional_fields,string,,This action has no required target or additional fields.,このアクションには必須の対象や追加フィールドはありません。,
dlg_this_automation_is_managed_outside_home_assistant_s_ui,string,,"This automation is managed outside Home Assistant's UI (usually YAML). HKI7 can show it, but will not overwrite it.",このオートメーションはHome AssistantのUI外（通常はYAML）で管理されています。HKI7は表示のみ行い、上書きはしません。,"don't translate Home Assistant, HKI7"
dlg_this_entity,string,,This entity,このエンティティ,
dlg_this_light_is_paused_for_manual_control,string,,This light is paused for manual control.,このライトは手動制御のため一時停止しています。,
dlg_this_removes_all_imported_rooms_and_floors_from_this,string,,This removes all imported rooms and floors from this view.,これにより、このビューからインポート済みの部屋と階がすべて削除されます。,
dlg_this_removes_the_native_automation_from_home_assistant_thi,string,,This removes the native automation from Home Assistant. This cannot be undone from HKI7.,これによりHome Assistantからネイティブのオートメーションが削除されます。この操作はHKI7から元に戻せません。,"don't translate Home Assistant, HKI7"
dlg_time,string,,Time,時刻,
dlg_to_state,string,,To state,終了状態,
dlg_turn_on,string,,Turn On,オンにする,
dlg_unit,string,,Unit,単位,
dlg_untitled,string,,Untitled,無題,
dlg_url_https,string,,URL (https://…),URL（https://…）,
dlg_vacuum_entities,string,,Vacuum entities,掃除機エンティティ,
dlg_vertical_slider,string,,Vertical slider,縦スライダー,
dlg_visibility,string,,Visibility,表示設定,
dlg_visibility_alignment_and_overflow_behavior,string,,"Visibility, alignment, and overflow behavior",表示設定、配置、あふれ時の動作,
dlg_visible_during,string,,Visible during,表示期間,
dlg_waiting_for_home_assistant,string,,Waiting for Home Assistant,Home Assistantを待機中,don't translate Home Assistant
dlg_wallpaper_and_optional_custom_color,string,,Wallpaper and optional custom color,壁紙とオプションのカスタムカラー,
dlg_wallpaper_url_or_path,string,,Wallpaper URL or path,壁紙のURLまたはパス,
dlg_water_value,string,,Water: %1$s,水: %1$s,keep %1$s
dlg_water,string,,Water,水,
dlg_weather_details,string,,Weather details,天気の詳細,
dlg_weather_entities,string,,Weather entities,天気エンティティ,
dlg_when,string,,When,条件,
dlg_when_and_if_then,string,,When · And if · Then,条件・かつ・実行,
dlg_widget_width,string,,Widget width,ウィジェット幅,
dlg_wind,string,,Wind,風,
dlg_any,string,,Any,すべて,
dlg_once,string,,Once,1回,
dlg_daily,string,,Daily,毎日,
dlg_weekly,string,,Weekly,毎週,
dlg_monthly,string,,Monthly,毎月,
dlg_yearly,string,,Yearly,毎年,
dlg_default,string,,Default,デフォルト,
dlg_toggle,string,,Toggle,切り替え,
dlg_more_information,string,,More information,詳細情報,
dlg_navigate,string,,Navigate,移動,
dlg_url,string,,URL,URL,
dlg_home,string,,Home,ホーム,
dlg_rooms,string,,Rooms,部屋,
dlg_energy,string,,Energy,エネルギー,
dlg_climate,string,,Climate,空調,
dlg_security,string,,Security,セキュリティ,
dlg_battery,string,,Battery,バッテリー,
dlg_settings,string,,Settings,設定,
dlg_room_value,string,,Room · %1$s,部屋・%1$s,keep %1$s
dlg_could_not_load_home_assistant_actions,string,,Could not load Home Assistant actions,Home Assistantのアクションを読み込めませんでした,don't translate Home Assistant
dlg_show_entity_default_this_one,string,,Show entity (default: this one),エンティティを表示（デフォルト: これ）,
dlg_target_entity_default_this_one,string,,Target entity (default: this one),対象エンティティ（デフォルト: これ）,
dlg_select_destination,string,,Select destination,移動先を選択,
dlg_choose_target,string,,Choose target,対象を選択,
dlg_target_and_action_data,string,,Target and action data,対象とアクションデータ,
dlg_tap,string,,Tap,タップ,
dlg_hold,string,,Hold,長押し,
dlg_double_tap,string,,Double tap,ダブルタップ,
dlg_alarm_disarmed,string,,Disarmed,警戒解除済み,
dlg_alarm_armed_home,string,,Armed home,在宅警戒中,
dlg_alarm_armed_away,string,,Armed away,外出警戒中,
dlg_alarm_armed_night,string,,Armed night,夜間警戒中,
dlg_alarm_armed_vacation,string,,Armed vacation,休暇警戒中,
dlg_alarm_armed_custom,string,,Armed (custom),警戒中（カスタム）,
dlg_alarm_arming,string,,Arming…,警戒設定中…,
dlg_alarm_disarming,string,,Disarming…,警戒解除中…,
dlg_alarm_triggered,string,,TRIGGERED,作動中,
dlg_alarm_disarmed_message,string,,Alarm disarmed,警報解除済み,
dlg_alarm_command,string,,Alarm command,アラームコマンド,
dlg_alarm_command_accepted,string,,%1$s accepted,%1$sを受け付けました,keep %1$s
dlg_alarm_command_failed,string,,Command failed. Check the code and try again.,コマンドが失敗しました。コードを確認して再試行してください。,
dlg_alarm_arming_cancelled,string,,Arming cancelled,警戒設定をキャンセルしました,
dlg_alarm_cancel_failed,string,,Cancellation failed. Check the code and try again.,キャンセルに失敗しました。コードを確認して再試行してください。,
dlg_alarm_arm_home,string,,Arm home,在宅警戒,
dlg_alarm_arm_away,string,,Arm away,外出警戒,
dlg_alarm_arm_night,string,,Arm night,夜間警戒,
dlg_alarm_arm_custom,string,,Arm custom,カスタム警戒,
dlg_alarm_arm_vacation,string,,Arm vacation,休暇警戒,
dlg_alarm_disarm,string,,Disarm,警戒解除,
dlg_room_configuration,string,,Room configuration,部屋の設定,
dlg_choose_room_area_to_configure,string,,Choose a room area to configure,設定する部屋エリアを選択,
dlg_focused_room_options,string,,Options for this room area,この部屋エリアのオプション,
dlg_general,string,,General,一般,
dlg_name_and_icon,string,,Name and icon,名前とアイコン,
dlg_header,string,,Header,ヘッダー,
dlg_wallpaper_and_custom_color,string,,Wallpaper and custom color,壁紙とカスタムカラー,
dlg_badge_bar,string,,Badge bar,バッジバー,
dlg_alignment_and_display_options,string,,Alignment and display options,配置と表示オプション,
dlg_assign_room_to_floor,string,,Assign this room to a floor,この部屋を階に割り当てる,
dlg_room_status,string,,Room status,部屋のステータス,
dlg_room_status_summary,string,,"Media, activity, safety, and climate indicators",メディア、動作、安全、空調のインジケーター,
dlg_reimport_from_home_assistant,string,,Re-import from Home Assistant,Home Assistantから再インポート,don't translate Home Assistant
dlg_import_or_rebuild_rooms,string,,Import new rooms or rebuild every room,新しい部屋をインポートするか、すべての部屋を再構築,
dlg_clear_rooms_view_action,string,,Clear rooms view,部屋ビューをクリア,
dlg_remove_imported_rooms_and_floors,string,,Remove imported rooms and floors,インポート済みの部屋と階を削除,
dlg_room,string,,Room,部屋,
dlg_split,string,,Split,分割,
dlg_center,string,,Center,中央,
dlg_doors,string,,Doors,ドア,
dlg_windows,string,,Windows,窓,
dlg_motion,string,,Motion,動体検知,
dlg_presence,string,,Presence,在室検知,
dlg_lights,string,,Lights,ライト,
dlg_devices,string,,Devices,デバイス,
dlg_smoke,string,,Smoke,煙,
dlg_gas,string,,Gas,ガス,
dlg_fire,string,,Fire,火災,
dlg_full,string,,Full,全幅,
dlg_half,string,,Half,半分,
dlg_third,string,,Third,3分の1,
dlg_choose_vacuum_entity_instead,string,,Choose a vacuum entity instead,代わりに掃除機エンティティを選択,
dlg_camera_live_page,string,,%1$d/%2$d · Live,%1$d/%2$d・ライブ,keep %1$d %2$d
dlg_weather,string,,Weather,天気,
dlg_weather_and_season,string,,%1$s · %2$s,%1$s・%2$s,keep %1$s %2$s
dlg_weather_state_clear_night,string,,Clear night,快晴（夜）,
dlg_weather_state_cloudy,string,,Cloudy,くもり,
dlg_weather_state_exceptional,string,,Exceptional,異常気象,
dlg_weather_state_fog,string,,Fog,霧,
dlg_weather_state_hail,string,,Hail,ひょう,
dlg_weather_state_lightning,string,,Lightning,雷,
dlg_weather_state_lightning_rainy,string,,Thunderstorms,雷雨,
dlg_weather_state_partly_cloudy,string,,Partly cloudy,晴れ時々曇り,
dlg_weather_state_pouring,string,,Pouring rain,大雨,
dlg_weather_state_rainy,string,,Rainy,雨,
dlg_weather_state_snowy,string,,Snowy,雪,
dlg_weather_state_snowy_rainy,string,,Sleet,みぞれ,
dlg_weather_state_sunny,string,,Sunny,晴れ,
dlg_weather_state_windy,string,,Windy,風あり,
dlg_weather_state_windy_variant,string,,Windy and cloudy,風あり・曇り,
dlg_selected_entities_summary,plural,one,%1$d selected · %2$s,,needs translation; keep %1$d %2$s
dlg_selected_entities_summary,plural,other,%1$d selected · %2$s,%1$d が選択されました · %2$s,keep %1$d %2$s
dlg_action_data_value_summary,plural,one,%1$s · %2$d data value,,needs translation; keep %1$s %2$d
dlg_action_data_value_summary,plural,other,%1$s · %2$d data values,%1$s · %2$d データ値,keep %1$s %2$d
dlg_seconds_short,plural,one,%d sec,,needs translation; keep %d
dlg_seconds_short,plural,other,%d sec,%d 秒,keep %d
dlg_arming_in_seconds,plural,one,Arming in %d second,,needs translation; keep %d
dlg_arming_in_seconds,plural,other,Arming in %d seconds,%d 秒後に作動します,keep %d
energy_extra_sensors,string,,Energy sensors,エネルギーセンサー,
energy_extra_settings,string,,Energy settings,エネルギー設定,
energy_extra_previous_period,string,,Previous period,前の期間,
energy_extra_next_period,string,,Next period,次の期間,
energy_extra_empty_view_hint,string,,This energy view is empty. Swipe down on the header and open Energy settings to add entities manually.,このエネルギービューは空です。ヘッダーを下にスワイプし、エネルギー設定を開いてエンティティを手動で追加してください。,
energy_extra_electricity,string,,Electricity,電力,
energy_extra_solar,string,,Solar,太陽光,
energy_extra_home,string,,Home,ホーム,
energy_extra_battery,string,,Battery,バッテリー,
energy_extra_gas,string,,Gas,ガス,
energy_extra_city_heating,string,,City heating,都市暖房,
energy_extra_water,string,,Water,水,
energy_extra_energy,string,,Energy,エネルギー,
energy_extra_power,string,,Power,電源,
energy_extra_carbon,string,,Carbon,炭素,
energy_extra_devices,string,,Devices,デバイス,
energy_extra_device,string,,Device,デバイス,
energy_extra_importing,string,,Importing,輸入中,
energy_extra_exporting,string,,Exporting,輸出中,
energy_extra_idle,string,,Idle,待機中,
energy_extra_charging,string,,Charging,充電中,
energy_extra_discharging,string,,Discharging,放電中,
energy_extra_producing,string,,Producing,発電中,
energy_extra_consuming,string,,Consuming,消費中,
energy_extra_grid_idle,string,,Grid idle,系統待機中,
energy_extra_importing_power,string,,Importing power,電力輸入中,
energy_extra_exporting_power,string,,Exporting power,電力輸出中,
energy_extra_battery_supporting,string,,Battery supplying power,バッテリーから電力供給中,
energy_extra_battery_charging,string,,Battery charging,バッテリー充電中,
energy_extra_solar_producing,string,,Solar producing,太陽光発電中,
energy_extra_home_consuming,string,,Home consuming,家庭消費中,
energy_extra_energy_idle,string,,Energy idle,エネルギー待機中,
energy_extra_today_value,string,,%1$s today,本日 %1$s,keep %1$s
energy_extra_used_period,string,,Used %1$s,%1$s使用,keep %1$s
energy_extra_produced_period,string,,Produced %1$s,%1$s発電,keep %1$s
energy_extra_fossil_percentage,string,,%1$s%% fossil,化石燃料 %1$s%%,keep %1$s
energy_extra_self_used_percentage,string,,Self-used · %1$d%%,自家消費・%1$d%%,keep %1$d
energy_extra_electricity_total,string,,Electricity total,電力合計,
energy_extra_top_consumers,string,,Top consumers,消費量上位,
energy_extra_device_energy,string,,Device energy,デバイスエネルギー,
energy_extra_individual_water_usage,string,,Individual water usage,個別の水道使用量,
energy_extra_production,string,,Production,発電,
energy_extra_forecast,string,,Forecast,予報,
energy_extra_inverters,string,,Inverters,インバーター,
energy_extra_now,string,,Now,現在,
energy_extra_usage,string,,Usage,使用量,
energy_extra_total,string,,Total,合計,
energy_extra_cost,string,,Cost,コスト,
energy_extra_charge,string,,Charge,充電,
energy_extra_grid_flow,string,,Grid flow,系統の流れ,
energy_extra_self_sufficient,string,,Self-sufficient,自給率,
energy_extra_carbon_footprint,string,,Carbon footprint,カーボンフットプリント,
energy_extra_self_used,string,,Self-used,自家消費,
energy_extra_last_seven_days,string,,Last 7 days,過去7日間,
energy_extra_lifetime,string,,Lifetime,累計,
energy_extra_power_per_phase,string,,Power per phase,相ごとの電力,
energy_extra_tariff_meter_readings,string,,Tariff meter readings,料金メーター表示,
energy_extra_tariff_one,string,,Tariff 1,料金1,
energy_extra_tariff_two,string,,Tariff 2,料金2,
energy_extra_solar_production,string,,Solar production,太陽光発電量,
energy_extra_category_overview,string,,Overview,概要,
energy_extra_category_electricity_subtitle,string,,"Grid power, phases, import/export, tariffs, and cost",系統電力、相、輸入/輸出、料金、コスト,
energy_extra_category_solar_subtitle,string,,"Production, forecast, and inverter device",発電、予測、インバーターデバイス,
energy_extra_category_battery_subtitle,string,,Charge level and battery power,充電レベルとバッテリー電力,
energy_extra_category_carbon_subtitle,string,,Grid carbon-footprint device,系統のカーボンフットプリントデバイス,
energy_extra_category_usage_cost_subtitle,string,,Usage and cost,使用量とコスト,
energy_extra_category_devices_subtitle,string,,"Power, energy, and individual water devices",電力、エネルギー、個別の水道デバイス,
energy_extra_category_city_heating_subtitle,string,,"Heat energy, current output, and cost",熱エネルギー、電流出力、コスト,
energy_extra_card_live_source_tiles,string,,Live source tiles,ライブソースタイル,
energy_extra_card_electricity_totals_usage,string,,Electricity totals and usage,電力の合計と使用量,
energy_extra_card_home_battery,string,,Home battery,家庭用バッテリー,
energy_extra_card_gas_usage,string,,Gas usage,ガス使用量,
energy_extra_card_city_heating_usage,string,,City-heating usage,都市暖房の使用,
energy_extra_card_water_usage,string,,Water usage,水道使用量,
energy_extra_card_device_energy_bars,string,,Device energy bars,デバイス別エネルギーバー,
energy_extra_select_energy_cards,string,,Select energy cards,エネルギーカードを選択,
energy_extra_role_grid_power,string,,Grid power (W),系統電力 (W),
energy_extra_role_home_power,string,,Home power (W),家庭電力 (W),
energy_extra_role_solar_power,string,,Solar power (W),太陽光電力 (W),
energy_extra_role_battery_power,string,,Battery power (W),バッテリー電力 (W),
energy_extra_role_battery_level,string,,Battery level (%),バッテリー残量 (%),
energy_extra_role_grid_import,string,,Grid import (kWh),系統輸入 (kWh),
energy_extra_role_grid_export,string,,Grid export (kWh),系統輸出 (kWh),
energy_extra_role_solar_production,string,,Solar production (kWh),太陽光発電量 (kWh),
energy_extra_role_phase_one_power,string,,Phase 1 power,相1電力,
energy_extra_role_phase_two_power,string,,Phase 2 power,相2電力,
energy_extra_role_phase_three_power,string,,Phase 3 power,相3電力,
energy_extra_role_import_meter_tariff_one,string,,Import meter tariff 1,輸入メーター料金1,
energy_extra_role_import_meter_tariff_two,string,,Import meter tariff 2,輸入メーター料金2,
energy_extra_role_export_meter_tariff_one,string,,Export meter tariff 1,輸出メーター料金1,
energy_extra_role_export_meter_tariff_two,string,,Export meter tariff 2,輸出メーター料金2,
energy_extra_role_energy_cost,string,,Energy cost,エネルギーコスト,
energy_extra_role_gas_total,string,,Gas total (m³),ガス合計 (m³),
energy_extra_role_gas_flow_now,string,,Gas flow (now),ガス流量（現在）,
energy_extra_role_gas_cost,string,,Gas cost,ガスコスト,
energy_extra_role_water_total,string,,Water total,水道合計,
energy_extra_role_water_flow_now,string,,Water flow (now),水量（現在）,
energy_extra_role_water_cost,string,,Water cost,水道コスト,
energy_extra_role_individual_water_devices,string,,Individual water devices,個別の水道デバイス,
energy_extra_role_power_devices,string,,Power devices,電力デバイス,
energy_extra_role_energy_devices,string,,Energy devices,エネルギーデバイス,
energy_extra_sensor_current_power_import,string,,"Current power (W, + = import)",現在の電力 (W、+ = 輸入),
energy_extra_sensor_power_phase_one,string,,Power phase 1 (W),相1電力 (W),
energy_extra_sensor_power_phase_two,string,,Power phase 2 (W),相2電力 (W),
energy_extra_sensor_power_phase_three,string,,Power phase 3 (W),相3電力 (W),
energy_extra_sensor_current_phase_one,string,,Current phase 1 (A),相1電流 (A),
energy_extra_sensor_current_phase_two,string,,Current phase 2 (A),相2電流 (A),
energy_extra_sensor_current_phase_three,string,,Current phase 3 (A),相3電流 (A),
energy_extra_sensor_voltage_phase_one,string,,Voltage phase 1 (V),相1電圧 (V),
energy_extra_sensor_voltage_phase_two,string,,Voltage phase 2 (V),相2電圧 (V),
energy_extra_sensor_voltage_phase_three,string,,Voltage phase 3 (V),相3電圧 (V),
energy_extra_sensor_home_consumption_power,string,,Home consumption power (W),家庭消費電力 (W),
energy_extra_sensor_energy_import,string,,Energy import (kWh),エネルギー輸入 (kWh),
energy_extra_sensor_energy_import_tariff_one,string,,Energy import tariff 1 (kWh),エネルギー輸入料金1 (kWh),
energy_extra_sensor_energy_import_tariff_two,string,,Energy import tariff 2 (kWh),エネルギー輸入料金2 (kWh),
energy_extra_sensor_energy_export,string,,Energy export (kWh),エネルギー輸出 (kWh),
energy_extra_sensor_energy_export_tariff_one,string,,Energy export tariff 1 (kWh),エネルギー輸出料金1 (kWh),
energy_extra_sensor_energy_export_tariff_two,string,,Energy export tariff 2 (kWh),エネルギー輸出料金2 (kWh),
energy_extra_sensor_energy_cost_today,string,,Energy cost today,本日のエネルギーコスト,
energy_extra_sensor_current_power_production,string,,Current power production (W),現在の発電量 (W),
energy_extra_sensor_energy_production_today,string,,Energy production today (kWh),本日の発電量 (kWh),
energy_extra_sensor_energy_production_seven_days,string,,Energy production over the last 7 days,過去7日間の発電量,
energy_extra_sensor_lifetime_energy_production,string,,Lifetime energy production,累計発電量,
energy_extra_sensor_battery_power_charging,string,,"Battery power (W, + = charging)",バッテリー電力 (W、+ = 充電),
energy_extra_sensor_gas_used_today,string,,Gas used today (m³),本日のガス使用量 (m³),
energy_extra_sensor_current_gas_flow,string,,"Current gas flow (m³/h, optional)",現在のガス流量 (m³/h、任意),
energy_extra_sensor_gas_cost_today,string,,Gas cost today,本日のガスコスト,
energy_extra_sensor_city_heating_total,string,,Heat energy total (J/MJ/GJ/kWh),熱エネルギー合計(J/MJ/GJ/kWh),
energy_extra_sensor_city_heating_current,string,,Current heat output (optional),現在の熱出力 (オプション),
energy_extra_sensor_city_heating_cost,string,,City-heating cost,都市暖房費,
energy_extra_estimated_gas_equivalent,string,,Estimated gas equivalent,推定ガス相当量,
energy_extra_estimated_gas_note,string,,Based on 35.17 MJ per m³ of natural gas,天然ガス 1 m3 あたり 35.17 MJ に基づく,
energy_extra_sensor_water_used_today,string,,Water used today (L/m³),本日の水道使用量 (L/m³),
energy_extra_sensor_current_water_flow,string,,"Current water flow (L/min, optional)",現在の水量 (L/分、任意),
energy_extra_sensor_water_cost_today,string,,Water cost today,本日の水道コスト,
energy_extra_picker_top_consumer_devices,string,,Top-consumer devices,消費量上位デバイス,
energy_extra_picker_device_energy_counters,string,,Device energy counters,デバイスエネルギーカウンター,
energy_extra_auto_power_sensors_help,string,,All sensors with device_class power are included automatically. Remove a device to create your own list.,device_classがpowerのセンサーはすべて自動的に含まれます。デバイスを削除すると独自のリストを作成できます。,
energy_extra_auto_energy_sensors_help,string,,All sensors with device_class energy are included automatically. Their counter changes are used for the selected period.,device_classがenergyのセンサーはすべて自動的に含まれます。選択した期間ではカウンターの変化量が使用されます。,
energy_extra_currency,string,,Currency,通貨,
energy_extra_currency_subtitle,string,,Which currency the cost stats are shown in,コスト統計がどの通貨で表示されるか,
energy_extra_currency_search,string,,Search currencies,通貨を検索する,
energy_extra_currency_automatic,string,,Automatic,自動,
energy_extra_currency_automatic_subtitle,string,,"Follow your cost sensors, then your device region",コストセンサーに従って、次にデバイスの地域に従ってください,
energy_extra_currency_automatic_value,string,,Automatic (%1$s),自動 (%1$s),keep %1$s
energy_extra_currency_manual_value,string,,%1$s (%2$s),%1$s (%2$s),keep %1$s %2$s
energy_extra_energy_card,string,,Energy card,エネルギーカード,
energy_extra_energy_card_subtitle,string,,Data sources and card appearance,データソースとカードの外観,
energy_extra_card_and_data,string,,Card and data,カードとデータ,
energy_extra_energy_stack,string,,Energy stack,エネルギースタック,
energy_extra_energy_stack_subtitle,string,,"Cards, data sources, and layout",カード、データソース、レイアウト,
energy_extra_cards_and_data,string,,Cards and data,カードとデータ,
events_tab,string,,Events,イベント,
events_empty,string,,No events yet,まだイベントはありません,
events_empty_hint,string,,Recent activity for the entities your family admin added to the timeline appears here.,ファミリー管理者がタイムラインに追加したエンティティの最近のアクティビティがここに表示されます。,
events_not_configured,string,,No events are being tracked,イベントは追跡されていません,
events_not_configured_admin,string,,Choose which entities appear here in Settings › Family Sharing › Events.,ここで [設定] › [ファミリー共有] › [イベント] に表示されるエンティティを選択します。,
events_not_configured_member,string,,Your family admin decides which entities appear here.,ここに表示されるエンティティはファミリー管理者が決定します。,
events_unavailable,string,,The event timeline needs HKI 7 Cloud %1$s.,イベント タイムラインには HKI 7 Cloud %1$s が必要です。,keep %1$s; don't translate HKI 7 Cloud
events_set_up_button,string,,Choose entities,エンティティの選択,
events_no_matches,string,,No matching events,一致するイベントはありません,
events_loading,string,,Loading events…,イベントを読み込み中…,
events_today,string,,Today,今日,
events_yesterday,string,,Yesterday,昨日,
events_by,string,,by %1$s,%1$s 著,keep %1$s
events_filter_all,string,,All,すべて,
event_category_door,string,,Doors,ドア,
event_category_window,string,,Windows,窓,
event_category_motion,string,,Motion,動体検知,
event_category_moisture,string,,Water,水,
event_category_safety,string,,Smoke & gas,煙とガス,
event_category_problem,string,,Problems,問題点,
event_category_battery,string,,Batteries,バッテリー,
event_category_connectivity,string,,Connectivity,接続性,
event_category_light,string,,Lights,ライト,
event_category_switch,string,,Switches,スイッチ,
event_category_lock,string,,Locks,ロック,
event_category_cover,string,,Covers,カバー,
event_category_climate,string,,Climate,空調,
event_category_presence,string,,People,人物,
event_category_alarm,string,,Alarm,警報,
event_category_media,string,,Media,メディア,
event_category_vacuum,string,,Vacuum,掃除機,
event_category_automation,string,,Automations,自動化,
event_category_sensor,string,,Sensors,センサー,
event_verb_opened,string,,was opened,開かれた,
event_verb_closed,string,,was closed,閉まっていた,
event_verb_opening,string,,is opening,開いています,
event_verb_closing,string,,is closing,閉店しています,
event_verb_locked,string,,was locked,ロックされていました,
event_verb_unlocked,string,,was unlocked,ロックが解除されました,
event_verb_motion_detected,string,,detected motion,検出された動き,
event_verb_motion_cleared,string,,stopped detecting motion,動きの検出を停止しました,
event_verb_moisture_detected,string,,detected moisture,検出された湿気,
event_verb_moisture_cleared,string,,is dry again,また乾いた,
event_verb_alarm_detected,string,,raised an alarm,警報を発した,
event_verb_alarm_cleared,string,,cleared,クリアされた,
event_verb_problem_detected,string,,reported a problem,問題を報告しました,
event_verb_problem_cleared,string,,is back to normal,正常に戻りました,
event_verb_battery_low,string,,reported a low battery,バッテリー残量低下を報告しました,
event_verb_battery_normal,string,,has a healthy battery again,バッテリーが再び健全になりました,
event_verb_connected,string,,came online,オンラインになりました,
event_verb_disconnected,string,,went offline,オフラインになりました,
event_verb_turned_on,string,,was turned on,オンになりました,
event_verb_turned_off,string,,was turned off,オフになった,
event_verb_detected,string,,was triggered,引き起こされた,
event_verb_cleared,string,,cleared,クリアされた,
event_verb_arrived_home,string,,arrived home,家に到着しました,
event_verb_left_home,string,,left home,家を出た,
event_verb_arrived_at,string,,arrived at %1$s,%1$s に到着しました,keep %1$s
event_verb_disarmed,string,,was disarmed,武装解除された,
event_verb_armed,string,,was armed,武装していた,
event_verb_arming,string,,is arming,武装しています,
event_verb_pending,string,,is counting down,カウントダウン中です,
event_verb_triggered,string,,was triggered,引き起こされた,
event_verb_set_to,string,,was set to %1$s,%1$s に設定されました,keep %1$s
event_verb_started_cleaning,string,,started cleaning,掃除を始めた,
event_verb_returning_to_dock,string,,is returning to its dock,ドックに戻っています,
event_verb_docked,string,,docked,ドッキングされた,
event_verb_started_playing,string,,started playing,遊び始めた,
event_verb_paused,string,,was paused,一時停止されました,
event_verb_stopped,string,,stopped,止まった,
event_verb_generic,string,,changed to %1$s,%1$s に変更されました,keep %1$s
ui_0f_s_788ca6f,string,,%.0f %s,%.0f %s,keep %.0f %s
ui_1_advanced_shorthand_block_kept_unchanged_d4dcbd7,string,,1 advanced shorthand block (kept unchanged),高度なショートハンドブロック1件（変更なし）,
ui_1f_16b5d7d,string,,%.1f,%.1f,keep %.1f
ui_1f_b07a377,string,,%.1f°,%.1f°,keep %.1f
ui_1f_c_5b83308,string,,%.1f °C,%.1f °C,keep %.1f
ui_1f_kwh_507c039,string,,%.1f kWh,%.1f kWh,keep %.1f
ui_1f_kwh_self_used_b4798a5,string,, · %%.1f kWh self-used (%1$s%%%%), ・%%.1f kWh自家消費 (%1$s%%%%),keep %1$s; keep the space at the start/end
ui_1f_of_1f_kwh_d_00c25f6,string,,%.1f of %.1f kWh · %d%%,%.1f / %.1f kWh・%d%%,keep %.1f %d
ui_1f_s_0cafc63,string,,%.1f %s,%.1f %s,keep %.1f %s
ui_24_hour_format_b195a8f,string,,24-Hour Format,24時間形式,
ui_2f_kwh_76c1688,string,,%.2f kWh,%.2f kWh,keep %.2f
ui_a_fast_auto_generating_dashboard_for_home_assistant_let_0fad4a9,string,,"A fast, auto-generating dashboard for Home Assistant\nLet's connect to your server.",Home Assistant用の高速自動生成ダッシュボード\nサーバーに接続しましょう。,don't translate Home Assistant; \n = line break
ui_a_modern_touch_first_android_dashboard_and_companion_for_814cbdb,string,,"A modern, touch-first Android dashboard and companion for Home Assistant.",Home Assistant向けのモダンでタッチ操作に最適化されたAndroidダッシュボード兼コンパニオンアプリです。,don't translate Home Assistant
ui_about_6b21fb7,string,,About,情報,
ui_accidental_touch_protection_e2683f4,string,,Accidental-touch protection,誤操作防止,
ui_account_85dfa32,string,,Account,アカウント,
ui_action_49924bc,string,,%1$s action,アクション%1$s件,keep %1$s
ui_action_97c89a4,string,,Action,アクション,
ui_action_data_e5a7704,string,,Action data,アクションデータ,
ui_action_data_object_8850c05,string,,Action data object,アクションデータオブジェクト,
ui_action_details_d623b1c,string,,Action details,アクション詳細,
ui_active_0af2854,string,,%1$s · %2$s active,%1$s・%2$s件が有効,keep %1$s %2$s
ui_active_25ff32f,string,,%1$s/%2$s active,%1$s/%2$s 有効,keep %1$s %2$s
ui_active_a733b80,string,,Active,作動中,
ui_active_c7260b5,string,,%1$s%% • ACTIVE,%1$s%% • 作動中,keep %1$s
ui_active_connection_54db7a1,string,,Active connection,アクティブな接続,
ui_activity_81c0d91,string,,Activity,アクティビティ,
ui_activity_indication_and_collapsing_0764a94,string,,Activity indication and collapsing,アクティビティ表示と折りたたみ,
ui_adapt_now_c30eb08,string,,Adapt now,今すぐ適応,
ui_adaptive_lighting_7587880,string,,Adaptive lighting,アダプティブ照明,
ui_adaptive_lighting_e2cffbd,string,,Adaptive Lighting,アダプティブ照明,
ui_adaptive_lighting_is_unavailable_6b9ada3,string,,Adaptive Lighting is unavailable,アダプティブ照明は利用できません,
ui_add_016df71,string,,Add (%1$s),追加 (%1$s),keep %1$s
ui_add_4_10_entity_buttons_to_this_dialog_s_cdedf23,string,,Add 4–10 entity buttons to this dialog's nav bar.,このダイアログのナビゲーションバーに4〜10個のエンティティボタンを追加します。,
ui_add_61cc55a,string,,Add,追加,
ui_add_and_edit_each_chart_in_this_stack_0c0cb11,string,,Add and edit each chart in this stack,このスタック内の各グラフを追加・編集,
ui_add_at_least_one_step_3620909,string,,Add at least one step,少なくとも1つのステップを追加してください,
ui_add_button_3d7db43,string,,Add button,ボタンを追加,
ui_add_camera_cf03528,string,,Add Camera,カメラを追加,
ui_add_carrier_device_7945283,string,,Add carrier device,配送業者デバイスを追加,
ui_add_current_network_64cabf3,string,,"Add current network ""%1$s""",現在のネットワーク「%1$s」を追加,keep %1$s
ui_add_custom_buttons_83a0768,string,,Add Custom Buttons,カスタムボタンを追加,
ui_add_custom_camera_url_aab29ef,string,,Add Custom Camera URL,カスタムカメラURLを追加,
ui_add_entities_333152e,string,,Add entities,エンティティを追加,
ui_add_entity_f99dc1d,string,,Add entity,エンティティを追加,
ui_add_every_integration_account_that_should_contribute_parce_ce58afb,string,,Add every integration account that should contribute parcels,荷物情報を提供するすべての統合アカウントを追加,
ui_add_floor_63c715d,string,,Add Floor,フロアを追加,
ui_add_graph_079e4ca,string,,Add graph,グラフを追加,
ui_add_home_assistant_a6ccea8,string,,Add Home Assistant,Home Assistantを追加,don't translate Home Assistant
ui_add_home_assistant_instance_625838a,string,,Add Home Assistant instance,Home Assistantインスタンスを追加,don't translate Home Assistant
ui_add_individual_water_meters_to_compare_their_usage_daec0de,string,,Add individual water meters to compare their usage.,個々の水道メーターを追加して使用量を比較します。,
ui_add_instance_step_df337b3,string,,add_instance_step,インスタンス追加ステップ,
ui_add_more_for_a_full_row_ed977e3,string,,Add %1$s more for a full row.,行を埋めるにはあと%1$s個追加してください。,keep %1$s
ui_add_one_focused_card_c2f2ed8,string,,Add one focused card,フォーカスカードを1つ追加,
ui_add_or_edit_entities_b59919b,string,,Add or edit entities,エンティティを追加・編集,
ui_add_parcel_82c0bf8,string,,Add parcel,荷物を追加,
ui_add_parcel_bde8afb,string,,Add Parcel,荷物を追加,
ui_add_room_5a95991,string,,Add Room,部屋を追加,
ui_add_sensors_d6df16f,string,,Add sensors,センサーを追加,
ui_add_to_cd52e85,string,,Add to %1$s,%1$sに追加,keep %1$s
ui_add_widget_a9df350,string,,Add Widget,ウィジェットを追加,
ui_add_widget_dd4416e,string,,Add widget,ウィジェットを追加,
ui_adding_ffb2e62,string,,Adding…,追加中…,
ui_admin_b38222e,string,,%1$s (admin),%1$s (管理者),keep %1$s
ui_administrative_controls_for_your_home_assistant_server_e56ebd9,string,,Administrative controls for your Home Assistant server,Home Assistantサーバーの管理者向けコントロール,don't translate Home Assistant
ui_advanced_4d06472,string,,Advanced,詳細設定,
ui_advanced_action_data_json_622e363,string,,Advanced action data (JSON),詳細アクションデータ（JSON）,
ui_advanced_shorthand_blocks_kept_unchanged_aa253ae,string,,%1$s advanced shorthand blocks (kept unchanged),高度なショートハンドブロック%1$s件（変更なし）,keep %1$s
ui_aesthetic_changes_only_f31f444,string,,Aesthetic changes only,見た目のみの変更,
ui_aggregate_carriers_eae26c7,string,,Aggregate carriers,配送業者を集約,
ui_agree_ee68d34,string,,Agree,同意する,
ui_air_circulating_273e82b,string,,Air circulating,送風中,
ui_air_circulation_devices_a14e95d,string,,Air circulation devices,送風デバイス,
ui_air_cleaning_devices_4364277,string,,Air cleaning devices,空気清浄デバイス,
ui_air_purifiers_476147b,string,,Air purifiers,空気清浄機,
ui_air_purifiers_are_fan_entities_in_home_assistant_so_3fa4fdb,string,,"Air purifiers are fan entities in Home Assistant, so they can't be auto-detected. Select yours here.",空気清浄機はHome Assistantではファンエンティティのため、自動検出できません。ここで選択してください。,don't translate Home Assistant
ui_airphase_1f2d2b6,string,,airPhase,airPhase,
ui_alarm_25f8c55,string,,Alarm,警報,
ui_alarm_entities_b462ba5,string,,Alarm entities,アラームエンティティ,
ui_alarm_pending_e2c04aa,string,,Alarm pending,警報保留中,
ui_alarm_triggered_641ff6f,string,,Alarm triggered,警報発報,
ui_alarm_unavailable_867909b,string,,Alarm unavailable,警報が利用できません,
ui_alignment_7f8c517,string,,Alignment,配置,
ui_all_6a72085,string,,All,すべて,
ui_all_batteries_ok_9676f73,string,,All batteries OK,すべてのバッテリーは正常です,
ui_all_calendar_entities_bffb01d,string,,All calendar entities,すべてのカレンダーエンティティ,
ui_all_levels_6b4fde3,string,,All levels,すべてのレベル,
ui_all_off_97b7833,string,,All off,すべてオフ,
ui_all_thermostats_59c8297,string,,All thermostats,すべてのサーモスタット,
ui_all_types_30c8a0f,string,,All types,すべての種類,
ui_allow_all_the_time_d91ab85,string,,Allow All The Time,常に許可,
ui_allow_editing_24f2b54,string,,Allow editing,編集を許可,
ui_allow_theme_colors_icons_names_and_wallpaper_but_not_efc8a97,string,,"Allow theme, colors, icons, names and wallpaper — but not adding or removing widgets, buttons or rooms",テーマ、色、アイコン、名前、壁紙は許可しますが、ウィジェット・ボタン・部屋の追加や削除は許可しません,
ui_always_a91bcce,string,,Always,常に,
ui_an_admin_can_share_one_dashboard_with_the_whole_5a5434d,string,,"An admin can share one dashboard with the whole family so everyone gets the same layout. To use it, an admin needs to install the HKI 7 Cloud component and share a dashboard first.",管理者は1つのダッシュボードを家族全員と共有し、同じレイアウトを見せることができます。利用するには、管理者がHKI 7 Cloudコンポーネントをインストールし、先にダッシュボードを共有する必要があります。,don't translate HKI 7 Cloud
ui_an_admin_needs_to_install_the_hki_7_cloud_0e9241b,string,,An admin needs to install the HKI 7 Cloud component and share a dashboard first.,管理者がHKI 7 Cloudコンポーネントをインストールし、先にダッシュボードを共有する必要があります。,don't translate HKI 7 Cloud
ui_android_location_permission_2ff3839,string,,Android Location Permission,Androidの位置情報の権限,
ui_animated_icons_aa39cfe,string,,Animated icons,アイコンのアニメーション,
ui_animation_62afd21,string,,Animation,アニメーション,
ui_announced_letter_3a7ac05,string,,Announced letter,通知済みの手紙,
ui_any_state_c7274cb,string,,Any state,任意の状態,
ui_appearance_41def7a,string,,Appearance,外観,
ui_applies_to_all_dashboard_buttons_widgets_stacks_rooms_and_9715deb,string,,"Applies to all dashboard buttons, widgets, stacks, rooms, and cards.",すべてのダッシュボードのボタン、ウィジェット、スタック、部屋、カードに適用されます。,
ui_apply_cfea419,string,,Apply,適用,
ui_archived_eddc813,string,,Archived,アーカイブ済み,
ui_are_you_sure_you_want_to_clear_battery_config_3e19f24,string,,Are you sure you want to clear battery config?,バッテリー設定をクリアしてもよろしいですか?,
ui_armed_32caa31,string,,Armed,警戒中,
ui_armed_away_6834abf,string,,Armed away,外出警戒中,
ui_armed_home_c8d0b44,string,,Armed home,在宅警戒中,
ui_armed_night_80659bd,string,,Armed night,夜間警戒中,
ui_arming_in_seconds_b9e07a8,string,,Arming in %1$s seconds,%1$s秒後に警戒を開始します,keep %1$s
ui_aspect_ratio_4e077cf,string,,Aspect ratio,アスペクト比,
ui_aspect_ratio_used_by_every_stream_275bb52,string,,Aspect ratio used by every stream,すべてのストリームで使用するアスペクト比,
ui_astronomical_tap_or_swipe_683fe28,string,,Astronomical · tap or swipe,天文・タップまたはスワイプ,
ui_at_target_6a8dbb5,string,,At target,目標達成,
ui_auto_c614ba7,string,,Auto,自動,
ui_auto_dashboard_c7a509a,string,,Auto dashboard,自動ダッシュボード,
ui_auto_discovered_e0643da,string,,Auto-discovered,自動検出済み,
ui_auto_generate_0f86c24,string,,Auto Generate,自動生成,
ui_auto_generate_1502534,string,,Auto generate,自動生成,
ui_auto_generation_is_a_one_time_starting_point_the_6b317fe,string,,"Auto generation is a one-time starting point. The Home page starts empty in either mode, and you can re-import Home Assistant data later from individual views.",自動生成は最初の一度だけの出発点です。ホームページはどちらのモードでも空の状態から始まり、後で各ビューから個別にHome Assistantのデータを再インポートできます。,don't translate Home Assistant
ui_auto_manual_342b68e,string,,Auto + %1$s manual,自動 + 手動%1$s件,keep %1$s
ui_auto_none_f606e9b,string,,Auto / none,自動 / なし,
ui_auto_scan_150eb4b,string,,Auto-scan,自動スキャン,
ui_auto_unavailable_33737ba,string,,Auto / unavailable,自動 / 利用不可,
ui_automatic_cloud_backup_494d882,string,,Automatic cloud backup,自動クラウドバックアップ,
ui_automatic_configuration_only_battery_class_percentage_sens_ce9ab03,string,,Automatic configuration: only battery-class percentage sensors are included.,自動設定: バッテリークラスのパーセンテージセンサーのみが含まれます。,
ui_automatic_local_cloud_backup_7aef407,string,,Automatic local cloud backup,自動ローカルクラウドバックアップ,
ui_automatic_paging_and_transition_style_792709a,string,,Automatic paging and transition style,自動ページングと切り替えスタイル,
ui_automatically_backs_up_your_dashboard_and_appearance_setti_cd89812,string,,"Automatically backs up your dashboard and appearance settings to your own Home Assistant every day, so you can restore them any time. Requires the HKI 7 Cloud custom component (install it via HACS).",毎日、ダッシュボードと外観設定を自分のHome Assistantへ自動的にバックアップし、いつでも復元できるようにします。HKI 7 Cloudカスタムコンポーネント(HACS経由でインストール)が必要です。,"don't translate HKI 7 Cloud, Home Assistant"
ui_automation_a15fde5,string,,Automation,オートメーション,
ui_automations_even_when_the_app_is_closed_or_not_d27e5b1,string,,"automations, even when the app is closed or not in use.\n\n",アプリが閉じている場合や使用していない場合でも、オートメーションを実行します。\n\n,\n = line break
ui_autoplay_95619b5,string,,Autoplay,自動再生,
ui_average_93a8018,string,,average,平均,
ui_azimuth_d2fbdb3,string,,Azimuth,方位角,
ui_back_b52b36b,string,,Back,戻る,
ui_back_up_now_527bf1a,string,,Back up now,今すぐバックアップ,
ui_background_image_url_or_path_dfc4908,string,,Background image (URL or path),背景画像 (URLまたはパス),
ui_background_location_5f56f21,string,,Background location,バックグラウンドでの位置情報,
ui_background_notifications_563a463,string,,Background notifications,バックグラウンド通知,
ui_background_usage_fd8ed73,string,,Background Usage,バックグラウンド使用状況,
ui_backing_up_f600558,string,,Backing up…,バックアップ中…,
ui_backspace_88d130a,string,,Backspace,バックスペース,
ui_backup_and_restore_a593246,string,,Backup and Restore,バックアップと復元,
ui_backup_dd96994,string,,Backup,バックアップ,
ui_backups_contain_dashboard_and_appearance_configuration_onl_d5856be,string,,"Backups contain dashboard and appearance configuration only. Connection details, app permissions, location state, and notification history are not included.",バックアップにはダッシュボードと外観の設定のみが含まれます。接続情報、アプリの権限、位置情報の状態、通知履歴は含まれません。,
ui_badge_bar_layout_4b4dfdd,string,,Badge bar layout,バッジバーのレイアウト,
ui_bars_ad5fb3b,string,,Bars,バー,
ui_batt_679d0aa,string,,Batt,バッテリー,
ui_batteries_0970f9d,string,,Batteries,バッテリー,
ui_battery_4a9be04,string,,Battery,バッテリー,
ui_battery_74dff99,string,,Battery: %1$s,バッテリー: %1$s,keep %1$s
ui_battery_attention_0feaa08,string,,battery-attention,battery-attention,
ui_battery_battery_notes_only_14e5936,string,,Battery+ / Battery Notes only,Battery+ / バッテリーメモのみ,
ui_battery_energy_25638f8,string,,battery-energy,battery-energy,
ui_battery_entities_visible_9299588,string,,%1$s battery entities visible,%1$s件のバッテリーエンティティを表示,keep %1$s
ui_battery_fill_8b6793e,string,,battery-fill,battery-fill,
ui_battery_health_12c0ce4,string,,BATTERY HEALTH,バッテリーの状態,
ui_battery_health_8cc8e64,string,,BATTERY+ HEALTH,BATTERY+の状態,
ui_battery_level_is_healthy_1de4c4f,string,,Battery level is healthy,バッテリー残量は良好です,
ui_battery_levels_7c61b65,string,,Battery Levels,バッテリー残量,
ui_battery_optimization_7676ca5,string,,Battery Optimization,バッテリー最適化,
ui_battery_orbit_9aa5d8c,string,,battery-orbit,battery-orbit,
ui_battery_rules_be75b3c,string,,Battery rules,バッテリールール,
ui_battery_sensor_optional_0e261e6,string,,Battery sensor (optional),バッテリーセンサー (任意),
ui_behavior_70cb647,string,,Behavior,動作,
ui_birthday_yyyy_mm_dd_d1a9b03,string,,Birthday (YYYY-MM-DD),誕生日 (YYYY-MM-DD),
ui_bold_100_1b94255,string,,Bold (+100),太字 (+100),
ui_bolder_200_9cc5d65,string,,Bolder (+200),より太い (+200),
ui_boldest_300_c5a490d,string,,Boldest (+300),最も太い (+300),
ui_boldness_10b6938,string,,Boldness · %1$s,太さ・%1$s,keep %1$s
ui_brand_and_third_party_work_8d6d517,string,,Brand and third-party work,ブランドおよびサードパーティの成果物,
ui_brightness_222d6d5,string,,%1$s brightness,明るさ %1$s,keep %1$s
ui_brightness_8e06ad0,string,,BRIGHTNESS,明るさ,
ui_brightness_slider_a427c80,string,,Brightness slider,明るさスライダー,
ui_build_the_interface_entirely_your_way_e94582f,string,,Build the interface entirely your way.,自分好みにインターフェースを構築できます。,
ui_building_your_dashboard_2943961,string,,Building your dashboard,ダッシュボードを構築中,
ui_built_in_20f409c,string,,Built-in,組み込み,
ui_button_794145f,string,,Button,ボタン,
ui_button_image_2483e32,string,,Button image,ボタン画像,
ui_button_lock_28d87b1,string,,Button lock,ボタンロック,
ui_button_stack_ee9e7f8,string,,Button Stack,ボタンスタック,
ui_button_type_890a578,string,,Button type,ボタンの種類,
ui_buttons_available_from_this_person_s_detail_dialog_ab3f9f9,string,,Buttons available from this person's detail dialog,この人物の詳細ダイアログで使用できるボタン,
ui_c_286a95c,string,,%1$s %2$s°C,%1$s %2$s°C,keep %1$s %2$s
ui_c_3d3c16f,string,,%1$s - %2$s°C,%1$s - %2$s°C,keep %1$s %2$s
ui_c_a178665,string,,°C,°C,
ui_calendar_content_1f185c8,string,,Calendar content,カレンダーの内容,
ui_calendars_9444501,string,,Calendars,カレンダー,
ui_camera_4da9c9a,string,,Camera,カメラ,
ui_camera_aspect_ratio_928bf09,string,,Camera aspect ratio,カメラのアスペクト比,
ui_camera_display_20a9c82,string,,Camera display,カメラ表示,
ui_camera_feed_cc1f19e,string,,Camera Feed,カメラ映像,
ui_camera_page_6b1987b,string,,camera_page,camera_page,
ui_camera_stack_645ea0f,string,,Camera Stack,カメラスタック,
ui_camera_url_0eebe87,string,,Camera URL,カメラURL,
ui_cameras_d3daff3,string,,Cameras,カメラ,
ui_camerascan_00bd2cb,string,,cameraScan,cameraScan,
ui_can_t_reach_the_server_73079bd,string,,Can't reach the server,サーバーに到達できません,
ui_cancel_77dfd21,string,,Cancel,キャンセル,
ui_cancel_arming_5d383c8,string,,Cancel arming,警戒設定をキャンセル,
ui_card_4d4ce73,string,,Card,カード,
ui_card_data_4a42176,string,,Card & data,カード & データ,
ui_card_entities_e548a55,string,,Card & entities,カード & エンティティ,
ui_card_layout_f83b655,string,,Card layout,カードレイアウト,
ui_card_settings_1a3b62a,string,,Card settings,カード設定,
ui_card_shape_and_width_0d513f7,string,,Card shape and width,カードの形状と幅,
ui_card_shape_width_and_background_e4aff1c,string,,"Card shape, width, and background",カードの形状、幅、背景,
ui_card_size_shape_and_background_df75707,string,,"Card size, shape, and background",カードのサイズ、形状、背景,
ui_card_width_icon_and_styling_de70fd8,string,,"Card width, icon, and styling",カードの幅、アイコン、スタイル,
ui_card_width_shape_icon_and_background_c3695b5,string,,"Card width, shape, icon, and background",カードの幅、形状、アイコン、背景,
ui_cards_0f830bc,string,,Cards,カード,
ui_cards_data_a33e044,string,,Cards & data,カード & データ,
ui_cards_entities_be4393a,string,,Cards & entities,カード & エンティティ,
ui_carrier_accounts_20ad36c,string,,Carrier accounts,配送業者アカウント,
ui_carrier_devices_9927ae1,string,,Carrier devices,配送業者デバイス,
ui_carrier_display_name_optional_5ca06fc,string,,Carrier display name (optional),配送業者の表示名 (任意),
ui_center_adapt_now_and_pause_buttons_81074b2,string,,Center Adapt now and Pause buttons,「今すぐ調整」と「一時停止」ボタンを中央揃え,
ui_change_64fbd99,string,,Change,変更,
ui_change_avatar_image_217fbce,string,,Change avatar image,アバター画像を変更,
ui_changing_mode_3da68b4,string,,Changing mode,モードを変更中,
ui_charge_flow_ceb6c62,string,,Charge & flow,充電 & フロー,
ui_chart_66c7734,string,,Chart,グラフ,
ui_checking_for_shared_dashboards_5f2f823,string,,Checking for shared dashboards…,共有ダッシュボードを確認中…,
ui_checking_for_the_hki_7_cloud_component_c76112a,string,,Checking for the HKI 7 Cloud component…,HKI 7 Cloudコンポーネントを確認中…,don't translate HKI 7 Cloud
ui_choose_78b7c9f,string,,Choose,選択,
ui_choose_a_different_server_47e6ce6,string,,Choose a different server,別のサーバーを選択,
ui_choose_a_side_when_the_badge_bar_is_split_6e3c73d,string,,Choose a side when the badge bar is split,バッジバーを分割する際の側を選択,
ui_choose_a_state_7ab7191,string,,Choose a state,状態を選択,
ui_choose_a_visual_home_assistant_block_e7c8652,string,,Choose a visual Home Assistant block,視覚的なHome Assistantブロックを選択,don't translate Home Assistant
ui_choose_action_cf9c80e,string,,Choose action,アクションを選択,
ui_choose_an_action_e82323b,string,,Choose an action,アクションを選択,
ui_choose_an_entity_00fd1cc,string,,Choose an entity,エンティティを選択,
ui_choose_an_entity_first_d59e681,string,,Choose an entity first,先にエンティティを選択してください,
ui_choose_an_expanded_or_compact_dashboard_header_815902d,string,,Choose an expanded or compact dashboard header,展開表示かコンパクト表示のダッシュボードヘッダーを選択,
ui_choose_avatar_image_bcd5b00,string,,Choose avatar image,アバター画像を選択,
ui_choose_between_the_full_header_and_a_compact_navigation_90ec55e,string,,Choose between the full header and a compact navigation bar,フルヘッダーとコンパクトなナビゲーションバーのどちらかを選択,
ui_choose_entity_31b0424,string,,Choose entity,エンティティを選択,
ui_choose_how_this_phone_or_tablet_appears_in_home_419da67,string,,Choose how this phone or tablet appears in Home Assistant,このスマートフォンやタブレットがHome Assistantでどのように表示されるか選択,don't translate Home Assistant
ui_choose_icon_b0047ce,string,,Choose icon,アイコンを選択,
ui_choose_included_cards_and_shared_entity_overrides_a507343,string,,Choose included cards and shared entity overrides,含めるカードと共有するエンティティの上書きを選択,
ui_choose_included_views_and_shared_entity_overrides_41f2e64,string,,Choose included views and shared entity overrides,含めるビューと共有するエンティティの上書きを選択,
ui_choose_one_or_more_carrier_devices_in_widget_settings_100a4ca,string,,Choose one or more carrier devices in widget settings.,ウィジェット設定で1つ以上の配送業者デバイスを選択してください。,
ui_choose_person_entity_977db64,string,,Choose person entity,人物エンティティを選択,
ui_choose_the_climate_view_and_optional_entity_overrides_a69cbbc,string,,Choose the climate view and optional entity overrides,空調ビューと、任意のエンティティの上書きを選択,
ui_choose_the_energy_view_and_override_its_entities_if_523c3be,string,,Choose the energy view and override its entities if needed,エネルギービューを選択し、必要に応じてエンティティを上書き,
ui_choose_the_entity_and_card_content_8bde89a,string,,Choose the entity and card content,エンティティとカードの内容を選択,
ui_choose_the_home_assistant_entities_that_drive_this_room_53a4061,string,,Choose the Home Assistant entities that drive this room's live indicators. Indicators only appear while they are active.,この部屋のライブインジケーターを駆動するHome Assistantエンティティを選択してください。インジケーターはアクティブな間のみ表示されます。,don't translate Home Assistant
ui_choose_the_home_assistant_shown_in_hki_7_b29bc26,string,,Choose the Home Assistant shown in HKI 7,HKI 7に表示するHome Assistantを選択,"don't translate Home Assistant, HKI 7"
ui_choose_the_player_and_dashboard_label_7fa88ba,string,,Choose the player and dashboard label,プレーヤーとダッシュボードのラベルを選択,
ui_choose_the_profile_for_this_light_d8c7bae,string,,Choose the profile for this light,このライトのプロファイルを選択,
ui_choose_the_sensors_plotted_together_3bc1663,string,,Choose the sensors plotted together,一緒にプロットするセンサーを選択,
ui_choose_the_source_and_when_a_battery_is_considered_0b993df,string,,Choose the source and when a battery is considered low,バッテリー残量が少ないと判断する基準とタイミングを選択,
ui_choose_what_tap_double_tap_and_hold_should_do_0bbe9c8,string,,"Choose what tap, double tap, and hold should do",タップ、ダブルタップ、長押しの動作を選択,
ui_choose_what_this_action_should_control_7ebe4ab,string,,Choose what this action should control,このアクションが制御する対象を選択,
ui_choose_what_this_badge_summarizes_a7af7e6,string,,Choose what this badge summarizes,このバッジが要約する内容を選択,
ui_choose_what_this_header_pill_shows_0bbdbc2,string,,Choose what this header pill shows,このヘッダーピルが表示する内容を選択,
ui_choose_where_to_restore_the_dashboard_configuration_from_bb40b34,string,,Choose where to restore the dashboard configuration from.,ダッシュボード構成の復元元を選択してください。,
ui_choose_whether_this_person_appears_in_the_home_header_49f0ec2,string,,Choose whether this person appears in the Home header,この人物をホームヘッダーに表示するか選択,
ui_choose_which_profiles_this_widget_can_control_2cd9b2b,string,,Choose which profiles this widget can control,このウィジェットが操作できるプロファイルを選択,
ui_choose_who_can_see_this_dashboard_they_can_import_2f5e49d,string,,Choose who can see this dashboard. They can import it into their own app.,このダッシュボードを閲覧できる人を選択してください。自分のアプリにインポートできます。,
ui_choose_your_dashboard_1ec85e9,string,,Choose your dashboard,ダッシュボードを選択,
ui_clean_rooms_4dc67ab,string,,Clean rooms,清掃する部屋,
ui_clean_selected_43d8dd5,string,,Clean selected,選択項目を清掃,
ui_clear_719ea39,string,,Clear,正常,
ui_clear_battery_config_d8854f7,string,,Clear battery config?,バッテリー設定をクリアしますか?,
ui_clear_battery_view_1952347,string,,Clear battery view?,バッテリービューをクリアしますか?,
ui_clear_battery_view_5ef09bf,string,,Clear Battery View,バッテリービューをクリア,
ui_clear_climate_view_48e8a5e,string,,Clear Climate View,空調ビューをクリア,
ui_clear_climate_view_9a1339c,string,,Clear climate view?,空調ビューをクリアしますか?,
ui_clear_config_51f6330,string,,Clear config,設定をクリア,
ui_clear_energy_view_401c166,string,,Clear Energy View,エネルギービューをクリア,
ui_clear_energy_view_d577bb7,string,,Clear energy view?,エネルギービューをクリアしますか?,
ui_clear_filters_4122267,string,,Clear filters,フィルターをクリア,
ui_clear_rooms_view_87a43ca,string,,Clear Rooms View,部屋ビューをクリア,
ui_clear_rooms_view_f1d0d72,string,,Clear rooms view?,部屋ビューをクリアしますか？,
ui_clear_search_67300d0,string,,Clear search,検索をクリア,
ui_clear_security_view_219e25b,string,,Clear Security View,セキュリティビューをクリア,
ui_clear_security_view_48790f7,string,,Clear security view?,セキュリティビューをクリアしますか?,
ui_clear_selection_247fd63,string,,Clear selection,選択を解除,
ui_climate_4857860,string,,Climate,空調,
ui_climate_cards_f4996fd,string,,Climate Cards,空調カード,
ui_climate_devices_are_found_automatically_add_extra_entities_5ebd8b7,string,,Climate devices are found automatically; add extra entities here if any are missing.,空調デバイスは自動的に検出されます。不足している場合はここで追加してください。,
ui_climate_dialog_control_add9f2b,string,,Climate dialog control,空調ダイアログコントロール,
ui_climate_sources_take_priority_and_use_their_current_temper_5dbcde3,string,,Climate sources take priority and use their current_temperature and current_humidity values. ,空調ソースが優先され、そのcurrent_temperatureおよびcurrent_humidityの値が使用されます。,keep the space at the start/end
ui_climate_stack_cards_dcff178,string,,Climate Stack Cards,空調スタックカード,
ui_climate_summary_4686577,string,,Climate summary,空調サマリー,
ui_climatedooropen_026f1c8,string,,climateDoorOpen,climateDoorOpen,
ui_climatehouse_9c0637a,string,,climateHouse,climateHouse,
ui_climatewindowopen_9b0794a,string,,climateWindowOpen,climateWindowOpen,
ui_close_bbfa773,string,,Close,閉じる,
ui_cloud_backup_is_off_71dfae1,string,,Cloud backup is off,クラウドバックアップはオフです,
ui_collapsed_by_default_65a57c6,string,,Collapsed by default,デフォルトで折りたたむ,
ui_collapsible_c932fac,string,,Collapsible,折りたたみ可能,
ui_collection_30c54a9,string,,Collection,コレクション,
ui_color_1d0c830,string,,Color,色,
ui_color_typography_and_component_shape_b82e582,string,,"Color, typography, and component shape",色、タイポグラフィ、コンポーネントの形状,
ui_colors_and_light_dark_mode_37de9d5,string,,Colors and light/dark mode,色とライト/ダークモード,
ui_columns_cf723c5,string,,Columns,列,
ui_combine_multiple_accounts_from_the_same_carrier_into_one_0006a49,string,,Combine multiple accounts from the same carrier into one tab and parcel list.,同じ配送業者の複数アカウントを1つのタブと荷物リストにまとめます。,
ui_comfortpulse_100b63b,string,,comfortPulse,comfortPulse,
ui_community_source_716abd9,string,,Community source,コミュニティソース,
ui_compact_1df39aa,string,,Compact,コンパクト,
ui_compact_header_50275e8,string,,Compact header,コンパクトヘッダー,
ui_compact_mode_hides_the_left_header_pill_persons_subtitle_da84968,string,,"Compact mode hides the left header pill, persons, subtitle/status information, and room counters. Swipe down on the compact bar to open Search, Flows, Edit, and Settings.",コンパクトモードでは左ヘッダーピル、人物、サブタイトル/ステータス情報、部屋のカウンターが非表示になります。コンパクトバーを下にスワイプすると、検索、フロー、編集、設定を開けます。,
ui_compact_tile_height_78b57a3,string,,Compact tile height,コンパクトタイルの高さ,
ui_configured_light_65a3aad,string,,%1$s configured light%2$s,設定済みの照明 %1$s件%2$s,keep %1$s %2$s
ui_confirm_04a2122,string,,Confirm,確認,
ui_connect_b65463c,string,,Connect,接続,
ui_connected_through_home_assistant_cloud_47a54c0,string,,Connected through Home Assistant Cloud,Home Assistant Cloud経由で接続,don't translate Home Assistant
ui_connected_through_your_external_home_assistant_address_966b0e6,string,,Connected through your external Home Assistant address,外部Home Assistantアドレス経由で接続,don't translate Home Assistant
ui_connected_through_your_home_network_cdf4e0f,string,,Connected through your home network,自宅ネットワーク経由で接続,
ui_connecting_fd3e796,string,,Connecting…,接続中…,
ui_connection_6512ee1,string,,Connection,接続,
ui_connection_switched_to_8f04753,string,,Connection switched to %1$s,接続先が%1$sに切り替わりました,keep %1$s
ui_contacting_your_home_assistant_server_e0a53d1,string,,Contacting your Home Assistant server…,Home Assistantサーバーに接続中…,don't translate Home Assistant
ui_content_4f9be05,string,,Content,コンテンツ,
ui_continue_2e02623,string,,Continue,続行,
ui_continuous_gps_for_live_tracking_uses_much_more_battery_fdcd80d,string,,Continuous GPS for live tracking — uses much more battery. Leave off for official-app-like behavior.,リアルタイム追跡のための連続GPS(バッテリー消費が大幅に増加します)。公式アプリと同様の動作にするにはオフのままにしてください。,
ui_control_ea1d3df,string,,Control,コントロール,
ui_control_how_accounts_become_tabs_and_lists_f100249,string,,Control how accounts become tabs and lists,アカウントをタブとリストにする方法を設定,
ui_control_layout_4c3b047,string,,Control layout,コントロールレイアウト,
ui_controls_and_history_sensors_used_by_the_dialog_f71675d,string,,Controls and history sensors used by the dialog,ダイアログで使用するコントロールと履歴センサー,
ui_controls_light_in_this_profile_cd11089,string,,Controls %1$s light%2$s in this profile.,このプロファイル内のライト%1$s%2$sを制御します。,keep %1$s %2$s
ui_cooling_5569ac4,string,,Cooling,冷房中,
ui_copy_af74f7c,string,,Copy,コピー,
ui_copy_dashboard_2ea354e,string,,Copy dashboard,ダッシュボードをコピー,
ui_copyright_2026_jimz011_b8f2c24,string,,Copyright © 2026 Jimz011,Copyright © 2026 Jimz011,
ui_corners_f1fb139,string,,Corners,角丸,
ui_could_not_add_the_parcel_check_the_number_and_fd157b4,string,,Could not add the parcel. Check the number and try again.,荷物を追加できませんでした。番号を確認してもう一度お試しください。,
ui_couldn_t_reach_a30cc1b,string,,Couldn't reach %1$s,%1$s に到達できませんでした,keep %1$s
ui_couldn_t_reach_your_home_assistant_server_2a17c09,string,,Couldn't reach your Home Assistant server.,Home Assistantサーバーに到達できませんでした。,don't translate Home Assistant
ui_countdown_timer_282cb17,string,,Countdown timer,カウントダウンタイマー,
ui_create_6e157c5,string,,Create,作成,
ui_create_a_flow_11b4415,string,,Create a flow,フローを作成,
ui_create_a_separate_dashboard_auto_generate_imports_once_and_a5f0ef1,string,,Create a separate dashboard. Auto Generate imports once and then becomes editable; Start Empty only keeps persons available.,別のダッシュボードを作成します。自動生成は一度だけインポートしその後編集可能になります。空の状態で開始すると人物のみが利用可能になります。,
ui_create_custom_page_d1f53e7,string,,Create custom page,カスタムページを作成,
ui_created_by_jimz011_2026_hki_7_v_20cbca0,string,,Created by Jimz011 - 2026 • HKI 7 v%1$s,Created by Jimz011 - 2026 • HKI 7 v%1$s,keep %1$s; don't translate HKI 7
ui_created_by_jimz011_with_help_from_ai_assisted_development_47c9a41,string,,"Created by Jimz011 with help from AI-assisted development tools. Product direction, design choices, testing, and responsibility for the released app remain with the project creator.",Jimz011がAI支援の開発ツールの助けを借りて作成しました。製品の方向性、デザインの選択、テスト、公開されたアプリに対する責任はプロジェクト作成者にあります。,
ui_created_openly_1cc16d4,string,,Created openly,オープンに作成されました,
ui_creates_a_full_duplicate_of_including_all_rooms_widgets_b96bbb1,string,,"Creates a full duplicate of ""%1$s"", including all rooms, widgets, and page settings. The copy is added to your dashboards without switching to it.",「%1$s」の完全な複製を、すべての部屋、ウィジェット、ページ設定を含めて作成します。コピーは切り替えずにダッシュボード一覧に追加されます。,keep %1$s
ui_critical_04b7b26,string,,Critical,重大,
ui_critical_low_5852b16,string,,%1$s critical · %2$s low,重大 %1$s件・低下 %2$s件,keep %1$s %2$s
ui_critical_replace_soon_dbd946d,string,,Critical — replace soon,重大 — 早めに交換してください,
ui_current_4fc0e2b,string,,Current,現在,
ui_current_88a0a02,string,,%1$s° current,現在 %1$s°,keep %1$s
ui_current_charge_b6b0b3d,string,,Current charge,現在の充電量,
ui_current_e4ef83d,string,,Current %1$s%%,現在 %1$s%%,keep %1$s
ui_current_weather_0fc6239,string,,Current weather,現在の天気,
ui_currently_loaded_69ef6fb,string,,Currently loaded,現在読み込み中,
ui_custom_081ae3f,string,,Custom,カスタム,
ui_custom_buttons_c580449,string,,Custom buttons,カスタムボタン,
ui_custom_camera_ada9096,string,,Custom Camera,カスタムカメラ,
ui_custom_camera_url_8191b15,string,,Custom camera URL,カスタムカメラURL,
ui_custom_ed17691,string,,Custom %1$s,カスタム%1$s,keep %1$s
ui_custom_entities_d6e76ae,string,,Custom entities,カスタムエンティティ,
ui_custom_name_6af17c2,string,,Custom name,カスタム名,
ui_custom_order_a7a5984,string,,Custom order,カスタム順序,
ui_custom_seconds_7467e28,string,,Custom seconds,カスタム秒数,
ui_custom_state_378153b,string,,Custom state...,カスタム状態...,
ui_custom_url_9c155e9,string,,Custom URL,カスタムURL,
ui_customize_device_energy_b754bb5,string,,Customize device energy,デバイスエネルギーをカスタマイズ,
ui_customize_top_consumers_eb249c5,string,,Customize top consumers,上位消費デバイスをカスタマイズ,
ui_customize_water_devices_81ce5f6,string,,Customize water devices,水道デバイスをカスタマイズ,
ui_d_6388bb3,string,,"%1$s d, %2$s",%1$s日 %2$s,keep %1$s %2$s
ui_daily_backup_is_active_111a631,string,,Daily backup is active,毎日のバックアップが有効です,
ui_dashboard_d87f47b,string,,Dashboard,ダッシュボード,
ui_dashboard_header_36d8656,string,,Dashboard header,ダッシュボードヘッダー,
ui_dashboard_name_466f3af,string,,Dashboard name,ダッシュボード名,
ui_dashboard_width_and_card_shape_3fcad11,string,,Dashboard width and card shape,ダッシュボードの幅とカードの形状,
ui_dashboards_197565b,string,,Dashboards,ダッシュボード,
ui_dashboards_shared_by_your_family_import_to_add_a_8a6d06e,string,,Dashboards shared by your family. Import to add a copy to your dashboards; import again later to pull updates.,家族から共有されたダッシュボードです。インポートするとコピーがダッシュボード一覧に追加されます。後で再度インポートすると更新を取得できます。,
ui_dashboards_visual_style_and_everyday_navigation_17f3ac2,string,,"Dashboards, visual style, and everyday navigation",ダッシュボード、ビジュアルスタイル、日常のナビゲーション,
ui_data_series_e5977fb,string,,Data series,データ系列,
ui_data_sources_dadd6ac,string,,Data sources,データソース,
ui_date_eb9a4bc,string,,Date,日付,
ui_datetime_f1e5baf,string,,DateTime,日時,
ui_day_to_839bf92,string,,%1$s day%2$s to %3$s,%3$sまで%1$s日%2$s,keep %1$s %2$s %3$s
ui_decrease_67e19d8,string,,Decrease,下げる,
ui_default_808d7dc,string,,Default,デフォルト,
ui_default_effect_per_type_a4ce3c4,string,,Default effect per type,種類ごとのデフォルト効果,
ui_default_view_343256a,string,,Default view,デフォルトビュー,
ui_default_weather_entity_588d455,string,,Default weather entity,デフォルトの天気エンティティ,
ui_defrosting_c3b2817,string,,Defrosting,霜取り中,
ui_delete_0c6013a,string,,"Delete ""%1$s""?",「%1$s」を削除しますか?,keep %1$s
ui_delete_137cdc2,string,,Delete %1$s?,%1$s を削除しますか?,keep %1$s
ui_delete_automation_442d61c,string,,Delete automation?,オートメーションを削除しますか？,
ui_delete_f6fdbe4,string,,Delete,削除,
ui_delete_floor_07c4a91,string,,Delete floor,フロアを削除,
ui_delivered_eea956c,string,,Delivered,配達完了,
ui_demo_mode_a85b728,string,,Demo mode,デモモード,
ui_description_55f8ebc,string,,Description,説明,
ui_details_dc3decb,string,,Details,詳細,
ui_detected_carbon_intensity_9983458,string,,Detected carbon intensity,検出された炭素強度,
ui_device_8c01559,string,,Device: %1$s,デバイス: %1$s,keep %1$s
ui_device_a5a74a6,string,,Device,デバイス,
ui_device_details_39c277d,string,,Device details,デバイスの詳細,
ui_device_details_eb36018,string,,DEVICE DETAILS,デバイスの詳細,
ui_device_energy_79de3d8,string,,Device energy,デバイスエネルギー,
ui_device_helpers_6a8b199,string,,Device & helpers,デバイス & ヘルパー,
ui_device_name_79d7a15,string,,Device name,デバイス名,
ui_device_tracker_and_geocoded_location_f9e2d34,string,,Device tracker and geocoded location,デバイストラッカーとジオコード位置情報,
ui_devices_728190e,string,,devices,デバイス,
ui_devices_df485c8,string,,Devices,デバイス,
ui_dialog_control_63e18cf,string,,Dialog control,ダイアログのコントロール,
ui_direction_5a47d4d,string,,Direction —,方向 —,
ui_disable_battery_optimization_d3201bf,string,,Disable Battery Optimization,バッテリー最適化を無効化,
ui_disarmed_aaa4d9e,string,,Disarmed,警戒解除済み,
ui_discovered_acbb9e0,string,,Discovered,検出済み,
ui_dismiss_70afe9e,string,,Dismiss,閉じる,
ui_display_574ff9b,string,,Display,表示,
ui_display_linked_entities_and_dialog_layout_e6987f9,string,,"Display, linked entities, and dialog layout",表示、連携エンティティ、ダイアログレイアウト,
ui_display_mode_627bc30,string,,Display mode,表示モード,
ui_display_order_5f1293a,string,,Display order,表示順序,
ui_done_e9b450d,string,,Done,完了,
ui_door_locked_4b46012,string,,Door\nLocked,ドア\n施錠,\n = line break
ui_door_open_74899a4,string,,Door\nOpen,ドア\n開放,\n = line break
ui_door_sensor_turns_lock_card_red_when_open_9bc1372,string,,Door sensor (turns lock card red when open),ドアセンサー(開いているとロックカードが赤色になります),
ui_door_sensors_a7bb309,string,,Door sensors,ドアセンサー,
ui_double_tap_a268e89,string,,Double tap,ダブルタップ,
ui_drag_horizontally_across_the_full_button_547ea8c,string,,Drag horizontally across the full button,ボタン全体を水平方向にドラッグ,
ui_drag_to_reorder_use_the_eye_button_to_hide_cd28b4c,string,,Drag to reorder. Use the eye button to hide an item or schedule when it shows.,ドラッグして順序を変更します。目のボタンで項目を非表示にしたり、表示スケジュールを設定できます。,
ui_drag_to_set_the_order_cameras_appear_on_the_7bcb4f5,string,,Drag to set the order cameras appear on the Security view.,ドラッグしてセキュリティビューでのカメラの表示順を設定します。,
ui_drag_to_set_the_order_the_cards_appear_below_b6a92e4,string,,Drag to set the order the cards appear below the house on the Energy view.,ドラッグしてエネルギービューで家の下に表示されるカードの順序を設定します。,
ui_drag_to_set_the_order_thermostats_and_ac_units_62d49e7,string,,Drag to set the order thermostats and AC units appear on the Climate view.,ドラッグして空調ビューでのサーモスタットとエアコンの表示順を設定します。,
ui_drying_7ea61a9,string,,Drying,乾燥中,
ui_e_e0184ad,string,,E,E,
ui_each_group_controls_one_part_of_this_page_286a40b,string,,Each group controls one part of this page,各グループはこのページの一部を制御します,
ui_each_home_keeps_its_own_login_dashboard_notification_conne_c261f94,string,,"Each home keeps its own login, dashboard, notification connection, and location registration",各ホームは独自のログイン、ダッシュボード、通知接続、位置情報登録を保持します,
ui_edit_5301648,string,,Edit,編集,
ui_edit_entities_485ee65,string,,Edit entities,エンティティを編集,
ui_edit_page_17e45f8,string,,Edit page,ページを編集,
ui_edit_sensors_6c38d51,string,,Edit sensors,センサーを編集,
ui_effects_8f25a85,string,,Effects,エフェクト,
ui_electricity_925cf7f,string,,Electricity,電力,
ui_electricity_total_c81c63f,string,,Electricity Total,電気の合計,
ui_elevation_a514da1,string,,Elevation,仰角,
ui_empty_3159fe4,string,,Empty,空,
ui_empty_bin_0cbe2d7,string,,Empty bin,空のビン,
ui_empty_bin_bcf05c4,string,,Empty bin: %1$s,ゴミ箱を空にする: %1$s,keep %1$s
ui_empty_bin_optional_fallback_e40b857,string,,Empty bin (optional fallback),空のビン(任意のフォールバック),
ui_empty_iframe_open_its_settings_in_edit_mode_and_c17ba2f,string,,Empty iFrame — open its settings in edit mode and enter a web address.,空のiFrame — 編集モードで設定を開き、ウェブアドレスを入力してください。,
ui_empty_markdown_widget_open_its_settings_in_edit_mode_b65072d,string,,Empty markdown widget — open its settings in edit mode to write content.,空のMarkdownウィジェット — 編集モードで設定を開いて内容を記述してください。,
ui_empty_stack_79d38d5,string,,Empty Stack,空のスタック,
ui_enable_cloud_backup_32fe82b,string,,Enable cloud backup,クラウドバックアップを有効化,
ui_enable_home_assistant_backup_bd7cf62,string,,Enable Home Assistant backup,Home Assistantバックアップを有効化,don't translate Home Assistant
ui_enable_the_features_hki_7_may_use_in_the_52e596d,string,,Enable the features HKI 7 may use in the background,HKI 7がバックグラウンドで使用する可能性のある機能を有効化,don't translate HKI 7
ui_enabled_e22fb09,string,,ENABLED,有効,
ui_end_2a002eb,string,,End: %1$s,終了: %1$s,keep %1$s
ui_energy_437bcb1,string,,Energy,エネルギー,
ui_energy_cards_c84abda,string,,Energy Cards,エネルギーカード,
ui_energy_counters_imported_from_home_assistant_s_energy_dash_9dd23f9,string,,Energy counters imported from Home Assistant's Energy dashboard.,Home AssistantのEnergyダッシュボードからインポートされたエネルギーカウンター。,don't translate Home Assistant
ui_energy_stack_cards_5ac4b4c,string,,Energy Stack Cards,エネルギースタックカード,
ui_energyscene_374cbbb,string,,energyScene,energyScene,
ui_enter_a_pin_4e6a960,string,,Enter a PIN,PINを入力,
ui_enter_a_valid_json_object_00d1e89,string,,Enter a valid JSON object,有効なJSONオブジェクトを入力してください,
ui_enter_an_address_manually_5eda99d,string,,Enter an address manually,アドレスを手動で入力,
ui_enter_code_ab45ae5,string,,Enter code,コードを入力,
ui_enter_http_url_relative_path_or_webrtc_id_e_bb736eb,string,,"Enter HTTP URL, relative path, or WebRTC ID (e.g., poort_hd)",HTTP URL、相対パス、またはWebRTC ID(例: poort_hd)を入力,
ui_enter_http_url_relative_path_or_webrtc_path_e_41da8c2,string,,"Enter HTTP URL, relative path, or WebRTC path (e.g., url: poort_hd)",HTTP URL、相対パス、またはWebRTCパス(例: url: poort_hd)を入力,
ui_enter_the_same_data_object_home_assistant_shows_in_f7e27af,string,,Enter the same data object Home Assistant shows in YAML. JSON is used here so values keep their exact type.,Home AssistantがYAMLで示すものと同じデータオブジェクトを入力してください。値の型を正確に保つためJSON形式を使用しています。,don't translate Home Assistant
ui_entities_390082d,string,,Entities · %1$s,エンティティ・%1$s,keep %1$s
ui_entities_6510c2f,string,,Entities (%1$s),エンティティ（%1$s）,keep %1$s
ui_entities_9d88f3c,string,,entities,エンティティ,
ui_entities_appearance_and_interactions_b90b013,string,,"Entities, appearance, and interactions",エンティティ、外観、操作,
ui_entities_f7638a2,string,,Entities,エンティティ,
ui_entities_that_signal_activity_or_safety_states_769b862,string,,Entities that signal activity or safety states,動作または安全状態を知らせるエンティティ,
ui_entity_icons_gently_glow_spin_or_pulse_while_the_b3a8910,string,,"Entity icons gently glow, spin, or pulse while the device is on. Only active devices animate.",デバイスがオンの間、エンティティアイコンが緩やかに光る、回転する、または点滅します。動作中のデバイスのみアニメーションします。,
ui_entity_integrations_852a3e0,string,,Entity integrations,エンティティ連携,
ui_entity_name_9543eb8,string,,Entity name,エンティティ名,
ui_entity_picture_0569c68,string,,Entity picture,エンティティ画像,
ui_entity_unavailable_3974ddb,string,,Entity unavailable,エンティティが利用できません,
ui_event_ad8919a,string,,Event,イベント,
ui_every_contribution_helps_and_payment_is_never_required_1bc44f2,string,,"Every contribution helps, and payment is never required",どんな貢献も助けになります。支払いは一切不要です,
ui_everyday_navigation_e2f1711,string,,Everyday navigation,日常のナビゲーション,
ui_everyone_c756f6a,string,,Everyone,全員,
ui_exact_text_or_number_reported_by_home_assistant_00e5cc6,string,,Exact text or number reported by Home Assistant,Home Assistantが報告する正確なテキストまたは数値,don't translate Home Assistant
ui_example_com_or_https_8381ca6,string,,example.com or https://…,example.com または https://…,
ui_existing_camera_5fb3653,string,,Existing Camera,既存のカメラ,
ui_exit_demo_mode_ab94122,string,,Exit Demo Mode,デモモードを終了,
ui_exit_full_screen_3d9afda,string,,Exit full screen,全画面表示を終了,
ui_exiting_removes_the_sample_home_and_returns_to_the_05548e1,string,,"Exiting removes the sample home and returns to the welcome screen, where you can connect a real Home Assistant server.",終了するとサンプルホームが削除され、ウェルカム画面に戻ります。そこから実際のHome Assistantサーバーに接続できます。,don't translate Home Assistant
ui_expected_delivery_78d54b2,string,,Expected delivery,配達予定,
ui_expected_today_4af5600,string,,Expected today,本日配達予定,
ui_external_url_or_nabu_casa_url_d2e1eed,string,,External URL or Nabu Casa URL,外部URLまたはNabu Casa URL,don't translate Nabu Casa
ui_family_sharing_160fddb,string,,Family Sharing,ファミリー共有,
ui_family_sharing_settings_are_controlled_by_a_home_assistant_cdb35a2,string,,Family Sharing settings are controlled by a Home Assistant admin. You can use a dashboard shared with you below.,ファミリー共有の設定はHome Assistantの管理者が管理します。以下から共有されたダッシュボードを利用できます。,don't translate Home Assistant
ui_fan_ec38406,string,,Fan,ファン,
ui_fan_modes_fbaa3df,string,,Fan & modes,ファン & モード,
ui_fans_73d38db,string,,Fans,ファン,
ui_fetch_climate_entities_from_home_assistant_again_a65f837,string,,Fetch climate entities from Home Assistant again.,Home Assistantから空調エンティティを再取得します。,don't translate Home Assistant
ui_fetch_rooms_floors_and_their_entities_from_home_assistant_0d84305,string,,"Fetch rooms, floors, and their entities from Home Assistant again.",Home Assistantから部屋、フロア、そのエンティティを再取得します。,don't translate Home Assistant
ui_fetch_security_entities_from_home_assistant_again_577b666,string,,Fetch security entities from Home Assistant again.,Home Assistantからセキュリティエンティティを再取得します。,don't translate Home Assistant
ui_fetch_the_home_assistant_energy_dashboard_configuration_ag_9180e9b,string,,Fetch the Home Assistant energy dashboard configuration again.,Home AssistantのEnergyダッシュボード構成を再取得します。,don't translate Home Assistant
ui_find_home_assistant_locally_c992bdf,string,,Find Home Assistant locally,Home Assistantをローカルで検索,don't translate Home Assistant
ui_firmware_94fe490,string,,Firmware %1$s,ファームウェア %1$s,keep %1$s
ui_five_simple_gestures_are_all_you_need_to_get_d4c2675,string,,Five simple gestures are all you need to get around HKI 7.,HKI 7の操作に必要なのは5つのシンプルなジェスチャーだけです。,don't translate HKI 7
ui_fixed_tab_10fe998,string,,Fixed tab,固定タブ,
ui_floor_7db82f7,string,,Floor,フロア,
ui_floor_assignment_288a740,string,,Floor assignment,階の割り当て,
ui_floor_name_e9d98d6,string,,Floor name,フロア名,
ui_floor_settings_640cb8e,string,,Floor settings,フロア設定,
ui_flowphase_101d9f0,string,,flowPhase,flowPhase,
ui_flows_1242655,string,,Flows,フロー,
ui_focused_groups_keep_advanced_options_easy_to_find_44ac86e,string,,Focused groups keep advanced options easy to find,フォーカスグループにより詳細オプションを見つけやすくします,
ui_font_family_54a1848,string,,Font family,フォントファミリー,
ui_font_size_ef89fc7,string,,Font size · %1$s%%,フォントサイズ・%1$s%%,keep %1$s
ui_fonts_ffe688a,string,,Fonts,フォント,
ui_force_high_refresh_rate_214de79,string,,Force high refresh rate,高リフレッシュレートを強制,
ui_forecast_528bc4b,string,,Forecast,予報,
ui_forecast_entities_c950412,string,,Forecast entities,予報エンティティ,
ui_forget_selection_7864f34,string,,Forget selection,選択を破棄,
ui_forward_ba4e722,string,,Forward,進む,
ui_from_ad3b521,string,,From %1$s,%1$sから,keep %1$s
ui_from_state_6c7eaef,string,,From state,開始状態,
ui_full_changelog_ae838e7,string,,Full changelog,変更履歴全体,
ui_full_controls_68749a5,string,,Full controls,フルコントロール,
ui_full_day_name_25ab7ee,string,,Full Day Name,曜日フル表記,
ui_full_url_or_a_path_on_your_home_assistant_66f9c59,string,,Full URL or a path on your Home Assistant server (e.g. /local/vacuum.png),完全なURL、またはHome Assistantサーバー上のパス(例: /local/vacuum.png),don't translate Home Assistant
ui_gas_ead9650,string,,Gas,ガス,
ui_generating_your_rooms_01654a1,string,,Generating your rooms,部屋を生成中,
ui_get_started_bd2cb05,string,,Get Started,はじめる,
ui_give_a_humidifier_a_fan_select_input_select_to_860be4d,string,,"Give a humidifier a fan / select / input_select to control its speed; its options replace the humidifier's mode chips, and modes move to the dialog's nav bar.",加湿器の速度を制御するにはfan / select / input_selectを割り当ててください。そのオプションが加湿器のモードチップに置き換わり、モードはダイアログのナビゲーションバーに移動します。,
ui_glow_6ae5a62,string,,glow,glow,
ui_glowphase_748e6d6,string,,glowPhase,glowPhase,
ui_glowpulse_9269294,string,,glowPulse,glowPulse,
ui_good_61dedcf,string,,Good,良好,
ui_google_drive_07c2964,string,,Google Drive,Google ドライブ,don't translate Google Drive
ui_got_it_5b8027f,string,,Got it,わかりました,
ui_got_it_let_s_explore_107038f,string,,Got it — let's explore,わかりました — 早速使ってみましょう,
ui_graph_sensor_c63cbb6,string,,Graph %1$s · %2$s sensor%3$s,グラフ %1$s・センサー%2$s件%3$s,keep %1$s %2$s %3$s
ui_graph_style_6acd980,string,,Graph Style,グラフスタイル,
ui_graphs_7839947,string,,Graphs,グラフ,
ui_grid_density_and_button_presentation_b7907e5,string,,Grid density and button presentation,グリッド密度とボタンの表示形式,
ui_grid_density_width_and_tile_shape_267ad9a,string,,"Grid density, width, and tile shape",グリッド密度、幅、タイル形状,
ui_grid_phases_0a5eae5,string,,Grid & phases,系統 & 相,
ui_group_light_paused_for_manual_control_78d6b74,string,,%1$s group light%2$s paused for manual control.,グループライト%1$s%2$sが手動制御のため一時停止しています。,keep %1$s %2$s
ui_group_related_cards_in_one_section_f978d2b,string,,Group related cards in one section,関連するカードを1つのセクションにまとめる,
ui_guide_motion_579dcaf,string,,guide_motion,guide_motion,
ui_guide_progress_6138614,string,,guide_progress,guide_progress,
ui_gust_53f5da4,string,, (gust %1$s), (突風 %1$s),keep %1$s; keep the space at the start/end
ui_h_0be1674,string,,%1$sh,%1$s時間,keep %1$s
ui_header_31341c6,string,,Header,ヘッダー,
ui_header_appearance_40327c9,string,,Header appearance,ヘッダーの外観,
ui_header_custom_color_rrggbb_1887d0a,string,,Header custom color (#RRGGBB),ヘッダーカスタムカラー（#RRGGBB）,
ui_header_pill_d7520cf,string,,Header pill,ヘッダーピル,
ui_header_text_7f71314,string,,Header text,ヘッダーテキスト,
ui_header_text_f7593e7,string,,Header Text,ヘッダーテキスト,
ui_header_wallpaper_url_or_path_25cf2b6,string,,Header wallpaper URL or path,ヘッダー壁紙のURLまたはパス,
ui_heading_some_bold_text_a_list_item_one_item_b7f049b,string,,"# Heading\nSome **bold** text, a list:\n- item one\n- item two",# 見出し\n**太字**のテキスト、リスト:\n- 項目1\n- 項目2,\n = line break
ui_healthy_80ea156,string,,Healthy,良好,
ui_heating_f2a3e6e,string,,Heating,暖房中,
ui_height_3f608b4,string,,Height,高さ,
ui_help_the_project_without_buying_premium_e960d10,string,,Help the project without buying Premium,Premiumを購入せずにプロジェクトを応援,
ui_hidden_1364716,string,,%1$s hidden,%1$s件非表示,keep %1$s
ui_hidden_d4c2792,string,,Hidden,非表示,
ui_hidden_during_c0afbbc,string,,Hidden during,非表示期間,
ui_hidden_rooms_f621ba4,string,,Hidden rooms,非表示の部屋,
ui_hidden_items_advanced_title,string,,Hidden items (advanced),隠しアイテム (上級),
ui_hidden_items_advanced_hint,string,,Comma-separated list of button entity ids or badge/widget ids to hide from this person specifically. A button's id is its entity id; a badge or widget's id is shown in its own Appearance settings.,この人に対して特に非表示にするボタン エンティティ ID またはバッジ/ウィジェット ID のカンマ区切りのリスト。ボタンの ID はそのエンティティ ID です。バッジまたはウィジェットの ID は、独自の外観設定に表示されます。,
ui_hidden_views_3e16d85,string,,Hidden views,非表示のビュー,
ui_hide_certain_views_or_rooms_from_specific_people_to_f10458c,string,,Hide certain views or rooms from specific people to keep their dashboard simple. This is UX-level hiding — it does not restrict what they can do in Home Assistant itself.,特定のビューや部屋を特定の人物から非表示にして、ダッシュボードをシンプルに保てます。これは表示上の非表示であり、Home Assistant自体での操作を制限するものではありません。,don't translate Home Assistant
ui_hide_connection_notification_dcee06a,string,,Hide Connection Notification,接続通知を非表示,
ui_hide_this_badge_or_schedule_when_it_appears_e149fbf,string,,"Hide this badge, or schedule when it appears",このバッジを非表示にするか、表示タイミングをスケジュール,
ui_hide_this_button_or_schedule_when_it_appears_a28bf66,string,,"Hide this button, or schedule when it appears",このボタンを非表示にするか、表示スケジュールを設定します,
ui_high_accuracy_mode_954d2c5,string,,High accuracy mode,高精度モード,
ui_history_90ccd64,string,,History,履歴,
ui_hki_7_68a9e17,string,,HKI 7,HKI 7,don't translate HKI 7
ui_hki_7_collects_location_data_to_enable_presence_detection_2dda033,string,,HKI 7 collects location data to enable presence detection and zone-based ,HKI 7は在室検知やゾーンベースの,don't translate HKI 7; keep the space at the start/end
ui_hki_7_logo_a445c44,string,,HKI 7 logo,HKI 7のロゴ,don't translate HKI 7
ui_hki_7_turns_your_native_home_assistant_entities_rooms_c95b345,string,,"HKI 7 turns your native Home Assistant entities, rooms, automations, media, energy data, and services into a configurable mobile dashboard. It is designed to stay connected to Home Assistant as the source of truth while offering a distinct HKI interface.",HKI 7は、Home Assistantのエンティティ、部屋、オートメーション、メディア、エネルギーデータ、サービスをそのまま活用し、カスタマイズ可能なモバイルダッシュボードに変換します。Home Assistantを唯一の情報源としつつ、独自のHKIインターフェースを提供するよう設計されています。,"don't translate Home Assistant, HKI 7"
ui_hki_7_v_d5594a7,string,,HKI 7 v%1$s,HKI 7 v%1$s,keep %1$s; don't translate HKI 7
ui_home_and_rooms_are_always_shown_reorder_the_other_bea984a,string,,Home and Rooms are always shown. Reorder the other tabs with the arrows and toggle each on or off.,ホームと部屋は常に表示されます。矢印で他のタブの順序を変更し、それぞれのオン/オフを切り替えられます。,
ui_home_assistant_backup_is_off_4524f2e,string,,Home Assistant backup is off,Home Assistantバックアップはオフです,don't translate Home Assistant
ui_home_assistant_c8fd3bb,string,,Home Assistant,Home Assistant,don't translate Home Assistant
ui_home_assistant_instances_b0de2f3,string,,Home Assistant instances,Home Assistantインスタンス,don't translate Home Assistant
ui_home_assistant_will_be_unavailable_briefly_while_it_restar_df30b45,string,,Home Assistant will be unavailable briefly while it restarts. Administrator access is required.,再起動中はHome Assistantが一時的に利用できなくなります。管理者権限が必要です。,don't translate Home Assistant
ui_home_security_aa534f2,string,,HOME SECURITY,ホームセキュリティ,
ui_home_wi_fi_names_comma_separated_b71c6ab,string,,Home Wi-Fi names (comma separated),自宅Wi-Fi名(カンマ区切り),
ui_hourly_forecast_50f6c9c,string,,Hourly forecast,1時間ごとの予報,
ui_how_this_control_communicates_state_ad17a3d,string,,How this control communicates state,このコントロールが状態を伝える方法,
ui_how_this_icon_animates_while_the_device_is_active_dffdaf5,string,,"How this icon animates while the device is active. ""Auto"" follows the global setting; the rest override it for this icon.",デバイスが動作中のときのアイコンのアニメーション方法。「自動」はグローバル設定に従い、それ以外はこのアイコンで上書きします。,
ui_http_homeassistant_local_8123_67b2235,string,,http://homeassistant.local:8123,http://homeassistant.local:8123,
ui_http_url_relative_path_or_webrtc_name_e_g_dfc56c4,string,,"HTTP URL, relative path, or WebRTC name (e.g., url: poort_hd)",HTTP URL、相対パス、またはWebRTC名(例: url: poort_hd),
ui_https_1a66279,string,,https://…,https://…,
ui_https_example_ui_nabu_casa_4d97501,string,,https://example.ui.nabu.casa,https://example.ui.nabu.casa,
ui_humidifiers_aa38e2a,string,,Humidifiers,加湿器,
ui_humidifiers_are_found_automatically_from_the_humidifier_do_0717429,string,,Humidifiers are found automatically from the humidifier domain; add extra entities here if any are missing.,加湿器はhumidifierドメインから自動的に検出されます。不足している場合はここで追加してください。,
ui_humidifying_5d5f6c5,string,,Humidifying,加湿中,
ui_humidity_65adb9c,string,,Humidity,湿度,
ui_humidity_control_devices_c7e4846,string,,Humidity control devices,湿度調整デバイス,
ui_humidity_sensor_graphed_in_activity_5b792e1,string,,Humidity sensor (graphed in Activity),湿度センサー(アクティビティでグラフ表示),
ui_icon_716f63b,string,,Icon,アイコン,
ui_icon_animation_5b1faae,string,,Icon animation,アイコンアニメーション,
ui_icon_animations_and_effects_db0dea4,string,,Icon animations and effects,アイコンアニメーションとエフェクト,
ui_icon_eeaa97d,string,,Icon: %1$s,アイコン: %1$s,keep %1$s
ui_icon_feedback_180b871,string,,Icon & feedback,アイコン & フィードバック,
ui_icons_edb8f6c,string,,Icons,アイコン,
ui_identity_7e5a975,string,,Identity,識別情報,
ui_identity_and_connection_bee53f8,string,,Identity and connection,識別情報と接続,
ui_identity_presentation_indicators_and_maintenance_d46fbf4,string,,"Identity, presentation, indicators, and maintenance",識別情報、表示、インジケーター、メンテナンス,
ui_idle_cc1ebdd,string,,Idle,待機中,
ui_image_50e19fd,string,,Image,画像,
ui_image_style_size_shape_and_background_40c17b6,string,,"Image style, size, shape, and background",画像のスタイル、サイズ、形状、背景,
ui_image_url_or_path_ddd8d74,string,,Image URL or path,画像のURLまたはパス,
ui_import_d6fbc9d,string,,Import,インポート,
ui_import_entities_that_have_not_been_edited_or_remove_6edde59,string,,"Import entities that have not been edited, or remove all climate edits and import from scratch.",編集されていないエンティティをインポートするか、すべての空調の編集を削除して最初からインポートします。,
ui_import_entities_that_have_not_been_edited_or_remove_9851b28,string,,"Import entities that have not been edited, or remove all security edits and import from scratch.",編集されていないエンティティをインポートするか、すべてのセキュリティの編集を削除して最初からインポートします。,
ui_import_from_family_f9eb88d,string,,Import from family,家族からインポート,
ui_import_only_rooms_and_entities_that_have_not_been_478d449,string,,"Import only rooms and entities that have not been edited, or remove all edited rooms and floors and import everything from scratch.",編集されていない部屋とエンティティのみをインポートするか、編集済みのすべての部屋とフロアを削除して最初からすべてインポートします。,
ui_import_only_rooms_that_have_not_been_edited_or_d59bee5,string,,"Import only rooms that have not been edited, or rebuild everything. Rebuilding removes all edited rooms and floors before importing them from scratch.",編集されていない部屋のみをインポートするか、すべてを再構築します。再構築すると、編集済みの部屋と階はすべて削除されてから一から再インポートされます。,
ui_import_sensors_with_device_class_battery_and_unit_of_dfaced9,string,,Import sensors with device_class battery and unit_of_measurement %.,device_classがbatteryでunit_of_measurementが%のセンサーをインポートします。,
ui_import_settings_that_have_not_been_edited_or_remove_2fc3850,string,,"Import settings that have not been edited, or remove all energy edits and import from scratch.",編集されていない設定をインポートするか、すべてのエネルギーの編集を削除して最初からインポートします。,
ui_import_unedited_4a58143,string,,Import unedited,未編集分をインポート,
ui_imported_stacks_cannot_be_removed_in_auto_mode_hide_608f9ed,string,,"Imported stacks cannot be removed in auto mode. Hide the stack instead, or take over / switch to manual mode to delete it permanently.",自動モードではインポートされたスタックを削除できません。代わりにスタックを非表示にするか、引き継いで手動モードに切り替えると完全に削除できます。,
ui_importing_820599d,string,,Importing…,インポート中…,
ui_importing_areas_and_entities_from_home_assistant_0e50b82,string,,Importing areas and entities from Home Assistant…,Home Assistantからエリアとエンティティをインポート中…,don't translate Home Assistant
ui_incoming_outgoing_1815915,string,,%1$s incoming · %2$s outgoing%3$s,到着 %1$s件・発送 %2$s件%3$s,keep %1$s %2$s %3$s
ui_incoming_outgoing_49b9c0b,string,,%1$s incoming · %2$s outgoing,到着 %1$s件・発送 %2$s件,keep %1$s %2$s
ui_incorrect_pin_2de1d18,string,,Incorrect PIN,PINが正しくありません,
ui_increase_5a7fecf,string,,Increase,上げる,
ui_individual_water_usage_21dd78c,string,,Individual water usage,個別の水道使用量,
ui_individual_widgets_ff1526f,string,,Individual widgets,個別ウィジェット,
ui_indoor_average_53abf03,string,,INDOOR AVERAGE,室内平均,
ui_indoor_comfort_7060319,string,,Indoor comfort,室内の快適さ,
ui_instance_name_e98a2eb,string,,Instance name,インスタンス名,
ui_interactions_0b3583e,string,,Interactions,操作,
ui_internal_url_acab9b2,string,,Internal URL,内部URL,
ui_interval_seconds_eaeeb46,string,,Interval seconds,間隔(秒),
ui_is_c24d775,string,, is,は,keep the space at the start/end
ui_item_corner_roundness_5032003,string,,Item corner roundness,項目の角丸,
ui_items_cabff0b,string,,%1$s items,%1$s件,keep %1$s
ui_k_df46805,string,,%1$sK,%1$sK,keep %1$s
ui_keep_existing_edits_or_remove_all_battery_edits_and_acc0236,string,,"Keep existing edits, or remove all battery edits and import from scratch.",既存の編集を保持するか、すべてのバッテリーの編集を削除して最初からインポートします。,
ui_keep_only_the_title_right_header_pill_and_back_7777651,string,,"Keep only the title, right header pill, and back button when a page has one.",ページにある場合、タイトル、右ヘッダーピル、戻るボタンのみを保持します。,
ui_keeps_a_connection_to_home_assistant_for_instant_notificat_ecaee7d,string,,Keeps a connection to Home Assistant for instant notifications,即座に通知を受け取るためHome Assistantとの接続を維持します,don't translate Home Assistant
ui_keeps_presence_detection_and_zone_automations_working_andr_c48598a,string,,Keeps presence detection and zone automations working. Android should show ‘Allow all the time’.,在室検知とゾーンオートメーションを維持します。Androidでは「常に許可」を選択してください。,
ui_keeps_your_device_location_updated_in_home_assistant_e295875,string,,Keeps your device location updated in Home Assistant,Home Assistant内のデバイスの位置情報を最新に保ちます,don't translate Home Assistant
ui_km_h_ede7178,string,,%1$s km/h,%1$s km/h,keep %1$s
ui_kwh_72c28e9,string,,kWh,kWh,
ui_languages_and_frameworks_used_by_the_android_app_fb4ac97,string,,Languages and frameworks used by the Android app,Androidアプリで使用されている言語とフレームワーク,
ui_last_backup_05509f8,string,,Last backup %1$s,最終バックアップ %1$s,keep %1$s
ui_last_h_3faaee1,string,,Last %1$sh,過去%1$s時間,keep %1$s
ui_last_run_b27f32a,string,,Last run %1$s,前回の実行 %1$s,keep %1$s
ui_layout_972ad8d,string,,Layout,レイアウト,
ui_leave_a_tip_5f90f10,string,,Leave a tip,チップを送る,
ui_leave_empty_to_use_the_home_assistant_name_f769e92,string,,Leave empty to use the Home Assistant name,空欄にするとHome Assistantの名前を使用します,don't translate Home Assistant
ui_leave_this_empty_for_local_only_access_add_an_cc6bf85,string,,Leave this empty for local-only access. Add an external or Nabu Casa URL to use HKI 7 away from home.,ローカルのみのアクセスにする場合は空欄のままにしてください。外出先でHKI 7を使用するには外部URLまたはNabu Casa URLを追加してください。,"don't translate Nabu Casa, HKI 7"
ui_left_8ae1c34,string,,Left,左,
ui_left_side_overflows_right_fc8533c,string,,Left side overflows right,左側が右にはみ出す,
ui_less_526cb74,string,,Less,少なく,
ui_let_hki_7_create_the_first_version_for_you_dc36439,string,,Let HKI 7 create the first version for you.,HKI 7に最初のバージョンを作成させます。,don't translate HKI 7
ui_let_this_person_enter_edit_mode_667df39,string,,Let this person enter edit mode,この人物に編集モードへの入室を許可,
ui_level_7c7f5d0,string,,Level,レベル,
ui_level_unavailable_a442183,string,,Level unavailable,レベルが利用できません,
ui_license_3229609,string,,License,ライセンス,
ui_light_is_turned_off_ebc0cf1,string,,Light is turned off,照明はオフです,
ui_lines_c6fd387,string,,Lines,線,
ui_link_a_device_to_auto_fill_the_humidifier_s_6f65010,string,,"Link a device to auto-fill the humidifier's helper entities, or set them by hand",デバイスを紐付けると加湿器のヘルパーエンティティが自動入力されます。手動で設定することもできます,
ui_link_a_speed_control_197d75a,string,,Link a speed control,速度コントロールを紐付け,
ui_linked_speed_control_optional_95fd680,string,,Linked speed control (optional),紐付けられた速度コントロール (任意),
ui_live_65c821a,string,,Live,ライブ,
ui_live_6990f01,string,,LIVE,ライブ,
ui_live_indicators_11ef687,string,,Live indicators,ライブインジケーター,
ui_live_power_sensors_imported_from_home_assistant_s_configur_1b926f2,string,,Live power sensors imported from Home Assistant's configured Energy devices.,Home Assistantで設定されたEnergyデバイスからインポートされたリアルタイム電力センサー。,don't translate Home Assistant
ui_loading_actions_260b0c0,string,,Loading actions…,アクションを読み込み中…,
ui_loading_actions_877bfd9,string,,Loading actions...,アクションを読み込み中…,
ui_loading_camera_50a8065,string,,Loading camera…,カメラを読み込み中…,
ui_loading_device_a3fda88,string,,Loading device...,デバイスを読み込み中…,
ui_local_file_576d5ac,string,,Local file,ローカルファイル,
ui_local_network_optional_42aba01,string,,Local network (optional),ローカルネットワーク (任意),
ui_local_only_05ed059,string,,Local Only,ローカルのみ,
ui_locating_e46bab0,string,,Locating…,位置を特定中…,
ui_location_access_3b68001,string,,Location access,位置情報へのアクセス,
ui_location_d219c68,string,,Location,位置情報,
ui_location_unavailable_3a57dda,string,,Location Unavailable,位置情報が利用できません,
ui_lock_c37eb4c,string,,LOCK,ロック,
ui_locked_a798882,string,,Locked,施錠済み,
ui_locks_the_screen_to_its_highest_refresh_rate_while_585256f,string,,Locks the screen to its highest refresh rate while the app is open (uses more battery).,アプリを開いている間、画面を最高リフレッシュレートに固定します(バッテリー消費が増加します)。,
ui_log_in_again_1ee6e18,string,,Log in again,再度ログイン,
ui_logging_in_again_keeps_your_dashboard_and_settings_9a8ed6f,string,,Logging in again keeps your dashboard and settings.,再度ログインしてもダッシュボードと設定は保持されます。,
ui_logo_url_or_ha_local_path_optional_e795f06,string,,Logo URL or HA/local path (optional),ロゴURLまたはHA/ローカルパス (任意),
ui_logout_keep_config_32a0cfb,string,,Logout (Keep Config),ログアウト (設定を保持),
ui_low_a124947,string,,Low,低,
ui_low_ba7cae2,string,,%1$s low,%1$s件低下,keep %1$s
ui_low_batteries_41d22d9,string,,%1$s low batteries,%1$s件のバッテリー残量低下,keep %1$s
ui_low_plan_a_replacement_34435da,string,,Low — plan a replacement,低下 — 交換を検討してください,
ui_low_threshold_1ecfd8b,string,,Low threshold (%),低下しきい値 (%),
ui_lunar_phase_301b75e,string,,Lunar phase,月相,
ui_mail_92379cb,string,,Mail,郵便物,
ui_maintenance_94de303,string,,Maintenance,メンテナンス,
ui_manage_items_d854c4b,string,,Manage items,項目を管理,
ui_manage_order_411f2d9,string,,Manage order,順序を管理,
ui_managed_by_an_admin_805ae65,string,,Managed by an admin,管理者が管理,
ui_manual_configuration_only_selected_entities_and_devices_ar_10e150b,string,,Manual configuration: only selected entities and devices are shown.,手動設定: 選択したエンティティとデバイスのみが表示されます。,
ui_map_ab478f3,string,,Map,地図,
ui_map_c5cc79f,string,,Map: %1$s,マップ: %1$s,keep %1$s
ui_map_camera_for_dialog_2bc4344,string,,Map camera (for dialog),地図カメラ (ダイアログ用),
ui_map_status_sensors_and_control_bindings_8cc2dbd,string,,"Map, status sensors, and control bindings",地図、ステータスセンサー、コントロールの紐付け,
ui_map_unavailable_0ccd149,string,,Map unavailable,地図が利用できません,
ui_markdown_23e67fc,string,,Markdown,Markdown,
ui_matching_entities_are_added_automatically_by_home_assistan_07ebdac,string,,Matching entities are added automatically by Home Assistant device class. Add any missing or custom entities here.,一致するエンティティはHome Assistantのデバイスクラスに基づいて自動的に追加されます。不足しているエンティティやカスタムエンティティはここで追加してください。,don't translate Home Assistant
ui_media_0c77aee,string,,Media,メディア,
ui_media_browsing_isn_t_available_for_this_player_e068417,string,,Media browsing isn't available for this player.,このプレーヤーではメディアの参照はできません。,
ui_media_library_b9c5845,string,,Media library,メディアライブラリ,
ui_media_players_a4b8cf2,string,,Media players,メディアプレーヤー,
ui_media_players_ec25525,string,,Media Players,メディアプレーヤー,
ui_messages_safety_and_portability_ee58dfe,string,,"Messages, safety, and portability",メッセージ、安全性、持ち運び,
ui_messages_sent_to_this_device_via_home_assistant_s_87e4a32,string,,Messages sent to this device via\nHome Assistant's notify service appear here.,Home Assistantのnotifyサービス経由で\nこのデバイスに送信されたメッセージがここに表示されます。,don't translate Home Assistant; \n = line break
ui_meteorological_tap_or_swipe_3f3d67e,string,,Meteorological · tap or swipe,気象・タップまたはスワイプ,
ui_meter_readings_a3c12c4,string,,Meter readings,メーターの検針値,
ui_mixed_climate_5d22eb9,string,,Mixed climate,複合空調,
ui_mm_ce9b88b,string,,%1$s mm,%1$s mm,keep %1$s
ui_mmm_d_9367bcf,string,,"%1$s, MMM d",%1$s、MMM d,keep %1$s
ui_mode_a7b93d2,string,,Mode,モード,
ui_modes_6fc3ca8,string,,MODES,モード,
ui_modes_79f5b22,string,,Modes,モード,
ui_monitoring_a814345,string,,Monitoring,監視,
ui_moon_846b902,string,,Moon,月,
ui_move_down_260ff8a,string,,Move down,下に移動,
ui_move_up_b4f57cd,string,,Move up,上に移動,
ui_mozilla_public_license_2_0_mpl_2_0_4ec8335,string,,Mozilla Public License 2.0 (MPL-2.0),Mozilla Public License 2.0 (MPL-2.0),
ui_multiple_climate_values_are_averaged_separate_sensor_value_cfccbf4,string,,Multiple climate values are averaged. Separate sensor values are averaged only when no climate source is selected.,複数の空調値は平均化されます。個別のセンサー値は、空調ソースが選択されていない場合のみ平均化されます。,
ui_mywifi_mywifi_5g_2a163c1,string,,"MyWiFi, MyWiFi-5G","MyWiFi, MyWiFi-5G",
ui_n_b51a607,string,,N,N,
ui_name_709a232,string,,Name,名前,
ui_name_a_z_257c1c4,string,,Name A-Z,名前 A-Z,
ui_name_and_icon_shown_above_this_container_9076bde,string,,Name and icon shown above this container,このコンテナの上に表示される名前とアイコン,
ui_name_and_icon_shown_above_this_floor_3755eda,string,,Name and icon shown above this floor,このフロアの上に表示される名前とアイコン,
ui_name_and_icon_used_throughout_the_app_bed8e83,string,,Name and icon used throughout the app,アプリ全体で使用される名前とアイコン,
ui_name_optional_9c9f03a,string,,Name (optional),名前（任意）,
ui_name_subtitle_and_navigation_icon_3f2e8c4,string,,"Name, subtitle, and navigation icon",名前、サブタイトル、ナビゲーションアイコン,
ui_name_this_device_4d603e2,string,,Name this device,このデバイスの名前,
ui_name_width_and_icon_a4d694b,string,,"Name, width, and icon",名前、幅、アイコン,
ui_name_z_a_daabfb6,string,,Name Z-A,名前 Z-A,
ui_native_home_assistant_automations_always_in_sync_ae8941e,string,,"Native Home Assistant automations, always in sync",ネイティブのHome Assistantオートメーション、常に同期,don't translate Home Assistant
ui_navigation_bar_e90e3de,string,,Navigation Bar,ナビゲーションバー,
ui_network_routes_for_1d18efd,string,,Network routes for %1$s,%1$s のネットワーク経路,keep %1$s
ui_never_sent_to_the_developer_or_to_any_third_f0479e9,string,,"never sent to the developer or to any third party, and you can turn this ",開発者や第三者に送信されることはなく、Android設定でいつでも,keep the space at the start/end
ui_never_triggered_c91b347,string,,Never triggered,一度も作動していません,
ui_new_dashboard_4d3c071,string,,New Dashboard,新しいダッシュボード,
ui_new_floor_1389094,string,,New floor,新しいフロア,
ui_new_flow_d4cef94,string,,New flow,新しいフロー,
ui_next_camera_14994be,string,,Next camera,次のカメラ,
ui_no_active_parcels_or_mail_6c9d49c,string,,No active parcels or mail.,アクティブな荷物や郵便物はありません。,
ui_no_activity_in_this_period_5cb3978,string,,No activity in this period,この期間の活動はありません,
ui_no_adaptive_lighting_profiles_are_currently_available_6d29642,string,,No Adaptive Lighting profiles are currently available.,現在利用可能なアダプティブ照明プロファイルはありません。,
ui_no_air_purifiers_configured_add_fan_entities_under_climate_fd229a8,string,,No air purifiers configured. Add fan entities under Climate Settings → Climate Entities → Air purifiers.,空気清浄機が設定されていません。空調設定 → 空調エンティティ → 空気清浄機からファンエンティティを追加してください。,
ui_no_alarm_585ad82,string,,No alarm,警報なし,
ui_no_announced_letters_4382408,string,,No announced letters.,通知済みの手紙はありません。,
ui_no_archived_notifications_ed5604b,string,,No archived notifications,アーカイブされた通知はありません,
ui_no_battery_entities_found_turn_off_battery_filtering_to_dfbc403,string,,No Battery+ entities found. Turn off Battery+ filtering to show all battery sensors.,Battery+エンティティが見つかりません。すべてのバッテリーセンサーを表示するにはBattery+フィルターをオフにしてください。,
ui_no_battery_sensors_found_7cc0962,string,,No battery sensors found.,バッテリーセンサーが見つかりません。,
ui_no_camera_selected_717ad35,string,,No camera selected,カメラが選択されていません,
ui_no_carbon_intensity_sensor_found_on_this_device_140bf09,string,,No carbon intensity sensor found on this device,このデバイスに炭素強度センサーが見つかりません,
ui_no_cards_yet_open_the_stack_settings_to_pick_021dada,string,,No cards yet — open the stack settings to pick energy cards.,カードがまだありません — スタック設定を開いてエネルギーカードを選択してください。,
ui_no_cards_yet_open_the_stack_settings_to_pick_ca8008f,string,,No cards yet — open the stack settings to pick climate cards.,カードがまだありません — スタック設定を開いて空調カードを選択してください。,
ui_no_climate_data_37d45e0,string,,No climate data,空調データがありません,
ui_no_climate_devices_found_thermostats_and_ac_units_from_2e47541,string,,No climate devices found. Thermostats and AC units from Home Assistant appear here automatically.,空調デバイスが見つかりません。Home Assistantのサーモスタットとエアコンはここに自動的に表示されます。,don't translate Home Assistant
ui_no_collections_in_the_next_7_days_6d48bf4,string,,No collections in the next 7 days.,今後7日間の収集予定はありません。,
ui_no_conditions_this_flow_always_continues_c95e76f,string,,No conditions — this flow always continues,条件なし — このフローは常に続行されます,
ui_no_dashboards_have_been_shared_with_you_yet_ask_38b2c0d,string,,"No dashboards have been shared with you yet. Ask an admin to share one, or pick another option above.",まだあなたと共有されているダッシュボードはありません。管理者に共有を依頼するか、上の他のオプションを選択してください。,
ui_no_dashboards_have_been_shared_with_you_yet_ask_877080a,string,,No dashboards have been shared with you yet. Ask an admin to share one.,まだあなたと共有されているダッシュボードはありません。管理者に共有を依頼してください。,
ui_no_data_d802d23,string,,No data,データがありません,
ui_no_door_sensor_f6b60c8,string,,No door sensor,ドアセンサーなし,
ui_no_energy_sensors_found_eeecdec,string,,No energy sensors found.,エネルギーセンサーが見つかりません。,
ui_no_events_e339ba7,string,,No events,イベントがありません,
ui_no_fans_found_fan_entities_from_home_assistant_appear_279dab7,string,,No fans found. Fan entities from Home Assistant appear here automatically.,ファンが見つかりません。Home Assistantのファンエンティティはここに自動的に表示されます。,don't translate Home Assistant
ui_no_forecast_available_ed48809,string,,No forecast available,予報を利用できません,
ui_no_graphs_yet_open_the_stack_settings_to_add_87f742f,string,,No graphs yet — open the stack settings to add sensor graphs.,グラフがまだありません — スタック設定を開いてセンサーグラフを追加してください。,
ui_no_heading_162947f,string,,No heading,見出しなし,
ui_no_hourly_forecast_available_9ef5a5f,string,,No hourly forecast available,1時間ごとの予報が利用できません,
ui_no_humidifiers_found_humidifier_entities_from_home_assista_eeadbd7,string,,No humidifiers found. Humidifier entities from Home Assistant appear here automatically; extras can be added in Climate Settings.,加湿器が見つかりません。Home Assistantの加湿器エンティティはここに自動的に表示されます。追加分は空調設定で追加できます。,don't translate Home Assistant
ui_no_individual_water_devices_configured_d0060ba,string,,No individual water devices configured.,個別の水道デバイスが設定されていません。,
ui_no_letter_image_available_eeb42c0,string,,No letter image available,手紙の画像がありません,
ui_no_map_camera_configured_d72057b,string,,No map camera\nconfigured,地図カメラが\n設定されていません,\n = line break
ui_no_map_camera_set_configure_in_button_settings_b54466c,string,,No map camera set.\nConfigure in button settings.,地図カメラが設定されていません。\nボタン設定で設定してください。,\n = line break
ui_no_matches_cd0af6c,string,,No matches,一致なし,
ui_no_matching_automations_4489522,string,,No matching automations,一致するオートメーションがありません,
ui_no_media_players_found_1248a89,string,,No media players found.,メディアプレーヤーが見つかりません。,
ui_no_native_home_assistant_automations_found_725a043,string,,No native Home Assistant automations found,ネイティブのHome Assistantオートメーションが見つかりません,don't translate Home Assistant
ui_no_non_admin_users_found_on_this_home_assistant_e9e665d,string,,No non-admin users found on this Home Assistant.,このHome Assistantに管理者以外のユーザーが見つかりません。,don't translate Home Assistant
ui_no_notifications_a72159d,string,,No Notifications,通知はありません,
ui_no_notifications_b08626f,string,,No notifications,通知はありません,
ui_no_options_available_7a19b6d,string,,No options available,利用可能なオプションがありません,
ui_no_other_entities_on_this_device_fbc481b,string,,No other entities on this device.,このデバイスに他のエンティティはありません。,
ui_no_other_users_found_on_this_home_assistant_cb89d3d,string,,No other users found on this Home Assistant.,このHome Assistantに他のユーザーが見つかりません。,don't translate Home Assistant
ui_no_parcel_selected_922a402,string,,No parcel selected,荷物が選択されていません,
ui_no_parcels_cf4c0a0,string,,No %1$s parcels.,%1$s の荷物はありません。,keep %1$s
ui_no_phase_sensors_configured_in_energy_settings_b88c1dc,string,,No phase sensors configured in Energy Settings.,エネルギー設定で相センサーが設定されていません。,
ui_no_power_sensors_found_caf2e07,string,,No power sensors found.,電力センサーが見つかりません。,
ui_no_power_sensors_found_on_this_device_or_its_942e9be,string,,No power sensors found on this device (or its sub-devices) yet.,このデバイス(またはそのサブデバイス)に電力センサーがまだ見つかりません。,
ui_no_profile_available_98d6e00,string,,No profile available,利用可能なプロファイルがありません,
ui_no_sensors_found_edacf22,string,,No %1$s sensors found.,%1$sセンサーが見つかりません。,keep %1$s
ui_no_sensors_selected_open_the_widget_settings_in_edit_cd87a2e,string,,No sensors selected — open the widget settings in edit mode.,センサーが選択されていません — 編集モードでウィジェット設定を開いてください。,
ui_no_servers_found_yet_make_sure_you_re_on_7e6832d,string,,"No servers found yet. Make sure you're on the same Wi-Fi, or enter the address below.",サーバーがまだ見つかりません。同じWi-Fiに接続しているか確認するか、下にアドレスを入力してください。,
ui_no_speed_control_linked_cb0e9ad,string,,No speed control linked,速度コントロールが紐付けられていません,
ui_no_status_history_enable_parcel_history_in_the_integration_302ca4a,string,,No status history (enable parcel history in the integration options),ステータス履歴なし(統合のオプションで荷物履歴を有効にしてください),
ui_no_stream_available_0535c4e,string,,No stream available,利用可能なストリームがありません,
ui_no_stream_available_6bfd14a,string,,No Stream Available,ストリームが利用できません,
ui_no_supported_alarm_modes_reported_by_this_entity_588b22a,string,,No supported alarm modes reported by this entity,このエンティティから対応するアラームモードが報告されていません,
ui_no_target_f919b89,string,,No target,対象なし,
ui_no_tariff_sensors_configured_in_energy_settings_2ad6a3c,string,,No tariff sensors configured in Energy Settings.,エネルギー設定で料金センサーが設定されていません。,
ui_no_thanks_6d745b3,string,,No thanks,結構です,
ui_no_upcoming_collections_feff2a6,string,,No upcoming collections,今後の収集予定はありません,
ui_no_waste_sensors_selected_68b51ce,string,,No waste sensors selected,ごみセンサーが選択されていません,
ui_no_waste_sensors_selected_add_them_via_the_widget_554ff3d,string,,No waste sensors selected. Add them via the widget settings in edit mode.,ごみセンサーが選択されていません。編集モードのウィジェット設定から追加してください。,
ui_no_weather_cards_ce32255,string,,No weather cards,天気カードがありません,
ui_no_weather_entity_available_7476bcb,string,,No weather entity available,利用可能な天気エンティティがありません,
ui_no_widgets_match_73a3c20,string,,"No widgets match ""%1$s""",「%1$s」に一致するウィジェットがありません,keep %1$s
ui_none_6eef664,string,,None,なし,
ui_none_auto_cc8786f,string,,None / Auto,なし / 自動,
ui_none_modes_stay_as_the_only_control_b62bff7,string,,None — modes stay as the only control,なし — モードのみを唯一のコントロールとして維持します,
ui_none_of_your_configured_carriers_support_adding_a_parcel_21dc0a4,string,,"None of your configured carriers support adding a parcel by tracking number. Account-based carriers (PostNL, DPD, DHL) only track what's already in your account.",設定済みの配送業者はいずれも追跡番号での荷物追加に対応していません。アカウント型の配送業者(PostNL、DPD、DHL)はアカウントに既に登録されているものだけを追跡します。,
ui_none_selected_5798946,string,,None selected,選択なし,
ui_none_timer_follows_the_completion_time_only_09d470a,string,,None — timer follows the completion time only,なし — タイマーは完了時刻のみに従います,
ui_not_enough_data_cdb9d58,string,,Not enough data,データが不足しています,
ui_not_enough_data_in_this_period_48188c4,string,,Not enough data in this period,この期間のデータが不足しています,
ui_not_loaded_by_home_assistant_95f811a,string,,Not loaded by Home Assistant,Home Assistantで読み込まれていません,don't translate Home Assistant
ui_not_set_93039e6,string,,Not set,未設定,
ui_nothing_here_7f42022,string,,Nothing here.,ここには何もありません。,
ui_nothing_hidden_fd1cdd3,string,,Nothing hidden,非表示の項目はありません,
ui_nothing_is_shared_yet_fca61d0,string,,Nothing is shared yet.,まだ何も共有されていません。,
ui_nothing_removed_d67902f,string,,Nothing removed.,削除された項目はありません。,
ui_nothing_removed_use_edit_mode_on_the_climate_page_dd07910,string,,Nothing removed. Use edit mode on the Climate page to remove cards; they land here and can be restored.,削除された項目はありません。空調ページの編集モードでカードを削除すると、ここに保存され復元できます。,
ui_nothing_to_reorder_yet_cdcbb36,string,,Nothing to reorder yet.,並べ替える項目がまだありません。,
ui_notification_c18f8f2,string,,Notification,通知,
ui_notifications_753a22b,string,,Notifications,通知,
ui_notifications_are_delivered_over_the_app_s_live_connection_d2aa965,string,,Notifications are delivered over the app's live connection whenever it is open — send them from Home Assistant with the notify service for this device. Swipe in from the left edge to see the history.,通知はアプリが開いている間、アプリのライブ接続を通じて配信されます。このデバイス向けにHome Assistantのnotifyサービスから送信してください。左端からスワイプすると履歴が表示されます。,don't translate Home Assistant
ui_now_e3b8204,string,,Now,現在,
ui_of_3_enabled_5cdedd4,string,,%1$s of 3 enabled,3件中%1$s件有効,keep %1$s
ui_of_home_fdfd824,string,,%1$s%% of home,家全体の%1$s%%,keep %1$s
ui_off_ad50489,string,,OFF,オフ,
ui_off_at_any_time_in_android_settings_4607e2c,string,,off at any time in Android settings.,Android設定でいつでもオフにできます。,
ui_off_e3de5ab,string,,Off,オフ,
ui_ok_9ce3bd4,string,,OK,OK,
ui_on_12469c7,string,,On - %1$s%%,オン - %1$s%%,keep %1$s
ui_on_387d7a5,string,,ON,オン,
ui_on_e0049a6,string,,On,オン,
ui_on_f9ca2fe,string,,%1$s%% • ON,%1$s%%・オン,keep %1$s
ui_on_these_wi_fi_networks_the_app_connects_via_82d3f1f,string,,On these Wi-Fi networks the app connects via the internal URL; everywhere else it uses the main server URL above.,これらのWi-Fiネットワークではアプリは内部URL経由で接続します。それ以外の場所では上記のメインサーバーURLを使用します。,
ui_on_this_device_a7f9620,string,,On this device,このデバイスで,
ui_onboard_step_fefaac1,string,,onboard_step,onboard_step,
ui_only_percentage_sensors_classified_by_home_assistant_as_ba_0d94a2a,string,,Only percentage sensors classified by Home Assistant as batteries are imported. ,Home Assistantによりバッテリーとして分類されたパーセンテージセンサーのみがインポートされます。,don't translate Home Assistant; keep the space at the start/end
ui_only_show_battery_entities_and_include_battery_type_detail_b216867,string,,Only show Battery+ entities and include battery type details,Battery+エンティティのみを表示し、バッテリー種別の詳細を含めます,
ui_only_show_battery_entities_and_include_type_quantity_and_0d8ce40,string,,"Only show Battery+ entities and include type, quantity, and related battery info.",Battery+エンティティのみを表示し、種別、数量、関連するバッテリー情報を含めます。,
ui_open_camera_full_screen_afc186b,string,,Open camera full screen,カメラを全画面で開く,
ui_open_cf9b770,string,,Open,開く,
ui_open_history_for_graph_ae801d5,string,,Open history for graph,グラフの履歴を開く,
ui_open_link_d2de1a2,string,,Open link,リンクを開く,
ui_open_source_and_premium_licensing_0328125,string,,Open-source and premium licensing,オープンソースとPremiumのライセンス,
ui_open_the_component_on_github_c1e5ee5,string,,Open the component on GitHub,GitHubでコンポーネントを開く,
ui_open_this_panel_by_swiping_left_from_the_upper_671e63c,string,,Open this panel by swiping left from the upper-right edge of any page header.,任意のページヘッダーの右上端から左にスワイプするとこのパネルが開きます。,
ui_opening_dashboard_8e99930,string,,Opening dashboard…,ダッシュボードを開いています…,
ui_openstreetmap_fa78a33,string,,OpenStreetMap,OpenStreetMap,
ui_optional_context_shown_by_the_lock_card_03f6814,string,,Optional context shown by the lock card,ロックカードに表示する任意の補足情報,
ui_optional_controls_and_sensors_for_richer_dialogs_7a80e7b,string,,Optional controls and sensors for richer dialogs,より充実したダイアログのためのオプションのコントロールとセンサー,
ui_optional_display_name_and_icon_override_f7a6cda,string,,Optional display name and icon override,表示名とアイコンの上書き (任意),
ui_optional_fields_passed_to_home_assistant_54dffc6,string,,Optional fields passed to Home Assistant,Home Assistantに渡されるオプションフィールド,don't translate Home Assistant
ui_optional_label_shown_when_name_is_enabled_above_8229e92,string,,"Optional label shown when ""Name"" is enabled above",上の「名前」が有効な場合に表示されるオプションラベル,
ui_optional_name_and_icon_overrides_5dfd062,string,,Optional name and icon overrides,名前とアイコンの上書き (任意),
ui_optional_name_and_icon_shown_above_this_stack_272f237,string,,Optional name and icon shown above this stack,このスタックの上に表示する名前とアイコン (任意),
ui_optional_premium_5ae8183,string,,Optional Premium,Premium (任意),
ui_optional_support_for_development_and_testing_costs_5d6af95,string,,Optional support for development and testing costs,開発・テスト費用への任意のサポート,
ui_optional_title_and_dashboard_width_e04c6e8,string,,Optional title and dashboard width,タイトルとダッシュボード幅 (任意),
ui_optional_title_width_and_supported_shape_8b2e456,string,,"Optional title, width, and supported shape",タイトル、幅、対応形状 (任意),
ui_options_6bf5da9,string,,Options,オプション,
ui_organization_519255a,string,,Organization,整理,
ui_oscillate_3d3c9bd,string,,Oscillate,首振り,
ui_outside_cbbef8c,string,,OUTSIDE,屋外,
ui_outside_is_never_auto_detected_either_link_a_weather_eb8cc14,string,,"Outside is never auto-detected. Either link a weather entity (it usually carries temperature, humidity and pressure) or pick individual outdoor sensors below. The temperature feeds the Outside tile and the hero's outside reading.",屋外は自動検出されません。天気エンティティを紐付ける(通常は気温、湿度、気圧を含みます)か、以下から個別の屋外センサーを選択してください。この気温は屋外タイルとヒーローの屋外表示に反映されます。,
ui_outside_weather_entity_98e8465,string,,Outside weather entity,屋外の天気エンティティ,
ui_page_areas_1068b64,string,,Page areas,ページエリア,
ui_page_icon_b58a288,string,,Page icon,ページアイコン,
ui_page_identity_dafa8dd,string,,Page identity,ページ識別情報,
ui_page_name_c99f51a,string,,Page name,ページ名,
ui_page_settings_0a44afc,string,,Page settings,ページ設定,
ui_page_subtitle_8a04084,string,,Page subtitle,ページサブタイトル,
ui_parcel_9ddaaee,string,,Parcel,荷物,
ui_parcels_16129ec,string,,Parcels,荷物,
ui_parental_controls_c4f61d0,string,,Parental controls,ペアレンタルコントロール,
ui_parental_controls_dashboard_sharing_and_permissions_b74e0c0,string,,"Parental controls, dashboard sharing, and permissions",ペアレンタルコントロール、ダッシュボード共有、権限,
ui_parental_controls_sharing_needs_the_hki_7_cloud_component_7929459,string,,Parental controls & sharing — needs the HKI 7 Cloud component,ペアレンタルコントロール & 共有 — HKI 7 Cloudコンポーネントが必要です,don't translate HKI 7 Cloud
ui_pause_781961b,string,,Pause,一時停止,
ui_pause_adaptation_821b33e,string,,Pause adaptation,適応を一時停止,
ui_pending_timer_dbf15fa,string,,Pending timer,保留中のタイマー,
ui_people_b37554f,string,,People,人物,
ui_permission_needed_7c7a8e5,string,,Permission needed,権限が必要です,
ui_permissions_d06d555,string,,Permissions,権限,
ui_person_settings_977e009,string,,Person settings,人物設定,
ui_personal_information_used_throughout_hki_7_b7d1b08,string,,Personal information used throughout HKI 7,HKI 7全体で使用される個人情報,don't translate HKI 7
ui_personalize_7602b35,string,,Personalize,パーソナライズ,
ui_persons_order_9fe91dc,string,,Persons order,人物の順序,
ui_phase_17619b8,string,,Phase %1$s,相 %1$s,keep %1$s
ui_pick_a_carbon_footprint_device_ea1fe94,string,,Pick a carbon footprint device,炭素排出量デバイスを選択,
ui_pick_a_device_to_auto_fill_the_sensors_below_f396326,string,,Pick a device to auto-fill the sensors below,デバイスを選択すると以下のセンサーが自動入力されます,
ui_pick_a_source_device_or_fine_tune_individual_roles_beb54f5,string,,Pick a source device or fine-tune individual roles,ソースデバイスを選択するか、個々の役割を細かく調整,
ui_pick_a_starting_point_everything_remains_editable_340924e,string,,Pick a starting point; everything remains editable,出発点を選択してください。すべて後から編集できます,
ui_pickup_b6da461,string,,Pickup: %1$s,受取: %1$s,keep %1$s
ui_pin_3adadd3,string,,PIN,PIN,
ui_place_this_room_in_the_correct_floor_group_52c044a,string,,Place this room in the correct floor group,この部屋を正しい階グループに配置,
ui_placement_ab89d05,string,,Placement,配置,
ui_playback_c8e3087,string,,Playback,再生,
ui_player_e53407c,string,,Player,プレーヤー,
ui_players_summarized_by_the_room_header_and_card_729ea70,string,,Players summarized by the room header and card,部屋のヘッダーとカードに要約されるプレーヤー,
ui_please_wait_5afeca7,string,,Please wait…,お待ちください…,
ui_position_d0b0314,string,,POSITION,位置,
ui_postal_code_optional_b86b6a2,string,,Postal code (optional),郵便番号 (任意),
ui_power_c2b6b52,string,,POWER,電力,
ui_power_overview_a204dd7,string,,Power overview,電力の概要,
ui_power_per_phase_1f38fb0,string,,Power per phase,相ごとの電力,
ui_precipitation_60d5e73,string,,Precipitation,降水量,
ui_premium_icon_packs_animated_icons_and_artwork_premium_them_6363fef,string,,"Premium icon packs, animated icons and artwork, premium themes, entitlement services, and any separately marked premium modules are not covered by MPL-2.0. They remain proprietary and are licensed for personal use through a valid Premium entitlement.",Premiumアイコンパック、アニメーションアイコンやアートワーク、Premiumテーマ、権利サービス、その他個別にPremiumと記載されたモジュールはMPL-2.0の対象外です。これらは非公開のままとなり、有効なPremium権利を通じて個人利用向けにライセンスされます。,
ui_presets_6891289,string,,PRESETS,プリセット,
ui_presets_e709e76,string,,Presets,プリセット,
ui_press_ea683ad,string,,Press,押す,
ui_prevents_android_from_delaying_battery_charging_and_presen_623b898,string,,"Prevents Android from delaying battery, charging, and presence updates while the device is idle.",デバイスがアイドル状態のとき、Androidがバッテリー、充電、在室状況の更新を遅延させないようにします。,
ui_previous_camera_5014da7,string,,Previous camera,前のカメラ,
ui_produced_5028c07,string,,Produced %1$s,%1$s発電,keep %1$s
ui_production_overview_fbbfc38,string,,Production overview,発電の概要,
ui_profile_ff4fc02,string,,Profile,プロフィール,
ui_profile_switches_affect_every_light_assigned_to_19ba9ec,string,,Profile switches affect every light assigned to %1$s.,プロファイルの切り替えは%1$sに割り当てられたすべてのライトに影響します。,keep %1$s
ui_profiles_0c2a930,string,,Profiles,プロファイル,
ui_project_information_licensing_and_community_support_9fc47d6,string,,"Project information, licensing, and community support",プロジェクト情報、ライセンス、コミュニティサポート,
ui_publish_one_of_your_dashboards_to_your_family_recipients_88c1d49,string,,Publish one of your dashboards to your family. Recipients import it from Settings › Dashboard and can pull updates later. Set what they may change under Permissions.,ダッシュボードの1つを家族に公開します。受信者は設定 › ダッシュボードからインポートし、後で更新を取得できます。権限で受信者が変更できる内容を設定してください。,
ui_published_to_your_family_33fc8da,string,,Published to your family,家族に公開済み,
ui_pulse_8439fc4,string,,pulse,pulse,
ui_pulsescale_939f5c2,string,,pulseScale,pulseScale,
ui_push_delivery_and_history_aa3e29d,string,,Push delivery and history,プッシュ配信と履歴,
ui_push_my_changes_now_ddff3f6,string,,Push my changes now,今すぐ変更をプッシュ,
ui_pushing_3c52088,string,,Pushing…,プッシュ中…,
ui_quick_actions_e47e804,string,,Quick actions,クイックアクション,
ui_quick_start_gesture_23ee6fe,string,,quick_start_gesture,quick_start_gesture,
ui_rain_0a858c9,string,,Rain,雨,
ui_rain_map_7c1862a,string,,Rain map,雨雲マップ,
ui_rain_map_image_url_0c47012,string,,Rain map image URL,雨雲レーダー画像URL,
ui_rain_map_url_iframe_3f22653,string,,Rain map URL (iframe),雨雲マップURL（iframe）,
ui_re_import_batteries_9473d07,string,,Re-import batteries,バッテリーを再インポート,
ui_re_import_batteries_f3b8458,string,,Re-import Batteries,バッテリーを再インポート,
ui_re_import_climate_3ed098c,string,,Re-import climate,空調を再インポート,
ui_re_import_climate_f7f5678,string,,Re-import Climate,空調を再インポート,
ui_re_import_energy_9e66bbb,string,,Re-import Energy,エネルギーを再インポート,
ui_re_import_energy_c0b0fcc,string,,Re-import energy,エネルギーを再インポート,
ui_re_import_rooms_6cc58f9,string,,Re-import rooms,部屋を再インポート,
ui_re_import_rooms_b49077d,string,,Re-import Rooms,部屋を再インポート,
ui_re_import_security_411e76d,string,,Re-import Security,セキュリティを再インポート,
ui_re_import_security_fcf0ad8,string,,Re-import security,セキュリティを再インポート,
ui_read_only_home_assistant_automation_46d25b7,string,,Read-only Home Assistant automation,読み取り専用のHome Assistantオートメーション,don't translate Home Assistant
ui_read_the_full_mpl_2_0_4d68c7d,string,,Read the full MPL 2.0,MPL 2.0の全文を読む,
ui_ready_20c7c55,string,,Ready,準備完了,
ui_receive_home_assistant_alerts_and_actionable_notifications_386435f,string,,Receive Home Assistant alerts and actionable notifications on this device.,このデバイスでHome Assistantのアラートや操作可能な通知を受信します。,don't translate Home Assistant
ui_recipes_create_regular_home_assistant_automations_you_can_a81bf72,string,,Recipes create regular Home Assistant automations. You can continue editing them in either HKI7 or Home Assistant.,レシピは通常のHome Assistantオートメーションを作成します。HKI7またはHome Assistantのどちらでも編集を続けられます。,"don't translate Home Assistant, HKI7"
ui_recommended_e37d21e,string,,RECOMMENDED,おすすめ,
ui_recording_09b5b61,string,,Recording · ,録画中・,keep the space at the start/end
ui_refresh_56e3bad,string,,Refresh,更新,
ui_refresh_connection_46966aa,string,,Refresh Connection,接続を更新,
ui_refresh_interval_f086d9d,string,,Refresh interval,更新間隔,
ui_relock_after_4db5c55,string,,Relock after,自動施錠までの時間,
ui_remote_access_is_ready_0e26b5a,string,,Remote access is ready.,リモートアクセスの準備が整いました。,
ui_remote_access_optional_75dd54d,string,,Remote access (optional),リモートアクセス (任意),
ui_remove_436e1a0,string,,Remove %1$s?,%1$s を削除しますか?,keep %1$s
ui_remove_avatar_58e0c56,string,,Remove avatar,アバターを削除,
ui_remove_e963907,string,,Remove,削除,
ui_remove_edits_and_import_all_7f0b4a1,string,,Remove edits and import all,編集を削除してすべてインポート,
ui_removed_entities_559c584,string,,Removed entities (%1$s),削除されたエンティティ (%1$s),keep %1$s
ui_removed_entities_6dbeb2d,string,,Removed entities,削除されたエンティティ,
ui_removed_entities_are_excluded_from_cards_graphs_tiles_and_628e91a,string,,"Removed entities are excluded from cards, graphs, tiles and averages. Tap ✕ to restore.",削除されたエンティティはカード、グラフ、タイル、平均値から除外されます。✕をタップすると復元できます。,
ui_rename_d3f4cb8,string,,Rename,名前を変更,
ui_rename_dashboard_ceb1d6d,string,,Rename dashboard,ダッシュボード名を変更,
ui_rename_home_assistant_f1a0d6f,string,,Rename Home Assistant,Home Assistantの名前を変更,don't translate Home Assistant
ui_rename_players_and_choose_which_ones_may_show_the_212864f,string,,Rename players and choose which ones may show the mini player above the navigation bar while playing.,プレーヤーの名前を変更し、再生中にナビゲーションバーの上にミニプレーヤーを表示するものを選択します。,
ui_rename_players_and_mini_player_visibility_8d0e1f7,string,,Rename players and mini player visibility,プレーヤーの名前とミニプレーヤーの表示,
ui_rendering_style_and_history_range_be872e9,string,,Rendering style and history range,描画スタイルと履歴の範囲,
ui_reorder_and_hide_tabs_39de701,string,,Reorder and hide tabs,タブの並べ替えと非表示,
ui_reorder_cameras_b226c47,string,,Reorder cameras,カメラを並べ替え,
ui_reorder_cards_147ed64,string,,Reorder cards,カードを並べ替え,
ui_reorder_devices_8bcc061,string,,Reorder devices,デバイスを並べ替え,
ui_repeat_659eba1,string,,Repeat,繰り返し,
ui_repeats_every_day_only_the_time_of_day_is_a71f502,string,,Repeats every day — only the time of day is used.,毎日繰り返します — 時刻のみが使用されます。,
ui_repeats_every_month_only_the_day_of_the_month_93ca445,string,,Repeats every month — only the day of the month and time are used.,毎月繰り返します — 日と時刻のみが使用されます。,
ui_repeats_every_week_only_the_weekday_and_time_are_8f36757,string,,Repeats every week — only the weekday and time are used.,毎週繰り返します — 曜日と時刻のみが使用されます。,
ui_repeats_every_year_the_year_is_ignored_so_e_a661f32,string,,"Repeats every year — the year is ignored, so e.g. 24–26 Dec recurs each Christmas.",毎年繰り返します — 年は無視されるため、例えば12月24〜26日は毎年のクリスマスに繰り返されます。,
ui_require_an_extra_gesture_or_pin_before_actions_run_19ae393,string,,Require an extra gesture or PIN before actions run,アクション実行前に追加のジェスチャーまたはPINを要求,
ui_required_9100e2e,string,, (required), （必須）,keep the space at the start/end
ui_required_state_bdc9c95,string,,Required state,必須状態,
ui_reset_44c57ab,string,,Reset,リセット,
ui_reset_everything_2d6cd07,string,,Reset Everything,すべてをリセット,
ui_restart_b134bd5,string,,Restart,再起動,
ui_restart_home_assistant_0206bf0,string,,Restart Home Assistant?,Home Assistantを再起動しますか?,don't translate Home Assistant
ui_restart_home_assistant_551322c,string,,Restart Home Assistant,Home Assistantを再起動,don't translate Home Assistant
ui_restarting_b86eee1,string,,Restarting…,再起動中…,
ui_restore_3cbe6d6,string,,Restore,復元,
ui_restore_backup_a65eaa8,string,,Restore backup,バックアップを復元,
ui_restore_from_cloud_52b6663,string,,Restore from cloud,クラウドから復元,
ui_restore_from_home_assistant_13aec1d,string,,Restore from Home Assistant,Home Assistantから復元,don't translate Home Assistant
ui_resume_adaptation_ac73b12,string,,Resume adaptation,適応を再開,
ui_resume_b3bd0b5,string,,Resume,再開,
ui_reverse_57f9933,string,,Reverse,逆方向,
ui_right_954daa8,string,,Right,右,
ui_right_side_overflows_left_d75893d,string,,Right side overflows left,右側が左にはみ出す,
ui_room_areas_584c8ee,string,,Room areas,部屋エリア,
ui_room_climate_c57811d,string,,Room climate,部屋の空調,
ui_room_name_8605e33,string,,Room name,部屋名,
ui_room_scale_6602c22,string,,room-scale,room-scale,
ui_rooms_3a28d6f,string,,Rooms,部屋,
ui_rooms_are_imported_2ef3415,string,,Rooms are imported,部屋はインポート済みです,
ui_rooms_in_auto_mode_are_imported_from_home_assistant_c583d84,string,,Rooms in auto mode are imported from Home Assistant. Switch to manual or take over the current dashboard to add widgets by hand.,自動モードの部屋はHome Assistantからインポートされます。手動に切り替えるか、現在のダッシュボードを引き継ぐとウィジェットを手動で追加できます。,don't translate Home Assistant
ui_rotation_acaf322,string,,rotation,rotation,
ui_roundness_of_buttons_cards_and_widgets_3573fff,string,,"Roundness of buttons, cards and widgets",ボタン、カード、ウィジェットの角丸,
ui_run_b1b3926,string,,Run,実行,
ui_run_mode_12ce660,string,,Run mode,実行モード,
ui_running_state_entity_3c8ffde,string,,Running-state entity,動作状態エンティティ,
ui_s_02aa629,string,,S,S,
ui_s_are_81c69ca,string,,s are,は,
ui_s_refresh_10a9b0b,string,,%1$ss refresh,%1$s秒ごとに更新,keep %1$s
ui_save_efc007a,string,,Save,保存,
ui_save_in_home_assistant_eacb2ce,string,,Save in Home Assistant,Home Assistantに保存,don't translate Home Assistant
ui_save_local_network_7f0247d,string,,Save Local Network,ローカルネットワークを保存,
ui_save_or_restore_dashboard_configuration_be8f39f,string,,Save or restore dashboard configuration,ダッシュボード構成を保存または復元,
ui_save_profile_f597c0e,string,,Save profile,プロファイルを保存,
ui_save_remote_access_05740bc,string,,Save Remote Access,リモートアクセスを保存,
ui_saved_directly_in_the_native_automation_734f9ba,string,,Saved directly in the native automation,ネイティブのオートメーションに直接保存されます,
ui_saving_56a2285,string,,Saving…,保存中…,
ui_scanning_36c4a06,string,,Scanning…,スキャン中…,
ui_scheduled_1cd1bda,string,,Scheduled,スケジュール済み,
ui_search_actions_9313854,string,,Search actions,アクションを検索,
ui_search_automations_9172ba9,string,,Search automations,オートメーションを検索,
ui_search_batteries_a63e58b,string,,Search batteries,バッテリーを検索,
ui_search_bce0641,string,,Search,検索,
ui_search_by_name_28abc03,string,,Search by name,名前で検索,
ui_search_devices_2ce0b70,string,,Search devices,デバイスを検索,
ui_search_entities_7c70008,string,,Search entities,エンティティを検索,
ui_search_f54fbca,string,,Search…,検索…,
ui_search_filters_3d10e32,string,,Search & filters,検索 & フィルター,
ui_search_sort_9fe6cb4,string,,Search & sort,検索 & 並べ替え,
ui_search_the_material_design_icon_library_2a2aa8d,string,,Search the Material Design icon library,Material Designアイコンライブラリを検索,
ui_search_widgets_9525879,string,,Search widgets,ウィジェットを検索,
ui_season_62255f5,string,,Season,季節,
ui_season_card_flip_6683142,string,,season-card-flip,season-card-flip,
ui_secondary_line_ca81690,string,,Secondary line,セカンダリ行,
ui_seconds_5fb1db5,string,,Seconds,秒,
ui_securitydoor_929c4fc,string,,securityDoor,securityDoor,
ui_securitygarage_499e9f7,string,,securityGarage,securityGarage,
ui_securitygate_0743480,string,,securityGate,securityGate,
ui_securityhouse_08bd121,string,,securityHouse,securityHouse,
ui_securityphase_f4739f6,string,,securityPhase,securityPhase,
ui_securitypulse_5340cf8,string,,securityPulse,securityPulse,
ui_securitywindow_4619bf3,string,,securityWindow,securityWindow,
ui_select_0fc8ec5,string,,Select %1$s,%1$sを選択,keep %1$s
ui_select_a_mode_to_continue_0426fc8,string,,Select a mode to continue,続行するモードを選択してください,
ui_select_an_effect_to_turn_it_on_75d9bec,string,,Select an effect to turn it on,効果を選択してオンにします,
ui_select_an_inverter_device_in_energy_settings_solar_to_4a0aade,string,,Select an inverter device in Energy Settings → Solar to list its inverters here.,エネルギー設定 → 太陽光でインバーターデバイスを選択すると、ここにそのインバーターが一覧表示されます。,
ui_select_an_option_08d7aa3,string,,Select an option,オプションを選択,
ui_select_battery_devices_bfc9841,string,,Select Battery Devices,バッテリーデバイスを選択,
ui_select_battery_entities_b08b299,string,,Select Battery Entities,バッテリーエンティティを選択,
ui_select_battery_sensor_51f1222,string,,Select Battery Sensor,バッテリーセンサーを選択,
ui_select_calendars_and_the_view_shown_first_d5c38b5,string,,Select calendars and the view shown first,カレンダーと最初に表示するビューを選択,
ui_select_calendars_e26b0da,string,,Select Calendars,カレンダーを選択,
ui_select_camera_70cf6fb,string,,Select Camera,カメラを選択,
ui_select_climate_card_18f3b6e,string,,Select Climate Card,空調カードを選択,
ui_select_device_87a4751,string,,Select Device,デバイスを選択,
ui_select_door_sensor_f345fbf,string,,Select Door Sensor,ドアセンサーを選択,
ui_select_empty_bin_control_d992252,string,,Select Empty Bin Control,ゴミ箱を空にするコントロールを選択,
ui_select_energy_card_9b5bf0c,string,,Select Energy Card,エネルギーカードを選択,
ui_select_entities_affed45,string,,Select Entities,エンティティを選択,
ui_select_entity_4b3713e,string,,Select Entity,エンティティを選択,
ui_select_forecast_entities_f0ec511,string,,Select Forecast Entities,予報エンティティを選択,
ui_select_humidity_sensor_8192d0e,string,,Select Humidity Sensor,湿度センサーを選択,
ui_select_map_camera_d5ae262,string,,Select Map Camera,マップカメラを選択,
ui_select_media_player_73f4f5b,string,,Select Media Player,メディアプレーヤーを選択,
ui_select_media_players_e0da90e,string,,Select Media Players,メディアプレーヤーを選択,
ui_select_outside_3593063,string,,Select outside %1$s,屋外%1$sを選択,keep %1$s
ui_select_running_state_entity_136482a,string,,Select running-state entity,動作状態エンティティを選択,
ui_select_sensor_2564e1a,string,,Select Sensor,センサーを選択,
ui_select_sensors_5141d75,string,,Select Sensors,センサーを選択,
ui_select_speed_control_20f7efa,string,,Select speed control,速度コントロールを選択,
ui_select_target_entity_654e6ac,string,,Select Target Entity,対象エンティティを選択,
ui_select_temperature_sensor_821f54c,string,,Select Temperature Sensor,温度センサーを選択,
ui_select_the_alarm_panels_summarized_by_this_pill_f9b23e6,string,,Select the alarm panels summarized by this pill,このピルに要約されるアラームパネルを選択,
ui_select_to_auto_detect_map_battery_and_controls_72bc9d7,string,,"Select to auto-detect map, battery and controls",選択すると地図、バッテリー、コントロールを自動検出します,
ui_select_to_auto_fill_helper_entities_below_84a8833,string,,Select to auto-fill helper entities below,選択すると以下のヘルパーエンティティが自動入力されます,
ui_select_vacuum_4663021,string,,Select Vacuum,掃除機を選択,
ui_select_vacuum_entity_dbda6f4,string,,Select Vacuum Entity,掃除機エンティティを選択,
ui_select_vacuums_7c2d22a,string,,Select Vacuums,掃除機を選択,
ui_select_waste_sensors_6006d5f,string,,Select Waste Sensors,ごみセンサーを選択,
ui_select_water_level_562845a,string,,Select Water Level,水位を選択,
ui_select_weather_2357e9d,string,,Select Weather,天気を選択,
ui_select_weather_entity_d489986,string,,Select Weather Entity,天気エンティティを選択,
ui_select_week_calendar_640f382,string,,Select Week Calendar,週間カレンダーを選択,
ui_selected_61ed328,string,,%1$s selected,%1$s 件選択,keep %1$s
ui_selected_b82aaa5,string,,%1$s · Selected,%1$s・選択済み,keep %1$s
ui_selected_for_this_card_3c4a588,string,,%1$s selected for this card,このカードで%1$s件選択,keep %1$s
ui_sensor_620ec21,string,,%1$s sensor%2$s,センサー%1$s件%2$s,keep %1$s %2$s
ui_sensor_efb9fbf,string,,SENSOR,センサー,
ui_sensor_graphs_5eb3573,string,,Sensor Graphs,センサーグラフ,
ui_sensor_picture_c3a0ed2,string,,Sensor picture,センサー画像,
ui_sensors_711bf35,string,,Sensors,センサー,
ui_sensors_and_an_optional_week_calendar_399bad3,string,,Sensors and an optional week calendar,センサーと任意の週間カレンダー,
ui_sensors_are_found_automatically_by_device_class_add_sensor_150bab5,string,,%1$s sensors are found automatically by device class; add sensors missing that class here.,%1$sセンサーはデバイスクラスにより自動的に検出されます。そのクラスに含まれないセンサーはここで追加してください。,keep %1$s
ui_separate_commercial_content_0408620,string,,Separate commercial content,別途の商用コンテンツ,
ui_server_url_1d5d1ef,string,,Server URL,サーバーURL,
ui_services_data_7864c0a,string,,Services & data,サービス & データ,
ui_session_f7f1997,string,,Session,セッション,
ui_set_448ab73,string,,Set,設定,
ui_set_a_rain_map_image_url_in_this_widget_03729b8,string,,Set a rain map image URL in this widget's settings,このウィジェットの設定で雨雲レーダー画像URLを設定してください,
ui_set_the_control_style_for_every_thermostat_on_this_de5cd1e,string,,Set the control style for every thermostat on this Climate page. Standalone climate widgets keep their own layout settings.,この空調ページのすべてのサーモスタットのコントロールスタイルを設定します。単独の空調ウィジェットは独自のレイアウト設定を保持します。,
ui_set_what_each_person_may_do_per_user_like_aa86ea2,string,,"Set what each person may do — per user, like the hidden views above. These apply when they use a dashboard you shared.",上記の非表示ビューと同様に、ユーザーごとに各人物ができる操作を設定します。これはあなたが共有したダッシュボードを使用する際に適用されます。,
ui_settings_c7f73bb,string,,Settings,設定,
ui_setup_changed_b184bf0,string,,Setup changed,設定が変更されました,
ui_setup_progress_1a8adef,string,,Setup progress,セットアップの進捗,
ui_shape_and_width_on_the_dashboard_c89fefa,string,,Shape and width on the dashboard,ダッシュボード上の形状と幅,
ui_shape_ea5c1a2,string,,Shape,形状,
ui_shape_visible_information_and_icon_behavior_63dec1c,string,,"Shape, visible information, and icon behavior",形状、表示情報、アイコンの動作,
ui_share_09ca55c,string,,Share,共有,
ui_share_b300e5f,string,,"Share ""%1$s""",「%1$s」を共有,keep %1$s
ui_share_dashboards_0917ff1,string,,Share dashboards,ダッシュボードを共有,
ui_shared_dashboard_86876c0,string,,Shared dashboard,共有ダッシュボード,
ui_shared_with_me_f40ca84,string,,Shared with me,共有されたもの,
ui_sharing_ad00590,string,,Sharing…,共有中…,
ui_show_a_descending_timer_when_the_value_is_a_1ae7350,string,,"Show a descending timer when the value is a completion time (e.g. a washer/dryer finish time). Active while counting, off at zero.",値が完了時刻（洗濯機・乾燥機の終了時刻など）の場合にカウントダウンタイマーを表示します。カウント中は有効、0でオフになります。,
ui_show_a_live_radar_rain_map_card_a_camera_a0e11c8,string,,Show a live radar/rain map card — a camera entity or an embedded web page (iframe),ライブレーダー・雨雲マップカードを表示 — カメラエンティティまたは埋め込みWebページ（iframe）,
ui_show_activity_badge_f5d56bb,string,,Show activity badge,アクティビティバッジを表示,
ui_show_badge_bar_827499b,string,,Show badge bar,バッジバーを表示,
ui_show_flows_button_9e888be,string,,Show flows button,フローボタンを表示,
ui_show_global_search_e7aefbe,string,,Show global search,全体検索を表示,
ui_show_group_380c43e,string,,Show group,グループを表示,
ui_show_in_header_43f0dfd,string,,Show in header,ヘッダーに表示,
ui_show_persons_c4e81a0,string,,Show persons,人物を表示,
ui_show_the_automations_flows_button_16254ce,string,,Show the automations (flows) button,オートメーション(フロー)ボタンを表示,
ui_show_the_entity_s_state_or_one_of_its_1008a4d,string,,"Show the entity's state, or one of its attributes instead",エンティティの状態、または属性のいずれかを表示,
ui_show_the_entity_s_state_or_one_of_its_e721168,string,,"Show the entity's state, or one of its attributes instead.",代わりにエンティティの状態またはその属性の1つを表示します。,
ui_show_the_global_search_button_0517d8b,string,,Show the global search button,全体検索ボタンを表示,
ui_show_widget_name_5ad7fc9,string,,Show widget name,ウィジェット名を表示,
ui_shown_b1015a1,string,,%1$s shown,%1$s件表示,keep %1$s
ui_shows_an_icon_matching_the_waste_type_gft_pmd_1966fe0,string,,"Shows an icon matching the waste type (GFT, PMD, paper, …).",ごみの種類(生ごみ、プラスチック、紙など)に合わせたアイコンを表示します。,
ui_side_split_alignment_b9c5399,string,,Side (split alignment),サイド（分割配置）,
ui_sign_out_safely_or_reset_this_installation_681fac2,string,,Sign out safely or reset this installation,安全にサインアウトするか、このインストールをリセット,
ui_signing_you_in_10d0636,string,,Signing you in…,サインイン中…,
ui_size_shape_and_artwork_4bb38bb,string,,"Size, shape, and artwork",サイズ、形状、アートワーク,
ui_size_shape_and_background_24dd9b6,string,,"Size, shape, and background",サイズ、形状、背景,
ui_snapshot_b08ae37,string,,Snapshot,スナップショット,
ui_solar_0e26539,string,,Solar,太陽光,
ui_solar_noon_599372c,string,,Solar noon %1$s,南中時刻 %1$s,keep %1$s
ui_sort_d5f73d6,string,,Sort: %1$s,並べ替え: %1$s,keep %1$s
ui_source_and_card_refresh_behavior_0a26324,string,,Source and card refresh behavior,ソースとカードの更新動作,
ui_source_device_4ddad2a,string,,Source device,ソースデバイス,
ui_span_badges_58c73f2,string,,Span badges,バッジをまたぐ,
ui_speed_265ffc5,string,,SPEED,速度,
ui_speed_control_89a2786,string,,Speed control,速度コントロール,
ui_spin_a801301,string,,spin,spin,
ui_square_82810cb,string,,Square,正方形,
ui_stack_cards_8bdc343,string,,Stack Cards,スタックカード,
ui_stack_layout_1623679,string,,Stack layout,スタックレイアウト,
ui_stack_name_7507e93,string,,Stack name,スタック名,
ui_stack_page_3d91ce9,string,,stack_page,stack_page,
ui_stack_title_46ccc2d,string,,Stack title,スタックタイトル,
ui_stack_title_cc2f1ed,string,,Stack Title,スタックタイトル,
ui_stacks_249f056,string,,Stacks,スタック,
ui_standard_2dfa660,string,,Standard,標準,
ui_start_24758a5,string,,Start: %1$s,開始: %1$s,keep %1$s
ui_start_empty_25336ee,string,,Start empty,空の状態で開始,
ui_start_empty_888db50,string,,Start Empty,空の状態で開始,
ui_start_new_dashboard_8c71127,string,,Start new dashboard?,新しいダッシュボードを開始しますか?,
ui_start_with_a_useful_recipe_then_adjust_each_step_d560a2a,string,,"Start with a useful recipe, then adjust each step",便利なレシピから始めて、各ステップを調整してください,
ui_state_a725020,string,,State,状態,
ui_state_bef84bb,string,,STATE,状態,
ui_state_text_6749c0a,string,,State text,状態テキスト,
ui_stream_df06386,string,,Stream,ストリーム,
ui_style_99a0efc,string,,Style,スタイル,
ui_sunrise_and_sunset_data_unavailable_3295324,string,,Sunrise and sunset data unavailable,日の出・日の入りデータが利用できません,
ui_sunrise_fadf71c,string,,Sunrise,日の出,
ui_sunset_181bcd5,string,,Sunset,日の入り,
ui_support_f32d5a3,string,,Support,サポート,
ui_support_via_buy_me_a_coffee_d7dadd1,string,,Support via Buy Me a Coffee,Buy Me a Coffeeで支援,
ui_support_via_paypal_7184a5d,string,,Support via PayPal,PayPalで支援,
ui_support_without_premium_0a4aebd,string,,Support without Premium,Premiumなしでサポート,
ui_supports_headings_lists_quotes_code_bold_italic_code_strik_e295744,string,,"Supports # headings, lists, > quotes, ``` code, **bold**, *italic*, `code`, ~~strike~~ and [links](https://…).",# 見出し、リスト、> 引用、``` コード、**太字**、*斜体*、`コード`、~~取り消し線~~、[リンク](https://…) に対応しています。,
ui_swing_65d8d45,string,,Swing,スイング,
ui_swing_horizontal_c166cda,string,,Swing (horizontal),スイング (水平),
ui_swipe_left_from_the_upper_right_edge_of_a_416c467,string,,Swipe left from the upper-right edge of a page header to switch homes at any time.,ページヘッダーの右上端から左にスワイプすると、いつでもホームを切り替えられます。,
ui_switch_b02cbd9,string,,SWITCH,切替,
ui_switch_home_e6ceda2,string,,Switch home,ホームを切り替え,
ui_system_dark_theme_c7e4ff9,string,,System Dark Theme,システムのダークテーマ,
ui_system_light_theme_5bc7623,string,,System Light Theme,システムのライトテーマ,
ui_systems_idle_584a6f0,string,,Systems idle,システムは待機中,
ui_t_c2c53d6,string,,T,T,
ui_tabs_and_media_controls_shown_throughout_the_app_5d9c1ff,string,,Tabs and media controls shown throughout the app,アプリ全体で表示されるタブとメディアコントロール,
ui_tap_here_or_use_the_button_while_edit_mode_8baf490,string,,Tap here or use the + button while edit mode is active to add widgets to this stack.,編集モード中にここをタップするか+ボタンを使用してこのスタックにウィジェットを追加します。,
ui_tap_here_or_use_the_button_while_edit_mode_b06aac5,string,,Tap here or use the + button while edit mode is active to add entities to this stack.,編集モード中にここをタップするか+ボタンを使用してこのスタックにエンティティを追加します。,
ui_tap_hold_and_dialog_quick_actions_2052817,string,,"Tap, hold, and dialog quick actions",タップ、長押し、ダイアログのクイックアクション,
ui_tap_share_to_publish_or_update_d185341,string,,Tap Share to publish or update,共有をタップして公開または更新,
ui_tap_to_add_a_weather_card_a3508a9,string,,Tap + to add a weather card,+をタップして天気カードを追加,
ui_tap_to_load_0c49cab,string,,Tap to load,タップして読み込む,
ui_tap_x_to_restore_an_entity_to_the_battery_ad0eb75,string,,Tap X to restore an entity to the battery page.,Xをタップするとエンティティをバッテリーページに復元します。,
ui_target_49d76ad,string,,TARGET (%1$s–%2$s%%),目標（%1$s〜%2$s%%）,keep %1$s %2$s
ui_target_61ad50a,string,,Target,対象,
ui_target_entity_optional_cdb68af,string,,Target entity (optional),対象エンティティ（任意）,
ui_target_f762108,string,,TARGET,目標,
ui_technology_d018b08,string,,Technology,技術,
ui_temperature_0a9062a,string,,Temperature,気温,
ui_temperature_and_humidity_sources_for_the_room_8960580,string,,Temperature and humidity sources for the room,部屋の気温と湿度のソース,
ui_temperature_cc6906a,string,,TEMPERATURE,温度,
ui_temperature_sensor_graphed_in_activity_1088c3d,string,,Temperature sensor (graphed in Activity),温度センサー(アクティビティでグラフ表示),
ui_text_054812c,string,,%1$s +%2$s,%1$s +%2$s,keep %1$s %2$s
ui_text_0726b05,string,,%1$s%2$s,%1$s%2$s,keep %1$s %2$s
ui_text_16b6ffd,string,,-%1$s,-%1$s,keep %1$s
ui_text_2cd9114,string,,%1$s (%2$s),%1$s (%2$s),keep %1$s %2$s
ui_text_2fb8748,string,,%1$s · ,%1$s・ ,keep %1$s; keep the space at the start/end
ui_text_33e0751,string,,.%1$s,.%1$s,keep %1$s
ui_text_42cae2b,string,,  %1$s°,  %1$s°,keep %1$s; keep the space at the start/end
ui_text_4ad598c,string,, · %1$s%%, ・%1$s%%,keep %1$s; keep the space at the start/end
ui_text_5256c76,string,,↑ %1$s,↑ %1$s,keep %1$s
ui_text_59f6071,string,,%1$s - %2$s,%1$s - %2$s,keep %1$s %2$s
ui_text_68fdf13,string,,%1$s.,%1$s。,keep %1$s
ui_text_78c505f,string,,%1$s %2$s,%1$s %2$s,keep %1$s %2$s
ui_text_7c73907,string,,↓ %1$s,↓ %1$s,keep %1$s
ui_text_7f1f581,string,,%1$s°,%1$s°,keep %1$s
ui_text_89a38e4,string,,%1$s…,%1$s…,keep %1$s
ui_text_8f71dfd,string,,%1$s. %2$s,%1$s。%2$s,keep %1$s %2$s
ui_text_96dfbd3,string,,%1$s: %2$s%3$s,%1$s: %2$s%3$s,keep %1$s %2$s %3$s
ui_text_9704d5c,string,,%1$s/%2$s - ,%1$s/%2$s - ,keep %1$s %2$s; keep the space at the start/end
ui_text_98d3f75,string,,✓ %1$s,✓ %1$s,keep %1$s
ui_text_9e5a283,string,,%1$s×,%1$s×,keep %1$s
ui_text_a105b80,string,,%1$s/%2$s,%1$s/%2$s,keep %1$s %2$s
ui_text_be10035,string,, · %1$s, ・%1$s,keep %1$s; keep the space at the start/end
ui_text_c1aacd9,string,,%1$s · %2$s,%1$s・%2$s,keep %1$s %2$s
ui_text_c3328c3,string,,Text,テキスト,
ui_text_c79f712,string,,%1$s,%1$s,keep %1$s
ui_text_cc9d930,string,,%1$s — %2$s %3$s,%1$s — %2$s %3$s,keep %1$s %2$s %3$s
ui_text_df0282e,string,,%1$s: %2$s,%1$s: %2$s,keep %1$s %2$s
ui_text_f168b71,string,,+%1$s,+%1$s,keep %1$s
ui_text_fc9db15,string,,%1$s%%,%1$s%%,keep %1$s
ui_text_size_boldness_and_font_family_365f489,string,,"Text size, boldness and font family",文字サイズ、太さ、フォントファミリー,
ui_that_profile_35adbf0,string,,that profile,そのプロファイル,
ui_the_effect_used_when_a_button_s_animation_is_7cce891,string,,"The effect used when a button's animation is set to ""Auto"". You can still override any individual button.",ボタンのアニメーションが「自動」に設定されている場合に使用される効果です。個々のボタンで上書きすることもできます。,
ui_the_exact_dates_you_pick_leave_a_bound_as_19357e8,string,,"The exact dates you pick. Leave a bound as ""Any"" for an open-ended range.",選択した正確な日付。範囲を無期限にするには境界を「すべて」のままにしてください。,
ui_the_heading_shown_between_dashboard_sections_b03805f,string,,The heading shown between dashboard sections,ダッシュボードのセクション間に表示される見出し,
ui_the_hki_7_community_source_code_is_free_and_f4f3f51,string,,"The HKI 7 community source code is free and open source under the Mozilla Public License 2.0. You may use, study, modify, and redistribute it. When you distribute modified MPL-covered files, those files and their source must remain available under MPL-2.0.",HKI 7のコミュニティソースコードはMozilla Public License 2.0のもとで無料かつオープンソースです。使用、研究、改変、再配布が可能です。MPL対象ファイルを改変して配布する場合、それらのファイルとそのソースはMPL-2.0のもとで公開され続ける必要があります。,don't translate HKI 7
ui_the_hki_7_name_and_logos_are_project_trademarks_985ffec,string,,"The HKI 7 name and logos are project trademarks and are not granted for misleading redistribution. Home Assistant and other third-party names, libraries, fonts, and artwork remain subject to their respective licenses and trademarks. The software is provided without warranty, as described by MPL-2.0.",HKI 7の名称およびロゴはプロジェクトの商標であり、誤解を招くような再配布には使用できません。Home Assistantおよびその他のサードパーティの名称、ライブラリ、フォント、アートワークはそれぞれのライセンスと商標に従います。ソフトウェアはMPL-2.0に記載の通り、保証なしで提供されます。,"don't translate Home Assistant, HKI 7"
ui_the_interface_is_built_with_jetpack_compose_coroutines_and_fe7f52d,string,,"The interface is built with Jetpack Compose. Coroutines and Flow handle live state, while JSON and YAML-compatible data keep HKI 7 connected with Home Assistant.",インターフェースはJetpack Composeで構築されています。CoroutinesとFlowがリアルタイムの状態を処理し、JSONおよびYAML互換のデータによってHKI 7とHome Assistantの接続を維持します。,"don't translate Home Assistant, HKI 7"
ui_the_open_source_community_core_remains_usable_without_prem_d83ff8a,string,,The open-source community core remains usable without Premium. Premium purchases fund extra visual content and continued development; they do not remove the freedoms granted for MPL-covered files.,オープンソースのコミュニティコアはPremiumなしでも引き続き利用できます。Premiumの購入は追加のビジュアルコンテンツと継続的な開発資金に充てられ、MPL対象ファイルに付与された自由を制限するものではありません。,
ui_the_page_starts_empty_with_its_own_header_and_5a325c0,string,,"The page starts empty with its own header and page settings, while keeping the Home widget catalogue.",このページは独自のヘッダーとページ設定を持つ空の状態から始まりますが、ホームのウィジェットカタログは維持されます。,
ui_the_quick_brown_fox_jumps_over_the_lazy_dog_2204ad2,string,,The quick brown fox jumps over the lazy dog — 0123456789,The quick brown fox jumps over the lazy dog — 0123456789,
ui_the_room_header_and_card_show_a_single_player_3e24a17,string,,"The room header and card show a single player's media, or an active-player count when multiple players are selected.",部屋のヘッダーとカードは、単一プレーヤーのメディア、または複数のプレーヤーが選択されている場合はアクティブなプレーヤー数を表示します。,
ui_the_text_shown_on_the_dashboard_fff5c98,string,,The text shown on the dashboard,ダッシュボードに表示されるテキスト,
ui_the_web_page_shown_on_this_card_ce97bfd,string,,The web page shown on this card,このカードに表示するWebページ,
ui_theme_a797e30,string,,Theme,テーマ,
ui_theme_and_navigation_bar_474ee6b,string,,Theme and navigation bar,テーマとナビゲーションバー,
ui_thermostat_dial_e6af91b,string,,Thermostat dial,サーモスタットダイヤル,
ui_thermostats_601da0c,string,,Thermostats,サーモスタット,
ui_thermostats_ac_7d2ace4,string,,Thermostats & AC,サーモスタット & エアコン,
ui_these_are_stored_in_the_cloud_import_one_to_558c62d,string,,"These are stored in the cloud. Import one to edit or re-share it, or delete it to remove it from everyone. Your edits are also pushed automatically when you open the app.",これらはクラウドに保存されています。編集または再共有するにはインポートし、全員から削除するには削除してください。編集内容はアプリを開くたびに自動的にプッシュされます。,
ui_these_links_open_in_your_browser_tips_do_not_049b881,string,,These links open in your browser. Tips do not unlock Premium features and do not create an obligation to provide individual support.,これらのリンクはブラウザで開きます。チップはPremium機能を解放するものではなく、個別サポートを提供する義務を生じさせるものでもありません。,
ui_these_permissions_are_optional_and_can_be_changed_later_aa7a106,string,,These permissions are optional and can be changed later in Android Settings.,これらの権限は任意であり、後でAndroidの設定から変更できます。,
ui_thin_100_9e7a443,string,,Thin (-100),細字 (-100),
ui_thinner_200_6ae7a6f,string,,Thinner (-200),より細い (-200),
ui_this_action_does_not_use_an_entity_target_5952444,string,,This action does not use an entity target.,このアクションはエンティティ対象を使用しません。,
ui_this_action_has_no_required_target_or_additional_fields_987a410,string,,This action has no required target or additional fields.,このアクションには必須の対象や追加フィールドはありません。,
ui_this_automation_is_managed_outside_home_assistant_s_ui_89d26f5,string,,"This automation is managed outside Home Assistant's UI (usually YAML). HKI7 can show it, but will not overwrite it.",このオートメーションはHome AssistantのUI外（通常はYAML）で管理されています。HKI7は表示のみ行い、上書きはしません。,"don't translate Home Assistant, HKI7"
ui_this_card_uses_its_own_entities_e572388,string,,This card uses its own entities,このカードは独自のエンティティを使用します,
ui_this_dashboard_is_currently_being_generated_from_home_assi_470200d,string,,This dashboard is currently being generated from Home Assistant. You can edit rooms as soon as the one-time import finishes.,このダッシュボードは現在Home Assistantから生成中です。一度限りのインポートが完了すると部屋を編集できるようになります。,don't translate Home Assistant
ui_this_entity_2ddd36d,string,,This entity,このエンティティ,
ui_this_entity_has_no_attributes_to_show_b09f4c9,string,,This entity has no attributes to show.,このエンティティには表示する属性がありません。,
ui_this_light_is_paused_for_manual_control_706bffa,string,,This light is paused for manual control.,このライトは手動制御のため一時停止しています。,
ui_this_name_is_used_when_the_device_registers_with_8aba2f2,string,,This name is used when the device registers with Home Assistant.,この名前はデバイスがHome Assistantに登録される際に使用されます。,don't translate Home Assistant
ui_this_permanently_removes_this_dashboard_and_its_room_and_8087734,string,,This permanently removes this dashboard and its room and page configuration.,このダッシュボードとその部屋・ページ構成を完全に削除します。,
ui_this_removes_all_imported_battery_entities_from_this_view_7a74283,string,,This removes all imported battery entities from this view.,このビューからインポート済みのバッテリーエンティティをすべて削除します。,
ui_this_removes_all_imported_climate_entities_from_this_view_713f511,string,,This removes all imported climate entities from this view.,このビューからインポート済みの空調エンティティをすべて削除します。,
ui_this_removes_all_imported_energy_entities_from_this_view_7397917,string,,This removes all imported energy entities from this view.,このビューからインポート済みのエネルギーエンティティをすべて削除します。,
ui_this_removes_all_imported_rooms_and_floors_from_this_d1cbbff,string,,This removes all imported rooms and floors from this view.,これにより、このビューからインポート済みの部屋と階がすべて削除されます。,
ui_this_removes_all_imported_security_entities_from_this_view_6443e5c,string,,This removes all imported security entities from this view.,このビューからインポート済みのセキュリティエンティティをすべて削除します。,
ui_this_removes_its_login_mobile_app_registration_details_and_69afc19,string,,"This removes its login, mobile-app registration details, and HKI dashboards from this device. The Home Assistant server itself is not changed.",このデバイスのログイン、モバイルアプリの登録情報、HKIダッシュボードを削除します。Home Assistantサーバー自体は変更されません。,don't translate Home Assistant
ui_this_removes_the_native_automation_from_home_assistant_thi_2a48e1a,string,,This removes the native automation from Home Assistant. This cannot be undone from HKI7.,これによりHome Assistantからネイティブのオートメーションが削除されます。この操作はHKI7から元に戻せません。,"don't translate Home Assistant, HKI7"
ui_this_removes_the_shared_dashboard_from_the_cloud_for_4bab01c,string,,This removes the shared dashboard from the cloud for everyone. People currently using it fall back to an auto-generated dashboard. Their local copies aren't touched until they next open the app.,共有ダッシュボードをクラウドから全員分削除します。現在利用中のユーザーは自動生成のダッシュボードに戻ります。次回アプリを開くまでローカルのコピーは変更されません。,
ui_this_runs_on_a_small_free_home_assistant_add_f46f2e3,string,,"This runs on a small, free Home Assistant add-on (the HKI 7 Cloud component). It isn't on HACS by default yet, so add it as a custom repository — the app then handles everything else.",これは小さな無料のHome Assistantアドオン(HKI 7 Cloudコンポーネント)上で動作します。まだデフォルトではHACSにないため、カスタムリポジトリとして追加してください — その後はアプリが残りをすべて処理します。,"don't translate HKI 7 Cloud, Home Assistant"
ui_this_source_code_form_is_subject_to_the_terms_c8e4e24,string,,"This Source Code Form is subject to the terms of the Mozilla Public License, v. 2.0. If a copy of the MPL was not distributed with this file, you can obtain one at mozilla.org/MPL/2.0/.",このソースコード形式は、Mozilla Public License v.2.0の条項に従います。このファイルにMPLのコピーが同梱されていない場合は、mozilla.org/MPL/2.0/ から入手できます。,
ui_this_stack_has_no_items_0f92c8d,string,,This stack has no items.,このスタックには項目がありません。,
ui_this_travels_with_the_dashboard_so_cloud_backups_and_1dd603d,string,," This travels with the dashboard, so cloud backups and family sharing keep it.", これはダッシュボードとともに保持されるため、クラウドバックアップやファミリー共有でも維持されます。,keep the space at the start/end
ui_tile_2dd2c66,string,,Tile,タイル,
ui_tilt_aceae6f,string,,TILT,チルト,
ui_time_6c82e6d,string,,Time,時刻,
ui_time_range_9257117,string,,Time Range,時間範囲,
ui_title_768e0c1,string,,Title,タイトル,
ui_title_collapse_behavior_and_dashboard_width_a64a590,string,,"Title, collapse behavior, and dashboard width",タイトル、折りたたみ動作、ダッシュボード幅,
ui_title_collapse_behavior_and_width_dd2b475,string,,"Title, collapse behavior, and width",タイトル、折りたたみ動作、幅,
ui_title_optional_932fc13,string,,Title (optional),タイトル (任意),
ui_title_width_and_icon_41ec073,string,,"Title, width, and icon",タイトル、幅、アイコン,
ui_to_state_2a995a1,string,,To state,終了状態,
ui_today_24345a1,string,,Today,今日,
ui_tomorrow_1948bf2,string,,Tomorrow,明日,
ui_top_consumers_0199dbf,string,,Top consumers,消費量上位,
ui_tracking_number_4e40c54,string,,Tracking number,追跡番号,
ui_try_again_042c862,string,,Try again,再試行,
ui_try_the_demo_home_no_server_needed_bc58247,string,,Try the demo home — no server needed,デモホームを試す — サーバー不要,
ui_turn_off_all_3a7a2b0,string,,Turn off all,すべてオフにする,
ui_turn_on_a5aa418,string,,Turn On,オンにする,
ui_turn_the_light_on_to_access_controls_25f4ad6,string,,Turn the light on to access controls,照明をオンにするとコントロールにアクセスできます,
ui_turn_the_notification_connection_channel_off_on_the_next_cdddec0,string,,"Turn the ""Notification connection"" channel off on the next screen — the connection keeps working, only its notification disappears.",次の画面で「通知接続」チャンネルをオフにしてください — 接続自体は維持され、通知のみが表示されなくなります。,
ui_two_rows_1b1737f,string,,Two rows,2行,
ui_type_3deb745,string,,Type,種類,
ui_type_icon_839142a,string,,Type icon,種類アイコン,
ui_unable_to_connect_8207f1b,string,,Unable to connect,接続できません,
ui_unit_f6b935a,string,,Unit,単位,
ui_unknown_bc7819b,string,,Unknown,不明,
ui_unknown_energy_card_b8e46de,string,,Unknown energy card: %1$s,不明なエネルギーカード: %1$s,keep %1$s
ui_unlock_1526a17,string,,Unlock,解錠,
ui_unlock_button_ad521c4,string,,Unlock button,解錠ボタン,
ui_unlock_method_dff380e,string,,Unlock method,解錠方法,
ui_unlocked_b3da702,string,,Unlocked,解錠,
ui_unrestricted_background_cebdb1e,string,,Unrestricted background,無制限のバックグラウンド動作,
ui_untitled_621521f,string,,Untitled,無題,
ui_untitled_event_ef8d264,string,,Untitled event,無題のイベント,
ui_upcoming_523baab,string,,Upcoming,今後の予定,
ui_update_fb91e24,string,,Update,更新,
ui_update_location_now_d338c2c,string,,Update Location Now,今すぐ位置情報を更新,
ui_updated_62d2331,string,,Updated %1$s,更新日時 %1$s,keep %1$s
ui_url_https_a1a19ec,string,,URL (https://…),URL（https://…）,
ui_usage_overview_fc2eefc,string,,Usage overview,使用状況の概要,
ui_use_1d4d43c,string,,Use,使用,
ui_use_a_dashboard_an_admin_has_shared_with_you_8b1cfdb,string,,Use a dashboard an admin has shared with you.,管理者があなたと共有したダッシュボードを使用します。,
ui_use_a_family_shared_dashboard_9b8ab51,string,,Use a family shared dashboard,ファミリー共有ダッシュボードを使用,
ui_use_a_recognizable_name_such_as_kitchen_tablet_or_ca9f431,string,,"Use a recognizable name, such as ‘Kitchen tablet’ or ‘Jimmy’s phone’.",「キッチンのタブレット」や「じみーのスマホ」のようなわかりやすい名前を使用してください。,
ui_use_family_shared_dashboard_28e06c2,string,,Use family shared dashboard,ファミリー共有ダッシュボードを使用,
ui_used_6a4ebbf,string,,Used %1$s,%1$s使用,keep %1$s
ui_uses_hki_7_s_private_google_drive_storage_enable_0559ced,string,,Uses HKI 7's private Google Drive storage. Enable it once to create an immediate backup and then back up automatically every day.,HKI 7専用のGoogle ドライブストレージを使用します。一度有効化すると即座にバックアップが作成され、その後は毎日自動的にバックアップされます。,"don't translate Google Drive, HKI 7"
ui_uses_the_sun_entity_configured_in_weather_settings_e580a39,string,,Uses the Sun entity configured in Weather settings.,天気設定で設定されたSunエンティティを使用します。,
ui_using_a_shared_dashboard_applies_the_permissions_the_admin_a337a76,string,,Using a shared dashboard applies the permissions the admin set for it.,共有ダッシュボードを使用すると、管理者が設定した権限が適用されます。,
ui_using_the_climate_view_s_entities_8befb0f,string,,Using the Climate view's entities,空調ビューのエンティティを使用中,
ui_using_the_energy_view_s_entities_7ca9bed,string,,Using the Energy view's entities,エネルギービューのエンティティを使用中,
ui_vacuum_5fe15df,string,,Vacuum,掃除機,
ui_vacuum_device_3deae52,string,,Vacuum device,掃除機デバイス,
ui_vacuum_entities_c7da1d7,string,,Vacuum entities,掃除機エンティティ,
ui_vacuum_map_8236541,string,,Vacuum map,掃除機の地図,
ui_vacuum_stack_b93d3b7,string,,Vacuum Stack,掃除機スタック,
ui_vertical_slider_e09cef1,string,,Vertical slider,縦スライダー,
ui_view_on_github_0c77991,string,,View on GitHub,GitHubで見る,
ui_visibility_7d9ff4f,string,,Visibility,表示設定,
ui_visibility_alignment_and_overflow_behavior_467f44f,string,,"Visibility, alignment, and overflow behavior",表示設定、配置、あふれ時の動作,
ui_visibility_and_ordering_in_the_page_header_0f9e3d8,string,,Visibility and ordering in the page header,ページヘッダーでの表示と順序,
ui_visible_during_791f42c,string,,Visible during,表示期間,
ui_visible_persons_4b7ae6c,string,,Visible persons,表示する人物,
ui_visual_style_bc567f3,string,,Visual style,ビジュアルスタイル,
ui_w_e2415cb,string,,W,W,
ui_waiting_for_home_assistant_af224aa,string,,Waiting for Home Assistant,Home Assistantを待機中,don't translate Home Assistant
ui_wallpaper_and_an_optional_custom_color_f4f12f1,string,,Wallpaper and an optional custom color,壁紙と任意のカスタムカラー,
ui_wallpaper_and_optional_custom_color_0dc6738,string,,Wallpaper and optional custom color,壁紙とオプションのカスタムカラー,
ui_wallpaper_url_or_path_e208631,string,,Wallpaper URL or path,壁紙のURLまたはパス,
ui_waste_collection_7cdf205,string,,Waste Collection,ごみ収集,
ui_waste_sensors_8bfd3ec,string,,Waste sensors,ごみセンサー,
ui_watch_d91ebf5,string,,Watch,見る,
ui_water_5480538,string,,Water: %1$s,水: %1$s,keep %1$s
ui_water_de9b1be,string,,Water,水,
ui_water_level_optional_fallback_61b2be5,string,,Water level (optional fallback),水位 (任意のフォールバック),
ui_water_meters_imported_from_home_assistant_s_energy_dashboa_b1ac157,string,,Water meters imported from Home Assistant's Energy dashboard.,Home AssistantのEnergyダッシュボードからインポートされた水道メーター。,don't translate Home Assistant
ui_we_ll_check_your_home_network_first_you_can_c7ca0f0,string,,We'll check your home network first; you can also enter an address,まず自宅ネットワークを確認します。アドレスを直接入力することもできます,
ui_weather_284af3e,string,,Weather,天気,
ui_weather_card_0c6594c,string,,Weather Card,天気カード,
ui_weather_details_bc94175,string,,Weather details,天気の詳細,
ui_weather_entities_0a2c547,string,,Weather entities,天気エンティティ,
ui_weather_entity_402cbd9,string,,Weather entity,天気エンティティ,
ui_weather_source_778baeb,string,,Weather source,天気ソース,
ui_weather_stack_4d4f763,string,,Weather Stack,天気スタック,
ui_weather_type_fe0b7cc,string,,Weather Type,天気の種類,
ui_web_address_url_55052c9,string,,Web address (URL),ウェブアドレス (URL),
ui_week_calendar_shown_in_the_dialog_6d4f28b,string,,Week calendar (shown in the dialog),週間カレンダー(ダイアログに表示),
ui_welcome_to_hki_7_9e317bb,string,,Welcome to HKI 7,HKI 7へようこそ,don't translate HKI 7
ui_what_hki_7_is_and_how_it_is_built_247bace,string,,What HKI 7 is and how it is built,HKI 7とは何か、どのように構築されているか,don't translate HKI 7
ui_what_it_does_ca032b5,string,,What it does,できること,
ui_what_s_new_4d8dc5f,string,,What's new,新機能,
ui_when_769bb19,string,,When,条件,
ui_when_and_if_then_dd86ebe,string,,When · And if · Then,条件・かつ・実行,
ui_when_reporting_a_problem_include_your_android_version_home_784a4e6,string,,"When reporting a problem, include your Android version, Home Assistant version, the affected entity or integration, and clear steps to reproduce it. Removing private URLs, tokens, names, and location data first helps keep support safe.",問題を報告する際は、Androidのバージョン、Home Assistantのバージョン、影響を受けるエンティティや統合、再現手順を明記してください。プライベートなURL、トークン、名前、位置情報を事前に削除するとサポートの安全性が保たれます。,don't translate Home Assistant
ui_when_the_value_is_a_completion_time_e_g_7dce367,string,,"When the value is a completion time (e.g. a washer/dryer finish time), show a descending timer. The button reads active while counting and turns off at zero.",値が完了時刻(洗濯機/乾燥機の終了時刻など)の場合、カウントダウンタイマーを表示します。ボタンはカウント中は有効と表示され、ゼロでオフになります。,
ui_widget_height_b26de24,string,,Widget height,ウィジェットの高さ,
ui_widget_name_55e5340,string,,Widget name,ウィジェット名,
ui_widget_presentation_a3a8cdc,string,,Widget presentation,ウィジェットの表示形式,
ui_widget_width_1d89599,string,,Widget width,ウィジェット幅,
ui_width_a58ddf5,string,,Width,幅,
ui_width_and_height_6ed6746,string,,Width and height,幅と高さ,
ui_width_and_optional_icon_671e2ef,string,,Width and optional icon,幅と任意のアイコン,
ui_width_columns_and_container_shape_984a191,string,,"Width, columns, and container shape",幅、列数、コンテナ形状,
ui_width_shape_and_collapse_behavior_7abc6f4,string,,"Width, shape, and collapse behavior",幅、形状、折りたたみ動作,
ui_wind_142b575,string,,Wind,風,
ui_worth_watching_a3d46c7,string,,Worth watching,見る価値あり,
ui_would_you_like_to_add_an_existing_camera_entity_00d5bc3,string,,Would you like to add an existing camera entity or a custom URL?,既存のカメラエンティティを追加しますか、それともカスタムURLを追加しますか?,
ui_write_the_information_shown_on_this_card_4ca5db7,string,,Write the information shown on this card,このカードに表示する情報を入力してください,
ui_you_can_help_by_testing_new_builds_reporting_reproducible_5310461,string,,"You can help by testing new builds, reporting reproducible bugs, suggesting thoughtful improvements, helping with translations or documentation, sharing HKI 7 with other Home Assistant users, and giving constructive feedback.",新しいビルドをテストする、再現可能な不具合を報告する、有益な改善を提案する、翻訳やドキュメントを手伝う、HKI 7を他のHome Assistantユーザーと共有する、建設的なフィードバックを送るなどでご協力いただけます。,"don't translate Home Assistant, HKI 7"
ui_you_re_exploring_the_built_in_sample_home_63c2ad1,string,,You're exploring the built-in sample home,組み込みのサンプルホームを閲覧しています,
ui_your_automations_and_devices_will_be_unavailable_briefly_h_8a8572e,string,,Your automations and devices will be unavailable briefly. HKI7 will reconnect automatically when Home Assistant is ready.,オートメーションとデバイスが一時的に利用できなくなります。Home Assistantの準備が整うとHKI7は自動的に再接続します。,"don't translate Home Assistant, HKI7"
ui_your_dashboard_is_ready_0719f75,string,,Your dashboard is ready,ダッシュボードの準備ができました,
ui_your_home_72412fa,string,,Your home,あなたの家,
ui_your_location_is_shared_only_with_your_own_home_c75bd6d,string,,Your location is shared only with your own Home Assistant server. It is ,あなたの位置情報は自分自身のHome Assistantサーバーとのみ共有されます。,don't translate Home Assistant; keep the space at the start/end
logs_title,string,,Connection log,接続ログ,
logs_subtitle,string,,What the app's connection to Home Assistant has been doing,アプリのホーム アシスタントへの接続の動作,don't translate Home Assistant
logs_empty,string,,Connection log,接続ログ,
logs_empty_hint,string,,"Nothing logged yet. Connection attempts, reconnects, sync and subscriptions appear here as they happen.",まだ何も記録されていません。接続試行、再接続、同期、サブスクリプションが発生するとここに表示されます。,
logs_count,string,,Connection log (%1$d),接続ログ (%1$d),keep %1$d
logs_copy,string,,Copy the log,ログをコピーする,
logs_clear,string,,Clear the log,ログをクリアする,
logs_show_all,string,,Show all %1$d,すべて表示 %1$d,keep %1$d
logs_show_less,string,,Show less,表示を少なくする,
parcel_letter_count,plural,one,%1$d letter,,needs translation; keep %1$d
parcel_letter_count,plural,other,%1$d letters,%1$d 文字,keep %1$d
spacer_empty_button,string,,Empty button,空のボタン,
spacer_empty_button_description,string,,Transparent placeholder that only reserves space,場所だけを確保する透明なプレースホルダー,
spacer_add_empty_button,string,,Add empty button,空のボタンを追加,
popup_custom_popup,string,,Custom popup,カスタムポップアップ,
popup_choose,string,,Choose a popup,ポップアップを選択,
popup_none_yet,string,,No popups yet,ポップアップがまだありません,
popup_new,string,,New popup,新しいポップアップ,
popup_default_name,string,,New popup,新しいポップアップ,
popup_name,string,,Popup name,ポップアップ名,
popup_edit_contents,string,,Edit contents,内容を編集,
popup_delete,string,,Delete popup,ポップアップを削除,
popup_status_entity,string,,Status entity,ステータスエンティティ,
popup_status_entity_hint,string,,Optional. Its state fills the dialog's status line and adds the history view.,任意。その状態がダイアログのステータス行に表示され、履歴表示も追加されます。,
popup_settings_subtitle,string,,"Name, icon, and status entity",名前、アイコン、ステータスエンティティ,
popup_shared_hint,string,,Popups are shared: other buttons can open this same popup.,ポップアップは共有されます。他のボタンからも同じポップアップを開けます。,
popup_empty,string,,This popup is empty. Tap Edit to add widgets.,このポップアップは空です。「編集」をタップしてウィジェットを追加してください。,
popup_settings_title,string,,Popups,ポップアップ,
popup_settings_subtitle_section,string,,Build and edit your custom popups,カスタムポップアップの作成と編集,
popup_settings_hint,string,,"Popups open from a button, badge, or dialog button set to the Custom popup action. Edit contents opens the popup itself so you can arrange its widgets.",ポップアップは「カスタムポップアップ」アクションを設定したボタン・バッジ・ダイアログのボタンから開きます。「内容を編集」はポップアップ自体を開き、ウィジェットを配置できます。,
button_icon_only,string,,Icon only,アイコンのみ,
button_icon_size,string,,Icon size,アイコンサイズ,
button_icon_size_description,string,,"Auto shrinks the icon as the stack gains columns, so it still fits a narrow button.",自動にすると、スタックの列が増えるほどアイコンが小さくなり、幅の狭いボタンにも収まります。,
button_icon_size_auto,string,,Auto,自動,
button_icon_size_value,string,,%1$d dp,%1$d dp,keep %1$d
stack_child_icon_only,string,,Icon only for every button,すべてのボタンをアイコンのみにする,
stack_child_icon_only_description,string,,"Applies to all buttons in this stack, so you don't have to set it on each one.",このスタック内のすべてのボタンに適用されるので、1つずつ設定する必要はありません。,
stack_child_icon_size,string,,Icon size for every button,すべてのボタンのアイコンサイズ,
button_icon_only_description,string,,"Hide the name and state, centering the icon on the button",名前と状態を非表示にして、アイコンをボタンの中央に配置します,
action_button,string,,Action button,アクションボタン,
action_button_description,string,,"A button without an entity: give it a name, an icon, and any action",エンティティのないボタン。名前とアイコン、任意のアクションを設定できます,
action_button_add,string,,Add action button,アクションボタンを追加,
action_badge_add,string,,Add action badge,アクションバッジを追加,
security_entity_count,plural,one,%1$d entity,,needs translation; keep %1$d
security_entity_count,plural,other,%1$d entities,%1$d エンティティ,keep %1$d
family_permission_switch_dashboards,string,,Allow switching dashboards,ダッシュボードの切り替えを許可,
family_permission_switch_dashboards_subtitle,string,,Let this person load another existing dashboard,別の既存ダッシュボードを読み込めるようにします,
family_permission_create_dashboards,string,,Allow creating dashboards,ダッシュボードの作成を許可,
family_permission_create_dashboards_subtitle,string,,Let this person create or duplicate dashboards,ダッシュボードを作成または複製できるようにします,
family_dashboard_tab_locked,string,,Locked by family permissions,ファミリー権限によりロックされています,
family_dashboard_access_lost_title,string,,Family access removed,ファミリーアクセスが削除されました,
family_dashboard_access_lost_message,string,,"You no longer have access to HKI 7 through this family dashboard. Choose another dashboard shared with you, or use any other option your family permissions allow.",このファミリーダッシュボード経由ではHKI 7にアクセスできなくなりました。共有されている別のダッシュボード、またはファミリー権限で許可された別の方法を選んでください。,don't translate HKI 7
family_access_manage,string,,Manage access,アクセスを管理する,
family_access_title,string,,Who can see %1$s,%1$s を閲覧できる人,keep %1$s
family_access_description,string,,Add or remove people. Everyone you remove loses this dashboard the next time their app syncs.,人を追加または削除します。削除したユーザーは、次回アプリを同期するときにこのダッシュボードを失います。,
family_access_shared_everyone,string,,Shared with everyone,みんなで共有,
family_access_shared_nobody,string,,Shared with no one,誰とも共有されない,
family_access_shared_with,string,,Shared with %1$s,%1$s と共有,keep %1$s
family_access_unknown_user,string,,Unknown user,不明なユーザー,
family_access_revoke_warning,string,,"Losing access deletes their copy of this dashboard, along with any colours, icons, and names they changed on it.",アクセスを失うと、このダッシュボードのコピーが、ダッシュボード上で変更した色、アイコン、名前とともに削除されます。,
family_versions_title,string,,HKI versions,HKI バージョン,
family_versions_description,string,,Which HKI build each family device is running. This device is on %1$s. A device appears once it has opened HKI 7 1.0.0-beta.18 or newer at least once.,各ファミリー デバイスが実行している HKI ビルド。このデバイスは %1$s 上にあります。デバイスは、HKI 7 1.0.0-beta.18 以降を少なくとも 1 回実行した場合にのみ表示されます。,keep %1$s; don't translate HKI 7
family_versions_empty,string,,No family devices have reported a version yet.,まだバージョンを報告しているファミリー デバイスはありません。,
family_versions_loading,string,,Loading family devices…,家族のデバイスを読み込んでいます…,
family_versions_unavailable,string,,Home Assistant could not return the family device list. Check that HKI 7 Cloud is up to date.,ホーム アシスタントはファミリー デバイスのリストを返すことができませんでした。 HKI 7 Cloud が最新であることを確認します。,"don't translate HKI 7 Cloud, Home Assistant"
family_versions_outdated,string,,Older than yours,あなたよりも年上です,
family_versions_android,string,,Android %1$s,アンドロイド %1$s,keep %1$s
family_versions_reported,string,,reported %1$s,%1$s が報告されました,keep %1$s
family_versions_forget,string,,Forget this device,このデバイスを忘れてください,
family_versions_forget_hint,string,,Forgetting a device only clears it from this list. One that is still in use reappears the next time its app opens.,デバイスを忘れても、このリストから削除されるだけです。まだ使用中のものは、次にアプリを開いたときに再表示されます。,
family_versions_nudge,string,,Ask to update to %1$s,%1$s への更新を依頼する,keep %1$s
family_versions_nudge_clear,string,,Cancel update request,更新リクエストをキャンセルする,
family_versions_nudge_pending,string,,Waiting for this device to update to %1$s. The request clears itself once it does.,このデバイスが %1$s に更新されるのを待っています。リクエストは一度完了すると自動的にクリアされます。,keep %1$s
family_require_title,string,,Require an HKI version,HKI バージョンが必要です,
family_require_description,string,,"Everyone below the version you require is asked to update before they can keep using HKI. Nothing here installs anything — Google Play does the update, so people are only ever held up when Play actually has it ready for them.",必要なバージョン未満のユーザーは、HKI を使用し続ける前に更新するように求められます。ここには何もインストールされません。Google Play が更新を行うため、ユーザーが足止めされるのは、Play が実際に準備を整えた場合だけです。,
family_require_current,string,,Currently required: %1$s,現在必須: %1$s,keep %1$s
family_require_set,string,,Require everyone to be on %1$s,全員が %1$s に参加することを要求する,keep %1$s
family_require_clear,string,,Clear the requirement,要件をクリアする,
family_require_hint,string,,"You can only require a version some device already runs, so a requirement can never be one nobody is able to install.",一部のデバイスがすでに実行しているバージョンのみを要求できるため、誰もインストールできないバージョンを要件にすることはできません。,
settings_extra_family_require_failed,string,,Could not change the required version. It has to be one a family device already runs.,必要なバージョンを変更できませんでした。家族のデバイスがすでに実行しているものである必要があります。,
settings_extra_family_nudge_failed,string,,Could not ask “%1$s” to update.,「%1$s」に更新を依頼できませんでした。,keep %1$s
app_update_required_title,string,,Time to update HKI,HKI を更新する時期が来ました,
app_update_required_title_device,string,,This device needs an HKI update,このデバイスには HKI アップデートが必要です,
app_update_required_message,string,,Your family is on HKI %1$s. This device is on %2$s.,あなたのご家族は HKI %1$s に住んでいます。このデバイスは %2$s 上にあります。,keep %1$s %2$s
app_update_required_checking,string,,Checking Google Play…,Google Playをチェック中…,
app_update_required_update,string,,Update now,今すぐアップデートしてください,
app_update_required_open_store,string,,Open HKI in the Play Store,Play ストアで HKI を開く,
app_update_required_opened_store,string,,"Google Play could not take over here, so its store page was opened instead.",Google Play はここを引き継ぐことができなかったため、代わりにそのストア ページがオープンされました。,
app_update_required_unavailable,string,,"Google Play has no update ready for this device yet. That usually means the release hasn't reached you, or this copy of HKI didn't come from the Play Store.",Google Play には、このデバイス用のアップデートがまだ用意されていません。これは通常、リリースが届いていないか、この HKI のコピーが Play ストアから提供されていないことを意味します。,
app_update_required_continue,string,,Continue without updating,更新せずに続行する,
settings_extra_active_instance,string,,Active instance,アクティブなインスタンス,
settings_extra_automatic_cloud_backup_enabled,string,,Automatic cloud backup enabled.,自動クラウドバックアップが有効になりました。,
settings_extra_background_restricted_warning,string,,Restricted — background sync will not work,制限あり — バックグラウンド同期は機能しません,
settings_extra_backup_failed,string,,Backup failed: %1$s,バックアップに失敗しました: %1$s,keep %1$s
settings_extra_backup_unreadable,string,,The backup could not be read,バックアップを読み込めませんでした,
settings_extra_battery_optimized_warning,string,,Optimized — may interrupt background sync,最適化あり — バックグラウンド同期が中断される可能性があります,
settings_extra_buy_me_a_coffee_logo,string,,Buy Me a Coffee logo,Buy Me a Coffeeのロゴ,
settings_extra_cloud_backup_created,string,,Cloud backup created.,クラウドバックアップを作成しました。,
settings_extra_cloud_backup_failed,string,,Cloud backup failed: %1$s,クラウドバックアップに失敗しました: %1$s,keep %1$s
settings_extra_cloud_component_missing,string,,"The HKI 7 Cloud component was not found on your Home Assistant. Install it through HACS, then try again.",お使いのHome AssistantにHKI 7 Cloudコンポーネントが見つかりませんでした。HACS経由でインストールしてから再試行してください。,"don't translate HKI 7 Cloud, Home Assistant"
settings_extra_copy_dashboard,string,,Copy %1$s,%1$sを複製,keep %1$s
settings_extra_corner_modern,string,,Modern,モダン,
settings_extra_corner_round,string,,Round,丸型,
settings_extra_corner_sharp,string,,Sharp,シャープ,
settings_extra_create_custom_page,string,,Create custom page,カスタムページを作成,
settings_extra_custom_page_identity_subtitle,string,,Identity and navigation appearance,識別情報とナビゲーションの外観,
settings_extra_dashboard_backup_saved,string,,Dashboard backup saved.,ダッシュボードのバックアップを保存しました。,
settings_extra_dashboard_copy_name,string,,%1$s copy,%1$sのコピー,keep %1$s
settings_extra_dashboard_default_name,string,,Dashboard %1$d,ダッシュボード%1$d,keep %1$d
settings_extra_new_dashboard_confirm_body,string,,This adds a dashboard alongside the one you are using. Your current dashboard is kept exactly as it is and is never overwritten — you can switch between them at any time.,これにより、使用しているダッシュボードの横にダッシュボードが追加されます。現在のダッシュボードはそのまま保持され、上書きされることはありません。いつでも切り替えることができます。,
settings_extra_new_dashboard_confirm_action,string,,Continue,続行,
settings_extra_new_dashboard_created,string,,Created “%1$s”,「%1$s」を作成しました,keep %1$s
uif_onboarding_shared_already_added,string,,Already added,すでに追加されています,
settings_extra_dashboard_shared_badge,string,,Shared,共有,
settings_extra_dashboard_shared_subtitle,string,,Shared with you by your family. Tap to load,ご家族でシェアさせていただきました。タップしてロード,
settings_extra_dashboard_shared_loaded,string,,Shared with you by your family. Currently loaded,ご家族でシェアさせていただきました。現在ロードされています,
settings_extra_dashboard_generating,string,,Your new dashboard is being generated automatically.,新しいダッシュボードを自動生成しています。,
settings_extra_dashboard_mode_auto,string,,Automatic,自動,
settings_extra_dashboard_mode_manual,string,,Manual,手動,
settings_extra_dashboard_restored,string,,Dashboard configuration restored.,ダッシュボードの設定を復元しました。,
settings_extra_dashboard_shared,string,,“%1$s” shared.,「%1$s」を共有しました。,keep %1$s
settings_extra_dashboard_sharing_failed,string,,Could not share the dashboard.,ダッシュボードを共有できませんでした。,
settings_extra_default_user_name,string,,User,ユーザー,
settings_extra_delete_dashboard,string,,Delete %1$s,%1$sを削除,keep %1$s
settings_extra_device_tracker,string,,Device tracker,端末トラッカー,
settings_extra_device_tracker_subtitle,string,,"Name used for location, geocoded location, battery, and charging entities",位置情報、ジオコーディング済み位置情報、バッテリー、充電エンティティに使用される名前,
settings_extra_drive_access_token_missing,string,,Google Drive authorization did not return an access token.,Google Driveの認証でアクセストークンが返されませんでした。,don't translate Google Drive
settings_extra_drive_authorization_cancelled,string,,Google Drive authorization was cancelled.,Google Driveの認証がキャンセルされました。,don't translate Google Drive
settings_extra_drive_authorization_failed,string,,Google Drive authorization failed: %1$s,Google Driveの認証に失敗しました: %1$s,keep %1$s; don't translate Google Drive
settings_extra_drive_authorization_open_failed,string,,Google Drive authorization could not be opened.,Google Driveの認証を開けませんでした。,don't translate Google Drive
settings_extra_drive_backups_load_failed,string,,Could not load Google Drive backups: %1$s,Google Driveのバックアップを読み込めませんでした: %1$s,keep %1$s; don't translate Google Drive
settings_extra_edit_custom_page,string,,Edit custom page,カスタムページを編集,
settings_extra_effect_glow,string,,Glow,グロー,
settings_extra_effect_group_alerts,string,,Sensors and alarms,センサーとアラーム,
settings_extra_effect_group_climate,string,,Climate and humidity,空調と湿度,
settings_extra_effect_group_fans,string,,Fans and vacuums,ファンと掃除機,
settings_extra_effect_group_lights,string,,Lights and switches,ライトとスイッチ,
settings_extra_effect_group_media,string,,Media players,メディアプレーヤー,
settings_extra_effect_group_other,string,,Everything else,その他すべて,
settings_extra_effect_none,string,,None,なし,
settings_extra_effect_pulse,string,,Pulse,パルス,
settings_extra_effect_spin,string,,Spin,回転,
settings_extra_empty_dashboard_created,string,,An empty dashboard was created.,空のダッシュボードを作成しました。,
settings_extra_font_atkinson,string,,Atkinson Hyperlegible,Atkinson Hyperlegible,
settings_extra_font_bree_serif,string,,Bree Serif,Bree Serif,
settings_extra_font_comfortaa,string,,Comfortaa,Comfortaa,
settings_extra_font_cursive,string,,Cursive,筆記体,
settings_extra_font_default,string,,Default,デフォルト,
settings_extra_font_monospace,string,,Monospace,等幅,
settings_extra_font_nunito,string,,Nunito,Nunito,
settings_extra_font_patrick_hand,string,,Patrick Hand,Patrick Hand,
settings_extra_font_sans_serif,string,,Sans serif,サンセリフ,
settings_extra_font_serif,string,,Serif,セリフ,
settings_extra_font_space_grotesk,string,,Space Grotesk,Space Grotesk,
settings_extra_ha_backup_created,string,,Home Assistant backup created.,Home Assistantバックアップを作成しました。,don't translate Home Assistant
settings_extra_ha_backup_enabled,string,,Home Assistant backup enabled.,Home Assistantバックアップが有効になりました。,don't translate Home Assistant
settings_extra_ha_backup_failed,string,,Home Assistant backup failed. Is the HKI 7 Cloud component reachable?,Home Assistantバックアップに失敗しました。HKI 7 Cloudコンポーネントに到達できますか？,"don't translate HKI 7 Cloud, Home Assistant"
settings_extra_ha_backups_load_failed,string,,Could not load Home Assistant backups: %1$s,Home Assistantのバックアップを読み込めませんでした: %1$s,keep %1$s; don't translate Home Assistant
settings_extra_hide_tab,string,,Hide tab,タブを非表示,
settings_extra_hki_cloud_step_add_integration,string,,"Go to Settings → Devices & Services → Add Integration, choose “HKI 7 Cloud,” and confirm.",設定 → デバイスとサービス → 統合を追加 に移動し、「HKI 7 Cloud」を選んで確定してください。,don't translate HKI 7 Cloud
settings_extra_hki_cloud_step_add_repository,string,,"Paste %1$s, choose the “Integration” category, and add it.",%1$sを貼り付け、「Integration」カテゴリーを選択して追加してください。,keep %1$s
settings_extra_hki_cloud_step_install,string,,"Open the new “HKI 7 Cloud” entry, install it, and restart Home Assistant.",新しい「HKI 7 Cloud」項目を開いてインストールし、Home Assistantを再起動してください。,"don't translate HKI 7 Cloud, Home Assistant"
settings_extra_hki_cloud_step_open_custom_repositories,string,,"In Home Assistant, open HACS → the ⋮ menu in the top-right → Custom repositories.",Home Assistantで、HACS → 右上の⋮メニュー → カスタムリポジトリ を開きます。,don't translate Home Assistant
settings_extra_hki_cloud_step_reopen,string,,Reopen this screen. The features will appear automatically.,この画面を再度開いてください。機能は自動的に表示されます。,
settings_extra_hki_cloud_version,string,,HKI 7 Cloud v%1$s installed,HKI 7 クラウド v%1$s がインストールされています,keep %1$s; don't translate HKI 7 Cloud
settings_extra_hki_cloud_version_unknown,string,,HKI 7 Cloud installed (update to see its version),HKI 7 Cloud がインストールされている (バージョンを確認するには更新してください),don't translate HKI 7 Cloud
settings_extra_hki_cloud_update_to_unlock,string,,Update to unlock:,ロックを解除するには更新してください:,
settings_extra_hki_cloud_feature_requires,string,,%1$s (needs v%2$s+),%1$s (v%2$s+ が必要),keep %1$s %2$s
settings_extra_hki_cloud_feature_reimport,string,,Manually re-importing or clearing dashboard view data,ダッシュボード ビュー データを手動で再インポートまたはクリアする,
settings_extra_hki_cloud_feature_search_lists,string,,Per-person Visible/Invisible global search lists,個人ごとの表示/非表示のグローバル検索リスト,
settings_extra_hki_cloud_feature_room_follow,string,,Room following,部屋の追従,
settings_extra_hki_cloud_feature_room_follow_launch_only,string,,"Room following: only place someone on launch, without tracking further moves",ルームフォロー: 誰かを起動時に配置するだけで、それ以降の動きは追跡しません,
settings_extra_hki_cloud_feature_devices,string,,Seeing which HKI version each family device runs,各ファミリー デバイスが実行する HKI バージョンの確認,
settings_extra_hki_cloud_feature_required_version,string,,Requiring the family to update to a given HKI version,特定の HKI バージョンに更新するようファミリーに要求する,
settings_extra_hki_cloud_feature_events,string,,"The event timeline, and hiding parts of it from individual people",イベントのタイムラインとその一部を個人に隠す,
settings_extra_hki_cloud_tab_requires,string,,"Needs HKI 7 Cloud v%1$s or newer. Update the component in HACS — until then, what you set here won't take effect.",HKI 7 Cloud v%1$s 以降が必要です。 HACS でコンポーネントを更新します。それまでは、ここで設定した内容は有効になりません。,keep %1$s; don't translate HKI 7 Cloud
settings_extra_location_allowed_always,string,,Allowed all the time,常に許可,
settings_extra_location_allowed_foreground,string,,Allowed only while using the app,アプリ使用中のみ許可,
settings_extra_location_not_allowed,string,,Not allowed,許可しない,
language_search_placeholder,string,,Search languages,検索言語,
language_search_no_matches,string,,No language matches “%1$s”,「%1$s」に一致する言語はありません,keep %1$s
settings_extra_language_dutch,string,,Nederlands,Nederlands,
settings_extra_language_english,string,,English,English,
settings_extra_language_french,string,,Français,Français,
settings_extra_language_german,string,,Deutsch,Deutsch,
settings_extra_language_italian,string,,Italiano,Italiano,
settings_extra_language_spanish,string,,Español,Español,
settings_extra_language_turkish,string,,Türkçe,Türkçe,
settings_extra_language_portuguese,string,,Português,Português,
settings_extra_language_portuguese_brazil,string,,Português (Brasil),Português (Brasil),
settings_extra_language_spanish_latam,string,,Español (Latinoamérica),Español (Latinoamérica),
settings_extra_language_japanese,string,,日本語,日本語,
settings_extra_language_korean,string,,한국어,한국어,
settings_extra_language_chinese_simplified,string,,中文（简体）,中文（简体）,
settings_extra_language_chinese_traditional,string,,中文（繁體）,中文（繁體）,
settings_extra_no_drive_backups,string,,No Google Drive backups were found.,Google Driveのバックアップが見つかりませんでした。,don't translate Google Drive
settings_extra_no_ha_backups,string,,No Home Assistant backups were found. Is the HKI 7 Cloud component installed?,Home Assistantのバックアップが見つかりませんでした。HKI 7 Cloudコンポーネントはインストールされていますか？,"don't translate HKI 7 Cloud, Home Assistant"
settings_extra_notifications_multi_home_required,string,,Required while multiple homes receive notifications. Manage each home under Connection.,複数のホームが通知を受け取る間は必須です。各ホームは接続設定で管理してください。,
settings_extra_notifications_persistent_connection,string,,Keeps a persistent connection to Home Assistant while the app is closed. This uses more battery.,アプリが閉じている間もHome Assistantとの接続を維持します。バッテリー消費が増加します。,don't translate Home Assistant
settings_extra_paypal_logo,string,,PayPal logo,PayPalのロゴ,
settings_extra_policy_update_failed,string,,Could not update the policy.,ポリシーを更新できませんでした。,
settings_extra_policy_needs_component_update,string,,Permissions saved. Update HKI 7 Cloud to also store the Visible and Invisible lists.,権限を保存しました。「表示」と「非表示」のリストも保存するには、HKI 7 Cloudを更新してください。,don't translate HKI 7 Cloud
settings_extra_policy_needs_component_update_room_follow,string,,Permissions saved. Update HKI 7 Cloud to also store the room following settings.,権限を保存しました。部屋の追従設定も保存するには HKI 7 Cloud を更新してください。,don't translate HKI 7 Cloud
settings_extra_policy_needs_component_update_events,string,,"Permissions saved, but this HKI 7 Cloud is too old to hide events from this person — they would see the whole timeline. Update it to apply the restriction.",権限は保存されましたが、この HKI 7 Cloud は古すぎるため、この人にイベントを非表示にできません。この人にはタイムライン全体が表示されてしまいます。更新して制限を適用します。,don't translate HKI 7 Cloud
settings_extra_tab_presence,string,,Presence,在室検知,
settings_extra_tab_events,string,,Events,イベント,
settings_extra_events_title,string,,Event timeline,イベントのタイムライン,
settings_extra_events_description,string,,"Choose which entities the family sees recent activity for, in the Events tab of the notification drawer. Set once here rather than on each phone. This hides the timeline, not the entities — anyone signed in to Home Assistant can still read them there.",通知ドロワーの [イベント] タブで、ファミリーにどのエンティティの最近のアクティビティが表示されるかを選択します。電話機ごとに設定するのではなく、ここで一度設定します。これにより、エンティティではなくタイムラインが非表示になります。ホーム アシスタントにサインインしている人は誰でも、そこでエンティティを読むことができます。,don't translate Home Assistant
settings_extra_events_loading,string,,Loading the roster…,名簿をロード中…,
settings_extra_events_unavailable,string,,Could not read the roster from HKI 7 Cloud.,HKI 7 Cloud から名簿を読み取ることができませんでした。,don't translate HKI 7 Cloud
settings_extra_events_empty,string,,No entities are being tracked yet.,まだ追跡されているエンティティはありません。,
settings_extra_events_choose,string,,Choose entities,エンティティの選択,
settings_extra_events_edit,string,,Edit entities,エンティティを編集,
settings_extra_events_pick_title,string,,Entities to show events for,イベントを表示するエンティティ,
settings_extra_events_save_failed,string,,Could not save the event roster.,イベント名簿を保存できませんでした。,
settings_extra_events_capped,string,,Saved %1$d entities and %2$d domains. The timeline roster is capped.,保存された %1$d エンティティと %2$d ドメイン。タイムラインの名簿には上限があります。,keep %1$d %2$d
settings_extra_events_whole_domain,string,,All %1$s (%2$d entities),すべての %1$s (%2$d エンティティ),keep %1$s %2$d
settings_extra_events_resolved_capped,string,,"This roster covers %2$d entities, but a timeline subscribes to at most %1$d. Remove a domain, or add entities by name instead.",この名簿は %2$d エンティティをカバーしますが、タイムラインは最大 %1$d をサブスクライブします。ドメインを削除するか、代わりに名前でエンティティを追加します。,keep %2$d %1$d
settings_extra_events_per_person_title,string,,Who sees what,誰が何を見てますか,
settings_extra_events_per_person_description,string,,Everyone sees the whole timeline unless you take something out of it for them.,あなたがタイムラインから何かを取り出していない限り、誰もがタイムライン全体を見ます。,
settings_extra_events_sees_everything,string,,Sees the whole timeline,タイムライン全体を見る,
settings_extra_events_hidden_count,string,,%1$d hidden,%1$d 非表示,keep %1$d
settings_extra_events_manage,string,,Manage,管理,
settings_extra_events_hidden_title,string,,Hide from this person,この人から隠れてください,
settings_extra_events_notifications_hint,string,,"The Events tab in the notification drawer shows recent activity for the entities your family admin chose. It is set for the whole family in Family Sharing, not per device.",通知ドロワーの [イベント] タブには、ファミリー管理者が選択したエンティティの最近のアクティビティが表示されます。デバイスごとではなく、ファミリー共有で家族全員に設定されます。,
settings_extra_events_open_family_sharing,string,,Open Family Sharing,オープンファミリー共有,
settings_extra_room_follow_title,string,,Room following,部屋の追従,
settings_extra_room_follow_description,string,,"Pick the room-presence sensor that tracks each person's phone, such as an ESPresense sensor. The app opens the room they are in and offers to follow them as they move.",各人のスマートフォンを検出する在室センサー（ESPresense など）を選びます。アプリはその人がいる部屋を開き、移動したときに追従するかどうかを尋ねます。,
settings_extra_room_follow_sensor,string,,Presence sensor,在室センサー,
settings_extra_room_follow_none,string,,No sensor,センサーなし,
settings_extra_room_follow_enabled,string,,Follow this person between rooms,この人を部屋間で追従する,
settings_extra_room_follow_open_on_launch,string,,Open their room when the app starts,アプリ起動時にその人の部屋を開く,
settings_extra_room_follow_continue_after_launch,string,,Keep following while the app is open,アプリを開いている間はフォローし続けてください,
settings_extra_room_follow_continue_after_launch_hint,string,,"Turn off to only place them in the right room when the app starts, without switching rooms again while they're using it.",オフにすると、アプリの起動時にのみ正しい部屋に配置され、使用中に再び部屋を切り替える必要がなくなります。,
settings_extra_room_follow_prompt_on_move,string,,Ask before switching rooms,部屋を切り替える前に確認する,
settings_extra_room_follow_dwell,string,,Wait before a move counts,移動と見なすまでの待ち時間,
settings_extra_room_follow_dwell_value,string,,%1$d s,%1$d 秒,keep %1$d
settings_extra_room_follow_dwell_hint,string,,Room-presence sensors drift between nearby rooms. A longer wait means fewer false moves.,在室センサーは隣接する部屋の間で揺れます。待ち時間を長くすると誤検出が減ります。,
settings_extra_room_follow_rooms,string,,Sensor states,センサーの状態,
settings_extra_room_follow_rooms_matched,string,,Matched automatically,自動で一致,
settings_extra_room_follow_rooms_unmatched,string,,Pick a room,部屋を選択,
settings_extra_room_follow_no_states,string,,No states seen yet. States appear here once the sensor reports them.,まだ状態がありません。センサーが報告するとここに表示されます。,
room_follow_moved_title,string,,You moved to %1$s,%1$sに移動しました,keep %1$s
room_follow_moved_message,string,,"Switch to that room, or stay where you are?",その部屋に切り替えますか、それともこのままにしますか？,
room_follow_moved_switch,string,,Switch,切り替える,
room_follow_moved_stay,string,,Stay,このまま,
room_follow_moved_silence,string,,Don't ask again until I restart the app,アプリを次に起動するまで確認しない,
settings_extra_rename_dashboard,string,,Rename %1$s,%1$sの名前を変更,keep %1$s
settings_extra_rename_instance,string,,Rename %1$s,%1$sの名前を変更,keep %1$s
settings_extra_restart_home_assistant_failed,string,,Could not restart Home Assistant.,Home Assistantを再起動できませんでした。,don't translate Home Assistant
settings_extra_restore_failed,string,,Restore failed: %1$s,復元に失敗しました: %1$s,keep %1$s
settings_extra_selected_file_open_failed,string,,Could not open the selected file,選択したファイルを開けませんでした,
settings_extra_set_dashboard_default,string,,Set %1$s as the default dashboard,%1$sをデフォルトダッシュボードに設定,keep %1$s
settings_extra_family_device_forget_failed,string,,Could not forget “%1$s.”,「%1$s」を忘れることはできませんでした。,keep %1$s
settings_extra_shared_dashboard_access_failed,string,,Could not change who can see “%1$s.”,「%1$s」を閲覧できるユーザーを変更できませんでした。,keep %1$s
settings_extra_shared_dashboard_access_updated,string,,Updated who can see “%1$s.”,「%1$s」を閲覧できるユーザーを更新しました。,keep %1$s
settings_extra_shared_dashboard_delete_failed,string,,Could not delete “%1$s.”,「%1$s」を削除できませんでした。,keep %1$s
settings_extra_shared_dashboard_deleted,string,,“%1$s” was deleted from the cloud.,「%1$s」をクラウドから削除しました。,keep %1$s
settings_extra_shared_dashboard_import_failed,string,,Could not import “%1$s.”,「%1$s」をインポートできませんでした。,keep %1$s
settings_extra_shared_dashboard_imported,string,,“%1$s” was imported into your dashboards.,「%1$s」をダッシュボードにインポートしました。,keep %1$s
settings_extra_shared_dashboard_now_using,string,,Now using “%1$s.”,「%1$s」を使用中です。,keep %1$s
settings_extra_shared_dashboard_use_failed,string,,Could not use “%1$s.”,「%1$s」を使用できませんでした。,keep %1$s
settings_extra_shared_dashboards_up_to_date,string,,Shared dashboards are already up to date.,共有ダッシュボードはすでに最新です。,
settings_extra_show_tab,string,,Show tab,タブを表示,
settings_extra_tab_dashboards,string,,Dashboards,ダッシュボード,
settings_extra_tab_devices,string,,Devices,デバイス,
settings_extra_tab_parental_controls,string,,Parental controls,ペアレンタルコントロール,
settings_extra_tab_permissions,string,,Permissions,権限,
settings_extra_technology_kotlin,string,,Kotlin,Kotlin,
settings_extra_technology_xml_kotlin_dsl,string,,XML and Kotlin DSL,XMLとKotlin DSL,
settings_extra_theme_amber,string,,Amber,アンバー,
settings_extra_theme_auto,string,,Auto,自動,
settings_extra_theme_blue,string,,Blue,ブルー,
settings_extra_theme_custom,string,,Custom,カスタム,
settings_extra_theme_dark,string,,Dark,ダーク,
settings_extra_theme_green,string,,Green,グリーン,
settings_extra_theme_light,string,,Light,ライト,
settings_extra_theme_rose,string,,Rose,ローズ,
settings_extra_theme_system,string,,System,システム,
settings_extra_unknown_error,string,,Unknown error,不明なエラー,
settings_extra_unrestricted_recommended,string,,Unrestricted (recommended),制限なし（推奨）,
settings_extra_view_battery,string,,Battery,バッテリー,
settings_extra_view_climate,string,,Climate,空調,
settings_extra_view_energy,string,,Energy,エネルギー,
settings_extra_view_rooms,string,,Rooms,部屋,
settings_extra_view_security,string,,Security,セキュリティ,
settings_extra_minutes_ago,plural,one,%1$d minute ago,,needs translation; keep %1$d
settings_extra_minutes_ago,plural,other,%1$d minutes ago,%1$d 分前,keep %1$d
settings_extra_hours_ago,plural,one,%1$d hour ago,,needs translation; keep %1$d
settings_extra_hours_ago,plural,other,%1$d hours ago,%1$d 時間前,keep %1$d
settings_extra_days_ago,plural,one,%1$d day ago,,needs translation; keep %1$d
settings_extra_days_ago,plural,other,%1$d days ago,%1$d 日前,keep %1$d
settings_extra_shared_dashboards_pushed,plural,one,Pushed changes to %1$d shared dashboard.,,needs translation; keep %1$d
settings_extra_shared_dashboards_pushed,plural,other,Pushed changes to %1$d shared dashboards.,%1$d 共有ダッシュボードに変更をプッシュしました。,keep %1$d
family_permission_reimport,string,,Allow re-importing,再インポートを許可,
family_permission_reimport_subtitle,string,,"Let this person manually re-import or clear Rooms, Climate, Security, Energy, and Battery data",部屋、空調、セキュリティ、エネルギー、バッテリーのデータを手動で再インポートまたは消去できるようにします,
family_dashboard_create_disabled_reason,string,,Your family administrator has disabled dashboard creation. This account can only use family-shared dashboards.,ファミリー管理者がダッシュボードの作成を無効にしています。このアカウントでは、共有されたファミリーダッシュボードのみ使用できます。,
family_dashboard_restore_disabled_reason,string,,"Your family administrator has disabled dashboard switching. Restoring a backup could replace the family dashboard, so this account can only select a shared dashboard.",ファミリー管理者がダッシュボードの切り替えを無効にしています。バックアップの復元によってファミリーダッシュボードが置き換わる可能性があるため、このアカウントでは共有ダッシュボードのみ選択できます。,
family_settings_admin_only,string,,Locked — only a Home Assistant administrator can manage family sharing,ロック中 — ファミリー共有を管理できるのは Home Assistant 管理者のみです,don't translate Home Assistant
family_aesthetics_only_explanation,string,,"Aesthetics-only access allows local names, icons, colors, backgrounds, card styles, shapes, sizes, and layout. Entities, actions, visibility rules, content, controls, and other behavior remain managed by the dashboard owner.",外観のみのアクセスでは、ローカルの名前、アイコン、色、背景、カードスタイル、形、サイズ、レイアウトを変更できます。エンティティ、アクション、表示ルール、コンテンツ、操作、その他の動作は引き続きダッシュボード所有者が管理します。,
parental_search_access_title,string,,Entity search access,エンティティ検索へのアクセス,
parental_search_access_hint,string,,Choose which Home Assistant domains or individual entities this person can find in global search. Invisible selections always take precedence.,このユーザーがグローバル検索で見つけられる Home Assistant のドメインまたは個別のエンティティを選択します。非表示の選択が常に優先されます。,don't translate Home Assistant
parental_search_visible_title,string,,Visible,表示,
parental_search_invisible_title,string,,Invisible,非表示,
parental_search_visible_empty,string,,All entities are visible unless they appear in the Invisible list.,非表示リストに含まれないすべてのエンティティが表示されます。,
parental_search_invisible_empty,string,,No entities are explicitly hidden.,明示的に非表示のエンティティはありません。,
parental_search_picker_subtitle,string,,Select entire domains or individual entities,ドメイン全体または個別のエンティティを選択,
parental_search_domains,string,,Domains,ドメイン,
parental_search_entire_domain,string,,Entire domain,ドメイン全体,
parental_search_domain_chip,string,,Domain: %1$s,ドメイン: %1$s,keep %1$s
uif_a_state,string,,a state,状態,
uif_a_time,string,,a time,時間,
uif_actions,string,,Actions,アクション,
uif_active,string,,Active,作動中,
uif_adaptive,string,,Adaptive,アダプティブ,
uif_advanced,string,,Advanced,詳細設定,
uif_air_quality,string,,Air quality,大気質,
uif_alarm,string,,Alarm,警報,
uif_alarms,string,,Alarms,アラーム,
uif_allow,string,,Allow,許可する,
uif_allow_all_the_time,string,,Allow all the time,常に許可する,
uif_and_separator,string,,\u0020and\u0020,\\u0020そして\\u0020,
uif_appearance,string,,Appearance,外観,
uif_aqi,string,,AQI,アキ,
uif_auto,string,,Auto,自動,
uif_back,string,,Back,戻る,
uif_beep,string,,Beep,ビープ,
uif_brightness,string,,Brightness,明るさ,
uif_bucket,string,,Bucket,バケツ,
uif_choose_action,string,,Choose action,アクションを選択,
uif_choose_entity,string,,Choose entity,エンティティを選択,
uif_choose_target,string,,Choose target,対象を選択,
uif_circle,string,,Circle,丸,
uif_color,string,,Color,色,
uif_date,string,,Date,日付,
uif_date_and_time,string,,Date and time,日時,
uif_defrost,string,,Defrost,解凍する,
uif_devices_on,string,,Devices on,デバイスがオン,
uif_direction_east_short,string,,E,E,
uif_direction_north_short,string,,N,N,
uif_direction_northeast_short,string,,NE,北東,
uif_direction_northwest_short,string,,NW,北西,
uif_direction_south_short,string,,S,S,
uif_direction_southeast_short,string,,SE,SE,
uif_direction_southwest_short,string,,SW,サウスウェールズ州,
uif_direction_west_short,string,,W,W,
uif_display,string,,Display,表示,
uif_edit,string,,Edit,編集,
uif_enable,string,,Enable,有効にする,
uif_enable_location,string,,Enable location,位置情報を有効にする,
uif_enabled,string,,Enabled,有効,
uif_entities,string,,Entities,エンティティ,
uif_error,string,,Error,エラー,
uif_fan_speed,string,,Fan speed,ファン速度,
uif_feels_like_temperature,string,,Feels like %1$d°,%1$d° のような感じ,keep %1$d
uif_filter,string,,Filter,フィルター,
uif_fire,string,,Fire,火災,
uif_flow_actions_available,string,,Actions available in Home Assistant,ホーム アシスタントで利用できるアクション,don't translate Home Assistant
uif_flow_actions_load_failed,string,,Could not load Home Assistant actions,Home Assistantのアクションを読み込めませんでした,don't translate Home Assistant
uif_flow_advanced_block_unchanged,string,,Advanced block (kept unchanged),アドバンストブロック（変更せず）,
uif_flow_after_format,string,,After (HH:MM:SS),後 (HH:MM:SS),
uif_flow_after_time,string,,after %1$s,%1$s 以降,keep %1$s
uif_flow_at_time,string,,At %1$s,%1$s にて,keep %1$s
uif_flow_automation_delete_failed,string,,Could not delete this automation,このオートメーションを削除できませんでした,
uif_flow_automation_deleted,string,,Deleted from Home Assistant,ホームアシスタントから削除されました,don't translate Home Assistant
uif_flow_automation_load_failed,string,,Could not load this automation,このオートメーションを読み込めませんでした,
uif_flow_automation_save_failed,string,,Could not save this automation,このオートメーションを保存できませんでした,
uif_flow_automation_saved,string,,Saved and loaded in Home Assistant,ホームアシスタントに保存およびロードされました,don't translate Home Assistant
uif_flow_before_format,string,,Before (HH:MM:SS),前 (HH:MM:SS),
uif_flow_before_time,string,,before %1$s,%1$s より前,keep %1$s
uif_flow_domain_actions_first,string,,%1$s actions are shown first,%1$s アクションが最初に表示されます,keep %1$s
uif_flow_entity_becomes_state,string,,%1$s becomes %2$s,%1$s は %2$s になります,keep %1$s %2$s
uif_flow_entity_is_state,string,,%1$s is %2$s,%1$s は %2$s です,keep %1$s %2$s
uif_flow_entity_state,string,,Entity state,エンティティの状態,
uif_flow_ha_action,string,,Home Assistant action,ホームアシスタントのアクション,don't translate Home Assistant
uif_flow_mode_parallel,string,,Parallel,平行,
uif_flow_mode_parallel_description,string,,Start every trigger as a separate run at the same time.,すべてのトリガーを別個の実行として同時に開始します。,
uif_flow_mode_queued,string,,Queued,キューに入れられました,
uif_flow_mode_queued_description,string,,"Wait, then run each trigger in the order it arrived.",待ってから、各トリガーを到着した順序で実行します。,
uif_flow_mode_restart,string,,Restart,再起動,
uif_flow_mode_restart_description,string,,Stop the current run and start again when conditions still pass.,現在の実行を停止し、条件がまだ通過したときに再開します。,
uif_flow_mode_single,string,,Single,シングル,
uif_flow_mode_single_description,string,,Ignore a new trigger while this flow is still running.,このフローの実行中は新しいトリガーを無視します。,
uif_flow_perform_ha_action,string,,Perform a Home Assistant action,ホームアシスタントアクションを実行する,don't translate Home Assistant
uif_flow_section_and_if,string,,And if,そしてもし,
uif_flow_section_then,string,,Then,それから,
uif_flow_section_when,string,,When,条件,
uif_flow_sun_event,string,,Sun event,日曜日のイベント,
uif_flow_sunrise_or_sunset,string,,Sunrise or sunset,日の出または日の入り,
uif_flow_time_format,string,,Time (HH:MM:SS),時間 (HH:MM:SS),
uif_flow_time_window,string,,Time window,タイムウィンドウ,
uif_flow_group_any,string,,Any of these,いずれかが成立,
uif_flow_group_all,string,,All of these,すべてが成立,
uif_flow_group_none,string,,None of these,いずれも成立しない,
uif_flow_group_empty,string,,Empty — open it to add conditions,空です — グループを開いて条件を追加してください,
uif_flow_group_open,string,,Open group,グループを開く,
uif_flow_group_back,string,,Back,戻る,
uif_flow_group_count,plural,one,%1$d condition inside,,needs translation; keep %1$d
uif_flow_group_count,plural,other,%1$d conditions inside,%1$d 内の条件,keep %1$d
uif_flow_within_time_window,string,,Within a time window,時間枠内で,
uif_full,string,,Full,全幅,
uif_gas,string,,Gas,ガス,
uif_glow,string,,Glow,グロー,
uif_half,string,,Half,半分,
uif_header_pill,string,,Header pill,ヘッダーピル,
uif_hold,string,,Hold,長押し,
uif_humidity,string,,Humidity,湿度,
uif_ionizer,string,,Ionizer,イオナイザー,
uif_lights_on,string,,Lights on,点灯,
uif_mode_auto,string,,Auto,自動,
uif_mode_away,string,,Away,外出,
uif_mode_baby,string,,Baby,赤ちゃん,
uif_mode_boost,string,,Boost,ブースト,
uif_mode_clothes,string,,Clothes,服,
uif_mode_comfort,string,,Comfort,快適,
uif_mode_continuous,string,,Continuous,継続的,
uif_mode_dry,string,,Dry,乾燥,
uif_mode_eco,string,,Eco,エコ,
uif_mode_high,string,,High,高,
uif_mode_home,string,,Home,ホーム,
uif_mode_laundry,string,,Laundry,ランドリー,
uif_mode_low,string,,Low,低,
uif_mode_manual,string,,Manual,手動,
uif_mode_medium,string,,Medium,中,
uif_mode_normal,string,,Normal,通常,
uif_mode_purify,string,,Purify,浄化する,
uif_mode_quiet,string,,Quiet,静音,
uif_mode_sleep,string,,Sleep,スリープ,
uif_moon,string,,Moon,月,
uif_moon_phase_first_quarter,string,,First quarter,第 1 四半期,
uif_moon_phase_full,string,,Full moon,満月,
uif_moon_phase_last_quarter,string,,Last quarter,最後の四半期,
uif_moon_phase_new,string,,New moon,新月,
uif_moon_phase_waning_crescent,string,,Waning crescent,下弦の三日月,
uif_moon_phase_waning_gibbous,string,,Waning gibbous,衰退する巨大な,
uif_moon_phase_waxing_crescent,string,,Waxing crescent,ワックスがけの三日月,
uif_moon_phase_waxing_gibbous,string,,Waxing gibbous,ワックスがけの巨大な,
uif_motion,string,,Motion,動体検知,
uif_mute,string,,Mute,ミュート,
uif_next,string,,Next,次,
uif_none,string,,None,なし,
uif_off,string,,Off,オフ,
uif_onboarding_add_in_edit_mode,string,,Add everything yourself in Edit mode,編集モードですべてを自分で追加します,
uif_onboarding_add_internal_url_later,string,,"For a faster direct connection at home, you can add an internal URL and your home Wi-Fi networks later in Settings > Connection.",自宅での直接接続を高速化するには、後で [設定] > [接続] で内部 URL とホーム Wi-Fi ネットワークを追加します。,
uif_onboarding_add_remote_url_later,string,,"To connect while you're away from home, add a Nabu Casa or external URL later in Settings > Connection.",外出中に接続するには、後で [設定] > [接続] で Nabu Casa または外部 URL を追加します。,don't translate Nabu Casa
uif_onboarding_auto_entities,string,,"Finds suitable Climate, Security, Energy and Battery entities",適切な気候、セキュリティ、エネルギー、バッテリーエンティティを見つけます,
uif_onboarding_auto_generate,string,,Auto generate,自動生成,
uif_onboarding_auto_rooms_floors,string,,Creates rooms and floors from Home Assistant areas,ホームアシスタントエリアから部屋とフロアを作成します,don't translate Home Assistant
uif_onboarding_building_dashboard,string,,Building dashboard…,ダッシュボードを構築中…,
uif_onboarding_connection_failed,string,,Connection failed,接続に失敗しました,
uif_onboarding_everything_editable,string,,Everything can be changed afterward in Edit mode,すべては後から編集モードで変更できます,
uif_onboarding_external_access_explanation,string,,HKI 7 can reach your smart home both at home and while you're away through the external URL you entered.,HKI 7 は、入力した外部 URL を介して、自宅でも外出中でもスマート ホームにアクセスできます。,don't translate HKI 7
uif_onboarding_local_access_explanation,string,,Your smart home is currently available to HKI 7 only while this device can reach your local Home Assistant network.,現在、スマート ホームは、このデバイスがローカルのホーム アシスタント ネットワークに接続できる場合にのみ HKI 7 で利用できます。,"don't translate Home Assistant, HKI 7"
uif_onboarding_login_failed,string,,Login failed: %1$s,ログインに失敗しました: %1$s,keep %1$s
uif_onboarding_nabu_casa_access_explanation,string,,HKI 7 can reach your smart home both at home and while you're away through your Nabu Casa URL.,HKI 7 は、自宅でも外出先でも、Nabu Casa URL を通じてスマート ホームにアクセスできます。,"don't translate Nabu Casa, HKI 7"
uif_onboarding_no_authorization_code,string,,Login failed: Home Assistant returned no authorization code.,ログインに失敗しました: Home Assistant が認証コードを返しませんでした。,don't translate Home Assistant
uif_onboarding_preparing_dashboard,string,,Preparing dashboard…,ダッシュボードを準備しています…,
uif_onboarding_server_http_error,string,,The server answered with HTTP %1$d,サーバーは HTTP %1$d で応答しました,keep %1$d
uif_onboarding_shared_import_failed,string,,Could not import “%1$s”. Try again.,「%1$s」をインポートできませんでした。もう一度やり直してください。,keep %1$s
uif_onboarding_start_empty,string,,Start empty,空の状態で開始,
uif_onboarding_starts_empty,string,,"Starts without imported rooms, widgets or view entities",インポートされたルーム、ウィジェット、またはビュー エンティティなしで開始します,
uif_open,string,,Open,開く,
uif_open_doors,string,,Open doors,開いたドア,
uif_open_settings,string,,Open settings,設定を開く,
uif_open_windows,string,,Open windows,開いた窓,
uif_pause,string,,Pause,一時停止,
uif_percentage,string,,Percentage,パーセンテージ,
uif_percentage_value,string,,%1$d%%,%1$d%%,keep %1$d
uif_pick_to_auto_fill,string,,Pick to auto-fill,自動入力するものを選択してください,
uif_pill,string,,Pill,ピル,
uif_play,string,,Play,遊ぶ,
uif_playlists,string,,Playlists,プレイリスト,
uif_pm25,string,,PM2.5,PM2.5,
uif_presence,string,,Presence,在室検知,
uif_pressure,string,,Pressure,プレッシャー,
uif_pressure_hpa,string,,%1$d hPa,%1$d hPa,keep %1$d
uif_previous,string,,Previous,前の,
uif_pulse,string,,Pulse,パルス,
uif_pump,string,,Pump,ポンプ,
uif_rain,string,,Rain,雨,
uif_rain_map_camera,string,,Rain map camera,雨マップカメラ,
uif_recipe_arrive_home_description,string,,Activate a scene when someone arrives home,誰かが帰宅したときにシーンをアクティブにする,
uif_recipe_arrive_home_title,string,,Welcome home,おかえり,
uif_recipe_bedtime_description,string,,Turn off a light at a chosen bedtime,選択した就寝時間に電気を消します,
uif_recipe_bedtime_title,string,,Bedtime lights,就寝時のライト,
uif_recipe_blank_description,string,,Build an automation from an empty canvas,空のキャンバスからオートメーションを構築する,
uif_recipe_blank_title,string,,Start empty,空の状態で開始,
uif_recipe_close_covers_description,string,,Close a cover when the sun sets,日が沈んだらカバーを閉める,
uif_recipe_close_covers_title,string,,Close covers at sunset,日没時にカバーを閉める,
uif_recipe_entity_state_description,string,,Run an action when an entity reaches a state,エンティティが特定の状態に達したときにアクションを実行する,
uif_recipe_entity_state_title,string,,Entity changes,エンティティの変更,
uif_recipe_leave_home_description,string,,Turn off a light when someone leaves home,誰かが家を出るときは電気を消す,
uif_recipe_leave_home_title,string,,Leaving home,家を出る,
uif_recipe_lock_at_night_description,string,,Lock a door at a chosen time,選択した時間にドアをロックする,
uif_recipe_lock_at_night_title,string,,Lock up at night,夜は施錠してください,
uif_recipe_morning_scene_description,string,,Activate a scene at a chosen morning time,選択した朝の時間にシーンをアクティブ化する,
uif_recipe_morning_scene_title,string,,Morning scene,朝の風景,
uif_recipe_motion_lights_description,string,,Turn on a light when motion is detected,動きが検出されるとライトが点灯します,
uif_recipe_motion_lights_title,string,,Motion lighting,モーションライティング,
uif_recipe_open_covers_description,string,,Open a cover when the sun rises,日が昇ったらカバーを開ける,
uif_recipe_open_covers_title,string,,Open covers at sunrise,日の出時にカバーを開ける,
uif_recipe_schedule_description,string,,Run an action at a fixed time every day,毎日決まった時間にアクションを実行する,
uif_recipe_schedule_title,string,,At a time,一度に,
uif_recipe_sunrise_lights_off_description,string,,Turn off a light when the sun rises,日が昇ったら電気を消す,
uif_recipe_sunrise_lights_off_title,string,,Lights off at sunrise,日の出とともに消灯,
uif_recipe_sunset_description,string,,Run an action at sunset,日没時にアクションを実行する,
uif_recipe_sunset_title,string,,Around sunset,日没頃,
uif_refresh,string,,Refresh,更新,
uif_remove,string,,Remove,削除,
uif_repeat,string,,Repeat,繰り返し,
uif_run,string,,Run,実行,
uif_season,string,,Season,季節,
uif_season_autumn,string,,Autumn,秋,
uif_season_spring,string,,Spring,春,
uif_season_summer,string,,Summer,夏,
uif_season_winter,string,,Winter,冬,
uif_shuffle,string,,Shuffle,シャッフル,
uif_sleep,string,,Sleep,スリープ,
uif_smoke,string,,Smoke,煙,
uif_source,string,,Source,ソース,
uif_source_device,string,,Source device,ソースデバイス,
uif_speed,string,,Speed,速度,
uif_speed_kmh,string,,%1$d km/h,%1$d km/h,keep %1$d
uif_spin,string,,Spin,回転,
uif_state_active,string,,Active,作動中,
uif_state_away,string,,Away,外出,
uif_state_buffering,string,,Buffering,バッファリング中,
uif_state_cleaning,string,,Cleaning,清掃中,
uif_state_closed,string,,Closed,閉,
uif_state_docked,string,,Docked,ドッキング済み,
uif_state_error,string,,Error,エラー,
uif_state_home,string,,Home,ホーム,
uif_state_idle,string,,Idle,待機中,
uif_state_locked,string,,Locked,施錠済み,
uif_state_off,string,,Off,オフ,
uif_state_on,string,,On,オン,
uif_state_open,string,,Open,開く,
uif_state_paused,string,,Paused,一時停止,
uif_state_playing,string,,Playing,再生中,
uif_state_returning,string,,Returning,帰宅中,
uif_state_standby,string,,Standby,待機,
uif_state_unavailable,string,,Unavailable,利用不可,
uif_state_unknown,string,,Unknown,不明,
uif_state_unlocked,string,,Unlocked,解錠,
uif_sun,string,,Sun,太陽,
uif_sunrise,string,,Sunrise,日の出,
uif_sunset,string,,Sunset,日の入り,
uif_tank,string,,Tank,タンク,
uif_tap,string,,Tap,タップ,
uif_third,string,,Third,3分の1,
uif_time,string,,Time,時刻,
uif_unknown,string,,Unknown,不明,
uif_update_failed,string,,Could not update %1$s,%1$s を更新できませんでした,keep %1$s
uif_updated,string,,%1$s updated,%1$s が更新されました,keep %1$s
uif_weather,string,,Weather,天気,
uif_wind,string,,Wind,風,
uif_active_device_count,plural,one,%1$d active device,,needs translation; keep %1$d
uif_active_device_count,plural,other,%1$d active devices,%1$d アクティブなデバイス,keep %1$d
uif_adaptive_group_paused_count,plural,one,%1$d group light is paused for manual control.,,needs translation; keep %1$d
uif_adaptive_group_paused_count,plural,other,%1$d group lights are paused for manual control.,%1$d グループ ライトは手動制御のために一時停止されています。,keep %1$d
uif_adaptive_profile_light_count,plural,one,Controls %1$d light in this profile.,,needs translation; keep %1$d
uif_adaptive_profile_light_count,plural,other,Controls %1$d lights in this profile.,このプロファイルの %1$d ライトを制御します。,keep %1$d
uif_days_to_season,plural,one,%1$d day to %2$s,,needs translation; keep %1$d %2$s
uif_days_to_season,plural,other,%1$d days to %2$s,%2$s まで %1$d 日,keep %1$d %2$s
uif_device_on_count,plural,one,%1$d device on,,needs translation; keep %1$d
uif_device_on_count,plural,other,%1$d devices on,%1$d デバイス,keep %1$d
uif_fire_detector_count,plural,one,%1$d fire detector active,,needs translation; keep %1$d
uif_fire_detector_count,plural,other,%1$d fire detectors active,%1$d 火災感知器が作動中,keep %1$d
uif_flow_advanced_block_count,plural,one,%1$d advanced shorthand block (kept unchanged),,needs translation; keep %1$d
uif_flow_advanced_block_count,plural,other,%1$d advanced shorthand blocks (kept unchanged),%1$d 高度な短縮ブロック (変更されないまま),keep %1$d
uif_gas_detector_count,plural,one,%1$d gas detector active,,needs translation; keep %1$d
uif_gas_detector_count,plural,other,%1$d gas detectors active,%1$d ガス検知器がアクティブです,keep %1$d
uif_light_on_count,plural,one,%1$d light on,,needs translation; keep %1$d
uif_light_on_count,plural,other,%1$d lights on,%1$d が点灯,keep %1$d
uif_media_item_count,plural,one,%1$d item,,needs translation; keep %1$d
uif_media_item_count,plural,other,%1$d items,%1$d アイテム,keep %1$d
uif_motion_sensor_count,plural,one,%1$d motion sensor active,,needs translation; keep %1$d
uif_motion_sensor_count,plural,other,%1$d motion sensors active,%1$d モーション センサーがアクティブです,keep %1$d
uif_open_door_count,plural,one,%1$d open door,,needs translation; keep %1$d
uif_open_door_count,plural,other,%1$d open doors,%1$d ドアを開けます,keep %1$d
uif_open_window_count,plural,one,%1$d open window,,needs translation; keep %1$d
uif_open_window_count,plural,other,%1$d open windows,%1$d ウィンドウを開きます,keep %1$d
uif_presence_sensor_count,plural,one,%1$d presence sensor active,,needs translation; keep %1$d
uif_presence_sensor_count,plural,other,%1$d presence sensors active,%1$d 存在センサーがアクティブです,keep %1$d
uif_smoke_detector_count,plural,one,%1$d smoke detector active,,needs translation; keep %1$d
uif_smoke_detector_count,plural,other,%1$d smoke detectors active,%1$d 煙感知器がアクティブです,keep %1$d
weather_animate_title,string,,Animated weather,アニメーション天気,
weather_animate_description,string,,"Where the full-colour weather artwork plays. Turn a surface off to show its still artwork instead — the forecast strips are the ones that cost the most, since they animate a dozen icons side by side.",フルカラーの天気アートワークが再生される場所。サーフェスをオフにして、代わりに静止アートワークを表示します。予測ストリップは、12 個のアイコンを並べてアニメーション化するため、最もコストがかかります。,
weather_animate_applies_everywhere,string,,"These apply to this device everywhere weather is shown, not just to this pill. The same switches are in Settings › Appearance › Icons.",これらは、この錠剤だけでなく、天気が表示されるあらゆる場所でこのデバイスに適用されます。同じスイッチは、設定 › 外観 › アイコンにあります。,
weather_animate_pill,string,,Header pill,ヘッダーピル,
weather_animate_pill_description,string,,The small weather icon beside the dashboard title.,ダッシュボード タイトルの横にある小さな天気アイコン。,
weather_animate_dialog,string,,Weather dialog,天気ダイアログ,
weather_animate_dialog_description,string,,The large icon on the current-weather card when you open the weather.,天気を開いたときに現在の天気カードに表示される大きなアイコン。,
weather_animate_forecast,string,,Forecast strips,予測ストリップ,
weather_animate_forecast_description,string,,"The daily and hourly rows, in the dialog and on the dashboard.",ダイアログおよびダッシュボード上の日次および時間別の行。,
weather_animate_widget,string,,Weather widget,天気ウィジェット,
weather_animate_widget_description,string,,The weather card on the dashboard itself.,ダッシュボード自体にある天気カード。,
widgets_tab_content,string,,Content,コンテンツ,
widgets_tab_appearance,string,,Appearance,外観,
widgets_tab_data,string,,Data,データ,
widgets_tab_chart,string,,Chart,グラフ,
widgets_tab_graphs,string,,Graphs,グラフ,
widgets_tab_layout,string,,Layout,レイアウト,
widgets_tab_data_sources,string,,Data sources,データソース,
widgets_remove,string,,Remove,削除,
widgets_reimport,string,,Re-import,再インポート,
widgets_unavailable,string,,Unavailable,利用不可,
widgets_today,string,,Today,今日,
widgets_tomorrow,string,,Tomorrow,明日,
widgets_yesterday,string,,Yesterday,昨日,
widgets_today_initial,string,,T,T,
widgets_date_range,string,,%1$s – %2$s,%1$s – %2$s,keep %1$s %2$s
widgets_iframe_title,string,,iFrame,iFrame,
widgets_iframe_subtitle,string,,Embed a web page on your dashboard,ダッシュボードに Web ページを埋め込む,
widgets_ratio_square,string,,Square,正方形,
widgets_ratio_wide,string,,Wide,広い,
widgets_ratio_tall,string,,Tall,高い,
widgets_markdown_title,string,,Markdown,Markdown,
widgets_markdown_subtitle,string,,Content and card appearance,内容とカードの見た目,
widgets_media_player_title,string,,Media player,メディアプレーヤー,
widgets_media_player_subtitle,string,,"Source, layout, and artwork",ソース、レイアウト、アートワーク,
widgets_stat_min,string,,Min,最小,
widgets_stat_average,string,,Avg,平均,
widgets_stat_max,string,,Max,最大,
widgets_sensor_graph_title,string,,Sensor graph,センサーグラフ,
widgets_sensor_graph_subtitle,string,,"Entities, chart style, and appearance",エンティティ、グラフのスタイル、外観,
widgets_sensor_graph_stack_title,string,,Sensor graph stack,センサーグラフスタック,
widgets_sensor_graph_stack_subtitle,string,,Grouped charts and stack layout,グループ化されたグラフとスタック レイアウト,
widgets_graph_sensor_count,plural,one,Graph %1$d · %2$d sensor,,needs translation; keep %1$d %2$d
widgets_graph_sensor_count,plural,other,Graph %1$d · %2$d sensors,%1$d · %2$d センサーのグラフ,keep %1$d %2$d
widgets_calendar_title,string,,Calendar,カレンダー,
widgets_calendar_subtitle,string,,"Calendars, default view, and appearance",カレンダー、デフォルトのビュー、および外観,
widgets_calendar_agenda,string,,Agenda,議題,
widgets_calendar_week,string,,Week,週,
widgets_calendar_month,string,,Month,月,
widgets_calendar_no_entity,string,,No calendar entity available,使用可能なカレンダー エンティティがありません,
widgets_calendar_no_upcoming_events,string,,No events in the coming days,今後数日間イベントはありません,
widgets_calendar_no_events_for,string,,No events for %1$s,%1$s のイベントはありません,keep %1$s
widgets_calendar_all_day,string,,All day,終日,
widgets_calendar_time_unknown,string,,Time unknown,時間不明,
widgets_vacuum_state_cleaning,string,,Cleaning,清掃中,
widgets_vacuum_state_docked,string,,Docked,ドッキング済み,
widgets_vacuum_state_paused,string,,Paused,一時停止,
widgets_vacuum_state_error,string,,Error,エラー,
widgets_vacuum_state_returning,string,,Returning to dock,ドックに戻る,
widgets_vacuum_dock,string,,Dock,ドックへ戻る,
widgets_vacuum_start,string,,Start,開始,
widgets_vacuum_pause,string,,Pause,一時停止,
widgets_vacuum_stop,string,,Stop,停止,
widgets_vacuum_locate,string,,Locate,位置を特定,
widgets_vacuum_page_status,string,,%1$d/%2$d · %3$s,%1$d/%2$d・%3$s,keep %1$d %2$d %3$s
widgets_vacuum_fan_speed,string,,Fan speed,ファン速度,
widgets_vacuum_water_level,string,,Water level,水位,
widgets_vacuum_map,string,,Vacuum map,掃除機の地図,
widgets_vacuum_room_number,string,,Room %1$d,部屋 %1$d,keep %1$d
widgets_vacuum_room_label,string,,Room %1$s,部屋 %1$s,keep %1$s
widgets_vacuum_valetudo_decode_failed,string,,No Valetudo map data in this camera entity,このカメラエンティティに Valetudo のマップデータがありません,don't translate Valetudo
widgets_vacuum_valetudo_tap_hint,string,,Tap a room to clean it,部屋をタップして掃除,
widgets_vacuum_valetudo_unmapped,string,,Map this robot's segments to areas in Home Assistant to clean a room by tapping it,タップで部屋を掃除するには、Home Assistant でこのロボットのセグメントをエリアに割り当ててください,don't translate Home Assistant
widgets_vacuum_valetudo_cleaning,string,,Cleaning %1$s,%1$s を掃除中,keep %1$s
widgets_waste_collection_title,string,,Waste collection,ゴミ収集,
widgets_waste_collection_subtitle,string,,"Sensors, calendar, and appearance",センサー、カレンダー、外観,
widgets_waste_sensor_picture_help,string,,Shows the sensor’s entity_picture (falls back to the type icon when no picture is available).,センサーのentity_pictureを表示します(画像が利用できない場合はタイプアイコンに戻ります)。,
ui_people_dialog_title,string,,People,人物,
widgets_f1_title,string,,Formula 1,フォーミュラ 1,
widgets_f1_subtitle,string,,"Race weekend, standings, and results",レースの週末、順位、結果,
widgets_f1_sources_subtitle,string,,Read from the F1 Sensor integration,F1 センサー統合からの読み取り,
widgets_f1_tab_next,string,,Next race,次のレース,
widgets_f1_tab_calendar,string,,Calendar,カレンダー,
widgets_f1_tab_standings,string,,Standings,順位表,
widgets_f1_tab_grid,string,,Grid,グリッド,
widgets_f1_tab_results,string,,Results,結果,
widgets_f1_tab_live,string,,Live,ライブ,
widgets_f1_drivers,string,,Drivers,ドライバー,
widgets_f1_constructors,string,,Constructors,コンストラクター,
widgets_f1_prediction,string,,Prediction,予測,
widgets_f1_schedule,string,,Session schedule,セッションスケジュール,
widgets_f1_race_control,string,,Race control,レースコントロール,
widgets_f1_timing,string,,Timing,タイミング,
widgets_f1_round,string,,Round %1$s,ラウンド %1$s,keep %1$s
widgets_f1_lap_short,string,,Lap %1$s,ラップ %1$s,keep %1$s
widgets_f1_lap_of,string,,Lap %1$d / %2$d,ラップ %1$d / %2$d,keep %1$d %2$d
widgets_f1_wins_short,string,,%1$s wins,%1$s が勝ちます,keep %1$s
widgets_f1_points_wins_legend,string,,Right-hand column shows championship points.,右側の列はチャンピオンシップポイントを示します。,
widgets_f1_prediction_now,string,,Now: %1$s pts,現在: %1$s ポイント,keep %1$s
widgets_f1_prediction_legend,string,,Right-hand column shows predicted final points. Needs F1TV Auth in F1 Sensor.,右側の列は、予想される最終ポイントを示します。 F1センサーでF1TV認証が必要です。,
widgets_f1_status_pit,string,,In pit,ピット内,
widgets_f1_status_out,string,,Retired,退職した,
widgets_f1_no_calendar,string,,No season schedule available yet,シーズンスケジュールはまだありません,
widgets_f1_no_grid,string,,No starting grid available yet,まだスターティンググリッドがありません,
widgets_f1_no_prediction,string,,No championship prediction available. Needs F1TV Auth in F1 Sensor.,優勝予想はありません。 F1センサーでF1TV認証が必要です。,
widgets_f1_lights_out_in,string,,Lights out in %1$s,%1$s で消灯します,keep %1$s
widgets_f1_next_in,string,,%1$s · %2$s,%1$s・%2$s,keep %1$s %2$s
widgets_f1_in_days_hours,string,,in %1$dd %2$dh,%1$dd %2$dh で,keep %1$d %2$d
widgets_f1_in_hours_minutes,string,,in %1$dh %2$dm,%1$dh %2$dm に,keep %1$d %2$d
widgets_f1_in_minutes,string,,in %1$dm,%1$d分後,keep %1$d
widgets_f1_no_upcoming,string,,No upcoming race,今後のレースはありません,
widgets_f1_today_at,string,,Today %1$s,今日 %1$s,keep %1$s
widgets_f1_tomorrow_at,string,,Tomorrow %1$s,明日 %1$s,keep %1$s
widgets_f1_time_unknown,string,,Time to be confirmed,確認の時間,
widgets_f1_sensors_used,string,,"This widget uses the next race, season calendar, starting grid, driver and constructor standings, last race results, weather, and — during a session — track status, session status, race control, driver positions, and current tyres. It also shows a championship prediction when F1 Sensor's optional F1TV Auth is set up. Other F1 Sensor options are not needed for it.",このウィジェットは、次のレース、ドライバーとコンストラクターの順位、前回のレース結果、天気、現在のシーズン、およびセッション中のトラック ステータス、セッション ステータス、レース コントロールを使用します。他の F1 Sensor オプションは必要ありません。,
widgets_f1_no_standings,string,,No standings available yet,まだ順位表はありません,
widgets_f1_no_results,string,,No race results available yet,レース結果はまだありません,
widgets_f1_no_race_control,string,,No race control messages,レース制御メッセージはありません,
widgets_f1_not_found,string,,F1 Sensor not found,F1センサーが見つかりません,
widgets_f1_not_found_long,string,,The F1 Sensor integration was not found. Install it in Home Assistant (HACS: Nicxe/f1_sensor) and its sensors are picked up automatically.,F1 センサー統合が見つかりませんでした。 Home Assistant (HACS: Nixe/f1_sensor) にインストールすると、センサーが自動的に検出されます。,don't translate Home Assistant
widgets_f1_found,string,,Found %1$d F1 sensors.,%1$d F1 センサーが見つかりました。,keep %1$d
widgets_f1_default_tab,string,,Opening tab,タブを開く,
widgets_f1_background_help,string,,"With no background image the card shows the upcoming race, with the circuit outline as a faint watermark behind it.",背景画像はなく、カードには今後のレースが示され、その後ろにサーキットの輪郭がかすかな透かしとして表示されます。,
widgets_f1_session_fp1,string,,Practice 1,練習1,
widgets_f1_session_fp2,string,,Practice 2,練習2,
widgets_f1_session_fp3,string,,Practice 3,練習3,
widgets_f1_session_sprint_quali,string,,Sprint qualifying,スプリント予選,
widgets_f1_session_sprint,string,,Sprint,スプリント,
widgets_f1_session_qualifying,string,,Qualifying,予選,
widgets_f1_session_race,string,,Race,人種,
widgets_f1_flag_green,string,,Track clear,トラッククリア,
widgets_f1_flag_yellow,string,,Yellow flag,黄旗,
widgets_f1_flag_red,string,,Red flag,赤旗,
widgets_f1_flag_safety_car,string,,Safety car,セーフティカー,
widgets_f1_flag_vsc,string,,Virtual safety car,バーチャルセーフティカー,
widgets_f1_flag_chequered,string,,Chequered flag,チェッカーフラッグ,
widgets_f1_flag_unknown,string,,Not running,稼働していない,
cr_widget_f1,string,,Formula 1,フォーミュラ 1,
cr_widget_f1_description,string,,"Race weekend, standings, and results",レースの週末、順位、結果,
widgets_todo_title,string,,To-Do List,やることリスト,
widgets_todo_shopping_title,string,,Shopping List,買い物リスト,
widgets_todo_subtitle,string,,A shared checklist your family can add to and check off,家族が追加したりチェックを入れたりできる共有チェックリスト,
widgets_todo_empty,string,,No items yet,まだアイテムがありません,
widgets_todo_all_done,string,,All done,すべて完了しました,
widgets_todo_remaining,string,,%1$d of %2$d left,残り %1$d / %2$d,keep %1$d %2$d
widgets_todo_remaining_short,string,,%1$d/%2$d,%1$d/%2$d,keep %1$d %2$d
widgets_todo_add_placeholder,string,,Add an item…,アイテムを追加…,
widgets_todo_read_only,string,,You don't have permission to edit this list.,このリストを編集する権限がありません。,
widgets_todo_filter_active,string,,To do,やること,
widgets_todo_filter_all,string,,All,すべて,
widgets_todo_filter_done,string,,Done,完了,
widgets_todo_clear_completed,string,,Clear completed,クリア完了,
widgets_todo_completed_section,string,,Completed (%1$d),完了 (%1$d),keep %1$d
widgets_todo_new_category,string,,New tab,新しいタブ,
widgets_todo_manage_categories,string,,Manage tabs,タブの管理,
widgets_todo_edit_item,string,,Edit item,項目を編集する,
widgets_todo_item_text,string,,Item,アイテム,
widgets_todo_quantity,string,,Quantity,量,
widgets_todo_category,string,,Category,カテゴリ,
widgets_todo_note,string,,Note,注記,
widgets_todo_priority,string,,Priority,優先度,
widgets_todo_priority_low,string,,Low,低,
widgets_todo_priority_normal,string,,Normal,通常,
widgets_todo_priority_high,string,,High,高,
widgets_todo_due_date,string,,Due date,期日,
widgets_todo_clear_due_date,string,,Clear due date,期日を明確にする,
widgets_todo_delete_item,string,,Delete,削除,
widgets_todo_checked_by,string,,Checked by %1$s,%1$s によってチェックされました,keep %1$s
widgets_todo_added_by,string,,Added by %1$s,%1$s によって追加されました,keep %1$s
widgets_todo_tab_general,string,,General,一般,
widgets_todo_tab_permissions,string,,Permissions,権限,
widgets_todo_list_type,string,,List type,リストタイプ,
widgets_todo_type_todo,string,,To-do,やるべきこと,
widgets_todo_type_shopping,string,,Shopping,買い物,
widgets_todo_sort_mode,string,,Sort order,並べ替え順序,
widgets_todo_sort_manual,string,,Manual,手動,
widgets_todo_sort_alphabetical,string,,A–Z,A ～ Z,
widgets_todo_sort_priority,string,,Priority,優先度,
widgets_todo_sort_newest,string,,Newest first,新しい順,
widgets_todo_show_completed,string,,Show completed items by default,完了したアイテムをデフォルトで表示する,
widgets_todo_hero_list,string,,Hero list,ヒーローリスト,
widgets_todo_hero_list_hint,string,,Show this list's open items on the square card.,このリストの未解決の項目を正方形のカードに表示します。,
widgets_todo_permissions_subtitle,string,,"Choose who can add, check off, or remove items",項目を追加、チェックマークを付ける、または削除できる人を選択します,
widgets_todo_perm_everyone,string,,Everyone,全員,
widgets_todo_perm_specific,string,,Specific family members,特定の家族,
widgets_todo_perm_admin_only,string,,Admins only,管理者のみ,
widgets_todo_permissions_admin_required,string,,Only an admin can choose specific members,管理者のみが特定のメンバーを選択できます,
widgets_todo_no_users_found,string,,No Home Assistant users found,ホーム アシスタント ユーザーが見つかりませんでした,don't translate Home Assistant
cr_widget_todo,string,,To-Do List,やることリスト,
cr_widget_todo_description,string,,"Shared checklist or shopping list, editable by everyone, chosen members, or admins only",共有チェックリストまたはショッピング リスト。全員、選択したメンバー、または管理者のみが編集可能,
widgets_find_devices_title,string,,Find my devices,デバイスを探す,
widgets_find_devices_subtitle,string,,"Devices, map, and appearance",デバイス、マップ、外観,
widgets_find_devices_label,string,,Devices,デバイス,
widgets_find_select_devices,string,,Select devices,デバイスの選択,
widgets_find_sources_subtitle,string,,Trackers to show on the map,地図上に表示するトラッカー,
widgets_find_gps_help,string,,Any device_tracker or person entity can be added. Those reporting GPS coordinates appear on the map; the rest are still listed with their state.,任意の device_tracker または person エンティティを追加できます。レポートされる GPS 座標は地図上に表示されます。残りは引き続き状態とともにリストされます。,
widgets_find_my_devices,string,,My devices,私のデバイス,
widgets_find_filter_all,string,,All,すべて,
widgets_find_filter_devices,string,,Devices,デバイス,
widgets_find_filter_persons,string,,People,人物,
widgets_find_showing_selected,string,,Showing %1$d selected,選択された %1$d を表示しています,keep %1$d
widgets_find_show_all,string,,Show all,すべて表示,
widgets_find_none_in_filter,string,,Nothing of this kind in this widget,このウィジェットにはそのようなものはありません,
widgets_find_refresh,string,,Refresh,更新,
widgets_find_summary,string,,%1$d of %2$d home,%2$d ホームの %1$d,keep %1$d %2$d
widgets_find_no_devices_selected,string,,No devices selected,デバイスが選択されていません,
widgets_find_no_location,string,,None of these devices report a location yet,これらのデバイスはまだ位置を報告していません,
widgets_find_no_gps,string,,No location,場所がありません,
widgets_find_state_home,string,,Home,ホーム,
widgets_find_state_away,string,,Away,外出,
widgets_find_state_unknown,string,,Unknown,不明,
cr_widget_find_devices,string,,Find my devices,デバイスを探す,
cr_widget_find_devices_description,string,,"Map of your phones, tags, and trackers",携帯電話、タグ、トラッカーのマップ,
widgets_waste_calendar_range,string,,Calendar range,カレンダーの範囲,
widgets_waste_calendar_days,string,,%1$d days,%1$d 日,keep %1$d
widgets_waste_calendar_range_help,string,,"How far ahead the dialog's calendar looks. It is shown as a week grid, rounded out to whole weeks.",ダイアログのカレンダーがどれだけ先を表示するか。週単位で四捨五入して週単位で表示されます。,
widgets_waste_no_collection_on,string,,No collection on %1$s,%1$s にはコレクションがありません,keep %1$s
widgets_waste_organic,string,,Organic waste,有機性廃棄物,
widgets_waste_packaging,string,,Packaging,包装,
widgets_waste_paper,string,,Paper,紙,
widgets_waste_residual,string,,Residual waste,残留廃棄物,
widgets_waste_glass,string,,Glass,ガラス,
widgets_waste_textiles,string,,Textiles,テキスタイル,
widgets_waste_plastic,string,,Plastic,プラスチック,
widgets_waste_christmas_trees,string,,Christmas trees,クリスマスツリー,
widgets_waste_bulky,string,,Bulky waste,粗大ごみ,
widgets_waste_duo_bin,string,,Duo bin,デュオビン,
widgets_weather_title,string,,Weather,天気,
widgets_weather_subtitle,string,,"Entity, card type, and appearance",エンティティ、カードの種類、外観,
widgets_weather_style_current,string,,Current weather,現在の天気,
widgets_weather_style_daily,string,,Daily forecast,毎日の天気予報,
widgets_weather_style_hourly,string,,Hourly forecast,1時間ごとの予報,
widgets_weather_style_horizon,string,,Sunrise & sunset horizon,日の出と日の入りの地平線,
widgets_weather_style_wind,string,,Wind compass,風コンパス,
widgets_weather_style_rain_map,string,,Rain map (image URL),雨マップ（画像URL）,
widgets_compass_directions,array,1,N,N,
widgets_compass_directions,array,2,NNE,NNE,
widgets_compass_directions,array,3,NE,NE,
widgets_compass_directions,array,4,ENE,ENE,
widgets_compass_directions,array,5,E,E,
widgets_compass_directions,array,6,ESE,ESE,
widgets_compass_directions,array,7,SE,SE,
widgets_compass_directions,array,8,SSE,SSE,
widgets_compass_directions,array,9,S,S,
widgets_compass_directions,array,10,SSW,SSW,
widgets_compass_directions,array,11,SW,SW,
widgets_compass_directions,array,12,WSW,WSW,
widgets_compass_directions,array,13,W,W,
widgets_compass_directions,array,14,WNW,WNW,
widgets_compass_directions,array,15,NW,NW,
widgets_compass_directions,array,16,NNW,NNW,
widgets_battery_entities,string,,Battery entities,バッテリーエンティティ,
widgets_battery_settings,string,,Battery settings,バッテリー設定,
widgets_battery_empty_view_hint,string,,This battery view is empty. Swipe down on the header and open Battery settings to add entities manually.,このバッテリービューは空です。ヘッダーを下にスワイプしてバッテリー設定を開き、エンティティを手動で追加します。,
widgets_battery_levels_title,string,,Battery levels,バッテリー残量,
widgets_battery_levels_subtitle,string,,"Thresholds, sources, and appearance",しきい値、ソース、および外観,
widgets_battery_rules,string,,Battery rules,バッテリールール,
widgets_battery_all,string,,All,すべて,
widgets_battery_critical,string,,Critical,重大,
widgets_battery_low,string,,Low,低,
widgets_battery_watch,string,,Watch,見る,
widgets_battery_good,string,,Good,良好,
widgets_battery_unknown,string,,Unknown,不明,
widgets_battery_range_critical,string,,0–10%,0–10%,
widgets_battery_range_low,string,,11–30%,11–30%,
widgets_battery_range_watch,string,,31–50%,31–50%,
widgets_battery_range_good,string,,Above 50%,50%以上,
widgets_battery_range_unknown,string,,Unavailable or unknown,利用できないか不明です,
widgets_battery_no_data,string,,No battery data,バッテリーデータがありません,
widgets_battery_levels_unavailable,string,,Battery levels unavailable,バッテリーレベルが利用できません,
widgets_battery_levels_healthy,string,,Battery levels look healthy,バッテリー残量は正常に見えます,
widgets_battery_lowest_detail,string,,Lowest: %1$s at %2$d%%,最低値: %1$s (%2$d%%),keep %1$s %2$d
widgets_battery_showing_plus,string,,Showing Battery+ devices,Battery+ デバイスの表示,
widgets_battery_waiting_levels,string,,Waiting for reported levels,レベルの報告を待っています,
widgets_battery_lowest,string,,Lowest,最低,
widgets_battery_attention,string,,Attention,注意,
widgets_battery_tracked,string,,Tracked,追跡済み,
widgets_battery_level,string,,Level,レベル,
widgets_battery_name,string,,Name,名前,
widgets_battery_type,string,,Battery type,電池のタイプ,
widgets_battery_entity,string,,Entity,実在物,
widgets_battery_quantity,string,,Quantity,量,
widgets_battery_quantity_short,string,,Qty %1$s,数量 %1$s,keep %1$s
widgets_battery_device_id,string,,Device ID,デバイスID,
widgets_battery_unknown_type,string,,Unknown type,不明なタイプ,
widgets_battery_sort_summary,string,,Sort: %1$s,並べ替え: %1$s,keep %1$s
widgets_battery_no_filters,string,,No filters active,アクティブなフィルターはありません,
widgets_battery_collapse_filters,string,,Collapse filters,フィルターを折りたたむ,
widgets_battery_expand_filters,string,,Expand filters,フィルターを展開する,
widgets_battery_low_count,plural,one,%1$d low battery,,needs translation; keep %1$d
widgets_battery_low_count,plural,other,%1$d low batteries,%1$d バッテリー残量が少なくなっています,keep %1$d
widgets_battery_critical_count,plural,one,%1$d critical battery,,needs translation; keep %1$d
widgets_battery_critical_count,plural,other,%1$d critical batteries,%1$d 重要なバッテリー,keep %1$d
widgets_battery_attention_count,plural,one,%1$d battery needs attention,,needs translation; keep %1$d
widgets_battery_attention_count,plural,other,%1$d batteries need attention,%1$d バッテリーには注意が必要です,keep %1$d
widgets_energy_day,string,,Day,日,
widgets_energy_week,string,,Week,週,
widgets_energy_month,string,,Month,月,
widgets_energy_year,string,,Year,年,
widgets_energy_this_week,string,,This week,今週,
widgets_energy_this_month,string,,This month,今月,
widgets_energy_this_year,string,,This year,今年,
widgets_energy_today_lower,string,,today,今日,
widgets_energy_this_week_lower,string,,this week,今週,
widgets_energy_this_month_lower,string,,this month,今月,
widgets_energy_this_year_lower,string,,this year,今年,
widgets_energy_yesterday_lower,string,,yesterday,昨日,
widgets_energy_consumed_solar,string,,Consumed solar,消費された太陽光,
widgets_energy_imported,string,,Imported,輸入品,
widgets_energy_exported,string,,Exported,輸出済み,
widgets_energy_phase_number,string,,Phase %1$d,フェーズ %1$d,keep %1$d
widgets_energy_forecast_number,string,,Forecast %1$d,予報 %1$d,keep %1$d
widgets_energy_ha_forecast,string,,Home Assistant forecast,ホームアシスタントの予測,don't translate Home Assistant
widgets_battery_search,string,,Search devices,デバイスを検索,
widgets_battery_none,string,,No batteries match that search.,検索に一致するバッテリーはありません。,
widgets_battery_open_page,string,,Open battery page,バッテリーページを開く,
