key,type,item,english,translation,notes
language_title,string,,Language,언어,
language_display_title,string,,Display language,표시 언어,
language_display_subtitle,string,,Follows your device by default; choose one to override it,기본적으로 기기 설정을 따릅니다. 재정의하려면 하나를 선택하세요,
language_system,string,,System default,시스템 기본값,
language_selected,string,,Selected,선택됨,
nav_home,string,,Home,홈,
nav_rooms,string,,Rooms,방,
nav_security,string,,Security,보안,
nav_energy,string,,Energy,에너지,
nav_climate,string,,Climate,공조,
nav_battery,string,,Battery,배터리,
nav_settings,string,,Settings,설정,
nav_room_detail,string,,Room Detail,방 상세,
settings_title_connection,string,,Connection,연결,
settings_title_profile,string,,Profile,프로필,
settings_title_location,string,,Location,위치,
settings_title_notifications,string,,Notifications,알림,
settings_title_appearance,string,,Appearance,모양,
settings_title_header,string,,Header,헤더,
settings_title_theme,string,,Theme,테마,
settings_title_fonts,string,,Fonts,글꼴,
settings_title_corners,string,,Corners,모서리,
settings_title_icons,string,,Icons,아이콘,
settings_title_nav_bar,string,,Navigation Bar,탐색 바,
settings_title_media_players,string,,Media Players,미디어 플레이어,
settings_title_dashboard,string,,Dashboard,대시보드,
settings_title_family_sharing,string,,Family Sharing,가족 공유,
settings_title_backup_restore,string,,Backup and Restore,백업 및 복원,
settings_title_account,string,,Account,계정,
settings_title_about,string,,About HKI 7,HKI 7 정보,don't translate HKI 7
settings_title_license,string,,License,라이선스,
settings_title_support,string,,Support,지원,
settings_subtitle_menu,string,,Everything that shapes your HKI 7 experience,HKI 7 경험을 구성하는 모든 것,don't translate HKI 7
settings_subtitle_account,string,,Your profile and this app installation,프로필 및 이 앱 설치 정보,
settings_subtitle_profile,string,,Personal details used throughout your dashboard,대시보드 전반에서 사용되는 개인 정보,
settings_subtitle_connection,string,,Server routes and local-network preferences,서버 경로 및 로컬 네트워크 환경설정,
settings_subtitle_location,string,,Presence updates and background access,위치 업데이트 및 백그라운드 접근,
settings_subtitle_dashboard,string,,"Dashboards, tabs, media players, and popups","대시보드, 탭, 미디어 플레이어 및 팝업",
settings_subtitle_appearance,string,,Make the dashboard feel like yours,대시보드를 나만의 스타일로 꾸며보세요,
settings_subtitle_corners,string,,"Roundness of buttons, cards, and widgets","버튼, 카드, 위젯의 모서리 둥글기",
settings_subtitle_icons,string,,Icon animations and per-domain effects,아이콘 애니메이션 및 도메인별 효과,
settings_subtitle_header,string,,Choose whether the dashboard header is shown,대시보드 헤더 표시 여부 선택,
settings_subtitle_theme,string,,"Color, contrast, mode, and corner styling","색상, 대비, 모드, 모서리 스타일",
settings_subtitle_fonts,string,,"Size, weight, and typeface readability","글꼴 크기, 굵기, 가독성",
settings_subtitle_nav_bar,string,,Choose which destinations are always within reach,항상 표시할 대상을 선택하세요,
settings_subtitle_media_players,string,,Names and mini-player visibility,이름 및 미니 플레이어 표시 여부,
settings_subtitle_notifications,string,,"Push delivery, history, and service behavior","푸시 전달, 기록, 서비스 동작",
settings_subtitle_backup_restore,string,,Protect or move your dashboard configuration,대시보드 구성을 보호하거나 이동하세요,
settings_subtitle_family_sharing,string,,"Parental controls, dashboard sharing, and recipient permissions","자녀 보호, 대시보드 공유, 수신자 권한",
settings_subtitle_about,string,,"The project, technology, and people behind HKI 7","HKI 7의 프로젝트, 기술, 그리고 참여자",don't translate HKI 7
settings_subtitle_license,string,,Open-source community core and optional premium materials,오픈소스 커뮤니티 코어 및 선택적 프리미엄 자료,
settings_subtitle_support,string,,Ways to help HKI 7 grow without buying Premium,프리미엄 구매 없이 HKI 7의 성장을 돕는 방법,don't translate HKI 7
notification_channel_general,string,,General,일반,
location_channel_name,string,,Location sharing,위치 공유,
location_notification_title,string,,Home Assistant location,Home Assistant 위치,don't translate Home Assistant
location_notification_text,string,,Sharing your location with Home Assistant,Home Assistant와 위치를 공유하는 중,don't translate Home Assistant
push_connection_channel_name,string,,Notification connection,알림 연결,
push_connection_notification_title,string,,Connected to Home Assistant,Home Assistant에 연결됨,don't translate Home Assistant
push_connection_notification_text,string,,Listening for notifications,알림을 수신하는 중,
parcel_title,string,,Parcels,택배,
parcel_generic_carrier,string,,Carrier,택배사,
parcel_incoming,string,,Incoming,수신,
parcel_delivered,string,,Delivered,배송 완료,
parcel_outgoing,string,,Outgoing,발신,
parcel_letters,string,,Letters,우편,
parcel_mail,string,,Mail,우편함,
parcel_summary,string,,%1$d incoming · %2$d outgoing,수신 %1$d · 발신 %2$d,keep %1$d %2$d
parcel_summary_with_letters,string,,%1$d incoming · %2$d outgoing · %3$d letters,수신 %1$d · 발신 %2$d · 우편 %3$d,keep %1$d %2$d %3$d
parcel_carrier_summary_with_letters,string,,%1$d incoming · %2$d outgoing · %3$d letters,수신 %1$d · 발신 %2$d · 우편 %3$d,keep %1$d %2$d %3$d
parcel_summary_with_letter_count,string,,%1$d incoming · %2$d outgoing · %3$s,수신 %1$d · 발신 %2$d · %3$s,keep %1$d %2$d %3$s
parcel_tracking_history,string,,Tracking history,배송 조회 기록,
parcel_tracking_history_subtitle,string,,Parcel journey and status updates,택배 이동 경로 및 상태 업데이트,
parcel_choose_carrier_account,string,,Choose a carrier account,택배사 계정 선택,
parcel_tab_count,string,,%1$s (%2$d),%1$s (%2$d),keep %1$s %2$d
parcel_empty_tab,string,,No %1$s parcels.,%1$s 택배가 없습니다.,keep %1$s
parcel_no_incoming,string,,No incoming parcels.,수신 중인 택배가 없습니다.,
parcel_no_delivered,string,,No delivered parcels.,배송 완료된 택배가 없습니다.,
parcel_no_outgoing,string,,No outgoing parcels.,발신 중인 택배가 없습니다.,
parcel_stage_registered,string,,Registered,등록됨,
parcel_stage_sorting,string,,Sorting,분류 중,
parcel_stage_on_the_way,string,,On the way,배송 중,
parcel_unknown_status,string,,Unknown status,알 수 없는 상태,
parcel_status_in_transit,string,,In transit,운송 중,
parcel_status_out_for_delivery,string,,Out for delivery,배송 출발,
parcel_status_at_pickup_point,string,,Ready at pickup point,수령 장소에 도착,
parcel_status_ready_to_send,string,,Ready to send,발송 준비 완료,
parcel_letter_preview,string,,Letter preview,우편 미리보기,
parcel_carriers,string,,Carriers,택배사,
parcel_track_new,string,,Track a new %1$s parcel by number,운송장 번호로 새 %1$s 택배 추적,keep %1$s
parcel_choose_carrier,string,,Choose a carrier,택배사 선택,
parcel_settings_subtitle,string,,"Carrier accounts, aggregation, and appearance","택배사 계정, 통합, 모양",
parcel_settings_accounts,string,,Accounts,계정,
parcel_settings_organization,string,,Organization,구성,
parcel_settings_appearance,string,,Appearance,모양,
action_remove,string,,Remove,제거,
notification_delete,string,,Delete notification,알림 삭제,
notification_mark_all_read,string,,Mark all as read,모두 읽음으로 표시,
notification_mark_all_unread,string,,Mark all as unread,모두 읽지 않음으로 표시,
notification_delete_all,string,,Delete all,모두 삭제,
notification_delete_all_archived,string,,Delete all archived,보관된 항목 모두 삭제,
notification_unread,string,,Unread,읽지 않음,
notification_history,string,,History,기록,
notification_mark_unread,string,,Mark as unread,읽지 않음으로 표시,
notification_mark_read,string,,Mark as read,읽음으로 표시,
notification_archive,string,,Archive,보관,
notification_unarchive,string,,Unarchive,보관 취소,
notification_delete_action,string,,Delete,삭제,
entity_search_select_items,string,,Select items,항목 선택,
entity_search_choose_one,string,,Search and choose one entity,엔티티를 검색하고 하나를 선택하세요,
entity_search_choose_multiple,string,,Search and select one or more entities,엔티티를 검색하고 하나 이상 선택하세요,
global_search_title,string,,Search,검색,
global_search_subtitle,string,,Find and control any Home Assistant device or entity,모든 Home Assistant 기기 또는 엔티티를 찾아 제어하세요,don't translate Home Assistant
global_search_clear,string,,Clear search,검색 지우기,
global_search_no_devices,string,,No matching devices.,일치하는 기기가 없습니다.,
global_search_no_entities,string,,No matching entities.,일치하는 엔티티가 없습니다.,
security_title,string,,Security,보안,
security_subtitle,string,,Home status and activity,홈 상태 및 활동,
security_settings,string,,Security settings,보안 설정,
security_entities,string,,Security entities,보안 엔티티,
security_reimport,string,,Re-import,다시 가져오기,
security_group_doors,string,,Doors,문,
security_group_doors_subtitle,string,,Door contacts,문 접점 센서,
security_group_windows,string,,Windows,창문,
security_group_windows_subtitle,string,,Window contacts,창문 접점 센서,
security_group_openings,string,,Openings,개폐부,
security_group_openings_subtitle,string,,Garage doors and other openings,차고문 및 기타 개폐부,
security_group_garage_doors,string,,Garage doors,차고문,
security_group_garage_doors_subtitle,string,,Garage door covers,차고문 커버,
security_group_covers,string,,Covers,커버,
security_group_covers_subtitle,string,,"Blinds, shutters, and gates","블라인드, 셔터, 게이트",
security_group_locks,string,,Locks,잠금장치,
security_group_locks_subtitle,string,,Door and gate locks,문 및 게이트 잠금장치,
security_group_motion,string,,Motion,움직임,
security_group_motion_subtitle,string,,Motion detection,움직임 감지,
security_group_presence,string,,Presence,재실,
security_group_presence_subtitle,string,,Occupancy sensors,재실 감지 센서,
security_group_fire,string,,Fire and temperature,화재 및 온도,
security_group_fire_subtitle,string,,"Fire, heat, cold, and safety alarms","화재, 열, 냉기, 안전 경보",
security_group_smoke,string,,Smoke,연기,
security_group_smoke_subtitle,string,,Smoke detectors,연기 감지기,
security_group_gas,string,,Gas,가스,
security_group_gas_subtitle,string,,Combustible gas sensors,가연성 가스 센서,
security_group_co2,string,,CO / CO₂,CO / CO₂,
security_group_co2_subtitle,string,,Carbon monoxide and carbon dioxide sensors,일산화탄소 및 이산화탄소 센서,
security_group_moisture,string,,Leaks,누수,
security_group_moisture_subtitle,string,,Moisture and water leaks,습기 및 누수 감지,
security_group_sound,string,,Sound,소음,
security_group_sound_subtitle,string,,Sound and glass-break sensors,소음 및 유리 파손 감지 센서,
security_group_light,string,,Light detection,조도 감지,
security_group_light_subtitle,string,,Light and beam sensors,조도 및 광선 센서,
security_group_alarms,string,,Alarm systems,경보 시스템,
security_group_alarms_subtitle,string,,Alarm control panels,경보 제어판,
security_group_cameras,string,,Cameras,카메라,
security_group_cameras_subtitle,string,,Camera feeds,카메라 피드,
security_no_search_active,string,,No search active · %1$s,검색 안 함 · %1$s,keep %1$s
security_status_alert,string,,Security alert,보안 경고,
security_status_alarm_pending,string,,Alarm pending,경보 대기 중,
security_status_changing_alarm,string,,Changing alarm mode,경보 모드 변경 중,
security_status_needs_attention,string,,Needs attention,확인이 필요합니다,
security_status_motion,string,,Motion detected,움직임 감지됨,
security_status_sensor_activity,string,,Sensor activity,센서 활동,
security_status_alarm_unavailable,string,,Alarm unavailable,경보 사용 불가,
security_status_devices_unavailable,string,,Devices unavailable,기기 사용 불가,
security_status_cameras_offline,string,,Cameras offline,카메라 오프라인,
security_status_all_secure,string,,All secure,모두 안전함,
security_status_alarm_disarmed,string,,Alarm disarmed,경보 해제됨,
security_status_all_clear,string,,All clear,모두 정상,
security_status_no_data,string,,No security data,보안 데이터 없음,
security_metric_openings,string,,Openings,개폐부,
security_metric_locked,string,,Locked,잠김,
security_metric_cameras_online,string,,Cameras online,온라인 카메라,
security_card_title,string,,Security card,보안 카드,
security_card_subtitle,string,,"Name, layout, and card appearance","이름, 레이아웃, 카드 모양",
security_stat_total,string,,Total,전체,
security_stat_active,string,,Active,활성,
security_stat_clear,string,,Clear,정상,
security_cover_open,string,,Open,열기,
security_cover_stop,string,,Stop,정지,
security_cover_close,string,,Close,닫기,
security_restore,string,,Restore,복원,
security_empty,string,,This is an empty security view. Swipe down on the header and open Security settings to add entities manually.,보안 화면이 비어 있습니다. 헤더를 아래로 스와이프하고 보안 설정을 열어 엔티티를 수동으로 추가하세요.,
connection_stopping_for_restart,string,,Stopping for restart…,재시작을 위해 중지하는 중…,
connection_starting,string,,Home Assistant is starting…,Home Assistant가 시작 중입니다…,don't translate Home Assistant
connection_restoring_dashboard,string,,Restoring your dashboard…,대시보드를 복원하는 중…,
connection_restarting,string,,Home Assistant is restarting…,Home Assistant가 재시작 중입니다…,don't translate Home Assistant
connection_auto_generating,string,,Auto-generating rooms and widgets…,방 및 위젯 자동 생성 중…,
connection_reconnecting,string,,Reconnecting to Home Assistant…,Home Assistant에 다시 연결 중…,don't translate Home Assistant
connection_unavailable_retrying,string,,Unavailable · Retrying…,사용할 수 없음 · 재시도 중…,
connection_paused,string,,Connection paused,연결 일시 중지됨,
connection_connected,string,,Connected,연결됨,
connection_server_not_found,string,,Server address could not be found,서버 주소를 찾을 수 없습니다,
connection_timed_out,string,,Connection timed out,연결 시간이 초과되었습니다,
connection_no_route,string,,No network route to Home Assistant,Home Assistant로 가는 네트워크 경로가 없습니다,don't translate Home Assistant
connection_could_not_connect,string,,Could not connect to Home Assistant,Home Assistant에 연결할 수 없습니다,don't translate Home Assistant
connection_secure_failed,string,,Secure connection failed,보안 연결에 실패했습니다,
connection_session_expired_refreshing,string,,Session expired · Refreshing login…,세션 만료 · 로그인 갱신 중…,
connection_interrupted,string,,Connection was interrupted,연결이 중단되었습니다,
connection_error_title,string,,Connection error,연결 오류,
connection_all_systems_normal,string,,All systems normal,모든 시스템 정상,
action_undo,string,,Undo,실행 취소,
action_redo,string,,Redo,다시 실행,
connection_route_local,string,,Local,로컬,
connection_route_nabu_casa,string,,Nabu Casa,Nabu Casa,don't translate Nabu Casa
connection_route_external,string,,External,외부,
settings_connection_via,string,,Connected via %1$s,%1$s(으)로 연결됨,keep %1$s
settings_connection_unknown,string,,Unknown,알 수 없음,
settings_connection_connecting,string,,Connecting…,연결 중…,
settings_this_home,string,,this home,이 홈,
settings_current_wifi,string,,Current Wi-Fi,현재 Wi-Fi,
settings_wifi_unavailable,string,,Not connected or location permission is missing,연결되어 있지 않거나 위치 권한이 없습니다,
settings_just_now,string,,just now,방금 전,
settings_primary_app_language,string,,Primary application language,기본 앱 언어,
settings_android_build_configuration,string,,Android resources and build configuration,Android 리소스 및 빌드 구성,
page_settings_default_title,string,,Page settings,페이지 설정,
page_settings_choose_area,string,,Choose an area to configure,구성할 영역을 선택하세요,
page_settings_focused_options,string,,Focused options for this page area,이 페이지 영역에 대한 집중 옵션,
page_settings_header_description,string,,Wallpaper and custom header color,배경 화면 및 사용자 지정 헤더 색상,
page_settings_custom_page_description,string,,"Name, subtitle, and navigation icon","이름, 부제목, 탐색 아이콘",
page_settings_badge_bar,string,,Badge bar,배지 바,
page_settings_badge_description,string,,"Visibility, alignment, and display options","표시 여부, 정렬, 표시 옵션",
page_settings_persons,string,,Persons,구성원,
page_settings_persons_description,string,,Visibility and ordering,표시 여부 및 순서,
page_settings_configure,string,,Configure,구성,
room_config_title,string,,Room configuration,방 구성,
header_pill_left,string,,Left header pill,왼쪽 헤더 필,
header_pill_right,string,,Right header pill,오른쪽 헤더 필,
alignment_split,string,,Split,분할,
alignment_center,string,,Center,가운데,
weather_cloudy,string,,Cloudy,흐림,
home_default_markdown_content,string,,# Markdown\nOpen this widget's settings in **edit mode** to write your own content.,# Markdown\n**편집 모드**에서 이 위젯의 설정을 열어 원하는 내용을 작성하세요.,\n = line break
home_settings_title,string,,Home settings,홈 설정,
custom_page_settings_title,string,,%1$s settings,%1$s 설정,keep %1$s
home_empty,string,,This is the homepage. Add widgets by swiping down on the header and enabling edit mode.,홈 페이지입니다. 헤더를 아래로 스와이프하고 편집 모드를 켜서 위젯을 추가하세요.,
custom_page_empty,string,,This page is empty. Add widgets by swiping down on the header and enabling edit mode.,이 페이지는 비어 있습니다. 헤더를 아래로 스와이프하고 편집 모드를 켜서 위젯을 추가하세요.,
select_camera_title,string,,Select camera,카메라 선택,
select_entity_title,string,,Select entity,엔티티 선택,
custom_camera_default_name,string,,Custom camera,사용자 지정 카메라,
rooms_settings_title,string,,Rooms settings,방 설정,
rooms_empty,string,,The rooms view is empty. Swipe down on the header and enable edit mode to add floors and rooms.,방 화면이 비어 있습니다. 헤더를 아래로 스와이프하고 편집 모드를 켜서 층과 방을 추가하세요.,
floor_expand,string,,Expand floor,층 펼치기,
floor_collapse,string,,Collapse floor,층 접기,
floor_settings_title,string,,Floor,층,
floor_settings_subtitle,string,,"Identity, layout, and card style","이름, 레이아웃, 카드 스타일",
universal_cover_status,string,,%1$d%% · %2$s,%1$d%% · %2$s,keep %1$d %2$s
universal_effects,string,,Effects,효과,
universal_open_door,string,,Open door,문 열기,
universal_vacuum_dock,string,,Dock,도킹,
universal_start,string,,Start,시작,
universal_pause,string,,Pause,일시 중지,
universal_stop,string,,Stop,정지,
universal_locate,string,,Locate,위치 찾기,
universal_room_number,string,,Room %1$d,방 %1$d,keep %1$d
core_optional_display_name,string,,Optional display name override,표시 이름 재정의 (선택),
core_media_paused_track,string,,Paused: %1$s,일시 정지됨: %1$s,keep %1$s
core_percent_value,string,,%1$d percent,%1$d퍼센트,keep %1$d
core_current_humidity,string,,Current humidity,현재 습도,
core_tank_water_level,string,,Tank / water level,탱크 / 수위,
core_pm25,string,,PM2.5,PM2.5,
core_error_code,string,,Error code,오류 코드,
core_bucket_full,string,,Bucket full,먼지통 가득 참,
core_clean_filter,string,,Clean filter,필터 청소,
core_ionizer,string,,Ionizer,이온화기,
core_pump,string,,Pump,펌프,
core_beep_on_command,string,,Beep on command,명령 시 알림음,
core_dawn,string,,Dawn,여명,
core_solar_noon,string,,Solar noon,태양 정오,
core_dusk,string,,Dusk,황혼,
core_icon_category_common,string,,Common,공통,
core_icon_category_home,string,,Home,홈,
core_icon_category_weather,string,,Weather,날씨,
core_icon_category_lock,string,,Lock,잠금,
core_icon_category_people,string,,People,사람,
core_icon_category_auto,string,,Automotive,자동차,
core_icon_category_music,string,,Music,음악,
core_icon_category_battery,string,,Battery,배터리,
core_icon_category_nature,string,,Nature,자연,
core_icon_category_places,string,,Places,장소,
core_icon_category_food,string,,Food,음식,
core_icon_category_navigation,string,,Navigation,내비게이션,
core_icon_category_devices,string,,Devices,기기,
core_icon_category_map,string,,Map,지도,
core_icon_category_media,string,,Media,미디어,
core_icon_category_communication,string,,Communication,통신,
core_icon_category_health,string,,Health,건강,
core_icon_category_vehicles,string,,Vehicles,차량,
core_icon_category_buildings,string,,Buildings,건물,
core_icon_category_electrical,string,,Electrical,전기,
core_icon_category_sport,string,,Sport,스포츠,
core_icon_category_objects,string,,Objects,사물,
core_icon_category_commerce,string,,Commerce,상업,
core_icon_category_games,string,,Games,게임,
core_icon_category_finance,string,,Finance,금융,
background_notification_channel_general,string,,General,일반,
background_location_channel_name,string,,Location sharing,위치 공유,
background_location_channel_description,string,,Keeps your device location up to date in Home Assistant,Home Assistant에서 기기 위치를 최신 상태로 유지합니다,don't translate Home Assistant
background_location_notification_title,string,,Home Assistant location sharing,Home Assistant 위치 공유,don't translate Home Assistant
background_location_notification_text,string,,Sharing your location with Home Assistant,Home Assistant와 위치를 공유하는 중,don't translate Home Assistant
background_push_channel_name,string,,Notification connection,알림 연결,
background_push_channel_description,string,,Keeps a background connection to Home Assistant for instant notifications,즉시 알림을 위해 Home Assistant와의 백그라운드 연결을 유지합니다,don't translate Home Assistant
background_push_notification_title,string,,Connected to Home Assistant,Home Assistant에 연결됨,don't translate Home Assistant
background_push_notification_text,string,,Waiting for notifications,알림 대기 중,
background_push_hide_action,string,,Hide this notification,이 알림 숨기기,
button_style_centered,string,,Centered,가운데 맞춤,
button_elements,string,,Elements,강요,
button_elements_description,string,,What appears on this button. Hide the name and state for an icon on its own.,이 버튼에 표시되는 내용입니다. 아이콘 자체의 이름과 상태를 숨깁니다.,
stack_elements_title,string,,Elements on every button in this stack,이 스택의 모든 버튼에 있는 요소,
stack_elements_description,string,,"These apply to the whole stack, not to one button. Turning something off here hides it on every button in the stack; leaving it on lets each button decide for itself in its own settings.",이는 하나의 버튼이 아닌 전체 스택에 적용됩니다. 여기에서 무언가를 끄면 스택의 모든 버튼에서 해당 항목이 숨겨집니다. 켜두면 각 버튼이 자체 설정에 따라 스스로 결정할 수 있습니다.,
button_element_icon,string,,Icon,아이콘,
button_element_name,string,,Name,이름,
button_element_state,string,,State,상태,
stack_show_title,string,,Show name,이름 표시,
stack_show_title_description,string,,Turn off for a stack with no heading at all.,방향이 전혀 없는 스택의 경우에는 끄십시오.,
stack_show_icon,string,,Show icon,아이콘 표시,
stack_show_icon_description,string,,The icon beside the heading.,제목 옆에 있는 아이콘입니다.,
stack_center_title,string,,Center the heading,제목을 중앙에 배치,
stack_center_title_description,string,,Puts the icon and name in the middle instead of against the left edge.,아이콘과 이름을 왼쪽 가장자리가 아닌 중앙에 배치합니다.,
cr_state_on,string,,On,켜짐,
cr_state_off,string,,Off,꺼짐,
cr_open,string,,Open,열기,
cr_close,string,,Close,닫기,
cr_stop,string,,Stop,정지,
cr_closed,string,,Closed,닫힘,
cr_opening,string,,Opening,여는 중,
cr_closing,string,,Closing,닫는 중,
cr_locked,string,,Locked,잠김,
cr_unlocked,string,,Unlocked,잠금 해제됨,
cr_unavailable,string,,Unavailable,사용할 수 없음,
cr_unknown,string,,Unknown,알 수 없음,
cr_idle,string,,Idle,대기 중,
cr_home,string,,Home,홈,
cr_away,string,,Away,외출,
cr_cleaning,string,,Cleaning,청소 중,
cr_returning,string,,Returning,복귀 중,
cr_paused,string,,Paused,일시 중지됨,
cr_error,string,,Error,오류,
cr_playing,string,,Playing,재생 중,
cr_buffering,string,,Buffering,버퍼링 중,
cr_standby,string,,Standby,대기,
cr_humidifying,string,,Humidifying,가습 중,
cr_drying,string,,Drying,건조 중,
cr_detected,string,,Detected,감지됨,
cr_clear,string,,Clear,정상,
cr_problem,string,,Problem,문제 있음,
cr_ok,string,,OK,확인,
cr_low,string,,Low,낮음,
cr_normal,string,,Normal,보통,
cr_connected,string,,Connected,연결됨,
cr_disconnected,string,,Disconnected,연결 끊김,
cr_plugged_in,string,,Plugged in,충전 중,
cr_unplugged,string,,Unplugged,플러그 뽑힘,
cr_wet,string,,Wet,습함,
cr_dry,string,,Dry,건조,
cr_none,string,,None,없음,
cr_any,string,,Any,모두,
cr_remove,string,,Remove,제거,
cr_restore,string,,Restore,복원,
cr_general,string,,General,일반,
cr_identity,string,,Identity,식별,
cr_appearance,string,,Appearance,모양,
cr_layout,string,,Layout,레이아웃,
cr_behavior,string,,Behavior,동작,
cr_profiles,string,,Profiles,프로필,
cr_playback,string,,Playback,재생,
cr_content,string,,Content,콘텐츠,
cr_actions,string,,Actions,작업,
cr_protection,string,,Protection,보호,
cr_power,string,,Power,전원,
cr_brightness,string,,Brightness,밝기,
cr_temperature,string,,Temperature,온도,
cr_color,string,,Color,색상,
cr_min,string,,Min,최소,
cr_avg,string,,Avg,평균,
cr_max,string,,Max,최대,
cr_now,string,,Now,지금,
cr_lowest,string,,Lowest,최저,
cr_average,string,,Average,평균,
cr_highest,string,,Highest,최고,
cr_live,string,,Live,실시간,
cr_once,string,,Once,한 번,
cr_daily,string,,Daily,매일,
cr_weekly,string,,Weekly,매주,
cr_monthly,string,,Monthly,매월,
cr_yearly,string,,Yearly,매년,
cr_action_tap,string,,Tap,탭,
cr_action_double_tap,string,,Double tap,두 번 탭,
cr_action_hold,string,,Hold,길게 누르기,
cr_mode,string,,Mode,모드,
cr_mode_auto,string,,Auto,자동,
cr_mode_heat,string,,Heat,난방,
cr_mode_cool,string,,Cool,냉방,
cr_mode_heat_cool,string,,Heat/cool,냉난방,
cr_mode_dry,string,,Dry,건조,
cr_mode_fan_only,string,,Fan only,송풍 전용,
cr_mode_low,string,,Low,낮음,
cr_mode_medium,string,,Medium,중간,
cr_mode_high,string,,High,높음,
cr_mode_quiet,string,,Quiet,저소음,
cr_mode_boost,string,,Boost,부스트,
cr_mode_eco,string,,Eco,절전,
cr_mode_sleep,string,,Sleep,수면,
cr_mode_manual,string,,Manual,수동,
cr_mode_vertical,string,,Vertical,세로,
cr_mode_horizontal,string,,Horizontal,가로,
cr_mode_both,string,,Both,둘 다,
cr_mode_up,string,,Up,위,
cr_mode_down,string,,Down,아래,
cr_mode_center,string,,Center,가운데,
cr_mode_left,string,,Left,왼쪽,
cr_mode_right,string,,Right,오른쪽,
cr_climate_fan,string,,Fan,선풍기,
cr_climate_vertical_airflow,string,,Vertical airflow,세로 풍향,
cr_climate_horizontal_airflow,string,,Horizontal airflow,가로 풍향,
cr_climate_preset,string,,Preset,프리셋,
cr_fan_speed,string,,Fan speed,팬 속도,
cr_speed,string,,Speed,속도,
cr_lower_target,string,,Lower target,목표 낮추기,
cr_raise_target,string,,Raise target,목표 높이기,
cr_climate_temperature,string,,Temperature,온도,
cr_climate_all_temperature_sensors,string,,All temperature sensors,모든 온도 센서,
cr_climate_outside,string,,Outside,실외,
cr_climate_outside_summary,string,,"Outdoor temperature, humidity, and pressure","실외 온도, 습도, 기압",
cr_climate_humidity,string,,Humidity,습도,
cr_climate_all_humidity_sensors,string,,All humidity sensors,모든 습도 센서,
cr_climate_air_pressure,string,,Air pressure,기압,
cr_climate_all_pressure_sensors,string,,All air-pressure sensors,모든 기압 센서,
cr_climate_co2,string,,CO₂,CO₂,
cr_climate_carbon_dioxide_sensors,string,,Carbon-dioxide sensors,이산화탄소 센서,
cr_climate_air_quality,string,,Air quality,공기질,
cr_climate_air_quality_summary,string,,"Particulates, AQI, VOCs, and gases","미세먼지, AQI, VOC, 가스",
cr_climate_entities,string,,Climate entities,냉난방 엔티티,
cr_climate_settings,string,,Climate settings,냉난방 설정,
cr_empty_climate_view,string,,No climate data is available yet.,아직 사용할 수 있는 냉난방 데이터가 없습니다.,
cr_climate_fans,string,,Fans,선풍기,
cr_climate_air_purifiers,string,,Air purifiers,공기청정기,
cr_climate_humidifiers,string,,Humidifiers,가습기,
cr_temperature_sensors,string,,Temperature sensors,온도 센서,
cr_devices_active,string,,Devices active,활성 기기,
cr_active_of_total,string,,%1$d of %2$d active,%2$d개 중 %1$d개 활성,keep %1$d %2$d
cr_no_search_active,string,,No active search · %1$s,활성 검색 없음 · %1$s,keep %1$s
cr_collapse_search,string,,Collapse search,검색 접기,
cr_expand_search,string,,Expand search,검색 펼치기,
cr_custom_order,string,,Custom order,사용자 지정 순서,
cr_name_a_z,string,,Name A–Z,이름 오름차순,
cr_name_z_a,string,,Name Z–A,이름 내림차순,
cr_climate_device,string,,Climate device,냉난방 기기,
cr_climate_device_subtitle,string,,"Name, icon, card style, and width","이름, 아이콘, 카드 스타일, 너비",
cr_widget_requires_f1,string,,"Needs the F1 Sensor integration, which was not found on your Home Assistant",Home Assistant에서 찾을 수 없는 F1 센서 통합이 필요합니다.,don't translate Home Assistant
cr_widget_requires_parcels,string,,"Needs a parcel integration, and none was found on your Home Assistant",소포 통합이 필요하지만 Home Assistant에서 아무 것도 발견되지 않았습니다.,don't translate Home Assistant
cr_widget_requires_waste,string,,"Needs a waste collection integration, and none was found on your Home Assistant",폐기물 수거 통합이 필요하지만 Home Assistant에서 아무 것도 발견되지 않았습니다.,don't translate Home Assistant
cr_people_here_title,string,,Who is here,여기 누구야?,
cr_people_here_empty,string,,Nobody is being tracked in this room right now.,지금 이 방에서는 아무도 추적되지 않습니다.,
cr_people_here_unknown_room,string,,Room unknown,알 수 없는 방,
cr_button_exclude_counters,string,,Leave out of counters,카운터에서 나가기,
cr_button_exclude_counters_hint,string,,"Keep the button, but stop it counting towards this room’s Lights and Devices totals",버튼은 유지하되 이 방의 조명 및 장치 총계에 포함되지 않도록 하세요.,
cr_count_with_average,string,,%1$s · avg %2$s%3$s,%1$s · 평균 %2$s%3$s,keep %1$s %2$s %3$s
cr_outside_temperature,string,,Outside temperature,실외 온도,
cr_outside_humidity,string,,Outside humidity,실외 습도,
cr_outside_pressure,string,,Outside pressure,실외 기압,
cr_outside_air_pressure,string,,Outside air pressure,실외 기압,
cr_no_sensors_found_for,string,,No %1$s sensors found.,%1$s 센서를 찾을 수 없습니다.,keep %1$s
cr_climate_control,string,,Climate control,냉난방 제어,
cr_thermostat_dial,string,,Thermostat dial,온도 조절 다이얼,
cr_width_third,string,,Third,1/3,
cr_width_half,string,,Half,절반,
cr_width_full,string,,Full,전체,
cr_select_item,string,,Select %1$s,%1$s 선택,keep %1$s
cr_set_outdoor_sensors,string,,"Set outdoor temperature, humidity, and pressure","실외 온도, 습도, 기압 설정",
cr_auto_discovered_device_class,string,,Discovered automatically by device class,기기 클래스별로 자동 검색됨,
cr_auto_discovered_climate_devices,string,,Climate devices discovered automatically,자동으로 검색된 냉난방 기기,
cr_pick_fan_entities_as_purifiers,string,,Choose fan entities to use as air purifiers,공기청정기로 사용할 팬 엔티티 선택,
cr_auto_discovered_humidifier_devices,string,,Humidifier devices discovered automatically,자동으로 검색된 가습기 기기,
cr_removed_entities,string,,Removed entities,제거된 엔티티,
cr_entities_removed_edit_mode,string,,Entities removed in edit mode,편집 모드에서 제거된 엔티티,
cr_card_indoor_climate_overview,string,,Indoor climate overview,실내 기후 개요,
cr_card_sensor_device_tiles,string,,Sensor and device tiles,센서 및 기기 타일,
cr_card_thermostats_ac,string,,Thermostats and AC,온도 조절기 및 에어컨,
cr_card_temperature_summary,string,,Temperature summary,온도 요약,
cr_card_humidity_summary,string,,Humidity summary,습도 요약,
cr_card_air_pressure_summary,string,,Air-pressure summary,기압 요약,
cr_card_co2_summary,string,,CO₂ summary,CO₂ 요약,
cr_card_air_quality_summary,string,,Air-quality summary,공기질 요약,
cr_category_overview,string,,Overview,개요,
cr_category_devices,string,,Devices,기기,
cr_category_sensors,string,,Sensors,센서,
cr_no_climate_sensors_devices,string,,No climate sensors or devices found.,냉난방 센서 또는 기기를 찾을 수 없습니다.,
cr_no_climate_devices,string,,No climate devices found. Thermostats and AC units from Home Assistant appear here automatically.,냉난방 기기를 찾을 수 없습니다. Home Assistant의 온도 조절기 및 에어컨이 여기에 자동으로 표시됩니다.,don't translate Home Assistant
cr_no_fans,string,,No fans found. Fan entities from Home Assistant appear here automatically.,선풍기를 찾을 수 없습니다. Home Assistant의 팬 엔티티가 여기에 자동으로 표시됩니다.,don't translate Home Assistant
cr_no_air_purifiers,string,,No air purifiers configured. Choose fan entities under Climate settings → Climate entities → Air purifiers.,구성된 공기청정기가 없습니다. 냉난방 설정 → 냉난방 엔티티 → 공기청정기에서 팬 엔티티를 선택하세요.,
cr_no_humidifiers,string,,No humidifiers found. Humidifier entities from Home Assistant appear here automatically.,가습기를 찾을 수 없습니다. Home Assistant의 가습기 엔티티가 여기에 자동으로 표시됩니다.,don't translate Home Assistant
cr_unknown_climate_card,string,,Unknown climate card: %1$s,알 수 없는 냉난방 카드: %1$s,keep %1$s
cr_select_climate_cards,string,,Select climate cards,냉난방 카드 선택,
cr_entities_for,string,,%1$s entities,%1$s 엔티티,keep %1$s
cr_climate_card,string,,Climate card,냉난방 카드,
cr_climate_card_dialog_subtitle,string,,Data sources and card appearance,데이터 소스 및 카드 모양,
cr_card_and_data,string,,Card and data,카드 및 데이터,
cr_climate_stack,string,,Climate stack,냉난방 스택,
cr_climate_stack_dialog_subtitle,string,,"Cards, data sources, and layout","카드, 데이터 소스, 레이아웃",
cr_cards_and_data,string,,Cards and data,카드 및 데이터,
cr_sensor_count,plural,one,%d sensor,,needs translation; keep %d
cr_sensor_count,plural,other,%d sensors,%d개의 센서,keep %d
cr_device_count_on,plural,one,%1$d device · %2$d on,,needs translation; keep %1$d %2$d
cr_device_count_on,plural,other,%1$d devices · %2$d on,%1$d 장치 · %2$d 켜짐,keep %1$d %2$d
cr_outside_sensors_set,plural,one,%d outside sensor set,,needs translation; keep %d
cr_outside_sensors_set,plural,other,%d outside sensors set,%d개의 외부 센서가 설정되었습니다.,keep %d
cr_auto_plus_manual,plural,one,Automatic + %d manual,,needs translation; keep %d
cr_auto_plus_manual,plural,other,Automatic + %d manual,자동 + %d 수동,keep %d
cr_selected_count,plural,one,%d selected,,needs translation; keep %d
cr_selected_count,plural,other,%d selected,%d개 선택됨,keep %d
cr_removed_count,plural,one,%d removed,,needs translation; keep %d
cr_removed_count,plural,other,%d removed,%d개 삭제됨,keep %d
cr_room,string,,Room,방,
cr_room_details,string,,Room details,방 세부 정보,
cr_empty_room,string,,"This room is empty. Swipe down on the header, enable edit mode, and add widgets, buttons, or tiles.","이 방은 비어 있습니다. 헤더를 아래로 스와이프하고 편집 모드를 활성화한 다음 위젯, 버튼, 타일을 추가하세요.",
cr_default_markdown_content,string,,# Markdown\nOpen this widget in **edit mode** to write your own content.,# Markdown\n이 위젯을 **편집 모드**에서 열어 직접 콘텐츠를 작성하세요.,\n = line break
cr_select_camera,string,,Select camera,카메라 선택,
cr_select_entity,string,,Select entity,엔티티 선택,
cr_custom_camera,string,,Custom camera,사용자 지정 카메라,
cr_configure_widget,string,,Configure widget,위젯 구성,
cr_configure_widget_subtitle,string,,Set the essentials before adding it,추가하기 전에 필수 항목을 설정하세요,
cr_widget_options,string,,Widget options,위젯 옵션,
cr_widget_options_subtitle,string,,Choose what this widget should display,이 위젯에 표시할 항목 선택,
cr_add_widget,string,,Add widget,위젯 추가,
cr_add_widget_subtitle,string,,Browse by purpose or search every widget,용도별로 찾아보거나 모든 위젯 검색,
cr_category_with_options,string,,%1$s · %2$s,%1$s · %2$s,keep %1$s %2$s
cr_widget_category_controls,string,,Controls,컨트롤,
cr_widget_category_controls_description,string,,"Buttons, vacuums, and grouped controls","버튼, 청소기, 그룹 컨트롤",
cr_widget_category_cameras,string,,Cameras,카메라,
cr_widget_category_cameras_description,string,,Live camera tiles and multi-camera views,실시간 카메라 타일 및 다중 카메라 보기,
cr_widget_category_climate,string,,Climate and weather,냉난방 및 날씨,
cr_widget_category_climate_description,string,,"Temperature, comfort, forecasts, and conditions","온도, 쾌적함, 예보, 상태",
cr_widget_category_energy,string,,Energy and batteries,에너지 및 배터리,
cr_widget_category_energy_description,string,,"Consumption, production, and device health","소비, 생산, 기기 상태",
cr_widget_category_information,string,,Information and media,정보 및 미디어,
cr_widget_category_information_description,string,,"Calendars, deliveries, graphs, notes, and playback","캘린더, 배송, 그래프, 메모, 재생",
cr_widget_category_layout,string,,Layout and structure,레이아웃 및 구조,
cr_widget_category_layout_description,string,,Headings and flexible widget containers,헤딩 및 유연한 위젯 컨테이너,
cr_widget_adaptive_lighting,string,,Adaptive Lighting,Adaptive Lighting,
cr_widget_adaptive_lighting_description,string,,Control any installed Adaptive Lighting profile,설치된 모든 Adaptive Lighting 프로필 제어,
cr_widget_button,string,,Button,버튼,
cr_widget_button_description,string,,A single configurable entity control,단일 구성 가능한 엔티티 컨트롤,
cr_widget_buttons,string,,Buttons,버튼,
cr_widget_calendar,string,,Calendar,캘린더,
cr_widget_calendar_description,string,,"Agenda, week, and month views from Home Assistant calendars","Home Assistant 캘린더의 일정, 주간, 월간 보기",don't translate Home Assistant
cr_widget_waste_collection,string,,Waste collection,폐기물 수거,
cr_widget_waste_collection_description,string,,Upcoming collections from waste sensors,폐기물 센서의 다가오는 수거 일정,
cr_widget_parcels,string,,Parcels,택배,
cr_widget_parcels_description,string,,Incoming and outgoing parcels from supported carriers,지원되는 택배사의 수신 및 발신 소포,
cr_widget_camera,string,,Camera,카메라,
cr_widget_camera_description,string,,A single live camera tile or stream URL,단일 실시간 카메라 타일 또는 스트림 URL,
cr_widget_cameras,string,,Cameras,카메라,
cr_widget_climate_card,string,,Climate card,냉난방 카드,
cr_widget_climate_card_description,string,,Any card from the Climate view,냉난방 화면의 모든 카드,
cr_widget_energy_card,string,,Energy card,에너지 카드,
cr_widget_energy_card_description,string,,Any card from the Energy view,에너지 화면의 모든 카드,
cr_widget_battery_levels,string,,Battery levels,배터리 수준,
cr_widget_battery_levels_description,string,,"Low batteries, or Battery+ only with type details","부족한 배터리, 또는 Battery+ 전용 유형 세부 정보",
cr_widget_header_text,string,,Header text,헤더 텍스트,
cr_widget_header_text_description,string,,Add a section heading,섹션 헤딩 추가,
cr_widget_markdown,string,,Markdown,Markdown,
cr_widget_markdown_description,string,,A free-form card written in Markdown,Markdown으로 작성한 자유 형식 카드,
cr_widget_iframe,string,,iFrame,iFrame,
cr_widget_iframe_description,string,,Embed any web page on your dashboard,대시보드에 웹 페이지 삽입,
cr_widget_media_player,string,,Media player,미디어 플레이어,
cr_widget_media_player_description,string,,Now-playing tile with album art as the background,앨범 아트를 배경으로 한 재생 중 타일,
cr_widget_sensor_graph,string,,Sensor graph,센서 그래프,
cr_widget_sensor_graph_description,string,,"History graph for one or more sensors, as lines or bars",하나 이상의 센서에 대한 기록 그래프(선 또는 막대),
cr_widget_vacuum,string,,Vacuum,청소기,
cr_widget_vacuum_description,string,,A single robot-vacuum control,단일 로봇청소기 컨트롤,
cr_widget_weather,string,,Weather,날씨,
cr_widget_weather_description,string,,A single weather card,단일 날씨 카드,
cr_widget_empty_stack,string,,Empty stack,빈 스택,
cr_widget_empty_stack_description,string,,Place widgets inside a configurable stack,구성 가능한 스택 안에 위젯 배치,
cr_widget_button_stack,string,,Button stack,버튼 스택,
cr_widget_button_stack_description,string,,Group entities into configurable controls,엔티티를 구성 가능한 컨트롤로 그룹화,
cr_widget_camera_stack,string,,Camera stack,카메라 스택,
cr_widget_camera_stack_description,string,,Show live camera tiles or a custom stream URL,실시간 카메라 타일 또는 사용자 지정 스트림 URL 표시,
cr_widget_climate_stack,string,,Climate stack,냉난방 스택,
cr_widget_climate_stack_description,string,,"Group climate cards such as overview, thermostats, and sensors","개요, 온도 조절기, 센서 등 냉난방 카드 그룹화",
cr_widget_energy_stack,string,,Energy stack,에너지 스택,
cr_widget_energy_stack_description,string,,"Group energy cards such as usage, solar, gas, and water","사용량, 태양광, 가스, 수도 등 에너지 카드 그룹화",
cr_widget_sensor_graph_stack,string,,Sensor graph stack,센서 그래프 스택,
cr_widget_sensor_graph_stack_description,string,,Group several sensor-history graphs,여러 센서 기록 그래프 그룹화,
cr_widget_swiping_stack,string,,Swiping stack,스와이프 스택,
cr_widget_swiping_stack_description,string,,Swipe horizontally through nested widgets,중첩된 위젯을 가로로 스와이프,
cr_widget_vacuum_stack,string,,Vacuum stack,청소기 스택,
cr_widget_vacuum_stack_description,string,,Control robot vacuums with a map and battery status,지도 및 배터리 상태로 로봇청소기 제어,
cr_widget_weather_stack,string,,Weather stack,날씨 스택,
cr_widget_weather_stack_description,string,,"Group conditions, forecast, wind, or rain-map cards","상태, 예보, 바람 또는 강수 지도 카드 그룹화",
cr_camera_settings,string,,Camera settings,카메라 설정,
cr_vacuum_settings,string,,Vacuum settings,청소기 설정,
cr_button_settings,string,,Button settings,버튼 설정,
cr_robot_image,string,,Robot image,로봇 이미지,
cr_map_camera,string,,Map camera,지도 카메라,
cr_external_url,string,,External URL,외부 URL,
cr_valetudo_map,string,,Valetudo map,Valetudo 지도,don't translate Valetudo
cr_valetudo_map_hint,string,,Draws the map from a Valetudo robot and lets you tap a room to clean it. Pick the robot's map camera below.,Valetudo 로봇의 지도를 그리고 방을 탭해 청소할 수 있습니다. 아래에서 로봇의 지도 카메라를 선택하세요.,don't translate Valetudo
cr_valetudo_camera_mode_note,string,,Using Map camera with a Valetudo map entity shows a blank tile. Valetudo does not render the map on the robot — its PNG is only a container for the map data. Choose Valetudo map instead to have HKI draw it.,Valetudo 지도 엔티티에 지도 카메라를 쓰면 빈 타일이 표시됩니다. Valetudo는 로봇에서 지도를 그리지 않으며 PNG는 지도 데이터의 컨테이너일 뿐입니다. HKI가 그리도록 Valetudo 지도를 선택하세요.,don't translate Valetudo
cr_animation_glow,string,,Glow,글로우,
cr_animation_spin,string,,Spin,회전,
cr_animation_pulse,string,,Pulse,펄스,
cr_adaptive_lighting_widget,string,,Adaptive Lighting widget,Adaptive Lighting 위젯,
cr_adaptive_lighting_widget_subtitle,string,,"Profiles, size, and appearance","프로필, 크기, 모양",
cr_button_stack_dialog_subtitle,string,,"Layout, appearance, and entity order","레이아웃, 모양, 엔티티 순서",
cr_expand_stack,string,,Expand stack,스택 펼치기,
cr_collapse_stack,string,,Collapse stack,스택 접기,
cr_hide_stack,string,,Hide stack,스택 숨기기,
cr_unhide_stack,string,,Unhide stack,스택 숨김 해제,
cr_swiping_stack_dialog_subtitle,string,,"Pages, height, and card appearance","페이지, 높이, 카드 모양",
cr_empty_stack_dialog_subtitle,string,,Container layout and appearance,컨테이너 레이아웃 및 모양,
cr_header_text_dialog_subtitle,string,,Heading content and visual style,헤딩 콘텐츠 및 시각 스타일,
cr_animation_swipe,string,,Swipe,스와이프,
cr_animation_fade,string,,Fade,페이드,
cr_animation_zoom,string,,Zoom,줌,
cr_animation_slide_fade,string,,Slide + fade,슬라이드 + 페이드,
cr_animation_cube,string,,Cube,큐브,
cr_animation_instant,string,,Instant,즉시,
cr_paged_status,string,,%1$d/%2$d · %3$s,%1$d/%2$d · %3$s,keep %1$d %2$d %3$s
cr_cover_status,string,,%1$d%% · %2$s,%1$d%% · %2$s,keep %1$d %2$s
cr_paged_cover_status,string,,%1$d/%2$d · %3$d%% · %4$s,%1$d/%2$d · %3$d%% · %4$s,keep %1$d %2$d %3$d %4$s
cr_widget_option_count,plural,one,%d option,,needs translation; keep %d
cr_widget_option_count,plural,other,%d options,%d개의 옵션,keep %d
cr_configured_lights,plural,one,%d configured light,,needs translation; keep %d
cr_configured_lights,plural,other,%d configured lights,%d개의 구성된 조명,keep %d
cr_quick_notifications,string,,Notifications,알림,
cr_quick_notifications_instruction,string,,Swipe right from the upper-left edge.,왼쪽 위 가장자리에서 오른쪽으로 스와이프하세요.,
cr_quick_switch_homes,string,,Switch homes,홈 전환,
cr_quick_switch_homes_instruction,string,,Swipe left from the upper-right edge of the header.,헤더의 오른쪽 위 가장자리에서 왼쪽으로 스와이프하세요.,
cr_quick_actions,string,,Quick actions,빠른 작업,
cr_quick_actions_instruction,string,,"Pull down on any page header for Search, Flows, Edit, and Settings.","검색, 흐름, 편집, 설정을 사용하려면 페이지 헤더를 아래로 당기세요.",
cr_quick_media_player,string,,Media player,미디어 플레이어,
cr_quick_media_player_instruction,string,,"When the handle appears, swipe up on the bottom bar to restore the player.",핸들이 나타나면 하단 바를 위로 스와이프하여 플레이어를 복원하세요.,
cr_quick_make_it_yours,string,,Make it yours,나만의 화면으로 만들기,
cr_quick_make_it_yours_instruction,string,,"In edit mode, add and reorder rooms, floors, and widgets. Tap an item to configure it.","편집 모드에서 방, 층, 위젯을 추가하고 순서를 바꾸세요. 항목을 탭하여 구성합니다.",
cr_whats_new_1_1_0,array,1,"Eighteen more languages, taking HKI 7 to 36. Polish, Russian, Czech, Slovak, Hungarian, Romanian, Bulgarian, Croatian, Greek, Lithuanian, Latvian, Estonian, Danish, Thai and Hebrew join the list, along with Austrian German, Swiss German and Mexican Spanish. Hebrew lays the interface out right to left, as Arabic does.","HKI 7에서 36개 언어로 18개 언어가 추가되었습니다. 폴란드어, 러시아어, 체코어, 슬로바키아어, 헝가리어, 루마니아어, 불가리아어, 크로아티아어, 그리스어, 리투아니아어, 라트비아어, 에스토니아어, 덴마크어, 태국어, 히브리어가 오스트리아 독일어, 스위스 독일어, 멕시코 스페인어와 함께 목록에 추가되었습니다. 히브리어는 아랍어와 마찬가지로 오른쪽에서 왼쪽으로 인터페이스를 배치합니다.",don't translate HKI 7
cr_whats_new_1_1_0,array,2,"HKI 7 now runs on Android 12 and later. It previously needed Android 14, which ruled out a lot of perfectly capable phones and tablets.","HKI 7은 이제 Android 12 이상에서 실행됩니다. 이전에는 Android 14가 필요했는데, 이는 완벽하게 기능하는 휴대폰과 태블릿을 많이 배제했습니다.",don't translate HKI 7
cr_whats_new_1_1_0,array,3,"Energy costs are shown in your own currency instead of always in euros. HKI 7 follows what your cost sensors report, and there is a Currency setting in Energy settings if you would rather choose one yourself.","에너지 비용은 항상 유로가 아닌 자국 통화로 표시됩니다. HKI 7은 비용 센서가 보고한 내용을 따르며, 직접 선택하려는 경우 에너지 설정에 통화 설정이 있습니다.",don't translate HKI 7
cr_whats_new_1_1_0,array,4,"The language picker has a search box and is sorted, which it needed at 36 entries. If you ever land in a language you cannot read, the way back is still the first thing on screen.",언어 선택기에는 검색 상자가 있으며 정렬되어 있으며 36개 항목이 필요합니다. 읽을 수 없는 언어로 도착하더라도 돌아오는 길은 여전히 화면에 가장 먼저 나타납니다.,
cr_whats_new_1_1_0,array,5,"Views remember where you had scrolled to, and tapping the tab you are already on takes you back to the top.",보기는 스크롤한 위치를 기억하고 이미 있는 탭을 탭하면 맨 위로 돌아갑니다.,
cr_whats_new_1_1_0,array,6,"Swiping sideways no longer carries you out of a page you have opened, such as Solar inside Energy. Back now returns you to the view you came from rather than jumping to the home page.",Solar inside Energy와 같이 옆으로 스와이프해도 더 이상 열었던 페이지 밖으로 나가지 않습니다. 이제 뒤로가면 홈 페이지로 이동하지 않고 이전 보기로 돌아갑니다.,
cr_whats_new_1_1_0,array,7,"Scrollable rows say so. The pull-down menu, the navigation bar and the settings tabs all show an arrow at the edge when there is more to reach.","스크롤 가능한 행이 그렇게 말합니다. 풀다운 메뉴, 탐색 모음 및 설정 탭 모두 도달할 항목이 더 있을 때 가장자리에 화살표를 표시합니다.",
cr_whats_new_1_1_0,array,8,"Dialogs look and behave the same throughout. Six of them were plain Android dialogs with no close button in the corner, and buttons across the app now agree on what Close, Save and Done mean.","대화 상자는 전체적으로 동일하게 보이고 동작합니다. 그중 6개는 모서리에 닫기 버튼이 없는 일반 Android 대화상자였으며 이제 앱 전체의 버튼이 닫기, 저장, 완료의 의미에 동의합니다.",
cr_whats_new_1_1_0,array,9,"Creating a dashboard asks first and then offers the same choices as first-time setup — so a new dashboard can start from a backup or from one your family has shared, as well as being generated or left empty. Your current dashboard is never overwritten, and shared dashboards are now marked as shared in the list.","대시보드를 만들면 먼저 질문한 후 최초 설정과 동일한 선택 사항이 제공됩니다. 따라서 백업이나 가족이 공유한 대시보드에서 새 대시보드를 시작할 수 있을 뿐만 아니라 생성하거나 비워 둘 수도 있습니다. 현재 대시보드는 덮어쓰여지지 않으며, 공유 대시보드는 이제 목록에 공유됨으로 표시됩니다.",
cr_whats_new_1_1_0,array,10,"The battery widget opens a list in place instead of taking you to a separate page, grouped by how urgent each one is and showing the battery type where Home Assistant knows it. There is a search box, and a button to open the full Battery view if you want it.",배터리 위젯은 별도의 페이지로 이동하는 대신 각 페이지의 긴급도에 따라 그룹화되고 Home Assistant이 알고 있는 배터리 유형을 표시하는 대신 제자리에 목록을 엽니다. 검색 상자와 원하는 경우 전체 배터리 보기를 열 수 있는 버튼이 있습니다.,don't translate Home Assistant
cr_whats_new_1_1_0,array,11,"Tapping the people counter in a room shows who is there, with each person's picture. The Rooms header now has a household counter too, showing where everyone is without opening every room.",방에 있는 인원 계수기를 탭하면 각 사람의 사진과 함께 거기에 누가 있는지 표시됩니다. 이제 객실 헤더에는 가구 카운터도 포함되어 모든 객실을 열지 않고도 모든 사람이 어디에 있는지 보여줍니다.,
cr_whats_new_1_1_0,array,12,"A button can be left out of a room's Lights and Devices counters, for the ones that are in the room but not really part of it.",방에 있지만 실제로는 방의 일부가 아닌 조명 및 장치 카운터에서 버튼을 제외할 수 있습니다.,
cr_whats_new_1_1_0,array,13,"Widgets that need an integration you do not have — Formula 1, Parcels, Waste Collection — are greyed out and say what is missing, instead of being added and then sitting empty.","보유하지 않은 통합이 필요한 위젯(포뮬러 1, 소포, 폐기물 수집)은 회색으로 표시되어 추가된 다음 비어 있는 대신 누락된 내용을 알려줍니다.",
cr_whats_new_1_1_0,array,14,"Parcel tracking covers fifteen more carriers, including PostNord, InPost, Swiss Post, An Post, Budbee, Sameday and Nova Post, each with its own logo.","소포 추적에는 PostNord, InPost, Swiss Post, An Post, Budbee, Sameday 및 Nova Post를 포함하여 각각 자체 로고가 있는 15개 이상의 운송업체가 포함됩니다.",
cr_whats_new_1_1_0,array,15,"A Valetudo robot vacuum picks up its live map automatically when your rooms are imported, rather than needing the camera chosen by hand.",Valetudo 로봇 진공청소기는 객실을 가져올 때 직접 카메라를 선택할 필요 없이 자동으로 실시간 지도를 선택합니다.,don't translate Valetudo
cr_whats_new_1_0_1,array,1,"Swiping between tabs now follows your finger. The pages move as you drag, you can change your mind mid-swipe and pull them back, and they settle where you let go. Previously the change was decided the moment you had dragged far enough and could not be taken back, while the animation that played afterwards was on its own timer and unrelated to the gesture — so the app committed to a page before your finger had finished asking for one.","이제 탭 사이를 스와이프하면 손가락을 따라갑니다. 드래그하는 동안 페이지가 이동하고, 스와이프하는 동안 마음을 바꾸고 뒤로 당길 수 있으며, 놓는 위치에 고정됩니다. 이전에는 충분히 멀리 드래그하여 되돌릴 수 없는 순간에 변경 사항이 결정되었지만 이후에 재생되는 애니메이션은 자체 타이머에 있었고 동작과 관련이 없었습니다. 따라서 손가락이 페이지 요청을 완료하기 전에 앱이 페이지에 커밋되었습니다.",
cr_whats_new_1_0_1,array,2,"The bottom bar now keeps the selected tab in view. On a phone too narrow for every tab it scrolls the active one to the centre, so the tab you are on is always visible along with its neighbours — which is also the hint that there are more pages to swipe to. Reaching the last tab used to leave the indicator somewhere off the end of the bar.",이제 하단 표시줄에 선택한 탭이 표시됩니다. 모든 탭에 대해 너무 좁은 휴대폰에서는 활성 탭을 중앙으로 스크롤하므로 현재 있는 탭이 항상 옆 탭과 함께 표시됩니다. 이는 또한 스와이프할 페이지가 더 많다는 힌트이기도 합니다. 막대 끝 어딘가에 표시기를 두는 데 사용되는 마지막 탭에 도달합니다.,
cr_whats_new_1_0_1,array,3,"Swiping between rooms shows how many rooms there are and which one you are on, as dots above the navigation bar — or as a count once there are more than eight. Room swiping also stops at the last room instead of wrapping around to the first, matching how the tabs behave. Rooms an admin has hidden are now skipped by the swipe rather than only blocked when opened.",방 사이를 스와이프하면 방의 개수와 현재 있는 방이 탐색 표시줄 위에 점으로 표시되거나 방이 8개 이상인 경우 개수로 표시됩니다. 또한 방 스와이프는 탭 동작 방식과 일치하도록 첫 번째 방으로 둘러싸는 대신 마지막 방에서 중지됩니다. 관리자가 숨긴 방은 이제 열 때만 차단되는 것이 아니라 스와이프로 건너뛰게 됩니다.,
cr_whats_new_1_0_1,array,4,"The pull-down header menu animates to wherever you let it go, instead of jumping open or shut in a single frame. It settles by which half you released it in, a quick flick opens it without a full-length drag, and it can be caught and dragged again mid-animation. It also no longer stops dead partway when pulled a long way but not quite far enough.","풀다운 헤더 메뉴는 단일 프레임에서 열리거나 닫히는 대신 사용자가 놓는 곳마다 애니메이션을 적용합니다. 어느 부분에서 손을 뗐는지 결정하고, 전체 길이 드래그 없이 빠른 플릭으로 열며, 애니메이션 중간에 다시 잡아 끌 수 있습니다. 또한 먼 길을 당겨도 충분히 멀지 않은 경우 더 이상 중간에 멈추지 않습니다.",
cr_whats_new_1_0_1,array,5,"Settings remembers where you were. Coming back from a sub-menu returns to the place in the list you left rather than to the top, which was most noticeable on the long way down to About and Licenses. The page settings dialog had the opposite problem — one scroll position carried across unrelated sub-menus — and that is fixed too.",설정은 귀하가 어디에 있었는지 기억합니다. 하위 메뉴에서 돌아오면 맨 위가 아닌 왼쪽 목록의 위치로 돌아갑니다. 이는 정보 및 라이센스로 내려가는 동안 가장 눈에 띄었습니다. 페이지 설정 대화 상자에는 관련되지 않은 하위 메뉴에 하나의 스크롤 위치가 전달되는 반대 문제가 있었으며 이 문제도 해결되었습니다.,
cr_whats_new_1_0_1,array,6,"The notification panel now has a button in the pull-down header menu, so the left-edge swipe is no longer the only way to reach it. That let the strip of screen edge reserved for the swipe shrink from 200dp to 88dp: the reserved strip is where Android's own back gesture stops working, and it had been covering the exact corner where the back arrow sits.",이제 알림 패널의 풀다운 헤더 메뉴에 버튼이 있으므로 더 이상 왼쪽 가장자리 스와이프만으로 알림 패널에 접근할 수 없습니다. 그러면 스와이프용으로 예약된 화면 가장자리 스트립이 200dp에서 88dp로 줄어들었습니다. 예약된 스트립은 Android 자체 뒤로 동작이 작동을 멈추는 곳이며 뒤로 화살표가 있는 정확한 모서리를 덮고 있었습니다.,
cr_whats_new_1_0_1,array,7,"Fixed the app closing instead of the notification panel when back was pressed during the panel's opening animation. Back is also defined for the tabs now — it returns to the first tab before leaving the app, rather than exiting from wherever you happened to have swiped to.",패널 열기 애니메이션 중에 뒤로를 눌렀을 때 알림 패널 대신 앱이 닫히는 문제를 수정했습니다. 이제 뒤로는 탭에 대해서도 정의됩니다. 우연히 스와이프한 곳에서 나가지 않고 앱을 떠나기 전 첫 번째 탭으로 돌아갑니다.,
cr_whats_new_1_0_1,array,8,"The home switcher panel follows Android's predictive back gesture, sliding out with your finger and springing back if you change your mind.","홈 스위처 패널은 Android의 예측 뒤로 동작을 따르며, 손가락으로 미끄러졌다가 마음이 바뀌면 다시 튀어오릅니다.",
cr_whats_new_1_0_1,array,9,"Four more languages: Norwegian, Swedish, Finnish and Arabic. Arabic lays the whole app out right to left — the navigation bar, the panels that slide in from the screen edge, and the swipe that moves between tabs all mirror, rather than only the text changing direction. Product names such as Home Assistant stay in Latin script wherever they appear.","4개 언어 추가: 노르웨이어, 스웨덴어, 핀란드어, 아랍어. 아랍어는 전체 앱을 오른쪽에서 왼쪽으로 배치합니다. 탐색 표시줄, 화면 가장자리에서 미끄러지는 패널, 탭 사이를 이동하는 스와이프는 텍스트 방향만 변경하는 것이 아니라 모두 미러링됩니다. Home Assistant과 같은 제품 이름은 나타날 때마다 라틴어 스크립트로 유지됩니다.",don't translate Home Assistant
cr_whats_new_1_0_1,array,10,"Swiping between rooms is much smoother. A room screen is by far the heaviest page in the app, and the next one was being built during the first frames of the swipe — precisely when there was no time for it. It is now prepared while nothing is moving, and live sensor updates wait for the swipe to finish instead of redrawing every open page mid-gesture.","방 간 스와이프가 훨씬 더 매끄러워졌습니다. 방 화면은 앱에서 단연 가장 무거운 페이지이며, 스와이프의 첫 번째 프레임 중에 다음 화면이 생성되었습니다. 바로 그럴 시간이 없었을 때였습니다. 이제 아무것도 움직이지 않는 동안 준비가 완료되었으며, 실시간 센서 업데이트는 열려 있는 모든 페이지를 중간 동작으로 다시 그리는 대신 스와이프가 완료될 때까지 기다립니다.",
cr_whats_new_1_0_1,array,11,"The notification panel and the home switcher are dragged rather than flicked open, following your finger and settling where you let go. They close the same way: push them back towards the edge they came from. Tapping the panel itself no longer closes it, which it used to do anywhere you touched that was not a button.",알림 패널과 홈 스위처는 손가락을 튕겨서 여는 대신 드래그하여 손가락을 놓는 위치에 고정됩니다. 그들은 같은 방식으로 닫힙니다. 원래 있던 가장자리쪽으로 다시 밀어냅니다. 패널 자체를 탭해도 더 이상 패널이 닫히지 않습니다. 이전에는 버튼이 아닌 터치한 모든 곳에서 이 작업이 수행되었습니다.,
cr_whats_new_1_0_1,array,12,"A horizontal row inside a page — a mode selector, a swipe row, a swiping stack — no longer hands the rest of the gesture to the page once it reaches its end. Picking the first or last item in such a row used to flip the whole page instead.","페이지 내부의 가로 행(모드 선택기, 스와이프 행, 스와이프 스택)은 페이지 끝에 도달하면 더 이상 나머지 동작을 페이지에 전달하지 않습니다. 대신 전체 페이지를 넘기는 데 사용되는 행의 첫 번째 또는 마지막 항목을 선택합니다.",
cr_whats_new_1_0_1,array,13,"Dialogs with tabs show how many there are and which one you are on, and a sideways swipe anywhere on the dialog changes tab. The swipe used to be written off as a scroll whenever it set off with the slight downward arc a thumb naturally makes, which made it feel like it worked only sometimes.","탭이 있는 대화 상자에는 현재 있는 탭의 개수와 현재 있는 탭이 표시되며, 대화 상자 변경 탭의 아무 곳이나 옆으로 스와이프하면 됩니다. 스와이프는 엄지손가락이 자연스럽게 만드는 약간의 아래쪽 호와 함께 시작될 때마다 두루마리로 기록되어 가끔 작동하는 것처럼 느껴졌습니다.",
cr_whats_new_1_0_1,array,14,"Demo mode no longer talks to the network. Twenty-six requests — the whole HKI 7 Cloud surface plus the event timeline, camera snapshots and vacuum maps — were still being attempted against a server that does not exist, and one of them retried every three seconds for the entire session, filling the connection log with failures. Restarting Home Assistant in the demo is now simulated in a few seconds rather than showing ""restarting"" for two minutes and giving up.","데모 모드는 더 이상 네트워크와 통신하지 않습니다. 전체 HKI 7 Cloud 표면과 이벤트 타임라인, 카메라 스냅샷 및 진공 지도를 포함한 26개의 요청이 여전히 존재하지 않는 서버에 대해 시도되고 있었고, 그 중 하나가 전체 세션 동안 3초마다 재시도되어 연결 로그가 실패로 채워졌습니다. 데모에서 홈어시스턴트 다시 시작은 이제 2분 동안 ""다시 시작""을 표시하고 포기하는 대신 몇 초 안에 시뮬레이션됩니다.","don't translate HKI 7 Cloud, Home Assistant"
cr_whats_new_1_0_0,array,1,"New Events tab in the notification drawer: a timeline of what your home has actually been doing. The front door opening, a light going off, someone arriving home — each with the time and, where Home Assistant knows, who did it. An admin picks which entities appear under Settings › Family Sharing › Events, once for the whole family rather than on every phone. It reads Home Assistant's own logbook rather than recording anything on the device, so it still shows what happened overnight while the app was closed, and it opens on the last 3 hours — a timeline answers what just happened — with 6h to 72h a tap away. Events never touch the notification bell's unread count: a timeline of doors opening would leave that badge permanently lit and mean nothing. Requires HKI 7 Cloud 0.9.0.*","알림 서랍의 새로운 이벤트 탭: 집에서 실제로 무엇을 했는지 보여주는 타임라인입니다. 현관문이 열리고, 불이 꺼지고, 누군가 집에 도착합니다. 각각의 시간과 홈어시스턴트가 아는 곳에서 누가 그랬는지 알 수 있습니다. 관리자는 설정 > 가족 공유 > 이벤트에서 모든 전화가 아닌 온 가족에 대해 한 번 표시할 엔터티를 선택합니다. 기기에 아무것도 기록하지 않고 홈어시스턴트 자체 로그북을 읽으므로 앱이 닫힌 동안 밤새 발생한 일을 계속 표시하고 지난 3시간 동안 열립니다. 타임라인은 탭 한 번으로 6시간에서 72시간 내에 방금 발생한 일에 대한 답변을 제공합니다. 이벤트는 알림 벨의 읽지 않은 개수에 영향을 미치지 않습니다. 문이 열리는 타임라인은 해당 배지를 영구적으로 켜두고 아무 의미도 없게 됩니다. HKI 7 클라우드 0.9.0이 필요합니다.*","don't translate HKI 7 Cloud, Home Assistant"
cr_whats_new_1_0_0,array,2,"An admin can take parts of the timeline away from individual family members — a whole domain, or named entities — from the same Events tab. Everyone sees the full timeline unless something is taken out for them, so adding a person to the family does not mean building their timeline from scratch. The filtering happens in the HKI 7 Cloud component rather than in the app, so a restricted device is never even told which entities it is being kept away from. As with hidden views and rooms, this hides the timeline rather than the entities: Home Assistant has no per-entity read permission for non-admin accounts, so anyone signed in can still read those entities through Home Assistant itself.*",관리자는 동일한 이벤트 탭에서 개별 가족 구성원(전체 도메인 또는 명명된 엔터티)으로부터 타임라인의 일부를 가져올 수 있습니다. 특정 항목을 가져오지 않는 한 누구나 전체 타임라인을 볼 수 있으므로 가족에 사람을 추가한다고 해서 타임라인을 처음부터 새로 구성하는 것은 아닙니다. 필터링은 앱이 아닌 HKI 7 Cloud 구성 요소에서 발생하므로 제한된 장치는 어떤 개체로부터 멀리 떨어져 있는지조차 알 수 없습니다. 숨겨진 보기 및 룸과 마찬가지로 이는 엔터티가 아닌 타임라인을 숨깁니다. 홈어시스턴트는 관리자가 아닌 계정에 대한 엔터티별 읽기 권한이 없으므로 로그인한 사람은 누구나 홈어시스턴트 자체를 통해 해당 엔터티를 계속 읽을 수 있습니다.*,"don't translate HKI 7 Cloud, Home Assistant"
cr_whats_new_1_0_0,array,3,"The event roster takes whole domains as well as named entities, so ""every lock"" is one choice rather than eleven. Domains are resolved fresh each time the timeline opens, so a lock added next month joins on its own instead of the roster meaning whatever existed the day it was set. The editor shows what each domain currently covers, since one domain can be hundreds of entities. Requires HKI 7 Cloud 0.10.0.*","이벤트 명단에는 명명된 엔터티뿐만 아니라 전체 도메인도 포함되므로 ""모든 잠금""은 11개가 아닌 하나의 선택입니다. 타임라인이 열릴 때마다 도메인이 새로 확인되므로 다음 달에 추가된 잠금은 설정된 날짜에 존재했던 모든 것을 의미하는 목록 대신 자체적으로 결합됩니다. 하나의 도메인이 수백 개의 엔터티일 수 있으므로 편집기에는 각 도메인이 현재 다루는 내용이 표시됩니다. HKI 7 클라우드 0.10.0이 필요합니다.*",don't translate HKI 7 Cloud
cr_whats_new_1_0_0,array,4,"Events are labelled and filterable by what kind of thing they happened to — Doors, Windows, Motion, Lights, Locks. The filter row is built from what your timeline actually contains, so you are never offered a filter that can only come back empty. Days stay as the list headings: a timeline that reorders itself by category stops being a timeline.","이벤트는 문, 창문, 동작, 조명, 자물쇠 등 어떤 종류의 일이 발생했는지에 따라 라벨이 지정되고 필터링 가능합니다. 필터 행은 타임라인에 실제로 포함된 내용으로 구성되므로 빈 상태로만 돌아올 수 있는 필터는 제공되지 않습니다. 일은 목록 제목으로 유지됩니다. 카테고리별로 재정렬되는 타임라인은 더 이상 타임라인이 아닙니다.",
cr_whats_new_1_0_0,array,5,"Weather artwork now animates in the daily forecast, the hourly strip and the header pill, not only on the hero card. Animation was previously switched off below a fixed size, which caught all three.","이제 날씨 삽화가 영웅 카드뿐만 아니라 일일 예보, 시간별 스트립 및 헤더 알약에서도 애니메이션으로 표시됩니다. 애니메이션은 이전에 고정된 크기 아래에서 꺼졌는데, 이는 세 가지 모두를 포착했습니다.",
cr_whats_new_1_0_0,array,6,"Where weather artwork animates is now four separate switches — header pill, weather dialog, forecast strips, weather widget — instead of riding on the entity icon animation setting. The forecast strips animate a dozen icons side by side and are the only ones that ever cost anything noticeable, so turning those off need not mean losing the single small icon in the header pill. All four are on by default, and appear both in Settings › Appearance › Icons and in the header pill's own settings.","날씨 아트웍이 애니메이션되는 곳은 이제 엔터티 아이콘 애니메이션 설정을 이용하는 대신 헤더 알약, 날씨 대화 상자, 예보 스트립, 날씨 위젯 등 4개의 개별 스위치입니다. 예측 스트립은 12개의 아이콘을 나란히 애니메이션화하고 눈에 띄는 비용이 드는 유일한 것이므로 이를 끄더라도 헤더 알약에 있는 작은 아이콘 하나가 손실되는 것은 아닙니다. 네 가지 모두 기본적으로 켜져 있으며 설정 > 모양 > 아이콘과 헤더 알약 자체 설정에 모두 표시됩니다.",
cr_whats_new_1_0_0,array,7,"The 6h/12h/24h/48h/72h range selector is centred rather than left-aligned everywhere it appears, and gains a 3h option.",6시간/12시간/24시간/48시간/72시간 범위 선택기는 표시되는 모든 위치에서 왼쪽 정렬이 아닌 중앙에 위치하며 3시간 옵션이 제공됩니다.,
cr_whats_new_1_0_0,array,8,"New Connection log at the bottom of Settings › Connection: what the app's connection has actually been doing — connection attempts, reconnects, sync and subscriptions — with buttons to copy or clear it. All of this was already being recorded; nothing displayed it. It holds the last 300 lines and starts empty each launch.","설정 › 연결 하단에 있는 새로운 연결 로그: 앱의 연결이 실제로 수행한 작업(연결 시도, 재연결, 동기화 및 구독)을 복사하거나 삭제할 수 있는 버튼이 있습니다. 이 모든 것은 이미 녹음되고 있었습니다. 아무것도 표시하지 않았습니다. 마지막 300줄을 보유하고 출시할 때마다 비워지기 시작합니다.",
cr_whats_new_1_0_0,array,9,"A button stack's layout options are now named the same as a single button's. The same shape was called Tile on a button and Compact on a stack, which made them look like different features.",이제 버튼 스택의 레이아웃 옵션 이름이 단일 버튼의 이름과 동일해졌습니다. 동일한 모양을 버튼의 타일(Tile)이라고 하고 스택의 컴팩트(Compact)라고 하여 서로 다른 기능처럼 보이게 했습니다.,
cr_whats_new_1_0_0,array,10,"New Centered button layout beside Standard, Square and Tile: a square card whose icon sits in the middle of the space above the text, with the name and state centred beneath it. The icon is pushed upward rather than crowded as the text grows. A grid of these reads as a keypad, which is what makes a remote control possible.","표준, 정사각형 및 타일 옆의 새로운 중앙 버튼 레이아웃: 아이콘이 텍스트 위 공간 중앙에 있고 이름과 상태가 그 아래 중앙에 있는 정사각형 카드입니다. 텍스트가 커짐에 따라 아이콘은 혼잡해지기보다는 위쪽으로 밀려납니다. 이들 그리드는 키패드로 읽혀 원격 제어를 가능하게 합니다.",
cr_whats_new_1_0_0,array,11,"A button's icon, name and state are each shown or hidden on their own, under a new Elements section in its settings. The old Icon only switch is gone — hiding both the name and state is what it did, and these also let you keep one of them. Existing icon-only buttons keep working.","버튼의 아이콘, 이름 및 상태는 해당 설정의 새로운 요소 섹션 아래에 각각 표시되거나 숨겨집니다. 이전 아이콘 전용 스위치는 사라졌습니다. 이름과 상태를 모두 숨기는 기능을 수행했으며 이를 통해 둘 중 하나를 유지할 수도 있습니다. 기존 아이콘 전용 버튼은 계속 작동합니다.",
cr_whats_new_1_0_0,array,12,"A button stack carries the same three switches for all of its children, so a stack of twenty buttons need not be set twenty times. Turning one off on the stack hides it on every button; leaving it on lets each button decide.",버튼 스택은 모든 하위 항목에 대해 동일한 3개의 스위치를 전달하므로 20개의 버튼 스택을 20번 설정할 필요가 없습니다. 스택에서 하나를 끄면 모든 버튼에서 숨겨집니다. 켜두면 각 버튼이 결정됩니다.,
cr_whats_new_1_0_0,array,13,"Fixed the button stack settings dialog stopping about two thirds of the way down with empty space below it, leaving the rest unreachable on a tall phone or a tablet.",버튼 스택 설정 대화 상자가 아래에 빈 공간이 있는 상태로 약 2/3 아래에서 중지되어 키가 큰 휴대폰이나 태블릿에서 나머지 부분에 접근할 수 없는 문제를 해결했습니다.,
cr_whats_new_1_0_0,array,14,"Navigation bar, media players and popups moved from Settings › Appearance to Settings › Dashboard, below the dashboards themselves. They are parts of what the dashboard is made of rather than how it is styled.","탐색 표시줄, 미디어 플레이어 및 팝업이 설정 > 모양에서 설정 > 대시보드로 대시보드 자체 아래로 이동되었습니다. 이는 대시보드의 스타일이 아닌 구성 요소의 일부입니다.",
cr_whats_new_1_0_0,array,15,"Settings › Connection ends with the connection log, and Restart Home Assistant now sits below it rather than above — it is the most disruptive thing on the screen and the least often wanted.",설정 › 연결은 연결 로그로 종료되고 Restart Home Assistant는 이제 위가 아닌 아래에 표시됩니다. 이는 화면에서 가장 방해가 되고 가장 자주 원하지 않는 것입니다.,don't translate Home Assistant
cr_whats_new_1_0_0,array,16,"The Events tab gives an admin a button straight to Settings › Family Sharing › Events when nothing is being tracked yet, instead of only naming where to go.",이벤트 탭은 관리자에게 어디로 가야 할지 이름만 지정하는 대신 아직 추적 중인 항목이 없는 경우 설정 > 가족 공유 > 이벤트로 바로 이동할 수 있는 버튼을 제공합니다.,
cr_whats_new_1_0_0,array,17,"Entity and domain pickers list what is already selected first, so undoing a choice does not mean hunting for it alphabetically. The order is fixed when the picker opens, so ticking something does not make it jump away from your finger.",엔터티 및 도메인 선택기는 이미 선택된 항목을 먼저 나열하므로 선택을 취소한다고 해서 알파벳순으로 검색하는 것은 아닙니다. 선택기가 열리면 순서가 고정되므로 무언가를 선택해도 손가락에서 튀어나오지 않습니다.,
cr_whats_new_1_0_0,array,18,"A button stack's heading now has explicit Show name and Show icon switches, plus an option to centre them. Clearing the text field used to be the only way to get a stack with no heading, which hid that it was possible and meant losing the name to hide it.",이제 버튼 스택의 제목에는 명시적인 이름 표시 및 아이콘 표시 스위치와 이를 가운데에 배치하는 옵션이 있습니다. 예전에는 텍스트 필드를 지우는 것이 제목 없이 스택을 얻는 유일한 방법이었습니다. 이는 그것이 가능하다는 것을 숨기고 그것을 숨기려면 이름을 잃어버리는 것을 의미했습니다.,
cr_whats_new_beta_18,array,1,"An admin can now change who a published family dashboard is shared with, instead of only being able to choose at the moment of publishing. Settings › Family Sharing › Dashboards lists who each published dashboard reaches, with a Manage access button to add or remove people. Until now the only way to take a dashboard away from one person was to delete it for everybody.*","이제 관리자는 게시 시점에만 선택할 수 있었던 것이 아니라 게시된 가족 대시보드를 공유할 사람을 변경할 수 있습니다. 설정 › 가족 공유 › 대시보드에는 게시된 각 대시보드가 도달하는 사람이 나열되어 있으며, 사람을 추가하거나 제거할 수 있는 액세스 관리 버튼이 있습니다. 지금까지 한 사람에게서 대시보드를 가져오는 유일한 방법은 모든 사람을 위해 대시보드를 삭제하는 것이었습니다.*",
cr_whats_new_beta_18,array,2,"Losing access to a family dashboard now clears what was layered on top of it. The dashboard itself was already removed, but the rooms, widgets, pages, nav bar, header pill and theme it left behind on the device stayed — so the next dashboard an admin shared arrived on top of the previous one's leftovers and looked like it had failed to import in full. Everything that belonged to the revoked dashboard is now removed with it. Home Assistant connections, profiles and notification settings are untouched: losing a dashboard is not being signed out.*","이제 가족 대시보드에 대한 액세스 권한을 잃으면 그 위에 겹쳐진 내용이 지워집니다. 대시보드 자체는 이미 제거되었지만 장치에 남겨진 방, 위젯, 페이지, 탐색 모음, 헤더 알약 및 테마는 그대로 유지되었습니다. 따라서 관리자가 공유한 다음 대시보드는 이전 대시보드의 남은 부분 위에 도착하여 전체 가져오기에 실패한 것처럼 보였습니다. 취소된 대시보드에 속한 모든 항목은 이제 대시보드와 함께 제거됩니다. 홈어시스턴트 연결, 프로필 및 알림 설정은 그대로 유지됩니다. 대시보드를 잃어도 로그아웃되지 않습니다.*",don't translate Home Assistant
cr_whats_new_beta_18,array,3,"New Devices tab under Settings › Family Sharing, showing which HKI version each family device is running and flagging the ones older than yours, with the Home Assistant account, device name, Android version and when it last reported. Each install records this through the HKI 7 Cloud component over the connection the app already uses, so every signed-in device is covered — including one with Location and Notifications both switched off — and nothing is added to Home Assistant's entity list. A device can only ever report itself. An admin can forget a phone that has been replaced; one still in use reappears the next time its app opens. Requires HKI 7 Cloud 0.7.0.*","설정 > 가족 공유 아래의 새 장치 탭은 각 가족 장치가 실행 중인 HKI 버전을 표시하고 홈어시스턴트 계정, 장치 이름, Android 버전 및 마지막 보고 시간과 함께 이전 장치에 플래그를 표시합니다. 각 설치는 앱이 이미 사용하는 연결을 통해 HKI 7 Cloud 구성 요소를 통해 이를 기록하므로 로그인된 모든 장치(위치 및 알림이 모두 꺼진 장치 포함)가 적용되며 Home Assistant의 엔터티 목록에는 아무것도 추가되지 않습니다. 장치는 자체적으로만 보고할 수 있습니다. 관리자는 교체된 전화기를 잊어버릴 수 있습니다. 아직 사용 중인 항목은 다음에 앱이 열릴 때 다시 나타납니다. HKI 7 클라우드 0.7.0이 필요합니다.*","don't translate HKI 7 Cloud, Home Assistant"
cr_whats_new_beta_18,array,4,"An admin can now require the family to update. ""Require everyone to be on this version"" in the Devices tab sets a household minimum; anyone below it gets a full-screen prompt on their next launch instead of the dashboard, with Google Play's in-app update doing the install. There is also a per-device ""Ask to update"" for when one phone is behind rather than everyone, which clears itself once that device updates. No app can install a newer version of itself, so Play does the actual work — which also means the prompt can only insist when Play genuinely has the update ready. When it does not, the prompt explains why and lets you past for that session, rather than locking someone out of their own locks and alarms over an update they cannot get. You can only require a version some family device already runs. Requires HKI 7 Cloud 0.8.0.*","이제 관리자는 가족에게 업데이트를 요구할 수 있습니다. 장치 탭의 ""모든 사람이 이 버전을 사용하도록 요구""는 가구 최소값을 설정합니다. 그 아래에 있는 사람은 다음 실행 시 대시보드 대신 Google Play의 인앱 업데이트를 통해 설치를 수행하는 전체 화면 메시지를 받게 됩니다. 또한 모든 사람이 아닌 하나의 전화기가 뒤에 있는 경우 장치별로 ""업데이트 요청"" 기능이 있으며, 해당 장치가 업데이트되면 자동으로 지워집니다. 어떤 앱도 자체적으로 최신 버전을 설치할 수 없으므로 Play가 실제 작업을 수행합니다. 이는 Play에서 실제로 업데이트가 준비된 경우에만 프롬프트가 표시될 수 있음을 의미합니다. 그렇지 않은 경우 메시지는 이유를 설명하고 업데이트에 대해 자신의 잠금 및 경보를 잠그는 대신 해당 세션을 지나갈 수 있도록 해줍니다. 일부 가족 장치가 이미 실행 중인 버전만 요구할 수 있습니다. HKI 7 클라우드 0.8.0이 필요합니다.*",don't translate HKI 7 Cloud
cr_whats_new_beta_18,array,5,"Each Family Sharing tab now says for itself when it needs a newer HKI 7 Cloud than the one installed, instead of that only appearing in the summary at the top of the screen. Parental controls, Permissions, Presence and Devices each carry the version they need, so it is clear before you configure a tab whose settings the installed component cannot store yet.","이제 각 가족 공유 탭에는 화면 상단의 요약에만 표시되는 대신 설치된 것보다 최신 HKI 7 Cloud가 필요할 때 자체적으로 표시됩니다. 자녀 보호, 권한, 현재 상태 및 장치에는 각각 필요한 버전이 있으므로 설치된 구성 요소가 아직 저장할 수 없는 설정이 있는 탭을 구성하기 전에는 명확합니다.",don't translate HKI 7 Cloud
cr_whats_new_beta_17,array,1,"Fixed a crash that could take the whole app down during the very first connection attempt after opening it, which read as ""the app won't even open"". The setup that runs on every launch had no error handling of its own, so a failure there — usually an expired session being refreshed on a flaky network — escaped as an unhandled error instead of surfacing as a connection error you could retry. As a backstop, an unexpected error on a background task can no longer terminate the app at all.","앱을 연 후 첫 번째 연결 시도 중에 전체 앱이 다운될 수 있는 충돌 문제를 수정했습니다. 이 메시지는 ""앱이 열리지도 않습니다""라고 표시됩니다. 시작할 때마다 실행되는 설정에는 자체 오류 처리가 없었으므로 오류(일반적으로 불안정한 네트워크에서 새로 고쳐지는 만료된 세션)는 재시도할 수 있는 연결 오류로 표시되는 대신 처리되지 않은 오류로 처리되었습니다. 백스톱으로서 백그라운드 작업의 예기치 않은 오류로 인해 더 이상 앱이 종료되지 않습니다.",
cr_whats_new_beta_17,array,2,"The dashboard no longer rebuilds itself every time Home Assistant reports a state change. The home screen tracked the complete entity list, so a single motion sensor tripping or a power meter ticking — several times a second on a busy install — invalidated the whole screen and every widget on it, even when nothing visible had changed. It now watches only what it actually draws.",홈어시스턴트가 상태 변경을 보고할 때마다 대시보드가 더 이상 자체적으로 재구성되지 않습니다. 홈 화면은 전체 엔터티 목록을 추적했기 때문에 단일 모션 센서가 작동하거나 전력 측정기가 똑딱거리는 경우(바쁜 설치에서 1초에 여러 번) 표시되는 항목이 변경되지 않은 경우에도 전체 화면과 그 위의 모든 위젯이 무효화되었습니다. 이제 실제로 그리는 것만 봅니다.,don't translate Home Assistant
cr_whats_new_beta_17,array,3,"Entity icon animations no longer redo layout work on every frame they animate. The spin, pulse and glow effects re-ran the surrounding widget's composition on each animation frame instead of just redrawing the icon, so any dashboard with an active light, an open door or a recording camera paid that cost continuously. The animations look exactly the same.","엔터티 아이콘 애니메이션은 애니메이션을 적용하는 모든 프레임에서 더 이상 레이아웃 작업을 다시 실행하지 않습니다. 회전, 펄스 및 광선 효과는 아이콘을 다시 그리는 대신 각 애니메이션 프레임에서 주변 위젯의 구성을 다시 실행하므로 활성 조명이 있는 대시보드, 열린 문 또는 녹화 카메라가 해당 비용을 지속적으로 지불했습니다. 애니메이션은 완전히 똑같아 보입니다.",
cr_whats_new_beta_17,array,4,"Fixed the app becoming unresponsive — and eventually killed by Android — when opening the history of a busy entity, such as a motion sensor that logs thousands of state changes a day. Matching each history entry to its actor re-scanned and re-parsed the entire logbook's timestamps from scratch for every single entry, work that scaled with history size squared; a quiet entity never noticed, but a busy one could peg the CPU for ten seconds straight. The logbook is now parsed once instead of once per entry, and the whole fetch runs off the main thread.","하루에 수천 건의 상태 변경을 기록하는 모션 센서와 같이 바쁜 엔터티의 기록을 열 때 앱이 응답하지 않고 결국 Android에 의해 종료되는 문제를 수정했습니다. 각 기록 항목을 해당 행위자와 일치시키는 작업은 모든 단일 항목에 대해 전체 로그북의 타임스탬프를 처음부터 다시 스캔하고 다시 구문 분석했으며 작업은 기록 크기의 제곱에 따라 조정되었습니다. 조용한 개체는 이를 전혀 눈치채지 못하지만, 바쁜 개체는 10초 동안 연속으로 CPU를 정지시킬 수 있습니다. 이제 로그북은 항목당 한 번이 아닌 한 번 구문 분석되며 전체 가져오기는 기본 스레드에서 실행됩니다.",
cr_whats_new_beta_17,array,5,"Hardened how the app reads attributes Home Assistant sends for an entity: a value present but shaped unexpectedly (an object or array where a plain number or piece of text was expected) used to throw and crash whatever screen read it, instead of just being treated as missing.",앱이 홈어시스턴트가 엔터티에 대해 보내는 속성을 읽는 방법이 강화되었습니다. 존재하지만 예기치 않게 모양이 지정된 값(일반 숫자 또는 텍스트 조각이 예상되는 객체 또는 배열)은 누락된 것으로 처리되는 대신 화면에서 읽은 모든 항목을 던지고 충돌하는 데 사용됩니다.,don't translate Home Assistant
cr_whats_new_beta_17,array,6,"Fixed ""Push to family dashboard"" reporting a dashboard as already up to date no matter what had changed. A dashboard re-imported after a reinstall is stored locally under a different id than the one the cloud copy is published under, and the push check was still looking up the local export by the cloud id, finding nothing, and silently skipping that dashboard on every push.","변경된 사항에 관계없이 대시보드가 이미 최신 상태라고 보고하는 ""가족 대시보드로 푸시""가 수정되었습니다. 재설치 후 다시 가져온 대시보드는 클라우드 복사본이 게시된 ID와 다른 ID로 로컬에 저장되었으며, 푸시 확인은 여전히 클라우드 ID로 로컬 내보내기를 조회하여 아무 것도 찾지 못하고 푸시할 때마다 자동으로 해당 대시보드를 건너뛰었습니다.",
cr_whats_new_beta_15,array,1,"The Formula 1 widget gains two new tabs and expands two existing ones. Calendar lists the season's races in order, with each circuit and the host country's flag. Grid shows the starting grid, with each driver's move up or down from where they qualified. Standings can now show a championship prediction alongside the points table — current and predicted final points, for drivers or constructors — when F1 Sensor's optional F1TV Auth is set up. Live gains a proper timing list: gap to the leader, interval to the car ahead, tyre compound and stint length, and pit/retired status for every driver, plus which lap the leader is on.","Formula 1 위젯에는 두 개의 새로운 탭이 추가되고 두 개의 기존 탭이 확장됩니다. 달력에는 시즌의 경주가 각 서킷 및 개최국 국기와 함께 순서대로 나열됩니다. 그리드는 각 드라이버가 자격을 갖춘 지점에서 위 또는 아래로 이동하는 시작 그리드를 보여줍니다. F1 센서의 옵션인 F1TV 인증이 설정된 경우 이제 순위표에서 드라이버 또는 컨스트럭터에 대한 현재 및 예상 최종 포인트인 포인트 테이블과 함께 챔피언십 예측을 표시할 수 있습니다. Live는 리더까지의 간격, 앞차와의 간격, 타이어 컴파운드 및 제한 시간, 모든 드라이버의 피트/은퇴 상태, 리더가 어느 랩에 있는지 등 적절한 타이밍 목록을 얻습니다.",
cr_whats_new_beta_15,array,2,"Fixed shared family dashboards failing to update at all once the owner added a widget type introduced in a newer app version, such as the To-Do List or Formula 1 widgets. A single unrecognized widget used to fail the whole dashboard, so a family member on an older build stopped receiving any of that dashboard's changes instead of just missing the new widget. Unrecognized widgets are now skipped individually, so the rest of a shared dashboard keeps working across app versions.",소유자가 할 일 목록 또는 Formula 1 위젯과 같은 최신 앱 버전에 도입된 위젯 유형을 추가하면 공유 가족 대시보드가 전혀 업데이트되지 않는 문제를 수정했습니다. 인식할 수 없는 단일 위젯이 전체 대시보드를 실패시키는 데 사용되었으므로 이전 빌드의 가족 구성원이 새 위젯을 놓치는 대신 해당 대시보드의 변경 사항 수신을 중단했습니다. 인식할 수 없는 위젯은 이제 개별적으로 건너뛰므로 공유 대시보드의 나머지 부분은 앱 버전 전반에 걸쳐 계속 작동합니다.,
cr_whats_new_beta_15,array,3,"The To-Do widget's square card can now feature one whole list instead of items individually flagged high priority. A new Hero list picker in the widget's General tab — shown once it has at least one tab — chooses which list's open items appear on the card, labelled with that list's name, so what you see at a glance is a specific list like Chores rather than a scattered mix pulled from every tab. Deleting a tab that's currently the hero list clears the setting automatically.",To-Do 위젯의 정사각형 카드는 이제 개별적으로 높은 우선순위로 표시된 항목 대신 하나의 전체 목록을 표시할 수 있습니다. 위젯의 일반 탭에 있는 새로운 영웅 목록 선택기(탭이 하나 이상 있을 때 표시됨)는 해당 목록의 이름으로 레이블이 지정된 카드에 표시되는 목록의 열린 항목을 선택하므로 모든 탭에서 가져온 흩어져 있는 믹스가 아니라 집안일과 같은 특정 목록을 한 눈에 볼 수 있습니다. 현재 Hero 목록인 탭을 삭제하면 설정이 자동으로 지워집니다.,
cr_whats_new_beta_15,array,4,"Fixed the app crashing whenever it needed to reconnect to Home Assistant or the connection failed. The in-app push-notification channel ran its subscription in a way that let a dropped connection's error skip past the surrounding error handling entirely and crash the app outright. A separate mismatch also meant every single reconnect immediately tore the whole sync stack down and rebuilt it a second time, racing its own freshly made connection. Both are fixed.",홈어시스턴트에 다시 연결해야 하거나 연결이 실패할 때마다 앱이 충돌하는 문제를 수정했습니다. 인앱 푸시 알림 채널은 끊어진 연결의 오류가 주변 오류 처리를 완전히 건너뛰고 앱이 완전히 충돌하도록 하는 방식으로 구독을 실행했습니다. 별도의 불일치는 또한 모든 단일 재연결이 즉시 전체 동기화 스택을 찢어서 두 번째로 다시 구축하여 새로 만들어진 연결을 경주한다는 것을 의미했습니다. 둘 다 고정되어 있습니다.,don't translate Home Assistant
cr_whats_new_beta_14,array,1,"Settings › Family Sharing now shows which HKI 7 Cloud version is installed, and — if it's behind — exactly which family features that leaves unavailable, each labelled with the version that unlocks it. Previously the only way to find out a component was out of date was to hit a save that silently dropped part of what you configured.*","설정 › 가족 공유에는 이제 설치된 HKI 7 Cloud 버전이 표시되고, 버전이 뒤떨어져 있는 경우 정확히 어떤 가족 기능을 사용할 수 없는지 표시되며 각 기능에는 잠금을 해제하는 버전이 표시됩니다. 이전에는 구성 요소가 오래되었는지 확인하는 유일한 방법은 구성한 내용의 일부를 자동으로 삭제하는 저장을 누르는 것뿐이었습니다.*",don't translate HKI 7 Cloud
cr_whats_new_beta_14,array,2,"New To-Do List widget: a shared checklist or shopping list the whole family can add to. Items support an optional quantity, category, priority (low, normal or high, shown as a flag) and due date, with Added by and Checked by attribution when more than one person edits the list. Choose Manual, A–Z, Priority, or Newest-first ordering, and filter between To do, All, and Done from the dialog. Editing can be limited to everyone, specific family members picked from the real Home Assistant user list, or admins only, enforced the same way the rest of the app's family permissions are. It follows the same design as every other widget, with the usual General, Permissions, Appearance and Visibility settings tabs.","새로운 할 일 목록 위젯: 온 가족이 추가할 수 있는 공유 체크리스트 또는 쇼핑 목록입니다. 항목은 선택적인 수량, 카테고리, 우선순위(낮음, 보통 또는 높음, 플래그로 표시됨) 및 기한을 지원하며 두 명 이상의 사람이 목록을 편집할 때 속성에 의해 추가됨 및 확인됨을 포함합니다. 수동, A–Z, 우선 순위 또는 최신 항목부터 순서를 선택하고 대화 상자에서 할 일, 모두, 완료 간에 필터링합니다. 편집은 모든 사람, 실제 홈어시스턴트 사용자 목록에서 선택한 특정 가족 구성원 또는 관리자에게만 제한될 수 있으며 앱의 나머지 가족 권한과 동일한 방식으로 시행됩니다. 일반적인 일반, 권한, 모양 및 가시성 설정 탭을 포함하여 다른 모든 위젯과 동일한 디자인을 따릅니다.",don't translate Home Assistant
cr_whats_new_beta_14,array,3,"Room following can now be set to only place someone in the right room when the app starts, without tracking them for the rest of the session. The existing Ask before switching rooms switch only chose between asking and switching silently; there was no way to get the one-time placement without the app continuing to follow every move afterward. A new Keep following while the app is open switch under each person's room-following settings turns that continued tracking off on its own, leaving Open their room when the app starts to do the one placement it always did.*",이제 앱이 시작될 때 나머지 세션 동안 추적하지 않고 올바른 방에만 누군가를 배치하도록 방 팔로우를 설정할 수 있습니다. 기존 룸 전환 전 확인 스위치는 요청과 자동 전환 중에서만 선택했습니다. 앱이 이후의 모든 움직임을 계속해서 따르지 않으면 일회성 배치를 얻을 수 있는 방법이 없었습니다. 각 사람의 방 추적 설정 아래에 있는 앱이 열려 있는 동안 계속 추적하는 새로운 스위치는 계속해서 자체적으로 추적을 끄고 앱이 시작되면 항상 그랬던 것처럼 방을 열어줍니다.*,
cr_whats_new_beta_14,array,4,"New Formula 1 widget, for the F1 Sensor integration. The card shows the next race with a countdown and the circuit outline; opening it gives four tabs — Next race with the full session schedule and trackside weather, Standings for drivers and constructors, Results for the last grand prix with places gained or lost, and a Live tab that appears only while a session is running, showing the flag and race control messages. It finds its sensors on its own: F1 Sensor lets you rename its entities and pick a language, so the widget matches on the integration's stable internal keys rather than entity ids.","F1 Sensor 통합을 위한 새 포뮤러 1 위젯입니다. 카드에는 다음 레이스와 카운트다운, 서킷 윤곽이 표시됩니다. 열면 네 개의 탭이 있습니다 — 전체 세션 일정과 서킷 날씨가 담긴 “다음 레이스”, 드라이버와 컨스트럭터 “순위”, 순위 변동을 함께 보여주는 직전 그랑프리의 “결과”, 그리고 세션 중에만 나타나 깃발과 레이스 컨트롤 메시지를 보여주는 “라이브”입니다. 센서는 스스로 찾습니다. F1 Sensor는 엔티티 이름 변경과 언어 선택을 허용하므로, 위젯은 엔티티 ID가 아니라 통합의 고정된 내부 키로 매칭합니다.",
cr_whats_new_beta_14,array,5,"New Find my devices widget: a map of your phones, watches, tags and trackers. Add any device_tracker or person entity; the ones reporting GPS appear as pins on the map, the rest are still listed with their state. Tick as many as you like to show them together, or leave nothing ticked to see everything. Three filters narrow the list: All, Devices, and People. The card follows the same design as the other widgets, so background image, icon, width, shape and corner radius all work as you would expect.","새로운 “내 기기 찾기” 위젯: 휴대폰, 시계, 태그, 트래커를 지도에 보여줍니다. device_tracker 또는 person 엔티티를 추가하면 GPS를 보고하는 것은 지도에 핀으로, 나머지도 상태와 함께 목록에 표시됩니다. 원하는 만큼 선택해 함께 볼 수 있고, 아무것도 선택하지 않으면 전체가 표시됩니다. 필터는 전체, 기기, 사람 세 가지입니다. 카드는 다른 위젯과 동일한 디자인을 따르므로 배경 이미지, 아이콘, 너비, 모양, 모서리 반경이 그대로 작동합니다.",
cr_whats_new_beta_14,array,6,"The maps in the app no longer look like a printed atlas. HKI now uses the same muted CARTO basemap that Home Assistant's own map card uses, instead of the standard OpenStreetMap rendering, which was designed as a mapper's reference render rather than a background for an app. It also has a proper dark variant, so the map finally follows your theme instead of glowing white inside a dark dialog.","앱의 지도가 더 이상 인쇄된 지도책처럼 보이지 않습니다. 표준 OpenStreetMap 렌더링은 지도 제작자용 참조 렌더링이지 앱 배경용이 아니므로, 이제 Home Assistant의 지도 카드와 같은 차분한 CARTO 베이스맵을 씁니다. 제대로 된 다크 변형도 있어 어두운 대화상자에서 하얀게 빛나지 않고 테마를 따릅니다.",don't translate Home Assistant
cr_whats_new_beta_14,array,7,"Fixed room following doing nothing at all once Ask before switching rooms was turned off. That switch was being treated as a master off-switch for the whole feature, so with prompting disabled the app neither asked nor moved. It now does what it says: with prompting on you get the prompt, with it off the room simply opens. Don't ask again until I restart still stops both, since trading a prompt for a surprise jump would be worse.","“방을 바꾸기 전에 물어보기”를 끔 뒤 방 따라가기가 아무것도 하지 않던 문제를 고쳤습니다. 이 스위치가 기능 전체의 주 스위치처럼 취급되어, 물어보기를 끄면 물어보지도 전환하지도 않았습니다. 이제 이름대로 동작합니다: 켜면 물어보고, 끄면 방이 그냥 열립니다. “재시작할 때까지 묻지 않기”는 여전히 둘 다 멈춥니다.",
cr_whats_new_beta_14,array,8,"Fixed the waste widget's settings dialog being cut off around two thirds of the way down while empty space sat below it. The dialog reserves a tall card but its contents were capped at a fixed height, so the scroll area stopped short of the space available. Both the settings dialog and the waste dialog itself now use the full height.",쓰레기 위젯 설정 대화상자가 아래에 빈 공간을 두고 3분의 2 지점에서 잘리던 문제를 고쳤습니다. 대화상자는 높은 카드를 확보하지만 내용이 고정 높이로 제한되어 스크롤 영역이 가용 공간에 미치지 못했습니다. 두 대화상자 모두 이제 전체 높이를 씁니다.,
cr_whats_new_beta_14,array,9,"The waste dialog's calendar can now look 7, 14 or 28 days ahead, and is drawn as a week grid like the calendar widget rather than a flat list: weekday columns, one row per week, and a coloured dot per collection in its fraction's colour. Tap a day to see what is collected then; it opens on the next day with a collection.","쓰레기 대화상자의 달력이 7・14・28일 앞까지 볼 수 있으며, 평범한 목록 대신 달력 위젯처럼 주단위 그리드로 그려집니다: 요일 열, 주당 한 행, 수거마다 해당 분류 색의 점. 날짜를 탭하면 그날 무엇을 수거하는지 보이며, 다음 수거일로 열립니다.",
cr_whats_new_beta_14,array,10,"Parcel dialogs now say Today or Tomorrow instead of naming the weekday. The whole question a delivery date answers is how soon, and “Wednesday” on a Wednesday made you work that out yourself.","택배 대화상자가 요일 이름 대신 오늘 또는 내일을 표시합니다. 배송일이 답하는 질문은 “얼마나 빨리”이며, 수요일에 “수요일”은 직접 계산하게 만들었습니다.",
cr_whats_new_beta_14,array,11,"The +2 bubble in the header, shown when there are more people than fit, now opens. Tapping it lists everyone with their name and state, and picking someone opens their detail dialog as usual. Previously those people were simply unreachable on a narrow header.","헤더에 다 들어가지 않을 때 나타나는 “+2” 버블이 이제 동작합니다. 탭하면 이름과 상태와 함께 모두가 나열되고, 선택하면 평소처럼 상세 대화상자가 열립니다. 이전에는 좁은 헤더에서 그 사람들에게 전혀 접근할 수 없었습니다.",
cr_whats_new_beta_14,array,12,"Fixed the map in the person dialog overflowing the dialog on a tablet or unfolded foldable. The map was drawn as a square as wide as the dialog, so on a 620dp-wide card it became 620dp tall and pushed the address off the bottom. It now takes the height left over instead.","인물 대화상자의 지도가 태블릿과 펼친 폴더블에서 대화상자를 벗어나던 문제를 고쳤습니다. 지도가 대화상자 너비와 같은 정사각형으로 그려져, 620dp 너비 카드에서는 높이도 620dp가 되어 주소를 밀어냈습니다. 이제 남은 높이를 씁니다.",
cr_whats_new_beta_14,array,13,"Fixed notifications going undelivered while Home Assistant reported the device as not connected to local push notifications, even with the app open. The app stood aside for its background connection whenever the settings said that connection should be running — but when Android refused to start it, such as after a reboot, nothing was listening at all. The app now checks whether that connection is really running rather than whether it is meant to be, takes over when it is not, and hands the channel back the moment it does come up.","앱이 열려 있는데도 Home Assistant가 기기를 로컴 푸시 알림에 연결되지 않음으로 보고하고 알림이 전달되지 않던 문제를 고쳤습니다. 설정상 백그라운드 연결이 실행되어야 한다고만 하면 앱이 물러났기 때문에, 재부팅 후처럼 Android가 그 시작을 거부하면 아무도 수신하지 않았습니다. 이제는 “실행되어야 하는지”가 아니라 “실제로 실행 중인지”를 확인하고, 아니면 앱이 직접 맡으며, 연결이 올라오는 즉시 채널을 돌려줍니다.",don't translate Home Assistant
cr_whats_new_beta_14,array,14,"Fixed room-following settings not taking effect on the device you changed them from. Turning following off, or changing how long a room must hold before it counts as a move, was written to the companion component but not to the device's own cached copy — so it kept following, and kept using the old dwell time, until the app was next started. Changes now apply immediately. The dwell slider also no longer offers zero seconds, which made the very first sensor reading count as a move.","방 따라가기 설정을 변경한 기기에서 그 변경이 적용되지 않던 문제를 고쳤습니다. 따라가기를 끄거나 이동으로 간주하기까지의 체류 시간을 바꿔도 컴패니언 구성요소에만 기록되고 기기의 캐시에는 반영되지 않아, 앱을 다시 시작할 때까지 예전 설정으로 계속 따라갔습니다. 이제 변경은 즉시 적용됩니다. 슬라이더에서 0초도 선택할 수 없게 됐습니다. 첫 센서 값만으로 이동으로 잡힌 원인이었습니다.",
cr_whats_new_beta_14,array,15,"The Formula 1 card now says one thing: the next grand prix and when it is — “Today 15:00” on the day, otherwise the date and time, in your own timezone. Track status is gone from it, because outside a session that read “Not running”, which is not what anyone glances at the card for. The status sits in the same dark pill the camera, vacuum and waste cards use, so it lines up with the rest of your dashboard again. The circuit outline stays as a faint watermark and the host country flag in the corner. The widget also no longer asks which F1 instance to use — it reads everything the integration publishes, so the dialog always has the full picture.","F1 카드는 이제 한 가지만 말합니다. 다음 그랑프리와 그 시점 — 당일이면 “오늘 15:00”, 그 외에는 날짜와 시간을 사용자 시간대로 보여줍니다. 트랙 상태는 카드에서 빠졌습니다. 세션이 아닐 때는 “진행 중 아님”이라고만 나오고, 그걸 보려고 카드를 보는 사람은 없습니다. 상태는 카메라・청소기・쓰레기 카드와 같은 어두운 알약 모양 안에 들어가 대시보드의 나머지와 다시 맞물립니다. 서킷 윤곽은 은은한 워터마크로, 개최국 국기는 모서리에 남습니다. 또한 어느 F1 인스턴스를 쓸지 더 이상 묻지 않고 통합이 공개하는 모든 것을 읽으므로 대화상자에는 항상 전체가 들어 있습니다.",
cr_whats_new_beta_14,array,16,"The To-Do List dialog's undo/redo and Close buttons moved from the title row to the bottom action bar, matching every other dialog in the app.",할 일 목록 대화 상자의 실행 취소/다시 실행 및 닫기 버튼이 제목 행에서 하단 작업 표시줄로 이동하여 앱의 다른 모든 대화 상자와 일치합니다.,
cr_whats_new_beta_14,array,17,* HKI 7 Cloud Component integration required.,* HKI 7 Cloud Component 통합이 필요합니다.,don't translate HKI 7 Cloud
cr_whats_new_beta_13,array,1,"HKI can now follow you from room to room. Point it at a room-presence sensor such as ESPresense and it opens the room you are in when the app starts, then offers to switch views when you move somewhere else. Rooms also gain a purple counter showing how many people are in them, beside the motion and presence counters. An admin sets this up for the whole family under Settings › Family Sharing › Presence: pick each person's sensor and how long a new room must hold before it counts as a move. Sensor rooms named after your Home Assistant areas are matched automatically.*","HKI가 방에서 방으로 따라갈 수 있습니다. ESPresense 같은 재실 센서를 지정하면 앱을 시작할 때 현재 있는 방이 열리고, 다른 곳으로 이동하면 화면을 전환할지 물어봅니다. 각 방에는 동작 및 재실 카운터 옆에 그 방에 있는 사람 수를 보여 주는 보라색 카운터도 표시됩니다. 관리자는 설정 › 가족 공유 › 재실에서 가족 전체를 한 번에 설정합니다. 각 사람의 센서와 새 방이 이동으로 인정되기까지의 대기 시간을 정할 수 있습니다. Home Assistant 영역과 이름이 같은 센서 방은 자동으로 일치합니다.*",don't translate Home Assistant
cr_whats_new_beta_13,array,2,"Notifications from Home Assistant can now carry action buttons. Add actions to a notify.mobile_app_… message and each one appears on the notification; tapping it sends the action back to Home Assistant, where an automation can respond. The buttons also appear on the in-app banner and in the notification drawer, because HKI hides system notifications while it is open. A URI action opens its link, a REPLY action takes a typed answer, and an action tapped while offline is delivered once the connection returns. Each notification can be actioned once.","Home Assistant 알림에 작업 버튼을 표시할 수 있습니다. notify.mobile_app_… 메시지에 actions를 추가하면 각 버튼이 알림에 나타나고, 탭하면 해당 작업이 Home Assistant로 다시 전송되어 자동화에서 처리할 수 있습니다. HKI는 앱이 열려 있는 동안 시스템 알림을 표시하지 않으므로 이 버튼은 앱 내 배너와 알림 서랍에도 표시됩니다. URI 작업은 링크를 열고, REPLY 작업은 입력한 답장을 보내며, 오프라인에서 탭한 작업은 연결이 복구되면 전송됩니다. 각 알림의 작업은 한 번만 사용할 수 있습니다.",don't translate Home Assistant
cr_whats_new_beta_13,array,3,"New Action button: a button that needs no entity at all. Give it a name, an icon, and whatever tap, hold, or double-tap action you like — navigate to a view or room, call a Home Assistant action, open a URL or a custom popup. Add one from the widget picker, from a button stack, or as an action badge in the badge area beside the header.","새 기능: 엔티티가 전혀 필요 없는 ‘액션 버튼’. 이름과 아이콘을 지정하고 탭, 길게 누르기, 두 번 탭에 원하는 동작을 연결하세요. 화면이나 방으로 이동하거나, Home Assistant 동작을 실행하거나, URL 또는 사용자 지정 팝업을 열 수 있습니다. 위젯 선택기, 버튼 스택, 또는 헤더 옆 배지 영역의 액션 배지로 추가합니다.",don't translate Home Assistant
cr_whats_new_beta_13,array,4,"Icon-only buttons can now be sized. Auto shrinks the icon as a stack gains columns, which is what makes icon-only usable in the four-, five-, and six-column custom popups where a fixed-size icon used to overflow the button. A button can also be given its own size.","아이콘만 표시하는 버튼의 크기를 설정할 수 있습니다. 자동은 스택의 열이 늘어날수록 아이콘을 줄여, 고정 크기로는 넘치던 4~6열 팝업에서도 아이콘 전용을 쓸 수 있게 합니다. 버튼마다 고유한 크기도 지정할 수 있습니다.",
cr_whats_new_beta_13,array,5,"Button stacks can push their appearance onto every button they hold: one Icon only for every button switch instead of the same switch on twenty buttons, plus an icon size they all inherit. A single button can still override the size.","버튼 스택은 포함된 모든 버튼에 외형을 적용할 수 있습니다. 버튼 스무 개에 같은 스위치를 켜는 대신 “모든 버튼을 아이콘만 표시” 스위치 하나면 되고, 아이콘 크기도 모두 물려받습니다. 개별 버튼은 여전히 크기를 덮어쓸 수 있습니다.",
cr_whats_new_beta_13,array,6,"The quick start guide can be browsed by hand. Swipe the gesture preview, tap a dot, or tap any tip to jump to it. It still plays on its own until you take over.",빠른 시작 가이드를 직접 넘길 수 있습니다. 제스처 미리보기를 밀거나 점 또는 항목을 탭하면 해당 위치로 이동합니다. 직접 조작하기 전까지는 계속 자동 재생됩니다.,
cr_whats_new_beta_13,array,7,"Fixed the waste widget showing the wrong icon and colour for every collection type outside Dutch: the type was matched against the translated label, so PMD shown as Packaging fell through to a generic grey-blue bin. PMD is orange with a recycling symbol again.",폐기물 위젯이 네덜란드어 외 언어에서 모든 종류에 잘못된 아이콘과 색을 표시하던 문제를 수정했습니다. 종류를 번역된 이름과 비교해서 Packaging으로 표시된 PMD가 일반 회청색 쓰레기통으로 처리됐습니다. PMD는 다시 재활용 기호가 있는 주황색입니다.,
cr_whats_new_beta_13,array,8,"Fixed the room-following prompt appearing after Ask before switching rooms was turned off, and for the room already on screen. It now also offers Don't ask again until I restart the app, and the wait time can be set whether or not prompting is on.","“방을 전환하기 전에 묻기”를 끈 뒤에도 방 이동 확인이 나타나던 문제와 이미 열려 있는 방에 대해 묻던 문제를 수정했습니다. 이제 “앱을 다시 시작할 때까지 묻지 않기”도 제공하며, 대기 시간은 설정과 무관하게 조정할 수 있습니다.",
cr_whats_new_beta_13,array,9,"Flows can express Any of these and nested logic, not just a flat list of ANDs. A group opens into its own list with a breadcrumb, and groups can hold groups, so motion detected AND (after sunset OR guest mode on) is buildable. It is the same structure Home Assistant's own editor writes, so a flow made in HA that used OR is no longer an untouchable advanced block.","플로우에서 “다음 중 하나”와 중첩 논리를 표현할 수 있습니다. 이제 AND의 평면 목록만이 아닙니다. 그룹은 경로 표시와 함께 자체 목록으로 열리고 그룹 안에 그룹을 둘 수 있어 “움직임 감지 그리고 (일몰 이후 또는 게스트 모드 켜짐)”을 만들 수 있습니다. Home Assistant 자동화 편집기가 쓰는 것과 같은 구조라, HA에서 OR로 만든 플로우도 더 이상 손댈 수 없는 고급 블록이 아닙니다.",don't translate Home Assistant
cr_whats_new_beta_13,array,10,"Thermostat dials on the Climate view no longer squeeze six across a landscape foldable. Dials hold at four per row until the window is genuinely desktop-wide, so each keeps enough width to read.",기후 화면의 온도 조절 다이얼이 가로 모드 폴더블에서 여섯 개씩 붙어 좁아지지 않습니다. 창이 충분히 넓어질 때까지 한 줄에 네 개를 유지해 각 다이얼이 읽을 수 있는 너비를 지킵니다.,
cr_whats_new_beta_13,array,11,"The Waiting for notifications message now has a Hide this notification button that jumps straight to its Android channel settings, where switching the channel off hides it for good while the connection keeps working. Android will not let a background connection run without a visible notification, so this is as far as muting can go. It also switches itself on when you have more than one Home Assistant server.",“알림 대기 중” 메시지에 Android 채널 설정으로 바로 가는 “이 알림 숨기기” 버튼이 생겼습니다. 거기서 채널을 끄면 연결은 계속 동작한 채 알림만 완전히 사라집니다. Android는 보이는 알림 없이 백그라운드 연결을 허용하지 않으므로 이것이 음소거의 한계입니다. Home Assistant 서버가 둘 이상이면 자동으로 켜지기도 합니다.,don't translate Home Assistant
cr_whats_new_beta_13,array,12,"The vacuum widget can now draw a Valetudo map itself. Choose Valetudo map as the button image and point it at your robot's map camera: HKI reads the map data Valetudo hides inside that camera's PNG and draws the floor, walls, rooms, the robot, its dock and the path it has taken. No add-on, custom component or extra Home Assistant integration is involved, and the map refreshes on its own while the robot is cleaning.","청소기 위젯이 이제 Valetudo 지도를 직접 그립니다. 버튼 이미지로 Valetudo 지도를 고르고 로봇의 지도 카메라를 지정하면, Valetudo가 해당 카메라의 PNG 안에 숨겨둔 지도 데이터를 HKI가 읽어 바닥, 벍, 방, 로봇, 충전스테이션, 지나온 경로를 그립니다. 애드온이나 커스텀 컴포넌트, 추가 Home Assistant 통합이 필요 없으며 청소 중에는 지도가 자동으로 갱신됩니다.","don't translate Home Assistant, Valetudo"
cr_whats_new_beta_13,array,13,"Tap a room on the Valetudo map to send the robot to clean it. Rooms use the names you gave them in Valetudo. Cleaning a single room goes through Home Assistant's clean_area action, so first map the robot's segments to your areas in Home Assistant — until you do, the map says so instead of leaving the tap doing nothing.","Valetudo 지도에서 방을 탭하면 로봇이 그 방을 청소합니다. 방 이름은 Valetudo에서 지정한 이름을 씁니다. 한 방만 청소하는 것은 Home Assistant의 clean_area 액션을 거치므로, 먼저 Home Assistant에서 로봇의 세그먼트를 영역에 매핑하세요. 그전까지는 탭을 무시하지 않고 지도가 이를 알려줍니다.","don't translate Home Assistant, Valetudo"
cr_whats_new_beta_13,array,14,"The vacuum settings now warn that plain Map camera on a Valetudo map entity shows a blank tile. Valetudo deliberately does not render the map on the robot, so its PNG is only a container for the data — Valetudo map is the mode that shows something.",청소기 설정에 Valetudo 지도 엔티티에 일반 지도 카메라를 쓰면 빈 타일이 나온다는 경고를 추가했습니다. Valetudo는 의도적으로 로봇에서 지도를 그리지 않으며 PNG는 데이터의 컨테이너일 뿐입니다. 실제로 보이는 것은 Valetudo 지도 모드입니다.,don't translate Valetudo
cr_whats_new_beta_13,array,15,"The vacuum dialog now shows a Valetudo map whenever the map camera you picked actually carries one, whatever the button image is set to — the button image only decides how the tile on the dashboard looks. Cameras that turn out not to be Valetudo maps still show their picture, and HKI stops re-checking once it knows.","청소기 대화상자는 이제 선택한 지도 카메라가 실제로 지도 데이터를 담고 있으면 버튼 이미지 설정과 관계없이 Valetudo 지도를 보여줍니다. 버튼 이미지는 대시보드 타일의 모양만 결정합니다. Valetudo 지도가 아닌 카메라는 그대로 영상을 보여주며, 한번 판별되면 다시 확인하지 않습니다.",don't translate Valetudo
cr_whats_new_beta_13,array,16,"The robot image now spins while the vacuum is cleaning or returning to its dock, using the same icon animation settings as the rest of the app. A button's own animation setting still overrides it, and Off keeps it still.","로봇 이미지가 청소 중이거나 도킹 스테이션으로 돌아가는 동안 회전합니다. 앱의 다른 곳과 동일한 아이콘 애니메이션 설정을 따르며, 버튼별 설정이 우선합니다. 끕으로 두면 움직이지 않습니다.",
cr_whats_new_beta_13,array,17,* HKI 7 Cloud Component integration required.,* HKI 7 Cloud Component 통합이 필요합니다.,don't translate HKI 7 Cloud
cr_whats_new_beta_12,array,1,"Button widgets and button stacks can now hold an empty, fully transparent button. It takes up a grid cell without drawing anything, so the buttons around it line up exactly where you want them.",버튼 위젯과 버튼 스택에 완전히 투명한 빈 버튼을 넣을 수 있습니다. 아무것도 그리지 않고 격자 한 칸을 차지하므로 주변 버튼을 원하는 위치에 정확히 맞출 수 있습니다.,
cr_whats_new_beta_12,array,2,Buttons can show just their icon. The new Icon only switch under a button's Appearance settings drops the name and state and centers a larger icon on the button.,버튼에 아이콘만 표시할 수 있습니다. 버튼의 모양 설정에 있는 새 ‘아이콘만’ 스위치를 켜면 이름과 상태가 사라지고 더 큰 아이콘이 가운데에 배치됩니다.,
cr_whats_new_beta_12,array,3,"New Custom popup action for buttons, badges, and dialog buttons. Point any tap, hold, or double tap at a popup you build yourself: it opens with the usual dialog title, status, history, and close controls, and you fill it with any widget the app offers. Popups are listed under Settings › Appearance › Popups, where Edit contents opens one ready to arrange. Popups are shared, so several buttons can open the same one, and stacks inside a popup can use up to six columns instead of three. While a popup is being arranged, a Done button sits beside Add widget to leave edit mode without closing it.","버튼, 배지, 대화상자 버튼에 사용자 지정 팝업 동작이 추가되었습니다. 탭, 길게 누르기, 두 번 탭을 직접 구성한 팝업에 연결하세요. 팝업은 평소와 같은 제목, 상태, 기록, 닫기 컨트롤과 함께 열리며 앱의 모든 위젯으로 채울 수 있습니다. 팝업은 설정 › 모양 › 팝업에 표시되며 ‘내용 편집’으로 바로 정리할 수 있게 열립니다. 팝업은 공유되므로 여러 버튼이 같은 팝업을 열 수 있고, 팝업 안의 스택은 3열 대신 최대 6열까지 사용할 수 있습니다. 팝업을 정리하는 동안에는 위젯 추가 옆에 완료 버튼이 있어 닫지 않고 편집 모드를 끝낼 수 있습니다.",
cr_whats_new_beta_12,array,4,"Fixed the Energy detail views (Solar, Electricity, Gas, Water, City heating, Battery) drawing their cards flush against each other with their headings missing. Production, Forecast, Inverters and the rest were hidden behind the card below them; the cards now keep their headings and the usual spacing.","에너지 세부 화면(태양광, 전기, 가스, 수도, 지역난방, 배터리)에서 카드가 제목 없이 서로 붙어 표시되던 문제를 수정했습니다. ‘생산’, ‘예보’, ‘인버터’ 등의 제목이 아래 카드 뒤에 가려져 있었습니다. 이제 카드가 제목과 평소의 간격을 유지합니다。",
cr_whats_new_beta_12,array,5,"Fixed Parental Controls refusing to save. An out-of-date HKI 7 Cloud component rejects the Visible and Invisible lists, which used to fail the whole policy; the permissions now save regardless and the message says the component needs updating. Those lists only filter entity lists such as global search — a button on a family dashboard stays visible unless it is hidden for that person explicitly.*","자녀 보호 기능이 저장되지 않던 문제를 수정했습니다. 오래된 HKI 7 Cloud 구성 요소는 표시 및 숨김 목록을 거부하여 이전에는 정책 전체가 실패했습니다. 이제 권한은 그대로 저장되고 구성 요소를 업데이트해야 한다는 메시지가 표시됩니다. 이 목록은 전체 검색 같은 엔티티 목록만 필터링하며, 가족 대시보드의 버튼은 해당 사용자에게 명시적으로 숨기지 않는 한 계속 표시됩니다.*",don't translate HKI 7 Cloud
cr_whats_new_beta_12,array,6,* HKI 7 Cloud Component integration required.,* HKI 7 Cloud Component 통합이 필요합니다.,don't translate HKI 7 Cloud
cr_whats_new_beta_11,array,1,"Rooms, Climate, Security, Energy, and Battery dashboards now make better use of tablets and foldables. Large cards follow the Home and individual-room 1/2/3-column layout, while compact tiles auto-fit without becoming cramped. Climate, Security, and Energy cards use a height-aware masonry layout on wider displays, eliminating large gaps below shorter cards.","방, 공조, 보안, 에너지 및 배터리 대시보드가 이제 태블릿과 폴더블 화면을 더 효율적으로 활용합니다. 큰 카드는 홈 화면과 개별 방처럼 1~3열 레이아웃을 사용하고, 작은 타일은 비좁아지지 않도록 자동으로 맞춰집니다. 넓은 화면에서는 공조, 보안 및 에너지 카드가 높이를 고려한 메이슨리 레이아웃을 사용하여 짧은 카드 아래의 큰 빈 공간을 없앱니다.",
cr_whats_new_beta_11,array,2,State-colored icons on entity buttons and header/status pills now preserve their semantic hue while automatically shifting lighter or darker when they would blend into the current theme.,엔터티 버튼과 헤더/상태 배지의 상태 색상 아이콘은 의미 있는 색조를 유지하면서 현재 테마와 겹쳐 보일 때 자동으로 더 밝거나 어둡게 조정됩니다.,
cr_whats_new_beta_11,array,3,"Selecting a family dashboard during onboarding now subscribes that installation to it. Owner edits are published when Save or Done is tapped, active clients refresh immediately, and offline clients reconcile when reopened. Non-admin subscribers cannot create or duplicate dashboards unless the app is fully reset.*","초기 설정에서 가족 대시보드를 선택하면 해당 설치가 이제 대시보드를 구독합니다. 소유자가 저장 또는 완료를 누르면 변경 사항이 게시되고, 활성 클라이언트는 즉시 새로 고쳐지며 오프라인 클라이언트는 다시 열 때 동기화됩니다. 관리자가 아닌 구독자는 앱을 완전히 초기화하기 전까지 대시보드를 만들거나 복제할 수 없습니다.*",
cr_whats_new_beta_11,array,4,"Dashboard setup during onboarding can now restore a local, Google Drive, or Home Assistant backup. New Google Drive and Home Assistant backups use consistent, informative names containing the app version and creation date.*","초기 설정의 대시보드 구성 화면에서 이제 로컬, Google Drive 또는 Home Assistant 백업을 복원할 수 있습니다. 새 Google Drive 및 Home Assistant 백업은 앱 버전과 생성 날짜가 포함된 일관되고 알아보기 쉬운 이름을 사용합니다.*","don't translate Home Assistant, Google Drive"
cr_whats_new_beta_11,array,5,"Calendar widgets become vertically scrollable when their height is too small for every event, and hidden Home widgets are removed from the layout instead of leaving an empty space.","캘린더 위젯 높이가 모든 일정을 표시하기에 부족하면 세로로 스크롤할 수 있으며, 숨겨진 홈 위젯은 빈 공간을 남기지 않고 레이아웃에서 제거됩니다.",
cr_whats_new_beta_11,array,6,"Parcel carrier cards now show the earliest expected delivery date and time for active incoming or outgoing shipments, including integrations that expose a separate next-delivery sensor.",택배사 카드에 진행 중인 수신 또는 발송 배송의 가장 빠른 예상 배달 날짜와 시간이 표시됩니다. 별도의 다음 배달 센서를 제공하는 연동도 지원합니다.,
cr_whats_new_beta_11,array,7,"Family permissions can now independently allow dashboard switching and creation. Fully restricted subscribers see a locked Dashboard settings tab; onboarding removes its placeholder dashboard when switching is denied, and a deleted family dashboard opens a permission-aware recovery screen instead of silently creating a replacement.*","가족 권한에서 이제 대시보드 전환과 생성을 각각 허용할 수 있습니다. 둘 다 제한된 구독자는 잠긴 대시보드 설정을 보게 됩니다. 전환이 금지되면 초기 설정에서 임시 대시보드를 제거하고, 가족 대시보드가 삭제되면 대체 항목을 자동으로 만들지 않고 권한에 맞는 복구 화면을 엽니다.*",
cr_whats_new_beta_11,array,8,"Family permissions now also control manual re-importing. Non-admins cannot open Family Sharing settings, disabled onboarding choices explain why they are unavailable, and aesthetics-only editors see only visual controls. Their local names, icons, colors, backgrounds, styles, sizes, and layouts take priority when owner updates arrive.*","이제 가족 권한으로 수동 다시 가져오기도 제어할 수 있습니다. 관리자가 아닌 사용자는 가족 공유 설정을 열 수 없고, 초기 설정에서 비활성화된 선택 항목에는 사용할 수 없는 이유가 표시됩니다. 외관만 편집할 수 있는 사용자는 시각적 설정만 볼 수 있으며, 소유자 업데이트가 도착해도 로컬 이름, 아이콘, 색상, 배경, 스타일, 크기 및 레이아웃이 우선 적용됩니다.*",
cr_whats_new_beta_11,array,9,"Climate sensor/device tabs, Security groups, and every Energy detail tab now follow the same responsive one-, two-, or three-column masonry rules, including their edit and reorder layouts.","기후 센서/기기 탭, 보안 그룹 및 모든 에너지 세부 탭이 편집과 순서 변경 화면을 포함해 동일한 1~3열 반응형 Masonry 규칙을 따릅니다.",
cr_whats_new_beta_11,array,10,Aesthetics-only family editors can no longer change header-pill configuration or the dashboard's people; those functional settings remain controlled by the owner.*,외관만 편집할 수 있는 가족 사용자는 더 이상 헤더 필 구성이나 대시보드의 사람을 변경할 수 없습니다. 이러한 기능 설정은 소유자가 관리합니다.*,
cr_whats_new_beta_11,array,11,"Parental Controls now replaces manual entity-ID entry with Visible and Invisible lists. Admins can select complete Home Assistant domains or individual entities, and global search hides restricted entities and devices. Invisible entries always take precedence.*","자녀 보호 기능의 수동 엔티티 ID 입력을 표시 및 숨김 목록으로 교체했습니다. 관리자는 전체 Home Assistant 도메인이나 개별 엔티티를 선택할 수 있으며, 전체 검색은 제한된 엔티티와 기기를 숨깁니다. 숨김 항목이 항상 우선합니다.*",don't translate Home Assistant
cr_whats_new_beta_11,array,12,"Energy setup now imports SmartGateways and DSMR Reader P1 meters even when the Home Assistant Energy dashboard has not been configured and the sensors are not attached to a device. Tariff 1 and tariff 2 readings are recognised separately, and usage charts and period totals add both tariffs together when no single grid import or export sensor is set.","이제 Home Assistant 에너지 대시보드를 설정하지 않았거나 센서가 기기에 연결되어 있지 않아도 에너지 설정에서 SmartGateways 및 DSMR Reader P1 미터를 가져옵니다. 요금제 1과 요금제 2를 각각 인식하며, 단일 수전 또는 송전 센서를 지정하지 않은 경우 사용량 그래프와 기간 합계가 두 요금제를 합산합니다.",don't translate Home Assistant
cr_whats_new_beta_11,array,13,* HKI 7 Cloud Component integration required.,* HKI 7 Cloud Component 통합이 필요합니다.,don't translate HKI 7 Cloud
cr_whats_new_beta_10,array,1,"Visibility rules now work across all widgets and individual items, with time, entity, person, and mixed AND/OR conditions. Admins using a family-shared dashboard can choose whether an item is Visible or Hidden for a selected user. Person conditions use HKI 7 Cloud, whose requirement is shown when it is unavailable. New rules start empty so you choose Time, Entity, or Person.","모든 위젯과 항목에서 시간, 엔터티, 사용자 및 혼합 AND/OR 표시 조건을 사용할 수 있습니다. 가족 공유 대시보드의 관리자는 선택한 사용자에게 항목을 표시하거나 숨길 수 있습니다. 사용자 조건은 HKI 7 Cloud를 사용하며 연동이 없으면 요구 사항을 표시합니다. 새 규칙은 빈 상태에서 시간, 엔터티 또는 사용자를 선택합니다.",don't translate HKI 7 Cloud
cr_whats_new_beta_10,array,2,"Room-status counter badges keep a stable two-digit width. Headers responsively fit one, two, or three counters per row like the home-page and person badges, without pushing the title down.",방 상태 카운터 배지는 두 자리 수 기준의 일정한 너비를 유지합니다. 헤더는 홈 화면 및 사용자 배지처럼 1~3열로 자동 조정되며 제목을 아래로 밀지 않습니다.,
cr_whats_new_beta_10,array,3,"Energy setup now recognises SmartGateways and DSMR Reader MQTT sensor names, and choosing a source device refills its separate sensor roles. City heating has dedicated settings, a source tile and detail tab, plus an estimated natural-gas equivalent for J/GJ heat readings.","에너지 설정이 SmartGateways 및 DSMR Reader MQTT 센서 이름을 인식하며, 소스 장치를 선택하면 개별 센서 역할이 다시 채워집니다. 지역 난방 전용 설정, 소스 타일, 상세 탭과 J/GJ 사용량의 예상 가스 환산값도 추가했습니다.",
cr_whats_new_beta_10,array,4,"Calendar widget dialogs now use the available height correctly, fixing content that previously occupied only half the settings dialog or was cut off.",캘린더 위젯 대화상자가 사용 가능한 높이를 모두 올바르게 사용하여 내용이 절반만 표시되거나 잘리는 문제를 수정했습니다.,
cr_whats_new_beta_10,array,5,"Re-import settings now use one consistently spelled and localized label across Rooms, Climate, Security, Energy, and Battery. Conditional visibility wording was also corrected in every supported language.","방, 공조, 보안, 에너지 및 배터리의 다시 가져오기 설정에서 철자와 번역을 통일했습니다. 조건부 표시 용어도 지원되는 모든 언어에서 수정했습니다.",
cr_whats_new_beta_10,array,6,"Fixed PostNL and the current parcel-integration parser, so incoming shipments once again show their complete tracking details and delivered state. Carrier support has also been brought up to date.",화면 회전이 세로로 고정되지 않고 기기의 자동 회전 설정을 따릅니다.,
cr_whats_new_beta_10,array,7,"Added an in-app language selector with full coverage in 13 languages: Dutch, German, French, Spanish (plus Latin American Spanish), Italian, Turkish, Portuguese (plus Brazilian Portuguese), Japanese, Korean, and Chinese (Simplified and Traditional). Each language shows its native name with an English hint beneath it.","전용 센서가 없어도 날씨 장치를 연결하면 공조의 실외 타일이 표시되고 온도, 습도, 기압 속성을 요약에 포함하며 해당 센서 색상으로 그래프를 표시합니다.",
cr_whats_new_beta_10,array,8,"The reconnect status now shows the actual connection error, making Wi-Fi, mobile-data, and VPN handovers much easier to diagnose.","택배 상태 코드를 자연스러운 문장으로 표시합니다. 날짜와 시간은 선택한 언어와 12/24시간 설정을 따르고, 가까운 배송은 요일을 사용하며, 현재 연도와 같은 날짜의 반복 표시는 생략합니다.",
cr_whats_new_beta_10,array,9,Screen rotation now follows your device’s auto-rotate setting instead of staying locked to portrait.,PostNL 및 현재 소포 통합 파서를 수정하여 수신 배송이 다시 전체 추적 정보와 배달 상태를 표시하도록 했습니다. 택배사 지원도 최신화되었습니다.,
cr_whats_new_beta_10,array,10,"The Climate ""Outside"" tile now appears as soon as a weather device is linked, even without dedicated sensors, counts its temperature, humidity and pressure attributes in the summary, and graphs them with matching sensor colors.",앱 내 언어 선택기가 지원되는 13개 언어를 모두 완전히 제공합니다. 각 언어는 고유 이름과 그 아래 영어 안내를 함께 표시합니다.,
cr_whats_new_beta_10,array,11,"Parcel status codes are now normal sentences. Dates and times follow the selected language and 12/24-hour preference, nearby deliveries use weekday names, the current year is omitted, and same-day windows no longer repeat the date.","재연결 상태에 실제 연결 오류가 표시되어 Wi-Fi, 모바일 데이터, VPN 전환 시 문제를 훨씬 쉽게 진단할 수 있습니다.",
cr_whats_new_beta_9,array,1,"Drag to reorder cameras, thermostats, and energy cards. In edit mode the Security, Climate, and Energy views each get a Reorder button for their relevant cards.","카메라, 온도 조절기, 에너지 카드를 드래그하여 순서를 변경할 수 있습니다. 편집 모드에서 보안, 냉난방, 에너지 화면 각각에 해당 카드용 순서 변경 버튼이 추가됩니다.",
cr_whats_new_beta_9,array,2,"New Climate Outside tile. Link a weather entity or outdoor temperature, humidity, and air-pressure sensors, then open the tile for individual history graphs.","새로운 냉난방 실외 타일. 날씨 엔티티 또는 실외 온도, 습도, 기압 센서를 연결한 다음 타일을 열어 개별 기록 그래프를 확인하세요.",
cr_whats_new_beta_9,array,3,"Visibility now belongs to each button and header badge. Hide an item or schedule it once or on a daily, weekly, monthly, or yearly recurrence.","표시 여부가 이제 각 버튼과 헤더 배지에 속합니다. 항목을 숨기거나 한 번 또는 매일, 매주, 매월, 매년 반복으로 예약하세요.",
cr_whats_new_beta_9,array,4,Header badges can be renamed from Appearance settings.,모양 설정에서 헤더 배지의 이름을 바꿀 수 있습니다.,
cr_whats_new_beta_9,array,5,Swiping cards autoplay every three seconds by default.,스와이프 카드는 기본적으로 3초마다 자동 재생됩니다.,
cr_whats_new_beta_9,array,6,"The Weather dialog adds autoplay for Season, a windrose card, and an optional rain-map card from a camera or embedded web page.","날씨 대화상자에 계절 자동 재생, 풍향계 카드, 카메라 또는 삽입된 웹 페이지의 선택적 강수 지도 카드가 추가되었습니다.",
cr_whats_new_beta_9,array,7,"The Parcels widget was rebuilt around carriers, with logos, account totals, shipment sections, estimates, tracking history, and add-by-tracking support where available.","소포 위젯이 로고, 계정 총계, 배송 섹션, 예상 도착, 추적 기록, 가능한 경우 추적 번호로 추가하기 기능을 중심으로 재구성되었습니다.",
cr_whats_new_beta_9,array,8,"Humidifiers and dehumidifiers now have native power, humidity, mode, speed, and helper controls throughout the app.","가습기와 제습기에 이제 앱 전체에서 네이티브 전원, 습도, 모드, 속도, 헬퍼 컨트롤이 제공됩니다.",
cr_whats_new_beta_9,array,9,Room status counters are interactive and open the entities behind each count.,방 상태 카운터가 상호작용 가능하며 각 개수 뒤의 엔티티를 엽니다.,
cr_whats_new_beta_9,array,10,Buttons and badges can show a live countdown from a completion-time entity.,버튼과 배지가 완료 시간 엔티티로부터 실시간 카운트다운을 표시할 수 있습니다.,
cr_whats_new_beta_9,array,11,Shared dashboards publish owner edits automatically and recipients receive them on their next sync.,공유 대시보드는 소유자의 편집 내용을 자동으로 게시하며 수신자는 다음 동기화 시 이를 받습니다.,
cr_whats_new_beta_9,array,12,Header display settings now belong to each dashboard and travel through backups and family sharing.,헤더 표시 설정이 이제 각 대시보드에 속하며 백업 및 가족 공유를 통해 전달됩니다.,
cr_whats_new_beta_9,array,13,Camera widgets fill the entire tile and follow the configured corner radius.,카메라 위젯이 타일 전체를 채우며 구성된 모서리 반경을 따릅니다.,
cr_whats_new_beta_9,array,14,"Waste collections on the same day now overlap visibly, and the larger dialog can be dismissed by tapping outside.","같은 날 여러 폐기물 수거가 있을 경우 이제 명확히 겹쳐 표시되며, 큰 대화상자는 바깥을 탭하여 닫을 수 있습니다.",
cr_whats_new_beta_9,array,15,"Battery, Waste, camera, weather, and About visuals are now more consistent.","배터리, 폐기물, 카메라, 날씨, 정보 화면의 시각적 표현이 더 일관되게 개선되었습니다.",
cr_whats_new_beta_9,array,16,"Binary sensors use Home Assistant-style Open/Closed, Wet/Dry, Detected/Clear, and Connected/Disconnected labels.","이진 센서가 Home Assistant 스타일의 열림/닫힘, 습함/건조, 감지됨/해제됨, 연결됨/연결 끊김 레이블을 사용합니다.",don't translate Home Assistant
cr_whats_new_beta_9,array,17,"Aesthetic-only editors can change existing badge visuals but cannot add, remove, or reconfigure badges.","외관 전용 편집자는 기존 배지 시각 요소를 변경할 수 있지만 배지를 추가, 제거, 재구성할 수는 없습니다.",
cr_whats_new_beta_9,array,18,Fixed network handovers: sockets tied to the old Android network are discarded and the saved Home Assistant session reconnects without an unnecessary login. Reconnect status also shows the failure reason.,네트워크 전환 문제를 수정했습니다. 이전 안드로이드 네트워크에 연결된 소켓은 폐기되고 저장된 Home Assistant 세션이 불필요한 로그인 없이 재연결됩니다. 재연결 상태에도 실패 이유가 표시됩니다.,don't translate Home Assistant
cr_whats_new_beta_8,array,1,Child locks are no longer imported automatically as room controls.,자녀 보호 잠금이 더 이상 방 컨트롤로 자동 가져오기되지 않습니다.,
cr_whats_new_beta_8,array,2,Every button and badge now honours Home Assistant entity-icon overrides.,모든 버튼과 배지가 이제 Home Assistant 엔티티 아이콘 재정의를 따릅니다.,don't translate Home Assistant
cr_whats_new_beta_8,array,3,Vacuums now appear in the room badge bar and open their controls when tapped.,청소기가 이제 방 배지 바에 표시되며 탭하면 컨트롤이 열립니다.,
cr_whats_new_beta_8,array,4,"Individual buttons in multi-item widgets can be hidden or scheduled, including recurring annual date ranges.",여러 항목 위젯의 개별 버튼을 숨기거나 연간 반복 날짜 범위를 포함해 예약할 수 있습니다.,
cr_whats_new_beta_8,array,5,Multiple camera badges now open one swipeable dialog with fullscreen paging.,여러 카메라 배지가 이제 전체 화면 페이징이 가능한 하나의 스와이프 가능한 대화상자에서 열립니다.,
cr_whats_new_beta_8,array,6,"Family Sharing now lists cloud-published dashboards so they can be imported, reshared, or deleted after a reinstall.",가족 공유에 클라우드에 게시된 대시보드가 표시되어 재설치 후 가져오거나 다시 공유하거나 삭제할 수 있습니다.,
cr_whats_new_beta_7,array,1,Automatic room import now skips built-in helper controls while retaining genuine extra controls.,자동 방 가져오기가 내장 헬퍼 컨트롤은 건너뛰고 실제 추가 컨트롤은 유지합니다.,
cr_whats_new_beta_7,array,2,Climate devices from different integrations are no longer merged into one control.,서로 다른 통합의 냉난방 기기가 더 이상 하나의 컨트롤로 병합되지 않습니다.,
cr_whats_new_beta_7,array,3,"Climate-device icons now match air conditioners, humidifiers, dehumidifiers, and air purifiers.","냉난방 기기 아이콘이 에어컨, 가습기, 제습기, 공기청정기에 맞게 표시됩니다.",
cr_whats_new_beta_7,array,4,Air-purifier and humidifier icons pulse gently instead of spinning.,공기청정기 및 가습기 아이콘이 회전 대신 부드럽게 맥동합니다.,
cr_whats_new_beta_7,array,5,Door locks now use closed-door and open-door icons.,도어락이 이제 닫힘/열림 문 아이콘을 사용합니다.,
cr_whats_new_beta_7,array,6,Multi-device header badges can be reordered to choose their leading entity.,여러 기기 헤더 배지의 순서를 변경하여 대표 엔티티를 선택할 수 있습니다.,
cr_whats_new_beta_7,array,7,Animated icon effects are enabled by default on new installations.,새로 설치한 경우 애니메이션 아이콘 효과가 기본적으로 활성화됩니다.,
cr_whats_new_beta_7,array,8,Buttons and badges can display an entity attribute and optional unit instead of its state.,버튼과 배지가 상태 대신 엔티티 속성과 선택적 단위를 표시할 수 있습니다.,
cr_whats_new_beta_7,array,9,"Dashboards can now be copied with all rooms, widgets, and page settings.","이제 모든 방, 위젯, 페이지 설정과 함께 대시보드를 복사할 수 있습니다.",
cr_whats_new_beta_7,array,10,"Family Sharing now combines parental controls, dashboard sharing, and per-user permissions.","가족 공유가 이제 자녀 보호, 대시보드 공유, 사용자별 권한을 통합합니다.",
cr_whats_new_beta_7,array,11,Shared dashboards update automatically while keeping allowed local visual changes.,공유 대시보드가 허용된 로컬 시각적 변경 사항을 유지하면서 자동으로 업데이트됩니다.,
cr_whats_new_beta_7,array,12,Non-admin family members can use automatic per-room Adaptive Lighting controls when the HKI 7 Cloud component is installed.,HKI 7 Cloud 구성 요소가 설치된 경우 관리자가 아닌 가족 구성원도 방별 자동 Adaptive Lighting 컨트롤을 사용할 수 있습니다.,don't translate HKI 7 Cloud
cr_whats_new_beta_7,array,13,Fixed unreadable header and pull-down labels in light mode and with custom appearances.,라이트 모드 및 사용자 지정 테마에서 헤더와 풀다운 레이블을 읽기 어렵던 문제를 수정했습니다.,
cr_whats_new_beta_7,array,14,About now provides What’s new and Full changelog buttons.,정보 화면에 새로운 소식 및 전체 변경 내역 버튼이 추가되었습니다.,
cr_whats_new_beta_7,array,15,Fixed the Unable to connect screen so it appears reliably when Home Assistant cannot be reached.,Home Assistant에 연결할 수 없을 때 연결할 수 없음 화면이 안정적으로 표시되도록 수정했습니다.,don't translate Home Assistant
cr_whats_new_beta_6,array,1,Fixed edit-mode action bars overlapping Android three-button navigation.,편집 모드 작업 바가 안드로이드 3버튼 탐색과 겹치던 문제를 수정했습니다.,
cr_whats_new_beta_6,array,2,The Backup and Restore screen now shows when each automatic cloud backup last ran.,백업 및 복원 화면에 각 자동 클라우드 백업이 마지막으로 실행된 시점이 표시됩니다.,
cr_whats_new_beta_6,array,3,Each cloud backup now has a Back up now button.,각 클라우드 백업에 지금 백업 버튼이 추가되었습니다.,
cr_whats_new_beta_6,array,4,Fixed the oversized app icon after the themed-icon update.,테마 아이콘 업데이트 이후 앱 아이콘이 커지던 문제를 수정했습니다.,
cr_whats_new_beta_4_to_5,array,1,The Backup and Restore screen now shows when each automatic cloud backup last ran.,백업 및 복원 화면에 각 자동 클라우드 백업이 마지막으로 실행된 시점이 표시됩니다.,
cr_whats_new_beta_4_to_5,array,2,Each cloud backup now has a Back up now button.,각 클라우드 백업에 지금 백업 버튼이 추가되었습니다.,
cr_whats_new_beta_4_to_5,array,3,Fixed the oversized app icon after the themed-icon update.,테마 아이콘 업데이트 이후 앱 아이콘이 커지던 문제를 수정했습니다.,
cr_whats_new_beta_3,array,1,"Added Simple Icons, Tabler, and Phosphor icon packs alongside Material Design Icons.","Material Design Icons와 함께 Simple Icons, Tabler, Phosphor 아이콘 팩을 추가했습니다.",
cr_whats_new_beta_3,array,2,"Added animated entity icons that glow, spin, or pulse while active.",활성 상태일 때 빛나거나 회전하거나 맥동하는 애니메이션 엔티티 아이콘을 추가했습니다.,
cr_whats_new_beta_3,array,3,Added family dashboard sharing for admins.*,관리자를 위한 가족 대시보드 공유 기능을 추가했습니다.*,
cr_whats_new_beta_3,array,4,Added parental controls that can hide selected views and rooms for specific people.*,특정 사용자에 대해 선택한 화면과 방을 숨길 수 있는 자녀 보호 기능을 추가했습니다.*,
cr_whats_new_beta_3,array,5,Added automatic daily backup to your own Home Assistant.*,자체 Home Assistant로의 자동 일일 백업 기능을 추가했습니다.*,don't translate Home Assistant
cr_whats_new_beta_3,array,6,Media-source icons are colored and can open the installed source app.,미디어 소스 아이콘에 색상이 적용되며 설치된 소스 앱을 열 수 있습니다.,
cr_whats_new_beta_3,array,7,New iFrame widget for embedding web pages.,웹 페이지를 삽입하기 위한 새로운 iFrame 위젯입니다.,
cr_whats_new_beta_3,array,8,Energy views now show negative values while exporting power.,에너지 화면이 전력을 내보낼 때 음수 값을 표시합니다.,
cr_whats_new_beta_3,array,9,Fixed onboarding completing when switching away before finishing.,완료 전에 다른 화면으로 전환할 때 온보딩이 완료 처리되던 문제를 수정했습니다.,
cr_whats_new_beta_3,array,10,Fixed the thermostat-dial mode button overlapping nearby items.,온도 조절 다이얼의 모드 버튼이 인접 항목과 겹치던 문제를 수정했습니다.,
cr_whats_new_beta_3,array,11,Many smaller bug fixes.,여러 자잘한 버그를 수정했습니다.,
cr_whats_new_beta_3,array,12,* HKI 7 Cloud Component integration required.,* HKI 7 Cloud Component 통합이 필요합니다.,don't translate HKI 7 Cloud
cr_whats_new_beta_2,array,1,"Improved layouts on short and narrow displays, with a single-column fallback throughout the app.","짧고 좁은 화면의 레이아웃을 개선했으며, 앱 전체에 단일 열 대체 레이아웃을 적용했습니다.",
cr_whats_new_beta_2,array,2,Dialog headers use two rows on narrow screens so titles are no longer cut off.,좁은 화면에서는 대화상자 제목이 잘리지 않도록 헤더가 두 줄로 표시됩니다.,
cr_whats_new_beta_2,array,3,Fixed Adaptive Lighting sliders overlapping other elements.,Adaptive Lighting 슬라이더가 다른 요소와 겹치는 문제를 수정했습니다.,
cr_whats_new_beta_2,array,4,Navigation bars now indicate when more items are available off-screen.,화면 밖에 더 많은 항목이 있을 때 탐색 바에 표시가 나타납니다.,
cr_whats_new_beta_2,array,5,Fixed cameras ignoring the screen-orientation lock.,카메라가 화면 방향 잠금을 무시하던 문제를 수정했습니다.,
cr_whats_new_beta_2,array,6,Fixed zoom in camera dialogs and fullscreen cameras.,카메라 대화상자 및 전체 화면 카메라의 확대/축소 문제를 수정했습니다.,
global_search_browse_entities,plural,one,Browse %1$d entity on this device,,needs translation; keep %1$d
global_search_browse_entities,plural,other,Browse %1$d entities on this device,이 기기에서 %1$d 항목을 찾아보세요.,keep %1$d
global_search_entity_count,plural,one,%1$d entity,,needs translation; keep %1$d
global_search_entity_count,plural,other,%1$d entities,%1$d 엔터티,keep %1$d
rooms_count,plural,one,%1$d room,,needs translation; keep %1$d
rooms_count,plural,other,%1$d rooms,%1$d 객실,keep %1$d
core_system,string,,System,시스템,
core_greeting_morning,string,,Good Morning,좋은 아침이에요,
core_greeting_afternoon,string,,Good Afternoon,좋은 오후예요,
core_greeting_evening,string,,Good Evening,좋은 저녁이에요,
core_greeting_night,string,,Good Night,편안한 밤 되세요,
core_last_seen_just_now,string,,Last seen just now,방금 확인됨,
core_no_media_playing,string,,No media is playing,재생 중인 미디어가 없습니다,
core_media_players_playing,plural,one,%1$d media player is playing,,needs translation; keep %1$d
core_media_players_playing,plural,other,%1$d media players are playing,%1$d 미디어 플레이어가 재생 중입니다.,keep %1$d
core_last_seen_minutes,plural,one,Last seen %1$d minute ago,,needs translation; keep %1$d
core_last_seen_minutes,plural,other,Last seen %1$d minutes ago,마지막으로 확인된 시간: %1$d분 전,keep %1$d
core_last_seen_hours,plural,one,Last seen %1$d hour ago,,needs translation; keep %1$d
core_last_seen_hours,plural,other,Last seen %1$d hours ago,%1$d시간 전에 마지막으로 확인되었습니다.,keep %1$d
core_last_seen_days,plural,one,Last seen %1$d day ago,,needs translation; keep %1$d
core_last_seen_days,plural,other,Last seen %1$d days ago,%1$d일 전에 마지막으로 확인되었습니다.,keep %1$d
core_last_seen_weeks,plural,one,Last seen %1$d week ago,,needs translation; keep %1$d
core_last_seen_weeks,plural,other,Last seen %1$d weeks ago,마지막으로 확인된 날짜: %1$d주 전,keep %1$d
dlg_1_advanced_shorthand_block_kept_unchanged,string,,1 advanced shorthand block (kept unchanged),고급 축약 블록 1개(변경되지 않음),
dlg_24_hour_format,string,,24-Hour Format,24시간 형식,
dlg_action_count,string,,%1$s action,작업 %1$s개,keep %1$s
dlg_action,string,,Action,작업,
dlg_action_data,string,,Action data,작업 데이터,
dlg_action_data_object,string,,Action data object,작업 데이터 객체,
dlg_action_details,string,,Action details,작업 세부 정보,
dlg_adapt_now,string,,Adapt now,지금 적용,
dlg_adaptive_lighting,string,,Adaptive Lighting,Adaptive Lighting,
dlg_adaptive_lighting_is_unavailable,string,,Adaptive Lighting is unavailable,Adaptive Lighting를 사용할 수 없습니다,
dlg_add_4_10_entity_buttons_to_this_dialog_s,string,,Add 4–10 entity buttons to this dialog's nav bar.,이 대화상자의 탐색 바에 엔티티 버튼 4~10개를 추가하세요.,
dlg_add,string,,Add,추가,
dlg_add_at_least_one_step,string,,Add at least one step,최소 하나 이상의 단계를 추가하세요,
dlg_add_button,string,,Add button,버튼 추가,
dlg_add_custom_buttons,string,,Add Custom Buttons,사용자 지정 버튼 추가,
dlg_add_more_for_a_full_row,string,,Add %1$s more for a full row.,한 줄을 채우려면 %1$s개를 더 추가하세요.,keep %1$s
dlg_add_to,string,,Add to %1$s,%1$s에 추가,keep %1$s
dlg_advanced,string,,Advanced,고급,
dlg_advanced_action_data_json,string,,Advanced action data (JSON),고급 작업 데이터(JSON),
dlg_advanced_shorthand_blocks_kept_unchanged,string,,%1$s advanced shorthand blocks (kept unchanged),고급 축약 블록 %1$s개(변경되지 않음),keep %1$s
dlg_alarm_entities,string,,Alarm entities,경보 엔티티,
dlg_alarm_pending,string,,Alarm pending,경보 대기 중,
dlg_alignment,string,,Alignment,정렬,
dlg_always,string,,Always,항상,
dlg_any_state,string,,Any state,모든 상태,
dlg_appearance,string,,Appearance,모양,
dlg_apply,string,,Apply,적용,
dlg_aspect_ratio,string,,Aspect ratio,가로세로 비율,
dlg_astronomical_tap_or_swipe,string,,Astronomical · tap or swipe,천문 · 탭 또는 스와이프,
dlg_auto,string,,Auto,자동,
dlg_auto_none,string,,Auto / none,자동 / 없음,
dlg_auto_scan,string,,Auto-scan,자동 스캔,
dlg_automation,string,,Automation,자동화,
dlg_back,string,,Back,뒤로,
dlg_backspace,string,,Backspace,백스페이스,
dlg_badge_bar_layout,string,,Badge bar layout,배지 바 레이아웃,
dlg_batt,string,,Batt,배터리,
dlg_battery_value,string,,Battery: %1$s,배터리: %1$s,keep %1$s
dlg_built_in,string,,Built-in,기본 제공,
dlg_cancel,string,,Cancel,취소,
dlg_cancel_arming,string,,Cancel arming,설정 취소,
dlg_change,string,,Change,변경,
dlg_choose_a_side_when_the_badge_bar_is_split,string,,Choose a side when the badge bar is split,배지 바가 분할될 때의 방향 선택,
dlg_choose_a_state,string,,Choose a state,상태 선택,
dlg_condition,string,,Condition,상태,
dlg_condition_is,string,,Is,~이다,
dlg_condition_is_not,string,,Is not,아니다,
dlg_condition_state,string,,State,상태,
dlg_vis_and,string,,AND,그리고,
dlg_vis_conditional,string,,Conditional,가정 어구,
dlg_vis_entity_state,string,,Entity state,엔터티 상태,
dlg_vis_person,string,,Person,사용자,
dlg_visible,string,,Visible,표시,
dlg_choose_person,string,,Choose person,사용자 선택,
dlg_person_condition_hint,string,,Matches the signed-in Home Assistant user. This rule travels with a shared dashboard.,로그인한 Home Assistant 사용자와 일치시킵니다. 이 규칙은 공유 대시보드에 함께 전달됩니다.,don't translate Home Assistant
dlg_person_requires_hki7_cloud,string,,Person visibility requires the HKI 7 Cloud component. Install it to select Home Assistant users here.,사용자별 표시에는 HKI 7 Cloud 구성 요소가 필요합니다. 여기에서 Home Assistant 사용자를 선택하려면 설치하세요.,"don't translate HKI 7 Cloud, Home Assistant"
dlg_vis_match,string,,Match,성냥,
dlg_vis_match_all,string,,All rules,모든 규칙,
dlg_vis_match_any,string,,Any rule,모든 규칙,
dlg_vis_or,string,,OR,또는,
dlg_vis_time_schedule,string,,Time schedule,시간표,
dlg_choose_a_visual_home_assistant_block,string,,Choose a visual Home Assistant block,시각적 Home Assistant 블록 선택,don't translate Home Assistant
dlg_choose_action,string,,Choose action,작업 선택,
dlg_choose_an_action,string,,Choose an action,작업 선택,
dlg_choose_an_entity,string,,Choose an entity,엔티티 선택,
dlg_choose_an_entity_first,string,,Choose an entity first,먼저 엔티티를 선택하세요,
dlg_choose_entity,string,,Choose entity,엔티티 선택,
dlg_choose_the_home_assistant_entities_that_drive_this_room,string,,Choose the Home Assistant entities that drive this room's live indicators. Indicators only appear while they are active.,이 방의 실시간 표시기를 구동하는 Home Assistant 엔티티를 선택하세요. 표시기는 활성 상태일 때만 나타납니다.,don't translate Home Assistant
dlg_choose_the_profile_for_this_light,string,,Choose the profile for this light,이 조명의 프로필 선택,
dlg_choose_what_this_action_should_control,string,,Choose what this action should control,이 작업이 제어할 대상 선택,
dlg_choose_what_this_badge_summarizes,string,,Choose what this badge summarizes,이 배지가 요약할 내용 선택,
dlg_choose_what_this_header_pill_shows,string,,Choose what this header pill shows,이 헤더 필이 표시할 내용 선택,
dlg_clear,string,,Clear,정상,
dlg_clear_rooms_view,string,,Clear rooms view?,방 화면을 지울까요?,
dlg_climate_dialog_control,string,,Climate dialog control,냉난방 대화상자 제어,
dlg_climate_sources_take_priority_and_use_their_current_temper,string,,Climate sources take priority and use their current_temperature and current_humidity values. ,냉난방 소스가 우선 적용되며 해당 current_temperature 및 current_humidity 값을 사용합니다. ,keep the space at the start/end
dlg_climate_summary,string,,Climate summary,냉난방 요약,
dlg_close,string,,Close,닫기,
dlg_confirm,string,,Confirm,확인,
dlg_controls_light_in_this_profile,string,,Controls %1$s light%2$s in this profile.,이 프로필에서 조명 %1$s개%2$s를 제어합니다.,keep %1$s %2$s
dlg_countdown_timer,string,,Countdown timer,카운트다운 타이머,
dlg_create_a_flow,string,,Create a flow,흐름 만들기,
dlg_current,string,,Current %1$s%%,현재 %1$s%%,keep %1$s
dlg_current_weather,string,,Current weather,현재 날씨,
dlg_custom,string,,Custom,사용자 지정,
dlg_custom_buttons,string,,Custom buttons,사용자 지정 버튼,
dlg_custom_value,string,,Custom %1$s,사용자 지정 %1$s,keep %1$s
dlg_custom_name,string,,Custom name,사용자 지정 이름,
dlg_custom_seconds,string,,Custom seconds,사용자 지정 초,
dlg_custom_state,string,,Custom state...,사용자 지정 상태...,
dlg_date,string,,Date,날짜,
dlg_day_to,string,,%1$s day%2$s to %3$s,%1$s일%2$s ~ %3$s,keep %1$s %2$s %3$s
dlg_delete_automation,string,,Delete automation?,자동화를 삭제할까요?,
dlg_delete,string,,Delete,삭제,
dlg_description,string,,Description,설명,
dlg_details,string,,Details,세부 정보,
dlg_device_value,string,,Device: %1$s,기기: %1$s,keep %1$s
dlg_device,string,,Device,기기,
dlg_direction,string,,Direction —,방향 —,
dlg_display,string,,Display,표시,
dlg_display_linked_entities_and_dialog_layout,string,,"Display, linked entities, and dialog layout","표시, 연결된 엔티티, 대화상자 레이아웃",
dlg_display_mode,string,,Display mode,표시 모드,
dlg_display_order,string,,Display order,표시 순서,
dlg_done,string,,Done,완료,
dlg_door_sensors,string,,Door sensors,문 센서,
dlg_edit,string,,Edit,편집,
dlg_empty_bin,string,,Empty bin: %1$s,빈 통: %1$s,keep %1$s
dlg_end,string,,End: %1$s,종료: %1$s,keep %1$s
dlg_enter_a_valid_json_object,string,,Enter a valid JSON object,유효한 JSON 객체를 입력하세요,
dlg_enter_code,string,,Enter code,코드 입력,
dlg_enter_the_same_data_object_home_assistant_shows_in,string,,Enter the same data object Home Assistant shows in YAML. JSON is used here so values keep their exact type.,Home Assistant가 YAML에 표시하는 것과 동일한 데이터 객체를 입력하세요. 값이 정확한 형식을 유지하도록 여기서는 JSON을 사용합니다.,don't translate Home Assistant
dlg_entities_count,string,,Entities (%1$s),엔티티(%1$s),keep %1$s
dlg_entities_appearance_and_interactions,string,,"Entities, appearance, and interactions","엔티티, 모양, 상호작용",
dlg_entities,string,,Entities,엔티티,
dlg_entities_that_signal_activity_or_safety_states,string,,Entities that signal activity or safety states,활동 또는 안전 상태를 나타내는 엔티티,
dlg_entity_integrations,string,,Entity integrations,엔티티 통합,
dlg_entity_name,string,,Entity name,엔티티 이름,
dlg_entity_picture,string,,Entity picture,엔티티 사진,
dlg_event,string,,Event,이벤트,
dlg_exact_text_or_number_reported_by_home_assistant,string,,Exact text or number reported by Home Assistant,Home Assistant가 보고하는 정확한 텍스트 또는 숫자,don't translate Home Assistant
dlg_exit_full_screen,string,,Exit full screen,전체 화면 종료,
dlg_floor,string,,Floor,층,
dlg_floor_assignment,string,,Floor assignment,층 할당,
dlg_flows,string,,Flows,흐름,
dlg_forecast,string,,Forecast,예보,
dlg_forget_selection,string,,Forget selection,선택 해제,
dlg_forward,string,,Forward,앞으로,
dlg_from,string,,From %1$s,%1$s부터,keep %1$s
dlg_from_state,string,,From state,이전 상태,
dlg_full_day_name,string,,Full Day Name,요일 전체 이름,
dlg_group_light_paused_for_manual_control,string,,%1$s group light%2$s paused for manual control.,그룹 조명 %1$s개%2$s가 수동 제어를 위해 일시 중지되었습니다.,keep %1$s %2$s
dlg_header_appearance,string,,Header appearance,헤더 모양,
dlg_header_custom_color_rrggbb,string,,Header custom color (#RRGGBB),헤더 사용자 지정 색상(#RRGGBB),
dlg_header_pill,string,,Header pill,헤더 필,
dlg_hidden,string,,Hidden,숨김,
dlg_hidden_during,string,,Hidden during,숨김 기간,
dlg_hide_this_badge_or_schedule_when_it_appears,string,,"Hide this badge, or schedule when it appears",이 배지를 숨기거나 표시 시점을 예약하세요,
dlg_https,string,,https://…,https://…,
dlg_humidity,string,,Humidity,습도,
dlg_icon,string,,Icon,아이콘,
dlg_icon_animation,string,,Icon animation,아이콘 애니메이션,
dlg_icon_value,string,,Icon: %1$s,아이콘: %1$s,keep %1$s
dlg_identity,string,,Identity,식별,
dlg_identity_presentation_indicators_and_maintenance,string,,"Identity, presentation, indicators, and maintenance","식별, 표시, 지표, 유지 관리",
dlg_import_only_rooms_that_have_not_been_edited_or,string,,"Import only rooms that have not been edited, or rebuild everything. Rebuilding removes all edited rooms and floors before importing them from scratch.",편집되지 않은 방만 가져오거나 전체를 다시 빌드합니다. 다시 빌드하면 처음부터 가져오기 전에 편집된 모든 방과 층이 제거됩니다.,
dlg_import_unedited,string,,Import unedited,편집되지 않은 항목 가져오기,
dlg_interactions,string,,Interactions,상호작용,
dlg_is,string,, is, 상태,keep the space at the start/end
dlg_items,string,,%1$s items,%1$s개 항목,keep %1$s
dlg_last_run,string,,Last run %1$s,마지막 실행 %1$s,keep %1$s
dlg_left,string,,Left,왼쪽,
dlg_left_side_overflows_right,string,,Left side overflows right,왼쪽이 오른쪽으로 넘침,
dlg_live,string,,Live,실시간,
dlg_live_uppercase,string,,LIVE,LIVE,
dlg_live_indicators,string,,Live indicators,실시간 표시기,
dlg_loading_actions,string,,Loading actions…,작업 불러오는 중…,
dlg_lunar_phase,string,,Lunar phase,달의 위상,
dlg_map,string,,Map,지도,
dlg_map_value,string,,Map: %1$s,지도: %1$s,keep %1$s
dlg_media,string,,Media,미디어,
dlg_media_browsing_isn_t_available_for_this_player,string,,Media browsing isn't available for this player.,이 플레이어에서는 미디어 찾아보기를 사용할 수 없습니다.,
dlg_media_library,string,,Media library,미디어 라이브러리,
dlg_media_players,string,,Media players,미디어 플레이어,
dlg_meteorological_tap_or_swipe,string,,Meteorological · tap or swipe,기상 · 탭 또는 스와이프,
dlg_mm,string,,%1$s mm,%1$s mm,keep %1$s
dlg_modes,string,,Modes,모드,
dlg_moon,string,,Moon,달,
dlg_move_down,string,,Move down,아래로 이동,
dlg_move_up,string,,Move up,위로 이동,
dlg_multiple_climate_values_are_averaged_separate_sensor_value,string,,Multiple climate values are averaged. Separate sensor values are averaged only when no climate source is selected.,여러 냉난방 값은 평균으로 계산됩니다. 별도 센서 값은 냉난방 소스가 선택되지 않은 경우에만 평균으로 계산됩니다.,
dlg_name,string,,Name,이름,
dlg_name_and_icon_used_throughout_the_app,string,,Name and icon used throughout the app,앱 전체에서 사용되는 이름 및 아이콘,
dlg_name_optional,string,,Name (optional),이름(선택 사항),
dlg_native_home_assistant_automations_always_in_sync,string,,"Native Home Assistant automations, always in sync",항상 동기화되는 네이티브 Home Assistant 자동화,don't translate Home Assistant
dlg_never_triggered,string,,Never triggered,작동한 적 없음,
dlg_new_flow,string,,New flow,새 흐름,
dlg_next_camera,string,,Next camera,다음 카메라,
dlg_no_conditions_this_flow_always_continues,string,,No conditions — this flow always continues,조건 없음 — 이 흐름은 항상 계속됩니다,
dlg_no_door_sensor,string,,No door sensor,문 센서 없음,
dlg_no_forecast_available,string,,No forecast available,사용할 수 있는 예보가 없습니다,
dlg_no_matching_automations,string,,No matching automations,일치하는 자동화가 없습니다,
dlg_no_native_home_assistant_automations_found,string,,No native Home Assistant automations found,네이티브 Home Assistant 자동화를 찾을 수 없습니다,don't translate Home Assistant
dlg_no_profile_available,string,,No profile available,사용할 수 있는 프로필이 없습니다,
dlg_no_stream_available,string,,No stream available,사용할 수 있는 스트림이 없습니다,
dlg_no_supported_alarm_modes_reported_by_this_entity,string,,No supported alarm modes reported by this entity,이 엔티티가 보고하는 지원되는 경보 모드가 없습니다,
dlg_no_target,string,,No target,대상 없음,
dlg_none,string,,None,없음,
dlg_none_timer_follows_the_completion_time_only,string,,None — timer follows the completion time only,없음 — 타이머는 완료 시간만 따릅니다,
dlg_not_loaded_by_home_assistant,string,,Not loaded by Home Assistant,Home Assistant에서 불러오지 않음,don't translate Home Assistant
dlg_nothing_here,string,,Nothing here.,여기에 아무것도 없습니다.,
dlg_off_uppercase,string,,OFF,OFF,
dlg_off,string,,Off,꺼짐,
dlg_on_uppercase,string,,ON,ON,
dlg_on,string,,On,켜짐,
dlg_percent_on,string,,%1$s%% • ON,%1$s%% • 켜짐,keep %1$s
dlg_open_camera_full_screen,string,,Open camera full screen,카메라를 전체 화면으로 열기,
dlg_open,string,,Open,열기,
dlg_optional_controls_and_sensors_for_richer_dialogs,string,,Optional controls and sensors for richer dialogs,더 풍부한 대화상자를 위한 선택적 컨트롤 및 센서,
dlg_optional_fields_passed_to_home_assistant,string,,Optional fields passed to Home Assistant,Home Assistant에 전달되는 선택적 필드,don't translate Home Assistant
dlg_optional_label_shown_when_name_is_enabled_above,string,,"Optional label shown when ""Name"" is enabled above",위에서 「이름」이 활성화된 경우 표시되는 선택적 레이블,
dlg_oscillate,string,,Oscillate,회전,
dlg_pause,string,,Pause,일시 중지,
dlg_pause_adaptation,string,,Pause adaptation,적응 일시 중지,
dlg_pending_timer,string,,Pending timer,대기 타이머,
dlg_pick_a_source_device_or_fine_tune_individual_roles,string,,Pick a source device or fine-tune individual roles,소스 기기를 선택하거나 개별 역할을 세부 조정하세요,
dlg_place_this_room_in_the_correct_floor_group,string,,Place this room in the correct floor group,이 방을 올바른 층 그룹에 배치하세요,
dlg_placement,string,,Placement,배치,
dlg_players_summarized_by_the_room_header_and_card,string,,Players summarized by the room header and card,방 헤더 및 카드에 요약되는 플레이어,
dlg_please_wait,string,,Please wait…,잠시만 기다려 주세요…,
dlg_precipitation,string,,Precipitation,강수량,
dlg_presets_uppercase,string,,PRESETS,PRESETS,
dlg_presets,string,,Presets,프리셋,
dlg_previous_camera,string,,Previous camera,이전 카메라,
dlg_profile,string,,Profile,프로필,
dlg_profile_switches_affect_every_light_assigned_to,string,,Profile switches affect every light assigned to %1$s.,프로필 전환은 %1$s에 할당된 모든 조명에 영향을 줍니다.,keep %1$s
dlg_rain,string,,Rain,비,
dlg_rain_map,string,,Rain map,강수 지도,
dlg_rain_map_url_iframe,string,,Rain map URL (iframe),강수 지도 URL(iframe),
dlg_re_import_rooms,string,,Re-import rooms,방 다시 가져오기,
dlg_read_only_home_assistant_automation,string,,Read-only Home Assistant automation,읽기 전용 Home Assistant 자동화,don't translate Home Assistant
dlg_recipes_create_regular_home_assistant_automations_you_can,string,,Recipes create regular Home Assistant automations. You can continue editing them in either HKI7 or Home Assistant.,레시피는 일반 Home Assistant 자동화를 생성합니다. HKI7 또는 Home Assistant에서 계속 편집할 수 있습니다.,"don't translate Home Assistant, HKI7"
dlg_remove,string,,Remove,제거,
dlg_remove_edits_and_import_all,string,,Remove edits and import all,편집 내용을 제거하고 모두 가져오기,
dlg_repeat,string,,Repeat,반복,
dlg_repeats_every_day_only_the_time_of_day_is,string,,Repeats every day — only the time of day is used.,매일 반복됩니다 — 시각만 사용됩니다.,
dlg_repeats_every_month_only_the_day_of_the_month,string,,Repeats every month — only the day of the month and time are used.,매월 반복됩니다 — 날짜와 시각만 사용됩니다.,
dlg_repeats_every_week_only_the_weekday_and_time_are,string,,Repeats every week — only the weekday and time are used.,매주 반복됩니다 — 요일과 시각만 사용됩니다.,
dlg_repeats_every_year_the_year_is_ignored_so_e,string,,"Repeats every year — the year is ignored, so e.g. 24–26 Dec recurs each Christmas.",매년 반복됩니다 — 연도는 무시되므로 예를 들어 12월 24~26일은 매년 크리스마스마다 반복됩니다.,
dlg_required,string,, (required), (필수),keep the space at the start/end
dlg_required_state,string,,Required state,필수 상태,
dlg_resume_adaptation,string,,Resume adaptation,적응 재개,
dlg_resume,string,,Resume,재개,
dlg_reverse,string,,Reverse,역방향,
dlg_right,string,,Right,오른쪽,
dlg_right_side_overflows_left,string,,Right side overflows left,오른쪽이 왼쪽으로 넘침,
dlg_room_areas,string,,Room areas,방 영역,
dlg_room_climate,string,,Room climate,방 냉난방,
dlg_room_name,string,,Room name,방 이름,
dlg_run_mode,string,,Run mode,실행 모드,
dlg_running_state_entity,string,,Running-state entity,실행 상태 엔티티,
dlg_s_are,string,,s are,개가 있습니다,
dlg_save,string,,Save,저장,
dlg_save_in_home_assistant,string,,Save in Home Assistant,Home Assistant에 저장,don't translate Home Assistant
dlg_saved_directly_in_the_native_automation,string,,Saved directly in the native automation,네이티브 자동화에 직접 저장됨,
dlg_scheduled,string,,Scheduled,예약됨,
dlg_search_actions,string,,Search actions,작업 검색,
dlg_search_automations,string,,Search automations,자동화 검색,
dlg_season,string,,Season,계절,
dlg_select,string,,Select %1$s,%1$s 선택,keep %1$s
dlg_select_a_mode_to_continue,string,,Select a mode to continue,계속하려면 모드를 선택하세요,
dlg_select_battery_sensor,string,,Select Battery Sensor,배터리 센서 선택,
dlg_select_door_sensor,string,,Select Door Sensor,문 센서 선택,
dlg_select_empty_bin_control,string,,Select Empty Bin Control,빈 통 컨트롤 선택,
dlg_select_entities,string,,Select Entities,엔티티 선택,
dlg_select_entity,string,,Select Entity,엔티티 선택,
dlg_select_map_camera,string,,Select Map Camera,지도 카메라 선택,
dlg_select_media_players,string,,Select Media Players,미디어 플레이어 선택,
dlg_select_running_state_entity,string,,Select running-state entity,실행 상태 엔티티 선택,
dlg_select_target_entity,string,,Select Target Entity,대상 엔티티 선택,
dlg_select_the_alarm_panels_summarized_by_this_pill,string,,Select the alarm panels summarized by this pill,이 필에 요약되는 경보 패널 선택,
dlg_select_vacuum_entity,string,,Select Vacuum Entity,청소기 엔티티 선택,
dlg_select_water_level,string,,Select Water Level,수위 선택,
dlg_selected,string,,%1$s · Selected,%1$s · 선택됨,keep %1$s
dlg_set,string,,Set,설정,
dlg_shape,string,,Shape,모양,
dlg_shape_visible_information_and_icon_behavior,string,,"Shape, visible information, and icon behavior","모양, 표시 정보, 아이콘 동작",
dlg_show_a_descending_timer_when_the_value_is_a,string,,"Show a descending timer when the value is a completion time (e.g. a washer/dryer finish time). Active while counting, off at zero.",값이 완료 시간(예: 세탁기/건조기 종료 시간)일 때 카운트다운 타이머를 표시합니다. 카운트 중에는 활성화되고 0이 되면 꺼집니다.,
dlg_show_a_live_radar_rain_map_card_a_camera,string,,Show a live radar/rain map card — a camera entity or an embedded web page (iframe),실시간 레이더/강수 지도 카드를 표시하세요 — 카메라 엔티티 또는 삽입된 웹 페이지(iframe),
dlg_show_badge_bar,string,,Show badge bar,배지 바 표시,
dlg_show_the_entity_s_state_or_one_of_its,string,,"Show the entity's state, or one of its attributes instead.",엔티티의 상태 또는 속성 중 하나를 대신 표시합니다.,
dlg_side_split_alignment,string,,Side (split alignment),방향(분할 정렬),
dlg_snapshot,string,,Snapshot,스냅샷,
dlg_span_badges,string,,Span badges,배지 확장,
dlg_speed,string,,SPEED,속도,
dlg_start,string,,Start: %1$s,시작: %1$s,keep %1$s
dlg_start_with_a_useful_recipe_then_adjust_each_step,string,,"Start with a useful recipe, then adjust each step",유용한 레시피로 시작한 다음 각 단계를 조정하세요,
dlg_state,string,,State,상태,
dlg_state_text,string,,State text,상태 텍스트,
dlg_switch,string,,SWITCH,전환,
dlg_tap_hold_and_dialog_quick_actions,string,,"Tap, hold, and dialog quick actions","탭, 길게 누르기, 대화상자 빠른 작업",
dlg_target_range_percent,string,,TARGET (%1$s–%2$s%%),목표(%1$s~%2$s%%),keep %1$s %2$s
dlg_target,string,,Target,대상,
dlg_target_entity_optional,string,,Target entity (optional),대상 엔티티(선택 사항),
dlg_temperature,string,,Temperature,온도,
dlg_temperature_and_humidity_sources_for_the_room,string,,Temperature and humidity sources for the room,방의 온도 및 습도 소스,
dlg_value_with_unit,string,,%1$s%2$s,%1$s%2$s,keep %1$s %2$s
dlg_negative_value,string,,-%1$s,-%1$s,keep %1$s
dlg_spaced_temperature,string,,  %1$s°,  %1$s°,keep %1$s; keep the space at the start/end
dlg_value_and_unit,string,,%1$s %2$s,%1$s %2$s,keep %1$s %2$s
dlg_temperature_value,string,,%1$s°,%1$s°,keep %1$s
dlg_updating_value,string,,%1$s…,%1$s…,keep %1$s
dlg_sentence_pair,string,,%1$s. %2$s,%1$s. %2$s,keep %1$s %2$s
dlg_labeled_value_unit,string,,%1$s: %2$s%3$s,%1$s: %2$s%3$s,keep %1$s %2$s %3$s
dlg_selected_value,string,,✓ %1$s,✓ %1$s,keep %1$s
dlg_zoom_multiplier,string,,%1$s×,%1$s×,keep %1$s
dlg_page_of_pages,string,,%1$s/%2$s,%1$s/%2$s,keep %1$s %2$s
dlg_labeled_value,string,,%1$s: %2$s,%1$s: %2$s,keep %1$s %2$s
dlg_percentage,string,,%1$s%%,%1$s%%,keep %1$s
dlg_that_profile,string,,that profile,해당 프로필,
dlg_the_exact_dates_you_pick_leave_a_bound_as,string,,"The exact dates you pick. Leave a bound as ""Any"" for an open-ended range.",선택한 정확한 날짜입니다. 개방형 범위로 두려면 경계를 「모두」로 남겨두세요.,
dlg_the_room_header_and_card_show_a_single_player,string,,"The room header and card show a single player's media, or an active-player count when multiple players are selected.","방 헤더 및 카드는 단일 플레이어의 미디어를 표시하거나, 여러 플레이어가 선택된 경우 활성 플레이어 수를 표시합니다.",
dlg_thermostat_dial,string,,Thermostat dial,온도 조절 다이얼,
dlg_this_action_does_not_use_an_entity_target,string,,This action does not use an entity target.,이 작업은 엔티티 대상을 사용하지 않습니다.,
dlg_this_action_has_no_required_target_or_additional_fields,string,,This action has no required target or additional fields.,이 작업에는 필수 대상이나 추가 필드가 없습니다.,
dlg_this_automation_is_managed_outside_home_assistant_s_ui,string,,"This automation is managed outside Home Assistant's UI (usually YAML). HKI7 can show it, but will not overwrite it.",이 자동화는 Home Assistant UI 외부(주로 YAML)에서 관리됩니다. HKI7에서 표시할 수는 있지만 덮어쓰지는 않습니다.,"don't translate Home Assistant, HKI7"
dlg_this_entity,string,,This entity,이 엔티티,
dlg_this_light_is_paused_for_manual_control,string,,This light is paused for manual control.,이 조명은 수동 제어를 위해 일시 중지되었습니다.,
dlg_this_removes_all_imported_rooms_and_floors_from_this,string,,This removes all imported rooms and floors from this view.,이렇게 하면 이 화면에서 가져온 모든 방과 층이 제거됩니다.,
dlg_this_removes_the_native_automation_from_home_assistant_thi,string,,This removes the native automation from Home Assistant. This cannot be undone from HKI7.,이렇게 하면 Home Assistant에서 네이티브 자동화가 제거됩니다. HKI7에서는 이 작업을 실행 취소할 수 없습니다.,"don't translate Home Assistant, HKI7"
dlg_time,string,,Time,시간,
dlg_to_state,string,,To state,다음 상태,
dlg_turn_on,string,,Turn On,켜기,
dlg_unit,string,,Unit,단위,
dlg_untitled,string,,Untitled,제목 없음,
dlg_url_https,string,,URL (https://…),URL(https://…),
dlg_vacuum_entities,string,,Vacuum entities,청소기 엔티티,
dlg_vertical_slider,string,,Vertical slider,세로 슬라이더,
dlg_visibility,string,,Visibility,표시 여부,
dlg_visibility_alignment_and_overflow_behavior,string,,"Visibility, alignment, and overflow behavior","표시 여부, 정렬, 오버플로 동작",
dlg_visible_during,string,,Visible during,표시 기간,
dlg_waiting_for_home_assistant,string,,Waiting for Home Assistant,Home Assistant 대기 중,don't translate Home Assistant
dlg_wallpaper_and_optional_custom_color,string,,Wallpaper and optional custom color,배경화면 및 선택적 사용자 지정 색상,
dlg_wallpaper_url_or_path,string,,Wallpaper URL or path,배경화면 URL 또는 경로,
dlg_water_value,string,,Water: %1$s,물: %1$s,keep %1$s
dlg_water,string,,Water,물,
dlg_weather_details,string,,Weather details,날씨 세부 정보,
dlg_weather_entities,string,,Weather entities,날씨 엔티티,
dlg_when,string,,When,시기,
dlg_when_and_if_then,string,,When · And if · Then,시점 · 조건 · 실행,
dlg_widget_width,string,,Widget width,위젯 너비,
dlg_wind,string,,Wind,바람,
dlg_any,string,,Any,모두,
dlg_once,string,,Once,한 번,
dlg_daily,string,,Daily,매일,
dlg_weekly,string,,Weekly,매주,
dlg_monthly,string,,Monthly,매월,
dlg_yearly,string,,Yearly,매년,
dlg_default,string,,Default,기본값,
dlg_toggle,string,,Toggle,전환,
dlg_more_information,string,,More information,추가 정보,
dlg_navigate,string,,Navigate,이동,
dlg_url,string,,URL,URL,
dlg_home,string,,Home,홈,
dlg_rooms,string,,Rooms,방,
dlg_energy,string,,Energy,에너지,
dlg_climate,string,,Climate,공조,
dlg_security,string,,Security,보안,
dlg_battery,string,,Battery,배터리,
dlg_settings,string,,Settings,설정,
dlg_room_value,string,,Room · %1$s,방 · %1$s,keep %1$s
dlg_could_not_load_home_assistant_actions,string,,Could not load Home Assistant actions,Home Assistant 작업을 불러올 수 없습니다,don't translate Home Assistant
dlg_show_entity_default_this_one,string,,Show entity (default: this one),엔티티 표시(기본값: 이 항목),
dlg_target_entity_default_this_one,string,,Target entity (default: this one),대상 엔티티(기본값: 이 항목),
dlg_select_destination,string,,Select destination,대상 선택,
dlg_choose_target,string,,Choose target,대상 선택,
dlg_target_and_action_data,string,,Target and action data,대상 및 작업 데이터,
dlg_tap,string,,Tap,탭,
dlg_hold,string,,Hold,길게 누르기,
dlg_double_tap,string,,Double tap,두 번 탭,
dlg_alarm_disarmed,string,,Disarmed,해제됨,
dlg_alarm_armed_home,string,,Armed home,재실 모드 설정됨,
dlg_alarm_armed_away,string,,Armed away,외출 모드 설정됨,
dlg_alarm_armed_night,string,,Armed night,야간 모드 설정됨,
dlg_alarm_armed_vacation,string,,Armed vacation,휴가 모드 설정됨,
dlg_alarm_armed_custom,string,,Armed (custom),설정됨(사용자 지정),
dlg_alarm_arming,string,,Arming…,설정 중…,
dlg_alarm_disarming,string,,Disarming…,해제 중…,
dlg_alarm_triggered,string,,TRIGGERED,작동됨,
dlg_alarm_disarmed_message,string,,Alarm disarmed,경보 해제됨,
dlg_alarm_command,string,,Alarm command,경보 명령,
dlg_alarm_command_accepted,string,,%1$s accepted,%1$s 승인됨,keep %1$s
dlg_alarm_command_failed,string,,Command failed. Check the code and try again.,명령이 실패했습니다. 코드를 확인하고 다시 시도하세요.,
dlg_alarm_arming_cancelled,string,,Arming cancelled,설정이 취소되었습니다,
dlg_alarm_cancel_failed,string,,Cancellation failed. Check the code and try again.,취소하지 못했습니다. 코드를 확인하고 다시 시도하세요.,
dlg_alarm_arm_home,string,,Arm home,재실 모드로 설정,
dlg_alarm_arm_away,string,,Arm away,외출 모드로 설정,
dlg_alarm_arm_night,string,,Arm night,야간 모드로 설정,
dlg_alarm_arm_custom,string,,Arm custom,사용자 지정 모드로 설정,
dlg_alarm_arm_vacation,string,,Arm vacation,휴가 모드로 설정,
dlg_alarm_disarm,string,,Disarm,해제,
dlg_room_configuration,string,,Room configuration,방 구성,
dlg_choose_room_area_to_configure,string,,Choose a room area to configure,구성할 방 영역 선택,
dlg_focused_room_options,string,,Options for this room area,이 방 영역의 옵션,
dlg_general,string,,General,일반,
dlg_name_and_icon,string,,Name and icon,이름 및 아이콘,
dlg_header,string,,Header,헤더,
dlg_wallpaper_and_custom_color,string,,Wallpaper and custom color,배경화면 및 사용자 지정 색상,
dlg_badge_bar,string,,Badge bar,배지 바,
dlg_alignment_and_display_options,string,,Alignment and display options,정렬 및 표시 옵션,
dlg_assign_room_to_floor,string,,Assign this room to a floor,이 방을 층에 할당,
dlg_room_status,string,,Room status,방 상태,
dlg_room_status_summary,string,,"Media, activity, safety, and climate indicators","미디어, 활동, 안전, 냉난방 표시기",
dlg_reimport_from_home_assistant,string,,Re-import from Home Assistant,Home Assistant에서 다시 가져오기,don't translate Home Assistant
dlg_import_or_rebuild_rooms,string,,Import new rooms or rebuild every room,새 방 가져오기 또는 모든 방 다시 빌드,
dlg_clear_rooms_view_action,string,,Clear rooms view,방 화면 지우기,
dlg_remove_imported_rooms_and_floors,string,,Remove imported rooms and floors,가져온 방 및 층 제거,
dlg_room,string,,Room,방,
dlg_split,string,,Split,분할,
dlg_center,string,,Center,가운데,
dlg_doors,string,,Doors,문,
dlg_windows,string,,Windows,창문,
dlg_motion,string,,Motion,움직임,
dlg_presence,string,,Presence,재실,
dlg_lights,string,,Lights,조명,
dlg_devices,string,,Devices,기기,
dlg_smoke,string,,Smoke,연기,
dlg_gas,string,,Gas,가스,
dlg_fire,string,,Fire,화재,
dlg_full,string,,Full,전체,
dlg_half,string,,Half,절반,
dlg_third,string,,Third,1/3,
dlg_choose_vacuum_entity_instead,string,,Choose a vacuum entity instead,대신 청소기 엔티티 선택,
dlg_camera_live_page,string,,%1$d/%2$d · Live,%1$d/%2$d · 실시간,keep %1$d %2$d
dlg_weather,string,,Weather,날씨,
dlg_weather_and_season,string,,%1$s · %2$s,%1$s · %2$s,keep %1$s %2$s
dlg_weather_state_clear_night,string,,Clear night,맑은 밤,
dlg_weather_state_cloudy,string,,Cloudy,흐림,
dlg_weather_state_exceptional,string,,Exceptional,특이 기상,
dlg_weather_state_fog,string,,Fog,안개,
dlg_weather_state_hail,string,,Hail,우박,
dlg_weather_state_lightning,string,,Lightning,번개,
dlg_weather_state_lightning_rainy,string,,Thunderstorms,뇌우,
dlg_weather_state_partly_cloudy,string,,Partly cloudy,약간 흐림,
dlg_weather_state_pouring,string,,Pouring rain,쏟아지는 비,
dlg_weather_state_rainy,string,,Rainy,비오는 날,
dlg_weather_state_snowy,string,,Snowy,눈 덮인,
dlg_weather_state_snowy_rainy,string,,Sleet,진눈깨비,
dlg_weather_state_sunny,string,,Sunny,화창한,
dlg_weather_state_windy,string,,Windy,깜짝 놀란,
dlg_weather_state_windy_variant,string,,Windy and cloudy,바람이 많이 불고 흐림,
dlg_selected_entities_summary,plural,one,%1$d selected · %2$s,,needs translation; keep %1$d %2$s
dlg_selected_entities_summary,plural,other,%1$d selected · %2$s,%1$d 선택됨 · %2$s,keep %1$d %2$s
dlg_action_data_value_summary,plural,one,%1$s · %2$d data value,,needs translation; keep %1$s %2$d
dlg_action_data_value_summary,plural,other,%1$s · %2$d data values,%1$s · %2$d 데이터 값,keep %1$s %2$d
dlg_seconds_short,plural,one,%d sec,,needs translation; keep %d
dlg_seconds_short,plural,other,%d sec,%d초,keep %d
dlg_arming_in_seconds,plural,one,Arming in %d second,,needs translation; keep %d
dlg_arming_in_seconds,plural,other,Arming in %d seconds,%d초 후에 무장 설정,keep %d
energy_extra_sensors,string,,Energy sensors,에너지 센서,
energy_extra_settings,string,,Energy settings,에너지 설정,
energy_extra_previous_period,string,,Previous period,이전 기간,
energy_extra_next_period,string,,Next period,다음 기간,
energy_extra_empty_view_hint,string,,This energy view is empty. Swipe down on the header and open Energy settings to add entities manually.,이 에너지 관점은 비어 있습니다. 항목을 수동으로 추가하려면 헤더를 아래로 스와이프하고 에너지 설정을 엽니다.,
energy_extra_electricity,string,,Electricity,전기,
energy_extra_solar,string,,Solar,태양광,
energy_extra_home,string,,Home,홈,
energy_extra_battery,string,,Battery,배터리,
energy_extra_gas,string,,Gas,가스,
energy_extra_city_heating,string,,City heating,도시난방,
energy_extra_water,string,,Water,물,
energy_extra_energy,string,,Energy,에너지,
energy_extra_power,string,,Power,전원,
energy_extra_carbon,string,,Carbon,탄소,
energy_extra_devices,string,,Devices,기기,
energy_extra_device,string,,Device,기기,
energy_extra_importing,string,,Importing,가져오기,
energy_extra_exporting,string,,Exporting,내보내기,
energy_extra_idle,string,,Idle,대기 중,
energy_extra_charging,string,,Charging,충전 중,
energy_extra_discharging,string,,Discharging,방전,
energy_extra_producing,string,,Producing,생산,
energy_extra_consuming,string,,Consuming,태워 버리는,
energy_extra_grid_idle,string,,Grid idle,그리드 유휴,
energy_extra_importing_power,string,,Importing power,수입력,
energy_extra_exporting_power,string,,Exporting power,전력 수출,
energy_extra_battery_supporting,string,,Battery supplying power,배터리 공급 전원,
energy_extra_battery_charging,string,,Battery charging,배터리 충전,
energy_extra_solar_producing,string,,Solar producing,태양광 생산,
energy_extra_home_consuming,string,,Home consuming,집에서 소비하는,
energy_extra_energy_idle,string,,Energy idle,에너지 유휴,
energy_extra_today_value,string,,%1$s today,오늘 %1$s,keep %1$s
energy_extra_used_period,string,,Used %1$s,사용됨 %1$s,keep %1$s
energy_extra_produced_period,string,,Produced %1$s,생산됨 %1$s,keep %1$s
energy_extra_fossil_percentage,string,,%1$s%% fossil,%1$s%% 화석,keep %1$s
energy_extra_self_used_percentage,string,,Self-used · %1$d%%,자가 사용 · %1$d%%,keep %1$d
energy_extra_electricity_total,string,,Electricity total,전력총량,
energy_extra_top_consumers,string,,Top consumers,상위 소비 기기,
energy_extra_device_energy,string,,Device energy,기기 에너지,
energy_extra_individual_water_usage,string,,Individual water usage,개별 수도 사용량,
energy_extra_production,string,,Production,생산,
energy_extra_forecast,string,,Forecast,예보,
energy_extra_inverters,string,,Inverters,인버터,
energy_extra_now,string,,Now,지금,
energy_extra_usage,string,,Usage,용법,
energy_extra_total,string,,Total,전체,
energy_extra_cost,string,,Cost,비용,
energy_extra_charge,string,,Charge,요금,
energy_extra_grid_flow,string,,Grid flow,그리드 흐름,
energy_extra_self_sufficient,string,,Self-sufficient,자급자족,
energy_extra_carbon_footprint,string,,Carbon footprint,탄소 발자국,
energy_extra_self_used,string,,Self-used,자가 사용,
energy_extra_last_seven_days,string,,Last 7 days,지난 7일,
energy_extra_lifetime,string,,Lifetime,일생,
energy_extra_power_per_phase,string,,Power per phase,상(相)별 전력,
energy_extra_tariff_meter_readings,string,,Tariff meter readings,관세 미터 판독,
energy_extra_tariff_one,string,,Tariff 1,관세 1,
energy_extra_tariff_two,string,,Tariff 2,관세 2,
energy_extra_solar_production,string,,Solar production,태양광 생산,
energy_extra_category_overview,string,,Overview,개요,
energy_extra_category_electricity_subtitle,string,,"Grid power, phases, import/export, tariffs, and cost","그리드 전력, 위상, 수입/수출, 관세 및 비용",
energy_extra_category_solar_subtitle,string,,"Production, forecast, and inverter device","생산, 예측 및 인버터 장치",
energy_extra_category_battery_subtitle,string,,Charge level and battery power,충전 수준 및 배터리 전원,
energy_extra_category_carbon_subtitle,string,,Grid carbon-footprint device,그리드 탄소발자국 장치,
energy_extra_category_usage_cost_subtitle,string,,Usage and cost,사용량 및 비용,
energy_extra_category_devices_subtitle,string,,"Power, energy, and individual water devices","전력, 에너지, 개별 물 장치",
energy_extra_category_city_heating_subtitle,string,,"Heat energy, current output, and cost","열에너지, 전류 출력 및 비용",
energy_extra_card_live_source_tiles,string,,Live source tiles,라이브 소스 타일,
energy_extra_card_electricity_totals_usage,string,,Electricity totals and usage,전기 총량 및 사용량,
energy_extra_card_home_battery,string,,Home battery,가정용 배터리,
energy_extra_card_gas_usage,string,,Gas usage,가스 사용량,
energy_extra_card_city_heating_usage,string,,City-heating usage,도시난방 사용량,
energy_extra_card_water_usage,string,,Water usage,물 사용량,
energy_extra_card_device_energy_bars,string,,Device energy bars,장치 에너지 바,
energy_extra_select_energy_cards,string,,Select energy cards,에너지 카드 선택,
energy_extra_role_grid_power,string,,Grid power (W),그리드 전력(W),
energy_extra_role_home_power,string,,Home power (W),가정용 전력(W),
energy_extra_role_solar_power,string,,Solar power (W),태양광 발전(W),
energy_extra_role_battery_power,string,,Battery power (W),배터리 전력(W),
energy_extra_role_battery_level,string,,Battery level (%),배터리 잔량(%),
energy_extra_role_grid_import,string,,Grid import (kWh),전력망 수입(kWh),
energy_extra_role_grid_export,string,,Grid export (kWh),전력망 수출(kWh),
energy_extra_role_solar_production,string,,Solar production (kWh),태양광 생산량(kWh),
energy_extra_role_phase_one_power,string,,Phase 1 power,1단계 전력,
energy_extra_role_phase_two_power,string,,Phase 2 power,2단계 전력,
energy_extra_role_phase_three_power,string,,Phase 3 power,3단계 전력,
energy_extra_role_import_meter_tariff_one,string,,Import meter tariff 1,수입미터 관세 1,
energy_extra_role_import_meter_tariff_two,string,,Import meter tariff 2,수입미터 관세 2,
energy_extra_role_export_meter_tariff_one,string,,Export meter tariff 1,미터 수출 관세 1,
energy_extra_role_export_meter_tariff_two,string,,Export meter tariff 2,미터 수출 관세 2,
energy_extra_role_energy_cost,string,,Energy cost,에너지 비용,
energy_extra_role_gas_total,string,,Gas total (m³),가스 총량(m³),
energy_extra_role_gas_flow_now,string,,Gas flow (now),가스 흐름(현재),
energy_extra_role_gas_cost,string,,Gas cost,가스비,
energy_extra_role_water_total,string,,Water total,총 물,
energy_extra_role_water_flow_now,string,,Water flow (now),물 흐름 (현재),
energy_extra_role_water_cost,string,,Water cost,물 비용,
energy_extra_role_individual_water_devices,string,,Individual water devices,개별 물 장치,
energy_extra_role_power_devices,string,,Power devices,전원 장치,
energy_extra_role_energy_devices,string,,Energy devices,에너지 장치,
energy_extra_sensor_current_power_import,string,,"Current power (W, + = import)","현재 전력(W, + = 수입)",
energy_extra_sensor_power_phase_one,string,,Power phase 1 (W),전력 1단계(W),
energy_extra_sensor_power_phase_two,string,,Power phase 2 (W),전력 2단계(W),
energy_extra_sensor_power_phase_three,string,,Power phase 3 (W),전력 3단계(W),
energy_extra_sensor_current_phase_one,string,,Current phase 1 (A),전류 1상(A),
energy_extra_sensor_current_phase_two,string,,Current phase 2 (A),전류 2상(A),
energy_extra_sensor_current_phase_three,string,,Current phase 3 (A),전류 3상(A),
energy_extra_sensor_voltage_phase_one,string,,Voltage phase 1 (V),전압 위상 1(V),
energy_extra_sensor_voltage_phase_two,string,,Voltage phase 2 (V),전압 위상 2(V),
energy_extra_sensor_voltage_phase_three,string,,Voltage phase 3 (V),전압 3상(V),
energy_extra_sensor_home_consumption_power,string,,Home consumption power (W),가정소비전력(W),
energy_extra_sensor_energy_import,string,,Energy import (kWh),에너지 수입량(kWh),
energy_extra_sensor_energy_import_tariff_one,string,,Energy import tariff 1 (kWh),에너지 수입관세 1(kWh),
energy_extra_sensor_energy_import_tariff_two,string,,Energy import tariff 2 (kWh),에너지 수입관세 2(kWh),
energy_extra_sensor_energy_export,string,,Energy export (kWh),에너지 수출(kWh),
energy_extra_sensor_energy_export_tariff_one,string,,Energy export tariff 1 (kWh),에너지 수출관세 1(kWh),
energy_extra_sensor_energy_export_tariff_two,string,,Energy export tariff 2 (kWh),에너지 수출관세 2(kWh),
energy_extra_sensor_energy_cost_today,string,,Energy cost today,오늘의 에너지 비용,
energy_extra_sensor_current_power_production,string,,Current power production (W),현재 전력 생산량(W),
energy_extra_sensor_energy_production_today,string,,Energy production today (kWh),오늘의 에너지 생산량(kWh),
energy_extra_sensor_energy_production_seven_days,string,,Energy production over the last 7 days,지난 7일 동안의 에너지 생산량,
energy_extra_sensor_lifetime_energy_production,string,,Lifetime energy production,평생 에너지 생산,
energy_extra_sensor_battery_power_charging,string,,"Battery power (W, + = charging)","배터리 전력(W, + = 충전 중)",
energy_extra_sensor_gas_used_today,string,,Gas used today (m³),오늘 사용된 가스(m³),
energy_extra_sensor_current_gas_flow,string,,"Current gas flow (m³/h, optional)","현재 가스 유량(m³/h, 옵션)",
energy_extra_sensor_gas_cost_today,string,,Gas cost today,오늘 가스비,
energy_extra_sensor_city_heating_total,string,,Heat energy total (J/MJ/GJ/kWh),열에너지 합계(J/MJ/GJ/kWh),
energy_extra_sensor_city_heating_current,string,,Current heat output (optional),현재 열 출력(옵션),
energy_extra_sensor_city_heating_cost,string,,City-heating cost,도시난방비,
energy_extra_estimated_gas_equivalent,string,,Estimated gas equivalent,추정 가스 등가물,
energy_extra_estimated_gas_note,string,,Based on 35.17 MJ per m³ of natural gas,천연가스 m³당 35.17MJ 기준,
energy_extra_sensor_water_used_today,string,,Water used today (L/m³),오늘 사용한 물(L/m3),
energy_extra_sensor_current_water_flow,string,,"Current water flow (L/min, optional)","현재 물 흐름(L/min, 옵션)",
energy_extra_sensor_water_cost_today,string,,Water cost today,오늘의 물 비용,
energy_extra_picker_top_consumer_devices,string,,Top-consumer devices,최고 소비자 기기,
energy_extra_picker_device_energy_counters,string,,Device energy counters,장치 에너지 카운터,
energy_extra_auto_power_sensors_help,string,,All sensors with device_class power are included automatically. Remove a device to create your own list.,device_class 전력을 가진 모든 센서가 자동으로 포함됩니다. 나만의 목록을 만들려면 기기를 삭제하세요.,
energy_extra_auto_energy_sensors_help,string,,All sensors with device_class energy are included automatically. Their counter changes are used for the selected period.,device_class 에너지가 있는 모든 센서가 자동으로 포함됩니다. 카운터 변경 사항은 선택한 기간 동안 사용됩니다.,
energy_extra_currency,string,,Currency,통화,
energy_extra_currency_subtitle,string,,Which currency the cost stats are shown in,비용 통계가 표시되는 통화,
energy_extra_currency_search,string,,Search currencies,통화 검색,
energy_extra_currency_automatic,string,,Automatic,오토매틱,
energy_extra_currency_automatic_subtitle,string,,"Follow your cost sensors, then your device region",비용 센서를 따르고 장치 지역을 따릅니다.,
energy_extra_currency_automatic_value,string,,Automatic (%1$s),자동(%1$s),keep %1$s
energy_extra_currency_manual_value,string,,%1$s (%2$s),%1$s (%2$s),keep %1$s %2$s
energy_extra_energy_card,string,,Energy card,에너지 카드,
energy_extra_energy_card_subtitle,string,,Data sources and card appearance,데이터 소스 및 카드 모양,
energy_extra_card_and_data,string,,Card and data,카드 및 데이터,
energy_extra_energy_stack,string,,Energy stack,에너지 스택,
energy_extra_energy_stack_subtitle,string,,"Cards, data sources, and layout","카드, 데이터 소스, 레이아웃",
energy_extra_cards_and_data,string,,Cards and data,카드 및 데이터,
events_tab,string,,Events,이벤트,
events_empty,string,,No events yet,아직 이벤트가 없습니다,
events_empty_hint,string,,Recent activity for the entities your family admin added to the timeline appears here.,가족 관리자가 타임라인에 추가한 개체의 최근 활동이 여기에 표시됩니다.,
events_not_configured,string,,No events are being tracked,추적 중인 이벤트가 없습니다.,
events_not_configured_admin,string,,Choose which entities appear here in Settings › Family Sharing › Events.,설정 > 가족 공유 > 이벤트에서 여기에 표시할 엔터티를 선택하세요.,
events_not_configured_member,string,,Your family admin decides which entities appear here.,가족 관리자가 여기에 표시할 엔터티를 결정합니다.,
events_unavailable,string,,The event timeline needs HKI 7 Cloud %1$s.,이벤트 타임라인에는 HKI 7 Cloud %1$s이 필요합니다.,keep %1$s; don't translate HKI 7 Cloud
events_set_up_button,string,,Choose entities,엔터티 선택,
events_no_matches,string,,No matching events,일치하는 이벤트가 없습니다.,
events_loading,string,,Loading events…,이벤트 로드 중…,
events_today,string,,Today,오늘,
events_yesterday,string,,Yesterday,어제,
events_by,string,,by %1$s,작성자: %1$s,keep %1$s
events_filter_all,string,,All,전체,
event_category_door,string,,Doors,문,
event_category_window,string,,Windows,창문,
event_category_motion,string,,Motion,움직임,
event_category_moisture,string,,Water,물,
event_category_safety,string,,Smoke & gas,연기 및 가스,
event_category_problem,string,,Problems,문제,
event_category_battery,string,,Batteries,배터리,
event_category_connectivity,string,,Connectivity,연결성,
event_category_light,string,,Lights,조명,
event_category_switch,string,,Switches,스위치,
event_category_lock,string,,Locks,잠금장치,
event_category_cover,string,,Covers,커버,
event_category_climate,string,,Climate,공조,
event_category_presence,string,,People,사람,
event_category_alarm,string,,Alarm,경보,
event_category_media,string,,Media,미디어,
event_category_vacuum,string,,Vacuum,청소기,
event_category_automation,string,,Automations,자동화,
event_category_sensor,string,,Sensors,센서,
event_verb_opened,string,,was opened,열렸다,
event_verb_closed,string,,was closed,문을 닫았어,
event_verb_opening,string,,is opening,개점 중,
event_verb_closing,string,,is closing,문을 닫는다,
event_verb_locked,string,,was locked,잠겨 있었다,
event_verb_unlocked,string,,was unlocked,잠금이 해제되었습니다,
event_verb_motion_detected,string,,detected motion,감지된 움직임,
event_verb_motion_cleared,string,,stopped detecting motion,모션 감지가 중지되었습니다.,
event_verb_moisture_detected,string,,detected moisture,수분 감지됨,
event_verb_moisture_cleared,string,,is dry again,또 말랐어,
event_verb_alarm_detected,string,,raised an alarm,경보를 울렸다,
event_verb_alarm_cleared,string,,cleared,삭제됨,
event_verb_problem_detected,string,,reported a problem,문제를 보고했습니다,
event_verb_problem_cleared,string,,is back to normal,정상으로 돌아왔어,
event_verb_battery_low,string,,reported a low battery,배터리 부족을 보고했습니다,
event_verb_battery_normal,string,,has a healthy battery again,배터리가 다시 건강해졌네요,
event_verb_connected,string,,came online,온라인에 접속했습니다,
event_verb_disconnected,string,,went offline,오프라인으로 전환됨,
event_verb_turned_on,string,,was turned on,켜졌다,
event_verb_turned_off,string,,was turned off,꺼졌어,
event_verb_detected,string,,was triggered,트리거되었습니다,
event_verb_cleared,string,,cleared,삭제됨,
event_verb_arrived_home,string,,arrived home,집에 도착했다,
event_verb_left_home,string,,left home,집을 떠났다,
event_verb_arrived_at,string,,arrived at %1$s,%1$s에 도착함,keep %1$s
event_verb_disarmed,string,,was disarmed,무장해제됐다,
event_verb_armed,string,,was armed,무장했다,
event_verb_arming,string,,is arming,무장하고 있다,
event_verb_pending,string,,is counting down,카운트다운 중이다,
event_verb_triggered,string,,was triggered,트리거되었습니다,
event_verb_set_to,string,,was set to %1$s,%1$s로 설정되었습니다.,keep %1$s
event_verb_started_cleaning,string,,started cleaning,청소를 시작했다,
event_verb_returning_to_dock,string,,is returning to its dock,부두로 돌아가는 중이다,
event_verb_docked,string,,docked,도킹된,
event_verb_started_playing,string,,started playing,연주를 시작했다,
event_verb_paused,string,,was paused,일시중지되었습니다,
event_verb_stopped,string,,stopped,중지됨,
event_verb_generic,string,,changed to %1$s,%1$s로 변경됨,keep %1$s
ui_0f_s_788ca6f,string,,%.0f %s,%.0f %s,keep %.0f %s
ui_1_advanced_shorthand_block_kept_unchanged_d4dcbd7,string,,1 advanced shorthand block (kept unchanged),고급 축약 블록 1개(변경되지 않음),
ui_1f_16b5d7d,string,,%.1f,%.1f,keep %.1f
ui_1f_b07a377,string,,%.1f°,%.1f°,keep %.1f
ui_1f_c_5b83308,string,,%.1f °C,%.1f °C,keep %.1f
ui_1f_kwh_507c039,string,,%.1f kWh,%.1f kWh,keep %.1f
ui_1f_kwh_self_used_b4798a5,string,, · %%.1f kWh self-used (%1$s%%%%), · %%.1f kWh 자가 사용 (%1$s%%%%),keep %1$s; keep the space at the start/end
ui_1f_of_1f_kwh_d_00c25f6,string,,%.1f of %.1f kWh · %d%%,%.1f / %.1f kWh · %d%%,keep %.1f %d
ui_1f_s_0cafc63,string,,%.1f %s,%.1f %s,keep %.1f %s
ui_24_hour_format_b195a8f,string,,24-Hour Format,24시간 형식,
ui_2f_kwh_76c1688,string,,%.2f kWh,%.2f kWh,keep %.2f
ui_a_fast_auto_generating_dashboard_for_home_assistant_let_0fad4a9,string,,"A fast, auto-generating dashboard for Home Assistant\nLet's connect to your server.",Home Assistant를 위한 빠르고 자동 생성되는 대시보드\n서버에 연결해 보세요.,don't translate Home Assistant; \n = line break
ui_a_modern_touch_first_android_dashboard_and_companion_for_814cbdb,string,,"A modern, touch-first Android dashboard and companion for Home Assistant.",Home Assistant를 위한 현대적인 터치 우선 Android 대시보드 겸 컴패니언 앱입니다.,don't translate Home Assistant
ui_about_6b21fb7,string,,About,정보,
ui_accidental_touch_protection_e2683f4,string,,Accidental-touch protection,오터치 방지,
ui_account_85dfa32,string,,Account,계정,
ui_action_49924bc,string,,%1$s action,작업 %1$s개,keep %1$s
ui_action_97c89a4,string,,Action,작업,
ui_action_data_e5a7704,string,,Action data,작업 데이터,
ui_action_data_object_8850c05,string,,Action data object,작업 데이터 객체,
ui_action_details_d623b1c,string,,Action details,작업 세부 정보,
ui_active_0af2854,string,,%1$s · %2$s active,%1$s · %2$s 활성,keep %1$s %2$s
ui_active_25ff32f,string,,%1$s/%2$s active,%1$s/%2$s 활성,keep %1$s %2$s
ui_active_a733b80,string,,Active,활성,
ui_active_c7260b5,string,,%1$s%% • ACTIVE,%1$s%% • 활성,keep %1$s
ui_active_connection_54db7a1,string,,Active connection,활성 연결,
ui_activity_81c0d91,string,,Activity,활동,
ui_activity_indication_and_collapsing_0764a94,string,,Activity indication and collapsing,활동 표시 및 접기,
ui_adapt_now_c30eb08,string,,Adapt now,지금 적용,
ui_adaptive_lighting_7587880,string,,Adaptive lighting,적응형 조명,
ui_adaptive_lighting_e2cffbd,string,,Adaptive Lighting,Adaptive Lighting,
ui_adaptive_lighting_is_unavailable_6b9ada3,string,,Adaptive Lighting is unavailable,Adaptive Lighting를 사용할 수 없습니다,
ui_add_016df71,string,,Add (%1$s),추가 (%1$s),keep %1$s
ui_add_4_10_entity_buttons_to_this_dialog_s_cdedf23,string,,Add 4–10 entity buttons to this dialog's nav bar.,이 대화상자의 탐색 바에 엔티티 버튼 4~10개를 추가하세요.,
ui_add_61cc55a,string,,Add,추가,
ui_add_and_edit_each_chart_in_this_stack_0c0cb11,string,,Add and edit each chart in this stack,이 스택의 각 차트를 추가하고 편집하세요,
ui_add_at_least_one_step_3620909,string,,Add at least one step,최소 하나 이상의 단계를 추가하세요,
ui_add_button_3d7db43,string,,Add button,버튼 추가,
ui_add_camera_cf03528,string,,Add Camera,카메라 추가,
ui_add_carrier_device_7945283,string,,Add carrier device,택배사 기기 추가,
ui_add_current_network_64cabf3,string,,"Add current network ""%1$s""","현재 네트워크 ""%1$s"" 추가",keep %1$s
ui_add_custom_buttons_83a0768,string,,Add Custom Buttons,사용자 지정 버튼 추가,
ui_add_custom_camera_url_aab29ef,string,,Add Custom Camera URL,사용자 지정 카메라 URL 추가,
ui_add_entities_333152e,string,,Add entities,엔티티 추가,
ui_add_entity_f99dc1d,string,,Add entity,엔티티 추가,
ui_add_every_integration_account_that_should_contribute_parce_ce58afb,string,,Add every integration account that should contribute parcels,택배 정보를 제공할 모든 통합 계정을 추가하세요,
ui_add_floor_63c715d,string,,Add Floor,층 추가,
ui_add_graph_079e4ca,string,,Add graph,그래프 추가,
ui_add_home_assistant_a6ccea8,string,,Add Home Assistant,Home Assistant 추가,don't translate Home Assistant
ui_add_home_assistant_instance_625838a,string,,Add Home Assistant instance,Home Assistant 인스턴스 추가,don't translate Home Assistant
ui_add_individual_water_meters_to_compare_their_usage_daec0de,string,,Add individual water meters to compare their usage.,개별 수도 계량기를 추가하여 사용량을 비교하세요.,
ui_add_instance_step_df337b3,string,,add_instance_step,add_instance_step,
ui_add_more_for_a_full_row_ed977e3,string,,Add %1$s more for a full row.,한 줄을 채우려면 %1$s개를 더 추가하세요.,keep %1$s
ui_add_one_focused_card_c2f2ed8,string,,Add one focused card,집중 카드 하나 추가,
ui_add_or_edit_entities_b59919b,string,,Add or edit entities,엔티티 추가 또는 편집,
ui_add_parcel_82c0bf8,string,,Add parcel,택배 추가,
ui_add_parcel_bde8afb,string,,Add Parcel,택배 추가,
ui_add_room_5a95991,string,,Add Room,방 추가,
ui_add_sensors_d6df16f,string,,Add sensors,센서 추가,
ui_add_to_cd52e85,string,,Add to %1$s,%1$s에 추가,keep %1$s
ui_add_widget_a9df350,string,,Add Widget,위젯 추가,
ui_add_widget_dd4416e,string,,Add widget,위젯 추가,
ui_adding_ffb2e62,string,,Adding…,추가하는 중…,
ui_admin_b38222e,string,,%1$s (admin),%1$s (관리자),keep %1$s
ui_administrative_controls_for_your_home_assistant_server_e56ebd9,string,,Administrative controls for your Home Assistant server,Home Assistant 서버에 대한 관리 제어,don't translate Home Assistant
ui_advanced_4d06472,string,,Advanced,고급,
ui_advanced_action_data_json_622e363,string,,Advanced action data (JSON),고급 작업 데이터(JSON),
ui_advanced_shorthand_blocks_kept_unchanged_aa253ae,string,,%1$s advanced shorthand blocks (kept unchanged),고급 축약 블록 %1$s개(변경되지 않음),keep %1$s
ui_aesthetic_changes_only_f31f444,string,,Aesthetic changes only,외관 변경만,
ui_aggregate_carriers_eae26c7,string,,Aggregate carriers,택배사 통합,
ui_agree_ee68d34,string,,Agree,동의,
ui_air_circulating_273e82b,string,,Air circulating,공기 순환 중,
ui_air_circulation_devices_a14e95d,string,,Air circulation devices,공기 순환 기기,
ui_air_cleaning_devices_4364277,string,,Air cleaning devices,공기 청정 기기,
ui_air_purifiers_476147b,string,,Air purifiers,공기청정기,
ui_air_purifiers_are_fan_entities_in_home_assistant_so_3fa4fdb,string,,"Air purifiers are fan entities in Home Assistant, so they can't be auto-detected. Select yours here.",공기청정기는 Home Assistant에서 팬 엔티티이므로 자동으로 감지할 수 없습니다. 여기서 직접 선택하세요.,don't translate Home Assistant
ui_airphase_1f2d2b6,string,,airPhase,airPhase,
ui_alarm_25f8c55,string,,Alarm,경보,
ui_alarm_entities_b462ba5,string,,Alarm entities,경보 엔티티,
ui_alarm_pending_e2c04aa,string,,Alarm pending,경보 대기 중,
ui_alarm_triggered_641ff6f,string,,Alarm triggered,경보 작동됨,
ui_alarm_unavailable_867909b,string,,Alarm unavailable,경보 사용 불가,
ui_alignment_7f8c517,string,,Alignment,정렬,
ui_all_6a72085,string,,All,전체,
ui_all_batteries_ok_9676f73,string,,All batteries OK,모든 배터리 정상,
ui_all_calendar_entities_bffb01d,string,,All calendar entities,모든 캘린더 엔티티,
ui_all_levels_6b4fde3,string,,All levels,모든 층,
ui_all_off_97b7833,string,,All off,모두 끄기,
ui_all_thermostats_59c8297,string,,All thermostats,모든 온도조절기,
ui_all_types_30c8a0f,string,,All types,모든 유형,
ui_allow_all_the_time_d91ab85,string,,Allow All The Time,항상 허용,
ui_allow_editing_24f2b54,string,,Allow editing,편집 허용,
ui_allow_theme_colors_icons_names_and_wallpaper_but_not_efc8a97,string,,"Allow theme, colors, icons, names and wallpaper — but not adding or removing widgets, buttons or rooms","테마, 색상, 아이콘, 이름, 배경 화면은 허용하지만 위젯, 버튼, 방 추가/삭제는 허용하지 않음",
ui_always_a91bcce,string,,Always,항상,
ui_an_admin_can_share_one_dashboard_with_the_whole_5a5434d,string,,"An admin can share one dashboard with the whole family so everyone gets the same layout. To use it, an admin needs to install the HKI 7 Cloud component and share a dashboard first.",관리자는 대시보드 하나를 가족 전체와 공유하여 모두 동일한 레이아웃을 사용하게 할 수 있습니다. 사용하려면 관리자가 먼저 HKI 7 Cloud 컴포넌트를 설치하고 대시보드를 공유해야 합니다.,don't translate HKI 7 Cloud
ui_an_admin_needs_to_install_the_hki_7_cloud_0e9241b,string,,An admin needs to install the HKI 7 Cloud component and share a dashboard first.,관리자가 먼저 HKI 7 Cloud 컴포넌트를 설치하고 대시보드를 공유해야 합니다.,don't translate HKI 7 Cloud
ui_android_location_permission_2ff3839,string,,Android Location Permission,Android 위치 권한,
ui_animated_icons_aa39cfe,string,,Animated icons,애니메이션 아이콘,
ui_animation_62afd21,string,,Animation,애니메이션,
ui_announced_letter_3a7ac05,string,,Announced letter,발송 예고 우편,
ui_any_state_c7274cb,string,,Any state,모든 상태,
ui_appearance_41def7a,string,,Appearance,모양,
ui_applies_to_all_dashboard_buttons_widgets_stacks_rooms_and_9715deb,string,,"Applies to all dashboard buttons, widgets, stacks, rooms, and cards.","모든 대시보드 버튼, 위젯, 스택, 방, 카드에 적용됩니다.",
ui_apply_cfea419,string,,Apply,적용,
ui_archived_eddc813,string,,Archived,보관됨,
ui_are_you_sure_you_want_to_clear_battery_config_3e19f24,string,,Are you sure you want to clear battery config?,배터리 구성을 지우시겠습니까?,
ui_armed_32caa31,string,,Armed,경계 중,
ui_armed_away_6834abf,string,,Armed away,외출 모드 설정됨,
ui_armed_home_c8d0b44,string,,Armed home,재실 모드 설정됨,
ui_armed_night_80659bd,string,,Armed night,야간 모드 설정됨,
ui_arming_in_seconds_b9e07a8,string,,Arming in %1$s seconds,%1$s초 후 경계 설정,keep %1$s
ui_aspect_ratio_4e077cf,string,,Aspect ratio,가로세로 비율,
ui_aspect_ratio_used_by_every_stream_275bb52,string,,Aspect ratio used by every stream,모든 스트림에 사용되는 화면 비율,
ui_astronomical_tap_or_swipe_683fe28,string,,Astronomical · tap or swipe,천문 · 탭 또는 스와이프,
ui_at_target_6a8dbb5,string,,At target,목표 도달,
ui_auto_c614ba7,string,,Auto,자동,
ui_auto_dashboard_c7a509a,string,,Auto dashboard,자동 대시보드,
ui_auto_discovered_e0643da,string,,Auto-discovered,자동 발견됨,
ui_auto_generate_0f86c24,string,,Auto Generate,자동 생성,
ui_auto_generate_1502534,string,,Auto generate,자동 생성,
ui_auto_generation_is_a_one_time_starting_point_the_6b317fe,string,,"Auto generation is a one-time starting point. The Home page starts empty in either mode, and you can re-import Home Assistant data later from individual views.","자동 생성은 일회성 시작점입니다. 홈 페이지는 어느 모드에서든 비어 있는 상태로 시작하며, 나중에 각 화면에서 Home Assistant 데이터를 다시 가져올 수 있습니다.",don't translate Home Assistant
ui_auto_manual_342b68e,string,,Auto + %1$s manual,자동 + 수동 %1$s개,keep %1$s
ui_auto_none_f606e9b,string,,Auto / none,자동 / 없음,
ui_auto_scan_150eb4b,string,,Auto-scan,자동 스캔,
ui_auto_unavailable_33737ba,string,,Auto / unavailable,자동 / 사용 불가,
ui_automatic_cloud_backup_494d882,string,,Automatic cloud backup,자동 클라우드 백업,
ui_automatic_configuration_only_battery_class_percentage_sens_ce9ab03,string,,Automatic configuration: only battery-class percentage sensors are included.,자동 구성: 배터리 클래스 백분율 센서만 포함됩니다.,
ui_automatic_local_cloud_backup_7aef407,string,,Automatic local cloud backup,자동 로컬 클라우드 백업,
ui_automatic_paging_and_transition_style_792709a,string,,Automatic paging and transition style,자동 페이징 및 전환 스타일,
ui_automatically_backs_up_your_dashboard_and_appearance_setti_cd89812,string,,"Automatically backs up your dashboard and appearance settings to your own Home Assistant every day, so you can restore them any time. Requires the HKI 7 Cloud custom component (install it via HACS).",매일 대시보드와 모양 설정을 자신의 Home Assistant에 자동으로 백업하여 언제든지 복원할 수 있게 합니다. HKI 7 Cloud 사용자 지정 컴포넌트가 필요합니다 (HACS로 설치).,"don't translate HKI 7 Cloud, Home Assistant"
ui_automation_a15fde5,string,,Automation,자동화,
ui_automations_even_when_the_app_is_closed_or_not_d27e5b1,string,,"automations, even when the app is closed or not in use.\n\n",앱이 닫혀 있거나 사용 중이 아니어도 자동화가 동작합니다.\n\n,\n = line break
ui_autoplay_95619b5,string,,Autoplay,자동 재생,
ui_average_93a8018,string,,average,평균,
ui_azimuth_d2fbdb3,string,,Azimuth,방위각,
ui_back_b52b36b,string,,Back,뒤로,
ui_back_up_now_527bf1a,string,,Back up now,지금 백업,
ui_background_image_url_or_path_dfc4908,string,,Background image (URL or path),배경 이미지 (URL 또는 경로),
ui_background_location_5f56f21,string,,Background location,백그라운드 위치,
ui_background_notifications_563a463,string,,Background notifications,백그라운드 알림,
ui_background_usage_fd8ed73,string,,Background Usage,백그라운드 사용,
ui_backing_up_f600558,string,,Backing up…,백업하는 중…,
ui_backspace_88d130a,string,,Backspace,백스페이스,
ui_backup_and_restore_a593246,string,,Backup and Restore,백업 및 복원,
ui_backup_dd96994,string,,Backup,백업,
ui_backups_contain_dashboard_and_appearance_configuration_onl_d5856be,string,,"Backups contain dashboard and appearance configuration only. Connection details, app permissions, location state, and notification history are not included.","백업에는 대시보드 및 모양 구성만 포함됩니다. 연결 정보, 앱 권한, 위치 상태, 알림 기록은 포함되지 않습니다.",
ui_badge_bar_layout_4b4dfdd,string,,Badge bar layout,배지 바 레이아웃,
ui_bars_ad5fb3b,string,,Bars,막대,
ui_batt_679d0aa,string,,Batt,배터리,
ui_batteries_0970f9d,string,,Batteries,배터리,
ui_battery_4a9be04,string,,Battery,배터리,
ui_battery_74dff99,string,,Battery: %1$s,배터리: %1$s,keep %1$s
ui_battery_attention_0feaa08,string,,battery-attention,battery-attention,
ui_battery_battery_notes_only_14e5936,string,,Battery+ / Battery Notes only,Battery+ / 배터리 메모만,
ui_battery_energy_25638f8,string,,battery-energy,battery-energy,
ui_battery_entities_visible_9299588,string,,%1$s battery entities visible,배터리 엔티티 %1$s개 표시됨,keep %1$s
ui_battery_fill_8b6793e,string,,battery-fill,battery-fill,
ui_battery_health_12c0ce4,string,,BATTERY HEALTH,배터리 상태,
ui_battery_health_8cc8e64,string,,BATTERY+ HEALTH,BATTERY+ 상태,
ui_battery_level_is_healthy_1de4c4f,string,,Battery level is healthy,배터리 수준이 양호합니다,
ui_battery_levels_7c61b65,string,,Battery Levels,배터리 수준,
ui_battery_optimization_7676ca5,string,,Battery Optimization,배터리 최적화,
ui_battery_orbit_9aa5d8c,string,,battery-orbit,battery-orbit,
ui_battery_rules_be75b3c,string,,Battery rules,배터리 규칙,
ui_battery_sensor_optional_0e261e6,string,,Battery sensor (optional),배터리 센서 (선택),
ui_behavior_70cb647,string,,Behavior,동작,
ui_birthday_yyyy_mm_dd_d1a9b03,string,,Birthday (YYYY-MM-DD),생일 (YYYY-MM-DD),
ui_bold_100_1b94255,string,,Bold (+100),볼드 (+100),
ui_bolder_200_9cc5d65,string,,Bolder (+200),더 볼드 (+200),
ui_boldest_300_c5a490d,string,,Boldest (+300),가장 볼드 (+300),
ui_boldness_10b6938,string,,Boldness · %1$s,굵기 · %1$s,keep %1$s
ui_brand_and_third_party_work_8d6d517,string,,Brand and third-party work,브랜드 및 제3자 저작물,
ui_brightness_222d6d5,string,,%1$s brightness,%1$s 밝기,keep %1$s
ui_brightness_8e06ad0,string,,BRIGHTNESS,밝기,
ui_brightness_slider_a427c80,string,,Brightness slider,밝기 슬라이더,
ui_build_the_interface_entirely_your_way_e94582f,string,,Build the interface entirely your way.,인터페이스를 완전히 나만의 방식으로 구성하세요.,
ui_building_your_dashboard_2943961,string,,Building your dashboard,대시보드를 구성하는 중,
ui_built_in_20f409c,string,,Built-in,기본 제공,
ui_button_794145f,string,,Button,버튼,
ui_button_image_2483e32,string,,Button image,버튼 이미지,
ui_button_lock_28d87b1,string,,Button lock,버튼 잠금,
ui_button_stack_ee9e7f8,string,,Button Stack,버튼 스택,
ui_button_type_890a578,string,,Button type,버튼 유형,
ui_buttons_available_from_this_person_s_detail_dialog_ab3f9f9,string,,Buttons available from this person's detail dialog,이 구성원의 상세 대화상자에서 사용 가능한 버튼,
ui_c_286a95c,string,,%1$s %2$s°C,%1$s %2$s°C,keep %1$s %2$s
ui_c_3d3c16f,string,,%1$s - %2$s°C,%1$s - %2$s°C,keep %1$s %2$s
ui_c_a178665,string,,°C,°C,
ui_calendar_content_1f185c8,string,,Calendar content,캘린더 콘텐츠,
ui_calendars_9444501,string,,Calendars,캘린더,
ui_camera_4da9c9a,string,,Camera,카메라,
ui_camera_aspect_ratio_928bf09,string,,Camera aspect ratio,카메라 화면 비율,
ui_camera_display_20a9c82,string,,Camera display,카메라 표시,
ui_camera_feed_cc1f19e,string,,Camera Feed,카메라 피드,
ui_camera_page_6b1987b,string,,camera_page,camera_page,
ui_camera_stack_645ea0f,string,,Camera Stack,카메라 스택,
ui_camera_url_0eebe87,string,,Camera URL,카메라 URL,
ui_cameras_d3daff3,string,,Cameras,카메라,
ui_camerascan_00bd2cb,string,,cameraScan,cameraScan,
ui_can_t_reach_the_server_73079bd,string,,Can't reach the server,서버에 연결할 수 없습니다,
ui_cancel_77dfd21,string,,Cancel,취소,
ui_cancel_arming_5d383c8,string,,Cancel arming,설정 취소,
ui_card_4d4ce73,string,,Card,카드,
ui_card_data_4a42176,string,,Card & data,카드 및 데이터,
ui_card_entities_e548a55,string,,Card & entities,카드 및 엔티티,
ui_card_layout_f83b655,string,,Card layout,카드 레이아웃,
ui_card_settings_1a3b62a,string,,Card settings,카드 설정,
ui_card_shape_and_width_0d513f7,string,,Card shape and width,카드 모양 및 너비,
ui_card_shape_width_and_background_e4aff1c,string,,"Card shape, width, and background","카드 모양, 너비, 배경",
ui_card_size_shape_and_background_df75707,string,,"Card size, shape, and background","카드 크기, 모양, 배경",
ui_card_width_icon_and_styling_de70fd8,string,,"Card width, icon, and styling","카드 너비, 아이콘, 스타일",
ui_card_width_shape_icon_and_background_c3695b5,string,,"Card width, shape, icon, and background","카드 너비, 모양, 아이콘, 배경",
ui_cards_0f830bc,string,,Cards,카드,
ui_cards_data_a33e044,string,,Cards & data,카드 및 데이터,
ui_cards_entities_be4393a,string,,Cards & entities,카드 및 엔티티,
ui_carrier_accounts_20ad36c,string,,Carrier accounts,택배사 계정,
ui_carrier_devices_9927ae1,string,,Carrier devices,택배사 기기,
ui_carrier_display_name_optional_5ca06fc,string,,Carrier display name (optional),택배사 표시 이름 (선택),
ui_center_adapt_now_and_pause_buttons_81074b2,string,,Center Adapt now and Pause buttons,지금 조정 및 일시 중지 버튼 가운데 정렬,
ui_change_64fbd99,string,,Change,변경,
ui_change_avatar_image_217fbce,string,,Change avatar image,아바타 이미지 변경,
ui_changing_mode_3da68b4,string,,Changing mode,모드 변경 중,
ui_charge_flow_ceb6c62,string,,Charge & flow,충전 및 흐름,
ui_chart_66c7734,string,,Chart,차트,
ui_checking_for_shared_dashboards_5f2f823,string,,Checking for shared dashboards…,공유된 대시보드 확인 중…,
ui_checking_for_the_hki_7_cloud_component_c76112a,string,,Checking for the HKI 7 Cloud component…,HKI 7 Cloud 컴포넌트 확인 중…,don't translate HKI 7 Cloud
ui_choose_78b7c9f,string,,Choose,선택,
ui_choose_a_different_server_47e6ce6,string,,Choose a different server,다른 서버 선택,
ui_choose_a_side_when_the_badge_bar_is_split_6e3c73d,string,,Choose a side when the badge bar is split,배지 바가 분할될 때의 방향 선택,
ui_choose_a_state_7ab7191,string,,Choose a state,상태 선택,
ui_choose_a_visual_home_assistant_block_e7c8652,string,,Choose a visual Home Assistant block,시각적 Home Assistant 블록 선택,don't translate Home Assistant
ui_choose_action_cf9c80e,string,,Choose action,작업 선택,
ui_choose_an_action_e82323b,string,,Choose an action,작업 선택,
ui_choose_an_entity_00fd1cc,string,,Choose an entity,엔티티 선택,
ui_choose_an_entity_first_d59e681,string,,Choose an entity first,먼저 엔티티를 선택하세요,
ui_choose_an_expanded_or_compact_dashboard_header_815902d,string,,Choose an expanded or compact dashboard header,확장형 또는 축소형 대시보드 헤더를 선택하세요,
ui_choose_avatar_image_bcd5b00,string,,Choose avatar image,아바타 이미지 선택,
ui_choose_between_the_full_header_and_a_compact_navigation_90ec55e,string,,Choose between the full header and a compact navigation bar,전체 헤더와 축소형 탐색 바 중에서 선택하세요,
ui_choose_entity_31b0424,string,,Choose entity,엔티티 선택,
ui_choose_how_this_phone_or_tablet_appears_in_home_419da67,string,,Choose how this phone or tablet appears in Home Assistant,이 휴대전화 또는 태블릿이 Home Assistant에 표시되는 방식을 선택하세요,don't translate Home Assistant
ui_choose_icon_b0047ce,string,,Choose icon,아이콘 선택,
ui_choose_included_cards_and_shared_entity_overrides_a507343,string,,Choose included cards and shared entity overrides,포함할 카드 및 공유 엔티티 재정의 선택,
ui_choose_included_views_and_shared_entity_overrides_41f2e64,string,,Choose included views and shared entity overrides,포함할 화면 및 공유 엔티티 재정의 선택,
ui_choose_one_or_more_carrier_devices_in_widget_settings_100a4ca,string,,Choose one or more carrier devices in widget settings.,위젯 설정에서 택배사 기기를 하나 이상 선택하세요.,
ui_choose_person_entity_977db64,string,,Choose person entity,구성원 엔티티 선택,
ui_choose_the_climate_view_and_optional_entity_overrides_a69cbbc,string,,Choose the climate view and optional entity overrides,공조 화면과 선택적 엔티티 재정의를 선택하세요,
ui_choose_the_energy_view_and_override_its_entities_if_523c3be,string,,Choose the energy view and override its entities if needed,에너지 화면을 선택하고 필요하면 엔티티를 재정의하세요,
ui_choose_the_entity_and_card_content_8bde89a,string,,Choose the entity and card content,엔티티와 카드 콘텐츠를 선택하세요,
ui_choose_the_home_assistant_entities_that_drive_this_room_53a4061,string,,Choose the Home Assistant entities that drive this room's live indicators. Indicators only appear while they are active.,이 방의 실시간 표시기를 구동하는 Home Assistant 엔티티를 선택하세요. 표시기는 활성 상태일 때만 나타납니다.,don't translate Home Assistant
ui_choose_the_home_assistant_shown_in_hki_7_b29bc26,string,,Choose the Home Assistant shown in HKI 7,HKI 7에 표시할 Home Assistant를 선택하세요,"don't translate Home Assistant, HKI 7"
ui_choose_the_player_and_dashboard_label_7fa88ba,string,,Choose the player and dashboard label,플레이어와 대시보드 레이블을 선택하세요,
ui_choose_the_profile_for_this_light_d8c7bae,string,,Choose the profile for this light,이 조명의 프로필 선택,
ui_choose_the_sensors_plotted_together_3bc1663,string,,Choose the sensors plotted together,함께 표시할 센서를 선택하세요,
ui_choose_the_source_and_when_a_battery_is_considered_0b993df,string,,Choose the source and when a battery is considered low,배터리 부족으로 간주하는 시점과 소스를 선택하세요,
ui_choose_what_tap_double_tap_and_hold_should_do_0bbe9c8,string,,"Choose what tap, double tap, and hold should do","탭, 더블 탭, 길게 누르기가 수행할 동작을 선택하세요",
ui_choose_what_this_action_should_control_7ebe4ab,string,,Choose what this action should control,이 작업이 제어할 대상 선택,
ui_choose_what_this_badge_summarizes_a7af7e6,string,,Choose what this badge summarizes,이 배지가 요약할 내용 선택,
ui_choose_what_this_header_pill_shows_0bbdbc2,string,,Choose what this header pill shows,이 헤더 필이 표시할 내용 선택,
ui_choose_where_to_restore_the_dashboard_configuration_from_bb40b34,string,,Choose where to restore the dashboard configuration from.,대시보드 구성을 복원할 위치를 선택하세요.,
ui_choose_whether_this_person_appears_in_the_home_header_49f0ec2,string,,Choose whether this person appears in the Home header,이 구성원을 홈 헤더에 표시할지 선택하세요,
ui_choose_which_profiles_this_widget_can_control_2cd9b2b,string,,Choose which profiles this widget can control,이 위젯이 제어할 수 있는 프로필을 선택하세요,
ui_choose_who_can_see_this_dashboard_they_can_import_2f5e49d,string,,Choose who can see this dashboard. They can import it into their own app.,이 대시보드를 볼 수 있는 사람을 선택하세요. 해당 사용자는 자신의 앱으로 가져올 수 있습니다.,
ui_choose_your_dashboard_1ec85e9,string,,Choose your dashboard,대시보드 선택,
ui_clean_rooms_4dc67ab,string,,Clean rooms,청소할 방,
ui_clean_selected_43d8dd5,string,,Clean selected,선택 항목 청소,
ui_clear_719ea39,string,,Clear,정상,
ui_clear_battery_config_d8854f7,string,,Clear battery config?,배터리 구성을 지울까요?,
ui_clear_battery_view_1952347,string,,Clear battery view?,배터리 화면을 지울까요?,
ui_clear_battery_view_5ef09bf,string,,Clear Battery View,배터리 화면 지우기,
ui_clear_climate_view_48e8a5e,string,,Clear Climate View,공조 화면 지우기,
ui_clear_climate_view_9a1339c,string,,Clear climate view?,공조 화면을 지울까요?,
ui_clear_config_51f6330,string,,Clear config,구성 지우기,
ui_clear_energy_view_401c166,string,,Clear Energy View,에너지 화면 지우기,
ui_clear_energy_view_d577bb7,string,,Clear energy view?,에너지 화면을 지울까요?,
ui_clear_filters_4122267,string,,Clear filters,필터 지우기,
ui_clear_rooms_view_87a43ca,string,,Clear Rooms View,방 화면 지우기,
ui_clear_rooms_view_f1d0d72,string,,Clear rooms view?,방 화면을 지울까요?,
ui_clear_search_67300d0,string,,Clear search,검색 지우기,
ui_clear_security_view_219e25b,string,,Clear Security View,보안 화면 지우기,
ui_clear_security_view_48790f7,string,,Clear security view?,보안 화면을 지울까요?,
ui_clear_selection_247fd63,string,,Clear selection,선택 지우기,
ui_climate_4857860,string,,Climate,공조,
ui_climate_cards_f4996fd,string,,Climate Cards,공조 카드,
ui_climate_devices_are_found_automatically_add_extra_entities_5ebd8b7,string,,Climate devices are found automatically; add extra entities here if any are missing.,공조 기기는 자동으로 감지됩니다. 누락된 경우 여기에 추가 엔티티를 등록하세요.,
ui_climate_dialog_control_add9f2b,string,,Climate dialog control,냉난방 대화상자 제어,
ui_climate_sources_take_priority_and_use_their_current_temper_5dbcde3,string,,Climate sources take priority and use their current_temperature and current_humidity values. ,냉난방 소스가 우선 적용되며 해당 current_temperature 및 current_humidity 값을 사용합니다. ,keep the space at the start/end
ui_climate_stack_cards_dcff178,string,,Climate Stack Cards,공조 스택 카드,
ui_climate_summary_4686577,string,,Climate summary,냉난방 요약,
ui_climatedooropen_026f1c8,string,,climateDoorOpen,climateDoorOpen,
ui_climatehouse_9c0637a,string,,climateHouse,climateHouse,
ui_climatewindowopen_9b0794a,string,,climateWindowOpen,climateWindowOpen,
ui_close_bbfa773,string,,Close,닫기,
ui_cloud_backup_is_off_71dfae1,string,,Cloud backup is off,클라우드 백업이 꺼져 있습니다,
ui_collapsed_by_default_65a57c6,string,,Collapsed by default,기본적으로 접힘,
ui_collapsible_c932fac,string,,Collapsible,접기 가능,
ui_collection_30c54a9,string,,Collection,수거,
ui_color_1d0c830,string,,Color,색상,
ui_color_typography_and_component_shape_b82e582,string,,"Color, typography, and component shape","색상, 타이포그래피, 구성 요소 모양",
ui_colors_and_light_dark_mode_37de9d5,string,,Colors and light/dark mode,색상 및 라이트/다크 모드,
ui_columns_cf723c5,string,,Columns,열,
ui_combine_multiple_accounts_from_the_same_carrier_into_one_0006a49,string,,Combine multiple accounts from the same carrier into one tab and parcel list.,같은 택배사의 여러 계정을 하나의 탭과 택배 목록으로 통합합니다.,
ui_comfortpulse_100b63b,string,,comfortPulse,comfortPulse,
ui_community_source_716abd9,string,,Community source,커뮤니티 소스,
ui_compact_1df39aa,string,,Compact,축소형,
ui_compact_header_50275e8,string,,Compact header,축소형 헤더,
ui_compact_mode_hides_the_left_header_pill_persons_subtitle_da84968,string,,"Compact mode hides the left header pill, persons, subtitle/status information, and room counters. Swipe down on the compact bar to open Search, Flows, Edit, and Settings.","축소형 모드에서는 왼쪽 헤더 필, 구성원, 부제목/상태 정보, 방 카운터가 숨겨집니다. 축소형 바를 아래로 스와이프하면 검색, 플로우, 편집, 설정을 열 수 있습니다.",
ui_compact_tile_height_78b57a3,string,,Compact tile height,축소형 타일 높이,
ui_configured_light_65a3aad,string,,%1$s configured light%2$s,구성된 조명 %1$s개%2$s,keep %1$s %2$s
ui_confirm_04a2122,string,,Confirm,확인,
ui_connect_b65463c,string,,Connect,연결,
ui_connected_through_home_assistant_cloud_47a54c0,string,,Connected through Home Assistant Cloud,Home Assistant Cloud를 통해 연결됨,don't translate Home Assistant
ui_connected_through_your_external_home_assistant_address_966b0e6,string,,Connected through your external Home Assistant address,외부 Home Assistant 주소를 통해 연결됨,don't translate Home Assistant
ui_connected_through_your_home_network_cdf4e0f,string,,Connected through your home network,홈 네트워크를 통해 연결됨,
ui_connecting_fd3e796,string,,Connecting…,연결 중…,
ui_connection_6512ee1,string,,Connection,연결,
ui_connection_switched_to_8f04753,string,,Connection switched to %1$s,%1$s(으)로 연결 전환됨,keep %1$s
ui_contacting_your_home_assistant_server_e0a53d1,string,,Contacting your Home Assistant server…,Home Assistant 서버에 접속하는 중…,don't translate Home Assistant
ui_content_4f9be05,string,,Content,콘텐츠,
ui_continue_2e02623,string,,Continue,계속,
ui_continuous_gps_for_live_tracking_uses_much_more_battery_fdcd80d,string,,Continuous GPS for live tracking — uses much more battery. Leave off for official-app-like behavior.,실시간 추적을 위한 연속 GPS — 배터리를 훨씬 많이 사용합니다. 공식 앱과 유사한 동작을 원하면 꺼두세요.,
ui_control_ea1d3df,string,,Control,제어,
ui_control_how_accounts_become_tabs_and_lists_f100249,string,,Control how accounts become tabs and lists,계정이 탭과 목록으로 표시되는 방식을 제어하세요,
ui_control_layout_4c3b047,string,,Control layout,제어 레이아웃,
ui_controls_and_history_sensors_used_by_the_dialog_f71675d,string,,Controls and history sensors used by the dialog,대화상자에서 사용하는 제어 및 기록 센서,
ui_controls_light_in_this_profile_cd11089,string,,Controls %1$s light%2$s in this profile.,이 프로필에서 조명 %1$s개%2$s를 제어합니다.,keep %1$s %2$s
ui_cooling_5569ac4,string,,Cooling,냉방,
ui_copy_af74f7c,string,,Copy,복사,
ui_copy_dashboard_2ea354e,string,,Copy dashboard,대시보드 복사,
ui_copyright_2026_jimz011_b8f2c24,string,,Copyright © 2026 Jimz011,Copyright © 2026 Jimz011,
ui_corners_f1fb139,string,,Corners,모서리,
ui_could_not_add_the_parcel_check_the_number_and_fd157b4,string,,Could not add the parcel. Check the number and try again.,택배를 추가하지 못했습니다. 번호를 확인하고 다시 시도하세요.,
ui_couldn_t_reach_a30cc1b,string,,Couldn't reach %1$s,%1$s에 연결할 수 없습니다,keep %1$s
ui_couldn_t_reach_your_home_assistant_server_2a17c09,string,,Couldn't reach your Home Assistant server.,Home Assistant 서버에 연결할 수 없습니다.,don't translate Home Assistant
ui_countdown_timer_282cb17,string,,Countdown timer,카운트다운 타이머,
ui_create_6e157c5,string,,Create,만들기,
ui_create_a_flow_11b4415,string,,Create a flow,흐름 만들기,
ui_create_a_separate_dashboard_auto_generate_imports_once_and_a5f0ef1,string,,Create a separate dashboard. Auto Generate imports once and then becomes editable; Start Empty only keeps persons available.,"별도의 대시보드를 만듭니다. 자동 생성은 한 번 가져온 뒤 편집 가능해지며, 비어 있는 상태로 시작하면 구성원만 사용할 수 있습니다.",
ui_create_custom_page_d1f53e7,string,,Create custom page,사용자 지정 페이지 만들기,
ui_created_by_jimz011_2026_hki_7_v_20cbca0,string,,Created by Jimz011 - 2026 • HKI 7 v%1$s,Jimz011 제작 - 2026 • HKI 7 v%1$s,keep %1$s; don't translate HKI 7
ui_created_by_jimz011_with_help_from_ai_assisted_development_47c9a41,string,,"Created by Jimz011 with help from AI-assisted development tools. Product direction, design choices, testing, and responsibility for the released app remain with the project creator.","AI 지원 개발 도구의 도움을 받아 Jimz011이 제작했습니다. 제품 방향, 디자인 선택, 테스트, 출시된 앱에 대한 책임은 프로젝트 제작자에게 있습니다.",
ui_created_openly_1cc16d4,string,,Created openly,공개적으로 제작됨,
ui_creates_a_full_duplicate_of_including_all_rooms_widgets_b96bbb1,string,,"Creates a full duplicate of ""%1$s"", including all rooms, widgets, and page settings. The copy is added to your dashboards without switching to it.","모든 방, 위젯, 페이지 설정을 포함하여 ""%1$s""의 전체 복제본을 만듭니다. 복사본은 전환 없이 대시보드 목록에 추가됩니다.",keep %1$s
ui_critical_04b7b26,string,,Critical,위험,
ui_critical_low_5852b16,string,,%1$s critical · %2$s low,위험 %1$s · 부족 %2$s,keep %1$s %2$s
ui_critical_replace_soon_dbd946d,string,,Critical — replace soon,위험 — 곧 교체 필요,
ui_current_4fc0e2b,string,,Current,현재,
ui_current_88a0a02,string,,%1$s° current,현재 %1$s°,keep %1$s
ui_current_charge_b6b0b3d,string,,Current charge,현재 충전량,
ui_current_e4ef83d,string,,Current %1$s%%,현재 %1$s%%,keep %1$s
ui_current_weather_0fc6239,string,,Current weather,현재 날씨,
ui_currently_loaded_69ef6fb,string,,Currently loaded,현재 로드됨,
ui_custom_081ae3f,string,,Custom,사용자 지정,
ui_custom_buttons_c580449,string,,Custom buttons,사용자 지정 버튼,
ui_custom_camera_ada9096,string,,Custom Camera,사용자 지정 카메라,
ui_custom_camera_url_8191b15,string,,Custom camera URL,사용자 지정 카메라 URL,
ui_custom_ed17691,string,,Custom %1$s,사용자 지정 %1$s,keep %1$s
ui_custom_entities_d6e76ae,string,,Custom entities,사용자 지정 엔티티,
ui_custom_name_6af17c2,string,,Custom name,사용자 지정 이름,
ui_custom_order_a7a5984,string,,Custom order,사용자 지정 순서,
ui_custom_seconds_7467e28,string,,Custom seconds,사용자 지정 초,
ui_custom_state_378153b,string,,Custom state...,사용자 지정 상태...,
ui_custom_url_9c155e9,string,,Custom URL,사용자 지정 URL,
ui_customize_device_energy_b754bb5,string,,Customize device energy,기기 에너지 사용자 지정,
ui_customize_top_consumers_eb249c5,string,,Customize top consumers,상위 소비 기기 사용자 지정,
ui_customize_water_devices_81ce5f6,string,,Customize water devices,수도 기기 사용자 지정,
ui_d_6388bb3,string,,"%1$s d, %2$s","%1$s일, %2$s",keep %1$s %2$s
ui_daily_backup_is_active_111a631,string,,Daily backup is active,매일 백업이 활성화되어 있습니다,
ui_dashboard_d87f47b,string,,Dashboard,대시보드,
ui_dashboard_header_36d8656,string,,Dashboard header,대시보드 헤더,
ui_dashboard_name_466f3af,string,,Dashboard name,대시보드 이름,
ui_dashboard_width_and_card_shape_3fcad11,string,,Dashboard width and card shape,대시보드 너비 및 카드 모양,
ui_dashboards_197565b,string,,Dashboards,대시보드,
ui_dashboards_shared_by_your_family_import_to_add_a_8a6d06e,string,,Dashboards shared by your family. Import to add a copy to your dashboards; import again later to pull updates.,"가족이 공유한 대시보드입니다. 가져오면 대시보드 목록에 복사본이 추가되며, 나중에 다시 가져오면 업데이트를 받을 수 있습니다.",
ui_dashboards_visual_style_and_everyday_navigation_17f3ac2,string,,"Dashboards, visual style, and everyday navigation","대시보드, 시각적 스타일, 일상적인 탐색",
ui_data_series_e5977fb,string,,Data series,데이터 계열,
ui_data_sources_dadd6ac,string,,Data sources,데이터 소스,
ui_date_eb9a4bc,string,,Date,날짜,
ui_datetime_f1e5baf,string,,DateTime,날짜/시간,
ui_day_to_839bf92,string,,%1$s day%2$s to %3$s,%1$s일%2$s ~ %3$s,keep %1$s %2$s %3$s
ui_decrease_67e19d8,string,,Decrease,감소,
ui_default_808d7dc,string,,Default,기본값,
ui_default_effect_per_type_a4ce3c4,string,,Default effect per type,유형별 기본 효과,
ui_default_view_343256a,string,,Default view,기본 화면,
ui_default_weather_entity_588d455,string,,Default weather entity,기본 날씨 엔티티,
ui_defrosting_c3b2817,string,,Defrosting,서리 제거 중,
ui_delete_0c6013a,string,,"Delete ""%1$s""?","""%1$s""을(를) 삭제할까요?",keep %1$s
ui_delete_137cdc2,string,,Delete %1$s?,%1$s을(를) 삭제할까요?,keep %1$s
ui_delete_automation_442d61c,string,,Delete automation?,자동화를 삭제할까요?,
ui_delete_f6fdbe4,string,,Delete,삭제,
ui_delete_floor_07c4a91,string,,Delete floor,층 삭제,
ui_delivered_eea956c,string,,Delivered,배송 완료,
ui_demo_mode_a85b728,string,,Demo mode,데모 모드,
ui_description_55f8ebc,string,,Description,설명,
ui_details_dc3decb,string,,Details,세부 정보,
ui_detected_carbon_intensity_9983458,string,,Detected carbon intensity,감지된 탄소 강도,
ui_device_8c01559,string,,Device: %1$s,기기: %1$s,keep %1$s
ui_device_a5a74a6,string,,Device,기기,
ui_device_details_39c277d,string,,Device details,기기 세부 정보,
ui_device_details_eb36018,string,,DEVICE DETAILS,기기 세부 정보,
ui_device_energy_79de3d8,string,,Device energy,기기 에너지,
ui_device_helpers_6a8b199,string,,Device & helpers,기기 및 헬퍼,
ui_device_name_79d7a15,string,,Device name,기기 이름,
ui_device_tracker_and_geocoded_location_f9e2d34,string,,Device tracker and geocoded location,기기 추적기 및 지오코딩된 위치,
ui_devices_728190e,string,,devices,기기,
ui_devices_df485c8,string,,Devices,기기,
ui_dialog_control_63e18cf,string,,Dialog control,대화상자 제어,
ui_direction_5a47d4d,string,,Direction —,방향 —,
ui_disable_battery_optimization_d3201bf,string,,Disable Battery Optimization,배터리 최적화 해제,
ui_disarmed_aaa4d9e,string,,Disarmed,해제됨,
ui_discovered_acbb9e0,string,,Discovered,발견됨,
ui_dismiss_70afe9e,string,,Dismiss,닫기,
ui_display_574ff9b,string,,Display,표시,
ui_display_linked_entities_and_dialog_layout_e6987f9,string,,"Display, linked entities, and dialog layout","표시, 연결된 엔티티, 대화상자 레이아웃",
ui_display_mode_627bc30,string,,Display mode,표시 모드,
ui_display_order_5f1293a,string,,Display order,표시 순서,
ui_done_e9b450d,string,,Done,완료,
ui_door_locked_4b46012,string,,Door\nLocked,문\n잠김,\n = line break
ui_door_open_74899a4,string,,Door\nOpen,문\n열림,\n = line break
ui_door_sensor_turns_lock_card_red_when_open_9bc1372,string,,Door sensor (turns lock card red when open),문 센서 (열리면 잠금장치 카드가 빨간색으로 표시됨),
ui_door_sensors_a7bb309,string,,Door sensors,문 센서,
ui_double_tap_a268e89,string,,Double tap,두 번 탭,
ui_drag_horizontally_across_the_full_button_547ea8c,string,,Drag horizontally across the full button,버튼 전체를 가로로 드래그,
ui_drag_to_reorder_use_the_eye_button_to_hide_cd28b4c,string,,Drag to reorder. Use the eye button to hide an item or schedule when it shows.,드래그하여 순서를 바꾸세요. 눈 버튼을 사용해 항목을 숨기거나 표시 시점을 예약할 수 있습니다.,
ui_drag_to_set_the_order_cameras_appear_on_the_7bcb4f5,string,,Drag to set the order cameras appear on the Security view.,드래그하여 보안 화면에 표시될 카메라 순서를 지정하세요.,
ui_drag_to_set_the_order_the_cards_appear_below_b6a92e4,string,,Drag to set the order the cards appear below the house on the Energy view.,드래그하여 에너지 화면에서 집 아래에 표시될 카드 순서를 지정하세요.,
ui_drag_to_set_the_order_thermostats_and_ac_units_62d49e7,string,,Drag to set the order thermostats and AC units appear on the Climate view.,드래그하여 공조 화면에 표시될 온도조절기 및 에어컨 순서를 지정하세요.,
ui_drying_7ea61a9,string,,Drying,건조 중,
ui_e_e0184ad,string,,E,E,
ui_each_group_controls_one_part_of_this_page_286a40b,string,,Each group controls one part of this page,각 그룹은 이 페이지의 한 부분을 제어합니다,
ui_each_home_keeps_its_own_login_dashboard_notification_conne_c261f94,string,,"Each home keeps its own login, dashboard, notification connection, and location registration","각 홈은 자체 로그인, 대시보드, 알림 연결, 위치 등록 정보를 유지합니다",
ui_edit_5301648,string,,Edit,편집,
ui_edit_entities_485ee65,string,,Edit entities,엔티티 편집,
ui_edit_page_17e45f8,string,,Edit page,페이지 편집,
ui_edit_sensors_6c38d51,string,,Edit sensors,센서 편집,
ui_effects_8f25a85,string,,Effects,효과,
ui_electricity_925cf7f,string,,Electricity,전기,
ui_electricity_total_c81c63f,string,,Electricity Total,전체 전력,
ui_elevation_a514da1,string,,Elevation,고도각,
ui_empty_3159fe4,string,,Empty,비어 있음,
ui_empty_bin_0cbe2d7,string,,Empty bin,쓰레기통 비우기,
ui_empty_bin_bcf05c4,string,,Empty bin: %1$s,빈 통: %1$s,keep %1$s
ui_empty_bin_optional_fallback_e40b857,string,,Empty bin (optional fallback),쓰레기통 비우기 (선택적 대체),
ui_empty_iframe_open_its_settings_in_edit_mode_and_c17ba2f,string,,Empty iFrame — open its settings in edit mode and enter a web address.,비어 있는 iFrame — 편집 모드에서 설정을 열고 웹 주소를 입력하세요.,
ui_empty_markdown_widget_open_its_settings_in_edit_mode_b65072d,string,,Empty markdown widget — open its settings in edit mode to write content.,비어 있는 마크다운 위젯 — 편집 모드에서 설정을 열어 내용을 작성하세요.,
ui_empty_stack_79d38d5,string,,Empty Stack,빈 스택,
ui_enable_cloud_backup_32fe82b,string,,Enable cloud backup,클라우드 백업 사용,
ui_enable_home_assistant_backup_bd7cf62,string,,Enable Home Assistant backup,Home Assistant 백업 사용,don't translate Home Assistant
ui_enable_the_features_hki_7_may_use_in_the_52e596d,string,,Enable the features HKI 7 may use in the background,HKI 7이 백그라운드에서 사용할 수 있는 기능을 켜세요,don't translate HKI 7
ui_enabled_e22fb09,string,,ENABLED,사용 중,
ui_end_2a002eb,string,,End: %1$s,종료: %1$s,keep %1$s
ui_energy_437bcb1,string,,Energy,에너지,
ui_energy_cards_c84abda,string,,Energy Cards,에너지 카드,
ui_energy_counters_imported_from_home_assistant_s_energy_dash_9dd23f9,string,,Energy counters imported from Home Assistant's Energy dashboard.,Home Assistant 에너지 대시보드에서 가져온 에너지 카운터입니다.,don't translate Home Assistant
ui_energy_stack_cards_5ac4b4c,string,,Energy Stack Cards,에너지 스택 카드,
ui_energyscene_374cbbb,string,,energyScene,energyScene,
ui_enter_a_pin_4e6a960,string,,Enter a PIN,PIN 입력,
ui_enter_a_valid_json_object_00d1e89,string,,Enter a valid JSON object,유효한 JSON 객체를 입력하세요,
ui_enter_an_address_manually_5eda99d,string,,Enter an address manually,주소를 직접 입력,
ui_enter_code_ab45ae5,string,,Enter code,코드 입력,
ui_enter_http_url_relative_path_or_webrtc_id_e_bb736eb,string,,"Enter HTTP URL, relative path, or WebRTC ID (e.g., poort_hd)","HTTP URL, 상대 경로 또는 WebRTC ID 입력 (예: poort_hd)",
ui_enter_http_url_relative_path_or_webrtc_path_e_41da8c2,string,,"Enter HTTP URL, relative path, or WebRTC path (e.g., url: poort_hd)","HTTP URL, 상대 경로 또는 WebRTC 경로 입력 (예: url: poort_hd)",
ui_enter_the_same_data_object_home_assistant_shows_in_f7e27af,string,,Enter the same data object Home Assistant shows in YAML. JSON is used here so values keep their exact type.,Home Assistant가 YAML에 표시하는 것과 동일한 데이터 객체를 입력하세요. 값이 정확한 형식을 유지하도록 여기서는 JSON을 사용합니다.,don't translate Home Assistant
ui_entities_390082d,string,,Entities · %1$s,엔티티 · %1$s,keep %1$s
ui_entities_6510c2f,string,,Entities (%1$s),엔티티(%1$s),keep %1$s
ui_entities_9d88f3c,string,,entities,엔티티,
ui_entities_appearance_and_interactions_b90b013,string,,"Entities, appearance, and interactions","엔티티, 모양, 상호작용",
ui_entities_f7638a2,string,,Entities,엔티티,
ui_entities_that_signal_activity_or_safety_states_769b862,string,,Entities that signal activity or safety states,활동 또는 안전 상태를 나타내는 엔티티,
ui_entity_icons_gently_glow_spin_or_pulse_while_the_b3a8910,string,,"Entity icons gently glow, spin, or pulse while the device is on. Only active devices animate.","기기가 켜져 있는 동안 엔티티 아이콘이 부드럽게 빛나거나, 회전하거나, 맥동합니다. 활성 상태인 기기만 애니메이션됩니다.",
ui_entity_integrations_852a3e0,string,,Entity integrations,엔티티 통합,
ui_entity_name_9543eb8,string,,Entity name,엔티티 이름,
ui_entity_picture_0569c68,string,,Entity picture,엔티티 사진,
ui_entity_unavailable_3974ddb,string,,Entity unavailable,엔티티 사용 불가,
ui_event_ad8919a,string,,Event,이벤트,
ui_every_contribution_helps_and_payment_is_never_required_1bc44f2,string,,"Every contribution helps, and payment is never required","모든 기여가 도움이 되며, 결제는 절대 필수가 아닙니다",
ui_everyday_navigation_e2f1711,string,,Everyday navigation,일상적인 탐색,
ui_everyone_c756f6a,string,,Everyone,모두,
ui_exact_text_or_number_reported_by_home_assistant_00e5cc6,string,,Exact text or number reported by Home Assistant,Home Assistant가 보고하는 정확한 텍스트 또는 숫자,don't translate Home Assistant
ui_example_com_or_https_8381ca6,string,,example.com or https://…,example.com 또는 https://…,
ui_existing_camera_5fb3653,string,,Existing Camera,기존 카메라,
ui_exit_demo_mode_ab94122,string,,Exit Demo Mode,데모 모드 종료,
ui_exit_full_screen_3d9afda,string,,Exit full screen,전체 화면 종료,
ui_exiting_removes_the_sample_home_and_returns_to_the_05548e1,string,,"Exiting removes the sample home and returns to the welcome screen, where you can connect a real Home Assistant server.",종료하면 샘플 홈이 제거되고 실제 Home Assistant 서버에 연결할 수 있는 시작 화면으로 돌아갑니다.,don't translate Home Assistant
ui_expected_delivery_78d54b2,string,,Expected delivery,예상 배송,
ui_expected_today_4af5600,string,,Expected today,오늘 도착 예정,
ui_external_url_or_nabu_casa_url_d2e1eed,string,,External URL or Nabu Casa URL,외부 URL 또는 Nabu Casa URL,don't translate Nabu Casa
ui_family_sharing_160fddb,string,,Family Sharing,가족 공유,
ui_family_sharing_settings_are_controlled_by_a_home_assistant_cdb35a2,string,,Family Sharing settings are controlled by a Home Assistant admin. You can use a dashboard shared with you below.,가족 공유 설정은 Home Assistant 관리자가 제어합니다. 아래에서 공유받은 대시보드를 사용할 수 있습니다.,don't translate Home Assistant
ui_fan_ec38406,string,,Fan,선풍기,
ui_fan_modes_fbaa3df,string,,Fan & modes,팬 및 모드,
ui_fans_73d38db,string,,Fans,선풍기,
ui_fetch_climate_entities_from_home_assistant_again_a65f837,string,,Fetch climate entities from Home Assistant again.,Home Assistant에서 공조 엔티티를 다시 가져옵니다.,don't translate Home Assistant
ui_fetch_rooms_floors_and_their_entities_from_home_assistant_0d84305,string,,"Fetch rooms, floors, and their entities from Home Assistant again.","Home Assistant에서 방, 층, 관련 엔티티를 다시 가져옵니다.",don't translate Home Assistant
ui_fetch_security_entities_from_home_assistant_again_577b666,string,,Fetch security entities from Home Assistant again.,Home Assistant에서 보안 엔티티를 다시 가져옵니다.,don't translate Home Assistant
ui_fetch_the_home_assistant_energy_dashboard_configuration_ag_9180e9b,string,,Fetch the Home Assistant energy dashboard configuration again.,Home Assistant 에너지 대시보드 구성을 다시 가져옵니다.,don't translate Home Assistant
ui_find_home_assistant_locally_c992bdf,string,,Find Home Assistant locally,로컬에서 Home Assistant 찾기,don't translate Home Assistant
ui_firmware_94fe490,string,,Firmware %1$s,펌웨어 %1$s,keep %1$s
ui_five_simple_gestures_are_all_you_need_to_get_d4c2675,string,,Five simple gestures are all you need to get around HKI 7.,HKI 7을 사용하는 데 필요한 것은 다섯 가지 간단한 제스처뿐입니다.,don't translate HKI 7
ui_fixed_tab_10fe998,string,,Fixed tab,고정 탭,
ui_floor_7db82f7,string,,Floor,층,
ui_floor_assignment_288a740,string,,Floor assignment,층 할당,
ui_floor_name_e9d98d6,string,,Floor name,층 이름,
ui_floor_settings_640cb8e,string,,Floor settings,층 설정,
ui_flowphase_101d9f0,string,,flowPhase,flowPhase,
ui_flows_1242655,string,,Flows,흐름,
ui_focused_groups_keep_advanced_options_easy_to_find_44ac86e,string,,Focused groups keep advanced options easy to find,집중 그룹으로 고급 옵션을 쉽게 찾을 수 있습니다,
ui_font_family_54a1848,string,,Font family,글꼴,
ui_font_size_ef89fc7,string,,Font size · %1$s%%,글꼴 크기 · %1$s%%,keep %1$s
ui_fonts_ffe688a,string,,Fonts,글꼴,
ui_force_high_refresh_rate_214de79,string,,Force high refresh rate,높은 주사율 강제 사용,
ui_forecast_528bc4b,string,,Forecast,예보,
ui_forecast_entities_c950412,string,,Forecast entities,예보 엔티티,
ui_forget_selection_7864f34,string,,Forget selection,선택 해제,
ui_forward_ba4e722,string,,Forward,앞으로,
ui_from_ad3b521,string,,From %1$s,%1$s부터,keep %1$s
ui_from_state_6c7eaef,string,,From state,이전 상태,
ui_full_changelog_ae838e7,string,,Full changelog,전체 변경 내역,
ui_full_controls_68749a5,string,,Full controls,전체 제어,
ui_full_day_name_25ab7ee,string,,Full Day Name,요일 전체 이름,
ui_full_url_or_a_path_on_your_home_assistant_66f9c59,string,,Full URL or a path on your Home Assistant server (e.g. /local/vacuum.png),Home Assistant 서버의 전체 URL 또는 경로 (예: /local/vacuum.png),don't translate Home Assistant
ui_gas_ead9650,string,,Gas,가스,
ui_generating_your_rooms_01654a1,string,,Generating your rooms,방을 생성하는 중,
ui_get_started_bd2cb05,string,,Get Started,시작하기,
ui_give_a_humidifier_a_fan_select_input_select_to_860be4d,string,,"Give a humidifier a fan / select / input_select to control its speed; its options replace the humidifier's mode chips, and modes move to the dialog's nav bar.","가습기에 fan / select / input_select를 연결하여 속도를 제어하세요. 해당 옵션이 가습기 모드 칩을 대체하고, 모드는 대화상자 탐색 바로 이동합니다.",
ui_glow_6ae5a62,string,,glow,glow,
ui_glowphase_748e6d6,string,,glowPhase,glowPhase,
ui_glowpulse_9269294,string,,glowPulse,glowPulse,
ui_good_61dedcf,string,,Good,양호,
ui_google_drive_07c2964,string,,Google Drive,Google 드라이브,don't translate Google Drive
ui_got_it_5b8027f,string,,Got it,확인,
ui_got_it_let_s_explore_107038f,string,,Got it — let's explore,확인 — 둘러보기,
ui_graph_sensor_c63cbb6,string,,Graph %1$s · %2$s sensor%3$s,그래프 %1$s · 센서 %2$s개%3$s,keep %1$s %2$s %3$s
ui_graph_style_6acd980,string,,Graph Style,그래프 스타일,
ui_graphs_7839947,string,,Graphs,그래프,
ui_grid_density_and_button_presentation_b7907e5,string,,Grid density and button presentation,그리드 밀도 및 버튼 표시 방식,
ui_grid_density_width_and_tile_shape_267ad9a,string,,"Grid density, width, and tile shape","그리드 밀도, 너비, 타일 모양",
ui_grid_phases_0a5eae5,string,,Grid & phases,그리드 및 상(相),
ui_group_light_paused_for_manual_control_78d6b74,string,,%1$s group light%2$s paused for manual control.,그룹 조명 %1$s개%2$s가 수동 제어를 위해 일시 중지되었습니다.,keep %1$s %2$s
ui_group_related_cards_in_one_section_f978d2b,string,,Group related cards in one section,관련 카드를 하나의 섹션으로 그룹화하세요,
ui_guide_motion_579dcaf,string,,guide_motion,guide_motion,
ui_guide_progress_6138614,string,,guide_progress,guide_progress,
ui_gust_53f5da4,string,, (gust %1$s), (돌풍 %1$s),keep %1$s; keep the space at the start/end
ui_h_0be1674,string,,%1$sh,%1$s시간,keep %1$s
ui_header_31341c6,string,,Header,헤더,
ui_header_appearance_40327c9,string,,Header appearance,헤더 모양,
ui_header_custom_color_rrggbb_1887d0a,string,,Header custom color (#RRGGBB),헤더 사용자 지정 색상(#RRGGBB),
ui_header_pill_d7520cf,string,,Header pill,헤더 필,
ui_header_text_7f71314,string,,Header text,헤더 텍스트,
ui_header_text_f7593e7,string,,Header Text,헤더 텍스트,
ui_header_wallpaper_url_or_path_25cf2b6,string,,Header wallpaper URL or path,헤더 배경 화면 URL 또는 경로,
ui_heading_some_bold_text_a_list_item_one_item_b7f049b,string,,"# Heading\nSome **bold** text, a list:\n- item one\n- item two","# 제목\n**굵은** 텍스트, 목록:\n- 항목 1\n- 항목 2",\n = line break
ui_healthy_80ea156,string,,Healthy,양호,
ui_heating_f2a3e6e,string,,Heating,난방,
ui_height_3f608b4,string,,Height,높이,
ui_help_the_project_without_buying_premium_e960d10,string,,Help the project without buying Premium,프리미엄을 구매하지 않고도 프로젝트를 도와주세요,
ui_hidden_1364716,string,,%1$s hidden,%1$s개 숨김,keep %1$s
ui_hidden_d4c2792,string,,Hidden,숨김,
ui_hidden_during_c0afbbc,string,,Hidden during,숨김 기간,
ui_hidden_rooms_f621ba4,string,,Hidden rooms,숨겨진 방,
ui_hidden_items_advanced_title,string,,Hidden items (advanced),숨겨진 항목(고급),
ui_hidden_items_advanced_hint,string,,Comma-separated list of button entity ids or badge/widget ids to hide from this person specifically. A button's id is its entity id; a badge or widget's id is shown in its own Appearance settings.,이 사람에게 구체적으로 숨길 버튼 엔터티 ID 또는 배지/위젯 ID의 쉼표로 구분된 목록입니다. 버튼의 ID는 해당 엔터티 ID입니다. 배지나 위젯의 ID는 자체 모양 설정에 표시됩니다.,
ui_hidden_views_3e16d85,string,,Hidden views,숨겨진 화면,
ui_hide_certain_views_or_rooms_from_specific_people_to_f10458c,string,,Hide certain views or rooms from specific people to keep their dashboard simple. This is UX-level hiding — it does not restrict what they can do in Home Assistant itself.,"특정 사용자에게서 특정 화면 또는 방을 숨겨 대시보드를 간단하게 유지하세요. 이는 UX 수준의 숨김이며, Home Assistant 자체에서 할 수 있는 작업을 제한하지 않습니다.",don't translate Home Assistant
ui_hide_connection_notification_dcee06a,string,,Hide Connection Notification,연결 알림 숨기기,
ui_hide_this_badge_or_schedule_when_it_appears_e149fbf,string,,"Hide this badge, or schedule when it appears",이 배지를 숨기거나 표시 시점을 예약하세요,
ui_hide_this_button_or_schedule_when_it_appears_a28bf66,string,,"Hide this button, or schedule when it appears",이 버튼을 숨기거나 표시 시점을 예약하세요,
ui_high_accuracy_mode_954d2c5,string,,High accuracy mode,고정밀 모드,
ui_history_90ccd64,string,,History,기록,
ui_hki_7_68a9e17,string,,HKI 7,HKI 7,don't translate HKI 7
ui_hki_7_collects_location_data_to_enable_presence_detection_2dda033,string,,HKI 7 collects location data to enable presence detection and zone-based ,HKI 7은 재실 감지 및 구역 기반 ,don't translate HKI 7; keep the space at the start/end
ui_hki_7_logo_a445c44,string,,HKI 7 logo,HKI 7 로고,don't translate HKI 7
ui_hki_7_turns_your_native_home_assistant_entities_rooms_c95b345,string,,"HKI 7 turns your native Home Assistant entities, rooms, automations, media, energy data, and services into a configurable mobile dashboard. It is designed to stay connected to Home Assistant as the source of truth while offering a distinct HKI interface.","HKI 7은 Home Assistant의 네이티브 엔티티, 방, 자동화, 미디어, 에너지 데이터, 서비스를 구성 가능한 모바일 대시보드로 바꿉니다. Home Assistant를 신뢰할 수 있는 원본 소스로 유지하면서 고유한 HKI 인터페이스를 제공하도록 설계되었습니다.","don't translate Home Assistant, HKI 7"
ui_hki_7_v_d5594a7,string,,HKI 7 v%1$s,HKI 7 v%1$s,keep %1$s; don't translate HKI 7
ui_home_and_rooms_are_always_shown_reorder_the_other_bea984a,string,,Home and Rooms are always shown. Reorder the other tabs with the arrows and toggle each on or off.,홈과 방은 항상 표시됩니다. 화살표로 다른 탭의 순서를 바꾸고 각 탭을 켜거나 끄세요.,
ui_home_assistant_backup_is_off_4524f2e,string,,Home Assistant backup is off,Home Assistant 백업이 꺼져 있습니다,don't translate Home Assistant
ui_home_assistant_c8fd3bb,string,,Home Assistant,Home Assistant,don't translate Home Assistant
ui_home_assistant_instances_b0de2f3,string,,Home Assistant instances,Home Assistant 인스턴스,don't translate Home Assistant
ui_home_assistant_will_be_unavailable_briefly_while_it_restar_df30b45,string,,Home Assistant will be unavailable briefly while it restarts. Administrator access is required.,재시작하는 동안 Home Assistant를 잠시 사용할 수 없습니다. 관리자 권한이 필요합니다.,don't translate Home Assistant
ui_home_security_aa534f2,string,,HOME SECURITY,홈 보안,
ui_home_wi_fi_names_comma_separated_b71c6ab,string,,Home Wi-Fi names (comma separated),홈 Wi-Fi 이름 (쉼표로 구분),
ui_hourly_forecast_50f6c9c,string,,Hourly forecast,시간별 예보,
ui_how_this_control_communicates_state_ad17a3d,string,,How this control communicates state,이 제어가 상태를 전달하는 방식,
ui_how_this_icon_animates_while_the_device_is_active_dffdaf5,string,,"How this icon animates while the device is active. ""Auto"" follows the global setting; the rest override it for this icon.","기기가 활성 상태일 때 이 아이콘이 애니메이션되는 방식입니다. ""자동""은 전역 설정을 따르며, 나머지는 이 아이콘에 대해 재정의합니다.",
ui_http_homeassistant_local_8123_67b2235,string,,http://homeassistant.local:8123,http://homeassistant.local:8123,
ui_http_url_relative_path_or_webrtc_name_e_g_dfc56c4,string,,"HTTP URL, relative path, or WebRTC name (e.g., url: poort_hd)","HTTP URL, 상대 경로 또는 WebRTC 이름 (예: url: poort_hd)",
ui_https_1a66279,string,,https://…,https://…,
ui_https_example_ui_nabu_casa_4d97501,string,,https://example.ui.nabu.casa,https://example.ui.nabu.casa,
ui_humidifiers_aa38e2a,string,,Humidifiers,가습기,
ui_humidifiers_are_found_automatically_from_the_humidifier_do_0717429,string,,Humidifiers are found automatically from the humidifier domain; add extra entities here if any are missing.,가습기는 humidifier 도메인에서 자동으로 감지됩니다. 누락된 경우 여기에 추가 엔티티를 등록하세요.,
ui_humidifying_5d5f6c5,string,,Humidifying,가습 중,
ui_humidity_65adb9c,string,,Humidity,습도,
ui_humidity_control_devices_c7e4846,string,,Humidity control devices,습도 제어 기기,
ui_humidity_sensor_graphed_in_activity_5b792e1,string,,Humidity sensor (graphed in Activity),습도 센서 (활동에 그래프로 표시됨),
ui_icon_716f63b,string,,Icon,아이콘,
ui_icon_animation_5b1faae,string,,Icon animation,아이콘 애니메이션,
ui_icon_animations_and_effects_db0dea4,string,,Icon animations and effects,아이콘 애니메이션 및 효과,
ui_icon_eeaa97d,string,,Icon: %1$s,아이콘: %1$s,keep %1$s
ui_icon_feedback_180b871,string,,Icon & feedback,아이콘 및 피드백,
ui_icons_edb8f6c,string,,Icons,아이콘,
ui_identity_7e5a975,string,,Identity,식별,
ui_identity_and_connection_bee53f8,string,,Identity and connection,신원 및 연결,
ui_identity_presentation_indicators_and_maintenance_d46fbf4,string,,"Identity, presentation, indicators, and maintenance","식별, 표시, 지표, 유지 관리",
ui_idle_cc1ebdd,string,,Idle,대기 중,
ui_image_50e19fd,string,,Image,이미지,
ui_image_style_size_shape_and_background_40c17b6,string,,"Image style, size, shape, and background","이미지 스타일, 크기, 모양, 배경",
ui_image_url_or_path_ddd8d74,string,,Image URL or path,이미지 URL 또는 경로,
ui_import_d6fbc9d,string,,Import,가져오기,
ui_import_entities_that_have_not_been_edited_or_remove_6edde59,string,,"Import entities that have not been edited, or remove all climate edits and import from scratch.","편집되지 않은 엔티티를 가져오거나, 모든 공조 편집 내용을 제거하고 처음부터 다시 가져오세요.",
ui_import_entities_that_have_not_been_edited_or_remove_9851b28,string,,"Import entities that have not been edited, or remove all security edits and import from scratch.","편집되지 않은 엔티티를 가져오거나, 모든 보안 편집 내용을 제거하고 처음부터 다시 가져오세요.",
ui_import_from_family_f9eb88d,string,,Import from family,가족으로부터 가져오기,
ui_import_only_rooms_and_entities_that_have_not_been_478d449,string,,"Import only rooms and entities that have not been edited, or remove all edited rooms and floors and import everything from scratch.","편집되지 않은 방과 엔티티만 가져오거나, 편집된 모든 방과 층을 제거하고 처음부터 모두 가져오세요.",
ui_import_only_rooms_that_have_not_been_edited_or_d59bee5,string,,"Import only rooms that have not been edited, or rebuild everything. Rebuilding removes all edited rooms and floors before importing them from scratch.",편집되지 않은 방만 가져오거나 전체를 다시 빌드합니다. 다시 빌드하면 처음부터 가져오기 전에 편집된 모든 방과 층이 제거됩니다.,
ui_import_sensors_with_device_class_battery_and_unit_of_dfaced9,string,,Import sensors with device_class battery and unit_of_measurement %.,device_class가 battery이고 unit_of_measurement가 %인 센서를 가져옵니다.,
ui_import_settings_that_have_not_been_edited_or_remove_2fc3850,string,,"Import settings that have not been edited, or remove all energy edits and import from scratch.","편집되지 않은 설정을 가져오거나, 모든 에너지 편집 내용을 제거하고 처음부터 다시 가져오세요.",
ui_import_unedited_4a58143,string,,Import unedited,편집되지 않은 항목 가져오기,
ui_imported_stacks_cannot_be_removed_in_auto_mode_hide_608f9ed,string,,"Imported stacks cannot be removed in auto mode. Hide the stack instead, or take over / switch to manual mode to delete it permanently.","자동 모드에서는 가져온 스택을 제거할 수 없습니다. 스택을 숨기거나, 수동 모드로 전환/전용하여 영구적으로 삭제하세요.",
ui_importing_820599d,string,,Importing…,가져오는 중…,
ui_importing_areas_and_entities_from_home_assistant_0e50b82,string,,Importing areas and entities from Home Assistant…,Home Assistant에서 영역 및 엔티티를 가져오는 중…,don't translate Home Assistant
ui_incoming_outgoing_1815915,string,,%1$s incoming · %2$s outgoing%3$s,수신 %1$s · 발신 %2$s%3$s,keep %1$s %2$s %3$s
ui_incoming_outgoing_49b9c0b,string,,%1$s incoming · %2$s outgoing,수신 %1$s · 발신 %2$s,keep %1$s %2$s
ui_incorrect_pin_2de1d18,string,,Incorrect PIN,PIN이 올바르지 않습니다,
ui_increase_5a7fecf,string,,Increase,증가,
ui_individual_water_usage_21dd78c,string,,Individual water usage,개별 수도 사용량,
ui_individual_widgets_ff1526f,string,,Individual widgets,개별 위젯,
ui_indoor_average_53abf03,string,,INDOOR AVERAGE,실내 평균,
ui_indoor_comfort_7060319,string,,Indoor comfort,실내 쾌적도,
ui_instance_name_e98a2eb,string,,Instance name,인스턴스 이름,
ui_interactions_0b3583e,string,,Interactions,상호작용,
ui_internal_url_acab9b2,string,,Internal URL,내부 URL,
ui_interval_seconds_eaeeb46,string,,Interval seconds,간격 (초),
ui_is_c24d775,string,, is, 상태,keep the space at the start/end
ui_item_corner_roundness_5032003,string,,Item corner roundness,항목 모서리 둥글기,
ui_items_cabff0b,string,,%1$s items,%1$s개 항목,keep %1$s
ui_k_df46805,string,,%1$sK,%1$sK,keep %1$s
ui_keep_existing_edits_or_remove_all_battery_edits_and_acc0236,string,,"Keep existing edits, or remove all battery edits and import from scratch.","기존 편집 내용을 유지하거나, 모든 배터리 편집 내용을 제거하고 처음부터 다시 가져오세요.",
ui_keep_only_the_title_right_header_pill_and_back_7777651,string,,"Keep only the title, right header pill, and back button when a page has one.","페이지에 있는 경우 제목, 오른쪽 헤더 필, 뒤로 버튼만 유지하세요.",
ui_keeps_a_connection_to_home_assistant_for_instant_notificat_ecaee7d,string,,Keeps a connection to Home Assistant for instant notifications,즉시 알림을 위해 Home Assistant와의 연결을 유지합니다,don't translate Home Assistant
ui_keeps_presence_detection_and_zone_automations_working_andr_c48598a,string,,Keeps presence detection and zone automations working. Android should show ‘Allow all the time’.,재실 감지 및 구역 자동화가 계속 동작하도록 유지합니다. Android에서 '항상 허용'으로 표시되어야 합니다.,
ui_keeps_your_device_location_updated_in_home_assistant_e295875,string,,Keeps your device location updated in Home Assistant,Home Assistant에서 기기 위치를 계속 최신 상태로 유지합니다,don't translate Home Assistant
ui_km_h_ede7178,string,,%1$s km/h,%1$s km/h,keep %1$s
ui_kwh_72c28e9,string,,kWh,kWh,
ui_languages_and_frameworks_used_by_the_android_app_fb4ac97,string,,Languages and frameworks used by the Android app,Android 앱에 사용된 언어 및 프레임워크,
ui_last_backup_05509f8,string,,Last backup %1$s,마지막 백업 %1$s,keep %1$s
ui_last_h_3faaee1,string,,Last %1$sh,최근 %1$s시간,keep %1$s
ui_last_run_b27f32a,string,,Last run %1$s,마지막 실행 %1$s,keep %1$s
ui_layout_972ad8d,string,,Layout,레이아웃,
ui_leave_a_tip_5f90f10,string,,Leave a tip,팁 남기기,
ui_leave_empty_to_use_the_home_assistant_name_f769e92,string,,Leave empty to use the Home Assistant name,Home Assistant 이름을 사용하려면 비워두세요,don't translate Home Assistant
ui_leave_this_empty_for_local_only_access_add_an_cc6bf85,string,,Leave this empty for local-only access. Add an external or Nabu Casa URL to use HKI 7 away from home.,로컬 전용 접근을 원하면 비워두세요. 외부에서 HKI 7을 사용하려면 외부 URL 또는 Nabu Casa URL을 추가하세요.,"don't translate Nabu Casa, HKI 7"
ui_left_8ae1c34,string,,Left,왼쪽,
ui_left_side_overflows_right_fc8533c,string,,Left side overflows right,왼쪽이 오른쪽으로 넘침,
ui_less_526cb74,string,,Less,간략히,
ui_let_hki_7_create_the_first_version_for_you_dc36439,string,,Let HKI 7 create the first version for you.,HKI 7이 첫 버전을 만들도록 하세요.,don't translate HKI 7
ui_let_this_person_enter_edit_mode_667df39,string,,Let this person enter edit mode,이 사용자가 편집 모드에 들어가도록 허용,
ui_level_7c7f5d0,string,,Level,수준,
ui_level_unavailable_a442183,string,,Level unavailable,수준 사용 불가,
ui_license_3229609,string,,License,라이선스,
ui_light_is_turned_off_ebc0cf1,string,,Light is turned off,조명이 꺼져 있습니다,
ui_lines_c6fd387,string,,Lines,선,
ui_link_a_device_to_auto_fill_the_humidifier_s_6f65010,string,,"Link a device to auto-fill the humidifier's helper entities, or set them by hand",기기를 연결하여 가습기의 헬퍼 엔티티를 자동으로 채우거나 직접 설정하세요,
ui_link_a_speed_control_197d75a,string,,Link a speed control,속도 제어 연결,
ui_linked_speed_control_optional_95fd680,string,,Linked speed control (optional),연결된 속도 제어 (선택),
ui_live_65c821a,string,,Live,실시간,
ui_live_6990f01,string,,LIVE,LIVE,
ui_live_indicators_11ef687,string,,Live indicators,실시간 표시기,
ui_live_power_sensors_imported_from_home_assistant_s_configur_1b926f2,string,,Live power sensors imported from Home Assistant's configured Energy devices.,Home Assistant에 구성된 에너지 기기에서 가져온 실시간 전력 센서입니다.,don't translate Home Assistant
ui_loading_actions_260b0c0,string,,Loading actions…,작업 불러오는 중…,
ui_loading_actions_877bfd9,string,,Loading actions...,동작 불러오는 중...,
ui_loading_camera_50a8065,string,,Loading camera…,카메라 불러오는 중…,
ui_loading_device_a3fda88,string,,Loading device...,기기 불러오는 중...,
ui_local_file_576d5ac,string,,Local file,로컬 파일,
ui_local_network_optional_42aba01,string,,Local network (optional),로컬 네트워크 (선택),
ui_local_only_05ed059,string,,Local Only,로컬 전용,
ui_locating_e46bab0,string,,Locating…,위치 찾는 중…,
ui_location_access_3b68001,string,,Location access,위치 접근,
ui_location_d219c68,string,,Location,위치,
ui_location_unavailable_3a57dda,string,,Location Unavailable,위치 사용 불가,
ui_lock_c37eb4c,string,,LOCK,잠금,
ui_locked_a798882,string,,Locked,잠김,
ui_locks_the_screen_to_its_highest_refresh_rate_while_585256f,string,,Locks the screen to its highest refresh rate while the app is open (uses more battery).,앱이 열려 있는 동안 화면을 최고 주사율로 고정합니다 (배터리 소모가 늘어남).,
ui_log_in_again_1ee6e18,string,,Log in again,다시 로그인,
ui_logging_in_again_keeps_your_dashboard_and_settings_9a8ed6f,string,,Logging in again keeps your dashboard and settings.,다시 로그인해도 대시보드와 설정은 유지됩니다.,
ui_logo_url_or_ha_local_path_optional_e795f06,string,,Logo URL or HA/local path (optional),로고 URL 또는 HA/로컬 경로 (선택),
ui_logout_keep_config_32a0cfb,string,,Logout (Keep Config),로그아웃 (구성 유지),
ui_low_a124947,string,,Low,낮음,
ui_low_ba7cae2,string,,%1$s low,%1$s 부족,keep %1$s
ui_low_batteries_41d22d9,string,,%1$s low batteries,배터리 부족 %1$s개,keep %1$s
ui_low_plan_a_replacement_34435da,string,,Low — plan a replacement,부족 — 교체를 계획하세요,
ui_low_threshold_1ecfd8b,string,,Low threshold (%),부족 임계값 (%),
ui_lunar_phase_301b75e,string,,Lunar phase,달의 위상,
ui_mail_92379cb,string,,Mail,우편함,
ui_maintenance_94de303,string,,Maintenance,유지 관리,
ui_manage_items_d854c4b,string,,Manage items,항목 관리,
ui_manage_order_411f2d9,string,,Manage order,순서 관리,
ui_managed_by_an_admin_805ae65,string,,Managed by an admin,관리자가 관리함,
ui_manual_configuration_only_selected_entities_and_devices_ar_10e150b,string,,Manual configuration: only selected entities and devices are shown.,수동 구성: 선택한 엔티티와 기기만 표시됩니다.,
ui_map_ab478f3,string,,Map,지도,
ui_map_c5cc79f,string,,Map: %1$s,지도: %1$s,keep %1$s
ui_map_camera_for_dialog_2bc4344,string,,Map camera (for dialog),지도 카메라 (대화상자용),
ui_map_status_sensors_and_control_bindings_8cc2dbd,string,,"Map, status sensors, and control bindings","지도, 상태 센서, 제어 바인딩",
ui_map_unavailable_0ccd149,string,,Map unavailable,지도를 사용할 수 없습니다,
ui_markdown_23e67fc,string,,Markdown,Markdown,
ui_matching_entities_are_added_automatically_by_home_assistan_07ebdac,string,,Matching entities are added automatically by Home Assistant device class. Add any missing or custom entities here.,일치하는 엔티티는 Home Assistant 기기 클래스에 따라 자동으로 추가됩니다. 누락되었거나 사용자 지정 엔티티가 있으면 여기에 추가하세요.,don't translate Home Assistant
ui_media_0c77aee,string,,Media,미디어,
ui_media_browsing_isn_t_available_for_this_player_e068417,string,,Media browsing isn't available for this player.,이 플레이어에서는 미디어 찾아보기를 사용할 수 없습니다.,
ui_media_library_b9c5845,string,,Media library,미디어 라이브러리,
ui_media_players_a4b8cf2,string,,Media players,미디어 플레이어,
ui_media_players_ec25525,string,,Media Players,미디어 플레이어,
ui_messages_safety_and_portability_ee58dfe,string,,"Messages, safety, and portability","메시지, 안전, 이식성",
ui_messages_sent_to_this_device_via_home_assistant_s_87e4a32,string,,Messages sent to this device via\nHome Assistant's notify service appear here.,Home Assistant의 notify 서비스를 통해\n이 기기로 전송된 메시지가 여기에 표시됩니다.,don't translate Home Assistant; \n = line break
ui_meteorological_tap_or_swipe_3f3d67e,string,,Meteorological · tap or swipe,기상 · 탭 또는 스와이프,
ui_meter_readings_a3c12c4,string,,Meter readings,계량기 검침값,
ui_mixed_climate_5d22eb9,string,,Mixed climate,혼합 공조,
ui_mm_ce9b88b,string,,%1$s mm,%1$s mm,keep %1$s
ui_mmm_d_9367bcf,string,,"%1$s, MMM d","%1$s, MMM d",keep %1$s
ui_mode_a7b93d2,string,,Mode,모드,
ui_modes_6fc3ca8,string,,MODES,모드,
ui_modes_79f5b22,string,,Modes,모드,
ui_monitoring_a814345,string,,Monitoring,모니터링,
ui_moon_846b902,string,,Moon,달,
ui_move_down_260ff8a,string,,Move down,아래로 이동,
ui_move_up_b4f57cd,string,,Move up,위로 이동,
ui_mozilla_public_license_2_0_mpl_2_0_4ec8335,string,,Mozilla Public License 2.0 (MPL-2.0),Mozilla Public License 2.0 (MPL-2.0),
ui_multiple_climate_values_are_averaged_separate_sensor_value_cfccbf4,string,,Multiple climate values are averaged. Separate sensor values are averaged only when no climate source is selected.,여러 냉난방 값은 평균으로 계산됩니다. 별도 센서 값은 냉난방 소스가 선택되지 않은 경우에만 평균으로 계산됩니다.,
ui_mywifi_mywifi_5g_2a163c1,string,,"MyWiFi, MyWiFi-5G","MyWiFi, MyWiFi-5G",
ui_n_b51a607,string,,N,N,
ui_name_709a232,string,,Name,이름,
ui_name_a_z_257c1c4,string,,Name A-Z,이름 A-Z,
ui_name_and_icon_shown_above_this_container_9076bde,string,,Name and icon shown above this container,이 컨테이너 위에 표시되는 이름과 아이콘,
ui_name_and_icon_shown_above_this_floor_3755eda,string,,Name and icon shown above this floor,이 층 위에 표시되는 이름과 아이콘,
ui_name_and_icon_used_throughout_the_app_bed8e83,string,,Name and icon used throughout the app,앱 전체에서 사용되는 이름 및 아이콘,
ui_name_optional_9c9f03a,string,,Name (optional),이름(선택 사항),
ui_name_subtitle_and_navigation_icon_3f2e8c4,string,,"Name, subtitle, and navigation icon","이름, 부제목, 탐색 아이콘",
ui_name_this_device_4d603e2,string,,Name this device,이 기기의 이름 지정,
ui_name_width_and_icon_a4d694b,string,,"Name, width, and icon","이름, 너비, 아이콘",
ui_name_z_a_daabfb6,string,,Name Z-A,이름 Z-A,
ui_native_home_assistant_automations_always_in_sync_ae8941e,string,,"Native Home Assistant automations, always in sync",항상 동기화되는 네이티브 Home Assistant 자동화,don't translate Home Assistant
ui_navigation_bar_e90e3de,string,,Navigation Bar,탐색 바,
ui_network_routes_for_1d18efd,string,,Network routes for %1$s,%1$s의 네트워크 경로,keep %1$s
ui_never_sent_to_the_developer_or_to_any_third_f0479e9,string,,"never sent to the developer or to any third party, and you can turn this ","개발자 또는 제3자에게 절대 전송되지 않으며, ",keep the space at the start/end
ui_never_triggered_c91b347,string,,Never triggered,작동한 적 없음,
ui_new_dashboard_4d3c071,string,,New Dashboard,새 대시보드,
ui_new_floor_1389094,string,,New floor,새 층,
ui_new_flow_d4cef94,string,,New flow,새 흐름,
ui_next_camera_14994be,string,,Next camera,다음 카메라,
ui_no_active_parcels_or_mail_6c9d49c,string,,No active parcels or mail.,활성 택배나 우편이 없습니다.,
ui_no_activity_in_this_period_5cb3978,string,,No activity in this period,이 기간 동안 활동이 없습니다,
ui_no_adaptive_lighting_profiles_are_currently_available_6d29642,string,,No Adaptive Lighting profiles are currently available.,현재 사용 가능한 적응형 조명 프로필이 없습니다.,
ui_no_air_purifiers_configured_add_fan_entities_under_climate_fd229a8,string,,No air purifiers configured. Add fan entities under Climate Settings → Climate Entities → Air purifiers.,구성된 공기청정기가 없습니다. 공조 설정 → 공조 엔티티 → 공기청정기에서 팬 엔티티를 추가하세요.,
ui_no_alarm_585ad82,string,,No alarm,경보 없음,
ui_no_announced_letters_4382408,string,,No announced letters.,발송 예고된 우편이 없습니다.,
ui_no_archived_notifications_ed5604b,string,,No archived notifications,보관된 알림이 없습니다,
ui_no_battery_entities_found_turn_off_battery_filtering_to_dfbc403,string,,No Battery+ entities found. Turn off Battery+ filtering to show all battery sensors.,Battery+ 엔티티를 찾을 수 없습니다. 모든 배터리 센서를 표시하려면 Battery+ 필터링을 끄세요.,
ui_no_battery_sensors_found_7cc0962,string,,No battery sensors found.,배터리 센서를 찾을 수 없습니다.,
ui_no_camera_selected_717ad35,string,,No camera selected,선택된 카메라가 없습니다,
ui_no_carbon_intensity_sensor_found_on_this_device_140bf09,string,,No carbon intensity sensor found on this device,이 기기에서 탄소 강도 센서를 찾을 수 없습니다,
ui_no_cards_yet_open_the_stack_settings_to_pick_021dada,string,,No cards yet — open the stack settings to pick energy cards.,카드가 아직 없습니다 — 스택 설정을 열어 에너지 카드를 선택하세요.,
ui_no_cards_yet_open_the_stack_settings_to_pick_ca8008f,string,,No cards yet — open the stack settings to pick climate cards.,카드가 아직 없습니다 — 스택 설정을 열어 공조 카드를 선택하세요.,
ui_no_climate_data_37d45e0,string,,No climate data,공조 데이터 없음,
ui_no_climate_devices_found_thermostats_and_ac_units_from_2e47541,string,,No climate devices found. Thermostats and AC units from Home Assistant appear here automatically.,냉난방 기기를 찾을 수 없습니다. Home Assistant의 온도 조절기 및 에어컨이 여기에 자동으로 표시됩니다.,don't translate Home Assistant
ui_no_collections_in_the_next_7_days_6d48bf4,string,,No collections in the next 7 days.,향후 7일 동안 예정된 수거가 없습니다.,
ui_no_conditions_this_flow_always_continues_c95e76f,string,,No conditions — this flow always continues,조건 없음 — 이 흐름은 항상 계속됩니다,
ui_no_dashboards_have_been_shared_with_you_yet_ask_38b2c0d,string,,"No dashboards have been shared with you yet. Ask an admin to share one, or pick another option above.",아직 공유받은 대시보드가 없습니다. 관리자에게 공유를 요청하거나 위의 다른 옵션을 선택하세요.,
ui_no_dashboards_have_been_shared_with_you_yet_ask_877080a,string,,No dashboards have been shared with you yet. Ask an admin to share one.,아직 공유받은 대시보드가 없습니다. 관리자에게 공유를 요청하세요.,
ui_no_data_d802d23,string,,No data,데이터 없음,
ui_no_door_sensor_f6b60c8,string,,No door sensor,문 센서 없음,
ui_no_energy_sensors_found_eeecdec,string,,No energy sensors found.,에너지 센서를 찾을 수 없습니다.,
ui_no_events_e339ba7,string,,No events,이벤트 없음,
ui_no_fans_found_fan_entities_from_home_assistant_appear_279dab7,string,,No fans found. Fan entities from Home Assistant appear here automatically.,선풍기를 찾을 수 없습니다. Home Assistant의 팬 엔티티가 여기에 자동으로 표시됩니다.,don't translate Home Assistant
ui_no_forecast_available_ed48809,string,,No forecast available,사용할 수 있는 예보가 없습니다,
ui_no_graphs_yet_open_the_stack_settings_to_add_87f742f,string,,No graphs yet — open the stack settings to add sensor graphs.,그래프가 아직 없습니다 — 스택 설정을 열어 센서 그래프를 추가하세요.,
ui_no_heading_162947f,string,,No heading,제목 없음,
ui_no_hourly_forecast_available_9ef5a5f,string,,No hourly forecast available,사용 가능한 시간별 예보가 없습니다,
ui_no_humidifiers_found_humidifier_entities_from_home_assista_eeadbd7,string,,No humidifiers found. Humidifier entities from Home Assistant appear here automatically; extras can be added in Climate Settings.,가습기를 찾을 수 없습니다. Home Assistant의 가습기 엔티티가 여기에 자동으로 표시됩니다. 추가 항목은 공조 설정에서 등록할 수 있습니다.,don't translate Home Assistant
ui_no_individual_water_devices_configured_d0060ba,string,,No individual water devices configured.,구성된 개별 수도 기기가 없습니다.,
ui_no_letter_image_available_eeb42c0,string,,No letter image available,사용 가능한 우편 이미지가 없습니다,
ui_no_map_camera_configured_d72057b,string,,No map camera\nconfigured,구성된 지도\n카메라가 없습니다,\n = line break
ui_no_map_camera_set_configure_in_button_settings_b54466c,string,,No map camera set.\nConfigure in button settings.,설정된 지도 카메라가 없습니다.\n버튼 설정에서 구성하세요.,\n = line break
ui_no_matches_cd0af6c,string,,No matches,일치하는 항목 없음,
ui_no_matching_automations_4489522,string,,No matching automations,일치하는 자동화가 없습니다,
ui_no_media_players_found_1248a89,string,,No media players found.,미디어 플레이어를 찾을 수 없습니다.,
ui_no_native_home_assistant_automations_found_725a043,string,,No native Home Assistant automations found,네이티브 Home Assistant 자동화를 찾을 수 없습니다,don't translate Home Assistant
ui_no_non_admin_users_found_on_this_home_assistant_e9e665d,string,,No non-admin users found on this Home Assistant.,이 Home Assistant에서 비관리자 사용자를 찾을 수 없습니다.,don't translate Home Assistant
ui_no_notifications_a72159d,string,,No Notifications,알림 없음,
ui_no_notifications_b08626f,string,,No notifications,알림 없음,
ui_no_options_available_7a19b6d,string,,No options available,사용 가능한 옵션이 없습니다,
ui_no_other_entities_on_this_device_fbc481b,string,,No other entities on this device.,이 기기에 다른 엔티티가 없습니다.,
ui_no_other_users_found_on_this_home_assistant_cb89d3d,string,,No other users found on this Home Assistant.,이 Home Assistant에서 다른 사용자를 찾을 수 없습니다.,don't translate Home Assistant
ui_no_parcel_selected_922a402,string,,No parcel selected,선택된 택배가 없습니다,
ui_no_parcels_cf4c0a0,string,,No %1$s parcels.,%1$s 택배가 없습니다.,keep %1$s
ui_no_phase_sensors_configured_in_energy_settings_b88c1dc,string,,No phase sensors configured in Energy Settings.,에너지 설정에 구성된 상(相) 센서가 없습니다.,
ui_no_power_sensors_found_caf2e07,string,,No power sensors found.,전력 센서를 찾을 수 없습니다.,
ui_no_power_sensors_found_on_this_device_or_its_942e9be,string,,No power sensors found on this device (or its sub-devices) yet.,이 기기(또는 하위 기기)에서 아직 전력 센서를 찾을 수 없습니다.,
ui_no_profile_available_98d6e00,string,,No profile available,사용할 수 있는 프로필이 없습니다,
ui_no_sensors_found_edacf22,string,,No %1$s sensors found.,%1$s 센서를 찾을 수 없습니다.,keep %1$s
ui_no_sensors_selected_open_the_widget_settings_in_edit_cd87a2e,string,,No sensors selected — open the widget settings in edit mode.,선택된 센서가 없습니다 — 편집 모드에서 위젯 설정을 여세요.,
ui_no_servers_found_yet_make_sure_you_re_on_7e6832d,string,,"No servers found yet. Make sure you're on the same Wi-Fi, or enter the address below.",아직 서버를 찾을 수 없습니다. 같은 Wi-Fi에 연결되어 있는지 확인하거나 아래에 주소를 입력하세요.,
ui_no_speed_control_linked_cb0e9ad,string,,No speed control linked,연결된 속도 제어가 없습니다,
ui_no_status_history_enable_parcel_history_in_the_integration_302ca4a,string,,No status history (enable parcel history in the integration options),상태 기록이 없습니다 (통합 옵션에서 택배 기록을 활성화하세요),
ui_no_stream_available_0535c4e,string,,No stream available,사용할 수 있는 스트림이 없습니다,
ui_no_stream_available_6bfd14a,string,,No Stream Available,사용 가능한 스트림이 없습니다,
ui_no_supported_alarm_modes_reported_by_this_entity_588b22a,string,,No supported alarm modes reported by this entity,이 엔티티가 보고하는 지원되는 경보 모드가 없습니다,
ui_no_target_f919b89,string,,No target,대상 없음,
ui_no_tariff_sensors_configured_in_energy_settings_2ad6a3c,string,,No tariff sensors configured in Energy Settings.,에너지 설정에 구성된 요금제 센서가 없습니다.,
ui_no_thanks_6d745b3,string,,No thanks,괜찮습니다,
ui_no_upcoming_collections_feff2a6,string,,No upcoming collections,예정된 수거가 없습니다,
ui_no_waste_sensors_selected_68b51ce,string,,No waste sensors selected,선택된 폐기물 센서가 없습니다,
ui_no_waste_sensors_selected_add_them_via_the_widget_554ff3d,string,,No waste sensors selected. Add them via the widget settings in edit mode.,선택된 폐기물 센서가 없습니다. 편집 모드의 위젯 설정에서 추가하세요.,
ui_no_weather_cards_ce32255,string,,No weather cards,날씨 카드 없음,
ui_no_weather_entity_available_7476bcb,string,,No weather entity available,사용 가능한 날씨 엔티티가 없습니다,
ui_no_widgets_match_73a3c20,string,,"No widgets match ""%1$s""","""%1$s""와(과) 일치하는 위젯이 없습니다",keep %1$s
ui_none_6eef664,string,,None,없음,
ui_none_auto_cc8786f,string,,None / Auto,없음 / 자동,
ui_none_modes_stay_as_the_only_control_b62bff7,string,,None — modes stay as the only control,없음 — 모드가 유일한 제어로 유지됩니다,
ui_none_of_your_configured_carriers_support_adding_a_parcel_21dc0a4,string,,"None of your configured carriers support adding a parcel by tracking number. Account-based carriers (PostNL, DPD, DHL) only track what's already in your account.","구성된 택배사 중 운송장 번호로 택배를 추가할 수 있는 곳이 없습니다. 계정 기반 택배사(PostNL, DPD, DHL)는 이미 계정에 있는 정보만 추적합니다.",
ui_none_selected_5798946,string,,None selected,선택 없음,
ui_none_timer_follows_the_completion_time_only_09d470a,string,,None — timer follows the completion time only,없음 — 타이머는 완료 시간만 따릅니다,
ui_not_enough_data_cdb9d58,string,,Not enough data,데이터가 충분하지 않습니다,
ui_not_enough_data_in_this_period_48188c4,string,,Not enough data in this period,이 기간의 데이터가 충분하지 않습니다,
ui_not_loaded_by_home_assistant_95f811a,string,,Not loaded by Home Assistant,Home Assistant에서 불러오지 않음,don't translate Home Assistant
ui_not_set_93039e6,string,,Not set,설정 안 됨,
ui_nothing_here_7f42022,string,,Nothing here.,여기에 아무것도 없습니다.,
ui_nothing_hidden_fd1cdd3,string,,Nothing hidden,숨겨진 항목 없음,
ui_nothing_is_shared_yet_fca61d0,string,,Nothing is shared yet.,아직 공유된 것이 없습니다.,
ui_nothing_removed_d67902f,string,,Nothing removed.,제거된 항목이 없습니다.,
ui_nothing_removed_use_edit_mode_on_the_climate_page_dd07910,string,,Nothing removed. Use edit mode on the Climate page to remove cards; they land here and can be restored.,제거된 항목이 없습니다. 공조 페이지의 편집 모드에서 카드를 제거하면 여기로 이동되어 복원할 수 있습니다.,
ui_nothing_to_reorder_yet_cdcbb36,string,,Nothing to reorder yet.,아직 순서를 바꿀 항목이 없습니다.,
ui_notification_c18f8f2,string,,Notification,알림,
ui_notifications_753a22b,string,,Notifications,알림,
ui_notifications_are_delivered_over_the_app_s_live_connection_d2aa965,string,,Notifications are delivered over the app's live connection whenever it is open — send them from Home Assistant with the notify service for this device. Swipe in from the left edge to see the history.,알림은 앱이 열려 있을 때 실시간 연결을 통해 전달됩니다. 이 기기용 notify 서비스로 Home Assistant에서 전송하세요. 왼쪽 가장자리에서 스와이프하면 기록을 볼 수 있습니다.,don't translate Home Assistant
ui_now_e3b8204,string,,Now,지금,
ui_of_3_enabled_5cdedd4,string,,%1$s of 3 enabled,3개 중 %1$s개 사용 중,keep %1$s
ui_of_home_fdfd824,string,,%1$s%% of home,집의 %1$s%%,keep %1$s
ui_off_ad50489,string,,OFF,OFF,
ui_off_at_any_time_in_android_settings_4607e2c,string,,off at any time in Android settings.,Android 설정에서 언제든지 끌 수 있습니다.,
ui_off_e3de5ab,string,,Off,꺼짐,
ui_ok_9ce3bd4,string,,OK,확인,
ui_on_12469c7,string,,On - %1$s%%,켜짐 - %1$s%%,keep %1$s
ui_on_387d7a5,string,,ON,ON,
ui_on_e0049a6,string,,On,켜짐,
ui_on_f9ca2fe,string,,%1$s%% • ON,%1$s%% • 켜짐,keep %1$s
ui_on_these_wi_fi_networks_the_app_connects_via_82d3f1f,string,,On these Wi-Fi networks the app connects via the internal URL; everywhere else it uses the main server URL above.,"이 Wi-Fi 네트워크에서는 앱이 내부 URL을 통해 연결하며, 그 외에는 위의 기본 서버 URL을 사용합니다.",
ui_on_this_device_a7f9620,string,,On this device,이 기기,
ui_onboard_step_fefaac1,string,,onboard_step,onboard_step,
ui_only_percentage_sensors_classified_by_home_assistant_as_ba_0d94a2a,string,,Only percentage sensors classified by Home Assistant as batteries are imported. ,Home Assistant에서 배터리로 분류된 백분율 센서만 가져옵니다. ,don't translate Home Assistant; keep the space at the start/end
ui_only_show_battery_entities_and_include_battery_type_detail_b216867,string,,Only show Battery+ entities and include battery type details,Battery+ 엔티티만 표시하고 배터리 유형 세부 정보를 포함,
ui_only_show_battery_entities_and_include_type_quantity_and_0d8ce40,string,,"Only show Battery+ entities and include type, quantity, and related battery info.","Battery+ 엔티티만 표시하고 유형, 수량, 관련 배터리 정보를 포함합니다.",
ui_open_camera_full_screen_afc186b,string,,Open camera full screen,카메라를 전체 화면으로 열기,
ui_open_cf9b770,string,,Open,열기,
ui_open_history_for_graph_ae801d5,string,,Open history for graph,그래프 기록 열기,
ui_open_link_d2de1a2,string,,Open link,링크 열기,
ui_open_source_and_premium_licensing_0328125,string,,Open-source and premium licensing,오픈소스 및 프리미엄 라이선스,
ui_open_the_component_on_github_c1e5ee5,string,,Open the component on GitHub,GitHub에서 컴포넌트 열기,
ui_open_this_panel_by_swiping_left_from_the_upper_671e63c,string,,Open this panel by swiping left from the upper-right edge of any page header.,페이지 헤더의 오른쪽 상단 가장자리에서 왼쪽으로 스와이프하면 이 패널이 열립니다.,
ui_opening_dashboard_8e99930,string,,Opening dashboard…,대시보드 여는 중…,
ui_openstreetmap_fa78a33,string,,OpenStreetMap,OpenStreetMap,
ui_optional_context_shown_by_the_lock_card_03f6814,string,,Optional context shown by the lock card,잠금장치 카드가 표시하는 선택적 정보,
ui_optional_controls_and_sensors_for_richer_dialogs_7a80e7b,string,,Optional controls and sensors for richer dialogs,더 풍부한 대화상자를 위한 선택적 컨트롤 및 센서,
ui_optional_display_name_and_icon_override_f7a6cda,string,,Optional display name and icon override,선택적 표시 이름 및 아이콘 재정의,
ui_optional_fields_passed_to_home_assistant_54dffc6,string,,Optional fields passed to Home Assistant,Home Assistant에 전달되는 선택적 필드,don't translate Home Assistant
ui_optional_label_shown_when_name_is_enabled_above_8229e92,string,,"Optional label shown when ""Name"" is enabled above",위에서 「이름」이 활성화된 경우 표시되는 선택적 레이블,
ui_optional_name_and_icon_overrides_5dfd062,string,,Optional name and icon overrides,선택적 이름 및 아이콘 재정의,
ui_optional_name_and_icon_shown_above_this_stack_272f237,string,,Optional name and icon shown above this stack,이 스택 위에 표시되는 선택적 이름과 아이콘,
ui_optional_premium_5ae8183,string,,Optional Premium,선택적 프리미엄,
ui_optional_support_for_development_and_testing_costs_5d6af95,string,,Optional support for development and testing costs,개발 및 테스트 비용에 대한 선택적 지원,
ui_optional_title_and_dashboard_width_e04c6e8,string,,Optional title and dashboard width,선택적 제목 및 대시보드 너비,
ui_optional_title_width_and_supported_shape_8b2e456,string,,"Optional title, width, and supported shape","선택적 제목, 너비, 지원되는 모양",
ui_options_6bf5da9,string,,Options,옵션,
ui_organization_519255a,string,,Organization,구성,
ui_oscillate_3d3c9bd,string,,Oscillate,회전,
ui_outside_cbbef8c,string,,OUTSIDE,실외,
ui_outside_is_never_auto_detected_either_link_a_weather_eb8cc14,string,,"Outside is never auto-detected. Either link a weather entity (it usually carries temperature, humidity and pressure) or pick individual outdoor sensors below. The temperature feeds the Outside tile and the hero's outside reading.","실외는 자동으로 감지되지 않습니다. 날씨 엔티티를 연결하거나(보통 온도, 습도, 기압을 포함) 아래에서 개별 실외 센서를 선택하세요. 온도는 실외 타일과 히어로의 실외 값에 사용됩니다.",
ui_outside_weather_entity_98e8465,string,,Outside weather entity,실외 날씨 엔티티,
ui_page_areas_1068b64,string,,Page areas,페이지 영역,
ui_page_icon_b58a288,string,,Page icon,페이지 아이콘,
ui_page_identity_dafa8dd,string,,Page identity,페이지 신원,
ui_page_name_c99f51a,string,,Page name,페이지 이름,
ui_page_settings_0a44afc,string,,Page settings,페이지 설정,
ui_page_subtitle_8a04084,string,,Page subtitle,페이지 부제목,
ui_parcel_9ddaaee,string,,Parcel,택배,
ui_parcels_16129ec,string,,Parcels,택배,
ui_parental_controls_c4f61d0,string,,Parental controls,자녀 보호,
ui_parental_controls_dashboard_sharing_and_permissions_b74e0c0,string,,"Parental controls, dashboard sharing, and permissions","자녀 보호, 대시보드 공유, 권한",
ui_parental_controls_sharing_needs_the_hki_7_cloud_component_7929459,string,,Parental controls & sharing — needs the HKI 7 Cloud component,자녀 보호 및 공유 — HKI 7 Cloud 컴포넌트가 필요합니다,don't translate HKI 7 Cloud
ui_pause_781961b,string,,Pause,일시 중지,
ui_pause_adaptation_821b33e,string,,Pause adaptation,적응 일시 중지,
ui_pending_timer_dbf15fa,string,,Pending timer,대기 타이머,
ui_people_b37554f,string,,People,사람,
ui_permission_needed_7c7a8e5,string,,Permission needed,권한이 필요합니다,
ui_permissions_d06d555,string,,Permissions,권한,
ui_person_settings_977e009,string,,Person settings,구성원 설정,
ui_personal_information_used_throughout_hki_7_b7d1b08,string,,Personal information used throughout HKI 7,HKI 7 전체에서 사용되는 개인 정보,don't translate HKI 7
ui_personalize_7602b35,string,,Personalize,맞춤 설정,
ui_persons_order_9fe91dc,string,,Persons order,구성원 순서,
ui_phase_17619b8,string,,Phase %1$s,상 %1$s,keep %1$s
ui_pick_a_carbon_footprint_device_ea1fe94,string,,Pick a carbon footprint device,탄소 발자국 기기 선택,
ui_pick_a_device_to_auto_fill_the_sensors_below_f396326,string,,Pick a device to auto-fill the sensors below,기기를 선택하여 아래 센서를 자동으로 채우세요,
ui_pick_a_source_device_or_fine_tune_individual_roles_beb54f5,string,,Pick a source device or fine-tune individual roles,소스 기기를 선택하거나 개별 역할을 세부 조정하세요,
ui_pick_a_starting_point_everything_remains_editable_340924e,string,,Pick a starting point; everything remains editable,시작점을 선택하세요. 모든 것은 계속 편집할 수 있습니다,
ui_pickup_b6da461,string,,Pickup: %1$s,수령: %1$s,keep %1$s
ui_pin_3adadd3,string,,PIN,PIN,
ui_place_this_room_in_the_correct_floor_group_52c044a,string,,Place this room in the correct floor group,이 방을 올바른 층 그룹에 배치하세요,
ui_placement_ab89d05,string,,Placement,배치,
ui_playback_c8e3087,string,,Playback,재생,
ui_player_e53407c,string,,Player,플레이어,
ui_players_summarized_by_the_room_header_and_card_729ea70,string,,Players summarized by the room header and card,방 헤더 및 카드에 요약되는 플레이어,
ui_please_wait_5afeca7,string,,Please wait…,잠시만 기다려 주세요…,
ui_position_d0b0314,string,,POSITION,위치,
ui_postal_code_optional_b86b6a2,string,,Postal code (optional),우편번호 (선택),
ui_power_c2b6b52,string,,POWER,전력,
ui_power_overview_a204dd7,string,,Power overview,전력 개요,
ui_power_per_phase_1f38fb0,string,,Power per phase,상(相)별 전력,
ui_precipitation_60d5e73,string,,Precipitation,강수량,
ui_premium_icon_packs_animated_icons_and_artwork_premium_them_6363fef,string,,"Premium icon packs, animated icons and artwork, premium themes, entitlement services, and any separately marked premium modules are not covered by MPL-2.0. They remain proprietary and are licensed for personal use through a valid Premium entitlement.","프리미엄 아이콘 팩, 애니메이션 아이콘 및 아트워크, 프리미엄 테마, 자격 부여 서비스, 별도로 표시된 프리미엄 모듈은 MPL-2.0의 적용을 받지 않습니다. 이들은 독점적으로 유지되며 유효한 프리미엄 자격을 통해 개인 사용에 한해 라이선스가 부여됩니다.",
ui_presets_6891289,string,,PRESETS,PRESETS,
ui_presets_e709e76,string,,Presets,프리셋,
ui_press_ea683ad,string,,Press,누르기,
ui_prevents_android_from_delaying_battery_charging_and_presen_623b898,string,,"Prevents Android from delaying battery, charging, and presence updates while the device is idle.","기기가 유휴 상태일 때 Android가 배터리, 충전, 재실 업데이트를 지연시키지 않도록 합니다.",
ui_previous_camera_5014da7,string,,Previous camera,이전 카메라,
ui_produced_5028c07,string,,Produced %1$s,생산됨 %1$s,keep %1$s
ui_production_overview_fbbfc38,string,,Production overview,생산 개요,
ui_profile_ff4fc02,string,,Profile,프로필,
ui_profile_switches_affect_every_light_assigned_to_19ba9ec,string,,Profile switches affect every light assigned to %1$s.,프로필 전환은 %1$s에 할당된 모든 조명에 영향을 줍니다.,keep %1$s
ui_profiles_0c2a930,string,,Profiles,프로필,
ui_project_information_licensing_and_community_support_9fc47d6,string,,"Project information, licensing, and community support","프로젝트 정보, 라이선스, 커뮤니티 지원",
ui_publish_one_of_your_dashboards_to_your_family_recipients_88c1d49,string,,Publish one of your dashboards to your family. Recipients import it from Settings › Dashboard and can pull updates later. Set what they may change under Permissions.,대시보드 중 하나를 가족에게 게시하세요. 수신자는 설정 › 대시보드에서 가져오며 나중에 업데이트를 받을 수 있습니다. 권한에서 변경 가능한 항목을 설정하세요.,
ui_published_to_your_family_33fc8da,string,,Published to your family,가족에게 게시됨,
ui_pulse_8439fc4,string,,pulse,pulse,
ui_pulsescale_939f5c2,string,,pulseScale,pulseScale,
ui_push_delivery_and_history_aa3e29d,string,,Push delivery and history,푸시 전달 및 기록,
ui_push_my_changes_now_ddff3f6,string,,Push my changes now,지금 변경 내용 푸시,
ui_pushing_3c52088,string,,Pushing…,푸시하는 중…,
ui_quick_actions_e47e804,string,,Quick actions,빠른 작업,
ui_quick_start_gesture_23ee6fe,string,,quick_start_gesture,quick_start_gesture,
ui_rain_0a858c9,string,,Rain,비,
ui_rain_map_7c1862a,string,,Rain map,강수 지도,
ui_rain_map_image_url_0c47012,string,,Rain map image URL,강수 지도 이미지 URL,
ui_rain_map_url_iframe_3f22653,string,,Rain map URL (iframe),강수 지도 URL(iframe),
ui_re_import_batteries_9473d07,string,,Re-import batteries,배터리 다시 가져오기,
ui_re_import_batteries_f3b8458,string,,Re-import Batteries,배터리 다시 가져오기,
ui_re_import_climate_3ed098c,string,,Re-import climate,공조 다시 가져오기,
ui_re_import_climate_f7f5678,string,,Re-import Climate,공조 다시 가져오기,
ui_re_import_energy_9e66bbb,string,,Re-import Energy,에너지 다시 가져오기,
ui_re_import_energy_c0b0fcc,string,,Re-import energy,에너지 다시 가져오기,
ui_re_import_rooms_6cc58f9,string,,Re-import rooms,방 다시 가져오기,
ui_re_import_rooms_b49077d,string,,Re-import Rooms,방 다시 가져오기,
ui_re_import_security_411e76d,string,,Re-import Security,보안 다시 가져오기,
ui_re_import_security_fcf0ad8,string,,Re-import security,보안 다시 가져오기,
ui_read_only_home_assistant_automation_46d25b7,string,,Read-only Home Assistant automation,읽기 전용 Home Assistant 자동화,don't translate Home Assistant
ui_read_the_full_mpl_2_0_4d68c7d,string,,Read the full MPL 2.0,MPL 2.0 전문 읽기,
ui_ready_20c7c55,string,,Ready,준비됨,
ui_receive_home_assistant_alerts_and_actionable_notifications_386435f,string,,Receive Home Assistant alerts and actionable notifications on this device.,이 기기에서 Home Assistant 경고 및 실행 가능한 알림을 받습니다.,don't translate Home Assistant
ui_recipes_create_regular_home_assistant_automations_you_can_a81bf72,string,,Recipes create regular Home Assistant automations. You can continue editing them in either HKI7 or Home Assistant.,레시피는 일반 Home Assistant 자동화를 생성합니다. HKI7 또는 Home Assistant에서 계속 편집할 수 있습니다.,"don't translate Home Assistant, HKI7"
ui_recommended_e37d21e,string,,RECOMMENDED,권장,
ui_recording_09b5b61,string,,Recording · ,녹화 중 · ,keep the space at the start/end
ui_refresh_56e3bad,string,,Refresh,새로고침,
ui_refresh_connection_46966aa,string,,Refresh Connection,연결 새로고침,
ui_refresh_interval_f086d9d,string,,Refresh interval,새로고침 간격,
ui_relock_after_4db5c55,string,,Relock after,다음 시간 후 다시 잠금,
ui_remote_access_is_ready_0e26b5a,string,,Remote access is ready.,원격 접근이 준비되었습니다.,
ui_remote_access_optional_75dd54d,string,,Remote access (optional),원격 접근 (선택),
ui_remove_436e1a0,string,,Remove %1$s?,%1$s을(를) 제거할까요?,keep %1$s
ui_remove_avatar_58e0c56,string,,Remove avatar,아바타 제거,
ui_remove_e963907,string,,Remove,제거,
ui_remove_edits_and_import_all_7f0b4a1,string,,Remove edits and import all,편집 내용을 제거하고 모두 가져오기,
ui_removed_entities_559c584,string,,Removed entities (%1$s),제거된 엔티티 (%1$s),keep %1$s
ui_removed_entities_6dbeb2d,string,,Removed entities,제거된 엔티티,
ui_removed_entities_are_excluded_from_cards_graphs_tiles_and_628e91a,string,,"Removed entities are excluded from cards, graphs, tiles and averages. Tap ✕ to restore.","제거된 엔티티는 카드, 그래프, 타일, 평균에서 제외됩니다. ✕를 탭하면 복원됩니다.",
ui_rename_d3f4cb8,string,,Rename,이름 변경,
ui_rename_dashboard_ceb1d6d,string,,Rename dashboard,대시보드 이름 변경,
ui_rename_home_assistant_f1a0d6f,string,,Rename Home Assistant,Home Assistant 이름 변경,don't translate Home Assistant
ui_rename_players_and_choose_which_ones_may_show_the_212864f,string,,Rename players and choose which ones may show the mini player above the navigation bar while playing.,플레이어의 이름을 변경하고 재생 중일 때 탐색 바 위에 미니 플레이어를 표시할 항목을 선택하세요.,
ui_rename_players_and_mini_player_visibility_8d0e1f7,string,,Rename players and mini player visibility,플레이어 이름 변경 및 미니 플레이어 표시 여부,
ui_rendering_style_and_history_range_be872e9,string,,Rendering style and history range,렌더링 스타일 및 기록 범위,
ui_reorder_and_hide_tabs_39de701,string,,Reorder and hide tabs,탭 순서 변경 및 숨기기,
ui_reorder_cameras_b226c47,string,,Reorder cameras,카메라 순서 변경,
ui_reorder_cards_147ed64,string,,Reorder cards,카드 순서 변경,
ui_reorder_devices_8bcc061,string,,Reorder devices,기기 순서 변경,
ui_repeat_659eba1,string,,Repeat,반복,
ui_repeats_every_day_only_the_time_of_day_is_a71f502,string,,Repeats every day — only the time of day is used.,매일 반복됩니다 — 시각만 사용됩니다.,
ui_repeats_every_month_only_the_day_of_the_month_93ca445,string,,Repeats every month — only the day of the month and time are used.,매월 반복됩니다 — 날짜와 시각만 사용됩니다.,
ui_repeats_every_week_only_the_weekday_and_time_are_8f36757,string,,Repeats every week — only the weekday and time are used.,매주 반복됩니다 — 요일과 시각만 사용됩니다.,
ui_repeats_every_year_the_year_is_ignored_so_e_a661f32,string,,"Repeats every year — the year is ignored, so e.g. 24–26 Dec recurs each Christmas.",매년 반복됩니다 — 연도는 무시되므로 예를 들어 12월 24~26일은 매년 크리스마스마다 반복됩니다.,
ui_require_an_extra_gesture_or_pin_before_actions_run_19ae393,string,,Require an extra gesture or PIN before actions run,동작 실행 전 추가 제스처 또는 PIN 필요,
ui_required_9100e2e,string,, (required), (필수),keep the space at the start/end
ui_required_state_bdc9c95,string,,Required state,필수 상태,
ui_reset_44c57ab,string,,Reset,초기화,
ui_reset_everything_2d6cd07,string,,Reset Everything,모두 초기화,
ui_restart_b134bd5,string,,Restart,재시작,
ui_restart_home_assistant_0206bf0,string,,Restart Home Assistant?,Home Assistant를 재시작할까요?,don't translate Home Assistant
ui_restart_home_assistant_551322c,string,,Restart Home Assistant,Home Assistant 재시작,don't translate Home Assistant
ui_restarting_b86eee1,string,,Restarting…,재시작하는 중…,
ui_restore_3cbe6d6,string,,Restore,복원,
ui_restore_backup_a65eaa8,string,,Restore backup,백업 복원,
ui_restore_from_cloud_52b6663,string,,Restore from cloud,클라우드에서 복원,
ui_restore_from_home_assistant_13aec1d,string,,Restore from Home Assistant,Home Assistant에서 복원,don't translate Home Assistant
ui_resume_adaptation_ac73b12,string,,Resume adaptation,적응 재개,
ui_resume_b3bd0b5,string,,Resume,재개,
ui_reverse_57f9933,string,,Reverse,역방향,
ui_right_954daa8,string,,Right,오른쪽,
ui_right_side_overflows_left_d75893d,string,,Right side overflows left,오른쪽이 왼쪽으로 넘침,
ui_room_areas_584c8ee,string,,Room areas,방 영역,
ui_room_climate_c57811d,string,,Room climate,방 냉난방,
ui_room_name_8605e33,string,,Room name,방 이름,
ui_room_scale_6602c22,string,,room-scale,room-scale,
ui_rooms_3a28d6f,string,,Rooms,방,
ui_rooms_are_imported_2ef3415,string,,Rooms are imported,방이 가져와졌습니다,
ui_rooms_in_auto_mode_are_imported_from_home_assistant_c583d84,string,,Rooms in auto mode are imported from Home Assistant. Switch to manual or take over the current dashboard to add widgets by hand.,자동 모드의 방은 Home Assistant에서 가져옵니다. 수동으로 전환하거나 현재 대시보드를 전용으로 전환하여 위젯을 직접 추가하세요.,don't translate Home Assistant
ui_rotation_acaf322,string,,rotation,rotation,
ui_roundness_of_buttons_cards_and_widgets_3573fff,string,,"Roundness of buttons, cards and widgets","버튼, 카드, 위젯의 모서리 둥글기",
ui_run_b1b3926,string,,Run,실행,
ui_run_mode_12ce660,string,,Run mode,실행 모드,
ui_running_state_entity_3c8ffde,string,,Running-state entity,실행 상태 엔티티,
ui_s_02aa629,string,,S,S,
ui_s_are_81c69ca,string,,s are,개가 있습니다,
ui_s_refresh_10a9b0b,string,,%1$ss refresh,%1$s초 새로고침,keep %1$s
ui_save_efc007a,string,,Save,저장,
ui_save_in_home_assistant_eacb2ce,string,,Save in Home Assistant,Home Assistant에 저장,don't translate Home Assistant
ui_save_local_network_7f0247d,string,,Save Local Network,로컬 네트워크 저장,
ui_save_or_restore_dashboard_configuration_be8f39f,string,,Save or restore dashboard configuration,대시보드 구성 저장 또는 복원,
ui_save_profile_f597c0e,string,,Save profile,프로필 저장,
ui_save_remote_access_05740bc,string,,Save Remote Access,원격 접근 저장,
ui_saved_directly_in_the_native_automation_734f9ba,string,,Saved directly in the native automation,네이티브 자동화에 직접 저장됨,
ui_saving_56a2285,string,,Saving…,저장하는 중…,
ui_scanning_36c4a06,string,,Scanning…,스캔하는 중…,
ui_scheduled_1cd1bda,string,,Scheduled,예약됨,
ui_search_actions_9313854,string,,Search actions,작업 검색,
ui_search_automations_9172ba9,string,,Search automations,자동화 검색,
ui_search_batteries_a63e58b,string,,Search batteries,배터리 검색,
ui_search_bce0641,string,,Search,검색,
ui_search_by_name_28abc03,string,,Search by name,이름으로 검색,
ui_search_devices_2ce0b70,string,,Search devices,기기 검색,
ui_search_entities_7c70008,string,,Search entities,엔티티 검색,
ui_search_f54fbca,string,,Search…,검색…,
ui_search_filters_3d10e32,string,,Search & filters,검색 및 필터,
ui_search_sort_9fe6cb4,string,,Search & sort,검색 및 정렬,
ui_search_the_material_design_icon_library_2a2aa8d,string,,Search the Material Design icon library,Material Design 아이콘 라이브러리 검색,
ui_search_widgets_9525879,string,,Search widgets,위젯 검색,
ui_season_62255f5,string,,Season,계절,
ui_season_card_flip_6683142,string,,season-card-flip,season-card-flip,
ui_secondary_line_ca81690,string,,Secondary line,보조 텍스트,
ui_seconds_5fb1db5,string,,Seconds,초,
ui_securitydoor_929c4fc,string,,securityDoor,securityDoor,
ui_securitygarage_499e9f7,string,,securityGarage,securityGarage,
ui_securitygate_0743480,string,,securityGate,securityGate,
ui_securityhouse_08bd121,string,,securityHouse,securityHouse,
ui_securityphase_f4739f6,string,,securityPhase,securityPhase,
ui_securitypulse_5340cf8,string,,securityPulse,securityPulse,
ui_securitywindow_4619bf3,string,,securityWindow,securityWindow,
ui_select_0fc8ec5,string,,Select %1$s,%1$s 선택,keep %1$s
ui_select_a_mode_to_continue_0426fc8,string,,Select a mode to continue,계속하려면 모드를 선택하세요,
ui_select_an_effect_to_turn_it_on_75d9bec,string,,Select an effect to turn it on,효과를 선택하여 켜세요,
ui_select_an_inverter_device_in_energy_settings_solar_to_4a0aade,string,,Select an inverter device in Energy Settings → Solar to list its inverters here.,에너지 설정 → 태양광에서 인버터 기기를 선택하면 여기에 인버터가 나열됩니다.,
ui_select_an_option_08d7aa3,string,,Select an option,옵션 선택,
ui_select_battery_devices_bfc9841,string,,Select Battery Devices,배터리 기기 선택,
ui_select_battery_entities_b08b299,string,,Select Battery Entities,배터리 엔티티 선택,
ui_select_battery_sensor_51f1222,string,,Select Battery Sensor,배터리 센서 선택,
ui_select_calendars_and_the_view_shown_first_d5c38b5,string,,Select calendars and the view shown first,캘린더 및 먼저 표시할 화면을 선택하세요,
ui_select_calendars_e26b0da,string,,Select Calendars,캘린더 선택,
ui_select_camera_70cf6fb,string,,Select Camera,카메라 선택,
ui_select_climate_card_18f3b6e,string,,Select Climate Card,공조 카드 선택,
ui_select_device_87a4751,string,,Select Device,기기 선택,
ui_select_door_sensor_f345fbf,string,,Select Door Sensor,문 센서 선택,
ui_select_empty_bin_control_d992252,string,,Select Empty Bin Control,빈 통 컨트롤 선택,
ui_select_energy_card_9b5bf0c,string,,Select Energy Card,에너지 카드 선택,
ui_select_entities_affed45,string,,Select Entities,엔티티 선택,
ui_select_entity_4b3713e,string,,Select Entity,엔티티 선택,
ui_select_forecast_entities_f0ec511,string,,Select Forecast Entities,예보 엔티티 선택,
ui_select_humidity_sensor_8192d0e,string,,Select Humidity Sensor,습도 센서 선택,
ui_select_map_camera_d5ae262,string,,Select Map Camera,지도 카메라 선택,
ui_select_media_player_73f4f5b,string,,Select Media Player,미디어 플레이어 선택,
ui_select_media_players_e0da90e,string,,Select Media Players,미디어 플레이어 선택,
ui_select_outside_3593063,string,,Select outside %1$s,실외 %1$s 선택,keep %1$s
ui_select_running_state_entity_136482a,string,,Select running-state entity,실행 상태 엔티티 선택,
ui_select_sensor_2564e1a,string,,Select Sensor,센서 선택,
ui_select_sensors_5141d75,string,,Select Sensors,센서 선택,
ui_select_speed_control_20f7efa,string,,Select speed control,속도 제어 선택,
ui_select_target_entity_654e6ac,string,,Select Target Entity,대상 엔티티 선택,
ui_select_temperature_sensor_821f54c,string,,Select Temperature Sensor,온도 센서 선택,
ui_select_the_alarm_panels_summarized_by_this_pill_f9b23e6,string,,Select the alarm panels summarized by this pill,이 필에 요약되는 경보 패널 선택,
ui_select_to_auto_detect_map_battery_and_controls_72bc9d7,string,,"Select to auto-detect map, battery and controls","선택하면 지도, 배터리, 제어를 자동으로 감지합니다",
ui_select_to_auto_fill_helper_entities_below_84a8833,string,,Select to auto-fill helper entities below,선택하면 아래 헬퍼 엔티티를 자동으로 채웁니다,
ui_select_vacuum_4663021,string,,Select Vacuum,로봇청소기 선택,
ui_select_vacuum_entity_dbda6f4,string,,Select Vacuum Entity,청소기 엔티티 선택,
ui_select_vacuums_7c2d22a,string,,Select Vacuums,로봇청소기 선택,
ui_select_waste_sensors_6006d5f,string,,Select Waste Sensors,폐기물 센서 선택,
ui_select_water_level_562845a,string,,Select Water Level,수위 선택,
ui_select_weather_2357e9d,string,,Select Weather,날씨 선택,
ui_select_weather_entity_d489986,string,,Select Weather Entity,날씨 엔티티 선택,
ui_select_week_calendar_640f382,string,,Select Week Calendar,주간 캘린더 선택,
ui_selected_61ed328,string,,%1$s selected,%1$s개 선택됨,keep %1$s
ui_selected_b82aaa5,string,,%1$s · Selected,%1$s · 선택됨,keep %1$s
ui_selected_for_this_card_3c4a588,string,,%1$s selected for this card,이 카드에 %1$s개 선택됨,keep %1$s
ui_sensor_620ec21,string,,%1$s sensor%2$s,센서 %1$s개%2$s,keep %1$s %2$s
ui_sensor_efb9fbf,string,,SENSOR,센서,
ui_sensor_graphs_5eb3573,string,,Sensor Graphs,센서 그래프,
ui_sensor_picture_c3a0ed2,string,,Sensor picture,센서 사진,
ui_sensors_711bf35,string,,Sensors,센서,
ui_sensors_and_an_optional_week_calendar_399bad3,string,,Sensors and an optional week calendar,센서 및 선택적 주간 캘린더,
ui_sensors_are_found_automatically_by_device_class_add_sensor_150bab5,string,,%1$s sensors are found automatically by device class; add sensors missing that class here.,%1$s 센서는 기기 클래스로 자동 감지됩니다. 해당 클래스에 없는 센서는 여기에 추가하세요.,keep %1$s
ui_separate_commercial_content_0408620,string,,Separate commercial content,별도의 상업용 콘텐츠,
ui_server_url_1d5d1ef,string,,Server URL,서버 URL,
ui_services_data_7864c0a,string,,Services & data,서비스 및 데이터,
ui_session_f7f1997,string,,Session,세션,
ui_set_448ab73,string,,Set,설정,
ui_set_a_rain_map_image_url_in_this_widget_03729b8,string,,Set a rain map image URL in this widget's settings,이 위젯 설정에서 강수 지도 이미지 URL을 설정하세요,
ui_set_the_control_style_for_every_thermostat_on_this_de5cd1e,string,,Set the control style for every thermostat on this Climate page. Standalone climate widgets keep their own layout settings.,이 공조 페이지의 모든 온도조절기에 대한 제어 스타일을 설정하세요. 독립형 공조 위젯은 자체 레이아웃 설정을 유지합니다.,
ui_set_what_each_person_may_do_per_user_like_aa86ea2,string,,"Set what each person may do — per user, like the hidden views above. These apply when they use a dashboard you shared.",각 구성원이 할 수 있는 작업을 사용자별로 설정하세요 (위의 숨겨진 화면과 동일). 이는 공유한 대시보드를 사용할 때 적용됩니다.,
ui_settings_c7f73bb,string,,Settings,설정,
ui_setup_changed_b184bf0,string,,Setup changed,설정이 변경되었습니다,
ui_setup_progress_1a8adef,string,,Setup progress,설정 진행 상황,
ui_shape_and_width_on_the_dashboard_c89fefa,string,,Shape and width on the dashboard,대시보드의 모양 및 너비,
ui_shape_ea5c1a2,string,,Shape,모양,
ui_shape_visible_information_and_icon_behavior_63dec1c,string,,"Shape, visible information, and icon behavior","모양, 표시 정보, 아이콘 동작",
ui_share_09ca55c,string,,Share,공유,
ui_share_b300e5f,string,,"Share ""%1$s""","""%1$s"" 공유",keep %1$s
ui_share_dashboards_0917ff1,string,,Share dashboards,대시보드 공유,
ui_shared_dashboard_86876c0,string,,Shared dashboard,공유된 대시보드,
ui_shared_with_me_f40ca84,string,,Shared with me,나와 공유됨,
ui_sharing_ad00590,string,,Sharing…,공유하는 중…,
ui_show_a_descending_timer_when_the_value_is_a_1ae7350,string,,"Show a descending timer when the value is a completion time (e.g. a washer/dryer finish time). Active while counting, off at zero.",값이 완료 시간(예: 세탁기/건조기 종료 시간)일 때 카운트다운 타이머를 표시합니다. 카운트 중에는 활성화되고 0이 되면 꺼집니다.,
ui_show_a_live_radar_rain_map_card_a_camera_a0e11c8,string,,Show a live radar/rain map card — a camera entity or an embedded web page (iframe),실시간 레이더/강수 지도 카드를 표시하세요 — 카메라 엔티티 또는 삽입된 웹 페이지(iframe),
ui_show_activity_badge_f5d56bb,string,,Show activity badge,활동 배지 표시,
ui_show_badge_bar_827499b,string,,Show badge bar,배지 바 표시,
ui_show_flows_button_9e888be,string,,Show flows button,플로우 버튼 표시,
ui_show_global_search_e7aefbe,string,,Show global search,전역 검색 표시,
ui_show_group_380c43e,string,,Show group,그룹 표시,
ui_show_in_header_43f0dfd,string,,Show in header,헤더에 표시,
ui_show_persons_c4e81a0,string,,Show persons,구성원 표시,
ui_show_the_automations_flows_button_16254ce,string,,Show the automations (flows) button,자동화(플로우) 버튼 표시,
ui_show_the_entity_s_state_or_one_of_its_1008a4d,string,,"Show the entity's state, or one of its attributes instead",엔티티의 상태 또는 속성 중 하나를 대신 표시,
ui_show_the_entity_s_state_or_one_of_its_e721168,string,,"Show the entity's state, or one of its attributes instead.",엔티티의 상태 또는 속성 중 하나를 대신 표시합니다.,
ui_show_the_global_search_button_0517d8b,string,,Show the global search button,전역 검색 버튼 표시,
ui_show_widget_name_5ad7fc9,string,,Show widget name,위젯 이름 표시,
ui_shown_b1015a1,string,,%1$s shown,%1$s개 표시됨,keep %1$s
ui_shows_an_icon_matching_the_waste_type_gft_pmd_1966fe0,string,,"Shows an icon matching the waste type (GFT, PMD, paper, …).","폐기물 종류(음식물, 재활용, 종이 등)에 맞는 아이콘을 표시합니다.",
ui_side_split_alignment_b9c5399,string,,Side (split alignment),방향(분할 정렬),
ui_sign_out_safely_or_reset_this_installation_681fac2,string,,Sign out safely or reset this installation,안전하게 로그아웃하거나 이 설치를 초기화하세요,
ui_signing_you_in_10d0636,string,,Signing you in…,로그인하는 중…,
ui_size_shape_and_artwork_4bb38bb,string,,"Size, shape, and artwork","크기, 모양, 아트워크",
ui_size_shape_and_background_24dd9b6,string,,"Size, shape, and background","크기, 모양, 배경",
ui_snapshot_b08ae37,string,,Snapshot,스냅샷,
ui_solar_0e26539,string,,Solar,태양광,
ui_solar_noon_599372c,string,,Solar noon %1$s,태양 정오 %1$s,keep %1$s
ui_sort_d5f73d6,string,,Sort: %1$s,정렬: %1$s,keep %1$s
ui_source_and_card_refresh_behavior_0a26324,string,,Source and card refresh behavior,소스 및 카드 새로고침 동작,
ui_source_device_4ddad2a,string,,Source device,소스 기기,
ui_span_badges_58c73f2,string,,Span badges,배지 확장,
ui_speed_265ffc5,string,,SPEED,속도,
ui_speed_control_89a2786,string,,Speed control,속도 제어,
ui_spin_a801301,string,,spin,spin,
ui_square_82810cb,string,,Square,정사각형,
ui_stack_cards_8bdc343,string,,Stack Cards,스택 카드,
ui_stack_layout_1623679,string,,Stack layout,스택 레이아웃,
ui_stack_name_7507e93,string,,Stack name,스택 이름,
ui_stack_page_3d91ce9,string,,stack_page,stack_page,
ui_stack_title_46ccc2d,string,,Stack title,스택 제목,
ui_stack_title_cc2f1ed,string,,Stack Title,스택 제목,
ui_stacks_249f056,string,,Stacks,스택,
ui_standard_2dfa660,string,,Standard,표준,
ui_start_24758a5,string,,Start: %1$s,시작: %1$s,keep %1$s
ui_start_empty_25336ee,string,,Start empty,비어 있는 상태로 시작,
ui_start_empty_888db50,string,,Start Empty,비어 있는 상태로 시작,
ui_start_new_dashboard_8c71127,string,,Start new dashboard?,새 대시보드를 시작할까요?,
ui_start_with_a_useful_recipe_then_adjust_each_step_d560a2a,string,,"Start with a useful recipe, then adjust each step",유용한 레시피로 시작한 다음 각 단계를 조정하세요,
ui_state_a725020,string,,State,상태,
ui_state_bef84bb,string,,STATE,상태,
ui_state_text_6749c0a,string,,State text,상태 텍스트,
ui_stream_df06386,string,,Stream,스트림,
ui_style_99a0efc,string,,Style,스타일,
ui_sunrise_and_sunset_data_unavailable_3295324,string,,Sunrise and sunset data unavailable,일출 및 일몰 데이터를 사용할 수 없습니다,
ui_sunrise_fadf71c,string,,Sunrise,일출,
ui_sunset_181bcd5,string,,Sunset,일몰,
ui_support_f32d5a3,string,,Support,지원,
ui_support_via_buy_me_a_coffee_d7dadd1,string,,Support via Buy Me a Coffee,Buy Me a Coffee로 지원,
ui_support_via_paypal_7184a5d,string,,Support via PayPal,PayPal로 지원,
ui_support_without_premium_0a4aebd,string,,Support without Premium,프리미엄 없이 지원,
ui_supports_headings_lists_quotes_code_bold_italic_code_strik_e295744,string,,"Supports # headings, lists, > quotes, ``` code, **bold**, *italic*, `code`, ~~strike~~ and [links](https://…).","# 제목, 목록, > 인용, ``` 코드, **굵게**, *기울임*, `코드`, ~~취소선~~ 및 [링크](https://…)를 지원합니다.",
ui_swing_65d8d45,string,,Swing,스윙,
ui_swing_horizontal_c166cda,string,,Swing (horizontal),스윙 (가로),
ui_swipe_left_from_the_upper_right_edge_of_a_416c467,string,,Swipe left from the upper-right edge of a page header to switch homes at any time.,언제든지 페이지 헤더의 오른쪽 상단 가장자리에서 왼쪽으로 스와이프하면 홈을 전환할 수 있습니다.,
ui_switch_b02cbd9,string,,SWITCH,전환,
ui_switch_home_e6ceda2,string,,Switch home,홈 전환,
ui_system_dark_theme_c7e4ff9,string,,System Dark Theme,시스템 다크 테마,
ui_system_light_theme_5bc7623,string,,System Light Theme,시스템 라이트 테마,
ui_systems_idle_584a6f0,string,,Systems idle,시스템 대기 중,
ui_t_c2c53d6,string,,T,T,
ui_tabs_and_media_controls_shown_throughout_the_app_5d9c1ff,string,,Tabs and media controls shown throughout the app,앱 전체에 표시되는 탭 및 미디어 제어,
ui_tap_here_or_use_the_button_while_edit_mode_8baf490,string,,Tap here or use the + button while edit mode is active to add widgets to this stack.,편집 모드가 활성화된 동안 여기를 탭하거나 + 버튼을 사용하여 이 스택에 위젯을 추가하세요.,
ui_tap_here_or_use_the_button_while_edit_mode_b06aac5,string,,Tap here or use the + button while edit mode is active to add entities to this stack.,편집 모드가 활성화된 동안 여기를 탭하거나 + 버튼을 사용하여 이 스택에 엔티티를 추가하세요.,
ui_tap_hold_and_dialog_quick_actions_2052817,string,,"Tap, hold, and dialog quick actions","탭, 길게 누르기, 대화상자 빠른 작업",
ui_tap_share_to_publish_or_update_d185341,string,,Tap Share to publish or update,공유를 탭하여 게시하거나 업데이트하세요,
ui_tap_to_add_a_weather_card_a3508a9,string,,Tap + to add a weather card,+를 탭하여 날씨 카드 추가,
ui_tap_to_load_0c49cab,string,,Tap to load,탭하여 불러오기,
ui_tap_x_to_restore_an_entity_to_the_battery_ad0eb75,string,,Tap X to restore an entity to the battery page.,X를 탭하면 엔티티가 배터리 페이지로 복원됩니다.,
ui_target_49d76ad,string,,TARGET (%1$s–%2$s%%),목표(%1$s~%2$s%%),keep %1$s %2$s
ui_target_61ad50a,string,,Target,대상,
ui_target_entity_optional_cdb68af,string,,Target entity (optional),대상 엔티티(선택 사항),
ui_target_f762108,string,,TARGET,목표,
ui_technology_d018b08,string,,Technology,기술,
ui_temperature_0a9062a,string,,Temperature,온도,
ui_temperature_and_humidity_sources_for_the_room_8960580,string,,Temperature and humidity sources for the room,방의 온도 및 습도 소스,
ui_temperature_cc6906a,string,,TEMPERATURE,온도,
ui_temperature_sensor_graphed_in_activity_1088c3d,string,,Temperature sensor (graphed in Activity),온도 센서 (활동에 그래프로 표시됨),
ui_text_054812c,string,,%1$s +%2$s,%1$s +%2$s,keep %1$s %2$s
ui_text_0726b05,string,,%1$s%2$s,%1$s%2$s,keep %1$s %2$s
ui_text_16b6ffd,string,,-%1$s,-%1$s,keep %1$s
ui_text_2cd9114,string,,%1$s (%2$s),%1$s (%2$s),keep %1$s %2$s
ui_text_2fb8748,string,,%1$s · ,%1$s · ,keep %1$s; keep the space at the start/end
ui_text_33e0751,string,,.%1$s,.%1$s,keep %1$s
ui_text_42cae2b,string,,  %1$s°,  %1$s°,keep %1$s; keep the space at the start/end
ui_text_4ad598c,string,, · %1$s%%, · %1$s%%,keep %1$s; keep the space at the start/end
ui_text_5256c76,string,,↑ %1$s,↑ %1$s,keep %1$s
ui_text_59f6071,string,,%1$s - %2$s,%1$s - %2$s,keep %1$s %2$s
ui_text_68fdf13,string,,%1$s.,%1$s.,keep %1$s
ui_text_78c505f,string,,%1$s %2$s,%1$s %2$s,keep %1$s %2$s
ui_text_7c73907,string,,↓ %1$s,↓ %1$s,keep %1$s
ui_text_7f1f581,string,,%1$s°,%1$s°,keep %1$s
ui_text_89a38e4,string,,%1$s…,%1$s…,keep %1$s
ui_text_8f71dfd,string,,%1$s. %2$s,%1$s. %2$s,keep %1$s %2$s
ui_text_96dfbd3,string,,%1$s: %2$s%3$s,%1$s: %2$s%3$s,keep %1$s %2$s %3$s
ui_text_9704d5c,string,,%1$s/%2$s - ,%1$s/%2$s - ,keep %1$s %2$s; keep the space at the start/end
ui_text_98d3f75,string,,✓ %1$s,✓ %1$s,keep %1$s
ui_text_9e5a283,string,,%1$s×,%1$s×,keep %1$s
ui_text_a105b80,string,,%1$s/%2$s,%1$s/%2$s,keep %1$s %2$s
ui_text_be10035,string,, · %1$s, · %1$s,keep %1$s; keep the space at the start/end
ui_text_c1aacd9,string,,%1$s · %2$s,%1$s · %2$s,keep %1$s %2$s
ui_text_c3328c3,string,,Text,텍스트,
ui_text_c79f712,string,,%1$s,%1$s,keep %1$s
ui_text_cc9d930,string,,%1$s — %2$s %3$s,%1$s — %2$s %3$s,keep %1$s %2$s %3$s
ui_text_df0282e,string,,%1$s: %2$s,%1$s: %2$s,keep %1$s %2$s
ui_text_f168b71,string,,+%1$s,+%1$s,keep %1$s
ui_text_fc9db15,string,,%1$s%%,%1$s%%,keep %1$s
ui_text_size_boldness_and_font_family_365f489,string,,"Text size, boldness and font family","글꼴 크기, 굵기, 글꼴",
ui_that_profile_35adbf0,string,,that profile,해당 프로필,
ui_the_effect_used_when_a_button_s_animation_is_7cce891,string,,"The effect used when a button's animation is set to ""Auto"". You can still override any individual button.","버튼의 애니메이션이 ""자동""으로 설정되었을 때 사용되는 효과입니다. 개별 버튼은 여전히 재정의할 수 있습니다.",
ui_the_exact_dates_you_pick_leave_a_bound_as_19357e8,string,,"The exact dates you pick. Leave a bound as ""Any"" for an open-ended range.",선택한 정확한 날짜입니다. 개방형 범위로 두려면 경계를 「모두」로 남겨두세요.,
ui_the_heading_shown_between_dashboard_sections_b03805f,string,,The heading shown between dashboard sections,대시보드 섹션 사이에 표시되는 제목,
ui_the_hki_7_community_source_code_is_free_and_f4f3f51,string,,"The HKI 7 community source code is free and open source under the Mozilla Public License 2.0. You may use, study, modify, and redistribute it. When you distribute modified MPL-covered files, those files and their source must remain available under MPL-2.0.","HKI 7 커뮤니티 소스 코드는 Mozilla Public License 2.0에 따라 무료 및 오픈소스로 제공됩니다. 사용, 연구, 수정, 재배포할 수 있습니다. MPL이 적용되는 수정된 파일을 배포할 때는 해당 파일과 소스를 MPL-2.0에 따라 계속 제공해야 합니다.",don't translate HKI 7
ui_the_hki_7_name_and_logos_are_project_trademarks_985ffec,string,,"The HKI 7 name and logos are project trademarks and are not granted for misleading redistribution. Home Assistant and other third-party names, libraries, fonts, and artwork remain subject to their respective licenses and trademarks. The software is provided without warranty, as described by MPL-2.0.","HKI 7 이름과 로고는 프로젝트 상표이며, 오도할 수 있는 재배포에는 사용이 허가되지 않습니다. Home Assistant 및 기타 제3자 이름, 라이브러리, 글꼴, 아트워크는 각각의 라이선스와 상표의 적용을 받습니다. 소프트웨어는 MPL-2.0에 명시된 대로 보증 없이 제공됩니다.","don't translate Home Assistant, HKI 7"
ui_the_interface_is_built_with_jetpack_compose_coroutines_and_fe7f52d,string,,"The interface is built with Jetpack Compose. Coroutines and Flow handle live state, while JSON and YAML-compatible data keep HKI 7 connected with Home Assistant.","이 인터페이스는 Jetpack Compose로 제작되었습니다. Coroutines와 Flow가 실시간 상태를 처리하고, JSON 및 YAML 호환 데이터가 HKI 7과 Home Assistant를 연결합니다.","don't translate Home Assistant, HKI 7"
ui_the_open_source_community_core_remains_usable_without_prem_d83ff8a,string,,The open-source community core remains usable without Premium. Premium purchases fund extra visual content and continued development; they do not remove the freedoms granted for MPL-covered files.,"오픈소스 커뮤니티 코어는 프리미엄 없이도 계속 사용할 수 있습니다. 프리미엄 구매는 추가 시각적 콘텐츠와 지속적인 개발 자금으로 사용되며, MPL이 적용된 파일에 부여된 자유를 제거하지 않습니다.",
ui_the_page_starts_empty_with_its_own_header_and_5a325c0,string,,"The page starts empty with its own header and page settings, while keeping the Home widget catalogue.","이 페이지는 자체 헤더와 페이지 설정을 가진 채 비어 있는 상태로 시작하며, 홈 위젯 카탈로그는 유지됩니다.",
ui_the_quick_brown_fox_jumps_over_the_lazy_dog_2204ad2,string,,The quick brown fox jumps over the lazy dog — 0123456789,다람쥐 헌 쳇바퀴에 타고파 — 0123456789,
ui_the_room_header_and_card_show_a_single_player_3e24a17,string,,"The room header and card show a single player's media, or an active-player count when multiple players are selected.","방 헤더 및 카드는 단일 플레이어의 미디어를 표시하거나, 여러 플레이어가 선택된 경우 활성 플레이어 수를 표시합니다.",
ui_the_text_shown_on_the_dashboard_fff5c98,string,,The text shown on the dashboard,대시보드에 표시되는 텍스트,
ui_the_web_page_shown_on_this_card_ce97bfd,string,,The web page shown on this card,이 카드에 표시되는 웹 페이지,
ui_theme_a797e30,string,,Theme,테마,
ui_theme_and_navigation_bar_474ee6b,string,,Theme and navigation bar,테마 및 탐색 바,
ui_thermostat_dial_e6af91b,string,,Thermostat dial,온도 조절 다이얼,
ui_thermostats_601da0c,string,,Thermostats,온도조절기,
ui_thermostats_ac_7d2ace4,string,,Thermostats & AC,온도조절기 및 에어컨,
ui_these_are_stored_in_the_cloud_import_one_to_558c62d,string,,"These are stored in the cloud. Import one to edit or re-share it, or delete it to remove it from everyone. Your edits are also pushed automatically when you open the app.","이 항목들은 클라우드에 저장됩니다. 편집하거나 다시 공유하려면 가져오고, 모든 사람에게서 제거하려면 삭제하세요. 편집 내용은 앱을 열 때 자동으로 푸시됩니다.",
ui_these_links_open_in_your_browser_tips_do_not_049b881,string,,These links open in your browser. Tips do not unlock Premium features and do not create an obligation to provide individual support.,이 링크는 브라우저에서 열립니다. 팁은 프리미엄 기능을 해제하지 않으며 개별 지원을 제공할 의무를 발생시키지 않습니다.,
ui_these_permissions_are_optional_and_can_be_changed_later_aa7a106,string,,These permissions are optional and can be changed later in Android Settings.,이 권한들은 선택 사항이며 나중에 Android 설정에서 변경할 수 있습니다.,
ui_thin_100_9e7a443,string,,Thin (-100),얇게 (-100),
ui_thinner_200_6ae7a6f,string,,Thinner (-200),더 얇게 (-200),
ui_this_action_does_not_use_an_entity_target_5952444,string,,This action does not use an entity target.,이 작업은 엔티티 대상을 사용하지 않습니다.,
ui_this_action_has_no_required_target_or_additional_fields_987a410,string,,This action has no required target or additional fields.,이 작업에는 필수 대상이나 추가 필드가 없습니다.,
ui_this_automation_is_managed_outside_home_assistant_s_ui_89d26f5,string,,"This automation is managed outside Home Assistant's UI (usually YAML). HKI7 can show it, but will not overwrite it.",이 자동화는 Home Assistant UI 외부(주로 YAML)에서 관리됩니다. HKI7에서 표시할 수는 있지만 덮어쓰지는 않습니다.,"don't translate Home Assistant, HKI7"
ui_this_card_uses_its_own_entities_e572388,string,,This card uses its own entities,이 카드는 자체 엔티티를 사용합니다,
ui_this_dashboard_is_currently_being_generated_from_home_assi_470200d,string,,This dashboard is currently being generated from Home Assistant. You can edit rooms as soon as the one-time import finishes.,현재 Home Assistant에서 이 대시보드를 생성하는 중입니다. 일회성 가져오기가 완료되는 대로 방을 편집할 수 있습니다.,don't translate Home Assistant
ui_this_entity_2ddd36d,string,,This entity,이 엔티티,
ui_this_entity_has_no_attributes_to_show_b09f4c9,string,,This entity has no attributes to show.,이 엔티티에는 표시할 속성이 없습니다.,
ui_this_light_is_paused_for_manual_control_706bffa,string,,This light is paused for manual control.,이 조명은 수동 제어를 위해 일시 중지되었습니다.,
ui_this_name_is_used_when_the_device_registers_with_8aba2f2,string,,This name is used when the device registers with Home Assistant.,이 이름은 기기가 Home Assistant에 등록될 때 사용됩니다.,don't translate Home Assistant
ui_this_permanently_removes_this_dashboard_and_its_room_and_8087734,string,,This permanently removes this dashboard and its room and page configuration.,이 작업은 이 대시보드와 방 및 페이지 구성을 영구적으로 제거합니다.,
ui_this_removes_all_imported_battery_entities_from_this_view_7a74283,string,,This removes all imported battery entities from this view.,이 화면에서 가져온 모든 배터리 엔티티가 제거됩니다.,
ui_this_removes_all_imported_climate_entities_from_this_view_713f511,string,,This removes all imported climate entities from this view.,이 화면에서 가져온 모든 공조 엔티티가 제거됩니다.,
ui_this_removes_all_imported_energy_entities_from_this_view_7397917,string,,This removes all imported energy entities from this view.,이 화면에서 가져온 모든 에너지 엔티티가 제거됩니다.,
ui_this_removes_all_imported_rooms_and_floors_from_this_d1cbbff,string,,This removes all imported rooms and floors from this view.,이렇게 하면 이 화면에서 가져온 모든 방과 층이 제거됩니다.,
ui_this_removes_all_imported_security_entities_from_this_view_6443e5c,string,,This removes all imported security entities from this view.,이 화면에서 가져온 모든 보안 엔티티가 제거됩니다.,
ui_this_removes_its_login_mobile_app_registration_details_and_69afc19,string,,"This removes its login, mobile-app registration details, and HKI dashboards from this device. The Home Assistant server itself is not changed.","이 기기의 로그인, 모바일 앱 등록 정보, HKI 대시보드가 제거됩니다. Home Assistant 서버 자체는 변경되지 않습니다.",don't translate Home Assistant
ui_this_removes_the_native_automation_from_home_assistant_thi_2a48e1a,string,,This removes the native automation from Home Assistant. This cannot be undone from HKI7.,이렇게 하면 Home Assistant에서 네이티브 자동화가 제거됩니다. HKI7에서는 이 작업을 실행 취소할 수 없습니다.,"don't translate Home Assistant, HKI7"
ui_this_removes_the_shared_dashboard_from_the_cloud_for_4bab01c,string,,This removes the shared dashboard from the cloud for everyone. People currently using it fall back to an auto-generated dashboard. Their local copies aren't touched until they next open the app.,이 작업은 모든 사람의 클라우드에서 공유 대시보드를 제거합니다. 현재 사용 중인 사람은 자동 생성된 대시보드로 대체됩니다. 다음에 앱을 열기 전까지 로컬 복사본은 변경되지 않습니다.,
ui_this_runs_on_a_small_free_home_assistant_add_f46f2e3,string,,"This runs on a small, free Home Assistant add-on (the HKI 7 Cloud component). It isn't on HACS by default yet, so add it as a custom repository — the app then handles everything else.",이 기능은 작고 무료인 Home Assistant 애드온(HKI 7 Cloud 컴포넌트)에서 실행됩니다. 아직 기본적으로 HACS에 등록되어 있지 않으므로 사용자 지정 저장소로 추가하세요. 이후는 앱이 알아서 처리합니다.,"don't translate HKI 7 Cloud, Home Assistant"
ui_this_source_code_form_is_subject_to_the_terms_c8e4e24,string,,"This Source Code Form is subject to the terms of the Mozilla Public License, v. 2.0. If a copy of the MPL was not distributed with this file, you can obtain one at mozilla.org/MPL/2.0/.",이 소스 코드 형식은 Mozilla Public License v. 2.0의 조건이 적용됩니다. 이 파일과 함께 MPL 사본이 배포되지 않은 경우 mozilla.org/MPL/2.0/에서 확인할 수 있습니다.,
ui_this_stack_has_no_items_0f92c8d,string,,This stack has no items.,이 스택에는 항목이 없습니다.,
ui_this_travels_with_the_dashboard_so_cloud_backups_and_1dd603d,string,," This travels with the dashboard, so cloud backups and family sharing keep it.", 이는 대시보드와 함께 이동하므로 클라우드 백업 및 가족 공유에도 유지됩니다.,keep the space at the start/end
ui_tile_2dd2c66,string,,Tile,타일,
ui_tilt_aceae6f,string,,TILT,기울기,
ui_time_6c82e6d,string,,Time,시간,
ui_time_range_9257117,string,,Time Range,시간 범위,
ui_title_768e0c1,string,,Title,제목,
ui_title_collapse_behavior_and_dashboard_width_a64a590,string,,"Title, collapse behavior, and dashboard width","제목, 접기 동작, 대시보드 너비",
ui_title_collapse_behavior_and_width_dd2b475,string,,"Title, collapse behavior, and width","제목, 접기 동작, 너비",
ui_title_optional_932fc13,string,,Title (optional),제목 (선택),
ui_title_width_and_icon_41ec073,string,,"Title, width, and icon","제목, 너비, 아이콘",
ui_to_state_2a995a1,string,,To state,다음 상태,
ui_today_24345a1,string,,Today,오늘,
ui_tomorrow_1948bf2,string,,Tomorrow,내일,
ui_top_consumers_0199dbf,string,,Top consumers,상위 소비 기기,
ui_tracking_number_4e40c54,string,,Tracking number,운송장 번호,
ui_try_again_042c862,string,,Try again,다시 시도,
ui_try_the_demo_home_no_server_needed_bc58247,string,,Try the demo home — no server needed,데모 홈 사용해보기 — 서버 불필요,
ui_turn_off_all_3a7a2b0,string,,Turn off all,모두 끄기,
ui_turn_on_a5aa418,string,,Turn On,켜기,
ui_turn_the_light_on_to_access_controls_25f4ad6,string,,Turn the light on to access controls,제어에 접근하려면 조명을 켜세요,
ui_turn_the_notification_connection_channel_off_on_the_next_cdddec0,string,,"Turn the ""Notification connection"" channel off on the next screen — the connection keeps working, only its notification disappears.","다음 화면에서 ""알림 연결"" 채널을 끄세요 — 연결은 계속 동작하며 알림만 사라집니다.",
ui_two_rows_1b1737f,string,,Two rows,두 줄,
ui_type_3deb745,string,,Type,유형,
ui_type_icon_839142a,string,,Type icon,유형 아이콘,
ui_unable_to_connect_8207f1b,string,,Unable to connect,연결할 수 없습니다,
ui_unit_f6b935a,string,,Unit,단위,
ui_unknown_bc7819b,string,,Unknown,알 수 없음,
ui_unknown_energy_card_b8e46de,string,,Unknown energy card: %1$s,알 수 없는 에너지 카드: %1$s,keep %1$s
ui_unlock_1526a17,string,,Unlock,잠금 해제,
ui_unlock_button_ad521c4,string,,Unlock button,잠금 해제 버튼,
ui_unlock_method_dff380e,string,,Unlock method,잠금 해제 방법,
ui_unlocked_b3da702,string,,Unlocked,잠금 해제됨,
ui_unrestricted_background_cebdb1e,string,,Unrestricted background,백그라운드 제한 없음,
ui_untitled_621521f,string,,Untitled,제목 없음,
ui_untitled_event_ef8d264,string,,Untitled event,제목 없는 이벤트,
ui_upcoming_523baab,string,,Upcoming,예정,
ui_update_fb91e24,string,,Update,업데이트,
ui_update_location_now_d338c2c,string,,Update Location Now,지금 위치 업데이트,
ui_updated_62d2331,string,,Updated %1$s,업데이트됨 %1$s,keep %1$s
ui_url_https_a1a19ec,string,,URL (https://…),URL(https://…),
ui_usage_overview_fc2eefc,string,,Usage overview,사용량 개요,
ui_use_1d4d43c,string,,Use,사용,
ui_use_a_dashboard_an_admin_has_shared_with_you_8b1cfdb,string,,Use a dashboard an admin has shared with you.,관리자가 공유한 대시보드를 사용하세요.,
ui_use_a_family_shared_dashboard_9b8ab51,string,,Use a family shared dashboard,가족 공유 대시보드 사용,
ui_use_a_recognizable_name_such_as_kitchen_tablet_or_ca9f431,string,,"Use a recognizable name, such as ‘Kitchen tablet’ or ‘Jimmy’s phone’.",‘주방 태블릿’이나 ‘지미의 휴대전화’처럼 알아보기 쉬운 이름을 사용하세요.,
ui_use_family_shared_dashboard_28e06c2,string,,Use family shared dashboard,가족 공유 대시보드 사용,
ui_used_6a4ebbf,string,,Used %1$s,사용됨 %1$s,keep %1$s
ui_uses_hki_7_s_private_google_drive_storage_enable_0559ced,string,,Uses HKI 7's private Google Drive storage. Enable it once to create an immediate backup and then back up automatically every day.,HKI 7의 개인 Google 드라이브 저장소를 사용합니다. 한 번 켜면 즉시 백업을 만들고 이후 매일 자동으로 백업합니다.,"don't translate Google Drive, HKI 7"
ui_uses_the_sun_entity_configured_in_weather_settings_e580a39,string,,Uses the Sun entity configured in Weather settings.,날씨 설정에 구성된 태양(Sun) 엔티티를 사용합니다.,
ui_using_a_shared_dashboard_applies_the_permissions_the_admin_a337a76,string,,Using a shared dashboard applies the permissions the admin set for it.,공유 대시보드를 사용하면 관리자가 설정한 권한이 적용됩니다.,
ui_using_the_climate_view_s_entities_8befb0f,string,,Using the Climate view's entities,공조 화면의 엔티티 사용,
ui_using_the_energy_view_s_entities_7ca9bed,string,,Using the Energy view's entities,에너지 화면의 엔티티 사용,
ui_vacuum_5fe15df,string,,Vacuum,청소기,
ui_vacuum_device_3deae52,string,,Vacuum device,로봇청소기 기기,
ui_vacuum_entities_c7da1d7,string,,Vacuum entities,청소기 엔티티,
ui_vacuum_map_8236541,string,,Vacuum map,로봇청소기 지도,
ui_vacuum_stack_b93d3b7,string,,Vacuum Stack,로봇청소기 스택,
ui_vertical_slider_e09cef1,string,,Vertical slider,세로 슬라이더,
ui_view_on_github_0c77991,string,,View on GitHub,GitHub에서 보기,
ui_visibility_7d9ff4f,string,,Visibility,표시 여부,
ui_visibility_alignment_and_overflow_behavior_467f44f,string,,"Visibility, alignment, and overflow behavior","표시 여부, 정렬, 오버플로 동작",
ui_visibility_and_ordering_in_the_page_header_0f9e3d8,string,,Visibility and ordering in the page header,페이지 헤더의 표시 여부 및 순서,
ui_visible_during_791f42c,string,,Visible during,표시 기간,
ui_visible_persons_4b7ae6c,string,,Visible persons,표시되는 구성원,
ui_visual_style_bc567f3,string,,Visual style,시각적 스타일,
ui_w_e2415cb,string,,W,W,
ui_waiting_for_home_assistant_af224aa,string,,Waiting for Home Assistant,Home Assistant 대기 중,don't translate Home Assistant
ui_wallpaper_and_an_optional_custom_color_f4f12f1,string,,Wallpaper and an optional custom color,배경 화면 및 선택적 사용자 지정 색상,
ui_wallpaper_and_optional_custom_color_0dc6738,string,,Wallpaper and optional custom color,배경화면 및 선택적 사용자 지정 색상,
ui_wallpaper_url_or_path_e208631,string,,Wallpaper URL or path,배경화면 URL 또는 경로,
ui_waste_collection_7cdf205,string,,Waste Collection,폐기물 수거,
ui_waste_sensors_8bfd3ec,string,,Waste sensors,폐기물 센서,
ui_watch_d91ebf5,string,,Watch,시청,
ui_water_5480538,string,,Water: %1$s,물: %1$s,keep %1$s
ui_water_de9b1be,string,,Water,물,
ui_water_level_optional_fallback_61b2be5,string,,Water level (optional fallback),수위 (선택적 대체),
ui_water_meters_imported_from_home_assistant_s_energy_dashboa_b1ac157,string,,Water meters imported from Home Assistant's Energy dashboard.,Home Assistant 에너지 대시보드에서 가져온 수도 계량기입니다.,don't translate Home Assistant
ui_we_ll_check_your_home_network_first_you_can_c7ca0f0,string,,We'll check your home network first; you can also enter an address,먼저 홈 네트워크를 확인합니다. 직접 주소를 입력할 수도 있습니다,
ui_weather_284af3e,string,,Weather,날씨,
ui_weather_card_0c6594c,string,,Weather Card,날씨 카드,
ui_weather_details_bc94175,string,,Weather details,날씨 세부 정보,
ui_weather_entities_0a2c547,string,,Weather entities,날씨 엔티티,
ui_weather_entity_402cbd9,string,,Weather entity,날씨 엔티티,
ui_weather_source_778baeb,string,,Weather source,날씨 소스,
ui_weather_stack_4d4f763,string,,Weather Stack,날씨 스택,
ui_weather_type_fe0b7cc,string,,Weather Type,날씨 유형,
ui_web_address_url_55052c9,string,,Web address (URL),웹 주소 (URL),
ui_week_calendar_shown_in_the_dialog_6d4f28b,string,,Week calendar (shown in the dialog),대화상자에 표시되는 주간 캘린더,
ui_welcome_to_hki_7_9e317bb,string,,Welcome to HKI 7,HKI 7에 오신 것을 환영합니다,don't translate HKI 7
ui_what_hki_7_is_and_how_it_is_built_247bace,string,,What HKI 7 is and how it is built,HKI 7이 무엇이고 어떻게 만들어졌는지,don't translate HKI 7
ui_what_it_does_ca032b5,string,,What it does,주요 기능,
ui_what_s_new_4d8dc5f,string,,What's new,새로운 기능,
ui_when_769bb19,string,,When,시기,
ui_when_and_if_then_dd86ebe,string,,When · And if · Then,시점 · 조건 · 실행,
ui_when_reporting_a_problem_include_your_android_version_home_784a4e6,string,,"When reporting a problem, include your Android version, Home Assistant version, the affected entity or integration, and clear steps to reproduce it. Removing private URLs, tokens, names, and location data first helps keep support safe.","문제를 신고할 때는 Android 버전, Home Assistant 버전, 영향받은 엔티티 또는 통합, 재현 방법을 명확히 포함하세요. 개인 URL, 토큰, 이름, 위치 데이터를 먼저 제거하면 지원을 안전하게 유지하는 데 도움이 됩니다.",don't translate Home Assistant
ui_when_the_value_is_a_completion_time_e_g_7dce367,string,,"When the value is a completion time (e.g. a washer/dryer finish time), show a descending timer. The button reads active while counting and turns off at zero.",값이 완료 시간(예: 세탁기/건조기 완료 시간)일 때 카운트다운 타이머를 표시합니다. 버튼은 카운트하는 동안 활성으로 표시되고 0이 되면 꺼집니다.,
ui_widget_height_b26de24,string,,Widget height,위젯 높이,
ui_widget_name_55e5340,string,,Widget name,위젯 이름,
ui_widget_presentation_a3a8cdc,string,,Widget presentation,위젯 표시 방식,
ui_widget_width_1d89599,string,,Widget width,위젯 너비,
ui_width_a58ddf5,string,,Width,너비,
ui_width_and_height_6ed6746,string,,Width and height,너비 및 높이,
ui_width_and_optional_icon_671e2ef,string,,Width and optional icon,너비 및 선택적 아이콘,
ui_width_columns_and_container_shape_984a191,string,,"Width, columns, and container shape","너비, 열, 컨테이너 모양",
ui_width_shape_and_collapse_behavior_7abc6f4,string,,"Width, shape, and collapse behavior","너비, 모양, 접기 동작",
ui_wind_142b575,string,,Wind,바람,
ui_worth_watching_a3d46c7,string,,Worth watching,주목할 만함,
ui_would_you_like_to_add_an_existing_camera_entity_00d5bc3,string,,Would you like to add an existing camera entity or a custom URL?,"기존 카메라 엔티티를 추가할까요, 아니면 사용자 지정 URL을 추가할까요?",
ui_write_the_information_shown_on_this_card_4ca5db7,string,,Write the information shown on this card,이 카드에 표시될 정보를 작성하세요,
ui_you_can_help_by_testing_new_builds_reporting_reproducible_5310461,string,,"You can help by testing new builds, reporting reproducible bugs, suggesting thoughtful improvements, helping with translations or documentation, sharing HKI 7 with other Home Assistant users, and giving constructive feedback.","새 빌드 테스트, 재현 가능한 버그 신고, 신중한 개선 제안, 번역 또는 문서화 지원, 다른 Home Assistant 사용자에게 HKI 7 소개, 건설적인 피드백 제공으로 도움을 줄 수 있습니다.","don't translate Home Assistant, HKI 7"
ui_you_re_exploring_the_built_in_sample_home_63c2ad1,string,,You're exploring the built-in sample home,내장된 샘플 홈을 둘러보고 있습니다,
ui_your_automations_and_devices_will_be_unavailable_briefly_h_8a8572e,string,,Your automations and devices will be unavailable briefly. HKI7 will reconnect automatically when Home Assistant is ready.,자동화와 기기를 잠시 사용할 수 없습니다. Home Assistant가 준비되면 HKI7이 자동으로 다시 연결합니다.,"don't translate Home Assistant, HKI7"
ui_your_dashboard_is_ready_0719f75,string,,Your dashboard is ready,대시보드가 준비되었습니다,
ui_your_home_72412fa,string,,Your home,내 홈,
ui_your_location_is_shared_only_with_your_own_home_c75bd6d,string,,Your location is shared only with your own Home Assistant server. It is ,위치는 오직 자신의 Home Assistant 서버와만 공유됩니다. ,don't translate Home Assistant; keep the space at the start/end
logs_title,string,,Connection log,연결 로그,
logs_subtitle,string,,What the app's connection to Home Assistant has been doing,홈어시스턴트에 대한 앱 연결이 수행한 작업,don't translate Home Assistant
logs_empty,string,,Connection log,연결 로그,
logs_empty_hint,string,,"Nothing logged yet. Connection attempts, reconnects, sync and subscriptions appear here as they happen.","아직 기록된 내용이 없습니다. 연결 시도, 재연결, 동기화 및 구독이 발생하는 즉시 여기에 표시됩니다.",
logs_count,string,,Connection log (%1$d),연결 로그(%1$d),keep %1$d
logs_copy,string,,Copy the log,로그 복사,
logs_clear,string,,Clear the log,로그 지우기,
logs_show_all,string,,Show all %1$d,%1$d 모두 표시,keep %1$d
logs_show_less,string,,Show less,간략히 보기,
parcel_letter_count,plural,one,%1$d letter,,needs translation; keep %1$d
parcel_letter_count,plural,other,%1$d letters,%1$d 글자,keep %1$d
spacer_empty_button,string,,Empty button,빈 버튼,
spacer_empty_button_description,string,,Transparent placeholder that only reserves space,자리만 차지하는 투명한 자리 표시자,
spacer_add_empty_button,string,,Add empty button,빈 버튼 추가,
popup_custom_popup,string,,Custom popup,사용자 지정 팝업,
popup_choose,string,,Choose a popup,팝업 선택,
popup_none_yet,string,,No popups yet,팝업이 아직 없습니다,
popup_new,string,,New popup,새 팝업,
popup_default_name,string,,New popup,새 팝업,
popup_name,string,,Popup name,팝업 이름,
popup_edit_contents,string,,Edit contents,내용 편집,
popup_delete,string,,Delete popup,팝업 삭제,
popup_status_entity,string,,Status entity,상태 엔티티,
popup_status_entity_hint,string,,Optional. Its state fills the dialog's status line and adds the history view.,선택 사항입니다. 해당 상태가 대화상자의 상태 줄에 표시되고 기록 보기가 추가됩니다.,
popup_settings_subtitle,string,,"Name, icon, and status entity","이름, 아이콘 및 상태 엔티티",
popup_shared_hint,string,,Popups are shared: other buttons can open this same popup.,팝업은 공유됩니다. 다른 버튼에서도 같은 팝업을 열 수 있습니다.,
popup_empty,string,,This popup is empty. Tap Edit to add widgets.,이 팝업은 비어 있습니다. 편집을 눌러 위젯을 추가하세요.,
popup_settings_title,string,,Popups,팝업,
popup_settings_subtitle_section,string,,Build and edit your custom popups,사용자 지정 팝업 만들기 및 편집,
popup_settings_hint,string,,"Popups open from a button, badge, or dialog button set to the Custom popup action. Edit contents opens the popup itself so you can arrange its widgets.","팝업은 사용자 지정 팝업 동작이 설정된 버튼, 배지 또는 대화상자 버튼에서 열립니다. ‘내용 편집’은 팝업 자체를 열어 위젯을 배치할 수 있게 합니다.",
button_icon_only,string,,Icon only,아이콘만,
button_icon_size,string,,Icon size,아이콘 크기,
button_icon_size_description,string,,"Auto shrinks the icon as the stack gains columns, so it still fits a narrow button.",자동은 스택의 열이 늘어날수록 아이콘을 줄여 좁은 버튼에도 들어가게 합니다.,
button_icon_size_auto,string,,Auto,자동,
button_icon_size_value,string,,%1$d dp,%1$d dp,keep %1$d
stack_child_icon_only,string,,Icon only for every button,모든 버튼을 아이콘만 표시,
stack_child_icon_only_description,string,,"Applies to all buttons in this stack, so you don't have to set it on each one.",이 스택의 모든 버튼에 적용되므로 하나씩 설정할 필요가 없습니다.,
stack_child_icon_size,string,,Icon size for every button,모든 버튼의 아이콘 크기,
button_icon_only_description,string,,"Hide the name and state, centering the icon on the button",이름과 상태를 숨기고 아이콘을 버튼 가운데에 배치합니다,
action_button,string,,Action button,액션 버튼,
action_button_description,string,,"A button without an entity: give it a name, an icon, and any action","엔티티가 없는 버튼입니다. 이름과 아이콘, 원하는 동작을 지정하세요",
action_button_add,string,,Add action button,액션 버튼 추가,
action_badge_add,string,,Add action badge,액션 배지 추가,
security_entity_count,plural,one,%1$d entity,,needs translation; keep %1$d
security_entity_count,plural,other,%1$d entities,%1$d 엔터티,keep %1$d
family_permission_switch_dashboards,string,,Allow switching dashboards,대시보드 전환 허용,
family_permission_switch_dashboards_subtitle,string,,Let this person load another existing dashboard,이 사용자가 다른 기존 대시보드를 불러올 수 있도록 허용합니다,
family_permission_create_dashboards,string,,Allow creating dashboards,대시보드 생성 허용,
family_permission_create_dashboards_subtitle,string,,Let this person create or duplicate dashboards,이 사용자가 대시보드를 만들거나 복제할 수 있도록 허용합니다,
family_dashboard_tab_locked,string,,Locked by family permissions,가족 권한으로 잠김,
family_dashboard_access_lost_title,string,,Family access removed,가족 액세스가 제거됨,
family_dashboard_access_lost_message,string,,"You no longer have access to HKI 7 through this family dashboard. Choose another dashboard shared with you, or use any other option your family permissions allow.",이 가족 대시보드를 통해 더 이상 HKI 7에 액세스할 수 없습니다. 공유된 다른 대시보드나 가족 권한이 허용하는 다른 옵션을 선택하세요.,don't translate HKI 7
family_access_manage,string,,Manage access,액세스 관리,
family_access_title,string,,Who can see %1$s,%1$s을(를) 볼 수 있는 사람,keep %1$s
family_access_description,string,,Add or remove people. Everyone you remove loses this dashboard the next time their app syncs.,사람을 추가하거나 제거합니다. 제거한 모든 사람은 다음에 앱이 동기화될 때 이 대시보드를 잃게 됩니다.,
family_access_shared_everyone,string,,Shared with everyone,모든 사람과 공유됨,
family_access_shared_nobody,string,,Shared with no one,누구와도 공유되지 않음,
family_access_shared_with,string,,Shared with %1$s,%1$s과(와) 공유됨,keep %1$s
family_access_unknown_user,string,,Unknown user,알 수 없는 사용자,
family_access_revoke_warning,string,,"Losing access deletes their copy of this dashboard, along with any colours, icons, and names they changed on it.","액세스 권한을 잃으면 대시보드에서 변경한 색상, 아이콘, 이름과 함께 이 대시보드의 사본이 삭제됩니다.",
family_versions_title,string,,HKI versions,HKI 버전,
family_versions_description,string,,Which HKI build each family device is running. This device is on %1$s. A device appears once it has opened HKI 7 1.0.0-beta.18 or newer at least once.,각 제품군 장치가 실행 중인 HKI 빌드입니다. 이 장치는 %1$s에 있습니다. 장치는 HKI 7 1.0.0-beta.18 이상을 한 번 이상 실행한 후에만 나타납니다.,keep %1$s; don't translate HKI 7
family_versions_empty,string,,No family devices have reported a version yet.,아직 버전을 보고한 가족 기기가 없습니다.,
family_versions_loading,string,,Loading family devices…,가족 기기 로드 중…,
family_versions_unavailable,string,,Home Assistant could not return the family device list. Check that HKI 7 Cloud is up to date.,홈어시스턴트가 가족 기기 목록을 반환할 수 없습니다. HKI 7 Cloud가 최신 상태인지 확인하세요.,"don't translate HKI 7 Cloud, Home Assistant"
family_versions_outdated,string,,Older than yours,당신보다 나이가 많아요,
family_versions_android,string,,Android %1$s,안드로이드 %1$s,keep %1$s
family_versions_reported,string,,reported %1$s,%1$s을(를) 보고했습니다.,keep %1$s
family_versions_forget,string,,Forget this device,이 장치를 잊어버리세요,
family_versions_forget_hint,string,,Forgetting a device only clears it from this list. One that is still in use reappears the next time its app opens.,장치를 잊어버리면 이 목록에서만 지워집니다. 아직 사용 중인 항목은 다음에 앱이 열릴 때 다시 나타납니다.,
family_versions_nudge,string,,Ask to update to %1$s,%1$s 업데이트 요청,keep %1$s
family_versions_nudge_clear,string,,Cancel update request,업데이트 요청 취소,
family_versions_nudge_pending,string,,Waiting for this device to update to %1$s. The request clears itself once it does.,이 장치가 %1$s로 업데이트되기를 기다리는 중입니다. 요청이 완료되면 요청이 자동으로 지워집니다.,keep %1$s
family_require_title,string,,Require an HKI version,HKI 버전 필요,
family_require_description,string,,"Everyone below the version you require is asked to update before they can keep using HKI. Nothing here installs anything — Google Play does the update, so people are only ever held up when Play actually has it ready for them.",필요한 버전 이하의 모든 사람은 HKI를 계속 사용하기 전에 업데이트하라는 메시지를 받습니다. 여기에는 아무 것도 설치되지 않습니다. Google Play가 업데이트를 수행하므로 사람들은 Play에서 실제로 업데이트를 준비할 때만 대기하게 됩니다.,
family_require_current,string,,Currently required: %1$s,현재 필수: %1$s,keep %1$s
family_require_set,string,,Require everyone to be on %1$s,모든 사람이 %1$s에 있어야 합니다.,keep %1$s
family_require_clear,string,,Clear the requirement,요구사항을 클리어하세요,
family_require_hint,string,,"You can only require a version some device already runs, so a requirement can never be one nobody is able to install.",일부 장치가 이미 실행 중인 버전만 요구할 수 있으므로 요구 사항은 누구도 설치할 수 없는 버전이 될 수 없습니다.,
settings_extra_family_require_failed,string,,Could not change the required version. It has to be one a family device already runs.,필요한 버전을 변경할 수 없습니다. 이미 실행 중인 가족용 장치여야 합니다.,
settings_extra_family_nudge_failed,string,,Could not ask “%1$s” to update.,“%1$s”에 업데이트를 요청할 수 없습니다.,keep %1$s
app_update_required_title,string,,Time to update HKI,HKI를 업데이트할 시간,
app_update_required_title_device,string,,This device needs an HKI update,이 장치에는 HKI 업데이트가 필요합니다,
app_update_required_message,string,,Your family is on HKI %1$s. This device is on %2$s.,귀하의 가족은 HKI %1$s에 거주하고 있습니다. 이 장치는 %2$s에 있습니다.,keep %1$s %2$s
app_update_required_checking,string,,Checking Google Play…,Google Play 확인 중…,
app_update_required_update,string,,Update now,지금 업데이트,
app_update_required_open_store,string,,Open HKI in the Play Store,Play 스토어에서 HKI를 엽니다.,
app_update_required_opened_store,string,,"Google Play could not take over here, so its store page was opened instead.",Google Play가 여기를 대신할 수 없어서 대신 스토어 페이지가 열렸습니다.,
app_update_required_unavailable,string,,"Google Play has no update ready for this device yet. That usually means the release hasn't reached you, or this copy of HKI didn't come from the Play Store.",Google Play에서는 아직 이 기기에 준비된 업데이트가 없습니다. 이는 일반적으로 릴리스가 사용자에게 전달되지 않았거나 이 HKI 사본이 Play 스토어에서 제공되지 않았음을 의미합니다.,
app_update_required_continue,string,,Continue without updating,업데이트하지 않고 계속,
settings_extra_active_instance,string,,Active instance,활성 인스턴스,
settings_extra_automatic_cloud_backup_enabled,string,,Automatic cloud backup enabled.,자동 클라우드 백업이 활성화되었습니다.,
settings_extra_background_restricted_warning,string,,Restricted — background sync will not work,제한됨 — 백그라운드 동기화가 작동하지 않습니다,
settings_extra_backup_failed,string,,Backup failed: %1$s,백업 실패: %1$s,keep %1$s
settings_extra_backup_unreadable,string,,The backup could not be read,백업을 읽을 수 없습니다.,
settings_extra_battery_optimized_warning,string,,Optimized — may interrupt background sync,최적화됨 - 백그라운드 동기화가 중단될 수 있음,
settings_extra_buy_me_a_coffee_logo,string,,Buy Me a Coffee logo,Buy Me a Coffee 로고,
settings_extra_cloud_backup_created,string,,Cloud backup created.,클라우드 백업이 생성되었습니다.,
settings_extra_cloud_backup_failed,string,,Cloud backup failed: %1$s,클라우드 백업 실패: %1$s,keep %1$s
settings_extra_cloud_component_missing,string,,"The HKI 7 Cloud component was not found on your Home Assistant. Install it through HACS, then try again.",홈어시스턴트에서 HKI 7 Cloud 구성요소를 찾을 수 없습니다. HACS를 통해 설치한 후 다시 시도하세요.,"don't translate HKI 7 Cloud, Home Assistant"
settings_extra_copy_dashboard,string,,Copy %1$s,%1$s 복사,keep %1$s
settings_extra_corner_modern,string,,Modern,현대의,
settings_extra_corner_round,string,,Round,둥근,
settings_extra_corner_sharp,string,,Sharp,날카로운,
settings_extra_create_custom_page,string,,Create custom page,사용자 지정 페이지 만들기,
settings_extra_custom_page_identity_subtitle,string,,Identity and navigation appearance,ID 및 탐색 모양,
settings_extra_dashboard_backup_saved,string,,Dashboard backup saved.,대시보드 백업이 저장되었습니다.,
settings_extra_dashboard_copy_name,string,,%1$s copy,%1$s 사본,keep %1$s
settings_extra_dashboard_default_name,string,,Dashboard %1$d,대시보드 %1$d,keep %1$d
settings_extra_new_dashboard_confirm_body,string,,This adds a dashboard alongside the one you are using. Your current dashboard is kept exactly as it is and is never overwritten — you can switch between them at any time.,그러면 사용 중인 대시보드 옆에 대시보드가 추가됩니다. 현재 대시보드는 그대로 유지되며 덮어쓰여지지 않습니다. 언제든지 대시보드 간에 전환할 수 있습니다.,
settings_extra_new_dashboard_confirm_action,string,,Continue,계속,
settings_extra_new_dashboard_created,string,,Created “%1$s”,'%1$s'을(를) 생성했습니다.,keep %1$s
uif_onboarding_shared_already_added,string,,Already added,이미 추가됨,
settings_extra_dashboard_shared_badge,string,,Shared,공유됨,
settings_extra_dashboard_shared_subtitle,string,,Shared with you by your family. Tap to load,가족이 나와 공유했습니다. 탭하여 로드,
settings_extra_dashboard_shared_loaded,string,,Shared with you by your family. Currently loaded,가족이 나와 공유했습니다. 현재 로드됨,
settings_extra_dashboard_generating,string,,Your new dashboard is being generated automatically.,새 대시보드가 자동으로 생성됩니다.,
settings_extra_dashboard_mode_auto,string,,Automatic,오토매틱,
settings_extra_dashboard_mode_manual,string,,Manual,수동,
settings_extra_dashboard_restored,string,,Dashboard configuration restored.,대시보드 구성이 복원되었습니다.,
settings_extra_dashboard_shared,string,,“%1$s” shared.,'%1$s'이(가) 공유되었습니다.,keep %1$s
settings_extra_dashboard_sharing_failed,string,,Could not share the dashboard.,대시보드를 공유할 수 없습니다.,
settings_extra_default_user_name,string,,User,사용자,
settings_extra_delete_dashboard,string,,Delete %1$s,%1$s 삭제,keep %1$s
settings_extra_device_tracker,string,,Device tracker,장치 추적기,
settings_extra_device_tracker_subtitle,string,,"Name used for location, geocoded location, battery, and charging entities","위치, 지오코딩된 위치, 배터리, 충전 엔터티에 사용되는 이름",
settings_extra_drive_access_token_missing,string,,Google Drive authorization did not return an access token.,Google 드라이브 승인이 액세스 토큰을 반환하지 않았습니다.,don't translate Google Drive
settings_extra_drive_authorization_cancelled,string,,Google Drive authorization was cancelled.,Google 드라이브 승인이 취소되었습니다.,don't translate Google Drive
settings_extra_drive_authorization_failed,string,,Google Drive authorization failed: %1$s,Google 드라이브 승인 실패: %1$s,keep %1$s; don't translate Google Drive
settings_extra_drive_authorization_open_failed,string,,Google Drive authorization could not be opened.,Google 드라이브 인증을 열 수 없습니다.,don't translate Google Drive
settings_extra_drive_backups_load_failed,string,,Could not load Google Drive backups: %1$s,Google 드라이브 백업을 로드할 수 없습니다: %1$s,keep %1$s; don't translate Google Drive
settings_extra_edit_custom_page,string,,Edit custom page,사용자 정의 페이지 편집,
settings_extra_effect_glow,string,,Glow,글로우,
settings_extra_effect_group_alerts,string,,Sensors and alarms,센서 및 경보,
settings_extra_effect_group_climate,string,,Climate and humidity,기후와 습도,
settings_extra_effect_group_fans,string,,Fans and vacuums,선풍기와 진공청소기,
settings_extra_effect_group_lights,string,,Lights and switches,조명 및 스위치,
settings_extra_effect_group_media,string,,Media players,미디어 플레이어,
settings_extra_effect_group_other,string,,Everything else,그 밖의 모든 것,
settings_extra_effect_none,string,,None,없음,
settings_extra_effect_pulse,string,,Pulse,펄스,
settings_extra_effect_spin,string,,Spin,회전,
settings_extra_empty_dashboard_created,string,,An empty dashboard was created.,빈 대시보드가 생성되었습니다.,
settings_extra_font_atkinson,string,,Atkinson Hyperlegible,앳킨슨 하이퍼레저블,
settings_extra_font_bree_serif,string,,Bree Serif,브리 세리프,
settings_extra_font_comfortaa,string,,Comfortaa,컴포타,
settings_extra_font_cursive,string,,Cursive,필기체,
settings_extra_font_default,string,,Default,기본값,
settings_extra_font_monospace,string,,Monospace,고정 폭,
settings_extra_font_nunito,string,,Nunito,누니토,
settings_extra_font_patrick_hand,string,,Patrick Hand,패트릭 핸드,
settings_extra_font_sans_serif,string,,Sans serif,산세리프체,
settings_extra_font_serif,string,,Serif,가는 장식 선,
settings_extra_font_space_grotesk,string,,Space Grotesk,스페이스 그로테스크,
settings_extra_ha_backup_created,string,,Home Assistant backup created.,홈어시스턴트 백업이 생성되었습니다.,don't translate Home Assistant
settings_extra_ha_backup_enabled,string,,Home Assistant backup enabled.,홈어시스턴트 백업이 활성화되었습니다.,don't translate Home Assistant
settings_extra_ha_backup_failed,string,,Home Assistant backup failed. Is the HKI 7 Cloud component reachable?,홈어시스턴트 백업에 실패했습니다. HKI 7 Cloud 구성 요소에 연결할 수 있습니까?,"don't translate HKI 7 Cloud, Home Assistant"
settings_extra_ha_backups_load_failed,string,,Could not load Home Assistant backups: %1$s,홈어시스턴트 백업을 로드할 수 없습니다: %1$s,keep %1$s; don't translate Home Assistant
settings_extra_hide_tab,string,,Hide tab,탭 숨기기,
settings_extra_hki_cloud_step_add_integration,string,,"Go to Settings → Devices & Services → Add Integration, choose “HKI 7 Cloud,” and confirm.",설정 → 장치 및 서비스 → 통합 추가로 이동하여 “HKI 7 Cloud”를 선택한 후 확인하세요.,don't translate HKI 7 Cloud
settings_extra_hki_cloud_step_add_repository,string,,"Paste %1$s, choose the “Integration” category, and add it.","%1$s을(를) 붙여넣고 ""통합"" 범주를 선택한 후 추가하세요.",keep %1$s
settings_extra_hki_cloud_step_install,string,,"Open the new “HKI 7 Cloud” entry, install it, and restart Home Assistant.","새로운 ""HKI 7 Cloud"" 항목을 열고 설치한 후 홈어시스턴트를 다시 시작하세요.","don't translate HKI 7 Cloud, Home Assistant"
settings_extra_hki_cloud_step_open_custom_repositories,string,,"In Home Assistant, open HACS → the ⋮ menu in the top-right → Custom repositories.",홈어시스턴트에서 HACS → 오른쪽 상단의 ⋮ 메뉴 → Custom repositories를 엽니다.,don't translate Home Assistant
settings_extra_hki_cloud_step_reopen,string,,Reopen this screen. The features will appear automatically.,이 화면을 다시 엽니다. 기능이 자동으로 나타납니다.,
settings_extra_hki_cloud_version,string,,HKI 7 Cloud v%1$s installed,HKI 7 Cloud v%1$s 설치됨,keep %1$s; don't translate HKI 7 Cloud
settings_extra_hki_cloud_version_unknown,string,,HKI 7 Cloud installed (update to see its version),HKI 7 Cloud 설치됨(버전을 보려면 업데이트하세요),don't translate HKI 7 Cloud
settings_extra_hki_cloud_update_to_unlock,string,,Update to unlock:,잠금 해제 업데이트:,
settings_extra_hki_cloud_feature_requires,string,,%1$s (needs v%2$s+),%1$s(v%2$s+ 필요),keep %1$s %2$s
settings_extra_hki_cloud_feature_reimport,string,,Manually re-importing or clearing dashboard view data,대시보드 보기 데이터를 수동으로 다시 가져오기 또는 지우기,
settings_extra_hki_cloud_feature_search_lists,string,,Per-person Visible/Invisible global search lists,개인별 Visible/Invisible 글로벌 검색 목록,
settings_extra_hki_cloud_feature_room_follow,string,,Room following,방 따라가기,
settings_extra_hki_cloud_feature_room_follow_launch_only,string,,"Room following: only place someone on launch, without tracking further moves",방 추적: 추가 이동을 추적하지 않고 발사 시에만 누군가를 배치합니다.,
settings_extra_hki_cloud_feature_devices,string,,Seeing which HKI version each family device runs,각 제품군 장치가 실행되는 HKI 버전 확인,
settings_extra_hki_cloud_feature_required_version,string,,Requiring the family to update to a given HKI version,특정 HKI 버전으로 업데이트하도록 제품군 요구,
settings_extra_hki_cloud_feature_events,string,,"The event timeline, and hiding parts of it from individual people",이벤트 타임라인 및 개인에게 일부 숨기기,
settings_extra_hki_cloud_tab_requires,string,,"Needs HKI 7 Cloud v%1$s or newer. Update the component in HACS — until then, what you set here won't take effect.",HKI 7 Cloud v%1$s 이상이 필요합니다. HACS에서 구성 요소를 업데이트합니다. 그때까지는 여기에서 설정한 내용이 적용되지 않습니다.,keep %1$s; don't translate HKI 7 Cloud
settings_extra_location_allowed_always,string,,Allowed all the time,항상 허용됨,
settings_extra_location_allowed_foreground,string,,Allowed only while using the app,앱을 사용하는 동안에만 허용됩니다.,
settings_extra_location_not_allowed,string,,Not allowed,허용되지 않음,
language_search_placeholder,string,,Search languages,언어 검색,
language_search_no_matches,string,,No language matches “%1$s”,“%1$s”과 일치하는 언어가 없습니다.,keep %1$s
settings_extra_language_dutch,string,,Nederlands,Nederlands,
settings_extra_language_english,string,,English,English,
settings_extra_language_french,string,,Français,Français,
settings_extra_language_german,string,,Deutsch,Deutsch,
settings_extra_language_italian,string,,Italiano,Italiano,
settings_extra_language_spanish,string,,Español,Español,
settings_extra_language_turkish,string,,Türkçe,Türkçe,
settings_extra_language_portuguese,string,,Português,Português,
settings_extra_language_portuguese_brazil,string,,Português (Brasil),Português (Brasil),
settings_extra_language_spanish_latam,string,,Español (Latinoamérica),Español (Latinoamérica),
settings_extra_language_japanese,string,,日本語,日本語,
settings_extra_language_korean,string,,한국어,한국어,
settings_extra_language_chinese_simplified,string,,中文（简体）,中文（简体）,
settings_extra_language_chinese_traditional,string,,中文（繁體）,中文（繁體）,
settings_extra_no_drive_backups,string,,No Google Drive backups were found.,Google 드라이브 백업을 찾을 수 없습니다.,don't translate Google Drive
settings_extra_no_ha_backups,string,,No Home Assistant backups were found. Is the HKI 7 Cloud component installed?,홈어시스턴트 백업을 찾을 수 없습니다. HKI 7 Cloud 구성 요소가 설치되어 있습니까?,"don't translate HKI 7 Cloud, Home Assistant"
settings_extra_notifications_multi_home_required,string,,Required while multiple homes receive notifications. Manage each home under Connection.,여러 집이 알림을 받는 동안 필요합니다. Connection에서 각 가정을 관리합니다.,
settings_extra_notifications_persistent_connection,string,,Keeps a persistent connection to Home Assistant while the app is closed. This uses more battery.,앱이 닫혀 있는 동안 홈어시스턴트에 대한 지속적인 연결을 유지합니다. 이렇게 하면 배터리가 더 많이 소모됩니다.,don't translate Home Assistant
settings_extra_paypal_logo,string,,PayPal logo,페이팔 로고,
settings_extra_policy_update_failed,string,,Could not update the policy.,정책을 업데이트할 수 없습니다.,
settings_extra_policy_needs_component_update,string,,Permissions saved. Update HKI 7 Cloud to also store the Visible and Invisible lists.,권한을 저장했습니다. 표시 및 숨김 목록도 저장하려면 HKI 7 Cloud를 업데이트하세요.,don't translate HKI 7 Cloud
settings_extra_policy_needs_component_update_room_follow,string,,Permissions saved. Update HKI 7 Cloud to also store the room following settings.,권한을 저장했습니다. 방 따라가기 설정도 저장하려면 HKI 7 Cloud를 업데이트하세요.,don't translate HKI 7 Cloud
settings_extra_policy_needs_component_update_events,string,,"Permissions saved, but this HKI 7 Cloud is too old to hide events from this person — they would see the whole timeline. Update it to apply the restriction.",권한이 저장되었지만 이 HKI 7 Cloud는 이 사람에게 이벤트를 숨기기에는 너무 오래되었습니다. 전체 타임라인을 볼 수 있습니다. 제한사항을 적용하려면 업데이트하세요.,don't translate HKI 7 Cloud
settings_extra_tab_presence,string,,Presence,재실,
settings_extra_tab_events,string,,Events,이벤트,
settings_extra_events_title,string,,Event timeline,이벤트 타임라인,
settings_extra_events_description,string,,"Choose which entities the family sees recent activity for, in the Events tab of the notification drawer. Set once here rather than on each phone. This hides the timeline, not the entities — anyone signed in to Home Assistant can still read them there.",알림 창의 이벤트 탭에서 가족이 최근 활동을 볼 수 있는 항목을 선택하세요. 각 전화기에 설정하는 대신 여기에서 한 번만 설정하세요. 이렇게 하면 엔터티가 아닌 타임라인이 숨겨집니다. 홈어시스턴트에 로그인한 사람은 누구나 계속 읽을 수 있습니다.,don't translate Home Assistant
settings_extra_events_loading,string,,Loading the roster…,명단 로드 중…,
settings_extra_events_unavailable,string,,Could not read the roster from HKI 7 Cloud.,HKI 7 Cloud에서 명단을 읽을 수 없습니다.,don't translate HKI 7 Cloud
settings_extra_events_empty,string,,No entities are being tracked yet.,아직 추적 중인 엔터티가 없습니다.,
settings_extra_events_choose,string,,Choose entities,엔터티 선택,
settings_extra_events_edit,string,,Edit entities,엔티티 편집,
settings_extra_events_pick_title,string,,Entities to show events for,이벤트를 표시할 엔터티,
settings_extra_events_save_failed,string,,Could not save the event roster.,이벤트 명단을 저장할 수 없습니다.,
settings_extra_events_capped,string,,Saved %1$d entities and %2$d domains. The timeline roster is capped.,%1$d 엔터티와 %2$d 도메인을 저장했습니다. 타임라인 명단이 제한되어 있습니다.,keep %1$d %2$d
settings_extra_events_whole_domain,string,,All %1$s (%2$d entities),모든 %1$s(%2$d 엔터티),keep %1$s %2$d
settings_extra_events_resolved_capped,string,,"This roster covers %2$d entities, but a timeline subscribes to at most %1$d. Remove a domain, or add entities by name instead.",이 명단에는 %2$d 엔터티가 포함되지만 타임라인은 최대 %1$d을(를) 구독합니다. 도메인을 제거하거나 대신 이름으로 엔터티를 추가하세요.,keep %2$d %1$d
settings_extra_events_per_person_title,string,,Who sees what,누가 무엇을 보는가,
settings_extra_events_per_person_description,string,,Everyone sees the whole timeline unless you take something out of it for them.,여러분이 타임라인에서 무언가를 꺼내지 않는 한 모든 사람은 전체 타임라인을 볼 수 있습니다.,
settings_extra_events_sees_everything,string,,Sees the whole timeline,전체 타임라인 보기,
settings_extra_events_hidden_count,string,,%1$d hidden,%1$d 숨김,keep %1$d
settings_extra_events_manage,string,,Manage,관리하다,
settings_extra_events_hidden_title,string,,Hide from this person,이 사람에게서 숨기기,
settings_extra_events_notifications_hint,string,,"The Events tab in the notification drawer shows recent activity for the entities your family admin chose. It is set for the whole family in Family Sharing, not per device.",알림 창의 이벤트 탭에는 가족 관리자가 선택한 항목에 대한 최근 활동이 표시됩니다. 가족 공유에서는 기기별로 설정되지 않고 온 가족을 대상으로 설정됩니다.,
settings_extra_events_open_family_sharing,string,,Open Family Sharing,공개 가족 공유,
settings_extra_room_follow_title,string,,Room following,방 따라가기,
settings_extra_room_follow_description,string,,"Pick the room-presence sensor that tracks each person's phone, such as an ESPresense sensor. The app opens the room they are in and offers to follow them as they move.","각 사람의 휴대전화를 추적하는 재실 센서(예: ESPresense 센서)를 선택하세요. 앱이 그 사람이 있는 방을 열고, 이동하면 따라갈지 물어봅니다.",
settings_extra_room_follow_sensor,string,,Presence sensor,재실 센서,
settings_extra_room_follow_none,string,,No sensor,센서 없음,
settings_extra_room_follow_enabled,string,,Follow this person between rooms,이 사람을 방 사이에서 따라가기,
settings_extra_room_follow_open_on_launch,string,,Open their room when the app starts,앱을 시작할 때 그 사람의 방 열기,
settings_extra_room_follow_continue_after_launch,string,,Keep following while the app is open,앱이 열려 있는 동안 계속 팔로우하세요,
settings_extra_room_follow_continue_after_launch_hint,string,,"Turn off to only place them in the right room when the app starts, without switching rooms again while they're using it.",앱을 사용할 때 방을 다시 전환하지 않고 앱이 시작될 때 올바른 방에만 배치하려면 끄십시오.,
settings_extra_room_follow_prompt_on_move,string,,Ask before switching rooms,방을 전환하기 전에 묻기,
settings_extra_room_follow_dwell,string,,Wait before a move counts,이동으로 인정하기까지 대기,
settings_extra_room_follow_dwell_value,string,,%1$d s,%1$d초,keep %1$d
settings_extra_room_follow_dwell_hint,string,,Room-presence sensors drift between nearby rooms. A longer wait means fewer false moves.,재실 센서는 인접한 방 사이에서 흔들립니다. 대기 시간이 길수록 잘못된 이동이 줄어듭니다.,
settings_extra_room_follow_rooms,string,,Sensor states,센서 상태,
settings_extra_room_follow_rooms_matched,string,,Matched automatically,자동으로 일치함,
settings_extra_room_follow_rooms_unmatched,string,,Pick a room,방 선택,
settings_extra_room_follow_no_states,string,,No states seen yet. States appear here once the sensor reports them.,아직 확인된 상태가 없습니다. 센서가 보고하면 여기에 표시됩니다.,
room_follow_moved_title,string,,You moved to %1$s,%1$s(으)로 이동했습니다,keep %1$s
room_follow_moved_message,string,,"Switch to that room, or stay where you are?","그 방으로 전환할까요, 아니면 그대로 있을까요?",
room_follow_moved_switch,string,,Switch,전환,
room_follow_moved_stay,string,,Stay,유지,
room_follow_moved_silence,string,,Don't ask again until I restart the app,앱을 다시 시작할 때까지 묻지 않기,
settings_extra_rename_dashboard,string,,Rename %1$s,%1$s 이름 바꾸기,keep %1$s
settings_extra_rename_instance,string,,Rename %1$s,%1$s 이름 바꾸기,keep %1$s
settings_extra_restart_home_assistant_failed,string,,Could not restart Home Assistant.,홈어시스턴트를 다시 시작할 수 없습니다.,don't translate Home Assistant
settings_extra_restore_failed,string,,Restore failed: %1$s,복원 실패: %1$s,keep %1$s
settings_extra_selected_file_open_failed,string,,Could not open the selected file,선택한 파일을 열 수 없습니다,
settings_extra_set_dashboard_default,string,,Set %1$s as the default dashboard,%1$s을 기본 대시보드로 설정,keep %1$s
settings_extra_family_device_forget_failed,string,,Could not forget “%1$s.”,'%1$s'을(를) 잊어버릴 수 없습니다.,keep %1$s
settings_extra_shared_dashboard_access_failed,string,,Could not change who can see “%1$s.”,'%1$s'을 볼 수 있는 사람을 변경할 수 없습니다.,keep %1$s
settings_extra_shared_dashboard_access_updated,string,,Updated who can see “%1$s.”,'%1$s'을 볼 수 있는 사람이 업데이트되었습니다.,keep %1$s
settings_extra_shared_dashboard_delete_failed,string,,Could not delete “%1$s.”,'%1$s'을(를) 삭제할 수 없습니다.,keep %1$s
settings_extra_shared_dashboard_deleted,string,,“%1$s” was deleted from the cloud.,'%1$s'이(가) 클라우드에서 삭제되었습니다.,keep %1$s
settings_extra_shared_dashboard_import_failed,string,,Could not import “%1$s.”,"""%1$s""을(를) 가져올 수 없습니다.",keep %1$s
settings_extra_shared_dashboard_imported,string,,“%1$s” was imported into your dashboards.,"""%1$s""을(를) 대시보드로 가져왔습니다.",keep %1$s
settings_extra_shared_dashboard_now_using,string,,Now using “%1$s.”,이제 “%1$s”을 사용합니다.,keep %1$s
settings_extra_shared_dashboard_use_failed,string,,Could not use “%1$s.”,“%1$s”을 사용할 수 없습니다.,keep %1$s
settings_extra_shared_dashboards_up_to_date,string,,Shared dashboards are already up to date.,공유 대시보드는 이미 최신 상태입니다.,
settings_extra_show_tab,string,,Show tab,탭 표시,
settings_extra_tab_dashboards,string,,Dashboards,대시보드,
settings_extra_tab_devices,string,,Devices,기기,
settings_extra_tab_parental_controls,string,,Parental controls,자녀 보호,
settings_extra_tab_permissions,string,,Permissions,권한,
settings_extra_technology_kotlin,string,,Kotlin,코틀린,
settings_extra_technology_xml_kotlin_dsl,string,,XML and Kotlin DSL,XML 및 Kotlin DSL,
settings_extra_theme_amber,string,,Amber,호박색,
settings_extra_theme_auto,string,,Auto,자동,
settings_extra_theme_blue,string,,Blue,파란색,
settings_extra_theme_custom,string,,Custom,사용자 지정,
settings_extra_theme_dark,string,,Dark,어두운,
settings_extra_theme_green,string,,Green,녹색,
settings_extra_theme_light,string,,Light,빛,
settings_extra_theme_rose,string,,Rose,장미,
settings_extra_theme_system,string,,System,시스템,
settings_extra_unknown_error,string,,Unknown error,알 수 없는 오류,
settings_extra_unrestricted_recommended,string,,Unrestricted (recommended),무제한(권장),
settings_extra_view_battery,string,,Battery,배터리,
settings_extra_view_climate,string,,Climate,공조,
settings_extra_view_energy,string,,Energy,에너지,
settings_extra_view_rooms,string,,Rooms,방,
settings_extra_view_security,string,,Security,보안,
settings_extra_minutes_ago,plural,one,%1$d minute ago,,needs translation; keep %1$d
settings_extra_minutes_ago,plural,other,%1$d minutes ago,%1$d분 전,keep %1$d
settings_extra_hours_ago,plural,one,%1$d hour ago,,needs translation; keep %1$d
settings_extra_hours_ago,plural,other,%1$d hours ago,%1$d시간 전,keep %1$d
settings_extra_days_ago,plural,one,%1$d day ago,,needs translation; keep %1$d
settings_extra_days_ago,plural,other,%1$d days ago,%1$d일 전,keep %1$d
settings_extra_shared_dashboards_pushed,plural,one,Pushed changes to %1$d shared dashboard.,,needs translation; keep %1$d
settings_extra_shared_dashboards_pushed,plural,other,Pushed changes to %1$d shared dashboards.,%1$d 공유 대시보드에 변경 사항을 푸시했습니다.,keep %1$d
family_permission_reimport,string,,Allow re-importing,다시 가져오기 허용,
family_permission_reimport_subtitle,string,,"Let this person manually re-import or clear Rooms, Climate, Security, Energy, and Battery data","이 사용자가 방, 실내 온도, 보안, 에너지 및 배터리 데이터를 수동으로 다시 가져오거나 지울 수 있도록 허용합니다",
family_dashboard_create_disabled_reason,string,,Your family administrator has disabled dashboard creation. This account can only use family-shared dashboards.,가족 관리자가 대시보드 생성을 비활성화했습니다. 이 계정은 공유된 가족 대시보드만 사용할 수 있습니다.,
family_dashboard_restore_disabled_reason,string,,"Your family administrator has disabled dashboard switching. Restoring a backup could replace the family dashboard, so this account can only select a shared dashboard.",가족 관리자가 대시보드 전환을 비활성화했습니다. 백업 복원 시 가족 대시보드가 대체될 수 있으므로 이 계정은 공유 대시보드만 선택할 수 있습니다.,
family_settings_admin_only,string,,Locked — only a Home Assistant administrator can manage family sharing,잠김 — Home Assistant 관리자만 가족 공유를 관리할 수 있습니다,don't translate Home Assistant
family_aesthetics_only_explanation,string,,"Aesthetics-only access allows local names, icons, colors, backgrounds, card styles, shapes, sizes, and layout. Entities, actions, visibility rules, content, controls, and other behavior remain managed by the dashboard owner.","외관 전용 접근에서는 로컬 이름, 아이콘, 색상, 배경, 카드 스타일, 모양, 크기 및 레이아웃을 변경할 수 있습니다. 엔티티, 작업, 표시 규칙, 콘텐츠, 컨트롤 및 기타 동작은 계속 대시보드 소유자가 관리합니다.",
parental_search_access_title,string,,Entity search access,엔티티 검색 접근,
parental_search_access_hint,string,,Choose which Home Assistant domains or individual entities this person can find in global search. Invisible selections always take precedence.,이 사용자가 전체 검색에서 찾을 수 있는 Home Assistant 도메인 또는 개별 엔티티를 선택하세요. 숨김 선택이 항상 우선합니다.,don't translate Home Assistant
parental_search_visible_title,string,,Visible,표시,
parental_search_invisible_title,string,,Invisible,숨김,
parental_search_visible_empty,string,,All entities are visible unless they appear in the Invisible list.,숨김 목록에 없는 모든 엔티티가 표시됩니다.,
parental_search_invisible_empty,string,,No entities are explicitly hidden.,명시적으로 숨긴 엔티티가 없습니다.,
parental_search_picker_subtitle,string,,Select entire domains or individual entities,전체 도메인 또는 개별 엔티티 선택,
parental_search_domains,string,,Domains,도메인,
parental_search_entire_domain,string,,Entire domain,전체 도메인,
parental_search_domain_chip,string,,Domain: %1$s,도메인: %1$s,keep %1$s
uif_a_state,string,,a state,주,
uif_a_time,string,,a time,시간,
uif_actions,string,,Actions,작업,
uif_active,string,,Active,활성,
uif_adaptive,string,,Adaptive,적응형,
uif_advanced,string,,Advanced,고급,
uif_air_quality,string,,Air quality,공기질,
uif_alarm,string,,Alarm,경보,
uif_alarms,string,,Alarms,알람,
uif_allow,string,,Allow,허용하다,
uif_allow_all_the_time,string,,Allow all the time,항상 허용하세요,
uif_and_separator,string,,\u0020and\u0020,그리고\\u0020,
uif_appearance,string,,Appearance,모양,
uif_aqi,string,,AQI,AQI,
uif_auto,string,,Auto,자동,
uif_back,string,,Back,뒤로,
uif_beep,string,,Beep,삑 하는 소리,
uif_brightness,string,,Brightness,밝기,
uif_bucket,string,,Bucket,버킷,
uif_choose_action,string,,Choose action,작업 선택,
uif_choose_entity,string,,Choose entity,엔티티 선택,
uif_choose_target,string,,Choose target,대상 선택,
uif_circle,string,,Circle,원,
uif_color,string,,Color,색상,
uif_date,string,,Date,날짜,
uif_date_and_time,string,,Date and time,날짜 및 시간,
uif_defrost,string,,Defrost,해동하다,
uif_devices_on,string,,Devices on,사용 중인 기기,
uif_direction_east_short,string,,E,E,
uif_direction_north_short,string,,N,N,
uif_direction_northeast_short,string,,NE,북동쪽,
uif_direction_northwest_short,string,,NW,북서쪽,
uif_direction_south_short,string,,S,S,
uif_direction_southeast_short,string,,SE,SE,
uif_direction_southwest_short,string,,SW,남서,
uif_direction_west_short,string,,W,W,
uif_display,string,,Display,표시,
uif_edit,string,,Edit,편집,
uif_enable,string,,Enable,할 수 있게 하다,
uif_enable_location,string,,Enable location,위치 활성화,
uif_enabled,string,,Enabled,활성화됨,
uif_entities,string,,Entities,엔티티,
uif_error,string,,Error,오류,
uif_fan_speed,string,,Fan speed,팬 속도,
uif_feels_like_temperature,string,,Feels like %1$d°,%1$d° 같은 느낌이에요,keep %1$d
uif_filter,string,,Filter,필터,
uif_fire,string,,Fire,화재,
uif_flow_actions_available,string,,Actions available in Home Assistant,홈어시스턴트에서 사용할 수 있는 작업,don't translate Home Assistant
uif_flow_actions_load_failed,string,,Could not load Home Assistant actions,Home Assistant 작업을 불러올 수 없습니다,don't translate Home Assistant
uif_flow_advanced_block_unchanged,string,,Advanced block (kept unchanged),고급 블록(변경되지 않은 상태로 유지),
uif_flow_after_format,string,,After (HH:MM:SS),이후(HH:MM:SS),
uif_flow_after_time,string,,after %1$s,%1$s 이후,keep %1$s
uif_flow_at_time,string,,At %1$s,%1$s에서,keep %1$s
uif_flow_automation_delete_failed,string,,Could not delete this automation,이 자동화를 삭제할 수 없습니다.,
uif_flow_automation_deleted,string,,Deleted from Home Assistant,홈어시스턴트에서 삭제됨,don't translate Home Assistant
uif_flow_automation_load_failed,string,,Could not load this automation,이 자동화를 로드할 수 없습니다.,
uif_flow_automation_save_failed,string,,Could not save this automation,이 자동화를 저장할 수 없습니다.,
uif_flow_automation_saved,string,,Saved and loaded in Home Assistant,홈어시스턴트에 저장 및 로드됨,don't translate Home Assistant
uif_flow_before_format,string,,Before (HH:MM:SS),이전(HH:MM:SS),
uif_flow_before_time,string,,before %1$s,%1$s 이전,keep %1$s
uif_flow_domain_actions_first,string,,%1$s actions are shown first,%1$s 작업이 먼저 표시됩니다.,keep %1$s
uif_flow_entity_becomes_state,string,,%1$s becomes %2$s,%1$s은(는) %2$s이 됩니다.,keep %1$s %2$s
uif_flow_entity_is_state,string,,%1$s is %2$s,%1$s은(는) %2$s입니다.,keep %1$s %2$s
uif_flow_entity_state,string,,Entity state,엔터티 상태,
uif_flow_ha_action,string,,Home Assistant action,홈어시스턴트 작업,don't translate Home Assistant
uif_flow_mode_parallel,string,,Parallel,평행한,
uif_flow_mode_parallel_description,string,,Start every trigger as a separate run at the same time.,모든 트리거를 동시에 별도의 실행으로 시작합니다.,
uif_flow_mode_queued,string,,Queued,대기 중,
uif_flow_mode_queued_description,string,,"Wait, then run each trigger in the order it arrived.",잠시 기다린 후 각 트리거를 도착한 순서대로 실행하세요.,
uif_flow_mode_restart,string,,Restart,재시작,
uif_flow_mode_restart_description,string,,Stop the current run and start again when conditions still pass.,현재 실행을 중지하고 조건이 계속 통과되면 다시 시작합니다.,
uif_flow_mode_single,string,,Single,하나의,
uif_flow_mode_single_description,string,,Ignore a new trigger while this flow is still running.,이 흐름이 계속 실행되는 동안 새 트리거를 무시합니다.,
uif_flow_perform_ha_action,string,,Perform a Home Assistant action,홈어시스턴트 작업 수행,don't translate Home Assistant
uif_flow_section_and_if,string,,And if,그리고 만약에,
uif_flow_section_then,string,,Then,그 다음에,
uif_flow_section_when,string,,When,시기,
uif_flow_sun_event,string,,Sun event,일요일 이벤트,
uif_flow_sunrise_or_sunset,string,,Sunrise or sunset,일출 또는 일몰,
uif_flow_time_format,string,,Time (HH:MM:SS),시간(HH:MM:SS),
uif_flow_time_window,string,,Time window,시간 창,
uif_flow_group_any,string,,Any of these,다음 중 하나,
uif_flow_group_all,string,,All of these,다음 모두,
uif_flow_group_none,string,,None of these,다음 중 어느 것도 아님,
uif_flow_group_empty,string,,Empty — open it to add conditions,비어 있음 — 그룹을 열어 조건을 추가하세요,
uif_flow_group_open,string,,Open group,그룹 열기,
uif_flow_group_back,string,,Back,뒤로,
uif_flow_group_count,plural,one,%1$d condition inside,,needs translation; keep %1$d
uif_flow_group_count,plural,other,%1$d conditions inside,%1$d 조건 내부,keep %1$d
uif_flow_within_time_window,string,,Within a time window,일정 기간 내,
uif_full,string,,Full,전체,
uif_gas,string,,Gas,가스,
uif_glow,string,,Glow,글로우,
uif_half,string,,Half,절반,
uif_header_pill,string,,Header pill,헤더 필,
uif_hold,string,,Hold,길게 누르기,
uif_humidity,string,,Humidity,습도,
uif_ionizer,string,,Ionizer,이온화기,
uif_lights_on,string,,Lights on,불 켜짐,
uif_mode_auto,string,,Auto,자동,
uif_mode_away,string,,Away,외출,
uif_mode_baby,string,,Baby,아기,
uif_mode_boost,string,,Boost,부스트,
uif_mode_clothes,string,,Clothes,옷,
uif_mode_comfort,string,,Comfort,편안,
uif_mode_continuous,string,,Continuous,마디 없는,
uif_mode_dry,string,,Dry,건조,
uif_mode_eco,string,,Eco,절전,
uif_mode_high,string,,High,높음,
uif_mode_home,string,,Home,홈,
uif_mode_laundry,string,,Laundry,빨래,
uif_mode_low,string,,Low,낮음,
uif_mode_manual,string,,Manual,수동,
uif_mode_medium,string,,Medium,중간,
uif_mode_normal,string,,Normal,보통,
uif_mode_purify,string,,Purify,정화하다,
uif_mode_quiet,string,,Quiet,저소음,
uif_mode_sleep,string,,Sleep,수면,
uif_moon,string,,Moon,달,
uif_moon_phase_first_quarter,string,,First quarter,1분기,
uif_moon_phase_full,string,,Full moon,만월,
uif_moon_phase_last_quarter,string,,Last quarter,지난 분기,
uif_moon_phase_new,string,,New moon,초승달,
uif_moon_phase_waning_crescent,string,,Waning crescent,쇠퇴하는 초승달,
uif_moon_phase_waning_gibbous,string,,Waning gibbous,쇠퇴하는 만세,
uif_moon_phase_waxing_crescent,string,,Waxing crescent,왁싱 초승달,
uif_moon_phase_waxing_gibbous,string,,Waxing gibbous,왁싱 만세,
uif_motion,string,,Motion,움직임,
uif_mute,string,,Mute,무음,
uif_next,string,,Next,다음,
uif_none,string,,None,없음,
uif_off,string,,Off,꺼짐,
uif_onboarding_add_in_edit_mode,string,,Add everything yourself in Edit mode,편집 모드에서 모든 것을 직접 추가하세요,
uif_onboarding_add_internal_url_later,string,,"For a faster direct connection at home, you can add an internal URL and your home Wi-Fi networks later in Settings > Connection.",집에서 더 빠르게 직접 연결하려면 나중에 설정 > 연결에서 내부 URL과 집 Wi-Fi 네트워크를 추가할 수 있습니다.,
uif_onboarding_add_remote_url_later,string,,"To connect while you're away from home, add a Nabu Casa or external URL later in Settings > Connection.",집에 없는 동안 연결하려면 나중에 설정 > 연결에서 Nabu Casa 또는 외부 URL을 추가하세요.,don't translate Nabu Casa
uif_onboarding_auto_entities,string,,"Finds suitable Climate, Security, Energy and Battery entities","적합한 기후, 보안, 에너지 및 배터리 엔터티를 찾습니다.",
uif_onboarding_auto_generate,string,,Auto generate,자동 생성,
uif_onboarding_auto_rooms_floors,string,,Creates rooms and floors from Home Assistant areas,홈어시스턴트 영역에서 방과 바닥을 생성합니다.,don't translate Home Assistant
uif_onboarding_building_dashboard,string,,Building dashboard…,대시보드 구축 중…,
uif_onboarding_connection_failed,string,,Connection failed,연결 실패,
uif_onboarding_everything_editable,string,,Everything can be changed afterward in Edit mode,나중에 편집 모드에서 모든 내용을 변경할 수 있습니다.,
uif_onboarding_external_access_explanation,string,,HKI 7 can reach your smart home both at home and while you're away through the external URL you entered.,HKI 7은 입력한 외부 URL을 통해 집에 있을 때와 외출 중에도 스마트 홈에 접속할 수 있습니다.,don't translate HKI 7
uif_onboarding_local_access_explanation,string,,Your smart home is currently available to HKI 7 only while this device can reach your local Home Assistant network.,귀하의 스마트 홈은 현재 HKI 7에서만 사용할 수 있으며 이 장치는 로컬 홈어시스턴트 네트워크에 연결할 수 있습니다.,"don't translate Home Assistant, HKI 7"
uif_onboarding_login_failed,string,,Login failed: %1$s,로그인 실패: %1$s,keep %1$s
uif_onboarding_nabu_casa_access_explanation,string,,HKI 7 can reach your smart home both at home and while you're away through your Nabu Casa URL.,HKI 7은 집에서나 외출 중에도 Nabu Casa URL을 통해 스마트 홈에 접속할 수 있습니다.,"don't translate Nabu Casa, HKI 7"
uif_onboarding_no_authorization_code,string,,Login failed: Home Assistant returned no authorization code.,로그인 실패: 홈어시스턴트가 인증 코드를 반환하지 않았습니다.,don't translate Home Assistant
uif_onboarding_preparing_dashboard,string,,Preparing dashboard…,대시보드 준비 중…,
uif_onboarding_server_http_error,string,,The server answered with HTTP %1$d,서버가 HTTP %1$d로 응답했습니다.,keep %1$d
uif_onboarding_shared_import_failed,string,,Could not import “%1$s”. Try again.,"""%1$s""을(를) 가져올 수 없습니다. 다시 시도해 보세요.",keep %1$s
uif_onboarding_start_empty,string,,Start empty,비어 있는 상태로 시작,
uif_onboarding_starts_empty,string,,"Starts without imported rooms, widgets or view entities","가져온 룸, 위젯 또는 보기 엔터티 없이 시작됩니다.",
uif_open,string,,Open,열기,
uif_open_doors,string,,Open doors,열린 문,
uif_open_settings,string,,Open settings,설정 열기,
uif_open_windows,string,,Open windows,창문 열기,
uif_pause,string,,Pause,일시 중지,
uif_percentage,string,,Percentage,백분율,
uif_percentage_value,string,,%1$d%%,%1$d%%,keep %1$d
uif_pick_to_auto_fill,string,,Pick to auto-fill,자동 완성을 선택하세요.,
uif_pill,string,,Pill,알약,
uif_play,string,,Play,놀다,
uif_playlists,string,,Playlists,재생목록,
uif_pm25,string,,PM2.5,PM2.5,
uif_presence,string,,Presence,재실,
uif_pressure,string,,Pressure,압력,
uif_pressure_hpa,string,,%1$d hPa,%1$dhPa,keep %1$d
uif_previous,string,,Previous,이전의,
uif_pulse,string,,Pulse,펄스,
uif_pump,string,,Pump,펌프,
uif_rain,string,,Rain,비,
uif_rain_map_camera,string,,Rain map camera,비 지도 카메라,
uif_recipe_arrive_home_description,string,,Activate a scene when someone arrives home,누군가 집에 도착하면 장면을 활성화하세요.,
uif_recipe_arrive_home_title,string,,Welcome home,집에 오신 것을 환영합니다,
uif_recipe_bedtime_description,string,,Turn off a light at a chosen bedtime,선택한 취침 시간에 조명을 끄세요,
uif_recipe_bedtime_title,string,,Bedtime lights,취침 시간 조명,
uif_recipe_blank_description,string,,Build an automation from an empty canvas,빈 캔버스에서 자동화 구축,
uif_recipe_blank_title,string,,Start empty,비어 있는 상태로 시작,
uif_recipe_close_covers_description,string,,Close a cover when the sun sets,해가 지면 덮개를 닫으세요.,
uif_recipe_close_covers_title,string,,Close covers at sunset,일몰 시 덮개를 닫으세요.,
uif_recipe_entity_state_description,string,,Run an action when an entity reaches a state,엔터티가 상태에 도달하면 작업 실행,
uif_recipe_entity_state_title,string,,Entity changes,엔터티 변경,
uif_recipe_leave_home_description,string,,Turn off a light when someone leaves home,누군가 집을 나설 때 불을 꺼주세요,
uif_recipe_leave_home_title,string,,Leaving home,집을 떠나다,
uif_recipe_lock_at_night_description,string,,Lock a door at a chosen time,선택한 시간에 문을 잠그세요,
uif_recipe_lock_at_night_title,string,,Lock up at night,밤에는 잠그세요,
uif_recipe_morning_scene_description,string,,Activate a scene at a chosen morning time,선택한 아침 시간에 장면 활성화,
uif_recipe_morning_scene_title,string,,Morning scene,아침 장면,
uif_recipe_motion_lights_description,string,,Turn on a light when motion is detected,움직임이 감지되면 조명을 켜세요,
uif_recipe_motion_lights_title,string,,Motion lighting,모션 조명,
uif_recipe_open_covers_description,string,,Open a cover when the sun rises,해가 뜨면 뚜껑을 열어라,
uif_recipe_open_covers_title,string,,Open covers at sunrise,일출 시 덮개를 엽니다.,
uif_recipe_schedule_description,string,,Run an action at a fixed time every day,매일 정해진 시간에 액션 실행,
uif_recipe_schedule_title,string,,At a time,한 번에,
uif_recipe_sunrise_lights_off_description,string,,Turn off a light when the sun rises,해가 뜨면 불을 꺼라,
uif_recipe_sunrise_lights_off_title,string,,Lights off at sunrise,일출 시 불 꺼짐,
uif_recipe_sunset_description,string,,Run an action at sunset,일몰 시 작업 실행,
uif_recipe_sunset_title,string,,Around sunset,일몰 무렵,
uif_refresh,string,,Refresh,새로고침,
uif_remove,string,,Remove,제거,
uif_repeat,string,,Repeat,반복,
uif_run,string,,Run,실행,
uif_season,string,,Season,계절,
uif_season_autumn,string,,Autumn,가을,
uif_season_spring,string,,Spring,봄,
uif_season_summer,string,,Summer,여름,
uif_season_winter,string,,Winter,겨울,
uif_shuffle,string,,Shuffle,혼합,
uif_sleep,string,,Sleep,수면,
uif_smoke,string,,Smoke,연기,
uif_source,string,,Source,원천,
uif_source_device,string,,Source device,소스 기기,
uif_speed,string,,Speed,속도,
uif_speed_kmh,string,,%1$d km/h,%1$dkm/h,keep %1$d
uif_spin,string,,Spin,회전,
uif_state_active,string,,Active,활성,
uif_state_away,string,,Away,외출,
uif_state_buffering,string,,Buffering,버퍼링 중,
uif_state_cleaning,string,,Cleaning,청소 중,
uif_state_closed,string,,Closed,닫힘,
uif_state_docked,string,,Docked,도킹됨,
uif_state_error,string,,Error,오류,
uif_state_home,string,,Home,홈,
uif_state_idle,string,,Idle,대기 중,
uif_state_locked,string,,Locked,잠김,
uif_state_off,string,,Off,꺼짐,
uif_state_on,string,,On,켜짐,
uif_state_open,string,,Open,열기,
uif_state_paused,string,,Paused,일시 중지됨,
uif_state_playing,string,,Playing,재생 중,
uif_state_returning,string,,Returning,복귀 중,
uif_state_standby,string,,Standby,대기,
uif_state_unavailable,string,,Unavailable,사용할 수 없음,
uif_state_unknown,string,,Unknown,알 수 없음,
uif_state_unlocked,string,,Unlocked,잠금 해제됨,
uif_sun,string,,Sun,해,
uif_sunrise,string,,Sunrise,일출,
uif_sunset,string,,Sunset,일몰,
uif_tank,string,,Tank,탱크,
uif_tap,string,,Tap,탭,
uif_third,string,,Third,1/3,
uif_time,string,,Time,시간,
uif_unknown,string,,Unknown,알 수 없음,
uif_update_failed,string,,Could not update %1$s,%1$s을(를) 업데이트할 수 없습니다.,keep %1$s
uif_updated,string,,%1$s updated,%1$s 업데이트됨,keep %1$s
uif_weather,string,,Weather,날씨,
uif_wind,string,,Wind,바람,
uif_active_device_count,plural,one,%1$d active device,,needs translation; keep %1$d
uif_active_device_count,plural,other,%1$d active devices,%1$d 활성 장치,keep %1$d
uif_adaptive_group_paused_count,plural,one,%1$d group light is paused for manual control.,,needs translation; keep %1$d
uif_adaptive_group_paused_count,plural,other,%1$d group lights are paused for manual control.,%1$d 그룹 조명은 수동 제어를 위해 일시 중지되었습니다.,keep %1$d
uif_adaptive_profile_light_count,plural,one,Controls %1$d light in this profile.,,needs translation; keep %1$d
uif_adaptive_profile_light_count,plural,other,Controls %1$d lights in this profile.,이 프로필의 %1$d 조명을 제어합니다.,keep %1$d
uif_days_to_season,plural,one,%1$d day to %2$s,,needs translation; keep %1$d %2$s
uif_days_to_season,plural,other,%1$d days to %2$s,%1$d일 ~ %2$s,keep %1$d %2$s
uif_device_on_count,plural,one,%1$d device on,,needs translation; keep %1$d
uif_device_on_count,plural,other,%1$d devices on,%1$d 장치 켜짐,keep %1$d
uif_fire_detector_count,plural,one,%1$d fire detector active,,needs translation; keep %1$d
uif_fire_detector_count,plural,other,%1$d fire detectors active,%1$d 화재 감지기 활성화됨,keep %1$d
uif_flow_advanced_block_count,plural,one,%1$d advanced shorthand block (kept unchanged),,needs translation; keep %1$d
uif_flow_advanced_block_count,plural,other,%1$d advanced shorthand blocks (kept unchanged),%1$d 고급 단축 블록(변경되지 않은 상태로 유지됨),keep %1$d
uif_gas_detector_count,plural,one,%1$d gas detector active,,needs translation; keep %1$d
uif_gas_detector_count,plural,other,%1$d gas detectors active,%1$d 가스 감지기가 활성화되었습니다.,keep %1$d
uif_light_on_count,plural,one,%1$d light on,,needs translation; keep %1$d
uif_light_on_count,plural,other,%1$d lights on,%1$d 표시등이 켜짐,keep %1$d
uif_media_item_count,plural,one,%1$d item,,needs translation; keep %1$d
uif_media_item_count,plural,other,%1$d items,%1$d 항목,keep %1$d
uif_motion_sensor_count,plural,one,%1$d motion sensor active,,needs translation; keep %1$d
uif_motion_sensor_count,plural,other,%1$d motion sensors active,%1$d 동작 센서가 활성화되었습니다.,keep %1$d
uif_open_door_count,plural,one,%1$d open door,,needs translation; keep %1$d
uif_open_door_count,plural,other,%1$d open doors,%1$d 문을 열다,keep %1$d
uif_open_window_count,plural,one,%1$d open window,,needs translation; keep %1$d
uif_open_window_count,plural,other,%1$d open windows,%1$d 창 열기,keep %1$d
uif_presence_sensor_count,plural,one,%1$d presence sensor active,,needs translation; keep %1$d
uif_presence_sensor_count,plural,other,%1$d presence sensors active,%1$d 존재 센서 활성화,keep %1$d
uif_smoke_detector_count,plural,one,%1$d smoke detector active,,needs translation; keep %1$d
uif_smoke_detector_count,plural,other,%1$d smoke detectors active,%1$d 연기 감지기 활성화됨,keep %1$d
weather_animate_title,string,,Animated weather,애니메이션 날씨,
weather_animate_description,string,,"Where the full-colour weather artwork plays. Turn a surface off to show its still artwork instead — the forecast strips are the ones that cost the most, since they animate a dozen icons side by side.",풀 컬러 날씨 예술 작품이 재생되는 곳입니다. 대신 표면을 끄고 스틸 아트웍을 표시합니다. 예보 스트립은 12개의 아이콘을 나란히 애니메이션화하기 때문에 비용이 가장 많이 드는 스트립입니다.,
weather_animate_applies_everywhere,string,,"These apply to this device everywhere weather is shown, not just to this pill. The same switches are in Settings › Appearance › Icons.",이는 이 알약뿐만 아니라 날씨가 표시되는 모든 장치에 적용됩니다. 동일한 스위치가 설정 > 모양 > 아이콘에 있습니다.,
weather_animate_pill,string,,Header pill,헤더 필,
weather_animate_pill_description,string,,The small weather icon beside the dashboard title.,대시보드 제목 옆에 있는 작은 날씨 아이콘입니다.,
weather_animate_dialog,string,,Weather dialog,날씨 대화상자,
weather_animate_dialog_description,string,,The large icon on the current-weather card when you open the weather.,날씨를 열면 현재 날씨 카드에 있는 큰 아이콘입니다.,
weather_animate_forecast,string,,Forecast strips,예측 스트립,
weather_animate_forecast_description,string,,"The daily and hourly rows, in the dialog and on the dashboard.",대화 상자와 대시보드의 일별 및 시간별 행입니다.,
weather_animate_widget,string,,Weather widget,날씨 위젯,
weather_animate_widget_description,string,,The weather card on the dashboard itself.,대시보드 자체에 있는 날씨 카드입니다.,
widgets_tab_content,string,,Content,콘텐츠,
widgets_tab_appearance,string,,Appearance,모양,
widgets_tab_data,string,,Data,데이터,
widgets_tab_chart,string,,Chart,차트,
widgets_tab_graphs,string,,Graphs,그래프,
widgets_tab_layout,string,,Layout,레이아웃,
widgets_tab_data_sources,string,,Data sources,데이터 소스,
widgets_remove,string,,Remove,제거,
widgets_reimport,string,,Re-import,다시 가져오기,
widgets_unavailable,string,,Unavailable,사용할 수 없음,
widgets_today,string,,Today,오늘,
widgets_tomorrow,string,,Tomorrow,내일,
widgets_yesterday,string,,Yesterday,어제,
widgets_today_initial,string,,T,T,
widgets_date_range,string,,%1$s – %2$s,%1$s – %2$s,keep %1$s %2$s
widgets_iframe_title,string,,iFrame,iFrame,
widgets_iframe_subtitle,string,,Embed a web page on your dashboard,대시보드에 웹페이지 삽입,
widgets_ratio_square,string,,Square,정사각형,
widgets_ratio_wide,string,,Wide,넓은,
widgets_ratio_tall,string,,Tall,키가 큰,
widgets_markdown_title,string,,Markdown,Markdown,
widgets_markdown_subtitle,string,,Content and card appearance,콘텐츠 및 카드 모양,
widgets_media_player_title,string,,Media player,미디어 플레이어,
widgets_media_player_subtitle,string,,"Source, layout, and artwork","소스, 레이아웃 및 아트웍",
widgets_stat_min,string,,Min,최소,
widgets_stat_average,string,,Avg,평균,
widgets_stat_max,string,,Max,최대,
widgets_sensor_graph_title,string,,Sensor graph,센서 그래프,
widgets_sensor_graph_subtitle,string,,"Entities, chart style, and appearance","엔터티, 차트 스타일 및 모양",
widgets_sensor_graph_stack_title,string,,Sensor graph stack,센서 그래프 스택,
widgets_sensor_graph_stack_subtitle,string,,Grouped charts and stack layout,그룹화된 차트 및 스택 레이아웃,
widgets_graph_sensor_count,plural,one,Graph %1$d · %2$d sensor,,needs translation; keep %1$d %2$d
widgets_graph_sensor_count,plural,other,Graph %1$d · %2$d sensors,그래프 %1$d · %2$d 센서,keep %1$d %2$d
widgets_calendar_title,string,,Calendar,캘린더,
widgets_calendar_subtitle,string,,"Calendars, default view, and appearance","달력, 기본 보기 및 모양",
widgets_calendar_agenda,string,,Agenda,의제,
widgets_calendar_week,string,,Week,주,
widgets_calendar_month,string,,Month,월,
widgets_calendar_no_entity,string,,No calendar entity available,사용 가능한 캘린더 항목이 없습니다.,
widgets_calendar_no_upcoming_events,string,,No events in the coming days,앞으로 며칠간은 이벤트가 없습니다,
widgets_calendar_no_events_for,string,,No events for %1$s,%1$s에 대한 이벤트가 없습니다.,keep %1$s
widgets_calendar_all_day,string,,All day,하루 종일,
widgets_calendar_time_unknown,string,,Time unknown,시간을 알 수 없음,
widgets_vacuum_state_cleaning,string,,Cleaning,청소 중,
widgets_vacuum_state_docked,string,,Docked,도킹됨,
widgets_vacuum_state_paused,string,,Paused,일시 중지됨,
widgets_vacuum_state_error,string,,Error,오류,
widgets_vacuum_state_returning,string,,Returning to dock,부두로 돌아가는 중,
widgets_vacuum_dock,string,,Dock,도킹,
widgets_vacuum_start,string,,Start,시작,
widgets_vacuum_pause,string,,Pause,일시 중지,
widgets_vacuum_stop,string,,Stop,정지,
widgets_vacuum_locate,string,,Locate,위치 찾기,
widgets_vacuum_page_status,string,,%1$d/%2$d · %3$s,%1$d/%2$d · %3$s,keep %1$d %2$d %3$s
widgets_vacuum_fan_speed,string,,Fan speed,팬 속도,
widgets_vacuum_water_level,string,,Water level,수위,
widgets_vacuum_map,string,,Vacuum map,로봇청소기 지도,
widgets_vacuum_room_number,string,,Room %1$d,방 %1$d,keep %1$d
widgets_vacuum_room_label,string,,Room %1$s,%1$s방,keep %1$s
widgets_vacuum_valetudo_decode_failed,string,,No Valetudo map data in this camera entity,이 카메라 엔티티에 Valetudo 지도 데이터가 없습니다,don't translate Valetudo
widgets_vacuum_valetudo_tap_hint,string,,Tap a room to clean it,방을 탭하여 청소,
widgets_vacuum_valetudo_unmapped,string,,Map this robot's segments to areas in Home Assistant to clean a room by tapping it,탭해서 방을 청소하려면 Home Assistant에서 이 로봇의 세그먼트를 영역에 매핑하세요,don't translate Home Assistant
widgets_vacuum_valetudo_cleaning,string,,Cleaning %1$s,%1$s 청소 중,keep %1$s
widgets_waste_collection_title,string,,Waste collection,폐기물 수거,
widgets_waste_collection_subtitle,string,,"Sensors, calendar, and appearance","센서, 달력 및 외관",
widgets_waste_sensor_picture_help,string,,Shows the sensor’s entity_picture (falls back to the type icon when no picture is available).,센서의 엔터티_그림을 표시합니다(사진을 사용할 수 없으면 유형 아이콘으로 대체).,
ui_people_dialog_title,string,,People,사람,
widgets_f1_title,string,,Formula 1,포뮬러 1,
widgets_f1_subtitle,string,,"Race weekend, standings, and results","레이스 주말, 순위, 결과",
widgets_f1_sources_subtitle,string,,Read from the F1 Sensor integration,F1 센서 통합에서 읽기,
widgets_f1_tab_next,string,,Next race,다음 경주,
widgets_f1_tab_calendar,string,,Calendar,캘린더,
widgets_f1_tab_standings,string,,Standings,순위,
widgets_f1_tab_grid,string,,Grid,그리드,
widgets_f1_tab_results,string,,Results,결과,
widgets_f1_tab_live,string,,Live,실시간,
widgets_f1_drivers,string,,Drivers,드라이버,
widgets_f1_constructors,string,,Constructors,생성자,
widgets_f1_prediction,string,,Prediction,예측,
widgets_f1_schedule,string,,Session schedule,세션 일정,
widgets_f1_race_control,string,,Race control,레이스 컨트롤,
widgets_f1_timing,string,,Timing,타이밍,
widgets_f1_round,string,,Round %1$s,라운드 %1$s,keep %1$s
widgets_f1_lap_short,string,,Lap %1$s,랩 %1$s,keep %1$s
widgets_f1_lap_of,string,,Lap %1$d / %2$d,랩 %1$d / %2$d,keep %1$d %2$d
widgets_f1_wins_short,string,,%1$s wins,%1$s 승리,keep %1$s
widgets_f1_points_wins_legend,string,,Right-hand column shows championship points.,오른쪽 열에는 챔피언십 포인트가 표시됩니다.,
widgets_f1_prediction_now,string,,Now: %1$s pts,현재: %1$s 포인트,keep %1$s
widgets_f1_prediction_legend,string,,Right-hand column shows predicted final points. Needs F1TV Auth in F1 Sensor.,오른쪽 열에는 예측된 최종 지점이 표시됩니다. F1 센서에 F1TV 인증이 필요합니다.,
widgets_f1_status_pit,string,,In pit,구덩이에서,
widgets_f1_status_out,string,,Retired,은퇴,
widgets_f1_no_calendar,string,,No season schedule available yet,아직 시즌 일정이 없습니다.,
widgets_f1_no_grid,string,,No starting grid available yet,아직 사용할 수 있는 시작 그리드가 없습니다.,
widgets_f1_no_prediction,string,,No championship prediction available. Needs F1TV Auth in F1 Sensor.,우승 예측이 없습니다. F1 센서에 F1TV 인증이 필요합니다.,
widgets_f1_lights_out_in,string,,Lights out in %1$s,%1$s 지역 소등,keep %1$s
widgets_f1_next_in,string,,%1$s · %2$s,%1$s · %2$s,keep %1$s %2$s
widgets_f1_in_days_hours,string,,in %1$dd %2$dh,%1$dd %2$dh에서,keep %1$d %2$d
widgets_f1_in_hours_minutes,string,,in %1$dh %2$dm,%1$dh %2$dm 후,keep %1$d %2$d
widgets_f1_in_minutes,string,,in %1$dm,%1$d분 후,keep %1$d
widgets_f1_no_upcoming,string,,No upcoming race,예정된 경주 없음,
widgets_f1_today_at,string,,Today %1$s,오늘 %1$s,keep %1$s
widgets_f1_tomorrow_at,string,,Tomorrow %1$s,내일 %1$s,keep %1$s
widgets_f1_time_unknown,string,,Time to be confirmed,확인 시간,
widgets_f1_sensors_used,string,,"This widget uses the next race, season calendar, starting grid, driver and constructor standings, last race results, weather, and — during a session — track status, session status, race control, driver positions, and current tyres. It also shows a championship prediction when F1 Sensor's optional F1TV Auth is set up. Other F1 Sensor options are not needed for it.","이 위젯은 다음 레이스, 드라이버 및 생성자 순위, 마지막 레이스 결과, 날씨, 현재 시즌 및 세션 중 트랙 상태, 세션 상태 및 레이스 제어를 사용합니다. 다른 F1 센서 옵션은 필요하지 않습니다.",
widgets_f1_no_standings,string,,No standings available yet,아직 순위가 없습니다,
widgets_f1_no_results,string,,No race results available yet,아직 경주 결과가 없습니다.,
widgets_f1_no_race_control,string,,No race control messages,경주 제어 메시지 없음,
widgets_f1_not_found,string,,F1 Sensor not found,F1 센서를 찾을 수 없습니다,
widgets_f1_not_found_long,string,,The F1 Sensor integration was not found. Install it in Home Assistant (HACS: Nicxe/f1_sensor) and its sensors are picked up automatically.,F1 센서 통합을 찾을 수 없습니다. 홈어시스턴트(HACS: Nicxe/f1_sensor)에 설치하면 해당 센서가 자동으로 선택됩니다.,don't translate Home Assistant
widgets_f1_found,string,,Found %1$d F1 sensors.,%1$d F1 센서를 찾았습니다.,keep %1$d
widgets_f1_default_tab,string,,Opening tab,오프닝 탭,
widgets_f1_background_help,string,,"With no background image the card shows the upcoming race, with the circuit outline as a faint watermark behind it.",배경 이미지가 없는 카드에는 다가오는 경주가 표시되며 그 뒤에 희미한 워터마크로 회로 윤곽선이 표시됩니다.,
widgets_f1_session_fp1,string,,Practice 1,연습 1,
widgets_f1_session_fp2,string,,Practice 2,연습 2,
widgets_f1_session_fp3,string,,Practice 3,연습 3,
widgets_f1_session_sprint_quali,string,,Sprint qualifying,스프린트 예선,
widgets_f1_session_sprint,string,,Sprint,스프린트,
widgets_f1_session_qualifying,string,,Qualifying,적격,
widgets_f1_session_race,string,,Race,경주,
widgets_f1_flag_green,string,,Track clear,트랙 클리어,
widgets_f1_flag_yellow,string,,Yellow flag,황색기,
widgets_f1_flag_red,string,,Red flag,적기,
widgets_f1_flag_safety_car,string,,Safety car,안전 자동차,
widgets_f1_flag_vsc,string,,Virtual safety car,가상 안전 자동차,
widgets_f1_flag_chequered,string,,Chequered flag,체크무늬 깃발,
widgets_f1_flag_unknown,string,,Not running,실행되지 않음,
cr_widget_f1,string,,Formula 1,포뮬러 1,
cr_widget_f1_description,string,,"Race weekend, standings, and results","레이스 주말, 순위, 결과",
widgets_todo_title,string,,To-Do List,할 일 목록,
widgets_todo_shopping_title,string,,Shopping List,쇼핑 목록,
widgets_todo_subtitle,string,,A shared checklist your family can add to and check off,가족이 추가하고 확인할 수 있는 공유 체크리스트,
widgets_todo_empty,string,,No items yet,아직 항목이 없습니다,
widgets_todo_all_done,string,,All done,모두 완료,
widgets_todo_remaining,string,,%1$d of %2$d left,%1$d/%2$d 남음,keep %1$d %2$d
widgets_todo_remaining_short,string,,%1$d/%2$d,%1$d/%2$d,keep %1$d %2$d
widgets_todo_add_placeholder,string,,Add an item…,항목 추가…,
widgets_todo_read_only,string,,You don't have permission to edit this list.,이 목록을 편집할 권한이 없습니다.,
widgets_todo_filter_active,string,,To do,해야 할 일,
widgets_todo_filter_all,string,,All,전체,
widgets_todo_filter_done,string,,Done,완료,
widgets_todo_clear_completed,string,,Clear completed,클리어 완료,
widgets_todo_completed_section,string,,Completed (%1$d),완료됨(%1$d),keep %1$d
widgets_todo_new_category,string,,New tab,새 탭,
widgets_todo_manage_categories,string,,Manage tabs,탭 관리,
widgets_todo_edit_item,string,,Edit item,항목 수정,
widgets_todo_item_text,string,,Item,목,
widgets_todo_quantity,string,,Quantity,수량,
widgets_todo_category,string,,Category,범주,
widgets_todo_note,string,,Note,메모,
widgets_todo_priority,string,,Priority,우선 사항,
widgets_todo_priority_low,string,,Low,낮음,
widgets_todo_priority_normal,string,,Normal,보통,
widgets_todo_priority_high,string,,High,높음,
widgets_todo_due_date,string,,Due date,마감일,
widgets_todo_clear_due_date,string,,Clear due date,마감일 지우기,
widgets_todo_delete_item,string,,Delete,삭제,
widgets_todo_checked_by,string,,Checked by %1$s,%1$s에 의해 확인됨,keep %1$s
widgets_todo_added_by,string,,Added by %1$s,%1$s에 의해 추가됨,keep %1$s
widgets_todo_tab_general,string,,General,일반,
widgets_todo_tab_permissions,string,,Permissions,권한,
widgets_todo_list_type,string,,List type,목록 유형,
widgets_todo_type_todo,string,,To-do,할 일,
widgets_todo_type_shopping,string,,Shopping,쇼핑,
widgets_todo_sort_mode,string,,Sort order,정렬 순서,
widgets_todo_sort_manual,string,,Manual,수동,
widgets_todo_sort_alphabetical,string,,A–Z,A~Z,
widgets_todo_sort_priority,string,,Priority,우선 사항,
widgets_todo_sort_newest,string,,Newest first,최신순,
widgets_todo_show_completed,string,,Show completed items by default,기본적으로 완료된 항목 표시,
widgets_todo_hero_list,string,,Hero list,영웅 목록,
widgets_todo_hero_list_hint,string,,Show this list's open items on the square card.,이 목록의 열린 항목을 정사각형 카드에 표시합니다.,
widgets_todo_permissions_subtitle,string,,"Choose who can add, check off, or remove items","항목을 추가, 선택, 제거할 수 있는 사람을 선택하세요.",
widgets_todo_perm_everyone,string,,Everyone,모두,
widgets_todo_perm_specific,string,,Specific family members,특정 가족 구성원,
widgets_todo_perm_admin_only,string,,Admins only,관리자만,
widgets_todo_permissions_admin_required,string,,Only an admin can choose specific members,관리자만 특정 구성원을 선택할 수 있습니다.,
widgets_todo_no_users_found,string,,No Home Assistant users found,홈어시스턴트 사용자를 찾을 수 없습니다,don't translate Home Assistant
cr_widget_todo,string,,To-Do List,할 일 목록,
cr_widget_todo_description,string,,"Shared checklist or shopping list, editable by everyone, chosen members, or admins only","모든 사람, 선택된 회원 또는 관리자만 편집할 수 있는 공유 체크리스트 또는 쇼핑 목록",
widgets_find_devices_title,string,,Find my devices,내 장치 찾기,
widgets_find_devices_subtitle,string,,"Devices, map, and appearance","장치, 지도 및 모양",
widgets_find_devices_label,string,,Devices,기기,
widgets_find_select_devices,string,,Select devices,기기 선택,
widgets_find_sources_subtitle,string,,Trackers to show on the map,지도에 표시할 추적기,
widgets_find_gps_help,string,,Any device_tracker or person entity can be added. Those reporting GPS coordinates appear on the map; the rest are still listed with their state.,모든 device_tracker 또는 person 엔터티를 추가할 수 있습니다. 보고된 GPS 좌표가 지도에 표시됩니다. 나머지는 여전히 상태와 함께 나열됩니다.,
widgets_find_my_devices,string,,My devices,내 장치,
widgets_find_filter_all,string,,All,전체,
widgets_find_filter_devices,string,,Devices,기기,
widgets_find_filter_persons,string,,People,사람,
widgets_find_showing_selected,string,,Showing %1$d selected,%1$d 선택됨 표시,keep %1$d
widgets_find_show_all,string,,Show all,모두 표시,
widgets_find_none_in_filter,string,,Nothing of this kind in this widget,이 위젯에는 이런 종류의 것이 없습니다,
widgets_find_refresh,string,,Refresh,새로고침,
widgets_find_summary,string,,%1$d of %2$d home,%2$d 집 중 %1$d,keep %1$d %2$d
widgets_find_no_devices_selected,string,,No devices selected,선택한 기기가 없습니다.,
widgets_find_no_location,string,,None of these devices report a location yet,아직 위치를 보고하는 기기가 없습니다.,
widgets_find_no_gps,string,,No location,위치 없음,
widgets_find_state_home,string,,Home,홈,
widgets_find_state_away,string,,Away,외출,
widgets_find_state_unknown,string,,Unknown,알 수 없음,
cr_widget_find_devices,string,,Find my devices,내 장치 찾기,
cr_widget_find_devices_description,string,,"Map of your phones, tags, and trackers","휴대폰, 태그, 추적기 지도",
widgets_waste_calendar_range,string,,Calendar range,달력 범위,
widgets_waste_calendar_days,string,,%1$d days,%1$d일,keep %1$d
widgets_waste_calendar_range_help,string,,"How far ahead the dialog's calendar looks. It is shown as a week grid, rounded out to whole weeks.",대화상자의 달력이 얼마나 앞서 보이는지입니다. 전체 주로 반올림되어 주 그리드로 표시됩니다.,
widgets_waste_no_collection_on,string,,No collection on %1$s,%1$s에 대한 수집이 없습니다.,keep %1$s
widgets_waste_organic,string,,Organic waste,유기 폐기물,
widgets_waste_packaging,string,,Packaging,포장,
widgets_waste_paper,string,,Paper,종이,
widgets_waste_residual,string,,Residual waste,잔여 폐기물,
widgets_waste_glass,string,,Glass,유리,
widgets_waste_textiles,string,,Textiles,직물,
widgets_waste_plastic,string,,Plastic,플라스틱,
widgets_waste_christmas_trees,string,,Christmas trees,크리스마스 트리,
widgets_waste_bulky,string,,Bulky waste,대형 폐기물,
widgets_waste_duo_bin,string,,Duo bin,듀오빈,
widgets_weather_title,string,,Weather,날씨,
widgets_weather_subtitle,string,,"Entity, card type, and appearance","엔터티, 카드 유형 및 모양",
widgets_weather_style_current,string,,Current weather,현재 날씨,
widgets_weather_style_daily,string,,Daily forecast,일일예보,
widgets_weather_style_hourly,string,,Hourly forecast,시간별 예보,
widgets_weather_style_horizon,string,,Sunrise & sunset horizon,일출 및 일몰 지평선,
widgets_weather_style_wind,string,,Wind compass,바람나침반,
widgets_weather_style_rain_map,string,,Rain map (image URL),비 지도(이미지 URL),
widgets_compass_directions,array,1,N,N,
widgets_compass_directions,array,2,NNE,NNE,
widgets_compass_directions,array,3,NE,NE,
widgets_compass_directions,array,4,ENE,ENE,
widgets_compass_directions,array,5,E,E,
widgets_compass_directions,array,6,ESE,ESE,
widgets_compass_directions,array,7,SE,SE,
widgets_compass_directions,array,8,SSE,SSE,
widgets_compass_directions,array,9,S,S,
widgets_compass_directions,array,10,SSW,SSW,
widgets_compass_directions,array,11,SW,SW,
widgets_compass_directions,array,12,WSW,WSW,
widgets_compass_directions,array,13,W,W,
widgets_compass_directions,array,14,WNW,WNW,
widgets_compass_directions,array,15,NW,NW,
widgets_compass_directions,array,16,NNW,NNW,
widgets_battery_entities,string,,Battery entities,배터리 엔터티,
widgets_battery_settings,string,,Battery settings,배터리 설정,
widgets_battery_empty_view_hint,string,,This battery view is empty. Swipe down on the header and open Battery settings to add entities manually.,이 배터리 보기는 비어 있습니다. 항목을 수동으로 추가하려면 헤더를 아래로 스와이프하고 배터리 설정을 엽니다.,
widgets_battery_levels_title,string,,Battery levels,배터리 수준,
widgets_battery_levels_subtitle,string,,"Thresholds, sources, and appearance","임계값, 소스 및 모양",
widgets_battery_rules,string,,Battery rules,배터리 규칙,
widgets_battery_all,string,,All,전체,
widgets_battery_critical,string,,Critical,위험,
widgets_battery_low,string,,Low,낮음,
widgets_battery_watch,string,,Watch,시청,
widgets_battery_good,string,,Good,양호,
widgets_battery_unknown,string,,Unknown,알 수 없음,
widgets_battery_range_critical,string,,0–10%,0–10%,
widgets_battery_range_low,string,,11–30%,11–30%,
widgets_battery_range_watch,string,,31–50%,31–50%,
widgets_battery_range_good,string,,Above 50%,50% 이상,
widgets_battery_range_unknown,string,,Unavailable or unknown,사용할 수 없거나 알 수 없음,
widgets_battery_no_data,string,,No battery data,배터리 데이터 없음,
widgets_battery_levels_unavailable,string,,Battery levels unavailable,배터리 잔량을 확인할 수 없음,
widgets_battery_levels_healthy,string,,Battery levels look healthy,배터리 잔량이 양호해 보입니다,
widgets_battery_lowest_detail,string,,Lowest: %1$s at %2$d%%,"최저: %1$s, %2$d%%",keep %1$s %2$d
widgets_battery_showing_plus,string,,Showing Battery+ devices,Battery+ 기기 표시 중,
widgets_battery_waiting_levels,string,,Waiting for reported levels,보고된 수준을 기다리는 중,
widgets_battery_lowest,string,,Lowest,최저,
widgets_battery_attention,string,,Attention,주목,
widgets_battery_tracked,string,,Tracked,추적됨,
widgets_battery_level,string,,Level,수준,
widgets_battery_name,string,,Name,이름,
widgets_battery_type,string,,Battery type,배터리 유형,
widgets_battery_entity,string,,Entity,실재,
widgets_battery_quantity,string,,Quantity,수량,
widgets_battery_quantity_short,string,,Qty %1$s,수량 %1$s,keep %1$s
widgets_battery_device_id,string,,Device ID,장치 ID,
widgets_battery_unknown_type,string,,Unknown type,알 수 없는 유형,
widgets_battery_sort_summary,string,,Sort: %1$s,정렬: %1$s,keep %1$s
widgets_battery_no_filters,string,,No filters active,활성화된 필터가 없습니다.,
widgets_battery_collapse_filters,string,,Collapse filters,필터 접기,
widgets_battery_expand_filters,string,,Expand filters,필터 확장,
widgets_battery_low_count,plural,one,%1$d low battery,,needs translation; keep %1$d
widgets_battery_low_count,plural,other,%1$d low batteries,%1$d 배터리 부족,keep %1$d
widgets_battery_critical_count,plural,one,%1$d critical battery,,needs translation; keep %1$d
widgets_battery_critical_count,plural,other,%1$d critical batteries,%1$d 중요 배터리,keep %1$d
widgets_battery_attention_count,plural,one,%1$d battery needs attention,,needs translation; keep %1$d
widgets_battery_attention_count,plural,other,%1$d batteries need attention,%1$d 배터리에 주의가 필요합니다,keep %1$d
widgets_energy_day,string,,Day,낮,
widgets_energy_week,string,,Week,주,
widgets_energy_month,string,,Month,월,
widgets_energy_year,string,,Year,년도,
widgets_energy_this_week,string,,This week,이번주,
widgets_energy_this_month,string,,This month,이번 달,
widgets_energy_this_year,string,,This year,올해,
widgets_energy_today_lower,string,,today,오늘,
widgets_energy_this_week_lower,string,,this week,이번 주,
widgets_energy_this_month_lower,string,,this month,이번 달,
widgets_energy_this_year_lower,string,,this year,올해,
widgets_energy_yesterday_lower,string,,yesterday,어제,
widgets_energy_consumed_solar,string,,Consumed solar,소비된 태양광,
widgets_energy_imported,string,,Imported,수입됨,
widgets_energy_exported,string,,Exported,수출됨,
widgets_energy_phase_number,string,,Phase %1$d,단계 %1$d,keep %1$d
widgets_energy_forecast_number,string,,Forecast %1$d,예측 %1$d,keep %1$d
widgets_energy_ha_forecast,string,,Home Assistant forecast,홈어시스턴트 예측,don't translate Home Assistant
widgets_battery_search,string,,Search devices,기기 검색,
widgets_battery_none,string,,No batteries match that search.,검색어와 일치하는 배터리가 없습니다.,
widgets_battery_open_page,string,,Open battery page,배터리 페이지 열기,
