key,type,item,english,translation,notes
language_title,string,,Language,Idioma,
language_display_title,string,,Display language,Idioma de exibição,
language_display_subtitle,string,,Follows your device by default; choose one to override it,Segue o seu dispositivo por predefinição; escolha um para substituir,
language_system,string,,System default,Predefinição do sistema,
language_selected,string,,Selected,Selecionado,
nav_home,string,,Home,Início,
nav_rooms,string,,Rooms,Divisões,
nav_security,string,,Security,Segurança,
nav_energy,string,,Energy,Energia,
nav_climate,string,,Climate,Clima,
nav_battery,string,,Battery,Bateria,
nav_settings,string,,Settings,Definições,
nav_room_detail,string,,Room Detail,Detalhe da divisão,
settings_title_connection,string,,Connection,Ligação,
settings_title_profile,string,,Profile,Perfil,
settings_title_location,string,,Location,Localização,
settings_title_notifications,string,,Notifications,Notificações,
settings_title_appearance,string,,Appearance,Aparência,
settings_title_header,string,,Header,Cabeçalho,
settings_title_theme,string,,Theme,Tema,
settings_title_fonts,string,,Fonts,Tipos de Letra,
settings_title_corners,string,,Corners,Cantos,
settings_title_icons,string,,Icons,Ícones,
settings_title_nav_bar,string,,Navigation Bar,Barra de Navegação,
settings_title_media_players,string,,Media Players,Leitores Multimédia,
settings_title_dashboard,string,,Dashboard,Painel,
settings_title_family_sharing,string,,Family Sharing,Partilha Familiar,
settings_title_backup_restore,string,,Backup and Restore,Cópia de Segurança e Restauro,
settings_title_account,string,,Account,Conta,
settings_title_about,string,,About HKI 7,Sobre o HKI 7,don't translate HKI 7
settings_title_license,string,,License,Licença,
settings_title_support,string,,Support,Suporte,
settings_subtitle_menu,string,,Everything that shapes your HKI 7 experience,Tudo o que molda a sua experiência HKI 7,don't translate HKI 7
settings_subtitle_account,string,,Your profile and this app installation,O seu perfil e esta instalação da aplicação,
settings_subtitle_profile,string,,Personal details used throughout your dashboard,Dados pessoais utilizados em todo o seu painel,
settings_subtitle_connection,string,,Server routes and local-network preferences,Rotas do servidor e preferências de rede local,
settings_subtitle_location,string,,Presence updates and background access,Atualizações de presença e acesso em segundo plano,
settings_subtitle_dashboard,string,,"Dashboards, tabs, media players, and popups","Painéis, separadores, leitores de multimédia e pop-ups",
settings_subtitle_appearance,string,,Make the dashboard feel like yours,Faça com que o painel pareça seu,
settings_subtitle_corners,string,,"Roundness of buttons, cards, and widgets","Arredondamento de botões, cartões e widgets",
settings_subtitle_icons,string,,Icon animations and per-domain effects,Animações de ícones e efeitos por domínio,
settings_subtitle_header,string,,Choose whether the dashboard header is shown,Escolha se o cabeçalho do painel é mostrado,
settings_subtitle_theme,string,,"Color, contrast, mode, and corner styling","Cor, contraste, modo e estilo dos cantos",
settings_subtitle_fonts,string,,"Size, weight, and typeface readability","Tamanho, peso e legibilidade do tipo de letra",
settings_subtitle_nav_bar,string,,Choose which destinations are always within reach,Escolha quais os destinos sempre acessíveis,
settings_subtitle_media_players,string,,Names and mini-player visibility,Nomes e visibilidade dos mini-leitores,
settings_subtitle_notifications,string,,"Push delivery, history, and service behavior","Entrega push, histórico e comportamento do serviço",
settings_subtitle_backup_restore,string,,Protect or move your dashboard configuration,Proteja ou transfira a configuração do seu painel,
settings_subtitle_family_sharing,string,,"Parental controls, dashboard sharing, and recipient permissions","Controlo parental, partilha do painel e permissões de destinatários",
settings_subtitle_about,string,,"The project, technology, and people behind HKI 7","O projeto, a tecnologia e as pessoas por trás do HKI 7",don't translate HKI 7
settings_subtitle_license,string,,Open-source community core and optional premium materials,Núcleo de comunidade de código aberto e materiais premium opcionais,
settings_subtitle_support,string,,Ways to help HKI 7 grow without buying Premium,Formas de ajudar o HKI 7 a crescer sem comprar o Premium,don't translate HKI 7
notification_channel_general,string,,General,Geral,
location_channel_name,string,,Location sharing,Partilha de localização,
location_notification_title,string,,Home Assistant location,Localização do Home Assistant,don't translate Home Assistant
location_notification_text,string,,Sharing your location with Home Assistant,A partilhar a sua localização com o Home Assistant,don't translate Home Assistant
push_connection_channel_name,string,,Notification connection,Ligação de notificações,
push_connection_notification_title,string,,Connected to Home Assistant,Ligado ao Home Assistant,don't translate Home Assistant
push_connection_notification_text,string,,Listening for notifications,A aguardar notificações,
parcel_title,string,,Parcels,Encomendas,
parcel_generic_carrier,string,,Carrier,Transportadora,
parcel_incoming,string,,Incoming,A chegar,
parcel_delivered,string,,Delivered,Entregue,
parcel_outgoing,string,,Outgoing,A sair,
parcel_letters,string,,Letters,Cartas,
parcel_mail,string,,Mail,Correio,
parcel_summary,string,,%1$d incoming · %2$d outgoing,%1$d a chegar · %2$d a sair,keep %1$d %2$d
parcel_summary_with_letters,string,,%1$d incoming · %2$d outgoing · %3$d letters,%1$d a chegar · %2$d a sair · %3$d cartas,keep %1$d %2$d %3$d
parcel_carrier_summary_with_letters,string,,%1$d incoming · %2$d outgoing · %3$d letters,%1$d a chegar · %2$d a sair · %3$d cartas,keep %1$d %2$d %3$d
parcel_summary_with_letter_count,string,,%1$d incoming · %2$d outgoing · %3$s,%1$d a chegar · %2$d a sair · %3$s,keep %1$d %2$d %3$s
parcel_tracking_history,string,,Tracking history,Histórico de rastreio,
parcel_tracking_history_subtitle,string,,Parcel journey and status updates,Percurso da encomenda e atualizações de estado,
parcel_choose_carrier_account,string,,Choose a carrier account,Escolha uma conta de transportadora,
parcel_tab_count,string,,%1$s (%2$d),%1$s (%2$d),keep %1$s %2$d
parcel_empty_tab,string,,No %1$s parcels.,Sem encomendas de %1$s.,keep %1$s
parcel_no_incoming,string,,No incoming parcels.,Sem encomendas a chegar.,
parcel_no_delivered,string,,No delivered parcels.,Sem encomendas entregues.,
parcel_no_outgoing,string,,No outgoing parcels.,Sem encomendas a sair.,
parcel_stage_registered,string,,Registered,Registada,
parcel_stage_sorting,string,,Sorting,Em triagem,
parcel_stage_on_the_way,string,,On the way,A caminho,
parcel_unknown_status,string,,Unknown status,Estado desconhecido,
parcel_status_in_transit,string,,In transit,Em trânsito,
parcel_status_out_for_delivery,string,,Out for delivery,Em distribuição,
parcel_status_at_pickup_point,string,,Ready at pickup point,Pronta no ponto de recolha,
parcel_status_ready_to_send,string,,Ready to send,Pronta para enviar,
parcel_letter_preview,string,,Letter preview,Pré-visualização da carta,
parcel_carriers,string,,Carriers,Transportadoras,
parcel_track_new,string,,Track a new %1$s parcel by number,Rastreie uma nova encomenda de %1$s por número,keep %1$s
parcel_choose_carrier,string,,Choose a carrier,Escolha uma transportadora,
parcel_settings_subtitle,string,,"Carrier accounts, aggregation, and appearance","Contas de transportadoras, agregação e aparência",
parcel_settings_accounts,string,,Accounts,Contas,
parcel_settings_organization,string,,Organization,Organização,
parcel_settings_appearance,string,,Appearance,Aparência,
action_remove,string,,Remove,Remover,
notification_delete,string,,Delete notification,Eliminar notificação,
notification_mark_all_read,string,,Mark all as read,Marcar todas como lidas,
notification_mark_all_unread,string,,Mark all as unread,Marcar todas como não lidas,
notification_delete_all,string,,Delete all,Eliminar todas,
notification_delete_all_archived,string,,Delete all archived,Eliminar todas as arquivadas,
notification_unread,string,,Unread,Não lida,
notification_history,string,,History,Histórico,
notification_mark_unread,string,,Mark as unread,Marcar como não lida,
notification_mark_read,string,,Mark as read,Marcar como lida,
notification_archive,string,,Archive,Arquivar,
notification_unarchive,string,,Unarchive,Desarquivar,
notification_delete_action,string,,Delete,Eliminar,
entity_search_select_items,string,,Select items,Selecionar itens,
entity_search_choose_one,string,,Search and choose one entity,Pesquise e escolha uma entidade,
entity_search_choose_multiple,string,,Search and select one or more entities,Pesquise e selecione uma ou mais entidades,
global_search_title,string,,Search,Pesquisar,
global_search_subtitle,string,,Find and control any Home Assistant device or entity,Encontre e controle qualquer dispositivo ou entidade do Home Assistant,don't translate Home Assistant
global_search_clear,string,,Clear search,Limpar pesquisa,
global_search_no_devices,string,,No matching devices.,Nenhum dispositivo correspondente.,
global_search_no_entities,string,,No matching entities.,Nenhuma entidade correspondente.,
security_title,string,,Security,Segurança,
security_subtitle,string,,Home status and activity,Estado e atividade da casa,
security_settings,string,,Security settings,Definições de segurança,
security_entities,string,,Security entities,Entidades de segurança,
security_reimport,string,,Re-import,Reimportar,
security_group_doors,string,,Doors,Portas,
security_group_doors_subtitle,string,,Door contacts,Contactos de porta,
security_group_windows,string,,Windows,Janelas,
security_group_windows_subtitle,string,,Window contacts,Contactos de janela,
security_group_openings,string,,Openings,Aberturas,
security_group_openings_subtitle,string,,Garage doors and other openings,Portas de garagem e outras aberturas,
security_group_garage_doors,string,,Garage doors,Portas de garagem,
security_group_garage_doors_subtitle,string,,Garage door covers,Estores de porta de garagem,
security_group_covers,string,,Covers,Estores,
security_group_covers_subtitle,string,,"Blinds, shutters, and gates","Estores, persianas e portões",
security_group_locks,string,,Locks,Fechaduras,
security_group_locks_subtitle,string,,Door and gate locks,Fechaduras de portas e portões,
security_group_motion,string,,Motion,Movimento,
security_group_motion_subtitle,string,,Motion detection,Deteção de movimento,
security_group_presence,string,,Presence,Presença,
security_group_presence_subtitle,string,,Occupancy sensors,Sensores de ocupação,
security_group_fire,string,,Fire and temperature,Fogo e temperatura,
security_group_fire_subtitle,string,,"Fire, heat, cold, and safety alarms","Alarmes de incêndio, calor, frio e segurança",
security_group_smoke,string,,Smoke,Fumo,
security_group_smoke_subtitle,string,,Smoke detectors,Detetores de fumo,
security_group_gas,string,,Gas,Gás,
security_group_gas_subtitle,string,,Combustible gas sensors,Sensores de gás combustível,
security_group_co2,string,,CO / CO₂,CO / CO₂,
security_group_co2_subtitle,string,,Carbon monoxide and carbon dioxide sensors,Sensores de monóxido e dióxido de carbono,
security_group_moisture,string,,Leaks,Fugas,
security_group_moisture_subtitle,string,,Moisture and water leaks,Humidade e fugas de água,
security_group_sound,string,,Sound,Som,
security_group_sound_subtitle,string,,Sound and glass-break sensors,Sensores de som e quebra de vidro,
security_group_light,string,,Light detection,Deteção de luz,
security_group_light_subtitle,string,,Light and beam sensors,Sensores de luz e feixe,
security_group_alarms,string,,Alarm systems,Sistemas de alarme,
security_group_alarms_subtitle,string,,Alarm control panels,Painéis de controlo de alarme,
security_group_cameras,string,,Cameras,Câmaras,
security_group_cameras_subtitle,string,,Camera feeds,Imagens das câmaras,
security_no_search_active,string,,No search active · %1$s,Sem pesquisa ativa · %1$s,keep %1$s
security_status_alert,string,,Security alert,Alerta de segurança,
security_status_alarm_pending,string,,Alarm pending,Alarme pendente,
security_status_changing_alarm,string,,Changing alarm mode,A alterar o modo do alarme,
security_status_needs_attention,string,,Needs attention,Requer atenção,
security_status_motion,string,,Motion detected,Movimento detetado,
security_status_sensor_activity,string,,Sensor activity,Atividade dos sensores,
security_status_alarm_unavailable,string,,Alarm unavailable,Alarme indisponível,
security_status_devices_unavailable,string,,Devices unavailable,Dispositivos indisponíveis,
security_status_cameras_offline,string,,Cameras offline,Câmaras offline,
security_status_all_secure,string,,All secure,Tudo seguro,
security_status_alarm_disarmed,string,,Alarm disarmed,Alarme desativado,
security_status_all_clear,string,,All clear,Tudo sem alertas,
security_status_no_data,string,,No security data,Sem dados de segurança,
security_metric_openings,string,,Openings,Aberturas,
security_metric_locked,string,,Locked,Trancadas,
security_metric_cameras_online,string,,Cameras online,Câmaras em linha,
security_card_title,string,,Security card,Cartão de segurança,
security_card_subtitle,string,,"Name, layout, and card appearance","Nome, disposição e aparência do cartão",
security_stat_total,string,,Total,Total,
security_stat_active,string,,Active,Ativo,
security_stat_clear,string,,Clear,Sem alertas,
security_cover_open,string,,Open,Abrir,
security_cover_stop,string,,Stop,Parar,
security_cover_close,string,,Close,Fechar,
security_restore,string,,Restore,Restaurar,
security_empty,string,,This is an empty security view. Swipe down on the header and open Security settings to add entities manually.,Esta é uma vista de segurança vazia. Deslize para baixo no cabeçalho e abra as definições de Segurança para adicionar entidades manualmente.,
connection_stopping_for_restart,string,,Stopping for restart…,A parar para reiniciar…,
connection_starting,string,,Home Assistant is starting…,O Home Assistant está a iniciar…,don't translate Home Assistant
connection_restoring_dashboard,string,,Restoring your dashboard…,A restaurar o seu painel…,
connection_restarting,string,,Home Assistant is restarting…,O Home Assistant está a reiniciar…,don't translate Home Assistant
connection_auto_generating,string,,Auto-generating rooms and widgets…,A gerar automaticamente divisões e widgets…,
connection_reconnecting,string,,Reconnecting to Home Assistant…,A religar ao Home Assistant…,don't translate Home Assistant
connection_unavailable_retrying,string,,Unavailable · Retrying…,Indisponível · A tentar novamente…,
connection_paused,string,,Connection paused,Ligação em pausa,
connection_connected,string,,Connected,Ligado,
connection_server_not_found,string,,Server address could not be found,Não foi possível encontrar o endereço do servidor,
connection_timed_out,string,,Connection timed out,Tempo limite da ligação excedido,
connection_no_route,string,,No network route to Home Assistant,Sem rota de rede para o Home Assistant,don't translate Home Assistant
connection_could_not_connect,string,,Could not connect to Home Assistant,Não foi possível ligar ao Home Assistant,don't translate Home Assistant
connection_secure_failed,string,,Secure connection failed,Falha na ligação segura,
connection_session_expired_refreshing,string,,Session expired · Refreshing login…,Sessão expirada · A atualizar sessão…,
connection_interrupted,string,,Connection was interrupted,A ligação foi interrompida,
connection_error_title,string,,Connection error,Erro de ligação,
connection_all_systems_normal,string,,All systems normal,Todos os sistemas normais,
action_undo,string,,Undo,Desfazer,
action_redo,string,,Redo,Refazer,
connection_route_local,string,,Local,Local,
connection_route_nabu_casa,string,,Nabu Casa,Nabu Casa,don't translate Nabu Casa
connection_route_external,string,,External,Externa,
settings_connection_via,string,,Connected via %1$s,Ligado via %1$s,keep %1$s
settings_connection_unknown,string,,Unknown,Desconhecido,
settings_connection_connecting,string,,Connecting…,A ligar…,
settings_this_home,string,,this home,esta casa,
settings_current_wifi,string,,Current Wi-Fi,Wi-Fi atual,
settings_wifi_unavailable,string,,Not connected or location permission is missing,Não ligado ou a permissão de localização está em falta,
settings_just_now,string,,just now,agora mesmo,
settings_primary_app_language,string,,Primary application language,Idioma principal da aplicação,
settings_android_build_configuration,string,,Android resources and build configuration,Recursos Android e configuração de compilação,
page_settings_default_title,string,,Page settings,Definições da página,
page_settings_choose_area,string,,Choose an area to configure,Escolha uma área para configurar,
page_settings_focused_options,string,,Focused options for this page area,Opções específicas para esta área da página,
page_settings_header_description,string,,Wallpaper and custom header color,Papel de parede e cor personalizada do cabeçalho,
page_settings_custom_page_description,string,,"Name, subtitle, and navigation icon","Nome, subtítulo e ícone de navegação",
page_settings_badge_bar,string,,Badge bar,Barra de emblemas,
page_settings_badge_description,string,,"Visibility, alignment, and display options","Visibilidade, alinhamento e opções de exibição",
page_settings_persons,string,,Persons,Pessoas,
page_settings_persons_description,string,,Visibility and ordering,Visibilidade e ordenação,
page_settings_configure,string,,Configure,Configurar,
room_config_title,string,,Room configuration,Configuração da divisão,
header_pill_left,string,,Left header pill,Cápsula esquerda do cabeçalho,
header_pill_right,string,,Right header pill,Cápsula direita do cabeçalho,
alignment_split,string,,Split,Dividir,
alignment_center,string,,Center,Centro,
weather_cloudy,string,,Cloudy,Nublado,
home_default_markdown_content,string,,# Markdown\nOpen this widget's settings in **edit mode** to write your own content.,# Markdown\nAbra as definições deste widget no **modo de edição** para escrever o seu próprio conteúdo.,\n = line break
home_settings_title,string,,Home settings,Definições da página inicial,
custom_page_settings_title,string,,%1$s settings,Definições de %1$s,keep %1$s
home_empty,string,,This is the homepage. Add widgets by swiping down on the header and enabling edit mode.,Esta é a página inicial. Adicione widgets deslizando para baixo no cabeçalho e ativando o modo de edição.,
custom_page_empty,string,,This page is empty. Add widgets by swiping down on the header and enabling edit mode.,Esta página está vazia. Adicione widgets deslizando para baixo no cabeçalho e ativando o modo de edição.,
select_camera_title,string,,Select camera,Selecionar câmara,
select_entity_title,string,,Select entity,Selecionar entidade,
custom_camera_default_name,string,,Custom camera,Câmara personalizada,
rooms_settings_title,string,,Rooms settings,Definições de divisões,
rooms_empty,string,,The rooms view is empty. Swipe down on the header and enable edit mode to add floors and rooms.,A vista de divisões está vazia. Deslize para baixo no cabeçalho e ative o modo de edição para adicionar pisos e divisões.,
floor_expand,string,,Expand floor,Expandir piso,
floor_collapse,string,,Collapse floor,Colapsar piso,
floor_settings_title,string,,Floor,Piso,
floor_settings_subtitle,string,,"Identity, layout, and card style","Identidade, disposição e estilo do cartão",
universal_cover_status,string,,%1$d%% · %2$s,%1$d%% · %2$s,keep %1$d %2$s
universal_effects,string,,Effects,Efeitos,
universal_open_door,string,,Open door,Abrir porta,
universal_vacuum_dock,string,,Dock,Base de carregamento,
universal_start,string,,Start,Iniciar,
universal_pause,string,,Pause,Pausar,
universal_stop,string,,Stop,Parar,
universal_locate,string,,Locate,Localizar,
universal_room_number,string,,Room %1$d,Divisão %1$d,keep %1$d
core_optional_display_name,string,,Optional display name override,Substituir nome apresentado (opcional),
core_media_paused_track,string,,Paused: %1$s,Em pausa: %1$s,keep %1$s
core_percent_value,string,,%1$d percent,%1$d por cento,keep %1$d
core_current_humidity,string,,Current humidity,Humidade atual,
core_tank_water_level,string,,Tank / water level,Depósito / nível de água,
core_pm25,string,,PM2.5,"PM2,5",
core_error_code,string,,Error code,Código de erro,
core_bucket_full,string,,Bucket full,Depósito cheio,
core_clean_filter,string,,Clean filter,Limpar filtro,
core_ionizer,string,,Ionizer,Ionizador,
core_pump,string,,Pump,Bomba,
core_beep_on_command,string,,Beep on command,Sinal sonoro ao comando,
core_dawn,string,,Dawn,Amanhecer,
core_solar_noon,string,,Solar noon,Meio-dia solar,
core_dusk,string,,Dusk,Anoitecer,
core_icon_category_common,string,,Common,Comum,
core_icon_category_home,string,,Home,Casa,
core_icon_category_weather,string,,Weather,Meteorologia,
core_icon_category_lock,string,,Lock,Fechadura,
core_icon_category_people,string,,People,Pessoas,
core_icon_category_auto,string,,Automotive,Automóvel,
core_icon_category_music,string,,Music,Música,
core_icon_category_battery,string,,Battery,Bateria,
core_icon_category_nature,string,,Nature,Natureza,
core_icon_category_places,string,,Places,Locais,
core_icon_category_food,string,,Food,Alimentação,
core_icon_category_navigation,string,,Navigation,Navegação,
core_icon_category_devices,string,,Devices,Dispositivos,
core_icon_category_map,string,,Map,Mapa,
core_icon_category_media,string,,Media,Multimédia,
core_icon_category_communication,string,,Communication,Comunicação,
core_icon_category_health,string,,Health,Saúde,
core_icon_category_vehicles,string,,Vehicles,Veículos,
core_icon_category_buildings,string,,Buildings,Edifícios,
core_icon_category_electrical,string,,Electrical,Elétrico,
core_icon_category_sport,string,,Sport,Desporto,
core_icon_category_objects,string,,Objects,Objetos,
core_icon_category_commerce,string,,Commerce,Comércio,
core_icon_category_games,string,,Games,Jogos,
core_icon_category_finance,string,,Finance,Finanças,
background_notification_channel_general,string,,General,Geral,
background_location_channel_name,string,,Location sharing,Partilha de localização,
background_location_channel_description,string,,Keeps your device location up to date in Home Assistant,Mantém a localização do dispositivo atualizada no Home Assistant,don't translate Home Assistant
background_location_notification_title,string,,Home Assistant location sharing,Partilha de localização do Home Assistant,don't translate Home Assistant
background_location_notification_text,string,,Sharing your location with Home Assistant,A partilhar a sua localização com o Home Assistant,don't translate Home Assistant
background_push_channel_name,string,,Notification connection,Ligação de notificações,
background_push_channel_description,string,,Keeps a background connection to Home Assistant for instant notifications,Mantém uma ligação em segundo plano ao Home Assistant para notificações instantâneas,don't translate Home Assistant
background_push_notification_title,string,,Connected to Home Assistant,Ligado ao Home Assistant,don't translate Home Assistant
background_push_notification_text,string,,Waiting for notifications,A aguardar notificações,
background_push_hide_action,string,,Hide this notification,Ocultar esta notificação,
button_style_centered,string,,Centered,Centralizado,
button_elements,string,,Elements,Elementos,
button_elements_description,string,,What appears on this button. Hide the name and state for an icon on its own.,O que aparece neste botão. Oculte você mesmo o nome e o estado de um ícone.,
stack_elements_title,string,,Elements on every button in this stack,Elementos em cada botão desta pilha,
stack_elements_description,string,,"These apply to the whole stack, not to one button. Turning something off here hides it on every button in the stack; leaving it on lets each button decide for itself in its own settings.","Aplicam-se a toda a pilha, não a um botão. Desativar algo aqui oculta todos os botões da pilha; deixá-lo ativado permite que cada botão decida por si próprio nas suas próprias definições.",
button_element_icon,string,,Icon,Ícone,
button_element_name,string,,Name,Nome,
button_element_state,string,,State,Estado,
stack_show_title,string,,Show name,Mostrar nome,
stack_show_title_description,string,,Turn off for a stack with no heading at all.,Desligue para uma pilha sem qualquer título.,
stack_show_icon,string,,Show icon,Mostrar ícone,
stack_show_icon_description,string,,The icon beside the heading.,O ícone junto ao título.,
stack_center_title,string,,Center the heading,Centralizar o título,
stack_center_title_description,string,,Puts the icon and name in the middle instead of against the left edge.,"Coloca o ícone e o nome no meio, em vez de na margem esquerda.",
cr_state_on,string,,On,Ligado,
cr_state_off,string,,Off,Desligado,
cr_open,string,,Open,Aberto,
cr_close,string,,Close,Fechar,
cr_stop,string,,Stop,Parar,
cr_closed,string,,Closed,Fechado,
cr_opening,string,,Opening,A abrir,
cr_closing,string,,Closing,A fechar,
cr_locked,string,,Locked,Trancado,
cr_unlocked,string,,Unlocked,Destrancado,
cr_unavailable,string,,Unavailable,Indisponível,
cr_unknown,string,,Unknown,Desconhecido,
cr_idle,string,,Idle,Inativo,
cr_home,string,,Home,Em casa,
cr_away,string,,Away,Ausente,
cr_cleaning,string,,Cleaning,A limpar,
cr_returning,string,,Returning,A regressar,
cr_paused,string,,Paused,Em pausa,
cr_error,string,,Error,Erro,
cr_playing,string,,Playing,A reproduzir,
cr_buffering,string,,Buffering,Em buffer,
cr_standby,string,,Standby,Em espera,
cr_humidifying,string,,Humidifying,A humidificar,
cr_drying,string,,Drying,A secar,
cr_detected,string,,Detected,Detetado,
cr_clear,string,,Clear,Limpar,
cr_problem,string,,Problem,Problema,
cr_ok,string,,OK,OK,
cr_low,string,,Low,Baixo,
cr_normal,string,,Normal,Normal,
cr_connected,string,,Connected,Ligado,
cr_disconnected,string,,Disconnected,Desligado,
cr_plugged_in,string,,Plugged in,Ligado à corrente,
cr_unplugged,string,,Unplugged,Desligado da corrente,
cr_wet,string,,Wet,Molhado,
cr_dry,string,,Dry,Seco,
cr_none,string,,None,Nenhum,
cr_any,string,,Any,Qualquer,
cr_remove,string,,Remove,Remover,
cr_restore,string,,Restore,Restaurar,
cr_general,string,,General,Geral,
cr_identity,string,,Identity,Identidade,
cr_appearance,string,,Appearance,Aparência,
cr_layout,string,,Layout,Disposição,
cr_behavior,string,,Behavior,Comportamento,
cr_profiles,string,,Profiles,Perfis,
cr_playback,string,,Playback,Reprodução,
cr_content,string,,Content,Conteúdo,
cr_actions,string,,Actions,Ações,
cr_protection,string,,Protection,Proteção,
cr_power,string,,Power,Energia,
cr_brightness,string,,Brightness,Brilho,
cr_temperature,string,,Temperature,Temperatura,
cr_color,string,,Color,Cor,
cr_min,string,,Min,Mín.,
cr_avg,string,,Avg,Méd.,
cr_max,string,,Max,Máx.,
cr_now,string,,Now,Agora,
cr_lowest,string,,Lowest,Mínimo,
cr_average,string,,Average,Média,
cr_highest,string,,Highest,Máximo,
cr_live,string,,Live,Ao vivo,
cr_once,string,,Once,Uma vez,
cr_daily,string,,Daily,Diariamente,
cr_weekly,string,,Weekly,Semanalmente,
cr_monthly,string,,Monthly,Mensalmente,
cr_yearly,string,,Yearly,Anualmente,
cr_action_tap,string,,Tap,Toque,
cr_action_double_tap,string,,Double tap,Toque duplo,
cr_action_hold,string,,Hold,Manter premido,
cr_mode,string,,Mode,Modo,
cr_mode_auto,string,,Auto,Auto,
cr_mode_heat,string,,Heat,Calor,
cr_mode_cool,string,,Cool,Frio,
cr_mode_heat_cool,string,,Heat/cool,Calor/frio,
cr_mode_dry,string,,Dry,Seco,
cr_mode_fan_only,string,,Fan only,Apenas ventoinha,
cr_mode_low,string,,Low,Baixo,
cr_mode_medium,string,,Medium,Médio,
cr_mode_high,string,,High,Alto,
cr_mode_quiet,string,,Quiet,Silencioso,
cr_mode_boost,string,,Boost,Reforço,
cr_mode_eco,string,,Eco,Eco,
cr_mode_sleep,string,,Sleep,Suspensão,
cr_mode_manual,string,,Manual,Manual,
cr_mode_vertical,string,,Vertical,Vertical,
cr_mode_horizontal,string,,Horizontal,Horizontal,
cr_mode_both,string,,Both,Ambos,
cr_mode_up,string,,Up,Cima,
cr_mode_down,string,,Down,Baixo,
cr_mode_center,string,,Center,Centro,
cr_mode_left,string,,Left,Esquerda,
cr_mode_right,string,,Right,Direita,
cr_climate_fan,string,,Fan,Ventoinha,
cr_climate_vertical_airflow,string,,Vertical airflow,Fluxo de ar vertical,
cr_climate_horizontal_airflow,string,,Horizontal airflow,Fluxo de ar horizontal,
cr_climate_preset,string,,Preset,Predefinição,
cr_fan_speed,string,,Fan speed,Velocidade da ventoinha,
cr_speed,string,,Speed,Velocidade,
cr_lower_target,string,,Lower target,Baixar objetivo,
cr_raise_target,string,,Raise target,Subir objetivo,
cr_climate_temperature,string,,Temperature,Temperatura,
cr_climate_all_temperature_sensors,string,,All temperature sensors,Todos os sensores de temperatura,
cr_climate_outside,string,,Outside,Exterior,
cr_climate_outside_summary,string,,"Outdoor temperature, humidity, and pressure","Temperatura, humidade e pressão exteriores",
cr_climate_humidity,string,,Humidity,Humidade,
cr_climate_all_humidity_sensors,string,,All humidity sensors,Todos os sensores de humidade,
cr_climate_air_pressure,string,,Air pressure,Pressão do ar,
cr_climate_all_pressure_sensors,string,,All air-pressure sensors,Todos os sensores de pressão do ar,
cr_climate_co2,string,,CO₂,CO₂,
cr_climate_carbon_dioxide_sensors,string,,Carbon-dioxide sensors,Sensores de dióxido de carbono,
cr_climate_air_quality,string,,Air quality,Qualidade do ar,
cr_climate_air_quality_summary,string,,"Particulates, AQI, VOCs, and gases","Partículas, IQA, COV e gases",
cr_climate_entities,string,,Climate entities,Entidades de clima,
cr_climate_settings,string,,Climate settings,Definições de clima,
cr_empty_climate_view,string,,No climate data is available yet.,Ainda não há dados de clima disponíveis.,
cr_climate_fans,string,,Fans,Ventoinhas,
cr_climate_air_purifiers,string,,Air purifiers,Purificadores de ar,
cr_climate_humidifiers,string,,Humidifiers,Humidificadores,
cr_temperature_sensors,string,,Temperature sensors,Sensores de temperatura,
cr_devices_active,string,,Devices active,Dispositivos ativos,
cr_active_of_total,string,,%1$d of %2$d active,%1$d de %2$d ativos,keep %1$d %2$d
cr_no_search_active,string,,No active search · %1$s,Nenhuma pesquisa ativa · %1$s,keep %1$s
cr_collapse_search,string,,Collapse search,Reduzir pesquisa,
cr_expand_search,string,,Expand search,Expandir pesquisa,
cr_custom_order,string,,Custom order,Ordem personalizada,
cr_name_a_z,string,,Name A–Z,Nome A–Z,
cr_name_z_a,string,,Name Z–A,Nome Z–A,
cr_climate_device,string,,Climate device,Dispositivo de clima,
cr_climate_device_subtitle,string,,"Name, icon, card style, and width","Nome, ícone, estilo do cartão e largura",
cr_widget_requires_f1,string,,"Needs the F1 Sensor integration, which was not found on your Home Assistant","Necessita da integração do Sensor F1, que não foi encontrada no seu Home Assistant",don't translate Home Assistant
cr_widget_requires_parcels,string,,"Needs a parcel integration, and none was found on your Home Assistant",Necessita de integração de pacotes e nada foi encontrado no seu Home Assistant,don't translate Home Assistant
cr_widget_requires_waste,string,,"Needs a waste collection integration, and none was found on your Home Assistant",Necessita de uma integração de recolha de lixo e nada foi encontrado no seu Home Assistant,don't translate Home Assistant
cr_people_here_title,string,,Who is here,Quem está aqui,
cr_people_here_empty,string,,Nobody is being tracked in this room right now.,Ninguém está a ser rastreado nesta sala agora.,
cr_people_here_unknown_room,string,,Room unknown,Quarto desconhecido,
cr_button_exclude_counters,string,,Leave out of counters,Deixe de fora dos contadores,
cr_button_exclude_counters_hint,string,,"Keep the button, but stop it counting towards this room’s Lights and Devices totals","Mantenha o botão pressionado, mas pare a contagem para o total de Luzes e Dispositivos desta sala",
cr_count_with_average,string,,%1$s · avg %2$s%3$s,%1$s · méd. %2$s%3$s,keep %1$s %2$s %3$s
cr_outside_temperature,string,,Outside temperature,Temperatura exterior,
cr_outside_humidity,string,,Outside humidity,Humidade exterior,
cr_outside_pressure,string,,Outside pressure,Pressão exterior,
cr_outside_air_pressure,string,,Outside air pressure,Pressão do ar exterior,
cr_no_sensors_found_for,string,,No %1$s sensors found.,Nenhum sensor de %1$s encontrado.,keep %1$s
cr_climate_control,string,,Climate control,Controlo de clima,
cr_thermostat_dial,string,,Thermostat dial,Mostrador do termóstato,
cr_width_third,string,,Third,Terço,
cr_width_half,string,,Half,Metade,
cr_width_full,string,,Full,Completa,
cr_select_item,string,,Select %1$s,Selecionar %1$s,keep %1$s
cr_set_outdoor_sensors,string,,"Set outdoor temperature, humidity, and pressure","Definir temperatura, humidade e pressão exteriores",
cr_auto_discovered_device_class,string,,Discovered automatically by device class,Descoberto automaticamente por classe de dispositivo,
cr_auto_discovered_climate_devices,string,,Climate devices discovered automatically,Dispositivos de clima descobertos automaticamente,
cr_pick_fan_entities_as_purifiers,string,,Choose fan entities to use as air purifiers,Escolha entidades de ventoinha para usar como purificadores de ar,
cr_auto_discovered_humidifier_devices,string,,Humidifier devices discovered automatically,Dispositivos de humidificador descobertos automaticamente,
cr_removed_entities,string,,Removed entities,Entidades removidas,
cr_entities_removed_edit_mode,string,,Entities removed in edit mode,Entidades removidas no modo de edição,
cr_card_indoor_climate_overview,string,,Indoor climate overview,Visão geral do clima interior,
cr_card_sensor_device_tiles,string,,Sensor and device tiles,Blocos de sensores e dispositivos,
cr_card_thermostats_ac,string,,Thermostats and AC,Termóstatos e AC,
cr_card_temperature_summary,string,,Temperature summary,Resumo da temperatura,
cr_card_humidity_summary,string,,Humidity summary,Resumo da humidade,
cr_card_air_pressure_summary,string,,Air-pressure summary,Resumo da pressão do ar,
cr_card_co2_summary,string,,CO₂ summary,Resumo de CO₂,
cr_card_air_quality_summary,string,,Air-quality summary,Resumo da qualidade do ar,
cr_category_overview,string,,Overview,Visão geral,
cr_category_devices,string,,Devices,Dispositivos,
cr_category_sensors,string,,Sensors,Sensores,
cr_no_climate_sensors_devices,string,,No climate sensors or devices found.,Nenhum sensor ou dispositivo de clima encontrado.,
cr_no_climate_devices,string,,No climate devices found. Thermostats and AC units from Home Assistant appear here automatically.,Nenhum dispositivo de clima encontrado. Termóstatos e unidades de AC do Home Assistant aparecem aqui automaticamente.,don't translate Home Assistant
cr_no_fans,string,,No fans found. Fan entities from Home Assistant appear here automatically.,Nenhuma ventoinha encontrada. As entidades de ventoinha do Home Assistant aparecem aqui automaticamente.,don't translate Home Assistant
cr_no_air_purifiers,string,,No air purifiers configured. Choose fan entities under Climate settings → Climate entities → Air purifiers.,Nenhum purificador de ar configurado. Escolha entidades de ventoinha em Definições de clima → Entidades de clima → Purificadores de ar.,
cr_no_humidifiers,string,,No humidifiers found. Humidifier entities from Home Assistant appear here automatically.,Nenhum humidificador encontrado. As entidades de humidificador do Home Assistant aparecem aqui automaticamente.,don't translate Home Assistant
cr_unknown_climate_card,string,,Unknown climate card: %1$s,Cartão de clima desconhecido: %1$s,keep %1$s
cr_select_climate_cards,string,,Select climate cards,Selecionar cartões de clima,
cr_entities_for,string,,%1$s entities,Entidades de %1$s,keep %1$s
cr_climate_card,string,,Climate card,Cartão de clima,
cr_climate_card_dialog_subtitle,string,,Data sources and card appearance,Fontes de dados e aparência do cartão,
cr_card_and_data,string,,Card and data,Cartão e dados,
cr_climate_stack,string,,Climate stack,Pilha de clima,
cr_climate_stack_dialog_subtitle,string,,"Cards, data sources, and layout","Cartões, fontes de dados e disposição",
cr_cards_and_data,string,,Cards and data,Cartões e dados,
cr_sensor_count,plural,one,%d sensor,%d sensor,keep %d
cr_sensor_count,plural,other,%d sensors,%d sensores,keep %d
cr_device_count_on,plural,one,%1$d device · %2$d on,%1$d dispositivo · %2$d ligado,keep %1$d %2$d
cr_device_count_on,plural,other,%1$d devices · %2$d on,%1$d dispositivos · %2$d ligados,keep %1$d %2$d
cr_outside_sensors_set,plural,one,%d outside sensor set,%d sensor exterior definido,keep %d
cr_outside_sensors_set,plural,other,%d outside sensors set,%d sensores exteriores definidos,keep %d
cr_auto_plus_manual,plural,one,Automatic + %d manual,Automático + %d manual,keep %d
cr_auto_plus_manual,plural,other,Automatic + %d manual,Automático + %d manual,keep %d
cr_selected_count,plural,one,%d selected,%d selecionado,keep %d
cr_selected_count,plural,other,%d selected,%d selecionados,keep %d
cr_removed_count,plural,one,%d removed,%d removido,keep %d
cr_removed_count,plural,other,%d removed,%d removidos,keep %d
cr_room,string,,Room,Divisão,
cr_room_details,string,,Room details,Detalhes da divisão,
cr_empty_room,string,,"This room is empty. Swipe down on the header, enable edit mode, and add widgets, buttons, or tiles.","Esta divisão está vazia. Deslize para baixo no cabeçalho, ative o modo de edição e adicione widgets, botões ou blocos.",
cr_default_markdown_content,string,,# Markdown\nOpen this widget in **edit mode** to write your own content.,# Markdown\nAbra este widget no **modo de edição** para escrever o seu próprio conteúdo.,\n = line break
cr_select_camera,string,,Select camera,Selecionar câmara,
cr_select_entity,string,,Select entity,Selecionar entidade,
cr_custom_camera,string,,Custom camera,Câmara personalizada,
cr_configure_widget,string,,Configure widget,Configurar widget,
cr_configure_widget_subtitle,string,,Set the essentials before adding it,Defina o essencial antes de o adicionar,
cr_widget_options,string,,Widget options,Opções do widget,
cr_widget_options_subtitle,string,,Choose what this widget should display,Escolha o que este widget deve mostrar,
cr_add_widget,string,,Add widget,Adicionar widget,
cr_add_widget_subtitle,string,,Browse by purpose or search every widget,Procure por finalidade ou pesquise todos os widgets,
cr_category_with_options,string,,%1$s · %2$s,%1$s · %2$s,keep %1$s %2$s
cr_widget_category_controls,string,,Controls,Controlos,
cr_widget_category_controls_description,string,,"Buttons, vacuums, and grouped controls","Botões, aspiradores e controlos agrupados",
cr_widget_category_cameras,string,,Cameras,Câmaras,
cr_widget_category_cameras_description,string,,Live camera tiles and multi-camera views,Blocos de câmara ao vivo e vistas multicâmara,
cr_widget_category_climate,string,,Climate and weather,Clima e meteorologia,
cr_widget_category_climate_description,string,,"Temperature, comfort, forecasts, and conditions","Temperatura, conforto, previsões e condições",
cr_widget_category_energy,string,,Energy and batteries,Energia e baterias,
cr_widget_category_energy_description,string,,"Consumption, production, and device health","Consumo, produção e estado dos dispositivos",
cr_widget_category_information,string,,Information and media,Informação e média,
cr_widget_category_information_description,string,,"Calendars, deliveries, graphs, notes, and playback","Calendários, encomendas, gráficos, notas e reprodução",
cr_widget_category_layout,string,,Layout and structure,Disposição e estrutura,
cr_widget_category_layout_description,string,,Headings and flexible widget containers,Títulos e contentores de widgets flexíveis,
cr_widget_adaptive_lighting,string,,Adaptive Lighting,Iluminação Adaptativa,
cr_widget_adaptive_lighting_description,string,,Control any installed Adaptive Lighting profile,Controle qualquer perfil de Iluminação Adaptativa instalado,
cr_widget_button,string,,Button,Botão,
cr_widget_button_description,string,,A single configurable entity control,Um único controlo de entidade configurável,
cr_widget_buttons,string,,Buttons,Botões,
cr_widget_calendar,string,,Calendar,Calendário,
cr_widget_calendar_description,string,,"Agenda, week, and month views from Home Assistant calendars","Vistas de agenda, semana e mês a partir de calendários do Home Assistant",don't translate Home Assistant
cr_widget_waste_collection,string,,Waste collection,Recolha de resíduos,
cr_widget_waste_collection_description,string,,Upcoming collections from waste sensors,Próximas recolhas de sensores de resíduos,
cr_widget_parcels,string,,Parcels,Encomendas,
cr_widget_parcels_description,string,,Incoming and outgoing parcels from supported carriers,Encomendas a chegar e a sair de transportadoras suportadas,
cr_widget_camera,string,,Camera,Câmara,
cr_widget_camera_description,string,,A single live camera tile or stream URL,Um único bloco de câmara ao vivo ou URL de transmissão,
cr_widget_cameras,string,,Cameras,Câmaras,
cr_widget_climate_card,string,,Climate card,Cartão de clima,
cr_widget_climate_card_description,string,,Any card from the Climate view,Qualquer cartão da vista de Clima,
cr_widget_energy_card,string,,Energy card,Cartão de energia,
cr_widget_energy_card_description,string,,Any card from the Energy view,Qualquer cartão da vista de Energia,
cr_widget_battery_levels,string,,Battery levels,Níveis de bateria,
cr_widget_battery_levels_description,string,,"Low batteries, or Battery+ only with type details","Baterias fracas, ou apenas Battery+ com detalhes de tipo",
cr_widget_header_text,string,,Header text,Texto de cabeçalho,
cr_widget_header_text_description,string,,Add a section heading,Adicione um título de secção,
cr_widget_markdown,string,,Markdown,Markdown,
cr_widget_markdown_description,string,,A free-form card written in Markdown,Um cartão livre escrito em Markdown,
cr_widget_iframe,string,,iFrame,iFrame,
cr_widget_iframe_description,string,,Embed any web page on your dashboard,Incorpore qualquer página web no seu painel,
cr_widget_media_player,string,,Media player,Leitor de média,
cr_widget_media_player_description,string,,Now-playing tile with album art as the background,Bloco de reprodução atual com a capa do álbum como fundo,
cr_widget_sensor_graph,string,,Sensor graph,Gráfico de sensor,
cr_widget_sensor_graph_description,string,,"History graph for one or more sensors, as lines or bars","Gráfico do histórico de um ou mais sensores, em linhas ou barras",
cr_widget_vacuum,string,,Vacuum,Aspirador,
cr_widget_vacuum_description,string,,A single robot-vacuum control,Um único controlo de aspirador robô,
cr_widget_weather,string,,Weather,Meteorologia,
cr_widget_weather_description,string,,A single weather card,Um único cartão meteorológico,
cr_widget_empty_stack,string,,Empty stack,Pilha vazia,
cr_widget_empty_stack_description,string,,Place widgets inside a configurable stack,Coloque widgets dentro de uma pilha configurável,
cr_widget_button_stack,string,,Button stack,Pilha de botões,
cr_widget_button_stack_description,string,,Group entities into configurable controls,Agrupe entidades em controlos configuráveis,
cr_widget_camera_stack,string,,Camera stack,Pilha de câmaras,
cr_widget_camera_stack_description,string,,Show live camera tiles or a custom stream URL,Mostre blocos de câmara ao vivo ou um URL de transmissão personalizado,
cr_widget_climate_stack,string,,Climate stack,Pilha de clima,
cr_widget_climate_stack_description,string,,"Group climate cards such as overview, thermostats, and sensors","Agrupe cartões de clima como visão geral, termóstatos e sensores",
cr_widget_energy_stack,string,,Energy stack,Pilha de energia,
cr_widget_energy_stack_description,string,,"Group energy cards such as usage, solar, gas, and water","Agrupe cartões de energia como consumo, solar, gás e água",
cr_widget_sensor_graph_stack,string,,Sensor graph stack,Pilha de gráficos de sensor,
cr_widget_sensor_graph_stack_description,string,,Group several sensor-history graphs,Agrupe vários gráficos de histórico de sensores,
cr_widget_swiping_stack,string,,Swiping stack,Pilha deslizante,
cr_widget_swiping_stack_description,string,,Swipe horizontally through nested widgets,Deslize horizontalmente por widgets aninhados,
cr_widget_vacuum_stack,string,,Vacuum stack,Pilha de aspiradores,
cr_widget_vacuum_stack_description,string,,Control robot vacuums with a map and battery status,Controle aspiradores robô com mapa e estado da bateria,
cr_widget_weather_stack,string,,Weather stack,Pilha meteorológica,
cr_widget_weather_stack_description,string,,"Group conditions, forecast, wind, or rain-map cards","Agrupe cartões de condições, previsão, vento ou mapa de chuva",
cr_camera_settings,string,,Camera settings,Definições da câmara,
cr_vacuum_settings,string,,Vacuum settings,Definições do aspirador,
cr_button_settings,string,,Button settings,Definições do botão,
cr_robot_image,string,,Robot image,Imagem do robô,
cr_map_camera,string,,Map camera,Câmara de mapa,
cr_external_url,string,,External URL,URL externo,
cr_valetudo_map,string,,Valetudo map,Mapa Valetudo,don't translate Valetudo
cr_valetudo_map_hint,string,,Draws the map from a Valetudo robot and lets you tap a room to clean it. Pick the robot's map camera below.,Desenha o mapa de um robot Valetudo e permite tocar numa divisão para a limpar. Escolha abaixo a câmara de mapa do robot.,don't translate Valetudo
cr_valetudo_camera_mode_note,string,,Using Map camera with a Valetudo map entity shows a blank tile. Valetudo does not render the map on the robot — its PNG is only a container for the map data. Choose Valetudo map instead to have HKI draw it.,Câmara de mapa mostra um mosaico vazio com uma entidade de mapa Valetudo. O Valetudo não desenha o mapa no robot — o PNG é apenas um contentor para os dados. Escolha antes Mapa Valetudo para o HKI o desenhar.,don't translate Valetudo
cr_animation_glow,string,,Glow,Brilho,
cr_animation_spin,string,,Spin,Rodar,
cr_animation_pulse,string,,Pulse,Pulsar,
cr_adaptive_lighting_widget,string,,Adaptive Lighting widget,Widget de Iluminação Adaptativa,
cr_adaptive_lighting_widget_subtitle,string,,"Profiles, size, and appearance","Perfis, tamanho e aparência",
cr_button_stack_dialog_subtitle,string,,"Layout, appearance, and entity order","Disposição, aparência e ordem das entidades",
cr_expand_stack,string,,Expand stack,Expandir pilha,
cr_collapse_stack,string,,Collapse stack,Reduzir pilha,
cr_hide_stack,string,,Hide stack,Ocultar pilha,
cr_unhide_stack,string,,Unhide stack,Mostrar pilha,
cr_swiping_stack_dialog_subtitle,string,,"Pages, height, and card appearance","Páginas, altura e aparência do cartão",
cr_empty_stack_dialog_subtitle,string,,Container layout and appearance,Disposição e aparência do contentor,
cr_header_text_dialog_subtitle,string,,Heading content and visual style,Conteúdo do título e estilo visual,
cr_animation_swipe,string,,Swipe,Deslizar,
cr_animation_fade,string,,Fade,Esbater,
cr_animation_zoom,string,,Zoom,Zoom,
cr_animation_slide_fade,string,,Slide + fade,Deslizar + esbater,
cr_animation_cube,string,,Cube,Cubo,
cr_animation_instant,string,,Instant,Instantâneo,
cr_paged_status,string,,%1$d/%2$d · %3$s,%1$d/%2$d · %3$s,keep %1$d %2$d %3$s
cr_cover_status,string,,%1$d%% · %2$s,%1$d%% · %2$s,keep %1$d %2$s
cr_paged_cover_status,string,,%1$d/%2$d · %3$d%% · %4$s,%1$d/%2$d · %3$d%% · %4$s,keep %1$d %2$d %3$d %4$s
cr_widget_option_count,plural,one,%d option,%d opção,keep %d
cr_widget_option_count,plural,other,%d options,%d opções,keep %d
cr_configured_lights,plural,one,%d configured light,%d luz configurada,keep %d
cr_configured_lights,plural,other,%d configured lights,%d luzes configuradas,keep %d
cr_quick_notifications,string,,Notifications,Notificações,
cr_quick_notifications_instruction,string,,Swipe right from the upper-left edge.,Deslize para a direita a partir do canto superior esquerdo.,
cr_quick_switch_homes,string,,Switch homes,Mudar de casa,
cr_quick_switch_homes_instruction,string,,Swipe left from the upper-right edge of the header.,Deslize para a esquerda a partir do canto superior direito do cabeçalho.,
cr_quick_actions,string,,Quick actions,Ações rápidas,
cr_quick_actions_instruction,string,,"Pull down on any page header for Search, Flows, Edit, and Settings.","Deslize para baixo em qualquer cabeçalho de página para Pesquisar, Fluxos, Editar e Definições.",
cr_quick_media_player,string,,Media player,Leitor de média,
cr_quick_media_player_instruction,string,,"When the handle appears, swipe up on the bottom bar to restore the player.","Quando a pega aparecer, deslize para cima na barra inferior para restaurar o leitor.",
cr_quick_make_it_yours,string,,Make it yours,Torne-o seu,
cr_quick_make_it_yours_instruction,string,,"In edit mode, add and reorder rooms, floors, and widgets. Tap an item to configure it.","No modo de edição, adicione e reordene divisões, andares e widgets. Toque num item para o configurar.",
cr_whats_new_1_1_0,array,1,"Eighteen more languages, taking HKI 7 to 36. Polish, Russian, Czech, Slovak, Hungarian, Romanian, Bulgarian, Croatian, Greek, Lithuanian, Latvian, Estonian, Danish, Thai and Hebrew join the list, along with Austrian German, Swiss German and Mexican Spanish. Hebrew lays the interface out right to left, as Arabic does.","Mais dezoito línguas, que vão de HKI 7 a 36. Polaco, russo, checo, eslovaco, húngaro, romeno, búlgaro, croata, grego, lituano, letão, estónio, dinamarquês, tailandês e hebraico juntam-se à lista, juntamente com o alemão austríaco, o alemão suíço e o espanhol mexicano. O hebraico apresenta a interface da direita para a esquerda, tal como o árabe.",don't translate HKI 7
cr_whats_new_1_1_0,array,2,"HKI 7 now runs on Android 12 and later. It previously needed Android 14, which ruled out a lot of perfectly capable phones and tablets.","HKI 7 funciona agora no Android 12 e posteriores. Anteriormente, precisava do Android 14, o que excluía muitos telefones e tablets perfeitamente capazes.",don't translate HKI 7
cr_whats_new_1_1_0,array,3,"Energy costs are shown in your own currency instead of always in euros. HKI 7 follows what your cost sensors report, and there is a Currency setting in Energy settings if you would rather choose one yourself.","Os custos de energia são apresentados na sua própria moeda e não sempre em euros. HKI 7 segue o que os seus sensores de custo reportam e existe uma definição de Moeda nas definições de Energia, se preferir escolher uma.",don't translate HKI 7
cr_whats_new_1_1_0,array,4,"The language picker has a search box and is sorted, which it needed at 36 entries. If you ever land in a language you cannot read, the way back is still the first thing on screen.","O seletor de idioma tem uma caixa de pesquisa e é classificado, o que requer 36 entradas. Se chegar a um idioma que não consegue ler, o caminho de regresso ainda será a primeira coisa no ecrã.",
cr_whats_new_1_1_0,array,5,"Views remember where you had scrolled to, and tapping the tab you are already on takes you back to the top.","As visualizações lembram-se para onde rolou e, ao tocar no separador em que já está, volta ao topo.",
cr_whats_new_1_1_0,array,6,"Swiping sideways no longer carries you out of a page you have opened, such as Solar inside Energy. Back now returns you to the view you came from rather than jumping to the home page.","Deslizar para o lado já não o leva para fora de uma página aberta, como a Solar inside Energy. Voltar agora regressa à visualização de onde veio, em vez de ir para a página inicial.",
cr_whats_new_1_1_0,array,7,"Scrollable rows say so. The pull-down menu, the navigation bar and the settings tabs all show an arrow at the edge when there is more to reach.","As linhas roláveis dizem isso. O menu suspenso, a barra de navegação e os separadores de definições mostram uma seta na margem quando há mais para alcançar.",
cr_whats_new_1_1_0,array,8,"Dialogs look and behave the same throughout. Six of them were plain Android dialogs with no close button in the corner, and buttons across the app now agree on what Close, Save and Done mean.","Os diálogos parecem e comportam-se da mesma forma. Seis deles eram simples caixas de diálogo do Android, sem botão Fechar no canto, e os botões da aplicação concordam agora com o que significa Fechar, Guardar e Concluído.",
cr_whats_new_1_1_0,array,9,"Creating a dashboard asks first and then offers the same choices as first-time setup — so a new dashboard can start from a backup or from one your family has shared, as well as being generated or left empty. Your current dashboard is never overwritten, and shared dashboards are now marked as shared in the list.","A criação de um painel solicita primeiro e depois oferece as mesmas opções da configuração inicial – assim, um novo painel pode começar a partir de um backup ou de um que a sua família tenha partilhado, além de ser gerado ou deixado vazio. O seu painel atual nunca é substituído e os painéis partilhados são agora marcados como partilhados na lista.",
cr_whats_new_1_1_0,array,10,"The battery widget opens a list in place instead of taking you to a separate page, grouped by how urgent each one is and showing the battery type where Home Assistant knows it. There is a search box, and a button to open the full Battery view if you want it.","O widget de bateria abre uma lista em vez de o levar para uma página separada, agrupada por quão urgente é cada uma e mostrando o tipo de bateria onde Home Assistant a conhece. Há uma caixa de pesquisa e um botão para abrir a vista completa da bateria, se desejar.",don't translate Home Assistant
cr_whats_new_1_1_0,array,11,"Tapping the people counter in a room shows who is there, with each person's picture. The Rooms header now has a household counter too, showing where everyone is without opening every room.","Tocar no balcão de pessoas de uma sala mostra quem está ali, com a fotografia de cada pessoa. O cabeçalho Salas tem agora também um contador doméstico, mostrando onde todos estão sem abrir todas as divisões.",
cr_whats_new_1_1_0,array,12,"A button can be left out of a room's Lights and Devices counters, for the ones that are in the room but not really part of it.","Um botão pode ser deixado de fora dos contadores de Luzes e Dispositivos de uma sala, para aqueles que estão na sala, mas não fazem parte dela.",
cr_whats_new_1_1_0,array,13,"Widgets that need an integration you do not have — Formula 1, Parcels, Waste Collection — are greyed out and say what is missing, instead of being added and then sitting empty.","Os widgets que precisam de uma integração que não tem – Fórmula 1, Encomendas, Recolha de Resíduos – ficam cinzentos e dizem o que está em falta, em vez de serem adicionados e depois ficarem vazios.",
cr_whats_new_1_1_0,array,14,"Parcel tracking covers fifteen more carriers, including PostNord, InPost, Swiss Post, An Post, Budbee, Sameday and Nova Post, each with its own logo.","O seguimento de encomendas abrange mais quinze transportadoras, incluindo PostNord, InPost, Swiss Post, An Post, Budbee, Sameday e Nova Post, cada uma com o seu próprio logótipo.",
cr_whats_new_1_1_0,array,15,"A Valetudo robot vacuum picks up its live map automatically when your rooms are imported, rather than needing the camera chosen by hand.","Um aspirador robot Valetudo recolhe o seu mapa ao vivo automaticamente quando as suas salas são importadas, em vez de precisar da câmara escolhida manualmente.",don't translate Valetudo
cr_whats_new_1_0_1,array,1,"Swiping between tabs now follows your finger. The pages move as you drag, you can change your mind mid-swipe and pull them back, and they settle where you let go. Previously the change was decided the moment you had dragged far enough and could not be taken back, while the animation that played afterwards was on its own timer and unrelated to the gesture — so the app committed to a page before your finger had finished asking for one.","Deslizar entre os separadores segue agora o seu dedo. As páginas movem-se à medida que arrasta, pode mudar de ideias a meio do movimento e puxá-las para trás, e elas assentam onde as largou. Anteriormente, a mudança era decidida no momento em que se arrastava o suficiente e não se podia voltar atrás, enquanto a animação reproduzida depois estava no seu próprio temporizador e não estava relacionada com o gesto – por isso, a aplicação comprometeu-se com uma página antes de o seu dedo terminar de pedir uma.",
cr_whats_new_1_0_1,array,2,"The bottom bar now keeps the selected tab in view. On a phone too narrow for every tab it scrolls the active one to the centre, so the tab you are on is always visible along with its neighbours — which is also the hint that there are more pages to swipe to. Reaching the last tab used to leave the indicator somewhere off the end of the bar.","A barra inferior mantém agora a guia selecionada à vista. Num telefone demasiado estreito para cada separador, ele faz rolar o separador ativo para o centro, de modo a que o separador em que se encontra esteja sempre visível juntamente com as suas vizinhas – o que também é uma dica de que há mais páginas para as quais deslizar. Atingir a última guia costumava deixar o indicador algures fora do final da barra.",
cr_whats_new_1_0_1,array,3,"Swiping between rooms shows how many rooms there are and which one you are on, as dots above the navigation bar — or as a count once there are more than eight. Room swiping also stops at the last room instead of wrapping around to the first, matching how the tabs behave. Rooms an admin has hidden are now skipped by the swipe rather than only blocked when opened.","Deslizar entre salas mostra quantas salas existem e em qual delas se encontra, como pontos acima da barra de navegação – ou como uma contagem quando existem mais de oito. O deslizamento da sala também pára na última sala, em vez de passar para a primeira, correspondendo ao comportamento das guias. As salas ocultadas por um administrador são agora ignoradas ao deslizar, em vez de serem bloqueadas apenas quando abertas.",
cr_whats_new_1_0_1,array,4,"The pull-down header menu animates to wherever you let it go, instead of jumping open or shut in a single frame. It settles by which half you released it in, a quick flick opens it without a full-length drag, and it can be caught and dragged again mid-animation. It also no longer stops dead partway when pulled a long way but not quite far enough.","O menu suspenso do cabeçalho é animado para onde quer que o deixe ir, em vez de abrir ou fechar num único fotograma. Determina a metade em que o largaste, um movimento rápido abre-o sem o arrastares completamente e pode ser capturado e arrastado novamente no meio da animação. Também já não para a meio do caminho quando puxado por um longo caminho, mas não o suficiente.",
cr_whats_new_1_0_1,array,5,"Settings remembers where you were. Coming back from a sub-menu returns to the place in the list you left rather than to the top, which was most noticeable on the long way down to About and Licenses. The page settings dialog had the opposite problem — one scroll position carried across unrelated sub-menus — and that is fixed too.","As definições lembram-lhe onde estava. O regresso de um submenu regressa ao local da lista que deixou, e não ao topo, o que foi mais perceptível no longo caminho até Sobre e Licenças. A caixa de diálogo de definições da página tinha o problema oposto – uma posição de rolagem realizada em submenus não relacionados – e isso também foi corrigido.",
cr_whats_new_1_0_1,array,6,"The notification panel now has a button in the pull-down header menu, so the left-edge swipe is no longer the only way to reach it. That let the strip of screen edge reserved for the swipe shrink from 200dp to 88dp: the reserved strip is where Android's own back gesture stops working, and it had been covering the exact corner where the back arrow sits.","O painel de notificações tem agora um botão no menu suspenso do cabeçalho, pelo que deslizar para a esquerda já não é a única forma de aceder. Isto permitiu que a faixa da borda do ecrã reservada para deslizar diminuísse de 200 dp para 88 dp: a faixa reservada é onde o gesto de retroceder do Android deixa de funcionar e cobria o canto exato onde está a seta para trás.",
cr_whats_new_1_0_1,array,7,"Fixed the app closing instead of the notification panel when back was pressed during the panel's opening animation. Back is also defined for the tabs now — it returns to the first tab before leaving the app, rather than exiting from wherever you happened to have swiped to.","Corrigido o fecho da aplicação em vez do painel de notificação quando voltar era pressionado durante a animação de abertura do painel. Voltar também está definido para os separadores agora – regressa ao primeiro separador antes de sair da aplicação, em vez de sair de onde deslizou.",
cr_whats_new_1_0_1,array,8,"The home switcher panel follows Android's predictive back gesture, sliding out with your finger and springing back if you change your mind.","O painel do switcher inicial segue o gesto preditivo para trás do Android, deslizando para fora com o dedo e voltando atrás se mudar de ideias.",
cr_whats_new_1_0_1,array,9,"Four more languages: Norwegian, Swedish, Finnish and Arabic. Arabic lays the whole app out right to left — the navigation bar, the panels that slide in from the screen edge, and the swipe that moves between tabs all mirror, rather than only the text changing direction. Product names such as Home Assistant stay in Latin script wherever they appear.","Mais quatro línguas: norueguês, sueco, finlandês e árabe. O árabe apresenta toda a aplicação da direita para a esquerda – a barra de navegação, os painéis que deslizam a partir da borda do ecrã e o deslizamento que se move entre os separadores são todos espelhados, em vez de apenas o texto mudar de direção. Os nomes de produtos como Home Assistant permanecem em escrita latina onde quer que apareçam.",don't translate Home Assistant
cr_whats_new_1_0_1,array,10,"Swiping between rooms is much smoother. A room screen is by far the heaviest page in the app, and the next one was being built during the first frames of the swipe — precisely when there was no time for it. It is now prepared while nothing is moving, and live sensor updates wait for the swipe to finish instead of redrawing every open page mid-gesture.","Deslizar entre divisões é muito mais suave. O ecrã de uma sala é de longe a página mais pesada da app, e a seguinte estava a ser construída durante os primeiros frames do swipe — precisamente quando não havia tempo para tal. Agora está preparado enquanto nada se move, e as atualizações do sensor ao vivo aguardam o fim do deslizamento, em vez de redesenhar cada página aberta a meio do gesto.",
cr_whats_new_1_0_1,array,11,"The notification panel and the home switcher are dragged rather than flicked open, following your finger and settling where you let go. They close the same way: push them back towards the edge they came from. Tapping the panel itself no longer closes it, which it used to do anywhere you touched that was not a button.","O painel de notificações e o alternador inicial são arrastados em vez de abertos, seguindo o seu dedo e determinando onde o largou. Fecham da mesma maneira: empurre-os de volta para a borda de onde vieram. Tocar no painel em si já não o fecha, o que costumava acontecer em qualquer lugar onde se tocasse que não fosse um botão.",
cr_whats_new_1_0_1,array,12,"A horizontal row inside a page — a mode selector, a swipe row, a swiping stack — no longer hands the rest of the gesture to the page once it reaches its end. Picking the first or last item in such a row used to flip the whole page instead.","Uma linha horizontal dentro de uma página – um seletor de modo, uma linha de deslizar, uma pilha de deslizar – já não transfere o resto do gesto para a página quando esta chega ao fim. Escolher o primeiro ou o último item dessa linha costumava virar a página inteira.",
cr_whats_new_1_0_1,array,13,"Dialogs with tabs show how many there are and which one you are on, and a sideways swipe anywhere on the dialog changes tab. The swipe used to be written off as a scroll whenever it set off with the slight downward arc a thumb naturally makes, which made it feel like it worked only sometimes.","As caixas de diálogo com separadores mostram quantos existem e em qual delas se encontra, e deslizam lateralmente em qualquer lugar do separador de alterações da caixa de diálogo. O golpe costumava ser considerado um pergaminho sempre que iniciava com o ligeiro arco para baixo que um polegar faz naturalmente, o que fazia parecer que só funcionava por vezes.",
cr_whats_new_1_0_1,array,14,"Demo mode no longer talks to the network. Twenty-six requests — the whole HKI 7 Cloud surface plus the event timeline, camera snapshots and vacuum maps — were still being attempted against a server that does not exist, and one of them retried every three seconds for the entire session, filling the connection log with failures. Restarting Home Assistant in the demo is now simulated in a few seconds rather than showing ""restarting"" for two minutes and giving up.","O modo de demonstração já não fala com a rede. Vinte e seis pedidos – toda a superfície do HKI 7 Cloud, além da linha do tempo do evento, instantâneos de câmaras e mapas de vácuo – ainda estavam a ser tentados num servidor que não existe, e um deles foi repetido a cada três segundos durante toda a sessão, preenchendo o registo de ligação com falhas. A reinicialização do Home Assistant na demonstração é agora simulada em poucos segundos, em vez de mostrar “reiniciar” durante dois minutos e desistir.","don't translate HKI 7 Cloud, Home Assistant"
cr_whats_new_1_0_0,array,1,"New Events tab in the notification drawer: a timeline of what your home has actually been doing. The front door opening, a light going off, someone arriving home — each with the time and, where Home Assistant knows, who did it. An admin picks which entities appear under Settings › Family Sharing › Events, once for the whole family rather than on every phone. It reads Home Assistant's own logbook rather than recording anything on the device, so it still shows what happened overnight while the app was closed, and it opens on the last 3 hours — a timeline answers what just happened — with 6h to 72h a tap away. Events never touch the notification bell's unread count: a timeline of doors opening would leave that badge permanently lit and mean nothing. Requires HKI 7 Cloud 0.9.0.*","Novo separador Eventos na gaveta de notificações: uma linha do tempo do que a sua casa tem realmente feito. A porta da frente a abrir-se, uma luz a apagar-se, alguém a chegar a casa – cada um com a hora e, onde o Home Assistant sabe, quem o fez. Um administrador escolhe quais as entidades que aparecem em Definições › Partilha Familiar › Eventos, uma vez para toda a família, e não em todos os telefones. Lê o próprio diário de bordo do Home Assistant em vez de gravar qualquer coisa no dispositivo, por isso ainda mostra o que aconteceu durante a noite enquanto a aplicação estava fechada e abre nas últimas 3 horas – uma linha do tempo responde ao que acabou de acontecer – com 6h a 72h a um toque de distância. Os eventos nunca afetam a contagem de não lidas do sino de notificação: uma linha do tempo de abertura de portas deixaria este emblema permanentemente aceso e não significaria nada. Requer HKI 7 Cloud 0.9.0. *","don't translate HKI 7 Cloud, Home Assistant"
cr_whats_new_1_0_0,array,2,"An admin can take parts of the timeline away from individual family members — a whole domain, or named entities — from the same Events tab. Everyone sees the full timeline unless something is taken out for them, so adding a person to the family does not mean building their timeline from scratch. The filtering happens in the HKI 7 Cloud component rather than in the app, so a restricted device is never even told which entities it is being kept away from. As with hidden views and rooms, this hides the timeline rather than the entities: Home Assistant has no per-entity read permission for non-admin accounts, so anyone signed in can still read those entities through Home Assistant itself.*","Um administrador pode retirar partes da linha do tempo de membros individuais da família (um domínio inteiro ou entidades nomeadas) no mesmo separador Eventos. Todos veem a linha do tempo completa, a menos que algo lhes seja retirado, pelo que adicionar uma pessoa à família não significa construir a sua linha do tempo a partir do zero. A filtragem acontece no componente HKI 7 Cloud e não na aplicação, pelo que um dispositivo restrito nunca é informado de que entidades está a ser mantido afastado. Tal como acontece com as vistas e salas ocultas, isto oculta a linha do tempo em vez das entidades: o Home Assistant não tem permissão de leitura por entidade para contas que não sejam de administrador, pelo que qualquer pessoa ligada ainda pode ler essas entidades através do próprio Home Assistant. *","don't translate HKI 7 Cloud, Home Assistant"
cr_whats_new_1_0_0,array,3,"The event roster takes whole domains as well as named entities, so ""every lock"" is one choice rather than eleven. Domains are resolved fresh each time the timeline opens, so a lock added next month joins on its own instead of the roster meaning whatever existed the day it was set. The editor shows what each domain currently covers, since one domain can be hundreds of entities. Requires HKI 7 Cloud 0.10.0.*","A lista de eventos recebe domínios inteiros, bem como entidades nomeadas, pelo que “cada bloqueio” é uma escolha em vez de onze. Os domínios são resolvidos sempre que a linha do tempo é aberta, pelo que é adicionado um bloqueio adicionado no mês seguinte, em vez da lista, o que significa o que existia no dia em que foi definido. O editor mostra o que cada domínio cobre atualmente, uma vez que um domínio pode conter centenas de entidades. Requer HKI 7 Cloud 0.10.0. *",don't translate HKI 7 Cloud
cr_whats_new_1_0_0,array,4,"Events are labelled and filterable by what kind of thing they happened to — Doors, Windows, Motion, Lights, Locks. The filter row is built from what your timeline actually contains, so you are never offered a filter that can only come back empty. Days stay as the list headings: a timeline that reorders itself by category stops being a timeline.","Os acontecimentos são rotulados e filtráveis de acordo com o tipo de coisas que aconteceram – portas, janelas, movimento, luzes, fechaduras. A linha do filtro é construída a partir do que a sua linha do tempo realmente contém, pelo que nunca lhe será oferecido um filtro que só possa voltar vazio. Os dias permanecem como títulos de lista: uma linha do tempo que se reordena por categoria deixa de ser uma linha do tempo.",
cr_whats_new_1_0_0,array,5,"Weather artwork now animates in the daily forecast, the hourly strip and the header pill, not only on the hero card. Animation was previously switched off below a fixed size, which caught all three.","A arte do tempo é agora animada na previsão diária, na faixa horária e no cabeçalho, e não apenas no cartão do herói. A animação foi previamente desativada abaixo de um tamanho fixo, que captou os três.",
cr_whats_new_1_0_0,array,6,"Where weather artwork animates is now four separate switches — header pill, weather dialog, forecast strips, weather widget — instead of riding on the entity icon animation setting. The forecast strips animate a dozen icons side by side and are the only ones that ever cost anything noticeable, so turning those off need not mean losing the single small icon in the header pill. All four are on by default, and appear both in Settings › Appearance › Icons and in the header pill's own settings.","Onde a arte do tempo é animada existem agora quatro opções separadas – pílula de cabeçalho, diálogo de tempo, faixas de previsão, widget de tempo – em vez de utilizar a definição de animação do ícone da entidade. As faixas de previsão animam uma dúzia de ícones lado a lado e são as únicas que custam algo perceptível, pelo que desativá-las não significa necessariamente perder o único pequeno ícone na pílula do cabeçalho. Todos os quatro estão ativados por defeito e aparecem em Definições › Aparência › Ícones e nas próprias definições do painel de cabeçalho.",
cr_whats_new_1_0_0,array,7,"The 6h/12h/24h/48h/72h range selector is centred rather than left-aligned everywhere it appears, and gains a 3h option.",O seletor de faixas 6h/12h/24h/48h/72h está centrado em vez de alinhado à esquerda em todos os locais onde aparece e ganha uma opção de 3h.,
cr_whats_new_1_0_0,array,8,"New Connection log at the bottom of Settings › Connection: what the app's connection has actually been doing — connection attempts, reconnects, sync and subscriptions — with buttons to copy or clear it. All of this was already being recorded; nothing displayed it. It holds the last 300 lines and starts empty each launch.","Novo registo de ligação na parte inferior de Definições › Ligação: o que a ligação da aplicação tem realmente feito – tentativas de ligação, religações, sincronização e assinaturas – com botões para copiar ou limpar. Tudo isto já estava a ser gravado; nada exibiu isso. Contém as últimas 300 linhas e começa vazio a cada arranque.",
cr_whats_new_1_0_0,array,9,"A button stack's layout options are now named the same as a single button's. The same shape was called Tile on a button and Compact on a stack, which made them look like different features.","As opções de esquema de uma pilha de botões têm agora o mesmo nome que um único botão. A mesma forma foi chamada de Tile on a button e Compact on a stack, o que os fazia parecer características diferentes.",
cr_whats_new_1_0_0,array,10,"New Centered button layout beside Standard, Square and Tile: a square card whose icon sits in the middle of the space above the text, with the name and state centred beneath it. The icon is pushed upward rather than crowded as the text grows. A grid of these reads as a keypad, which is what makes a remote control possible.","Novo layout de botão centrado ao lado de Padrão, Quadrado e Bloco: um cartão quadrado cujo ícone se encontra no meio do espaço por cima do texto, com o nome e o estado centrados por baixo. O ícone é empurrado para cima em vez de ser aglomerado à medida que o texto aumenta. Uma grelha deles funciona como um teclado, que é o que torna possível um controlo remoto.",
cr_whats_new_1_0_0,array,11,"A button's icon, name and state are each shown or hidden on their own, under a new Elements section in its settings. The old Icon only switch is gone — hiding both the name and state is what it did, and these also let you keep one of them. Existing icon-only buttons keep working.","O ícone, o nome e o estado de um botão são mostrados ou ocultados por si só, numa nova secção Elementos nas suas definições. A antiga opção apenas de ícone desapareceu – ocultar o nome e o estado foi o que aconteceu, e isso também permite manter um deles. Os botões existentes apenas com ícones continuam a funcionar.",
cr_whats_new_1_0_0,array,12,"A button stack carries the same three switches for all of its children, so a stack of twenty buttons need not be set twenty times. Turning one off on the stack hides it on every button; leaving it on lets each button decide.","Uma pilha de botões transporta os mesmos três interruptores para todos os seus filhos, pelo que uma pilha de vinte botões não precisa de ser configurada vinte vezes. Desativar um na pilha oculta-o em todos os botões; deixá-lo ativado permite que cada botão decida.",
cr_whats_new_1_0_0,array,13,"Fixed the button stack settings dialog stopping about two thirds of the way down with empty space below it, leaving the rest unreachable on a tall phone or a tablet.","Corrigida a caixa de diálogo de definições da pilha de botões a parar cerca de dois terços do caminho com espaço vazio por baixo, deixando o resto inacessível num telefone alto ou num tablet.",
cr_whats_new_1_0_0,array,14,"Navigation bar, media players and popups moved from Settings › Appearance to Settings › Dashboard, below the dashboards themselves. They are parts of what the dashboard is made of rather than how it is styled.","Barra de navegação, leitores multimédia e pop-ups movidos de Definições › Aparência para Definições › Painel, por baixo dos próprios painéis. São partes da composição do painel, e não do seu estilo.",
cr_whats_new_1_0_0,array,15,"Settings › Connection ends with the connection log, and Restart Home Assistant now sits below it rather than above — it is the most disruptive thing on the screen and the least often wanted.","Definições › A ligação termina com o registo de ligação, e Reiniciar o Home Assistant está agora abaixo deste, e não acima – é a coisa mais perturbadora no ecrã e a menos desejada.",don't translate Home Assistant
cr_whats_new_1_0_0,array,16,"The Events tab gives an admin a button straight to Settings › Family Sharing › Events when nothing is being tracked yet, instead of only naming where to go.","O separador Eventos oferece ao administrador um botão direto para Definições › Partilha Familiar › Eventos quando ainda não está a ser rastreado nada, em vez de apenas indicar para onde ir.",
cr_whats_new_1_0_0,array,17,"Entity and domain pickers list what is already selected first, so undoing a choice does not mean hunting for it alphabetically. The order is fixed when the picker opens, so ticking something does not make it jump away from your finger.","Os seletores de entidades e domínios listam primeiro o que já está selecionado, pelo que desfazer uma escolha não significa procurá-la por ordem alfabética. A ordem é fixada quando o selecionador abre, pelo que marcar algo não faz com que salte do seu dedo.",
cr_whats_new_1_0_0,array,18,"A button stack's heading now has explicit Show name and Show icon switches, plus an option to centre them. Clearing the text field used to be the only way to get a stack with no heading, which hid that it was possible and meant losing the name to hide it.","O cabeçalho de uma pilha de botões tem agora opções explícitas de Mostrar nome e Mostrar ícone, bem como uma opção para os centrar. Limpar o campo de texto costumava ser a única forma de obter uma pilha sem cabeçalho, o que escondia que isso era possível e significava perder o nome para o esconder.",
cr_whats_new_beta_18,array,1,"An admin can now change who a published family dashboard is shared with, instead of only being able to choose at the moment of publishing. Settings › Family Sharing › Dashboards lists who each published dashboard reaches, with a Manage access button to add or remove people. Until now the only way to take a dashboard away from one person was to delete it for everybody.*","Um administrador agora pode alterar com quem um painel familiar publicado é compartilhado, em vez de poder escolher apenas no momento da publicação. Configurações › Compartilhamento Familiar › Painéis lista quem é alcançado por cada painel publicado, com um botão Gerenciar acesso para adicionar ou remover pessoas. Até agora, a única maneira de retirar um painel de uma pessoa era excluí-lo para todos.*",
cr_whats_new_beta_18,array,2,"Losing access to a family dashboard now clears what was layered on top of it. The dashboard itself was already removed, but the rooms, widgets, pages, nav bar, header pill and theme it left behind on the device stayed — so the next dashboard an admin shared arrived on top of the previous one's leftovers and looked like it had failed to import in full. Everything that belonged to the revoked dashboard is now removed with it. Home Assistant connections, profiles and notification settings are untouched: losing a dashboard is not being signed out.*","Perder o acesso a um painel familiar agora limpa o que estava sobre ele. O painel em si já foi removido, mas as salas, widgets, páginas, barra de navegação, cabeçalho e tema deixados no dispositivo permaneceram - então o próximo painel que um administrador compartilhou chegou em cima das sobras do anterior e parecia que não havia sido importado por completo. Tudo o que pertencia ao painel revogado agora é removido com ele. As conexões, perfis e configurações de notificação do Home Assistant permanecem intactas: perder um painel não significa desconectar-se.*",don't translate Home Assistant
cr_whats_new_beta_18,array,3,"New Devices tab under Settings › Family Sharing, showing which HKI version each family device is running and flagging the ones older than yours, with the Home Assistant account, device name, Android version and when it last reported. Each install records this through the HKI 7 Cloud component over the connection the app already uses, so every signed-in device is covered — including one with Location and Notifications both switched off — and nothing is added to Home Assistant's entity list. A device can only ever report itself. An admin can forget a phone that has been replaced; one still in use reappears the next time its app opens. Requires HKI 7 Cloud 0.7.0.*","Guia Novos dispositivos em Configurações › Compartilhamento familiar, mostrando qual versão HKI cada dispositivo da família está executando e sinalizando aqueles mais antigos que o seu, com a conta do Home Assistant, nome do dispositivo, versão do Android e quando foi relatado pela última vez. Cada instalação registra isso por meio do componente HKI 7 Cloud através da conexão que o aplicativo já usa, de modo que todos os dispositivos conectados são cobertos – incluindo um com localização e notificações desligados – e nada é adicionado à lista de entidades do Home Assistant. Um dispositivo só pode reportar a si mesmo. Um administrador pode esquecer um telefone que foi substituído; um ainda em uso reaparece na próxima vez que seu aplicativo for aberto. Requer HKI 7 Cloud 0.7.0.*","don't translate HKI 7 Cloud, Home Assistant"
cr_whats_new_beta_18,array,4,"An admin can now require the family to update. ""Require everyone to be on this version"" in the Devices tab sets a household minimum; anyone below it gets a full-screen prompt on their next launch instead of the dashboard, with Google Play's in-app update doing the install. There is also a per-device ""Ask to update"" for when one phone is behind rather than everyone, which clears itself once that device updates. No app can install a newer version of itself, so Play does the actual work — which also means the prompt can only insist when Play genuinely has the update ready. When it does not, the prompt explains why and lets you past for that session, rather than locking someone out of their own locks and alarms over an update they cannot get. You can only require a version some family device already runs. Requires HKI 7 Cloud 0.8.0.*","Um administrador agora pode exigir que a família seja atualizada. ""Exigir que todos estejam nesta versão"" na guia Dispositivos define um mínimo doméstico; qualquer pessoa abaixo dele recebe um aviso em tela cheia no próximo lançamento, em vez do painel, com a atualização do aplicativo do Google Play fazendo a instalação. Há também um “Pedir para atualizar” por dispositivo para quando um telefone está atrasado em vez de todos, que é apagado automaticamente assim que o dispositivo é atualizado. Nenhum aplicativo pode instalar uma versão mais recente de si mesmo, então o Play faz o trabalho real – o que também significa que o prompt só pode insistir quando o Play realmente tiver a atualização pronta. Quando isso não acontece, o prompt explica o motivo e permite que você passe para aquela sessão, em vez de bloquear alguém de seus próprios bloqueios e alarmes por causa de uma atualização que ele não consegue obter. Você só pode exigir uma versão que algum dispositivo da família já execute. Requer HKI 7 Cloud 0.8.0.*",don't translate HKI 7 Cloud
cr_whats_new_beta_18,array,5,"Each Family Sharing tab now says for itself when it needs a newer HKI 7 Cloud than the one installed, instead of that only appearing in the summary at the top of the screen. Parental controls, Permissions, Presence and Devices each carry the version they need, so it is clear before you configure a tab whose settings the installed component cannot store yet.","Cada guia do Compartilhamento Familiar agora diz por si mesma quando precisa de um HKI 7 Cloud mais recente do que o instalado, em vez de aparecer apenas no resumo na parte superior da tela. Os controles dos pais, permissões, presença e dispositivos carregam a versão necessária, portanto, fica claro antes de você configurar uma guia cujas configurações o componente instalado ainda não pode armazenar.",don't translate HKI 7 Cloud
cr_whats_new_beta_17,array,1,"Fixed a crash that could take the whole app down during the very first connection attempt after opening it, which read as ""the app won't even open"". The setup that runs on every launch had no error handling of its own, so a failure there — usually an expired session being refreshed on a flaky network — escaped as an unhandled error instead of surfacing as a connection error you could retry. As a backstop, an unexpected error on a background task can no longer terminate the app at all.","Corrigida uma falha que poderia derrubar todo o aplicativo durante a primeira tentativa de conexão após abri-lo, que dizia ""o aplicativo nem abre"". A configuração executada em cada inicialização não tinha tratamento de erros próprio, portanto, uma falha ali – geralmente uma sessão expirada sendo atualizada em uma rede instável – escapou como um erro não tratado em vez de aparecer como um erro de conexão que você poderia tentar novamente. Como solução, um erro inesperado em uma tarefa em segundo plano não pode mais encerrar o aplicativo.",
cr_whats_new_beta_17,array,2,"The dashboard no longer rebuilds itself every time Home Assistant reports a state change. The home screen tracked the complete entity list, so a single motion sensor tripping or a power meter ticking — several times a second on a busy install — invalidated the whole screen and every widget on it, even when nothing visible had changed. It now watches only what it actually draws.","O painel não se reconstrói mais sempre que o Home Assistant relata uma mudança de estado. A tela inicial rastreava a lista completa de entidades, portanto, um único disparo do sensor de movimento ou um tique-taque do medidor de energia – várias vezes por segundo em uma instalação ocupada – invalidava a tela inteira e todos os widgets nela, mesmo quando nada visível havia mudado. Agora observa apenas o que realmente desenha.",don't translate Home Assistant
cr_whats_new_beta_17,array,3,"Entity icon animations no longer redo layout work on every frame they animate. The spin, pulse and glow effects re-ran the surrounding widget's composition on each animation frame instead of just redrawing the icon, so any dashboard with an active light, an open door or a recording camera paid that cost continuously. The animations look exactly the same.","As animações de ícones de entidades não refazem mais o trabalho de layout em cada quadro animado. Os efeitos de rotação, pulso e brilho executaram novamente a composição do widget circundante em cada quadro de animação, em vez de apenas redesenhar o ícone, de modo que qualquer painel com uma luz ativa, uma porta aberta ou uma câmera de gravação pagasse esse custo continuamente. As animações parecem exatamente iguais.",
cr_whats_new_beta_17,array,4,"Fixed the app becoming unresponsive — and eventually killed by Android — when opening the history of a busy entity, such as a motion sensor that logs thousands of state changes a day. Matching each history entry to its actor re-scanned and re-parsed the entire logbook's timestamps from scratch for every single entry, work that scaled with history size squared; a quiet entity never noticed, but a busy one could peg the CPU for ten seconds straight. The logbook is now parsed once instead of once per entry, and the whole fetch runs off the main thread.","Corrigido o problema em que o aplicativo deixava de responder – e eventualmente era interrompido pelo Android – ao abrir o histórico de uma entidade ocupada, como um sensor de movimento que registra milhares de alterações de estado por dia. A correspondência de cada entrada do histórico com seu ator digitalizou novamente e analisou novamente os carimbos de data e hora de todo o diário de bordo a partir do zero para cada entrada, trabalho que foi dimensionado com o tamanho do histórico ao quadrado; uma entidade silenciosa nunca notava, mas uma entidade ocupada poderia prender a CPU por dez segundos seguidos. O logbook agora é analisado uma vez em vez de uma vez por entrada, e toda a busca é executada no thread principal.",
cr_whats_new_beta_17,array,5,"Hardened how the app reads attributes Home Assistant sends for an entity: a value present but shaped unexpectedly (an object or array where a plain number or piece of text was expected) used to throw and crash whatever screen read it, instead of just being treated as missing.","Reforçado o modo como o aplicativo lê os atributos que o Home Assistant envia para uma entidade: um valor presente, mas com formato inesperado (um objeto ou matriz onde um número simples ou pedaço de texto era esperado) usado para lançar e travar qualquer tela que o lesse, em vez de apenas ser tratado como ausente.",don't translate Home Assistant
cr_whats_new_beta_17,array,6,"Fixed ""Push to family dashboard"" reporting a dashboard as already up to date no matter what had changed. A dashboard re-imported after a reinstall is stored locally under a different id than the one the cloud copy is published under, and the push check was still looking up the local export by the cloud id, finding nothing, and silently skipping that dashboard on every push.","Foi corrigido o problema ""Enviar para o painel da família"", informando um painel como já atualizado, independentemente do que tenha sido alterado. Um painel reimportado após uma reinstalação é armazenado localmente com um ID diferente daquele sob o qual a cópia da nuvem foi publicada, e a verificação de push ainda estava procurando a exportação local pelo ID da nuvem, não encontrando nada e ignorando silenciosamente esse painel a cada push.",
cr_whats_new_beta_15,array,1,"The Formula 1 widget gains two new tabs and expands two existing ones. Calendar lists the season's races in order, with each circuit and the host country's flag. Grid shows the starting grid, with each driver's move up or down from where they qualified. Standings can now show a championship prediction alongside the points table — current and predicted final points, for drivers or constructors — when F1 Sensor's optional F1TV Auth is set up. Live gains a proper timing list: gap to the leader, interval to the car ahead, tyre compound and stint length, and pit/retired status for every driver, plus which lap the leader is on.","O widget Fórmula 1 ganha duas novas abas e expande duas já existentes. O calendário lista as corridas da temporada em ordem, com cada circuito e a bandeira do país anfitrião. A grade mostra o grid de largada, com cada piloto subindo ou descendo de onde se classificou. A classificação agora pode mostrar uma previsão do campeonato junto com a tabela de pontos – pontos finais atuais e previstos, para pilotos ou construtores – quando o F1TV Auth opcional do F1 Sensor estiver configurado. Live ganha uma lista de cronometragem adequada: diferença para o líder, intervalo para o carro à frente, composto dos pneus e duração do stint, e status de pit/retirado para cada piloto, além da volta em que o líder está.",
cr_whats_new_beta_15,array,2,"Fixed shared family dashboards failing to update at all once the owner added a widget type introduced in a newer app version, such as the To-Do List or Formula 1 widgets. A single unrecognized widget used to fail the whole dashboard, so a family member on an older build stopped receiving any of that dashboard's changes instead of just missing the new widget. Unrecognized widgets are now skipped individually, so the rest of a shared dashboard keeps working across app versions.","Corrigidos os painéis familiares compartilhados que não eram atualizados quando o proprietário adicionava um tipo de widget introduzido em uma versão mais recente do aplicativo, como os widgets Lista de tarefas ou Fórmula 1. Um único widget não reconhecido costumava falhar em todo o painel, então um membro da família em uma versão mais antiga parou de receber qualquer uma das alterações do painel em vez de apenas perder o novo widget. Os widgets não reconhecidos agora são ignorados individualmente, para que o restante de um painel compartilhado continue funcionando nas versões do aplicativo.",
cr_whats_new_beta_15,array,3,"The To-Do widget's square card can now feature one whole list instead of items individually flagged high priority. A new Hero list picker in the widget's General tab — shown once it has at least one tab — chooses which list's open items appear on the card, labelled with that list's name, so what you see at a glance is a specific list like Chores rather than a scattered mix pulled from every tab. Deleting a tab that's currently the hero list clears the setting automatically.","O cartão quadrado do widget To-Do agora pode apresentar uma lista inteira em vez de itens sinalizados individualmente como alta prioridade. Um novo seletor de lista de heróis na guia Geral do widget – mostrado quando ele tem pelo menos uma guia – escolhe quais itens abertos da lista aparecem no cartão, rotulados com o nome dessa lista, então o que você vê rapidamente é uma lista específica como Tarefas em vez de uma mistura dispersa extraída de cada guia. Excluir uma guia que atualmente é a lista de heróis limpa a configuração automaticamente.",
cr_whats_new_beta_15,array,4,"Fixed the app crashing whenever it needed to reconnect to Home Assistant or the connection failed. The in-app push-notification channel ran its subscription in a way that let a dropped connection's error skip past the surrounding error handling entirely and crash the app outright. A separate mismatch also meant every single reconnect immediately tore the whole sync stack down and rebuilt it a second time, racing its own freshly made connection. Both are fixed.","Corrigido o travamento do aplicativo sempre que era necessário reconectar-se ao Home Assistant ou a conexão falhava. O canal de notificação push no aplicativo executou sua assinatura de uma forma que permitiu que o erro de uma conexão interrompida ignorasse totalmente o tratamento de erros circundante e travasse o aplicativo completamente. Uma incompatibilidade separada também significou que cada reconexão imediatamente destruiu toda a pilha de sincronização e a reconstruiu uma segunda vez, acelerando sua própria conexão recém-criada. Ambos são fixos.",don't translate Home Assistant
cr_whats_new_beta_14,array,1,"Settings › Family Sharing now shows which HKI 7 Cloud version is installed, and — if it's behind — exactly which family features that leaves unavailable, each labelled with the version that unlocks it. Previously the only way to find out a component was out of date was to hit a save that silently dropped part of what you configured.*","Configurações › Compartilhamento Familiar agora mostra qual versão do HKI 7 Cloud está instalada e, se estiver atrasada, exatamente quais recursos familiares deixam indisponíveis, cada um rotulado com a versão que o desbloqueia. Anteriormente, a única maneira de descobrir que um componente estava desatualizado era clicar em um salvamento que eliminava silenciosamente parte do que você configurou.*",don't translate HKI 7 Cloud
cr_whats_new_beta_14,array,2,"New To-Do List widget: a shared checklist or shopping list the whole family can add to. Items support an optional quantity, category, priority (low, normal or high, shown as a flag) and due date, with Added by and Checked by attribution when more than one person edits the list. Choose Manual, A–Z, Priority, or Newest-first ordering, and filter between To do, All, and Done from the dialog. Editing can be limited to everyone, specific family members picked from the real Home Assistant user list, or admins only, enforced the same way the rest of the app's family permissions are. It follows the same design as every other widget, with the usual General, Permissions, Appearance and Visibility settings tabs.","Novo widget Lista de tarefas: uma lista de verificação ou lista de compras compartilhada que toda a família pode adicionar. Os itens suportam quantidade opcional, categoria, prioridade (baixa, normal ou alta, mostrada como um sinalizador) e data de vencimento, com atribuição Adicionado por e Marcado por quando mais de uma pessoa edita a lista. Escolha a ordem Manual, A–Z, Prioridade ou Mais recente e filtre entre Tarefas, Tudo e Concluído na caixa de diálogo. A edição pode ser limitada a todos, membros específicos da família escolhidos na lista real de usuários do Home Assistant ou apenas administradores, aplicados da mesma forma que o restante das permissões familiares do aplicativo. Ele segue o mesmo design de qualquer outro widget, com as habituais guias de configurações Geral, Permissões, Aparência e Visibilidade.",don't translate Home Assistant
cr_whats_new_beta_14,array,3,"Room following can now be set to only place someone in the right room when the app starts, without tracking them for the rest of the session. The existing Ask before switching rooms switch only chose between asking and switching silently; there was no way to get the one-time placement without the app continuing to follow every move afterward. A new Keep following while the app is open switch under each person's room-following settings turns that continued tracking off on its own, leaving Open their room when the app starts to do the one placement it always did.*","O acompanhamento de sala agora pode ser configurado para colocar apenas alguém na sala certa quando o aplicativo for iniciado, sem rastreá-lo pelo resto da sessão. A opção Perguntar antes de trocar de sala existente apenas escolhia entre perguntar e trocar silenciosamente; não havia como obter a colocação única sem que o aplicativo continuasse acompanhando cada movimento posteriormente. Um novo botão Continuar seguindo enquanto o aplicativo está aberto nas configurações de acompanhamento de sala de cada pessoa desativa esse rastreamento contínuo por conta própria, deixando Abrir a sala quando o aplicativo começar a fazer o posicionamento de sempre.*",
cr_whats_new_beta_14,array,4,"New Formula 1 widget, for the F1 Sensor integration. The card shows the next race with a countdown and the circuit outline; opening it gives four tabs — Next race with the full session schedule and trackside weather, Standings for drivers and constructors, Results for the last grand prix with places gained or lost, and a Live tab that appears only while a session is running, showing the flag and race control messages. It finds its sensors on its own: F1 Sensor lets you rename its entities and pick a language, so the widget matches on the integration's stable internal keys rather than entity ids.","Novo widget de Fórmula 1 para a integração F1 Sensor. O cartão mostra a próxima corrida com contagem decrescente e o traçado do circuito; ao abrir há quatro separadores — Próxima corrida com o horário completo das sessões e o tempo na pista, Classificação de pilotos e construtores, Resultados do último grande prémio com os lugares ganhos ou perdidos, e um separador Em direto que só aparece durante uma sessão, com a bandeira e as mensagens da direção de corrida. Encontra os sensores sozinho: o F1 Sensor permite renomear entidades e escolher um idioma, por isso o widget procura pelas chaves internas estáveis da integração em vez de ids de entidade.",
cr_whats_new_beta_14,array,5,"New Find my devices widget: a map of your phones, watches, tags and trackers. Add any device_tracker or person entity; the ones reporting GPS appear as pins on the map, the rest are still listed with their state. Tick as many as you like to show them together, or leave nothing ticked to see everything. Three filters narrow the list: All, Devices, and People. The card follows the same design as the other widgets, so background image, icon, width, shape and corner radius all work as you would expect.","Novo widget Encontrar os meus dispositivos: um mapa dos seus telemóveis, relógios, etiquetas e localizadores. Adicione qualquer entidade device_tracker ou person; as que reportam GPS aparecem como marcadores e as restantes continuam listadas com o seu estado. Selecione quantos quiser para os ver em conjunto, ou não selecione nenhum para ver tudo. Três filtros restringem a lista: Tudo, Dispositivos e Pessoas. O cartão segue o mesmo design dos outros widgets, por isso imagem de fundo, ícone, largura, forma e raio dos cantos funcionam como esperado.",
cr_whats_new_beta_14,array,6,"The maps in the app no longer look like a printed atlas. HKI now uses the same muted CARTO basemap that Home Assistant's own map card uses, instead of the standard OpenStreetMap rendering, which was designed as a mapper's reference render rather than a background for an app. It also has a proper dark variant, so the map finally follows your theme instead of glowing white inside a dark dialog.","Os mapas da aplicação já não parecem um atlas impresso. O HKI usa agora o mesmo mapa base CARTO discreto que o cartão de mapa do próprio Home Assistant, em vez da renderização padrão do OpenStreetMap, pensada como referência para cartógrafos e não como fundo de uma aplicação. Tem também uma variante escura a sério, por isso o mapa passa finalmente a seguir o seu tema em vez de brilhar a branco numa janela escura.",don't translate Home Assistant
cr_whats_new_beta_14,array,7,"Fixed room following doing nothing at all once Ask before switching rooms was turned off. That switch was being treated as a master off-switch for the whole feature, so with prompting disabled the app neither asked nor moved. It now does what it says: with prompting on you get the prompt, with it off the room simply opens. Don't ask again until I restart still stops both, since trading a prompt for a surprise jump would be worse.","Corrigido o seguimento de divisões não fazer absolutamente nada depois de desligar Perguntar antes de mudar de divisão. Esse interruptor estava a ser tratado como um desligar geral da funcionalidade, por isso sem pergunta a aplicação nem perguntava nem mudava. Agora faz o que diz: com a pergunta ligada é consultado, com ela desligada a divisão simplesmente abre. Não perguntar até reiniciar continua a parar ambos, pois um salto inesperado seria pior do que uma pergunta.",
cr_whats_new_beta_14,array,8,"Fixed the waste widget's settings dialog being cut off around two thirds of the way down while empty space sat below it. The dialog reserves a tall card but its contents were capped at a fixed height, so the scroll area stopped short of the space available. Both the settings dialog and the waste dialog itself now use the full height.","Corrigida a janela de definições do widget de resíduos ficar cortada a dois terços com espaço vazio por baixo. A janela reserva um cartão alto, mas o conteúdo estava limitado a uma altura fixa, pelo que a área de deslocamento não chegava ao espaço disponível. Ambas as janelas usam agora toda a altura.",
cr_whats_new_beta_14,array,9,"The waste dialog's calendar can now look 7, 14 or 28 days ahead, and is drawn as a week grid like the calendar widget rather than a flat list: weekday columns, one row per week, and a coloured dot per collection in its fraction's colour. Tap a day to see what is collected then; it opens on the next day with a collection.","O calendário da janela de resíduos pode agora olhar 7, 14 ou 28 dias em frente e é desenhado como grelha semanal, tal como o widget de calendário, em vez de uma lista simples: colunas por dia, uma linha por semana e um ponto colorido por recolha na cor da sua fração. Toque num dia para ver o que é recolhido; abre na próxima recolha.",
cr_whats_new_beta_14,array,10,"Parcel dialogs now say Today or Tomorrow instead of naming the weekday. The whole question a delivery date answers is how soon, and “Wednesday” on a Wednesday made you work that out yourself.","As janelas de encomendas dizem agora Hoje ou Amanhã em vez do nome do dia. O que uma data de entrega responde é daqui a quanto tempo, e “quarta-feira” numa quarta-feira obrigava-o a fazer a conta.",
cr_whats_new_beta_14,array,11,"The +2 bubble in the header, shown when there are more people than fit, now opens. Tapping it lists everyone with their name and state, and picking someone opens their detail dialog as usual. Previously those people were simply unreachable on a narrow header.","A bolha “+2” no cabeçalho, mostrada quando há mais pessoas do que cabem, já responde. Tocar nela lista toda a gente com nome e estado, e escolher alguém abre a sua janela de detalhe como habitualmente. Antes essas pessoas eram simplesmente inalcançáveis num cabeçalho estreito.",
cr_whats_new_beta_14,array,12,"Fixed the map in the person dialog overflowing the dialog on a tablet or unfolded foldable. The map was drawn as a square as wide as the dialog, so on a 620dp-wide card it became 620dp tall and pushed the address off the bottom. It now takes the height left over instead.","Corrigido o mapa da janela de pessoa transbordar a janela em tablets e dobráveis abertos. O mapa era desenhado como um quadrado com a largura da janela, pelo que num cartão de 620dp de largura ficava com 620dp de altura e empurrava a morada para fora. Passa a ocupar a altura restante.",
cr_whats_new_beta_14,array,13,"Fixed notifications going undelivered while Home Assistant reported the device as not connected to local push notifications, even with the app open. The app stood aside for its background connection whenever the settings said that connection should be running — but when Android refused to start it, such as after a reboot, nothing was listening at all. The app now checks whether that connection is really running rather than whether it is meant to be, takes over when it is not, and hands the channel back the moment it does come up.","Corrigidas notificações que não chegavam enquanto o Home Assistant indicava o dispositivo como não ligado às notificações push locais, mesmo com a aplicação aberta. A aplicação afastava-se a favor da sua ligação em segundo plano assim que as definições diziam que esta devia estar a correr, mas se o Android recusasse iniciá-la — depois de reiniciar, por exemplo — ninguém ficava a ouvir. Agora verifica se essa ligação está mesmo a correr em vez de se deveria estar, assume o lugar quando não está, e devolve o canal assim que ela arranca.",don't translate Home Assistant
cr_whats_new_beta_14,array,14,"Fixed room-following settings not taking effect on the device you changed them from. Turning following off, or changing how long a room must hold before it counts as a move, was written to the companion component but not to the device's own cached copy — so it kept following, and kept using the old dwell time, until the app was next started. Changes now apply immediately. The dwell slider also no longer offers zero seconds, which made the very first sensor reading count as a move.","Corrigido o facto de as definições de seguimento de divisão não produzirem efeito no dispositivo a partir do qual eram alteradas. Desligar o seguimento, ou mudar quanto tempo uma divisão tem de se manter antes de contar como mudança, era escrito no componente companion mas não na cópia local do dispositivo — pelo que continuava a seguir, e a usar o tempo antigo, até a aplicação ser reiniciada. As alterações passam a aplicar-se de imediato. O cursor também já não oferece zero segundos, o que fazia a primeira leitura do sensor contar como mudança.",
cr_whats_new_beta_14,array,15,"The Formula 1 card now says one thing: the next grand prix and when it is — “Today 15:00” on the day, otherwise the date and time, in your own timezone. Track status is gone from it, because outside a session that read “Not running”, which is not what anyone glances at the card for. The status sits in the same dark pill the camera, vacuum and waste cards use, so it lines up with the rest of your dashboard again. The circuit outline stays as a faint watermark and the host country flag in the corner. The widget also no longer asks which F1 instance to use — it reads everything the integration publishes, so the dialog always has the full picture.","O cartão de Fórmula 1 diz agora uma só coisa: o próximo grande prémio e quando é — “Hoje 15:00” no próprio dia, caso contrário a data e a hora, no seu fuso. O estado da pista sai dali: fora de uma sessão mostrava “Não a decorrer”, e não é para isso que se olha para o cartão. O estado fica na mesma pílula escura dos cartões de câmara, aspirador e resíduos, voltando a alinhar com o resto do painel. O traçado do circuito mantém-se como marca de água ténue e a bandeira do país anfitrião no canto. O widget também já não pergunta que instância de F1 usar — lê tudo o que a integração publica, para que a janela tenha sempre o quadro completo.",
cr_whats_new_beta_14,array,16,"The To-Do List dialog's undo/redo and Close buttons moved from the title row to the bottom action bar, matching every other dialog in the app.","Os botões desfazer/refazer e Fechar da caixa de diálogo Lista de tarefas foram movidos da linha de título para a barra de ação inferior, correspondendo a todas as outras caixas de diálogo do aplicativo.",
cr_whats_new_beta_14,array,17,* HKI 7 Cloud Component integration required.,* Requer a integração do Componente HKI 7 Cloud.,don't translate HKI 7 Cloud
cr_whats_new_beta_13,array,1,"HKI can now follow you from room to room. Point it at a room-presence sensor such as ESPresense and it opens the room you are in when the app starts, then offers to switch views when you move somewhere else. Rooms also gain a purple counter showing how many people are in them, beside the motion and presence counters. An admin sets this up for the whole family under Settings › Family Sharing › Presence: pick each person's sensor and how long a new room must hold before it counts as a move. Sensor rooms named after your Home Assistant areas are matched automatically.*","O HKI pode agora segui-lo de divisão em divisão. Aponte-o para um sensor de presença como o ESPresense: ao arrancar, a aplicação abre a divisão onde está e propõe mudar de vista quando se desloca. As divisões passam também a ter um contador roxo com quantas pessoas estão lá, ao lado dos contadores de movimento e presença. Um administrador configura isto para toda a família em Definições › Partilha familiar › Presença: o sensor de cada pessoa e quanto tempo uma nova divisão tem de se manter para contar como uma mudança. As divisões do sensor com o nome das suas áreas do Home Assistant são associadas automaticamente.*",don't translate Home Assistant
cr_whats_new_beta_13,array,2,"Notifications from Home Assistant can now carry action buttons. Add actions to a notify.mobile_app_… message and each one appears on the notification; tapping it sends the action back to Home Assistant, where an automation can respond. The buttons also appear on the in-app banner and in the notification drawer, because HKI hides system notifications while it is open. A URI action opens its link, a REPLY action takes a typed answer, and an action tapped while offline is delivered once the connection returns. Each notification can be actioned once.","As notificações do Home Assistant podem agora incluir botões de ação. Ao adicionar actions a uma mensagem notify.mobile_app_…, cada uma aparece na notificação; ao tocar, a ação é enviada de volta para o Home Assistant, onde uma automação pode responder. Os botões também aparecem no aviso dentro da aplicação e na gaveta de notificações, porque o HKI oculta as notificações do sistema enquanto está aberto. Uma ação URI abre a ligação, uma ação REPLY aceita uma resposta escrita e uma ação tocada sem ligação é entregue quando esta regressa. Cada notificação pode ser usada uma vez.",don't translate Home Assistant
cr_whats_new_beta_13,array,3,"New Action button: a button that needs no entity at all. Give it a name, an icon, and whatever tap, hold, or double-tap action you like — navigate to a view or room, call a Home Assistant action, open a URL or a custom popup. Add one from the widget picker, from a button stack, or as an action badge in the badge area beside the header.","Novo: botão de ação, um botão que não precisa de qualquer entidade. Dê-lhe um nome, um ícone e a ação que quiser para tocar, manter premido ou tocar duas vezes — navegar para uma vista ou divisão, chamar uma ação do Home Assistant, abrir um URL ou uma janela personalizada. Adicione-o a partir do seletor de widgets, de uma pilha de botões ou como emblema de ação na área de emblemas junto ao cabeçalho.",don't translate Home Assistant
cr_whats_new_beta_13,array,4,"Icon-only buttons can now be sized. Auto shrinks the icon as a stack gains columns, which is what makes icon-only usable in the four-, five-, and six-column custom popups where a fixed-size icon used to overflow the button. A button can also be given its own size.","Os botões só com ícone já podem ser dimensionados. Automático reduz o ícone à medida que a pilha ganha colunas, o que torna o só-ícone utilizável nas janelas de quatro, cinco e seis colunas onde um tamanho fixo transbordava. Um botão pode também ter o seu próprio tamanho.",
cr_whats_new_beta_13,array,5,"Button stacks can push their appearance onto every button they hold: one Icon only for every button switch instead of the same switch on twenty buttons, plus an icon size they all inherit. A single button can still override the size.","As pilhas de botões podem impor o seu aspeto a todos os botões: um único interruptor Apenas ícone em todos os botões em vez do mesmo em vinte botões, mais um tamanho de ícone que todos herdam. Um botão isolado ainda o pode alterar.",
cr_whats_new_beta_13,array,6,"The quick start guide can be browsed by hand. Swipe the gesture preview, tap a dot, or tap any tip to jump to it. It still plays on its own until you take over.","O guia rápido já pode ser percorrido à mão. Deslize a pré-visualização do gesto, toque num ponto ou numa dica para lá saltar. Continua a avançar sozinho até assumir o controlo.",
cr_whats_new_beta_13,array,7,"Fixed the waste widget showing the wrong icon and colour for every collection type outside Dutch: the type was matched against the translated label, so PMD shown as Packaging fell through to a generic grey-blue bin. PMD is orange with a recycling symbol again.","Corrigido o widget de resíduos a mostrar o ícone e a cor errados fora do neerlandês: o tipo era comparado com a etiqueta traduzida, pelo que PMD mostrado como Packaging caía num contentor cinzento-azulado genérico. O PMD volta a ser laranja com símbolo de reciclagem.",
cr_whats_new_beta_13,array,8,"Fixed the room-following prompt appearing after Ask before switching rooms was turned off, and for the room already on screen. It now also offers Don't ask again until I restart the app, and the wait time can be set whether or not prompting is on.","Corrigido o aviso de mudança de divisão a aparecer depois de desligar Perguntar antes de mudar de divisão, e para a divisão já no ecrã. Passa a oferecer Não perguntar novamente até reiniciar, e a espera pode ser definida à mesma.",
cr_whats_new_beta_13,array,9,"Flows can express Any of these and nested logic, not just a flat list of ANDs. A group opens into its own list with a breadcrumb, and groups can hold groups, so motion detected AND (after sunset OR guest mode on) is buildable. It is the same structure Home Assistant's own editor writes, so a flow made in HA that used OR is no longer an untouchable advanced block.","Os fluxos passam a exprimir «Qualquer uma destas» e lógica aninhada, não apenas uma lista simples de E. Um grupo abre na sua própria lista com trilho de navegação, e os grupos podem conter grupos, pelo que «movimento detetado E (depois do pôr do sol OU modo convidado ligado)» é construível. É a mesma estrutura que o editor de automações do Home Assistant escreve, por isso um fluxo criado no HA com OU deixa de ser um bloco avançado intocável.",don't translate Home Assistant
cr_whats_new_beta_13,array,10,"Thermostat dials on the Climate view no longer squeeze six across a landscape foldable. Dials hold at four per row until the window is genuinely desktop-wide, so each keeps enough width to read.","Os mostradores do termóstato na vista Clima já não se apertam a seis num dobrável na horizontal. Ficam por quatro por linha até a janela ser mesmo muito larga, para cada um manter largura para se ler.",
cr_whats_new_beta_13,array,11,"The Waiting for notifications message now has a Hide this notification button that jumps straight to its Android channel settings, where switching the channel off hides it for good while the connection keeps working. Android will not let a background connection run without a visible notification, so this is as far as muting can go. It also switches itself on when you have more than one Home Assistant server.","A mensagem «À espera de notificações» passa a ter um botão «Ocultar esta notificação» que abre diretamente as definições do seu canal Android. Desligado aí, desaparece de vez enquanto a ligação continua a funcionar. O Android não permite uma ligação em segundo plano sem notificação visível, por isso não dá para silenciar mais. Também se liga sozinha quando tem mais do que um servidor Home Assistant.",don't translate Home Assistant
cr_whats_new_beta_13,array,12,"The vacuum widget can now draw a Valetudo map itself. Choose Valetudo map as the button image and point it at your robot's map camera: HKI reads the map data Valetudo hides inside that camera's PNG and draws the floor, walls, rooms, the robot, its dock and the path it has taken. No add-on, custom component or extra Home Assistant integration is involved, and the map refreshes on its own while the robot is cleaning.","O widget de aspirador já consegue desenhar um mapa Valetudo por si. Escolha Mapa Valetudo como imagem do botão e aponte para a câmara de mapa do robot: o HKI lê os dados que o Valetudo esconde dentro do PNG dessa câmara e desenha o chão, as paredes, as divisões, o robot, a base e o percurso feito. Não é preciso qualquer add-on, componente personalizado ou integração adicional do Home Assistant, e o mapa atualiza-se sozinho enquanto o robot limpa.","don't translate Home Assistant, Valetudo"
cr_whats_new_beta_13,array,13,"Tap a room on the Valetudo map to send the robot to clean it. Rooms use the names you gave them in Valetudo. Cleaning a single room goes through Home Assistant's clean_area action, so first map the robot's segments to your areas in Home Assistant — until you do, the map says so instead of leaving the tap doing nothing.","Toque numa divisão do mapa Valetudo para lá enviar o robot. As divisões usam os nomes que lhes deu no Valetudo. Limpar uma única divisão passa pela ação clean_area do Home Assistant, por isso associe primeiro os segmentos do robot às suas áreas —  até lá, o mapa avisa em vez de ignorar o toque.","don't translate Home Assistant, Valetudo"
cr_whats_new_beta_13,array,14,"The vacuum settings now warn that plain Map camera on a Valetudo map entity shows a blank tile. Valetudo deliberately does not render the map on the robot, so its PNG is only a container for the data — Valetudo map is the mode that shows something.","As definições do aspirador avisam agora que Câmara de mapa mostra um mosaico vazio numa entidade de mapa Valetudo. O Valetudo não desenha o mapa no robot de propósito, por isso o PNG é apenas um contentor de dados — Mapa Valetudo é o modo que mostra mesmo alguma coisa.",don't translate Valetudo
cr_whats_new_beta_13,array,15,"The vacuum dialog now shows a Valetudo map whenever the map camera you picked actually carries one, whatever the button image is set to — the button image only decides how the tile on the dashboard looks. Cameras that turn out not to be Valetudo maps still show their picture, and HKI stops re-checking once it knows.","A janela do aspirador mostra agora um mapa Valetudo sempre que a câmara de mapa escolhida contenha um, qualquer que seja a imagem do botão — essa apenas decide o aspeto do mosaico no painel. As câmaras que não são mapas Valetudo continuam a mostrar a sua imagem, e o HKI deixa de verificar assim que o sabe.",don't translate Valetudo
cr_whats_new_beta_13,array,16,"The robot image now spins while the vacuum is cleaning or returning to its dock, using the same icon animation settings as the rest of the app. A button's own animation setting still overrides it, and Off keeps it still.","A imagem do robot roda agora enquanto o aspirador limpa ou regressa à base, com as mesmas definições de animação de ícones do resto da app. A definição própria de cada botão continua a ter prioridade, e Desligado mantém-na parada.",
cr_whats_new_beta_13,array,17,* HKI 7 Cloud Component integration required.,* Requer a integração do Componente HKI 7 Cloud.,don't translate HKI 7 Cloud
cr_whats_new_beta_12,array,1,"Button widgets and button stacks can now hold an empty, fully transparent button. It takes up a grid cell without drawing anything, so the buttons around it line up exactly where you want them.","Os widgets e as pilhas de botões passam a suportar um botão vazio totalmente transparente. Ocupa uma célula da grelha sem desenhar nada, pelo que os botões à volta ficam exatamente onde quer.",
cr_whats_new_beta_12,array,2,Buttons can show just their icon. The new Icon only switch under a button's Appearance settings drops the name and state and centers a larger icon on the button.,Os botões podem mostrar apenas o ícone. O novo interruptor «Apenas ícone» no aspeto de um botão oculta o nome e o estado e centra um ícone maior.,
cr_whats_new_beta_12,array,3,"New Custom popup action for buttons, badges, and dialog buttons. Point any tap, hold, or double tap at a popup you build yourself: it opens with the usual dialog title, status, history, and close controls, and you fill it with any widget the app offers. Popups are listed under Settings › Appearance › Popups, where Edit contents opens one ready to arrange. Popups are shared, so several buttons can open the same one, and stacks inside a popup can use up to six columns instead of three. While a popup is being arranged, a Done button sits beside Add widget to leave edit mode without closing it.","Nova ação Janela personalizada para botões, emblemas e botões de caixas de diálogo. Associe qualquer toque, toque longo ou duplo toque a uma janela criada por si: abre com o título, o estado, o histórico e o fecho habituais e enche-a com qualquer widget da aplicação. As janelas estão em Definições › Aspeto › Janelas, onde «Editar conteúdo» abre uma pronta a organizar. São partilhadas, por isso vários botões podem abrir a mesma, e as pilhas lá dentro podem usar até seis colunas em vez de três. Enquanto organiza uma janela, um botão Concluído fica ao lado de Adicionar widget para sair do modo de edição sem a fechar.",
cr_whats_new_beta_12,array,4,"Fixed the Energy detail views (Solar, Electricity, Gas, Water, City heating, Battery) drawing their cards flush against each other with their headings missing. Production, Forecast, Inverters and the rest were hidden behind the card below them; the cards now keep their headings and the usual spacing.","Corrigidas as vistas de detalhe de Energia (Solar, Eletricidade, Gás, Água, Aquecimento urbano, Bateria), que desenhavam os cartões colados e sem títulos. «Produção», «Previsão», «Inversores» e os restantes ficavam atrás do cartão seguinte; os cartões passam a manter os títulos e o espaçamento habitual.",
cr_whats_new_beta_12,array,5,"Fixed Parental Controls refusing to save. An out-of-date HKI 7 Cloud component rejects the Visible and Invisible lists, which used to fail the whole policy; the permissions now save regardless and the message says the component needs updating. Those lists only filter entity lists such as global search — a button on a family dashboard stays visible unless it is hidden for that person explicitly.*","Corrigido o Controlo parental que não guardava. Um componente HKI 7 Cloud desatualizado rejeita as listas Visível e Invisível, o que antes fazia falhar toda a política; as permissões passam a ser guardadas na mesma e a mensagem indica que o componente precisa de ser atualizado. Essas listas só filtram listas de entidades como a pesquisa global — um botão num painel de família permanece visível a não ser que seja ocultado explicitamente para essa pessoa.*",don't translate HKI 7 Cloud
cr_whats_new_beta_12,array,6,* HKI 7 Cloud Component integration required.,* Requer a integração do Componente HKI 7 Cloud.,don't translate HKI 7 Cloud
cr_whats_new_beta_11,array,1,"Rooms, Climate, Security, Energy, and Battery dashboards now make better use of tablets and foldables. Large cards follow the Home and individual-room 1/2/3-column layout, while compact tiles auto-fit without becoming cramped. Climate, Security, and Energy cards use a height-aware masonry layout on wider displays, eliminating large gaps below shorter cards.","Os painéis Divisões, Clima, Segurança, Energia e Bateria aproveitam melhor tablets e dispositivos dobráveis. Os cartões grandes seguem a disposição de uma, duas ou três colunas do Início e das divisões, enquanto os blocos compactos se ajustam automaticamente sem ficarem apertados. Em ecrãs largos, os cartões de Clima, Segurança e Energia usam uma disposição masonry que considera a altura, eliminando grandes espaços sob os cartões mais baixos.",
cr_whats_new_beta_11,array,2,State-colored icons on entity buttons and header/status pills now preserve their semantic hue while automatically shifting lighter or darker when they would blend into the current theme.,"Os ícones coloridos pelo estado nos botões de entidades e nos indicadores de cabeçalho ou estado mantêm o tom identificável, mas ficam automaticamente mais claros ou escuros quando poderiam confundir-se com o tema atual.",
cr_whats_new_beta_11,array,3,"Selecting a family dashboard during onboarding now subscribes that installation to it. Owner edits are published when Save or Done is tapped, active clients refresh immediately, and offline clients reconcile when reopened. Non-admin subscribers cannot create or duplicate dashboards unless the app is fully reset.*","Ao selecionar um painel familiar durante a configuração inicial, esta instalação fica agora subscrita. As alterações do proprietário são publicadas ao tocar em Guardar ou Concluído, os clientes ativos são atualizados imediatamente e os clientes offline sincronizam ao reabrir. Utilizadores que não sejam administradores não podem criar nem duplicar painéis até à reposição completa da aplicação.*",
cr_whats_new_beta_11,array,4,"Dashboard setup during onboarding can now restore a local, Google Drive, or Home Assistant backup. New Google Drive and Home Assistant backups use consistent, informative names containing the app version and creation date.*","A configuração inicial do painel permite agora restaurar uma cópia local, do Google Drive ou do Home Assistant. As novas cópias do Google Drive e Home Assistant usam nomes consistentes e informativos com a versão da aplicação e a data de criação.*","don't translate Home Assistant, Google Drive"
cr_whats_new_beta_11,array,5,"Calendar widgets become vertically scrollable when their height is too small for every event, and hidden Home widgets are removed from the layout instead of leaving an empty space.","Os widgets de calendário permitem deslocamento vertical quando não têm altura suficiente para todos os eventos, e os widgets ocultos do Início são removidos da disposição em vez de deixarem um espaço vazio.",
cr_whats_new_beta_11,array,6,"Parcel carrier cards now show the earliest expected delivery date and time for active incoming or outgoing shipments, including integrations that expose a separate next-delivery sensor.","Os cartões das transportadoras mostram agora a primeira data e hora de entrega prevista para envios ativos recebidos ou enviados, incluindo integrações com um sensor separado para a próxima entrega.",
cr_whats_new_beta_11,array,7,"Family permissions can now independently allow dashboard switching and creation. Fully restricted subscribers see a locked Dashboard settings tab; onboarding removes its placeholder dashboard when switching is denied, and a deleted family dashboard opens a permission-aware recovery screen instead of silently creating a replacement.*",As permissões familiares podem agora autorizar separadamente a mudança e a criação de painéis. Os subscritores totalmente limitados veem a secção Painel bloqueada; a configuração remove o painel provisório quando a mudança não é permitida e um painel familiar eliminado abre uma recuperação baseada nas permissões em vez de criar silenciosamente um substituto.*,
cr_whats_new_beta_11,array,8,"Family permissions now also control manual re-importing. Non-admins cannot open Family Sharing settings, disabled onboarding choices explain why they are unavailable, and aesthetics-only editors see only visual controls. Their local names, icons, colors, backgrounds, styles, sizes, and layouts take priority when owner updates arrive.*","As permissões familiares controlam agora também a reimportação manual. Utilizadores que não sejam administradores não podem abrir a Partilha familiar, as opções desativadas da configuração explicam por que estão indisponíveis e os editores limitados à estética veem apenas controlos visuais. Os seus nomes, ícones, cores, fundos, estilos, tamanhos e disposições locais têm prioridade quando chegam atualizações do proprietário.*",
cr_whats_new_beta_11,array,9,"Climate sensor/device tabs, Security groups, and every Energy detail tab now follow the same responsive one-, two-, or three-column masonry rules, including their edit and reorder layouts.","Os separadores de sensores e dispositivos de Clima, os grupos de Segurança e todos os separadores de detalhe de Energia seguem agora as mesmas regras masonry adaptáveis de uma, duas ou três colunas, incluindo ao editar e reordenar.",
cr_whats_new_beta_11,array,10,Aesthetics-only family editors can no longer change header-pill configuration or the dashboard's people; those functional settings remain controlled by the owner.*,Os editores familiares limitados à estética já não podem alterar a configuração das pastilhas do cabeçalho nem as pessoas do painel; estas definições funcionais continuam sob controlo do proprietário.*,
cr_whats_new_beta_11,array,11,"Parental Controls now replaces manual entity-ID entry with Visible and Invisible lists. Admins can select complete Home Assistant domains or individual entities, and global search hides restricted entities and devices. Invisible entries always take precedence.*",O Controlo parental substitui a introdução manual de IDs de entidades por listas Visível e Invisível. Os administradores podem selecionar domínios completos do Home Assistant ou entidades individuais; a pesquisa global oculta entidades e dispositivos restritos. Invisível tem sempre prioridade.*,don't translate Home Assistant
cr_whats_new_beta_11,array,12,"Energy setup now imports SmartGateways and DSMR Reader P1 meters even when the Home Assistant Energy dashboard has not been configured and the sensors are not attached to a device. Tariff 1 and tariff 2 readings are recognised separately, and usage charts and period totals add both tariffs together when no single grid import or export sensor is set.",A configuração de Energia passa a importar contadores P1 da SmartGateways e do DSMR Reader mesmo que o painel de Energia do Home Assistant não esteja configurado e os sensores não pertençam a um dispositivo. As tarifas 1 e 2 são reconhecidas separadamente e os gráficos de consumo e os totais do período somam ambas as tarifas quando não existe um sensor único de importação ou exportação.,don't translate Home Assistant
cr_whats_new_beta_11,array,13,* HKI 7 Cloud Component integration required.,* Requer a integração do Componente HKI 7 Cloud.,don't translate HKI 7 Cloud
cr_whats_new_beta_10,array,1,"Visibility rules now work across all widgets and individual items, with time, entity, person, and mixed AND/OR conditions. Admins using a family-shared dashboard can choose whether an item is Visible or Hidden for a selected user. Person conditions use HKI 7 Cloud, whose requirement is shown when it is unavailable. New rules start empty so you choose Time, Entity, or Person.","As regras de visibilidade funcionam em todos os widgets e itens, com condições Hora, Entidade, Pessoa e combinações E/OU. Os administradores de um painel familiar partilhado podem tornar um item Visível ou Oculto para um utilizador escolhido. As condições Pessoa usam o HKI 7 Cloud e mostram o requisito se a integração estiver em falta. As novas regras começam vazias: Hora, Entidade ou Pessoa.",don't translate HKI 7 Cloud
cr_whats_new_beta_10,array,2,"Room-status counter badges keep a stable two-digit width. Headers responsively fit one, two, or three counters per row like the home-page and person badges, without pushing the title down.","Os emblemas dos contadores de estado das divisões mantêm uma largura estável para dois dígitos. Os cabeçalhos adaptam-se a uma, duas ou três colunas como os emblemas do início e de pessoas, sem empurrar o título para baixo.",
cr_whats_new_beta_10,array,3,"Energy setup now recognises SmartGateways and DSMR Reader MQTT sensor names, and choosing a source device refills its separate sensor roles. City heating has dedicated settings, a source tile and detail tab, plus an estimated natural-gas equivalent for J/GJ heat readings.","A configuração de Energia reconhece sensores MQTT do SmartGateways e DSMR Reader. Escolher um dispositivo de origem volta a preencher os sensores separados. O aquecimento urbano tem definições, bloco, separador de detalhes e uma estimativa do gás equivalente para leituras em J/GJ.",
cr_whats_new_beta_10,array,4,"Calendar widget dialogs now use the available height correctly, fixing content that previously occupied only half the settings dialog or was cut off.",As janelas do widget Calendário usam agora corretamente toda a altura disponível; o conteúdo deixou de ocupar apenas metade ou de ficar cortado.,
cr_whats_new_beta_10,array,5,"Re-import settings now use one consistently spelled and localized label across Rooms, Climate, Security, Energy, and Battery. Conditional visibility wording was also corrected in every supported language.","As definições de reimportação usam agora a mesma etiqueta corretamente escrita e localizada em Divisões, Clima, Segurança, Energia e Bateria. A terminologia da visibilidade condicional também foi corrigida em todos os idiomas suportados.",
cr_whats_new_beta_10,array,6,"Fixed PostNL and the current parcel-integration parser, so incoming shipments once again show their complete tracking details and delivered state. Carrier support has also been brought up to date.","A rotação do ecrã segue agora a rotação automática do dispositivo, em vez de permanecer bloqueada no modo vertical.",
cr_whats_new_beta_10,array,7,"Added an in-app language selector with full coverage in 13 languages: Dutch, German, French, Spanish (plus Latin American Spanish), Italian, Turkish, Portuguese (plus Brazilian Portuguese), Japanese, Korean, and Chinese (Simplified and Traditional). Each language shows its native name with an English hint beneath it.","O bloco Exterior em Clima aparece com um dispositivo meteorológico mesmo sem sensores próprios, inclui os atributos de temperatura, humidade e pressão no resumo e apresenta-os com as cores de sensor correspondentes.",
cr_whats_new_beta_10,array,8,"The reconnect status now shows the actual connection error, making Wi-Fi, mobile-data, and VPN handovers much easier to diagnose.","Os códigos de estado das encomendas são apresentados como frases normais. Datas e horas seguem o idioma e o formato de 12/24 horas, entregas próximas usam dias da semana, o ano atual é omitido e a mesma data não é repetida.",
cr_whats_new_beta_10,array,9,Screen rotation now follows your device’s auto-rotate setting instead of staying locked to portrait.,"Corrigidos o PostNL e o analisador de integração de encomendas atual, pelo que as remessas recebidas voltam a mostrar os detalhes completos de rastreio e o estado de entrega. O suporte de transportadoras também foi atualizado.",
cr_whats_new_beta_10,array,10,"The Climate ""Outside"" tile now appears as soon as a weather device is linked, even without dedicated sensors, counts its temperature, humidity and pressure attributes in the summary, and graphs them with matching sensor colors.",O seletor de idioma da aplicação oferece agora cobertura completa para os 13 idiomas suportados. Cada idioma apresenta o seu nome nativo com uma indicação em inglês por baixo.,
cr_whats_new_beta_10,array,11,"Parcel status codes are now normal sentences. Dates and times follow the selected language and 12/24-hour preference, nearby deliveries use weekday names, the current year is omitted, and same-day windows no longer repeat the date.","O estado de reconexão agora mostra o erro de ligação real, tornando muito mais fácil diagnosticar transições de Wi-Fi, dados móveis e VPN.",
cr_whats_new_beta_9,array,1,"Drag to reorder cameras, thermostats, and energy cards. In edit mode the Security, Climate, and Energy views each get a Reorder button for their relevant cards.","Arraste para reordenar câmaras, termóstatos e cartões de energia. No modo de edição, as vistas Segurança, Clima e Energia têm cada uma um botão Reordenar para os respetivos cartões.",
cr_whats_new_beta_9,array,2,"New Climate Outside tile. Link a weather entity or outdoor temperature, humidity, and air-pressure sensors, then open the tile for individual history graphs.","Novo bloco Clima Exterior. Associe uma entidade meteorológica ou sensores de temperatura, humidade e pressão do ar exteriores e depois abra o bloco para gráficos de histórico individuais.",
cr_whats_new_beta_9,array,3,"Visibility now belongs to each button and header badge. Hide an item or schedule it once or on a daily, weekly, monthly, or yearly recurrence.","A visibilidade pertence agora a cada botão e emblema de cabeçalho. Oculte um item ou agende-o uma vez ou com recorrência diária, semanal, mensal ou anual.",
cr_whats_new_beta_9,array,4,Header badges can be renamed from Appearance settings.,Os emblemas de cabeçalho podem ser renomeados nas definições de Aparência.,
cr_whats_new_beta_9,array,5,Swiping cards autoplay every three seconds by default.,Os cartões deslizantes reproduzem automaticamente a cada três segundos por predefinição.,
cr_whats_new_beta_9,array,6,"The Weather dialog adds autoplay for Season, a windrose card, and an optional rain-map card from a camera or embedded web page.","O diálogo de Meteorologia adiciona reprodução automática para a Estação, um cartão de rosa dos ventos e um cartão opcional de mapa de chuva a partir de uma câmara ou página web incorporada.",
cr_whats_new_beta_9,array,7,"The Parcels widget was rebuilt around carriers, with logos, account totals, shipment sections, estimates, tracking history, and add-by-tracking support where available.","O widget de Encomendas foi reconstruído em torno das transportadoras, com logótipos, totais de conta, secções de remessas, estimativas, histórico de rastreio e suporte para adicionar por número de rastreio quando disponível.",
cr_whats_new_beta_9,array,8,"Humidifiers and dehumidifiers now have native power, humidity, mode, speed, and helper controls throughout the app.","Humidificadores e desumidificadores têm agora controlos nativos de energia, humidade, modo, velocidade e auxiliares em toda a aplicação.",
cr_whats_new_beta_9,array,9,Room status counters are interactive and open the entities behind each count.,Os contadores de estado da divisão são interativos e abrem as entidades por trás de cada contagem.,
cr_whats_new_beta_9,array,10,Buttons and badges can show a live countdown from a completion-time entity.,Botões e emblemas podem mostrar uma contagem decrescente ao vivo a partir de uma entidade de hora de conclusão.,
cr_whats_new_beta_9,array,11,Shared dashboards publish owner edits automatically and recipients receive them on their next sync.,Os painéis partilhados publicam automaticamente as edições do proprietário e os destinatários recebem-nas na sincronização seguinte.,
cr_whats_new_beta_9,array,12,Header display settings now belong to each dashboard and travel through backups and family sharing.,As definições de visualização do cabeçalho pertencem agora a cada painel e acompanham as cópias de segurança e a partilha familiar.,
cr_whats_new_beta_9,array,13,Camera widgets fill the entire tile and follow the configured corner radius.,Os widgets de câmara preenchem todo o bloco e seguem o raio de canto configurado.,
cr_whats_new_beta_9,array,14,"Waste collections on the same day now overlap visibly, and the larger dialog can be dismissed by tapping outside.","As recolhas de resíduos no mesmo dia sobrepõem-se agora de forma visível, e o diálogo maior pode ser fechado tocando fora.",
cr_whats_new_beta_9,array,15,"Battery, Waste, camera, weather, and About visuals are now more consistent.","Os visuais de Bateria, Resíduos, câmara, meteorologia e Sobre são agora mais consistentes.",
cr_whats_new_beta_9,array,16,"Binary sensors use Home Assistant-style Open/Closed, Wet/Dry, Detected/Clear, and Connected/Disconnected labels.","Os sensores binários usam etiquetas ao estilo do Home Assistant: Aberto/Fechado, Molhado/Seco, Detetado/Livre e Ligado/Desligado.",don't translate Home Assistant
cr_whats_new_beta_9,array,17,"Aesthetic-only editors can change existing badge visuals but cannot add, remove, or reconfigure badges.","Os editores apenas estéticos podem alterar os visuais de emblemas existentes, mas não podem adicionar, remover ou reconfigurar emblemas.",
cr_whats_new_beta_9,array,18,Fixed network handovers: sockets tied to the old Android network are discarded and the saved Home Assistant session reconnects without an unnecessary login. Reconnect status also shows the failure reason.,Corrigidas transições de rede: os sockets associados à rede Android antiga são descartados e a sessão guardada do Home Assistant religa-se sem um início de sessão desnecessário. O estado de reconexão também mostra o motivo da falha.,don't translate Home Assistant
cr_whats_new_beta_8,array,1,Child locks are no longer imported automatically as room controls.,Os trincos infantis deixaram de ser importados automaticamente como controlos de divisão.,
cr_whats_new_beta_8,array,2,Every button and badge now honours Home Assistant entity-icon overrides.,Todos os botões e emblemas respeitam agora as substituições de ícone de entidade do Home Assistant.,don't translate Home Assistant
cr_whats_new_beta_8,array,3,Vacuums now appear in the room badge bar and open their controls when tapped.,Os aspiradores aparecem agora na barra de emblemas da divisão e abrem os seus controlos ao serem tocados.,
cr_whats_new_beta_8,array,4,"Individual buttons in multi-item widgets can be hidden or scheduled, including recurring annual date ranges.","Os botões individuais em widgets com vários itens podem ser ocultados ou agendados, incluindo intervalos de datas anuais recorrentes.",
cr_whats_new_beta_8,array,5,Multiple camera badges now open one swipeable dialog with fullscreen paging.,Vários emblemas de câmara abrem agora um único diálogo deslizante com paginação em ecrã inteiro.,
cr_whats_new_beta_8,array,6,"Family Sharing now lists cloud-published dashboards so they can be imported, reshared, or deleted after a reinstall.","A Partilha Familiar lista agora os painéis publicados na nuvem, para que possam ser importados, repartilhados ou eliminados após uma reinstalação.",
cr_whats_new_beta_7,array,1,Automatic room import now skips built-in helper controls while retaining genuine extra controls.,"A importação automática de divisões agora ignora controlos auxiliares incorporados, mantendo os controlos extra genuínos.",
cr_whats_new_beta_7,array,2,Climate devices from different integrations are no longer merged into one control.,Os dispositivos de clima de diferentes integrações deixaram de ser fundidos num único controlo.,
cr_whats_new_beta_7,array,3,"Climate-device icons now match air conditioners, humidifiers, dehumidifiers, and air purifiers.","Os ícones de dispositivos de clima correspondem agora a ar condicionado, humidificadores, desumidificadores e purificadores de ar.",
cr_whats_new_beta_7,array,4,Air-purifier and humidifier icons pulse gently instead of spinning.,Os ícones de purificador de ar e humidificador pulsam suavemente em vez de rodar.,
cr_whats_new_beta_7,array,5,Door locks now use closed-door and open-door icons.,Os trincos de porta usam agora ícones de porta fechada e porta aberta.,
cr_whats_new_beta_7,array,6,Multi-device header badges can be reordered to choose their leading entity.,Os emblemas de cabeçalho multidispositivo podem ser reordenados para escolher a sua entidade principal.,
cr_whats_new_beta_7,array,7,Animated icon effects are enabled by default on new installations.,Os efeitos de ícone animados estão ativados por predefinição em novas instalações.,
cr_whats_new_beta_7,array,8,Buttons and badges can display an entity attribute and optional unit instead of its state.,Botões e emblemas podem mostrar um atributo de entidade e unidade opcional em vez do seu estado.,
cr_whats_new_beta_7,array,9,"Dashboards can now be copied with all rooms, widgets, and page settings.","Os painéis podem agora ser copiados com todas as divisões, widgets e definições de página.",
cr_whats_new_beta_7,array,10,"Family Sharing now combines parental controls, dashboard sharing, and per-user permissions.","A Partilha Familiar combina agora controlo parental, partilha de painéis e permissões por utilizador.",
cr_whats_new_beta_7,array,11,Shared dashboards update automatically while keeping allowed local visual changes.,Os painéis partilhados atualizam-se automaticamente mantendo as alterações visuais locais permitidas.,
cr_whats_new_beta_7,array,12,Non-admin family members can use automatic per-room Adaptive Lighting controls when the HKI 7 Cloud component is installed.,Os membros da família sem privilégios de administrador podem usar controlos automáticos de Iluminação Adaptativa por divisão quando o componente HKI 7 Cloud está instalado.,don't translate HKI 7 Cloud
cr_whats_new_beta_7,array,13,Fixed unreadable header and pull-down labels in light mode and with custom appearances.,Corrigidas etiquetas ilegíveis do cabeçalho e do puxador em modo claro e com aparências personalizadas.,
cr_whats_new_beta_7,array,14,About now provides What’s new and Full changelog buttons.,A secção Sobre disponibiliza agora os botões Novidades e Registo completo de alterações.,
cr_whats_new_beta_7,array,15,Fixed the Unable to connect screen so it appears reliably when Home Assistant cannot be reached.,Corrigido o ecrã Não é possível ligar para que apareça de forma fiável quando o Home Assistant não pode ser alcançado.,don't translate Home Assistant
cr_whats_new_beta_6,array,1,Fixed edit-mode action bars overlapping Android three-button navigation.,Corrigidas as barras de ação do modo de edição que se sobrepunham à navegação de três botões do Android.,
cr_whats_new_beta_6,array,2,The Backup and Restore screen now shows when each automatic cloud backup last ran.,O ecrã de Cópia de Segurança e Restauro mostra agora quando cada cópia de segurança automática na nuvem foi executada pela última vez.,
cr_whats_new_beta_6,array,3,Each cloud backup now has a Back up now button.,Cada cópia de segurança na nuvem tem agora um botão Fazer cópia agora.,
cr_whats_new_beta_6,array,4,Fixed the oversized app icon after the themed-icon update.,Corrigido o ícone de aplicação com tamanho excessivo após a atualização de ícones com tema.,
cr_whats_new_beta_4_to_5,array,1,The Backup and Restore screen now shows when each automatic cloud backup last ran.,O ecrã de Cópia de Segurança e Restauro mostra agora quando cada cópia de segurança automática na nuvem foi executada pela última vez.,
cr_whats_new_beta_4_to_5,array,2,Each cloud backup now has a Back up now button.,Cada cópia de segurança na nuvem tem agora um botão Fazer cópia agora.,
cr_whats_new_beta_4_to_5,array,3,Fixed the oversized app icon after the themed-icon update.,Corrigido o ícone de aplicação com tamanho excessivo após a atualização de ícones com tema.,
cr_whats_new_beta_3,array,1,"Added Simple Icons, Tabler, and Phosphor icon packs alongside Material Design Icons.","Adicionados os pacotes de ícones Simple Icons, Tabler e Phosphor, além do Material Design Icons.",
cr_whats_new_beta_3,array,2,"Added animated entity icons that glow, spin, or pulse while active.","Adicionados ícones de entidade animados que brilham, rodam ou pulsam enquanto ativos.",
cr_whats_new_beta_3,array,3,Added family dashboard sharing for admins.*,Adicionada partilha de painéis familiares para administradores.*,
cr_whats_new_beta_3,array,4,Added parental controls that can hide selected views and rooms for specific people.*,Adicionados controlos parentais que podem ocultar vistas e divisões selecionadas para pessoas específicas.*,
cr_whats_new_beta_3,array,5,Added automatic daily backup to your own Home Assistant.*,Adicionada cópia de segurança diária automática para o seu próprio Home Assistant.*,don't translate Home Assistant
cr_whats_new_beta_3,array,6,Media-source icons are colored and can open the installed source app.,Os ícones de fontes de média são coloridos e podem abrir a aplicação de origem instalada.,
cr_whats_new_beta_3,array,7,New iFrame widget for embedding web pages.,Novo widget iFrame para incorporar páginas web.,
cr_whats_new_beta_3,array,8,Energy views now show negative values while exporting power.,As vistas de Energia mostram agora valores negativos durante a exportação de energia.,
cr_whats_new_beta_3,array,9,Fixed onboarding completing when switching away before finishing.,Corrigida a conclusão indevida do processo de introdução ao mudar de ecrã antes de terminar.,
cr_whats_new_beta_3,array,10,Fixed the thermostat-dial mode button overlapping nearby items.,Corrigido o botão de modo do mostrador do termóstato que se sobrepunha a itens próximos.,
cr_whats_new_beta_3,array,11,Many smaller bug fixes.,Muitas outras correções menores.,
cr_whats_new_beta_3,array,12,* HKI 7 Cloud Component integration required.,* Requer a integração do Componente HKI 7 Cloud.,don't translate HKI 7 Cloud
cr_whats_new_beta_2,array,1,"Improved layouts on short and narrow displays, with a single-column fallback throughout the app.","Disposições melhoradas em ecrãs baixos e estreitos, com um modo de coluna única em toda a aplicação.",
cr_whats_new_beta_2,array,2,Dialog headers use two rows on narrow screens so titles are no longer cut off.,Os cabeçalhos de diálogo usam duas linhas em ecrãs estreitos para que os títulos deixem de ser cortados.,
cr_whats_new_beta_2,array,3,Fixed Adaptive Lighting sliders overlapping other elements.,Corrigidos os cursores de Iluminação Adaptativa que se sobrepunham a outros elementos.,
cr_whats_new_beta_2,array,4,Navigation bars now indicate when more items are available off-screen.,As barras de navegação indicam agora quando há mais itens disponíveis fora do ecrã.,
cr_whats_new_beta_2,array,5,Fixed cameras ignoring the screen-orientation lock.,Corrigidas as câmaras que ignoravam o bloqueio de orientação do ecrã.,
cr_whats_new_beta_2,array,6,Fixed zoom in camera dialogs and fullscreen cameras.,Corrigido o zoom nos diálogos de câmara e câmaras em ecrã inteiro.,
global_search_browse_entities,plural,one,Browse %1$d entity on this device,Ver %1$d entidade neste dispositivo,keep %1$d
global_search_browse_entities,plural,other,Browse %1$d entities on this device,Ver %1$d entidades neste dispositivo,keep %1$d
global_search_entity_count,plural,one,%1$d entity,%1$d entidade,keep %1$d
global_search_entity_count,plural,other,%1$d entities,%1$d entidades,keep %1$d
rooms_count,plural,one,%1$d room,%1$d divisão,keep %1$d
rooms_count,plural,other,%1$d rooms,%1$d divisões,keep %1$d
core_system,string,,System,Sistema,
core_greeting_morning,string,,Good Morning,Bom Dia,
core_greeting_afternoon,string,,Good Afternoon,Boa Tarde,
core_greeting_evening,string,,Good Evening,Boa Noite,
core_greeting_night,string,,Good Night,Boa Noite,
core_last_seen_just_now,string,,Last seen just now,Visto pela última vez agora mesmo,
core_no_media_playing,string,,No media is playing,Nenhum média em reprodução,
core_media_players_playing,plural,one,%1$d media player is playing,%1$d leitor de média em reprodução,keep %1$d
core_media_players_playing,plural,other,%1$d media players are playing,%1$d leitores de média em reprodução,keep %1$d
core_last_seen_minutes,plural,one,Last seen %1$d minute ago,Visto pela última vez há %1$d minuto,keep %1$d
core_last_seen_minutes,plural,other,Last seen %1$d minutes ago,Visto pela última vez há %1$d minutos,keep %1$d
core_last_seen_hours,plural,one,Last seen %1$d hour ago,Visto pela última vez há %1$d hora,keep %1$d
core_last_seen_hours,plural,other,Last seen %1$d hours ago,Visto pela última vez há %1$d horas,keep %1$d
core_last_seen_days,plural,one,Last seen %1$d day ago,Visto pela última vez há %1$d dia,keep %1$d
core_last_seen_days,plural,other,Last seen %1$d days ago,Visto pela última vez há %1$d dias,keep %1$d
core_last_seen_weeks,plural,one,Last seen %1$d week ago,Visto pela última vez há %1$d semana,keep %1$d
core_last_seen_weeks,plural,other,Last seen %1$d weeks ago,Visto pela última vez há %1$d semanas,keep %1$d
dlg_1_advanced_shorthand_block_kept_unchanged,string,,1 advanced shorthand block (kept unchanged),1 bloco abreviado avançado (mantido inalterado),
dlg_24_hour_format,string,,24-Hour Format,Formato de 24 horas,
dlg_action_count,string,,%1$s action,%1$s ação,keep %1$s
dlg_action,string,,Action,Ação,
dlg_action_data,string,,Action data,Dados da ação,
dlg_action_data_object,string,,Action data object,Objeto de dados da ação,
dlg_action_details,string,,Action details,Detalhes da ação,
dlg_adapt_now,string,,Adapt now,Adaptar agora,
dlg_adaptive_lighting,string,,Adaptive Lighting,Iluminação Adaptativa,
dlg_adaptive_lighting_is_unavailable,string,,Adaptive Lighting is unavailable,A Iluminação Adaptativa não está disponível,
dlg_add_4_10_entity_buttons_to_this_dialog_s,string,,Add 4–10 entity buttons to this dialog's nav bar.,Adicione 4 a 10 botões de entidade à barra de navegação deste diálogo.,
dlg_add,string,,Add,Adicionar,
dlg_add_at_least_one_step,string,,Add at least one step,Adicione pelo menos um passo,
dlg_add_button,string,,Add button,Adicionar botão,
dlg_add_custom_buttons,string,,Add Custom Buttons,Adicionar botões personalizados,
dlg_add_more_for_a_full_row,string,,Add %1$s more for a full row.,Adicione mais %1$s para completar uma linha.,keep %1$s
dlg_add_to,string,,Add to %1$s,Adicionar a %1$s,keep %1$s
dlg_advanced,string,,Advanced,Avançado,
dlg_advanced_action_data_json,string,,Advanced action data (JSON),Dados de ação avançados (JSON),
dlg_advanced_shorthand_blocks_kept_unchanged,string,,%1$s advanced shorthand blocks (kept unchanged),%1$s blocos abreviados avançados (mantidos inalterados),keep %1$s
dlg_alarm_entities,string,,Alarm entities,Entidades de alarme,
dlg_alarm_pending,string,,Alarm pending,Alarme pendente,
dlg_alignment,string,,Alignment,Alinhamento,
dlg_always,string,,Always,Sempre,
dlg_any_state,string,,Any state,Qualquer estado,
dlg_appearance,string,,Appearance,Aparência,
dlg_apply,string,,Apply,Aplicar,
dlg_aspect_ratio,string,,Aspect ratio,Proporção,
dlg_astronomical_tap_or_swipe,string,,Astronomical · tap or swipe,Astronómico · toque ou deslize,
dlg_auto,string,,Auto,Auto,
dlg_auto_none,string,,Auto / none,Auto / nenhum,
dlg_auto_scan,string,,Auto-scan,Análise automática,
dlg_automation,string,,Automation,Automação,
dlg_back,string,,Back,Voltar,
dlg_backspace,string,,Backspace,Retrocesso,
dlg_badge_bar_layout,string,,Badge bar layout,Disposição da barra de emblemas,
dlg_batt,string,,Batt,Bat.,
dlg_battery_value,string,,Battery: %1$s,Bateria: %1$s,keep %1$s
dlg_built_in,string,,Built-in,Incorporado,
dlg_cancel,string,,Cancel,Cancelar,
dlg_cancel_arming,string,,Cancel arming,Cancelar armar,
dlg_change,string,,Change,Alterar,
dlg_choose_a_side_when_the_badge_bar_is_split,string,,Choose a side when the badge bar is split,Escolha um lado quando a barra de emblemas está dividida,
dlg_choose_a_state,string,,Choose a state,Escolha um estado,
dlg_condition,string,,Condition,Condição,
dlg_condition_is,string,,Is,É,
dlg_condition_is_not,string,,Is not,Não é,
dlg_condition_state,string,,State,Estado,
dlg_vis_and,string,,AND,E,
dlg_vis_conditional,string,,Conditional,Condicional,
dlg_vis_entity_state,string,,Entity state,Estado da entidade,
dlg_vis_person,string,,Person,Pessoa,
dlg_visible,string,,Visible,Visível,
dlg_choose_person,string,,Choose person,Escolher pessoa,
dlg_person_condition_hint,string,,Matches the signed-in Home Assistant user. This rule travels with a shared dashboard.,Corresponde ao utilizador do Home Assistant com sessão iniciada. Esta regra acompanha um painel partilhado.,don't translate Home Assistant
dlg_person_requires_hki7_cloud,string,,Person visibility requires the HKI 7 Cloud component. Install it to select Home Assistant users here.,A visibilidade por pessoa requer o componente HKI 7 Cloud. Instale-o para escolher aqui utilizadores do Home Assistant.,"don't translate HKI 7 Cloud, Home Assistant"
dlg_vis_match,string,,Match,Corresponder,
dlg_vis_match_all,string,,All rules,Todas as regras,
dlg_vis_match_any,string,,Any rule,Qualquer regra,
dlg_vis_or,string,,OR,OU,
dlg_vis_time_schedule,string,,Time schedule,Cronograma,
dlg_choose_a_visual_home_assistant_block,string,,Choose a visual Home Assistant block,Escolha um bloco visual do Home Assistant,don't translate Home Assistant
dlg_choose_action,string,,Choose action,Escolher ação,
dlg_choose_an_action,string,,Choose an action,Escolha uma ação,
dlg_choose_an_entity,string,,Choose an entity,Escolha uma entidade,
dlg_choose_an_entity_first,string,,Choose an entity first,Escolha primeiro uma entidade,
dlg_choose_entity,string,,Choose entity,Escolher entidade,
dlg_choose_the_home_assistant_entities_that_drive_this_room,string,,Choose the Home Assistant entities that drive this room's live indicators. Indicators only appear while they are active.,Escolha as entidades do Home Assistant que controlam os indicadores ao vivo desta divisão. Os indicadores só aparecem enquanto estiverem ativos.,don't translate Home Assistant
dlg_choose_the_profile_for_this_light,string,,Choose the profile for this light,Escolha o perfil para esta luz,
dlg_choose_what_this_action_should_control,string,,Choose what this action should control,Escolha o que esta ação deve controlar,
dlg_choose_what_this_badge_summarizes,string,,Choose what this badge summarizes,Escolha o que este emblema resume,
dlg_choose_what_this_header_pill_shows,string,,Choose what this header pill shows,Escolha o que esta cápsula de cabeçalho mostra,
dlg_clear,string,,Clear,Limpar,
dlg_clear_rooms_view,string,,Clear rooms view?,Limpar a vista de divisões?,
dlg_climate_dialog_control,string,,Climate dialog control,Controlo do diálogo de clima,
dlg_climate_sources_take_priority_and_use_their_current_temper,string,,Climate sources take priority and use their current_temperature and current_humidity values. ,As fontes de clima têm prioridade e usam os seus valores current_temperature e current_humidity. ,keep the space at the start/end
dlg_climate_summary,string,,Climate summary,Resumo do clima,
dlg_close,string,,Close,Fechar,
dlg_confirm,string,,Confirm,Confirmar,
dlg_controls_light_in_this_profile,string,,Controls %1$s light%2$s in this profile.,Controla %1$s luz%2$s neste perfil.,keep %1$s %2$s
dlg_countdown_timer,string,,Countdown timer,Temporizador de contagem decrescente,
dlg_create_a_flow,string,,Create a flow,Criar um fluxo,
dlg_current,string,,Current %1$s%%,Atual %1$s%%,keep %1$s
dlg_current_weather,string,,Current weather,Meteorologia atual,
dlg_custom,string,,Custom,Personalizado,
dlg_custom_buttons,string,,Custom buttons,Botões personalizados,
dlg_custom_value,string,,Custom %1$s,%1$s personalizado,keep %1$s
dlg_custom_name,string,,Custom name,Nome personalizado,
dlg_custom_seconds,string,,Custom seconds,Segundos personalizados,
dlg_custom_state,string,,Custom state...,Estado personalizado...,
dlg_date,string,,Date,Data,
dlg_day_to,string,,%1$s day%2$s to %3$s,%1$s dia%2$s para %3$s,keep %1$s %2$s %3$s
dlg_delete_automation,string,,Delete automation?,Eliminar automação?,
dlg_delete,string,,Delete,Eliminar,
dlg_description,string,,Description,Descrição,
dlg_details,string,,Details,Detalhes,
dlg_device_value,string,,Device: %1$s,Dispositivo: %1$s,keep %1$s
dlg_device,string,,Device,Dispositivo,
dlg_direction,string,,Direction —,Direção —,
dlg_display,string,,Display,Visualização,
dlg_display_linked_entities_and_dialog_layout,string,,"Display, linked entities, and dialog layout","Visualização, entidades associadas e disposição do diálogo",
dlg_display_mode,string,,Display mode,Modo de visualização,
dlg_display_order,string,,Display order,Ordem de visualização,
dlg_done,string,,Done,Concluído,
dlg_door_sensors,string,,Door sensors,Sensores de porta,
dlg_edit,string,,Edit,Editar,
dlg_empty_bin,string,,Empty bin: %1$s,Esvaziar caixote: %1$s,keep %1$s
dlg_end,string,,End: %1$s,Fim: %1$s,keep %1$s
dlg_enter_a_valid_json_object,string,,Enter a valid JSON object,Introduza um objeto JSON válido,
dlg_enter_code,string,,Enter code,Introduzir código,
dlg_enter_the_same_data_object_home_assistant_shows_in,string,,Enter the same data object Home Assistant shows in YAML. JSON is used here so values keep their exact type.,Introduza o mesmo objeto de dados que o Home Assistant mostra em YAML. Aqui é usado JSON para que os valores mantenham o seu tipo exato.,don't translate Home Assistant
dlg_entities_count,string,,Entities (%1$s),Entidades (%1$s),keep %1$s
dlg_entities_appearance_and_interactions,string,,"Entities, appearance, and interactions","Entidades, aparência e interações",
dlg_entities,string,,Entities,Entidades,
dlg_entities_that_signal_activity_or_safety_states,string,,Entities that signal activity or safety states,Entidades que sinalizam atividade ou estados de segurança,
dlg_entity_integrations,string,,Entity integrations,Integrações de entidade,
dlg_entity_name,string,,Entity name,Nome da entidade,
dlg_entity_picture,string,,Entity picture,Imagem da entidade,
dlg_event,string,,Event,Evento,
dlg_exact_text_or_number_reported_by_home_assistant,string,,Exact text or number reported by Home Assistant,Texto ou número exato reportado pelo Home Assistant,don't translate Home Assistant
dlg_exit_full_screen,string,,Exit full screen,Sair do ecrã inteiro,
dlg_floor,string,,Floor,Andar,
dlg_floor_assignment,string,,Floor assignment,Atribuição de andar,
dlg_flows,string,,Flows,Fluxos,
dlg_forecast,string,,Forecast,Previsão,
dlg_forget_selection,string,,Forget selection,Esquecer seleção,
dlg_forward,string,,Forward,Avançar,
dlg_from,string,,From %1$s,De %1$s,keep %1$s
dlg_from_state,string,,From state,Do estado,
dlg_full_day_name,string,,Full Day Name,Nome completo do dia,
dlg_group_light_paused_for_manual_control,string,,%1$s group light%2$s paused for manual control.,%1$s luz%2$s de grupo em pausa para controlo manual.,keep %1$s %2$s
dlg_header_appearance,string,,Header appearance,Aparência do cabeçalho,
dlg_header_custom_color_rrggbb,string,,Header custom color (#RRGGBB),Cor personalizada do cabeçalho (#RRGGBB),
dlg_header_pill,string,,Header pill,Cápsula de cabeçalho,
dlg_hidden,string,,Hidden,Oculto,
dlg_hidden_during,string,,Hidden during,Oculto durante,
dlg_hide_this_badge_or_schedule_when_it_appears,string,,"Hide this badge, or schedule when it appears","Oculte este emblema, ou agende quando aparece",
dlg_https,string,,https://…,https://…,
dlg_humidity,string,,Humidity,Humidade,
dlg_icon,string,,Icon,Ícone,
dlg_icon_animation,string,,Icon animation,Animação do ícone,
dlg_icon_value,string,,Icon: %1$s,Ícone: %1$s,keep %1$s
dlg_identity,string,,Identity,Identidade,
dlg_identity_presentation_indicators_and_maintenance,string,,"Identity, presentation, indicators, and maintenance","Identidade, apresentação, indicadores e manutenção",
dlg_import_only_rooms_that_have_not_been_edited_or,string,,"Import only rooms that have not been edited, or rebuild everything. Rebuilding removes all edited rooms and floors before importing them from scratch.","Importe apenas divisões que não foram editadas, ou reconstrua tudo. Reconstruir remove todas as divisões e andares editados antes de os importar do zero.",
dlg_import_unedited,string,,Import unedited,Importar não editadas,
dlg_interactions,string,,Interactions,Interações,
dlg_is,string,, is, é,keep the space at the start/end
dlg_items,string,,%1$s items,%1$s itens,keep %1$s
dlg_last_run,string,,Last run %1$s,Última execução %1$s,keep %1$s
dlg_left,string,,Left,Esquerda,
dlg_left_side_overflows_right,string,,Left side overflows right,O lado esquerdo excede o direito,
dlg_live,string,,Live,Ao vivo,
dlg_live_uppercase,string,,LIVE,AO VIVO,
dlg_live_indicators,string,,Live indicators,Indicadores ao vivo,
dlg_loading_actions,string,,Loading actions…,A carregar ações…,
dlg_lunar_phase,string,,Lunar phase,Fase lunar,
dlg_map,string,,Map,Mapa,
dlg_map_value,string,,Map: %1$s,Mapa: %1$s,keep %1$s
dlg_media,string,,Media,Média,
dlg_media_browsing_isn_t_available_for_this_player,string,,Media browsing isn't available for this player.,A navegação de média não está disponível para este leitor.,
dlg_media_library,string,,Media library,Biblioteca de média,
dlg_media_players,string,,Media players,Leitores de média,
dlg_meteorological_tap_or_swipe,string,,Meteorological · tap or swipe,Meteorológico · toque ou deslize,
dlg_mm,string,,%1$s mm,%1$s mm,keep %1$s
dlg_modes,string,,Modes,Modos,
dlg_moon,string,,Moon,Lua,
dlg_move_down,string,,Move down,Mover para baixo,
dlg_move_up,string,,Move up,Mover para cima,
dlg_multiple_climate_values_are_averaged_separate_sensor_value,string,,Multiple climate values are averaged. Separate sensor values are averaged only when no climate source is selected.,Vários valores de clima são calculados em média. Os valores de sensores separados só são calculados em média quando não é selecionada nenhuma fonte de clima.,
dlg_name,string,,Name,Nome,
dlg_name_and_icon_used_throughout_the_app,string,,Name and icon used throughout the app,Nome e ícone usados em toda a aplicação,
dlg_name_optional,string,,Name (optional),Nome (opcional),
dlg_native_home_assistant_automations_always_in_sync,string,,"Native Home Assistant automations, always in sync","Automações nativas do Home Assistant, sempre sincronizadas",don't translate Home Assistant
dlg_never_triggered,string,,Never triggered,Nunca acionado,
dlg_new_flow,string,,New flow,Novo fluxo,
dlg_next_camera,string,,Next camera,Câmara seguinte,
dlg_no_conditions_this_flow_always_continues,string,,No conditions — this flow always continues,Sem condições — este fluxo continua sempre,
dlg_no_door_sensor,string,,No door sensor,Nenhum sensor de porta,
dlg_no_forecast_available,string,,No forecast available,Nenhuma previsão disponível,
dlg_no_matching_automations,string,,No matching automations,Nenhuma automação correspondente,
dlg_no_native_home_assistant_automations_found,string,,No native Home Assistant automations found,Nenhuma automação nativa do Home Assistant encontrada,don't translate Home Assistant
dlg_no_profile_available,string,,No profile available,Nenhum perfil disponível,
dlg_no_stream_available,string,,No stream available,Nenhuma transmissão disponível,
dlg_no_supported_alarm_modes_reported_by_this_entity,string,,No supported alarm modes reported by this entity,Nenhum modo de alarme suportado reportado por esta entidade,
dlg_no_target,string,,No target,Sem destino,
dlg_none,string,,None,Nenhum,
dlg_none_timer_follows_the_completion_time_only,string,,None — timer follows the completion time only,Nenhum — o temporizador segue apenas a hora de conclusão,
dlg_not_loaded_by_home_assistant,string,,Not loaded by Home Assistant,Não carregado pelo Home Assistant,don't translate Home Assistant
dlg_nothing_here,string,,Nothing here.,Nada aqui.,
dlg_off_uppercase,string,,OFF,DESLIGADO,
dlg_off,string,,Off,Desligado,
dlg_on_uppercase,string,,ON,LIGADO,
dlg_on,string,,On,Ligado,
dlg_percent_on,string,,%1$s%% • ON,%1$s%% • LIGADO,keep %1$s
dlg_open_camera_full_screen,string,,Open camera full screen,Abrir câmara em ecrã inteiro,
dlg_open,string,,Open,Abrir,
dlg_optional_controls_and_sensors_for_richer_dialogs,string,,Optional controls and sensors for richer dialogs,Controlos e sensores opcionais para diálogos mais completos,
dlg_optional_fields_passed_to_home_assistant,string,,Optional fields passed to Home Assistant,Campos opcionais enviados ao Home Assistant,don't translate Home Assistant
dlg_optional_label_shown_when_name_is_enabled_above,string,,"Optional label shown when ""Name"" is enabled above","Etiqueta opcional mostrada quando ""Nome"" está ativado acima",
dlg_oscillate,string,,Oscillate,Oscilar,
dlg_pause,string,,Pause,Pausar,
dlg_pause_adaptation,string,,Pause adaptation,Pausar adaptação,
dlg_pending_timer,string,,Pending timer,Temporizador pendente,
dlg_pick_a_source_device_or_fine_tune_individual_roles,string,,Pick a source device or fine-tune individual roles,Escolha um dispositivo de origem ou ajuste funções individuais,
dlg_place_this_room_in_the_correct_floor_group,string,,Place this room in the correct floor group,Coloque esta divisão no grupo de andar correto,
dlg_placement,string,,Placement,Colocação,
dlg_players_summarized_by_the_room_header_and_card,string,,Players summarized by the room header and card,Leitores resumidos pelo cabeçalho e cartão da divisão,
dlg_please_wait,string,,Please wait…,Aguarde…,
dlg_precipitation,string,,Precipitation,Precipitação,
dlg_presets_uppercase,string,,PRESETS,PREDEFINIÇÕES,
dlg_presets,string,,Presets,Predefinições,
dlg_previous_camera,string,,Previous camera,Câmara anterior,
dlg_profile,string,,Profile,Perfil,
dlg_profile_switches_affect_every_light_assigned_to,string,,Profile switches affect every light assigned to %1$s.,As alterações de perfil afetam todas as luzes atribuídas a %1$s.,keep %1$s
dlg_rain,string,,Rain,Chuva,
dlg_rain_map,string,,Rain map,Mapa de chuva,
dlg_rain_map_url_iframe,string,,Rain map URL (iframe),URL do mapa de chuva (iframe),
dlg_re_import_rooms,string,,Re-import rooms,Reimportar divisões,
dlg_read_only_home_assistant_automation,string,,Read-only Home Assistant automation,Automação do Home Assistant só de leitura,don't translate Home Assistant
dlg_recipes_create_regular_home_assistant_automations_you_can,string,,Recipes create regular Home Assistant automations. You can continue editing them in either HKI7 or Home Assistant.,As receitas criam automações normais do Home Assistant. Pode continuar a editá-las tanto na HKI7 como no Home Assistant.,"don't translate Home Assistant, HKI7"
dlg_remove,string,,Remove,Remover,
dlg_remove_edits_and_import_all,string,,Remove edits and import all,Remover edições e importar tudo,
dlg_repeat,string,,Repeat,Repetir,
dlg_repeats_every_day_only_the_time_of_day_is,string,,Repeats every day — only the time of day is used.,Repete todos os dias — só a hora do dia é usada.,
dlg_repeats_every_month_only_the_day_of_the_month,string,,Repeats every month — only the day of the month and time are used.,Repete todos os meses — só o dia do mês e a hora são usados.,
dlg_repeats_every_week_only_the_weekday_and_time_are,string,,Repeats every week — only the weekday and time are used.,Repete todas as semanas — só o dia da semana e a hora são usados.,
dlg_repeats_every_year_the_year_is_ignored_so_e,string,,"Repeats every year — the year is ignored, so e.g. 24–26 Dec recurs each Christmas.","Repete todos os anos — o ano é ignorado, por isso, por exemplo, 24–26 de dez. repete-se todos os anos no Natal.",
dlg_required,string,, (required), (obrigatório),keep the space at the start/end
dlg_required_state,string,,Required state,Estado obrigatório,
dlg_resume_adaptation,string,,Resume adaptation,Retomar adaptação,
dlg_resume,string,,Resume,Retomar,
dlg_reverse,string,,Reverse,Inverter,
dlg_right,string,,Right,Direita,
dlg_right_side_overflows_left,string,,Right side overflows left,O lado direito excede o esquerdo,
dlg_room_areas,string,,Room areas,Áreas de divisão,
dlg_room_climate,string,,Room climate,Clima da divisão,
dlg_room_name,string,,Room name,Nome da divisão,
dlg_run_mode,string,,Run mode,Modo de execução,
dlg_running_state_entity,string,,Running-state entity,Entidade de estado de funcionamento,
dlg_s_are,string,,s are,s estão,
dlg_save,string,,Save,Guardar,
dlg_save_in_home_assistant,string,,Save in Home Assistant,Guardar no Home Assistant,don't translate Home Assistant
dlg_saved_directly_in_the_native_automation,string,,Saved directly in the native automation,Guardado diretamente na automação nativa,
dlg_scheduled,string,,Scheduled,Agendado,
dlg_search_actions,string,,Search actions,Pesquisar ações,
dlg_search_automations,string,,Search automations,Pesquisar automações,
dlg_season,string,,Season,Estação,
dlg_select,string,,Select %1$s,Selecionar %1$s,keep %1$s
dlg_select_a_mode_to_continue,string,,Select a mode to continue,Selecione um modo para continuar,
dlg_select_battery_sensor,string,,Select Battery Sensor,Selecionar sensor de bateria,
dlg_select_door_sensor,string,,Select Door Sensor,Selecionar sensor de porta,
dlg_select_empty_bin_control,string,,Select Empty Bin Control,Selecionar controlo de esvaziar caixote,
dlg_select_entities,string,,Select Entities,Selecionar entidades,
dlg_select_entity,string,,Select Entity,Selecionar entidade,
dlg_select_map_camera,string,,Select Map Camera,Selecionar câmara de mapa,
dlg_select_media_players,string,,Select Media Players,Selecionar leitores de média,
dlg_select_running_state_entity,string,,Select running-state entity,Selecionar entidade de estado de funcionamento,
dlg_select_target_entity,string,,Select Target Entity,Selecionar entidade de destino,
dlg_select_the_alarm_panels_summarized_by_this_pill,string,,Select the alarm panels summarized by this pill,Selecione os painéis de alarme resumidos por esta cápsula,
dlg_select_vacuum_entity,string,,Select Vacuum Entity,Selecionar entidade de aspirador,
dlg_select_water_level,string,,Select Water Level,Selecionar nível de água,
dlg_selected,string,,%1$s · Selected,%1$s · Selecionado,keep %1$s
dlg_set,string,,Set,Definir,
dlg_shape,string,,Shape,Forma,
dlg_shape_visible_information_and_icon_behavior,string,,"Shape, visible information, and icon behavior","Forma, informação visível e comportamento do ícone",
dlg_show_a_descending_timer_when_the_value_is_a,string,,"Show a descending timer when the value is a completion time (e.g. a washer/dryer finish time). Active while counting, off at zero.","Mostra um temporizador decrescente quando o valor é uma hora de conclusão (por exemplo, a hora de fim de uma máquina de lavar/secar). Ativo enquanto conta, desligado em zero.",
dlg_show_a_live_radar_rain_map_card_a_camera,string,,Show a live radar/rain map card — a camera entity or an embedded web page (iframe),Mostra um cartão de radar/mapa de chuva ao vivo — uma entidade de câmara ou uma página web incorporada (iframe),
dlg_show_badge_bar,string,,Show badge bar,Mostrar barra de emblemas,
dlg_show_the_entity_s_state_or_one_of_its,string,,"Show the entity's state, or one of its attributes instead.","Mostra o estado da entidade, ou um dos seus atributos.",
dlg_side_split_alignment,string,,Side (split alignment),Lado (alinhamento dividido),
dlg_snapshot,string,,Snapshot,Instantâneo,
dlg_span_badges,string,,Span badges,Emblemas de largura total,
dlg_speed,string,,SPEED,VELOCIDADE,
dlg_start,string,,Start: %1$s,Início: %1$s,keep %1$s
dlg_start_with_a_useful_recipe_then_adjust_each_step,string,,"Start with a useful recipe, then adjust each step",Comece com uma receita útil e depois ajuste cada passo,
dlg_state,string,,State,Estado,
dlg_state_text,string,,State text,Texto de estado,
dlg_switch,string,,SWITCH,INTERRUPTOR,
dlg_tap_hold_and_dialog_quick_actions,string,,"Tap, hold, and dialog quick actions","Ações rápidas de toque, manter premido e diálogo",
dlg_target_range_percent,string,,TARGET (%1$s–%2$s%%),OBJETIVO (%1$s–%2$s%%),keep %1$s %2$s
dlg_target,string,,Target,Destino,
dlg_target_entity_optional,string,,Target entity (optional),Entidade de destino (opcional),
dlg_temperature,string,,Temperature,Temperatura,
dlg_temperature_and_humidity_sources_for_the_room,string,,Temperature and humidity sources for the room,Fontes de temperatura e humidade para a divisão,
dlg_value_with_unit,string,,%1$s%2$s,%1$s%2$s,keep %1$s %2$s
dlg_negative_value,string,,-%1$s,-%1$s,keep %1$s
dlg_spaced_temperature,string,,  %1$s°,  %1$s°,keep %1$s; keep the space at the start/end
dlg_value_and_unit,string,,%1$s %2$s,%1$s %2$s,keep %1$s %2$s
dlg_temperature_value,string,,%1$s°,%1$s°,keep %1$s
dlg_updating_value,string,,%1$s…,%1$s…,keep %1$s
dlg_sentence_pair,string,,%1$s. %2$s,%1$s. %2$s,keep %1$s %2$s
dlg_labeled_value_unit,string,,%1$s: %2$s%3$s,%1$s: %2$s%3$s,keep %1$s %2$s %3$s
dlg_selected_value,string,,✓ %1$s,✓ %1$s,keep %1$s
dlg_zoom_multiplier,string,,%1$s×,%1$s×,keep %1$s
dlg_page_of_pages,string,,%1$s/%2$s,%1$s/%2$s,keep %1$s %2$s
dlg_labeled_value,string,,%1$s: %2$s,%1$s: %2$s,keep %1$s %2$s
dlg_percentage,string,,%1$s%%,%1$s%%,keep %1$s
dlg_that_profile,string,,that profile,esse perfil,
dlg_the_exact_dates_you_pick_leave_a_bound_as,string,,"The exact dates you pick. Leave a bound as ""Any"" for an open-ended range.","As datas exatas que escolher. Deixe um limite como ""Qualquer"" para um intervalo aberto.",
dlg_the_room_header_and_card_show_a_single_player,string,,"The room header and card show a single player's media, or an active-player count when multiple players are selected.","O cabeçalho e o cartão da divisão mostram o média de um único leitor, ou uma contagem de leitores ativos quando vários leitores estão selecionados.",
dlg_thermostat_dial,string,,Thermostat dial,Mostrador do termóstato,
dlg_this_action_does_not_use_an_entity_target,string,,This action does not use an entity target.,Esta ação não usa uma entidade de destino.,
dlg_this_action_has_no_required_target_or_additional_fields,string,,This action has no required target or additional fields.,Esta ação não tem destino obrigatório nem campos adicionais.,
dlg_this_automation_is_managed_outside_home_assistant_s_ui,string,,"This automation is managed outside Home Assistant's UI (usually YAML). HKI7 can show it, but will not overwrite it.","Esta automação é gerida fora da interface do Home Assistant (normalmente em YAML). A HKI7 pode mostrá-la, mas não a irá substituir.","don't translate Home Assistant, HKI7"
dlg_this_entity,string,,This entity,Esta entidade,
dlg_this_light_is_paused_for_manual_control,string,,This light is paused for manual control.,Esta luz está em pausa para controlo manual.,
dlg_this_removes_all_imported_rooms_and_floors_from_this,string,,This removes all imported rooms and floors from this view.,Isto remove todas as divisões e andares importados desta vista.,
dlg_this_removes_the_native_automation_from_home_assistant_thi,string,,This removes the native automation from Home Assistant. This cannot be undone from HKI7.,Isto remove a automação nativa do Home Assistant. Esta ação não pode ser anulada a partir da HKI7.,"don't translate Home Assistant, HKI7"
dlg_time,string,,Time,Hora,
dlg_to_state,string,,To state,Para o estado,
dlg_turn_on,string,,Turn On,Ligar,
dlg_unit,string,,Unit,Unidade,
dlg_untitled,string,,Untitled,Sem título,
dlg_url_https,string,,URL (https://…),URL (https://…),
dlg_vacuum_entities,string,,Vacuum entities,Entidades de aspirador,
dlg_vertical_slider,string,,Vertical slider,Cursor vertical,
dlg_visibility,string,,Visibility,Visibilidade,
dlg_visibility_alignment_and_overflow_behavior,string,,"Visibility, alignment, and overflow behavior","Visibilidade, alinhamento e comportamento de sobreposição",
dlg_visible_during,string,,Visible during,Visível durante,
dlg_waiting_for_home_assistant,string,,Waiting for Home Assistant,A aguardar pelo Home Assistant,don't translate Home Assistant
dlg_wallpaper_and_optional_custom_color,string,,Wallpaper and optional custom color,Papel de parede e cor personalizada opcional,
dlg_wallpaper_url_or_path,string,,Wallpaper URL or path,URL ou caminho do papel de parede,
dlg_water_value,string,,Water: %1$s,Água: %1$s,keep %1$s
dlg_water,string,,Water,Água,
dlg_weather_details,string,,Weather details,Detalhes meteorológicos,
dlg_weather_entities,string,,Weather entities,Entidades meteorológicas,
dlg_when,string,,When,Quando,
dlg_when_and_if_then,string,,When · And if · Then,Quando · E se · Então,
dlg_widget_width,string,,Widget width,Largura do widget,
dlg_wind,string,,Wind,Vento,
dlg_any,string,,Any,Qualquer,
dlg_once,string,,Once,Uma vez,
dlg_daily,string,,Daily,Diariamente,
dlg_weekly,string,,Weekly,Semanalmente,
dlg_monthly,string,,Monthly,Mensalmente,
dlg_yearly,string,,Yearly,Anualmente,
dlg_default,string,,Default,Predefinição,
dlg_toggle,string,,Toggle,Alternar,
dlg_more_information,string,,More information,Mais informação,
dlg_navigate,string,,Navigate,Navegar,
dlg_url,string,,URL,URL,
dlg_home,string,,Home,Em casa,
dlg_rooms,string,,Rooms,Divisões,
dlg_energy,string,,Energy,Energia,
dlg_climate,string,,Climate,Clima,
dlg_security,string,,Security,Segurança,
dlg_battery,string,,Battery,Bateria,
dlg_settings,string,,Settings,Definições,
dlg_room_value,string,,Room · %1$s,Divisão · %1$s,keep %1$s
dlg_could_not_load_home_assistant_actions,string,,Could not load Home Assistant actions,Não foi possível carregar as ações do Home Assistant,don't translate Home Assistant
dlg_show_entity_default_this_one,string,,Show entity (default: this one),Mostrar entidade (predefinição: esta),
dlg_target_entity_default_this_one,string,,Target entity (default: this one),Entidade de destino (predefinição: esta),
dlg_select_destination,string,,Select destination,Selecionar destino,
dlg_choose_target,string,,Choose target,Escolher destino,
dlg_target_and_action_data,string,,Target and action data,Destino e dados da ação,
dlg_tap,string,,Tap,Toque,
dlg_hold,string,,Hold,Manter premido,
dlg_double_tap,string,,Double tap,Toque duplo,
dlg_alarm_disarmed,string,,Disarmed,Desarmado,
dlg_alarm_armed_home,string,,Armed home,Armado em casa,
dlg_alarm_armed_away,string,,Armed away,Armado ausente,
dlg_alarm_armed_night,string,,Armed night,Armado noite,
dlg_alarm_armed_vacation,string,,Armed vacation,Armado férias,
dlg_alarm_armed_custom,string,,Armed (custom),Armado (personalizado),
dlg_alarm_arming,string,,Arming…,A armar…,
dlg_alarm_disarming,string,,Disarming…,A desarmar…,
dlg_alarm_triggered,string,,TRIGGERED,DISPARADO,
dlg_alarm_disarmed_message,string,,Alarm disarmed,Alarme desarmado,
dlg_alarm_command,string,,Alarm command,Comando do alarme,
dlg_alarm_command_accepted,string,,%1$s accepted,%1$s aceite,keep %1$s
dlg_alarm_command_failed,string,,Command failed. Check the code and try again.,Falha no comando. Verifique o código e tente novamente.,
dlg_alarm_arming_cancelled,string,,Arming cancelled,Armar cancelado,
dlg_alarm_cancel_failed,string,,Cancellation failed. Check the code and try again.,Falha ao cancelar. Verifique o código e tente novamente.,
dlg_alarm_arm_home,string,,Arm home,Armar em casa,
dlg_alarm_arm_away,string,,Arm away,Armar ausente,
dlg_alarm_arm_night,string,,Arm night,Armar noite,
dlg_alarm_arm_custom,string,,Arm custom,Armar personalizado,
dlg_alarm_arm_vacation,string,,Arm vacation,Armar férias,
dlg_alarm_disarm,string,,Disarm,Desarmar,
dlg_room_configuration,string,,Room configuration,Configuração da divisão,
dlg_choose_room_area_to_configure,string,,Choose a room area to configure,Escolha uma área da divisão para configurar,
dlg_focused_room_options,string,,Options for this room area,Opções para esta área da divisão,
dlg_general,string,,General,Geral,
dlg_name_and_icon,string,,Name and icon,Nome e ícone,
dlg_header,string,,Header,Cabeçalho,
dlg_wallpaper_and_custom_color,string,,Wallpaper and custom color,Papel de parede e cor personalizada,
dlg_badge_bar,string,,Badge bar,Barra de emblemas,
dlg_alignment_and_display_options,string,,Alignment and display options,Opções de alinhamento e apresentação,
dlg_assign_room_to_floor,string,,Assign this room to a floor,Atribuir esta divisão a um andar,
dlg_room_status,string,,Room status,Estado da divisão,
dlg_room_status_summary,string,,"Media, activity, safety, and climate indicators","Indicadores de média, atividade, segurança e clima",
dlg_reimport_from_home_assistant,string,,Re-import from Home Assistant,Reimportar do Home Assistant,don't translate Home Assistant
dlg_import_or_rebuild_rooms,string,,Import new rooms or rebuild every room,Importar novas divisões ou reconstruir todas as divisões,
dlg_clear_rooms_view_action,string,,Clear rooms view,Limpar vista de divisões,
dlg_remove_imported_rooms_and_floors,string,,Remove imported rooms and floors,Remover divisões e andares importados,
dlg_room,string,,Room,Divisão,
dlg_split,string,,Split,Dividir,
dlg_center,string,,Center,Centro,
dlg_doors,string,,Doors,Portas,
dlg_windows,string,,Windows,Janelas,
dlg_motion,string,,Motion,Movimento,
dlg_presence,string,,Presence,Presença,
dlg_lights,string,,Lights,Luzes,
dlg_devices,string,,Devices,Dispositivos,
dlg_smoke,string,,Smoke,Fumo,
dlg_gas,string,,Gas,Gás,
dlg_fire,string,,Fire,Fogo,
dlg_full,string,,Full,Completo,
dlg_half,string,,Half,Metade,
dlg_third,string,,Third,Terço,
dlg_choose_vacuum_entity_instead,string,,Choose a vacuum entity instead,Escolha antes uma entidade de aspirador,
dlg_camera_live_page,string,,%1$d/%2$d · Live,%1$d/%2$d · Ao vivo,keep %1$d %2$d
dlg_weather,string,,Weather,Meteorologia,
dlg_weather_and_season,string,,%1$s · %2$s,%1$s · %2$s,keep %1$s %2$s
dlg_weather_state_clear_night,string,,Clear night,Noite limpa,
dlg_weather_state_cloudy,string,,Cloudy,Nublado,
dlg_weather_state_exceptional,string,,Exceptional,Excecional,
dlg_weather_state_fog,string,,Fog,Nevoeiro,
dlg_weather_state_hail,string,,Hail,Granizo,
dlg_weather_state_lightning,string,,Lightning,Relâmpagos,
dlg_weather_state_lightning_rainy,string,,Thunderstorms,Trovoadas,
dlg_weather_state_partly_cloudy,string,,Partly cloudy,Parcialmente nublado,
dlg_weather_state_pouring,string,,Pouring rain,Chuva intensa,
dlg_weather_state_rainy,string,,Rainy,Chuvoso,
dlg_weather_state_snowy,string,,Snowy,Neve,
dlg_weather_state_snowy_rainy,string,,Sleet,Neve e chuva,
dlg_weather_state_sunny,string,,Sunny,Soalheiro,
dlg_weather_state_windy,string,,Windy,Ventoso,
dlg_weather_state_windy_variant,string,,Windy and cloudy,Ventoso e nublado,
dlg_selected_entities_summary,plural,one,%1$d selected · %2$s,%1$d selecionada · %2$s,keep %1$d %2$s
dlg_selected_entities_summary,plural,other,%1$d selected · %2$s,%1$d selecionadas · %2$s,keep %1$d %2$s
dlg_action_data_value_summary,plural,one,%1$s · %2$d data value,%1$s · %2$d valor de dados,keep %1$s %2$d
dlg_action_data_value_summary,plural,other,%1$s · %2$d data values,%1$s · %2$d valores de dados,keep %1$s %2$d
dlg_seconds_short,plural,one,%d sec,%d seg,keep %d
dlg_seconds_short,plural,other,%d sec,%d seg,keep %d
dlg_arming_in_seconds,plural,one,Arming in %d second,A armar em %d segundo,keep %d
dlg_arming_in_seconds,plural,other,Arming in %d seconds,A armar em %d segundos,keep %d
energy_extra_sensors,string,,Energy sensors,Sensores de energia,
energy_extra_settings,string,,Energy settings,Definições de energia,
energy_extra_previous_period,string,,Previous period,Período anterior,
energy_extra_next_period,string,,Next period,Próximo período,
energy_extra_empty_view_hint,string,,This energy view is empty. Swipe down on the header and open Energy settings to add entities manually.,Esta vista de energia está vazia. Deslize para baixo no cabeçalho e abra Definições de energia para adicionar entidades manualmente.,
energy_extra_electricity,string,,Electricity,Eletricidade,
energy_extra_solar,string,,Solar,Solar,
energy_extra_home,string,,Home,Casa,
energy_extra_battery,string,,Battery,Bateria,
energy_extra_gas,string,,Gas,Gás,
energy_extra_city_heating,string,,City heating,Aquecimento urbano,
energy_extra_water,string,,Water,Água,
energy_extra_energy,string,,Energy,Energia,
energy_extra_power,string,,Power,Potência,
energy_extra_carbon,string,,Carbon,Carbono,
energy_extra_devices,string,,Devices,Dispositivos,
energy_extra_device,string,,Device,Dispositivo,
energy_extra_importing,string,,Importing,A importar,
energy_extra_exporting,string,,Exporting,A exportar,
energy_extra_idle,string,,Idle,Inativo,
energy_extra_charging,string,,Charging,A carregar,
energy_extra_discharging,string,,Discharging,A descarregar,
energy_extra_producing,string,,Producing,A produzir,
energy_extra_consuming,string,,Consuming,A consumir,
energy_extra_grid_idle,string,,Grid idle,Rede inativa,
energy_extra_importing_power,string,,Importing power,A importar energia,
energy_extra_exporting_power,string,,Exporting power,A exportar energia,
energy_extra_battery_supporting,string,,Battery supplying power,Bateria a fornecer energia,
energy_extra_battery_charging,string,,Battery charging,Bateria a carregar,
energy_extra_solar_producing,string,,Solar producing,Produção solar em curso,
energy_extra_home_consuming,string,,Home consuming,Casa a consumir,
energy_extra_energy_idle,string,,Energy idle,Energia inativa,
energy_extra_today_value,string,,%1$s today,%1$s hoje,keep %1$s
energy_extra_used_period,string,,Used %1$s,Consumido %1$s,keep %1$s
energy_extra_produced_period,string,,Produced %1$s,Produzido %1$s,keep %1$s
energy_extra_fossil_percentage,string,,%1$s%% fossil,%1$s%% fóssil,keep %1$s
energy_extra_self_used_percentage,string,,Self-used · %1$d%%,Autoconsumido · %1$d%%,keep %1$d
energy_extra_electricity_total,string,,Electricity total,Total de eletricidade,
energy_extra_top_consumers,string,,Top consumers,Maiores consumidores,
energy_extra_device_energy,string,,Device energy,Energia do dispositivo,
energy_extra_individual_water_usage,string,,Individual water usage,Consumo de água individual,
energy_extra_production,string,,Production,Produção,
energy_extra_forecast,string,,Forecast,Previsão,
energy_extra_inverters,string,,Inverters,Inversores,
energy_extra_now,string,,Now,Agora,
energy_extra_usage,string,,Usage,Consumo,
energy_extra_total,string,,Total,Total,
energy_extra_cost,string,,Cost,Custo,
energy_extra_charge,string,,Charge,Carga,
energy_extra_grid_flow,string,,Grid flow,Fluxo da rede,
energy_extra_self_sufficient,string,,Self-sufficient,Autossuficiente,
energy_extra_carbon_footprint,string,,Carbon footprint,Pegada de carbono,
energy_extra_self_used,string,,Self-used,Autoconsumido,
energy_extra_last_seven_days,string,,Last 7 days,Últimos 7 dias,
energy_extra_lifetime,string,,Lifetime,Total desde sempre,
energy_extra_power_per_phase,string,,Power per phase,Potência por fase,
energy_extra_tariff_meter_readings,string,,Tariff meter readings,Leituras do contador de tarifas,
energy_extra_tariff_one,string,,Tariff 1,Tarifa 1,
energy_extra_tariff_two,string,,Tariff 2,Tarifa 2,
energy_extra_solar_production,string,,Solar production,Produção solar,
energy_extra_category_overview,string,,Overview,Visão geral,
energy_extra_category_electricity_subtitle,string,,"Grid power, phases, import/export, tariffs, and cost","Potência de rede, fases, importação/exportação, tarifas e custo",
energy_extra_category_solar_subtitle,string,,"Production, forecast, and inverter device","Produção, previsão e dispositivo inversor",
energy_extra_category_battery_subtitle,string,,Charge level and battery power,Nível de carga e energia da bateria,
energy_extra_category_carbon_subtitle,string,,Grid carbon-footprint device,Dispositivo de pegada de carbono da rede,
energy_extra_category_usage_cost_subtitle,string,,Usage and cost,Consumo e custo,
energy_extra_category_devices_subtitle,string,,"Power, energy, and individual water devices","Dispositivos individuais de energia, potência e água",
energy_extra_category_city_heating_subtitle,string,,"Heat energy, current output, and cost","Energia térmica, produção atual e custo",
energy_extra_card_live_source_tiles,string,,Live source tiles,Blocos de fontes ao vivo,
energy_extra_card_electricity_totals_usage,string,,Electricity totals and usage,Totais e consumo de eletricidade,
energy_extra_card_home_battery,string,,Home battery,Bateria doméstica,
energy_extra_card_gas_usage,string,,Gas usage,Consumo de gás,
energy_extra_card_city_heating_usage,string,,City-heating usage,Uso de aquecimento urbano,
energy_extra_card_water_usage,string,,Water usage,Consumo de água,
energy_extra_card_device_energy_bars,string,,Device energy bars,Barras de energia dos dispositivos,
energy_extra_select_energy_cards,string,,Select energy cards,Selecionar cartões de energia,
energy_extra_role_grid_power,string,,Grid power (W),Potência da rede (W),
energy_extra_role_home_power,string,,Home power (W),Potência da casa (W),
energy_extra_role_solar_power,string,,Solar power (W),Potência solar (W),
energy_extra_role_battery_power,string,,Battery power (W),Potência da bateria (W),
energy_extra_role_battery_level,string,,Battery level (%),Nível da bateria (%),
energy_extra_role_grid_import,string,,Grid import (kWh),Importação da rede (kWh),
energy_extra_role_grid_export,string,,Grid export (kWh),Exportação para a rede (kWh),
energy_extra_role_solar_production,string,,Solar production (kWh),Produção solar (kWh),
energy_extra_role_phase_one_power,string,,Phase 1 power,Potência da fase 1,
energy_extra_role_phase_two_power,string,,Phase 2 power,Potência da fase 2,
energy_extra_role_phase_three_power,string,,Phase 3 power,Potência da fase 3,
energy_extra_role_import_meter_tariff_one,string,,Import meter tariff 1,Tarifa 1 do contador de importação,
energy_extra_role_import_meter_tariff_two,string,,Import meter tariff 2,Tarifa 2 do contador de importação,
energy_extra_role_export_meter_tariff_one,string,,Export meter tariff 1,Tarifa 1 do contador de exportação,
energy_extra_role_export_meter_tariff_two,string,,Export meter tariff 2,Tarifa 2 do contador de exportação,
energy_extra_role_energy_cost,string,,Energy cost,Custo de energia,
energy_extra_role_gas_total,string,,Gas total (m³),Total de gás (m³),
energy_extra_role_gas_flow_now,string,,Gas flow (now),Fluxo de gás (agora),
energy_extra_role_gas_cost,string,,Gas cost,Custo de gás,
energy_extra_role_water_total,string,,Water total,Total de água,
energy_extra_role_water_flow_now,string,,Water flow (now),Fluxo de água (agora),
energy_extra_role_water_cost,string,,Water cost,Custo de água,
energy_extra_role_individual_water_devices,string,,Individual water devices,Dispositivos de água individuais,
energy_extra_role_power_devices,string,,Power devices,Dispositivos de potência,
energy_extra_role_energy_devices,string,,Energy devices,Dispositivos de energia,
energy_extra_sensor_current_power_import,string,,"Current power (W, + = import)","Potência atual (W, + = importação)",
energy_extra_sensor_power_phase_one,string,,Power phase 1 (W),Potência fase 1 (W),
energy_extra_sensor_power_phase_two,string,,Power phase 2 (W),Potência fase 2 (W),
energy_extra_sensor_power_phase_three,string,,Power phase 3 (W),Potência fase 3 (W),
energy_extra_sensor_current_phase_one,string,,Current phase 1 (A),Corrente fase 1 (A),
energy_extra_sensor_current_phase_two,string,,Current phase 2 (A),Corrente fase 2 (A),
energy_extra_sensor_current_phase_three,string,,Current phase 3 (A),Corrente fase 3 (A),
energy_extra_sensor_voltage_phase_one,string,,Voltage phase 1 (V),Tensão fase 1 (V),
energy_extra_sensor_voltage_phase_two,string,,Voltage phase 2 (V),Tensão fase 2 (V),
energy_extra_sensor_voltage_phase_three,string,,Voltage phase 3 (V),Tensão fase 3 (V),
energy_extra_sensor_home_consumption_power,string,,Home consumption power (W),Potência de consumo da casa (W),
energy_extra_sensor_energy_import,string,,Energy import (kWh),Importação de energia (kWh),
energy_extra_sensor_energy_import_tariff_one,string,,Energy import tariff 1 (kWh),Importação de energia tarifa 1 (kWh),
energy_extra_sensor_energy_import_tariff_two,string,,Energy import tariff 2 (kWh),Importação de energia tarifa 2 (kWh),
energy_extra_sensor_energy_export,string,,Energy export (kWh),Exportação de energia (kWh),
energy_extra_sensor_energy_export_tariff_one,string,,Energy export tariff 1 (kWh),Exportação de energia tarifa 1 (kWh),
energy_extra_sensor_energy_export_tariff_two,string,,Energy export tariff 2 (kWh),Exportação de energia tarifa 2 (kWh),
energy_extra_sensor_energy_cost_today,string,,Energy cost today,Custo de energia hoje,
energy_extra_sensor_current_power_production,string,,Current power production (W),Produção de potência atual (W),
energy_extra_sensor_energy_production_today,string,,Energy production today (kWh),Produção de energia hoje (kWh),
energy_extra_sensor_energy_production_seven_days,string,,Energy production over the last 7 days,Produção de energia nos últimos 7 dias,
energy_extra_sensor_lifetime_energy_production,string,,Lifetime energy production,Produção de energia desde sempre,
energy_extra_sensor_battery_power_charging,string,,"Battery power (W, + = charging)","Potência da bateria (W, + = a carregar)",
energy_extra_sensor_gas_used_today,string,,Gas used today (m³),Gás consumido hoje (m³),
energy_extra_sensor_current_gas_flow,string,,"Current gas flow (m³/h, optional)","Fluxo de gás atual (m³/h, opcional)",
energy_extra_sensor_gas_cost_today,string,,Gas cost today,Custo de gás hoje,
energy_extra_sensor_city_heating_total,string,,Heat energy total (J/MJ/GJ/kWh),Total de energia térmica (J/MJ/GJ/kWh),
energy_extra_sensor_city_heating_current,string,,Current heat output (optional),Saída de calor atual (opcional),
energy_extra_sensor_city_heating_cost,string,,City-heating cost,Custo de aquecimento da cidade,
energy_extra_estimated_gas_equivalent,string,,Estimated gas equivalent,Equivalente de gás estimado,
energy_extra_estimated_gas_note,string,,Based on 35.17 MJ per m³ of natural gas,"Baseado em 35,17 MJ por m³ de gás natural",
energy_extra_sensor_water_used_today,string,,Water used today (L/m³),Água consumida hoje (L/m³),
energy_extra_sensor_current_water_flow,string,,"Current water flow (L/min, optional)","Fluxo de água atual (L/min, opcional)",
energy_extra_sensor_water_cost_today,string,,Water cost today,Custo de água hoje,
energy_extra_picker_top_consumer_devices,string,,Top-consumer devices,Dispositivos com maior consumo,
energy_extra_picker_device_energy_counters,string,,Device energy counters,Contadores de energia de dispositivos,
energy_extra_auto_power_sensors_help,string,,All sensors with device_class power are included automatically. Remove a device to create your own list.,Todos os sensores com device_class power são incluídos automaticamente. Remova um dispositivo para criar a sua própria lista.,
energy_extra_auto_energy_sensors_help,string,,All sensors with device_class energy are included automatically. Their counter changes are used for the selected period.,Todos os sensores com device_class energy são incluídos automaticamente. As alterações do seu contador são usadas para o período selecionado.,
energy_extra_currency,string,,Currency,Moeda,
energy_extra_currency_subtitle,string,,Which currency the cost stats are shown in,Em que moeda as estatísticas de custos são mostradas,
energy_extra_currency_search,string,,Search currencies,Pesquisar moedas,
energy_extra_currency_automatic,string,,Automatic,Automático,
energy_extra_currency_automatic_subtitle,string,,"Follow your cost sensors, then your device region","Siga os seus sensores de custo e, em seguida, a região do seu dispositivo",
energy_extra_currency_automatic_value,string,,Automatic (%1$s),Automático (%1$s),keep %1$s
energy_extra_currency_manual_value,string,,%1$s (%2$s),%1$s (%2$s),keep %1$s %2$s
energy_extra_energy_card,string,,Energy card,Cartão de energia,
energy_extra_energy_card_subtitle,string,,Data sources and card appearance,Fontes de dados e aparência do cartão,
energy_extra_card_and_data,string,,Card and data,Cartão e dados,
energy_extra_energy_stack,string,,Energy stack,Pilha de energia,
energy_extra_energy_stack_subtitle,string,,"Cards, data sources, and layout","Cartões, fontes de dados e disposição",
energy_extra_cards_and_data,string,,Cards and data,Cartões e dados,
events_tab,string,,Events,Eventos,
events_empty,string,,No events yet,Nenhum evento ainda,
events_empty_hint,string,,Recent activity for the entities your family admin added to the timeline appears here.,As atividades recentes das entidades que o administrador da sua família adicionou à linha do tempo aparecem aqui.,
events_not_configured,string,,No events are being tracked,Nenhum evento está a ser rastreado,
events_not_configured_admin,string,,Choose which entities appear here in Settings › Family Sharing › Events.,Escolha que entidades aparecem aqui em Definições › Partilha Familiar › Eventos.,
events_not_configured_member,string,,Your family admin decides which entities appear here.,O administrador da sua família decide que entidades aqui aparecem.,
events_unavailable,string,,The event timeline needs HKI 7 Cloud %1$s.,A linha de tempo do evento necessita do HKI 7 Cloud %1$s.,keep %1$s; don't translate HKI 7 Cloud
events_set_up_button,string,,Choose entities,Escolha entidades,
events_no_matches,string,,No matching events,Nenhum evento correspondente,
events_loading,string,,Loading events…,Carregando eventos…,
events_today,string,,Today,Hoje,
events_yesterday,string,,Yesterday,Ontem,
events_by,string,,by %1$s,por %1$s,keep %1$s
events_filter_all,string,,All,Tudo,
event_category_door,string,,Doors,Portas,
event_category_window,string,,Windows,Windows,
event_category_motion,string,,Motion,Movimento,
event_category_moisture,string,,Water,Água,
event_category_safety,string,,Smoke & gas,Fumo e gás,
event_category_problem,string,,Problems,Problemas,
event_category_battery,string,,Batteries,Baterias,
event_category_connectivity,string,,Connectivity,Conectividade,
event_category_light,string,,Lights,Luzes,
event_category_switch,string,,Switches,Interruptores,
event_category_lock,string,,Locks,Fechaduras,
event_category_cover,string,,Covers,Capas,
event_category_climate,string,,Climate,Clima,
event_category_presence,string,,People,Pessoas,
event_category_alarm,string,,Alarm,Alarme,
event_category_media,string,,Media,Mídia,
event_category_vacuum,string,,Vacuum,Vácuo,
event_category_automation,string,,Automations,Automações,
event_category_sensor,string,,Sensors,Sensores,
event_verb_opened,string,,was opened,foi aberto,
event_verb_closed,string,,was closed,foi fechado,
event_verb_opening,string,,is opening,está a abrir,
event_verb_closing,string,,is closing,está a fechar,
event_verb_locked,string,,was locked,estava bloqueado,
event_verb_unlocked,string,,was unlocked,foi desbloqueado,
event_verb_motion_detected,string,,detected motion,movimento detectado,
event_verb_motion_cleared,string,,stopped detecting motion,deixou de detetar movimento,
event_verb_moisture_detected,string,,detected moisture,humidade detectada,
event_verb_moisture_cleared,string,,is dry again,está novamente seco,
event_verb_alarm_detected,string,,raised an alarm,levantou um alarme,
event_verb_alarm_cleared,string,,cleared,limpo,
event_verb_problem_detected,string,,reported a problem,relatou um problema,
event_verb_problem_cleared,string,,is back to normal,voltou ao normal,
event_verb_battery_low,string,,reported a low battery,reportou uma bateria fraca,
event_verb_battery_normal,string,,has a healthy battery again,tem novamente uma bateria saudável,
event_verb_connected,string,,came online,ficou on-line,
event_verb_disconnected,string,,went offline,ficou offline,
event_verb_turned_on,string,,was turned on,estava ligado,
event_verb_turned_off,string,,was turned off,foi desligado,
event_verb_detected,string,,was triggered,foi acionado,
event_verb_cleared,string,,cleared,limpo,
event_verb_arrived_home,string,,arrived home,chegou a casa,
event_verb_left_home,string,,left home,saiu de casa,
event_verb_arrived_at,string,,arrived at %1$s,chegou a %1$s,keep %1$s
event_verb_disarmed,string,,was disarmed,foi desarmado,
event_verb_armed,string,,was armed,estava armado,
event_verb_arming,string,,is arming,está a armar,
event_verb_pending,string,,is counting down,está em contagem decrescente,
event_verb_triggered,string,,was triggered,foi acionado,
event_verb_set_to,string,,was set to %1$s,foi definido como %1$s,keep %1$s
event_verb_started_cleaning,string,,started cleaning,Comecei a limpar,
event_verb_returning_to_dock,string,,is returning to its dock,está a regressar ao seu cais,
event_verb_docked,string,,docked,ancorado,
event_verb_started_playing,string,,started playing,Comecei a jogar,
event_verb_paused,string,,was paused,foi pausado,
event_verb_stopped,string,,stopped,parou,
event_verb_generic,string,,changed to %1$s,alterado para %1$s,keep %1$s
ui_0f_s_788ca6f,string,,%.0f %s,%.0f %s,keep %.0f %s
ui_1_advanced_shorthand_block_kept_unchanged_d4dcbd7,string,,1 advanced shorthand block (kept unchanged),1 bloco avançado abreviado (mantido sem alterações),
ui_1f_16b5d7d,string,,%.1f,%.1f,keep %.1f
ui_1f_b07a377,string,,%.1f°,%.1f°,keep %.1f
ui_1f_c_5b83308,string,,%.1f °C,%.1f °C,keep %.1f
ui_1f_kwh_507c039,string,,%.1f kWh,%.1f kWh,keep %.1f
ui_1f_kwh_self_used_b4798a5,string,, · %%.1f kWh self-used (%1$s%%%%), · %%.1f kWh autoconsumidos (%1$s%%%%),keep %1$s; keep the space at the start/end
ui_1f_of_1f_kwh_d_00c25f6,string,,%.1f of %.1f kWh · %d%%,%.1f de %.1f kWh · %d%%,keep %.1f %d
ui_1f_s_0cafc63,string,,%.1f %s,%.1f %s,keep %.1f %s
ui_24_hour_format_b195a8f,string,,24-Hour Format,Formato de 24 Horas,
ui_2f_kwh_76c1688,string,,%.2f kWh,%.2f kWh,keep %.2f
ui_a_fast_auto_generating_dashboard_for_home_assistant_let_0fad4a9,string,,"A fast, auto-generating dashboard for Home Assistant\nLet's connect to your server.",Um painel rápido e de geração automática para o Home Assistant\nVamos ligar ao seu servidor.,don't translate Home Assistant; \n = line break
ui_a_modern_touch_first_android_dashboard_and_companion_for_814cbdb,string,,"A modern, touch-first Android dashboard and companion for Home Assistant.","Um painel Android moderno, otimizado para toque, e companheiro para o Home Assistant.",don't translate Home Assistant
ui_about_6b21fb7,string,,About,Acerca de,
ui_accidental_touch_protection_e2683f4,string,,Accidental-touch protection,Proteção contra toques acidentais,
ui_account_85dfa32,string,,Account,Conta,
ui_action_49924bc,string,,%1$s action,Ação de %1$s,keep %1$s
ui_action_97c89a4,string,,Action,Ação,
ui_action_data_e5a7704,string,,Action data,Dados da ação,
ui_action_data_object_8850c05,string,,Action data object,Objeto de dados da ação,
ui_action_details_d623b1c,string,,Action details,Detalhes da ação,
ui_active_0af2854,string,,%1$s · %2$s active,%1$s · %2$s ativo(s),keep %1$s %2$s
ui_active_25ff32f,string,,%1$s/%2$s active,%1$s/%2$s ativos,keep %1$s %2$s
ui_active_a733b80,string,,Active,Ativo,
ui_active_c7260b5,string,,%1$s%% • ACTIVE,%1$s%% • ATIVO,keep %1$s
ui_active_connection_54db7a1,string,,Active connection,Ligação ativa,
ui_activity_81c0d91,string,,Activity,Atividade,
ui_activity_indication_and_collapsing_0764a94,string,,Activity indication and collapsing,Indicação de atividade e colapso,
ui_adapt_now_c30eb08,string,,Adapt now,Adaptar agora,
ui_adaptive_lighting_7587880,string,,Adaptive lighting,Iluminação adaptativa,
ui_adaptive_lighting_e2cffbd,string,,Adaptive Lighting,Iluminação Adaptativa,
ui_adaptive_lighting_is_unavailable_6b9ada3,string,,Adaptive Lighting is unavailable,A Iluminação Adaptativa está indisponível,
ui_add_016df71,string,,Add (%1$s),Adicionar (%1$s),keep %1$s
ui_add_4_10_entity_buttons_to_this_dialog_s_cdedf23,string,,Add 4–10 entity buttons to this dialog's nav bar.,Adicione 4 a 10 botões de entidade à barra de navegação deste diálogo.,
ui_add_61cc55a,string,,Add,Adicionar,
ui_add_and_edit_each_chart_in_this_stack_0c0cb11,string,,Add and edit each chart in this stack,Adicione e edite cada gráfico desta pilha,
ui_add_at_least_one_step_3620909,string,,Add at least one step,Adicione pelo menos um passo,
ui_add_button_3d7db43,string,,Add button,Adicionar botão,
ui_add_camera_cf03528,string,,Add Camera,Adicionar Câmara,
ui_add_carrier_device_7945283,string,,Add carrier device,Adicionar dispositivo de transportadora,
ui_add_current_network_64cabf3,string,,"Add current network ""%1$s""","Adicionar rede atual ""%1$s""",keep %1$s
ui_add_custom_buttons_83a0768,string,,Add Custom Buttons,Adicionar Botões Personalizados,
ui_add_custom_camera_url_aab29ef,string,,Add Custom Camera URL,Adicionar URL de Câmara Personalizada,
ui_add_entities_333152e,string,,Add entities,Adicionar entidades,
ui_add_entity_f99dc1d,string,,Add entity,Adicionar entidade,
ui_add_every_integration_account_that_should_contribute_parce_ce58afb,string,,Add every integration account that should contribute parcels,Adicione todas as contas de integração que devem contribuir com encomendas,
ui_add_floor_63c715d,string,,Add Floor,Adicionar Piso,
ui_add_graph_079e4ca,string,,Add graph,Adicionar gráfico,
ui_add_home_assistant_a6ccea8,string,,Add Home Assistant,Adicionar Home Assistant,don't translate Home Assistant
ui_add_home_assistant_instance_625838a,string,,Add Home Assistant instance,Adicionar instância do Home Assistant,don't translate Home Assistant
ui_add_individual_water_meters_to_compare_their_usage_daec0de,string,,Add individual water meters to compare their usage.,Adicione contadores de água individuais para comparar o seu consumo.,
ui_add_instance_step_df337b3,string,,add_instance_step,add_instance_step,
ui_add_more_for_a_full_row_ed977e3,string,,Add %1$s more for a full row.,Adicione mais %1$s para uma linha completa.,keep %1$s
ui_add_one_focused_card_c2f2ed8,string,,Add one focused card,Adicione um cartão em destaque,
ui_add_or_edit_entities_b59919b,string,,Add or edit entities,Adicionar ou editar entidades,
ui_add_parcel_82c0bf8,string,,Add parcel,Adicionar encomenda,
ui_add_parcel_bde8afb,string,,Add Parcel,Adicionar Encomenda,
ui_add_room_5a95991,string,,Add Room,Adicionar Divisão,
ui_add_sensors_d6df16f,string,,Add sensors,Adicionar sensores,
ui_add_to_cd52e85,string,,Add to %1$s,Adicionar a %1$s,keep %1$s
ui_add_widget_a9df350,string,,Add Widget,Adicionar Widget,
ui_add_widget_dd4416e,string,,Add widget,Adicionar widget,
ui_adding_ffb2e62,string,,Adding…,A adicionar…,
ui_admin_b38222e,string,,%1$s (admin),%1$s (admin),keep %1$s
ui_administrative_controls_for_your_home_assistant_server_e56ebd9,string,,Administrative controls for your Home Assistant server,Controlos administrativos para o seu servidor Home Assistant,don't translate Home Assistant
ui_advanced_4d06472,string,,Advanced,Avançado,
ui_advanced_action_data_json_622e363,string,,Advanced action data (JSON),Dados avançados da ação (JSON),
ui_advanced_shorthand_blocks_kept_unchanged_aa253ae,string,,%1$s advanced shorthand blocks (kept unchanged),%1$s blocos avançados abreviados (mantidos sem alterações),keep %1$s
ui_aesthetic_changes_only_f31f444,string,,Aesthetic changes only,Apenas alterações estéticas,
ui_aggregate_carriers_eae26c7,string,,Aggregate carriers,Agregar transportadoras,
ui_agree_ee68d34,string,,Agree,Concordo,
ui_air_circulating_273e82b,string,,Air circulating,Ar em circulação,
ui_air_circulation_devices_a14e95d,string,,Air circulation devices,Dispositivos de circulação de ar,
ui_air_cleaning_devices_4364277,string,,Air cleaning devices,Dispositivos de purificação de ar,
ui_air_purifiers_476147b,string,,Air purifiers,Purificadores de ar,
ui_air_purifiers_are_fan_entities_in_home_assistant_so_3fa4fdb,string,,"Air purifiers are fan entities in Home Assistant, so they can't be auto-detected. Select yours here.","Os purificadores de ar são entidades de ventoinha no Home Assistant, pelo que não podem ser detetados automaticamente. Selecione os seus aqui.",don't translate Home Assistant
ui_airphase_1f2d2b6,string,,airPhase,fase de ar,
ui_alarm_25f8c55,string,,Alarm,Alarme,
ui_alarm_entities_b462ba5,string,,Alarm entities,Entidades de alarme,
ui_alarm_pending_e2c04aa,string,,Alarm pending,Alarme pendente,
ui_alarm_triggered_641ff6f,string,,Alarm triggered,Alarme acionado,
ui_alarm_unavailable_867909b,string,,Alarm unavailable,Alarme indisponível,
ui_alignment_7f8c517,string,,Alignment,Alinhamento,
ui_all_6a72085,string,,All,Tudo,
ui_all_batteries_ok_9676f73,string,,All batteries OK,Todas as baterias OK,
ui_all_calendar_entities_bffb01d,string,,All calendar entities,Todas as entidades de calendário,
ui_all_levels_6b4fde3,string,,All levels,Todos os níveis,
ui_all_off_97b7833,string,,All off,Tudo desligado,
ui_all_thermostats_59c8297,string,,All thermostats,Todos os termóstatos,
ui_all_types_30c8a0f,string,,All types,Todos os tipos,
ui_allow_all_the_time_d91ab85,string,,Allow All The Time,Permitir Sempre,
ui_allow_editing_24f2b54,string,,Allow editing,Permitir edição,
ui_allow_theme_colors_icons_names_and_wallpaper_but_not_efc8a97,string,,"Allow theme, colors, icons, names and wallpaper — but not adding or removing widgets, buttons or rooms","Permitir tema, cores, ícones, nomes e papel de parede — mas não adicionar ou remover widgets, botões ou divisões",
ui_always_a91bcce,string,,Always,Sempre,
ui_an_admin_can_share_one_dashboard_with_the_whole_5a5434d,string,,"An admin can share one dashboard with the whole family so everyone gets the same layout. To use it, an admin needs to install the HKI 7 Cloud component and share a dashboard first.","Um administrador pode partilhar um painel com toda a família para que todos tenham a mesma disposição. Para o utilizar, um administrador precisa de instalar primeiro o componente HKI 7 Cloud e partilhar um painel.",don't translate HKI 7 Cloud
ui_an_admin_needs_to_install_the_hki_7_cloud_0e9241b,string,,An admin needs to install the HKI 7 Cloud component and share a dashboard first.,Um administrador precisa de instalar primeiro o componente HKI 7 Cloud e partilhar um painel.,don't translate HKI 7 Cloud
ui_android_location_permission_2ff3839,string,,Android Location Permission,Permissão de Localização do Android,
ui_animated_icons_aa39cfe,string,,Animated icons,Ícones animados,
ui_animation_62afd21,string,,Animation,Animação,
ui_announced_letter_3a7ac05,string,,Announced letter,Carta anunciada,
ui_any_state_c7274cb,string,,Any state,Qualquer estado,
ui_appearance_41def7a,string,,Appearance,Aparência,
ui_applies_to_all_dashboard_buttons_widgets_stacks_rooms_and_9715deb,string,,"Applies to all dashboard buttons, widgets, stacks, rooms, and cards.","Aplica-se a todos os botões, widgets, pilhas, divisões e cartões do painel.",
ui_apply_cfea419,string,,Apply,Aplicar,
ui_archived_eddc813,string,,Archived,Arquivada,
ui_are_you_sure_you_want_to_clear_battery_config_3e19f24,string,,Are you sure you want to clear battery config?,Tem a certeza de que pretende limpar a configuração da bateria?,
ui_armed_32caa31,string,,Armed,Armado,
ui_armed_away_6834abf,string,,Armed away,Armado (ausente),
ui_armed_home_c8d0b44,string,,Armed home,Armado (em casa),
ui_armed_night_80659bd,string,,Armed night,Armado (noite),
ui_arming_in_seconds_b9e07a8,string,,Arming in %1$s seconds,A armar em %1$s segundos,keep %1$s
ui_aspect_ratio_4e077cf,string,,Aspect ratio,Proporção,
ui_aspect_ratio_used_by_every_stream_275bb52,string,,Aspect ratio used by every stream,Proporção utilizada por todas as transmissões,
ui_astronomical_tap_or_swipe_683fe28,string,,Astronomical · tap or swipe,Astronómico · toque ou deslize,
ui_at_target_6a8dbb5,string,,At target,No objetivo,
ui_auto_c614ba7,string,,Auto,Auto,
ui_auto_dashboard_c7a509a,string,,Auto dashboard,Painel automático,
ui_auto_discovered_e0643da,string,,Auto-discovered,Detetado automaticamente,
ui_auto_generate_0f86c24,string,,Auto Generate,Gerar Automaticamente,
ui_auto_generate_1502534,string,,Auto generate,Gerar automaticamente,
ui_auto_generation_is_a_one_time_starting_point_the_6b317fe,string,,"Auto generation is a one-time starting point. The Home page starts empty in either mode, and you can re-import Home Assistant data later from individual views.","A geração automática é um ponto de partida único. A página inicial começa vazia em ambos os modos, e pode reimportar os dados do Home Assistant mais tarde a partir de vistas individuais.",don't translate Home Assistant
ui_auto_manual_342b68e,string,,Auto + %1$s manual,Auto + %1$s manual,keep %1$s
ui_auto_none_f606e9b,string,,Auto / none,Auto / nenhum,
ui_auto_scan_150eb4b,string,,Auto-scan,Análise automática,
ui_auto_unavailable_33737ba,string,,Auto / unavailable,Auto / indisponível,
ui_automatic_cloud_backup_494d882,string,,Automatic cloud backup,Cópia de segurança automática na nuvem,
ui_automatic_configuration_only_battery_class_percentage_sens_ce9ab03,string,,Automatic configuration: only battery-class percentage sensors are included.,Configuração automática: apenas são incluídos sensores de percentagem da classe bateria.,
ui_automatic_local_cloud_backup_7aef407,string,,Automatic local cloud backup,Cópia de segurança automática local na nuvem,
ui_automatic_paging_and_transition_style_792709a,string,,Automatic paging and transition style,Estilo de paginação e transição automáticas,
ui_automatically_backs_up_your_dashboard_and_appearance_setti_cd89812,string,,"Automatically backs up your dashboard and appearance settings to your own Home Assistant every day, so you can restore them any time. Requires the HKI 7 Cloud custom component (install it via HACS).","Faz automaticamente uma cópia de segurança do seu painel e das definições de aparência para o seu próprio Home Assistant todos os dias, para que possa restaurá-los a qualquer momento. Requer o componente personalizado HKI 7 Cloud (instale-o através do HACS).","don't translate HKI 7 Cloud, Home Assistant"
ui_automation_a15fde5,string,,Automation,Automação,
ui_automations_even_when_the_app_is_closed_or_not_d27e5b1,string,,"automations, even when the app is closed or not in use.\n\n","automações, mesmo quando a aplicação está fechada ou não está a ser utilizada.\n\n",\n = line break
ui_autoplay_95619b5,string,,Autoplay,Reprodução automática,
ui_average_93a8018,string,,average,média,
ui_azimuth_d2fbdb3,string,,Azimuth,Azimute,
ui_back_b52b36b,string,,Back,Voltar,
ui_back_up_now_527bf1a,string,,Back up now,Fazer cópia de segurança agora,
ui_background_image_url_or_path_dfc4908,string,,Background image (URL or path),Imagem de fundo (URL ou caminho),
ui_background_location_5f56f21,string,,Background location,Localização em segundo plano,
ui_background_notifications_563a463,string,,Background notifications,Notificações em segundo plano,
ui_background_usage_fd8ed73,string,,Background Usage,Utilização em Segundo Plano,
ui_backing_up_f600558,string,,Backing up…,A fazer cópia de segurança…,
ui_backspace_88d130a,string,,Backspace,Retrocesso,
ui_backup_and_restore_a593246,string,,Backup and Restore,Cópia de Segurança e Restauro,
ui_backup_dd96994,string,,Backup,Cópia de segurança,
ui_backups_contain_dashboard_and_appearance_configuration_onl_d5856be,string,,"Backups contain dashboard and appearance configuration only. Connection details, app permissions, location state, and notification history are not included.","As cópias de segurança contêm apenas a configuração do painel e da aparência. Detalhes de ligação, permissões da aplicação, estado de localização e histórico de notificações não estão incluídos.",
ui_badge_bar_layout_4b4dfdd,string,,Badge bar layout,Disposição da barra de emblemas,
ui_bars_ad5fb3b,string,,Bars,Barras,
ui_batt_679d0aa,string,,Batt,Bat.,
ui_batteries_0970f9d,string,,Batteries,Baterias,
ui_battery_4a9be04,string,,Battery,Bateria,
ui_battery_74dff99,string,,Battery: %1$s,Bateria: %1$s,keep %1$s
ui_battery_attention_0feaa08,string,,battery-attention,atenção da bateria,
ui_battery_battery_notes_only_14e5936,string,,Battery+ / Battery Notes only,Apenas Battery+ / Notas de Bateria,
ui_battery_energy_25638f8,string,,battery-energy,energia da bateria,
ui_battery_entities_visible_9299588,string,,%1$s battery entities visible,%1$s entidades de bateria visíveis,keep %1$s
ui_battery_fill_8b6793e,string,,battery-fill,preenchimento da bateria,
ui_battery_health_12c0ce4,string,,BATTERY HEALTH,SAÚDE DA BATERIA,
ui_battery_health_8cc8e64,string,,BATTERY+ HEALTH,SAÚDE BATTERY+,
ui_battery_level_is_healthy_1de4c4f,string,,Battery level is healthy,O nível da bateria está saudável,
ui_battery_levels_7c61b65,string,,Battery Levels,Níveis de Bateria,
ui_battery_optimization_7676ca5,string,,Battery Optimization,Otimização de Bateria,
ui_battery_orbit_9aa5d8c,string,,battery-orbit,órbita da bateria,
ui_battery_rules_be75b3c,string,,Battery rules,Regras de bateria,
ui_battery_sensor_optional_0e261e6,string,,Battery sensor (optional),Sensor de bateria (opcional),
ui_behavior_70cb647,string,,Behavior,Comportamento,
ui_birthday_yyyy_mm_dd_d1a9b03,string,,Birthday (YYYY-MM-DD),Data de nascimento (AAAA-MM-DD),
ui_bold_100_1b94255,string,,Bold (+100),Negrito (+100),
ui_bolder_200_9cc5d65,string,,Bolder (+200),Mais negrito (+200),
ui_boldest_300_c5a490d,string,,Boldest (+300),Extra negrito (+300),
ui_boldness_10b6938,string,,Boldness · %1$s,Espessura · %1$s,keep %1$s
ui_brand_and_third_party_work_8d6d517,string,,Brand and third-party work,Marca e trabalho de terceiros,
ui_brightness_222d6d5,string,,%1$s brightness,Brilho de %1$s,keep %1$s
ui_brightness_8e06ad0,string,,BRIGHTNESS,BRILHO,
ui_brightness_slider_a427c80,string,,Brightness slider,Controlo de brilho,
ui_build_the_interface_entirely_your_way_e94582f,string,,Build the interface entirely your way.,Construa a interface completamente à sua maneira.,
ui_building_your_dashboard_2943961,string,,Building your dashboard,A construir o seu painel,
ui_built_in_20f409c,string,,Built-in,Incorporado,
ui_button_794145f,string,,Button,Botão,
ui_button_image_2483e32,string,,Button image,Imagem do botão,
ui_button_lock_28d87b1,string,,Button lock,Bloqueio do botão,
ui_button_stack_ee9e7f8,string,,Button Stack,Pilha de Botões,
ui_button_type_890a578,string,,Button type,Tipo de botão,
ui_buttons_available_from_this_person_s_detail_dialog_ab3f9f9,string,,Buttons available from this person's detail dialog,Botões disponíveis no diálogo de detalhe desta pessoa,
ui_c_286a95c,string,,%1$s %2$s°C,%1$s %2$s°C,keep %1$s %2$s
ui_c_3d3c16f,string,,%1$s - %2$s°C,%1$s - %2$s°C,keep %1$s %2$s
ui_c_a178665,string,,°C,°C,
ui_calendar_content_1f185c8,string,,Calendar content,Conteúdo do calendário,
ui_calendars_9444501,string,,Calendars,Calendários,
ui_camera_4da9c9a,string,,Camera,Câmara,
ui_camera_aspect_ratio_928bf09,string,,Camera aspect ratio,Proporção da câmara,
ui_camera_display_20a9c82,string,,Camera display,Visualização da câmara,
ui_camera_feed_cc1f19e,string,,Camera Feed,Transmissão da Câmara,
ui_camera_page_6b1987b,string,,camera_page,camera_page,
ui_camera_stack_645ea0f,string,,Camera Stack,Pilha de Câmaras,
ui_camera_url_0eebe87,string,,Camera URL,URL da câmara,
ui_cameras_d3daff3,string,,Cameras,Câmaras,
ui_camerascan_00bd2cb,string,,cameraScan,análise de câmara,
ui_can_t_reach_the_server_73079bd,string,,Can't reach the server,Não é possível contactar o servidor,
ui_cancel_77dfd21,string,,Cancel,Cancelar,
ui_cancel_arming_5d383c8,string,,Cancel arming,Cancelar armamento,
ui_card_4d4ce73,string,,Card,Cartão,
ui_card_data_4a42176,string,,Card & data,Cartão & dados,
ui_card_entities_e548a55,string,,Card & entities,Cartão & entidades,
ui_card_layout_f83b655,string,,Card layout,Disposição do cartão,
ui_card_settings_1a3b62a,string,,Card settings,Definições do cartão,
ui_card_shape_and_width_0d513f7,string,,Card shape and width,Forma e largura do cartão,
ui_card_shape_width_and_background_e4aff1c,string,,"Card shape, width, and background","Forma, largura e fundo do cartão",
ui_card_size_shape_and_background_df75707,string,,"Card size, shape, and background","Tamanho, forma e fundo do cartão",
ui_card_width_icon_and_styling_de70fd8,string,,"Card width, icon, and styling","Largura, ícone e estilo do cartão",
ui_card_width_shape_icon_and_background_c3695b5,string,,"Card width, shape, icon, and background","Largura, forma, ícone e fundo do cartão",
ui_cards_0f830bc,string,,Cards,Cartões,
ui_cards_data_a33e044,string,,Cards & data,Cartões & dados,
ui_cards_entities_be4393a,string,,Cards & entities,Cartões & entidades,
ui_carrier_accounts_20ad36c,string,,Carrier accounts,Contas de transportadoras,
ui_carrier_devices_9927ae1,string,,Carrier devices,Dispositivos de transportadora,
ui_carrier_display_name_optional_5ca06fc,string,,Carrier display name (optional),Nome de exibição da transportadora (opcional),
ui_center_adapt_now_and_pause_buttons_81074b2,string,,Center Adapt now and Pause buttons,Centrar os botões Adaptar agora e Pausar,
ui_change_64fbd99,string,,Change,Alterar,
ui_change_avatar_image_217fbce,string,,Change avatar image,Alterar imagem de avatar,
ui_changing_mode_3da68b4,string,,Changing mode,A alterar o modo,
ui_charge_flow_ceb6c62,string,,Charge & flow,Carga & fluxo,
ui_chart_66c7734,string,,Chart,Gráfico,
ui_checking_for_shared_dashboards_5f2f823,string,,Checking for shared dashboards…,A verificar painéis partilhados…,
ui_checking_for_the_hki_7_cloud_component_c76112a,string,,Checking for the HKI 7 Cloud component…,A verificar o componente HKI 7 Cloud…,don't translate HKI 7 Cloud
ui_choose_78b7c9f,string,,Choose,Escolher,
ui_choose_a_different_server_47e6ce6,string,,Choose a different server,Escolher um servidor diferente,
ui_choose_a_side_when_the_badge_bar_is_split_6e3c73d,string,,Choose a side when the badge bar is split,Escolha um lado quando a barra de emblemas está dividida,
ui_choose_a_state_7ab7191,string,,Choose a state,Escolha um estado,
ui_choose_a_visual_home_assistant_block_e7c8652,string,,Choose a visual Home Assistant block,Escolha um bloco visual do Home Assistant,don't translate Home Assistant
ui_choose_action_cf9c80e,string,,Choose action,Escolher ação,
ui_choose_an_action_e82323b,string,,Choose an action,Escolha uma ação,
ui_choose_an_entity_00fd1cc,string,,Choose an entity,Escolha uma entidade,
ui_choose_an_entity_first_d59e681,string,,Choose an entity first,Escolha primeiro uma entidade,
ui_choose_an_expanded_or_compact_dashboard_header_815902d,string,,Choose an expanded or compact dashboard header,Escolha um cabeçalho de painel expandido ou compacto,
ui_choose_avatar_image_bcd5b00,string,,Choose avatar image,Escolher imagem de avatar,
ui_choose_between_the_full_header_and_a_compact_navigation_90ec55e,string,,Choose between the full header and a compact navigation bar,Escolha entre o cabeçalho completo e uma barra de navegação compacta,
ui_choose_entity_31b0424,string,,Choose entity,Escolher entidade,
ui_choose_how_this_phone_or_tablet_appears_in_home_419da67,string,,Choose how this phone or tablet appears in Home Assistant,Escolha como este telemóvel ou tablet aparece no Home Assistant,don't translate Home Assistant
ui_choose_icon_b0047ce,string,,Choose icon,Escolher ícone,
ui_choose_included_cards_and_shared_entity_overrides_a507343,string,,Choose included cards and shared entity overrides,Escolha os cartões incluídos e as substituições de entidades partilhadas,
ui_choose_included_views_and_shared_entity_overrides_41f2e64,string,,Choose included views and shared entity overrides,Escolha as vistas incluídas e as substituições de entidades partilhadas,
ui_choose_one_or_more_carrier_devices_in_widget_settings_100a4ca,string,,Choose one or more carrier devices in widget settings.,Escolha um ou mais dispositivos de transportadora nas definições do widget.,
ui_choose_person_entity_977db64,string,,Choose person entity,Escolher entidade de pessoa,
ui_choose_the_climate_view_and_optional_entity_overrides_a69cbbc,string,,Choose the climate view and optional entity overrides,Escolha a vista de clima e substituições de entidades opcionais,
ui_choose_the_energy_view_and_override_its_entities_if_523c3be,string,,Choose the energy view and override its entities if needed,Escolha a vista de energia e substitua as suas entidades se necessário,
ui_choose_the_entity_and_card_content_8bde89a,string,,Choose the entity and card content,Escolha a entidade e o conteúdo do cartão,
ui_choose_the_home_assistant_entities_that_drive_this_room_53a4061,string,,Choose the Home Assistant entities that drive this room's live indicators. Indicators only appear while they are active.,Escolha as entidades do Home Assistant que controlam os indicadores em direto desta divisão. Os indicadores só aparecem enquanto estiverem ativos.,don't translate Home Assistant
ui_choose_the_home_assistant_shown_in_hki_7_b29bc26,string,,Choose the Home Assistant shown in HKI 7,Escolha o Home Assistant mostrado no HKI 7,"don't translate Home Assistant, HKI 7"
ui_choose_the_player_and_dashboard_label_7fa88ba,string,,Choose the player and dashboard label,Escolha o leitor e o rótulo do painel,
ui_choose_the_profile_for_this_light_d8c7bae,string,,Choose the profile for this light,Escolha o perfil para esta luz,
ui_choose_the_sensors_plotted_together_3bc1663,string,,Choose the sensors plotted together,Escolha os sensores representados em conjunto,
ui_choose_the_source_and_when_a_battery_is_considered_0b993df,string,,Choose the source and when a battery is considered low,Escolha a origem e quando uma bateria é considerada fraca,
ui_choose_what_tap_double_tap_and_hold_should_do_0bbe9c8,string,,"Choose what tap, double tap, and hold should do","Escolha o que o toque, toque duplo e toque longo devem fazer",
ui_choose_what_this_action_should_control_7ebe4ab,string,,Choose what this action should control,Escolha o que esta ação deve controlar,
ui_choose_what_this_badge_summarizes_a7af7e6,string,,Choose what this badge summarizes,Escolha o que este emblema resume,
ui_choose_what_this_header_pill_shows_0bbdbc2,string,,Choose what this header pill shows,Escolha o que esta cápsula do cabeçalho mostra,
ui_choose_where_to_restore_the_dashboard_configuration_from_bb40b34,string,,Choose where to restore the dashboard configuration from.,Escolha de onde restaurar a configuração do painel.,
ui_choose_whether_this_person_appears_in_the_home_header_49f0ec2,string,,Choose whether this person appears in the Home header,Escolha se esta pessoa aparece no cabeçalho da página inicial,
ui_choose_which_profiles_this_widget_can_control_2cd9b2b,string,,Choose which profiles this widget can control,Escolha que perfis este widget pode controlar,
ui_choose_who_can_see_this_dashboard_they_can_import_2f5e49d,string,,Choose who can see this dashboard. They can import it into their own app.,Escolha quem pode ver este painel. Pode importá-lo para a sua própria aplicação.,
ui_choose_your_dashboard_1ec85e9,string,,Choose your dashboard,Escolha o seu painel,
ui_clean_rooms_4dc67ab,string,,Clean rooms,Limpar divisões,
ui_clean_selected_43d8dd5,string,,Clean selected,Limpar selecionado,
ui_clear_719ea39,string,,Clear,Limpar,
ui_clear_battery_config_d8854f7,string,,Clear battery config?,Limpar configuração da bateria?,
ui_clear_battery_view_1952347,string,,Clear battery view?,Limpar vista de bateria?,
ui_clear_battery_view_5ef09bf,string,,Clear Battery View,Limpar Vista de Bateria,
ui_clear_climate_view_48e8a5e,string,,Clear Climate View,Limpar Vista de Clima,
ui_clear_climate_view_9a1339c,string,,Clear climate view?,Limpar vista de clima?,
ui_clear_config_51f6330,string,,Clear config,Limpar configuração,
ui_clear_energy_view_401c166,string,,Clear Energy View,Limpar Vista de Energia,
ui_clear_energy_view_d577bb7,string,,Clear energy view?,Limpar vista de energia?,
ui_clear_filters_4122267,string,,Clear filters,Limpar filtros,
ui_clear_rooms_view_87a43ca,string,,Clear Rooms View,Limpar Vista de Divisões,
ui_clear_rooms_view_f1d0d72,string,,Clear rooms view?,Limpar vista de divisões?,
ui_clear_search_67300d0,string,,Clear search,Limpar pesquisa,
ui_clear_security_view_219e25b,string,,Clear Security View,Limpar Vista de Segurança,
ui_clear_security_view_48790f7,string,,Clear security view?,Limpar vista de segurança?,
ui_clear_selection_247fd63,string,,Clear selection,Limpar seleção,
ui_climate_4857860,string,,Climate,Clima,
ui_climate_cards_f4996fd,string,,Climate Cards,Cartões de Clima,
ui_climate_devices_are_found_automatically_add_extra_entities_5ebd8b7,string,,Climate devices are found automatically; add extra entities here if any are missing.,Os dispositivos de clima são encontrados automaticamente; adicione aqui entidades extra se faltar alguma.,
ui_climate_dialog_control_add9f2b,string,,Climate dialog control,Controlo do diálogo de clima,
ui_climate_sources_take_priority_and_use_their_current_temper_5dbcde3,string,,Climate sources take priority and use their current_temperature and current_humidity values. ,As fontes de clima têm prioridade e utilizam os seus valores de current_temperature e current_humidity. ,keep the space at the start/end
ui_climate_stack_cards_dcff178,string,,Climate Stack Cards,Cartões da Pilha de Clima,
ui_climate_summary_4686577,string,,Climate summary,Resumo do clima,
ui_climatedooropen_026f1c8,string,,climateDoorOpen,porta aberta (clima),
ui_climatehouse_9c0637a,string,,climateHouse,casa (clima),
ui_climatewindowopen_9b0794a,string,,climateWindowOpen,janela aberta (clima),
ui_close_bbfa773,string,,Close,Fechar,
ui_cloud_backup_is_off_71dfae1,string,,Cloud backup is off,A cópia de segurança na nuvem está desativada,
ui_collapsed_by_default_65a57c6,string,,Collapsed by default,Colapsado por predefinição,
ui_collapsible_c932fac,string,,Collapsible,Colapsável,
ui_collection_30c54a9,string,,Collection,Coleção,
ui_color_1d0c830,string,,Color,Cor,
ui_color_typography_and_component_shape_b82e582,string,,"Color, typography, and component shape","Cor, tipografia e forma dos componentes",
ui_colors_and_light_dark_mode_37de9d5,string,,Colors and light/dark mode,Cores e modo claro/escuro,
ui_columns_cf723c5,string,,Columns,Colunas,
ui_combine_multiple_accounts_from_the_same_carrier_into_one_0006a49,string,,Combine multiple accounts from the same carrier into one tab and parcel list.,Combine várias contas da mesma transportadora num só separador e lista de encomendas.,
ui_comfortpulse_100b63b,string,,comfortPulse,pulso de conforto,
ui_community_source_716abd9,string,,Community source,Fonte da comunidade,
ui_compact_1df39aa,string,,Compact,Compacto,
ui_compact_header_50275e8,string,,Compact header,Cabeçalho compacto,
ui_compact_mode_hides_the_left_header_pill_persons_subtitle_da84968,string,,"Compact mode hides the left header pill, persons, subtitle/status information, and room counters. Swipe down on the compact bar to open Search, Flows, Edit, and Settings.","O modo compacto oculta a cápsula esquerda do cabeçalho, as pessoas, informações de subtítulo/estado e os contadores de divisões. Deslize para baixo na barra compacta para abrir Pesquisa, Fluxos, Editar e Definições.",
ui_compact_tile_height_78b57a3,string,,Compact tile height,Altura do bloco compacto,
ui_configured_light_65a3aad,string,,%1$s configured light%2$s,%1$s luz configurada%2$s,keep %1$s %2$s
ui_confirm_04a2122,string,,Confirm,Confirmar,
ui_connect_b65463c,string,,Connect,Ligar,
ui_connected_through_home_assistant_cloud_47a54c0,string,,Connected through Home Assistant Cloud,Ligado através do Home Assistant Cloud,don't translate Home Assistant
ui_connected_through_your_external_home_assistant_address_966b0e6,string,,Connected through your external Home Assistant address,Ligado através do seu endereço externo do Home Assistant,don't translate Home Assistant
ui_connected_through_your_home_network_cdf4e0f,string,,Connected through your home network,Ligado através da sua rede doméstica,
ui_connecting_fd3e796,string,,Connecting…,A ligar…,
ui_connection_6512ee1,string,,Connection,Ligação,
ui_connection_switched_to_8f04753,string,,Connection switched to %1$s,Ligação alterada para %1$s,keep %1$s
ui_contacting_your_home_assistant_server_e0a53d1,string,,Contacting your Home Assistant server…,A contactar o seu servidor Home Assistant…,don't translate Home Assistant
ui_content_4f9be05,string,,Content,Conteúdo,
ui_continue_2e02623,string,,Continue,Continuar,
ui_continuous_gps_for_live_tracking_uses_much_more_battery_fdcd80d,string,,Continuous GPS for live tracking — uses much more battery. Leave off for official-app-like behavior.,GPS contínuo para rastreio em direto — utiliza muito mais bateria. Deixe desativado para um comportamento semelhante ao da aplicação oficial.,
ui_control_ea1d3df,string,,Control,Controlo,
ui_control_how_accounts_become_tabs_and_lists_f100249,string,,Control how accounts become tabs and lists,Controle como as contas se tornam separadores e listas,
ui_control_layout_4c3b047,string,,Control layout,Disposição de controlos,
ui_controls_and_history_sensors_used_by_the_dialog_f71675d,string,,Controls and history sensors used by the dialog,Controlos e sensores de histórico utilizados pelo diálogo,
ui_controls_light_in_this_profile_cd11089,string,,Controls %1$s light%2$s in this profile.,Controla %1$s luz%2$s neste perfil.,keep %1$s %2$s
ui_cooling_5569ac4,string,,Cooling,A arrefecer,
ui_copy_af74f7c,string,,Copy,Copiar,
ui_copy_dashboard_2ea354e,string,,Copy dashboard,Copiar painel,
ui_copyright_2026_jimz011_b8f2c24,string,,Copyright © 2026 Jimz011,Copyright © 2026 Jimz011,
ui_corners_f1fb139,string,,Corners,Cantos,
ui_could_not_add_the_parcel_check_the_number_and_fd157b4,string,,Could not add the parcel. Check the number and try again.,Não foi possível adicionar a encomenda. Verifique o número e tente novamente.,
ui_couldn_t_reach_a30cc1b,string,,Couldn't reach %1$s,Não foi possível contactar %1$s,keep %1$s
ui_couldn_t_reach_your_home_assistant_server_2a17c09,string,,Couldn't reach your Home Assistant server.,Não foi possível contactar o seu servidor Home Assistant.,don't translate Home Assistant
ui_countdown_timer_282cb17,string,,Countdown timer,Temporizador de contagem decrescente,
ui_create_6e157c5,string,,Create,Criar,
ui_create_a_flow_11b4415,string,,Create a flow,Criar um fluxo,
ui_create_a_separate_dashboard_auto_generate_imports_once_and_a5f0ef1,string,,Create a separate dashboard. Auto Generate imports once and then becomes editable; Start Empty only keeps persons available.,Cria um painel separado. A Geração Automática importa uma vez e depois torna-se editável; Começar Vazio apenas mantém as pessoas disponíveis.,
ui_create_custom_page_d1f53e7,string,,Create custom page,Criar página personalizada,
ui_created_by_jimz011_2026_hki_7_v_20cbca0,string,,Created by Jimz011 - 2026 • HKI 7 v%1$s,Criado por Jimz011 - 2026 • HKI 7 v%1$s,keep %1$s; don't translate HKI 7
ui_created_by_jimz011_with_help_from_ai_assisted_development_47c9a41,string,,"Created by Jimz011 with help from AI-assisted development tools. Product direction, design choices, testing, and responsibility for the released app remain with the project creator.","Criado por Jimz011 com a ajuda de ferramentas de desenvolvimento assistidas por IA. A direção do produto, as escolhas de design, os testes e a responsabilidade pela aplicação lançada permanecem com o criador do projeto.",
ui_created_openly_1cc16d4,string,,Created openly,Criado abertamente,
ui_creates_a_full_duplicate_of_including_all_rooms_widgets_b96bbb1,string,,"Creates a full duplicate of ""%1$s"", including all rooms, widgets, and page settings. The copy is added to your dashboards without switching to it.","Cria um duplicado completo de ""%1$s"", incluindo todas as divisões, widgets e definições de página. A cópia é adicionada aos seus painéis sem mudar para ela.",keep %1$s
ui_critical_04b7b26,string,,Critical,Crítico,
ui_critical_low_5852b16,string,,%1$s critical · %2$s low,%1$s crítico · %2$s fraco,keep %1$s %2$s
ui_critical_replace_soon_dbd946d,string,,Critical — replace soon,Crítico — substituir em breve,
ui_current_4fc0e2b,string,,Current,Atual,
ui_current_88a0a02,string,,%1$s° current,%1$s° atual,keep %1$s
ui_current_charge_b6b0b3d,string,,Current charge,Carga atual,
ui_current_e4ef83d,string,,Current %1$s%%,Atual %1$s%%,keep %1$s
ui_current_weather_0fc6239,string,,Current weather,Meteorologia atual,
ui_currently_loaded_69ef6fb,string,,Currently loaded,Atualmente carregado,
ui_custom_081ae3f,string,,Custom,Personalizado,
ui_custom_buttons_c580449,string,,Custom buttons,Botões personalizados,
ui_custom_camera_ada9096,string,,Custom Camera,Câmara Personalizada,
ui_custom_camera_url_8191b15,string,,Custom camera URL,URL de câmara personalizada,
ui_custom_ed17691,string,,Custom %1$s,%1$s Personalizado,keep %1$s
ui_custom_entities_d6e76ae,string,,Custom entities,Entidades personalizadas,
ui_custom_name_6af17c2,string,,Custom name,Nome personalizado,
ui_custom_order_a7a5984,string,,Custom order,Ordem personalizada,
ui_custom_seconds_7467e28,string,,Custom seconds,Segundos personalizados,
ui_custom_state_378153b,string,,Custom state...,Estado personalizado...,
ui_custom_url_9c155e9,string,,Custom URL,URL personalizado,
ui_customize_device_energy_b754bb5,string,,Customize device energy,Personalizar energia do dispositivo,
ui_customize_top_consumers_eb249c5,string,,Customize top consumers,Personalizar principais consumidores,
ui_customize_water_devices_81ce5f6,string,,Customize water devices,Personalizar dispositivos de água,
ui_d_6388bb3,string,,"%1$s d, %2$s","%1$s d, %2$s",keep %1$s %2$s
ui_daily_backup_is_active_111a631,string,,Daily backup is active,A cópia de segurança diária está ativa,
ui_dashboard_d87f47b,string,,Dashboard,Painel,
ui_dashboard_header_36d8656,string,,Dashboard header,Cabeçalho do painel,
ui_dashboard_name_466f3af,string,,Dashboard name,Nome do painel,
ui_dashboard_width_and_card_shape_3fcad11,string,,Dashboard width and card shape,Largura do painel e forma dos cartões,
ui_dashboards_197565b,string,,Dashboards,Painéis,
ui_dashboards_shared_by_your_family_import_to_add_a_8a6d06e,string,,Dashboards shared by your family. Import to add a copy to your dashboards; import again later to pull updates.,Painéis partilhados pela sua família. Importe para adicionar uma cópia aos seus painéis; importe novamente mais tarde para obter atualizações.,
ui_dashboards_visual_style_and_everyday_navigation_17f3ac2,string,,"Dashboards, visual style, and everyday navigation","Painéis, estilo visual e navegação do dia a dia",
ui_data_series_e5977fb,string,,Data series,Séries de dados,
ui_data_sources_dadd6ac,string,,Data sources,Fontes de dados,
ui_date_eb9a4bc,string,,Date,Data,
ui_datetime_f1e5baf,string,,DateTime,Data e Hora,
ui_day_to_839bf92,string,,%1$s day%2$s to %3$s,%1$s dia%2$s até %3$s,keep %1$s %2$s %3$s
ui_decrease_67e19d8,string,,Decrease,Diminuir,
ui_default_808d7dc,string,,Default,Predefinido,
ui_default_effect_per_type_a4ce3c4,string,,Default effect per type,Efeito predefinido por tipo,
ui_default_view_343256a,string,,Default view,Vista predefinida,
ui_default_weather_entity_588d455,string,,Default weather entity,Entidade meteorológica predefinida,
ui_defrosting_c3b2817,string,,Defrosting,A descongelar,
ui_delete_0c6013a,string,,"Delete ""%1$s""?","Eliminar ""%1$s""?",keep %1$s
ui_delete_137cdc2,string,,Delete %1$s?,Eliminar %1$s?,keep %1$s
ui_delete_automation_442d61c,string,,Delete automation?,Eliminar automação?,
ui_delete_f6fdbe4,string,,Delete,Eliminar,
ui_delete_floor_07c4a91,string,,Delete floor,Eliminar piso,
ui_delivered_eea956c,string,,Delivered,Entregue,
ui_demo_mode_a85b728,string,,Demo mode,Modo de demonstração,
ui_description_55f8ebc,string,,Description,Descrição,
ui_details_dc3decb,string,,Details,Detalhes,
ui_detected_carbon_intensity_9983458,string,,Detected carbon intensity,Intensidade de carbono detetada,
ui_device_8c01559,string,,Device: %1$s,Dispositivo: %1$s,keep %1$s
ui_device_a5a74a6,string,,Device,Dispositivo,
ui_device_details_39c277d,string,,Device details,Detalhes do dispositivo,
ui_device_details_eb36018,string,,DEVICE DETAILS,DETALHES DO DISPOSITIVO,
ui_device_energy_79de3d8,string,,Device energy,Energia do dispositivo,
ui_device_helpers_6a8b199,string,,Device & helpers,Dispositivo & auxiliares,
ui_device_name_79d7a15,string,,Device name,Nome do dispositivo,
ui_device_tracker_and_geocoded_location_f9e2d34,string,,Device tracker and geocoded location,Rastreador de dispositivo e localização geocodificada,
ui_devices_728190e,string,,devices,dispositivos,
ui_devices_df485c8,string,,Devices,Dispositivos,
ui_dialog_control_63e18cf,string,,Dialog control,Controlo do diálogo,
ui_direction_5a47d4d,string,,Direction —,Direção —,
ui_disable_battery_optimization_d3201bf,string,,Disable Battery Optimization,Desativar Otimização de Bateria,
ui_disarmed_aaa4d9e,string,,Disarmed,Desarmado,
ui_discovered_acbb9e0,string,,Discovered,Detetado,
ui_dismiss_70afe9e,string,,Dismiss,Dispensar,
ui_display_574ff9b,string,,Display,Exibição,
ui_display_linked_entities_and_dialog_layout_e6987f9,string,,"Display, linked entities, and dialog layout","Exibição, entidades associadas e disposição do diálogo",
ui_display_mode_627bc30,string,,Display mode,Modo de exibição,
ui_display_order_5f1293a,string,,Display order,Ordem de exibição,
ui_done_e9b450d,string,,Done,Concluído,
ui_door_locked_4b46012,string,,Door\nLocked,Porta\nTrancada,\n = line break
ui_door_open_74899a4,string,,Door\nOpen,Porta\nAberta,\n = line break
ui_door_sensor_turns_lock_card_red_when_open_9bc1372,string,,Door sensor (turns lock card red when open),Sensor de porta (torna o cartão da fechadura vermelho quando aberta),
ui_door_sensors_a7bb309,string,,Door sensors,Sensores de porta,
ui_double_tap_a268e89,string,,Double tap,Toque duplo,
ui_drag_horizontally_across_the_full_button_547ea8c,string,,Drag horizontally across the full button,Arraste horizontalmente por todo o botão,
ui_drag_to_reorder_use_the_eye_button_to_hide_cd28b4c,string,,Drag to reorder. Use the eye button to hide an item or schedule when it shows.,Arraste para reordenar. Utilize o botão do olho para ocultar um item ou agendar quando é mostrado.,
ui_drag_to_set_the_order_cameras_appear_on_the_7bcb4f5,string,,Drag to set the order cameras appear on the Security view.,Arraste para definir a ordem em que as câmaras aparecem na vista de Segurança.,
ui_drag_to_set_the_order_the_cards_appear_below_b6a92e4,string,,Drag to set the order the cards appear below the house on the Energy view.,Arraste para definir a ordem em que os cartões aparecem abaixo da casa na vista de Energia.,
ui_drag_to_set_the_order_thermostats_and_ac_units_62d49e7,string,,Drag to set the order thermostats and AC units appear on the Climate view.,Arraste para definir a ordem em que os termóstatos e unidades de AC aparecem na vista de Clima.,
ui_drying_7ea61a9,string,,Drying,A secar,
ui_e_e0184ad,string,,E,E,
ui_each_group_controls_one_part_of_this_page_286a40b,string,,Each group controls one part of this page,Cada grupo controla uma parte desta página,
ui_each_home_keeps_its_own_login_dashboard_notification_conne_c261f94,string,,"Each home keeps its own login, dashboard, notification connection, and location registration","Cada casa mantém o seu próprio início de sessão, painel, ligação de notificações e registo de localização",
ui_edit_5301648,string,,Edit,Editar,
ui_edit_entities_485ee65,string,,Edit entities,Editar entidades,
ui_edit_page_17e45f8,string,,Edit page,Editar página,
ui_edit_sensors_6c38d51,string,,Edit sensors,Editar sensores,
ui_effects_8f25a85,string,,Effects,Efeitos,
ui_electricity_925cf7f,string,,Electricity,Eletricidade,
ui_electricity_total_c81c63f,string,,Electricity Total,Total de Eletricidade,
ui_elevation_a514da1,string,,Elevation,Elevação,
ui_empty_3159fe4,string,,Empty,Vazio,
ui_empty_bin_0cbe2d7,string,,Empty bin,Esvaziar contentor,
ui_empty_bin_bcf05c4,string,,Empty bin: %1$s,Esvaziar contentor: %1$s,keep %1$s
ui_empty_bin_optional_fallback_e40b857,string,,Empty bin (optional fallback),Esvaziar contentor (alternativa opcional),
ui_empty_iframe_open_its_settings_in_edit_mode_and_c17ba2f,string,,Empty iFrame — open its settings in edit mode and enter a web address.,iFrame vazio — abra as suas definições no modo de edição e introduza um endereço web.,
ui_empty_markdown_widget_open_its_settings_in_edit_mode_b65072d,string,,Empty markdown widget — open its settings in edit mode to write content.,Widget Markdown vazio — abra as suas definições no modo de edição para escrever conteúdo.,
ui_empty_stack_79d38d5,string,,Empty Stack,Pilha Vazia,
ui_enable_cloud_backup_32fe82b,string,,Enable cloud backup,Ativar cópia de segurança na nuvem,
ui_enable_home_assistant_backup_bd7cf62,string,,Enable Home Assistant backup,Ativar cópia de segurança do Home Assistant,don't translate Home Assistant
ui_enable_the_features_hki_7_may_use_in_the_52e596d,string,,Enable the features HKI 7 may use in the background,Ative as funcionalidades que o HKI 7 pode utilizar em segundo plano,don't translate HKI 7
ui_enabled_e22fb09,string,,ENABLED,ATIVADO,
ui_end_2a002eb,string,,End: %1$s,Fim: %1$s,keep %1$s
ui_energy_437bcb1,string,,Energy,Energia,
ui_energy_cards_c84abda,string,,Energy Cards,Cartões de Energia,
ui_energy_counters_imported_from_home_assistant_s_energy_dash_9dd23f9,string,,Energy counters imported from Home Assistant's Energy dashboard.,Contadores de energia importados do painel de Energia do Home Assistant.,don't translate Home Assistant
ui_energy_stack_cards_5ac4b4c,string,,Energy Stack Cards,Cartões da Pilha de Energia,
ui_energyscene_374cbbb,string,,energyScene,cena de energia,
ui_enter_a_pin_4e6a960,string,,Enter a PIN,Introduza um PIN,
ui_enter_a_valid_json_object_00d1e89,string,,Enter a valid JSON object,Introduza um objeto JSON válido,
ui_enter_an_address_manually_5eda99d,string,,Enter an address manually,Introduzir um endereço manualmente,
ui_enter_code_ab45ae5,string,,Enter code,Introduzir código,
ui_enter_http_url_relative_path_or_webrtc_id_e_bb736eb,string,,"Enter HTTP URL, relative path, or WebRTC ID (e.g., poort_hd)","Introduza o URL HTTP, caminho relativo ou ID WebRTC (por exemplo, poort_hd)",
ui_enter_http_url_relative_path_or_webrtc_path_e_41da8c2,string,,"Enter HTTP URL, relative path, or WebRTC path (e.g., url: poort_hd)","Introduza o URL HTTP, caminho relativo ou caminho WebRTC (por exemplo, url: poort_hd)",
ui_enter_the_same_data_object_home_assistant_shows_in_f7e27af,string,,Enter the same data object Home Assistant shows in YAML. JSON is used here so values keep their exact type.,Introduza o mesmo objeto de dados que o Home Assistant mostra em YAML. Aqui é utilizado JSON para que os valores mantenham o seu tipo exato.,don't translate Home Assistant
ui_entities_390082d,string,,Entities · %1$s,Entidades · %1$s,keep %1$s
ui_entities_6510c2f,string,,Entities (%1$s),Entidades (%1$s),keep %1$s
ui_entities_9d88f3c,string,,entities,entidades,
ui_entities_appearance_and_interactions_b90b013,string,,"Entities, appearance, and interactions","Entidades, aparência e interações",
ui_entities_f7638a2,string,,Entities,Entidades,
ui_entities_that_signal_activity_or_safety_states_769b862,string,,Entities that signal activity or safety states,Entidades que sinalizam estados de atividade ou segurança,
ui_entity_icons_gently_glow_spin_or_pulse_while_the_b3a8910,string,,"Entity icons gently glow, spin, or pulse while the device is on. Only active devices animate.","Os ícones das entidades brilham, rodam ou pulsam suavemente enquanto o dispositivo está ligado. Apenas os dispositivos ativos são animados.",
ui_entity_integrations_852a3e0,string,,Entity integrations,Integrações de entidade,
ui_entity_name_9543eb8,string,,Entity name,Nome da entidade,
ui_entity_picture_0569c68,string,,Entity picture,Imagem da entidade,
ui_entity_unavailable_3974ddb,string,,Entity unavailable,Entidade indisponível,
ui_event_ad8919a,string,,Event,Evento,
ui_every_contribution_helps_and_payment_is_never_required_1bc44f2,string,,"Every contribution helps, and payment is never required","Todas as contribuições ajudam, e nunca é necessário pagamento",
ui_everyday_navigation_e2f1711,string,,Everyday navigation,Navegação do dia a dia,
ui_everyone_c756f6a,string,,Everyone,Todos,
ui_exact_text_or_number_reported_by_home_assistant_00e5cc6,string,,Exact text or number reported by Home Assistant,Texto ou número exato reportado pelo Home Assistant,don't translate Home Assistant
ui_example_com_or_https_8381ca6,string,,example.com or https://…,example.com ou https://…,
ui_existing_camera_5fb3653,string,,Existing Camera,Câmara Existente,
ui_exit_demo_mode_ab94122,string,,Exit Demo Mode,Sair do Modo de Demonstração,
ui_exit_full_screen_3d9afda,string,,Exit full screen,Sair do ecrã inteiro,
ui_exiting_removes_the_sample_home_and_returns_to_the_05548e1,string,,"Exiting removes the sample home and returns to the welcome screen, where you can connect a real Home Assistant server.","Sair remove a casa de exemplo e regressa ao ecrã de boas-vindas, onde pode ligar-se a um servidor Home Assistant real.",don't translate Home Assistant
ui_expected_delivery_78d54b2,string,,Expected delivery,Entrega prevista,
ui_expected_today_4af5600,string,,Expected today,Prevista para hoje,
ui_external_url_or_nabu_casa_url_d2e1eed,string,,External URL or Nabu Casa URL,URL externo ou URL do Nabu Casa,don't translate Nabu Casa
ui_family_sharing_160fddb,string,,Family Sharing,Partilha Familiar,
ui_family_sharing_settings_are_controlled_by_a_home_assistant_cdb35a2,string,,Family Sharing settings are controlled by a Home Assistant admin. You can use a dashboard shared with you below.,As definições de Partilha Familiar são controladas por um administrador do Home Assistant. Pode utilizar abaixo um painel partilhado consigo.,don't translate Home Assistant
ui_fan_ec38406,string,,Fan,Ventoinha,
ui_fan_modes_fbaa3df,string,,Fan & modes,Ventoinha & modos,
ui_fans_73d38db,string,,Fans,Ventoinhas,
ui_fetch_climate_entities_from_home_assistant_again_a65f837,string,,Fetch climate entities from Home Assistant again.,Obter novamente as entidades de clima do Home Assistant.,don't translate Home Assistant
ui_fetch_rooms_floors_and_their_entities_from_home_assistant_0d84305,string,,"Fetch rooms, floors, and their entities from Home Assistant again.","Obter novamente as divisões, pisos e as suas entidades do Home Assistant.",don't translate Home Assistant
ui_fetch_security_entities_from_home_assistant_again_577b666,string,,Fetch security entities from Home Assistant again.,Obter novamente as entidades de segurança do Home Assistant.,don't translate Home Assistant
ui_fetch_the_home_assistant_energy_dashboard_configuration_ag_9180e9b,string,,Fetch the Home Assistant energy dashboard configuration again.,Obter novamente a configuração do painel de energia do Home Assistant.,don't translate Home Assistant
ui_find_home_assistant_locally_c992bdf,string,,Find Home Assistant locally,Encontrar o Home Assistant localmente,don't translate Home Assistant
ui_firmware_94fe490,string,,Firmware %1$s,Firmware %1$s,keep %1$s
ui_five_simple_gestures_are_all_you_need_to_get_d4c2675,string,,Five simple gestures are all you need to get around HKI 7.,Cinco gestos simples são tudo o que precisa para se orientar no HKI 7.,don't translate HKI 7
ui_fixed_tab_10fe998,string,,Fixed tab,Separador fixo,
ui_floor_7db82f7,string,,Floor,Piso,
ui_floor_assignment_288a740,string,,Floor assignment,Atribuição de piso,
ui_floor_name_e9d98d6,string,,Floor name,Nome do piso,
ui_floor_settings_640cb8e,string,,Floor settings,Definições do piso,
ui_flowphase_101d9f0,string,,flowPhase,fase de fluxo,
ui_flows_1242655,string,,Flows,Fluxos,
ui_focused_groups_keep_advanced_options_easy_to_find_44ac86e,string,,Focused groups keep advanced options easy to find,Os grupos focados mantêm as opções avançadas fáceis de encontrar,
ui_font_family_54a1848,string,,Font family,Família de tipo de letra,
ui_font_size_ef89fc7,string,,Font size · %1$s%%,Tamanho do tipo de letra · %1$s%%,keep %1$s
ui_fonts_ffe688a,string,,Fonts,Tipos de Letra,
ui_force_high_refresh_rate_214de79,string,,Force high refresh rate,Forçar taxa de atualização elevada,
ui_forecast_528bc4b,string,,Forecast,Previsão,
ui_forecast_entities_c950412,string,,Forecast entities,Entidades de previsão,
ui_forget_selection_7864f34,string,,Forget selection,Esquecer seleção,
ui_forward_ba4e722,string,,Forward,Avançar,
ui_from_ad3b521,string,,From %1$s,De %1$s,keep %1$s
ui_from_state_6c7eaef,string,,From state,Do estado,
ui_full_changelog_ae838e7,string,,Full changelog,Registo de alterações completo,
ui_full_controls_68749a5,string,,Full controls,Controlos completos,
ui_full_day_name_25ab7ee,string,,Full Day Name,Nome Completo do Dia,
ui_full_url_or_a_path_on_your_home_assistant_66f9c59,string,,Full URL or a path on your Home Assistant server (e.g. /local/vacuum.png),"URL completo ou um caminho no seu servidor Home Assistant (por exemplo, /local/vacuum.png)",don't translate Home Assistant
ui_gas_ead9650,string,,Gas,Gás,
ui_generating_your_rooms_01654a1,string,,Generating your rooms,A gerar as suas divisões,
ui_get_started_bd2cb05,string,,Get Started,Começar,
ui_give_a_humidifier_a_fan_select_input_select_to_860be4d,string,,"Give a humidifier a fan / select / input_select to control its speed; its options replace the humidifier's mode chips, and modes move to the dialog's nav bar.","Dê a um humidificador uma ventoinha / seleção / input_select para controlar a sua velocidade; as suas opções substituem os chips de modo do humidificador, e os modos passam para a barra de navegação do diálogo.",
ui_glow_6ae5a62,string,,glow,brilho,
ui_glowphase_748e6d6,string,,glowPhase,fase de brilho,
ui_glowpulse_9269294,string,,glowPulse,pulso de brilho,
ui_good_61dedcf,string,,Good,Bom,
ui_google_drive_07c2964,string,,Google Drive,Google Drive,don't translate Google Drive
ui_got_it_5b8027f,string,,Got it,Percebido,
ui_got_it_let_s_explore_107038f,string,,Got it — let's explore,Percebido — vamos explorar,
ui_graph_sensor_c63cbb6,string,,Graph %1$s · %2$s sensor%3$s,Gráfico %1$s · %2$s sensor%3$s,keep %1$s %2$s %3$s
ui_graph_style_6acd980,string,,Graph Style,Estilo do Gráfico,
ui_graphs_7839947,string,,Graphs,Gráficos,
ui_grid_density_and_button_presentation_b7907e5,string,,Grid density and button presentation,Densidade da grelha e apresentação dos botões,
ui_grid_density_width_and_tile_shape_267ad9a,string,,"Grid density, width, and tile shape","Densidade da grelha, largura e forma dos blocos",
ui_grid_phases_0a5eae5,string,,Grid & phases,Rede & fases,
ui_group_light_paused_for_manual_control_78d6b74,string,,%1$s group light%2$s paused for manual control.,%1$s luz de grupo%2$s em pausa para controlo manual.,keep %1$s %2$s
ui_group_related_cards_in_one_section_f978d2b,string,,Group related cards in one section,Agrupe cartões relacionados numa secção,
ui_guide_motion_579dcaf,string,,guide_motion,guide_motion,
ui_guide_progress_6138614,string,,guide_progress,guide_progress,
ui_gust_53f5da4,string,, (gust %1$s), (rajada %1$s),keep %1$s; keep the space at the start/end
ui_h_0be1674,string,,%1$sh,%1$sh,keep %1$s
ui_header_31341c6,string,,Header,Cabeçalho,
ui_header_appearance_40327c9,string,,Header appearance,Aparência do cabeçalho,
ui_header_custom_color_rrggbb_1887d0a,string,,Header custom color (#RRGGBB),Cor personalizada do cabeçalho (#RRGGBB),
ui_header_pill_d7520cf,string,,Header pill,Cápsula do cabeçalho,
ui_header_text_7f71314,string,,Header text,Texto do cabeçalho,
ui_header_text_f7593e7,string,,Header Text,Texto do Cabeçalho,
ui_header_wallpaper_url_or_path_25cf2b6,string,,Header wallpaper URL or path,URL ou caminho do papel de parede do cabeçalho,
ui_heading_some_bold_text_a_list_item_one_item_b7f049b,string,,"# Heading\nSome **bold** text, a list:\n- item one\n- item two","# Título\nAlgum texto **negrito**, uma lista:\n- item um\n- item dois",\n = line break
ui_healthy_80ea156,string,,Healthy,Saudável,
ui_heating_f2a3e6e,string,,Heating,A aquecer,
ui_height_3f608b4,string,,Height,Altura,
ui_help_the_project_without_buying_premium_e960d10,string,,Help the project without buying Premium,Ajude o projeto sem comprar o Premium,
ui_hidden_1364716,string,,%1$s hidden,%1$s oculto(s),keep %1$s
ui_hidden_d4c2792,string,,Hidden,Oculto,
ui_hidden_during_c0afbbc,string,,Hidden during,Oculto durante,
ui_hidden_rooms_f621ba4,string,,Hidden rooms,Divisões ocultas,
ui_hidden_items_advanced_title,string,,Hidden items (advanced),Itens ocultos (avançado),
ui_hidden_items_advanced_hint,string,,Comma-separated list of button entity ids or badge/widget ids to hide from this person specifically. A button's id is its entity id; a badge or widget's id is shown in its own Appearance settings.,Lista separada por vírgulas de IDs de entidades de botão ou IDs de crachás/widgets para ocultar especificamente dessa pessoa. O id de um botão é o seu id de entidade; o ID de um emblema ou widget é mostrado em suas próprias configurações de Aparência.,
ui_hidden_views_3e16d85,string,,Hidden views,Vistas ocultas,
ui_hide_certain_views_or_rooms_from_specific_people_to_f10458c,string,,Hide certain views or rooms from specific people to keep their dashboard simple. This is UX-level hiding — it does not restrict what they can do in Home Assistant itself.,Oculte certas vistas ou divisões de pessoas específicas para manter o painel delas simples. Esta é uma ocultação ao nível da interface — não restringe o que podem fazer no próprio Home Assistant.,don't translate Home Assistant
ui_hide_connection_notification_dcee06a,string,,Hide Connection Notification,Ocultar Notificação de Ligação,
ui_hide_this_badge_or_schedule_when_it_appears_e149fbf,string,,"Hide this badge, or schedule when it appears","Oculte este emblema, ou agende quando aparece",
ui_hide_this_button_or_schedule_when_it_appears_a28bf66,string,,"Hide this button, or schedule when it appears","Oculte este botão, ou agende quando aparece",
ui_high_accuracy_mode_954d2c5,string,,High accuracy mode,Modo de alta precisão,
ui_history_90ccd64,string,,History,Histórico,
ui_hki_7_68a9e17,string,,HKI 7,HKI 7,don't translate HKI 7
ui_hki_7_collects_location_data_to_enable_presence_detection_2dda033,string,,HKI 7 collects location data to enable presence detection and zone-based ,O HKI 7 recolhe dados de localização para permitir a deteção de presença e ,don't translate HKI 7; keep the space at the start/end
ui_hki_7_logo_a445c44,string,,HKI 7 logo,Logótipo do HKI 7,don't translate HKI 7
ui_hki_7_turns_your_native_home_assistant_entities_rooms_c95b345,string,,"HKI 7 turns your native Home Assistant entities, rooms, automations, media, energy data, and services into a configurable mobile dashboard. It is designed to stay connected to Home Assistant as the source of truth while offering a distinct HKI interface.","O HKI 7 transforma as suas entidades, divisões, automações, multimédia, dados de energia e serviços nativos do Home Assistant num painel móvel configurável. Foi concebido para se manter ligado ao Home Assistant como a fonte de verdade, oferecendo ao mesmo tempo uma interface HKI distinta.","don't translate Home Assistant, HKI 7"
ui_hki_7_v_d5594a7,string,,HKI 7 v%1$s,HKI 7 v%1$s,keep %1$s; don't translate HKI 7
ui_home_and_rooms_are_always_shown_reorder_the_other_bea984a,string,,Home and Rooms are always shown. Reorder the other tabs with the arrows and toggle each on or off.,Início e Divisões são sempre mostrados. Reordene os outros separadores com as setas e ative/desative cada um.,
ui_home_assistant_backup_is_off_4524f2e,string,,Home Assistant backup is off,A cópia de segurança do Home Assistant está desativada,don't translate Home Assistant
ui_home_assistant_c8fd3bb,string,,Home Assistant,Home Assistant,don't translate Home Assistant
ui_home_assistant_instances_b0de2f3,string,,Home Assistant instances,Instâncias do Home Assistant,don't translate Home Assistant
ui_home_assistant_will_be_unavailable_briefly_while_it_restar_df30b45,string,,Home Assistant will be unavailable briefly while it restarts. Administrator access is required.,O Home Assistant ficará indisponível brevemente enquanto reinicia. É necessário acesso de administrador.,don't translate Home Assistant
ui_home_security_aa534f2,string,,HOME SECURITY,SEGURANÇA DA CASA,
ui_home_wi_fi_names_comma_separated_b71c6ab,string,,Home Wi-Fi names (comma separated),Nomes de Wi-Fi doméstico (separados por vírgulas),
ui_hourly_forecast_50f6c9c,string,,Hourly forecast,Previsão horária,
ui_how_this_control_communicates_state_ad17a3d,string,,How this control communicates state,Como este controlo comunica o estado,
ui_how_this_icon_animates_while_the_device_is_active_dffdaf5,string,,"How this icon animates while the device is active. ""Auto"" follows the global setting; the rest override it for this icon.","Como este ícone é animado enquanto o dispositivo está ativo. ""Auto"" segue a definição global; os restantes substituem-na para este ícone.",
ui_http_homeassistant_local_8123_67b2235,string,,http://homeassistant.local:8123,http://homeassistant.local:8123,
ui_http_url_relative_path_or_webrtc_name_e_g_dfc56c4,string,,"HTTP URL, relative path, or WebRTC name (e.g., url: poort_hd)","URL HTTP, caminho relativo ou nome WebRTC (por exemplo, url: poort_hd)",
ui_https_1a66279,string,,https://…,https://…,
ui_https_example_ui_nabu_casa_4d97501,string,,https://example.ui.nabu.casa,https://example.ui.nabu.casa,
ui_humidifiers_aa38e2a,string,,Humidifiers,Humidificadores,
ui_humidifiers_are_found_automatically_from_the_humidifier_do_0717429,string,,Humidifiers are found automatically from the humidifier domain; add extra entities here if any are missing.,Os humidificadores são encontrados automaticamente a partir do domínio humidifier; adicione aqui entidades extra se faltar alguma.,
ui_humidifying_5d5f6c5,string,,Humidifying,A humidificar,
ui_humidity_65adb9c,string,,Humidity,Humidade,
ui_humidity_control_devices_c7e4846,string,,Humidity control devices,Dispositivos de controlo de humidade,
ui_humidity_sensor_graphed_in_activity_5b792e1,string,,Humidity sensor (graphed in Activity),Sensor de humidade (representado graficamente em Atividade),
ui_icon_716f63b,string,,Icon,Ícone,
ui_icon_animation_5b1faae,string,,Icon animation,Animação do ícone,
ui_icon_animations_and_effects_db0dea4,string,,Icon animations and effects,Animações e efeitos de ícones,
ui_icon_eeaa97d,string,,Icon: %1$s,Ícone: %1$s,keep %1$s
ui_icon_feedback_180b871,string,,Icon & feedback,Ícone & resposta,
ui_icons_edb8f6c,string,,Icons,Ícones,
ui_identity_7e5a975,string,,Identity,Identidade,
ui_identity_and_connection_bee53f8,string,,Identity and connection,Identidade e ligação,
ui_identity_presentation_indicators_and_maintenance_d46fbf4,string,,"Identity, presentation, indicators, and maintenance","Identidade, apresentação, indicadores e manutenção",
ui_idle_cc1ebdd,string,,Idle,Inativo,
ui_image_50e19fd,string,,Image,Imagem,
ui_image_style_size_shape_and_background_40c17b6,string,,"Image style, size, shape, and background","Estilo, tamanho, forma e fundo da imagem",
ui_image_url_or_path_ddd8d74,string,,Image URL or path,URL ou caminho da imagem,
ui_import_d6fbc9d,string,,Import,Importar,
ui_import_entities_that_have_not_been_edited_or_remove_6edde59,string,,"Import entities that have not been edited, or remove all climate edits and import from scratch.","Importe as entidades que não foram editadas, ou remova todas as edições de clima e importe do zero.",
ui_import_entities_that_have_not_been_edited_or_remove_9851b28,string,,"Import entities that have not been edited, or remove all security edits and import from scratch.","Importe as entidades que não foram editadas, ou remova todas as edições de segurança e importe do zero.",
ui_import_from_family_f9eb88d,string,,Import from family,Importar da família,
ui_import_only_rooms_and_entities_that_have_not_been_478d449,string,,"Import only rooms and entities that have not been edited, or remove all edited rooms and floors and import everything from scratch.","Importe apenas as divisões e entidades que não foram editadas, ou remova todas as divisões e pisos editados e importe tudo do zero.",
ui_import_only_rooms_that_have_not_been_edited_or_d59bee5,string,,"Import only rooms that have not been edited, or rebuild everything. Rebuilding removes all edited rooms and floors before importing them from scratch.","Importe apenas as divisões que não foram editadas, ou reconstrua tudo. Reconstruir remove todas as divisões e pisos editados antes de os importar do zero.",
ui_import_sensors_with_device_class_battery_and_unit_of_dfaced9,string,,Import sensors with device_class battery and unit_of_measurement %.,Importe sensores com device_class battery e unit_of_measurement %.,
ui_import_settings_that_have_not_been_edited_or_remove_2fc3850,string,,"Import settings that have not been edited, or remove all energy edits and import from scratch.","Importe as definições que não foram editadas, ou remova todas as edições de energia e importe do zero.",
ui_import_unedited_4a58143,string,,Import unedited,Importar não editados,
ui_imported_stacks_cannot_be_removed_in_auto_mode_hide_608f9ed,string,,"Imported stacks cannot be removed in auto mode. Hide the stack instead, or take over / switch to manual mode to delete it permanently.","As pilhas importadas não podem ser removidas no modo automático. Em vez disso, oculte a pilha, ou assuma o controlo / mude para o modo manual para a eliminar permanentemente.",
ui_importing_820599d,string,,Importing…,A importar…,
ui_importing_areas_and_entities_from_home_assistant_0e50b82,string,,Importing areas and entities from Home Assistant…,A importar áreas e entidades do Home Assistant…,don't translate Home Assistant
ui_incoming_outgoing_1815915,string,,%1$s incoming · %2$s outgoing%3$s,%1$s a chegar · %2$s a sair%3$s,keep %1$s %2$s %3$s
ui_incoming_outgoing_49b9c0b,string,,%1$s incoming · %2$s outgoing,%1$s a chegar · %2$s a sair,keep %1$s %2$s
ui_incorrect_pin_2de1d18,string,,Incorrect PIN,PIN incorreto,
ui_increase_5a7fecf,string,,Increase,Aumentar,
ui_individual_water_usage_21dd78c,string,,Individual water usage,Consumo individual de água,
ui_individual_widgets_ff1526f,string,,Individual widgets,Widgets individuais,
ui_indoor_average_53abf03,string,,INDOOR AVERAGE,MÉDIA INTERIOR,
ui_indoor_comfort_7060319,string,,Indoor comfort,Conforto interior,
ui_instance_name_e98a2eb,string,,Instance name,Nome da instância,
ui_interactions_0b3583e,string,,Interactions,Interações,
ui_internal_url_acab9b2,string,,Internal URL,URL interno,
ui_interval_seconds_eaeeb46,string,,Interval seconds,Intervalo em segundos,
ui_is_c24d775,string,, is, é,keep the space at the start/end
ui_item_corner_roundness_5032003,string,,Item corner roundness,Arredondamento dos cantos do item,
ui_items_cabff0b,string,,%1$s items,%1$s itens,keep %1$s
ui_k_df46805,string,,%1$sK,%1$sK,keep %1$s
ui_keep_existing_edits_or_remove_all_battery_edits_and_acc0236,string,,"Keep existing edits, or remove all battery edits and import from scratch.","Mantenha as edições existentes, ou remova todas as edições de bateria e importe do zero.",
ui_keep_only_the_title_right_header_pill_and_back_7777651,string,,"Keep only the title, right header pill, and back button when a page has one.","Mantenha apenas o título, a cápsula direita do cabeçalho e o botão de retrocesso quando uma página tiver um.",
ui_keeps_a_connection_to_home_assistant_for_instant_notificat_ecaee7d,string,,Keeps a connection to Home Assistant for instant notifications,Mantém uma ligação ao Home Assistant para notificações instantâneas,don't translate Home Assistant
ui_keeps_presence_detection_and_zone_automations_working_andr_c48598a,string,,Keeps presence detection and zone automations working. Android should show ‘Allow all the time’.,"Mantém a deteção de presença e as automações de zona a funcionar. O Android deve mostrar ""Permitir sempre"".",
ui_keeps_your_device_location_updated_in_home_assistant_e295875,string,,Keeps your device location updated in Home Assistant,Mantém a localização do seu dispositivo atualizada no Home Assistant,don't translate Home Assistant
ui_km_h_ede7178,string,,%1$s km/h,%1$s km/h,keep %1$s
ui_kwh_72c28e9,string,,kWh,kWh,
ui_languages_and_frameworks_used_by_the_android_app_fb4ac97,string,,Languages and frameworks used by the Android app,Linguagens e frameworks utilizadas pela aplicação Android,
ui_last_backup_05509f8,string,,Last backup %1$s,Última cópia de segurança %1$s,keep %1$s
ui_last_h_3faaee1,string,,Last %1$sh,Últimas %1$sh,keep %1$s
ui_last_run_b27f32a,string,,Last run %1$s,Última execução %1$s,keep %1$s
ui_layout_972ad8d,string,,Layout,Disposição,
ui_leave_a_tip_5f90f10,string,,Leave a tip,Deixar uma gorjeta,
ui_leave_empty_to_use_the_home_assistant_name_f769e92,string,,Leave empty to use the Home Assistant name,Deixe em branco para utilizar o nome do Home Assistant,don't translate Home Assistant
ui_leave_this_empty_for_local_only_access_add_an_cc6bf85,string,,Leave this empty for local-only access. Add an external or Nabu Casa URL to use HKI 7 away from home.,Deixe em branco para acesso apenas local. Adicione um URL externo ou do Nabu Casa para utilizar o HKI 7 fora de casa.,"don't translate Nabu Casa, HKI 7"
ui_left_8ae1c34,string,,Left,Esquerda,
ui_left_side_overflows_right_fc8533c,string,,Left side overflows right,O lado esquerdo transborda para a direita,
ui_less_526cb74,string,,Less,Menos,
ui_let_hki_7_create_the_first_version_for_you_dc36439,string,,Let HKI 7 create the first version for you.,Deixe o HKI 7 criar a primeira versão por si.,don't translate HKI 7
ui_let_this_person_enter_edit_mode_667df39,string,,Let this person enter edit mode,Permitir que esta pessoa entre no modo de edição,
ui_level_7c7f5d0,string,,Level,Nível,
ui_level_unavailable_a442183,string,,Level unavailable,Nível indisponível,
ui_license_3229609,string,,License,Licença,
ui_light_is_turned_off_ebc0cf1,string,,Light is turned off,A luz está desligada,
ui_lines_c6fd387,string,,Lines,Linhas,
ui_link_a_device_to_auto_fill_the_humidifier_s_6f65010,string,,"Link a device to auto-fill the humidifier's helper entities, or set them by hand","Associe um dispositivo para preencher automaticamente as entidades auxiliares do humidificador, ou defina-as manualmente",
ui_link_a_speed_control_197d75a,string,,Link a speed control,Associar um controlo de velocidade,
ui_linked_speed_control_optional_95fd680,string,,Linked speed control (optional),Controlo de velocidade associado (opcional),
ui_live_65c821a,string,,Live,Em direto,
ui_live_6990f01,string,,LIVE,EM DIRETO,
ui_live_indicators_11ef687,string,,Live indicators,Indicadores em direto,
ui_live_power_sensors_imported_from_home_assistant_s_configur_1b926f2,string,,Live power sensors imported from Home Assistant's configured Energy devices.,Sensores de energia em direto importados dos dispositivos de Energia configurados no Home Assistant.,don't translate Home Assistant
ui_loading_actions_260b0c0,string,,Loading actions…,A carregar ações…,
ui_loading_actions_877bfd9,string,,Loading actions...,A carregar ações...,
ui_loading_camera_50a8065,string,,Loading camera…,A carregar câmara…,
ui_loading_device_a3fda88,string,,Loading device...,A carregar dispositivo...,
ui_local_file_576d5ac,string,,Local file,Ficheiro local,
ui_local_network_optional_42aba01,string,,Local network (optional),Rede local (opcional),
ui_local_only_05ed059,string,,Local Only,Apenas Local,
ui_locating_e46bab0,string,,Locating…,A localizar…,
ui_location_access_3b68001,string,,Location access,Acesso à localização,
ui_location_d219c68,string,,Location,Localização,
ui_location_unavailable_3a57dda,string,,Location Unavailable,Localização Indisponível,
ui_lock_c37eb4c,string,,LOCK,FECHADURA,
ui_locked_a798882,string,,Locked,Trancado,
ui_locks_the_screen_to_its_highest_refresh_rate_while_585256f,string,,Locks the screen to its highest refresh rate while the app is open (uses more battery).,Bloqueia o ecrã na sua taxa de atualização mais alta enquanto a aplicação está aberta (utiliza mais bateria).,
ui_log_in_again_1ee6e18,string,,Log in again,Iniciar sessão novamente,
ui_logging_in_again_keeps_your_dashboard_and_settings_9a8ed6f,string,,Logging in again keeps your dashboard and settings.,Iniciar sessão novamente mantém o seu painel e definições.,
ui_logo_url_or_ha_local_path_optional_e795f06,string,,Logo URL or HA/local path (optional),URL do logótipo ou caminho HA/local (opcional),
ui_logout_keep_config_32a0cfb,string,,Logout (Keep Config),Terminar Sessão (Manter Configuração),
ui_low_a124947,string,,Low,Fraco,
ui_low_ba7cae2,string,,%1$s low,%1$s fraco,keep %1$s
ui_low_batteries_41d22d9,string,,%1$s low batteries,%1$s baterias fracas,keep %1$s
ui_low_plan_a_replacement_34435da,string,,Low — plan a replacement,Fraco — planeie uma substituição,
ui_low_threshold_1ecfd8b,string,,Low threshold (%),Limite de nível fraco (%),
ui_lunar_phase_301b75e,string,,Lunar phase,Fase lunar,
ui_mail_92379cb,string,,Mail,Correio,
ui_maintenance_94de303,string,,Maintenance,Manutenção,
ui_manage_items_d854c4b,string,,Manage items,Gerir itens,
ui_manage_order_411f2d9,string,,Manage order,Gerir ordem,
ui_managed_by_an_admin_805ae65,string,,Managed by an admin,Gerido por um administrador,
ui_manual_configuration_only_selected_entities_and_devices_ar_10e150b,string,,Manual configuration: only selected entities and devices are shown.,Configuração manual: apenas são mostrados as entidades e dispositivos selecionados.,
ui_map_ab478f3,string,,Map,Mapa,
ui_map_c5cc79f,string,,Map: %1$s,Mapa: %1$s,keep %1$s
ui_map_camera_for_dialog_2bc4344,string,,Map camera (for dialog),Câmara do mapa (para o diálogo),
ui_map_status_sensors_and_control_bindings_8cc2dbd,string,,"Map, status sensors, and control bindings","Mapa, sensores de estado e associações de controlo",
ui_map_unavailable_0ccd149,string,,Map unavailable,Mapa indisponível,
ui_markdown_23e67fc,string,,Markdown,Markdown,
ui_matching_entities_are_added_automatically_by_home_assistan_07ebdac,string,,Matching entities are added automatically by Home Assistant device class. Add any missing or custom entities here.,As entidades correspondentes são adicionadas automaticamente de acordo com a classe de dispositivo do Home Assistant. Adicione aqui quaisquer entidades em falta ou personalizadas.,don't translate Home Assistant
ui_media_0c77aee,string,,Media,Multimédia,
ui_media_browsing_isn_t_available_for_this_player_e068417,string,,Media browsing isn't available for this player.,A navegação de multimédia não está disponível para este leitor.,
ui_media_library_b9c5845,string,,Media library,Biblioteca de multimédia,
ui_media_players_a4b8cf2,string,,Media players,Leitores multimédia,
ui_media_players_ec25525,string,,Media Players,Leitores Multimédia,
ui_messages_safety_and_portability_ee58dfe,string,,"Messages, safety, and portability","Mensagens, segurança e portabilidade",
ui_messages_sent_to_this_device_via_home_assistant_s_87e4a32,string,,Messages sent to this device via\nHome Assistant's notify service appear here.,As mensagens enviadas para este dispositivo através do\nserviço de notificação do Home Assistant aparecem aqui.,don't translate Home Assistant; \n = line break
ui_meteorological_tap_or_swipe_3f3d67e,string,,Meteorological · tap or swipe,Meteorológico · toque ou deslize,
ui_meter_readings_a3c12c4,string,,Meter readings,Leituras de contador,
ui_mixed_climate_5d22eb9,string,,Mixed climate,Clima misto,
ui_mm_ce9b88b,string,,%1$s mm,%1$s mm,keep %1$s
ui_mmm_d_9367bcf,string,,"%1$s, MMM d","%1$s, MMM d",keep %1$s
ui_mode_a7b93d2,string,,Mode,Modo,
ui_modes_6fc3ca8,string,,MODES,MODOS,
ui_modes_79f5b22,string,,Modes,Modos,
ui_monitoring_a814345,string,,Monitoring,Monitorização,
ui_moon_846b902,string,,Moon,Lua,
ui_move_down_260ff8a,string,,Move down,Mover para baixo,
ui_move_up_b4f57cd,string,,Move up,Mover para cima,
ui_mozilla_public_license_2_0_mpl_2_0_4ec8335,string,,Mozilla Public License 2.0 (MPL-2.0),Mozilla Public License 2.0 (MPL-2.0),
ui_multiple_climate_values_are_averaged_separate_sensor_value_cfccbf4,string,,Multiple climate values are averaged. Separate sensor values are averaged only when no climate source is selected.,Vários valores de clima são calculados por média. Os valores de sensores separados só são calculados por média quando não é selecionada nenhuma fonte de clima.,
ui_mywifi_mywifi_5g_2a163c1,string,,"MyWiFi, MyWiFi-5G","MyWiFi, MyWiFi-5G",
ui_n_b51a607,string,,N,N,
ui_name_709a232,string,,Name,Nome,
ui_name_a_z_257c1c4,string,,Name A-Z,Nome A-Z,
ui_name_and_icon_shown_above_this_container_9076bde,string,,Name and icon shown above this container,Nome e ícone mostrados acima deste contentor,
ui_name_and_icon_shown_above_this_floor_3755eda,string,,Name and icon shown above this floor,Nome e ícone mostrados acima deste piso,
ui_name_and_icon_used_throughout_the_app_bed8e83,string,,Name and icon used throughout the app,Nome e ícone utilizados em toda a aplicação,
ui_name_optional_9c9f03a,string,,Name (optional),Nome (opcional),
ui_name_subtitle_and_navigation_icon_3f2e8c4,string,,"Name, subtitle, and navigation icon","Nome, subtítulo e ícone de navegação",
ui_name_this_device_4d603e2,string,,Name this device,Dê um nome a este dispositivo,
ui_name_width_and_icon_a4d694b,string,,"Name, width, and icon","Nome, largura e ícone",
ui_name_z_a_daabfb6,string,,Name Z-A,Nome Z-A,
ui_native_home_assistant_automations_always_in_sync_ae8941e,string,,"Native Home Assistant automations, always in sync","Automações nativas do Home Assistant, sempre sincronizadas",don't translate Home Assistant
ui_navigation_bar_e90e3de,string,,Navigation Bar,Barra de Navegação,
ui_network_routes_for_1d18efd,string,,Network routes for %1$s,Rotas de rede para %1$s,keep %1$s
ui_never_sent_to_the_developer_or_to_any_third_f0479e9,string,,"never sent to the developer or to any third party, and you can turn this ","nunca é enviado ao programador ou a terceiros, e pode desativar isto ",keep the space at the start/end
ui_never_triggered_c91b347,string,,Never triggered,Nunca acionado,
ui_new_dashboard_4d3c071,string,,New Dashboard,Novo Painel,
ui_new_floor_1389094,string,,New floor,Novo piso,
ui_new_flow_d4cef94,string,,New flow,Novo fluxo,
ui_next_camera_14994be,string,,Next camera,Câmara seguinte,
ui_no_active_parcels_or_mail_6c9d49c,string,,No active parcels or mail.,Sem encomendas ou correio ativos.,
ui_no_activity_in_this_period_5cb3978,string,,No activity in this period,Sem atividade neste período,
ui_no_adaptive_lighting_profiles_are_currently_available_6d29642,string,,No Adaptive Lighting profiles are currently available.,Não existem atualmente perfis de Iluminação Adaptativa disponíveis.,
ui_no_air_purifiers_configured_add_fan_entities_under_climate_fd229a8,string,,No air purifiers configured. Add fan entities under Climate Settings → Climate Entities → Air purifiers.,Nenhum purificador de ar configurado. Adicione entidades de ventoinha em Definições de Clima → Entidades de Clima → Purificadores de ar.,
ui_no_alarm_585ad82,string,,No alarm,Sem alarme,
ui_no_announced_letters_4382408,string,,No announced letters.,Sem cartas anunciadas.,
ui_no_archived_notifications_ed5604b,string,,No archived notifications,Sem notificações arquivadas,
ui_no_battery_entities_found_turn_off_battery_filtering_to_dfbc403,string,,No Battery+ entities found. Turn off Battery+ filtering to show all battery sensors.,Nenhuma entidade Battery+ encontrada. Desative a filtragem Battery+ para mostrar todos os sensores de bateria.,
ui_no_battery_sensors_found_7cc0962,string,,No battery sensors found.,Nenhum sensor de bateria encontrado.,
ui_no_camera_selected_717ad35,string,,No camera selected,Nenhuma câmara selecionada,
ui_no_carbon_intensity_sensor_found_on_this_device_140bf09,string,,No carbon intensity sensor found on this device,Nenhum sensor de intensidade de carbono encontrado neste dispositivo,
ui_no_cards_yet_open_the_stack_settings_to_pick_021dada,string,,No cards yet — open the stack settings to pick energy cards.,Ainda sem cartões — abra as definições da pilha para escolher cartões de energia.,
ui_no_cards_yet_open_the_stack_settings_to_pick_ca8008f,string,,No cards yet — open the stack settings to pick climate cards.,Ainda sem cartões — abra as definições da pilha para escolher cartões de clima.,
ui_no_climate_data_37d45e0,string,,No climate data,Sem dados de clima,
ui_no_climate_devices_found_thermostats_and_ac_units_from_2e47541,string,,No climate devices found. Thermostats and AC units from Home Assistant appear here automatically.,Nenhum dispositivo de clima encontrado. Os termóstatos e unidades de AC do Home Assistant aparecem aqui automaticamente.,don't translate Home Assistant
ui_no_collections_in_the_next_7_days_6d48bf4,string,,No collections in the next 7 days.,Sem recolhas nos próximos 7 dias.,
ui_no_conditions_this_flow_always_continues_c95e76f,string,,No conditions — this flow always continues,Sem condições — este fluxo continua sempre,
ui_no_dashboards_have_been_shared_with_you_yet_ask_38b2c0d,string,,"No dashboards have been shared with you yet. Ask an admin to share one, or pick another option above.","Ainda não foi partilhado nenhum painel consigo. Peça a um administrador para partilhar um, ou escolha outra opção acima.",
ui_no_dashboards_have_been_shared_with_you_yet_ask_877080a,string,,No dashboards have been shared with you yet. Ask an admin to share one.,Ainda não foi partilhado nenhum painel consigo. Peça a um administrador para partilhar um.,
ui_no_data_d802d23,string,,No data,Sem dados,
ui_no_door_sensor_f6b60c8,string,,No door sensor,Sem sensor de porta,
ui_no_energy_sensors_found_eeecdec,string,,No energy sensors found.,Nenhum sensor de energia encontrado.,
ui_no_events_e339ba7,string,,No events,Sem eventos,
ui_no_fans_found_fan_entities_from_home_assistant_appear_279dab7,string,,No fans found. Fan entities from Home Assistant appear here automatically.,Nenhuma ventoinha encontrada. As entidades de ventoinha do Home Assistant aparecem aqui automaticamente.,don't translate Home Assistant
ui_no_forecast_available_ed48809,string,,No forecast available,Sem previsão disponível,
ui_no_graphs_yet_open_the_stack_settings_to_add_87f742f,string,,No graphs yet — open the stack settings to add sensor graphs.,Ainda sem gráficos — abra as definições da pilha para adicionar gráficos de sensores.,
ui_no_heading_162947f,string,,No heading,Sem título,
ui_no_hourly_forecast_available_9ef5a5f,string,,No hourly forecast available,Sem previsão horária disponível,
ui_no_humidifiers_found_humidifier_entities_from_home_assista_eeadbd7,string,,No humidifiers found. Humidifier entities from Home Assistant appear here automatically; extras can be added in Climate Settings.,Nenhum humidificador encontrado. As entidades de humidificador do Home Assistant aparecem aqui automaticamente; extras podem ser adicionados em Definições de Clima.,don't translate Home Assistant
ui_no_individual_water_devices_configured_d0060ba,string,,No individual water devices configured.,Nenhum dispositivo de água individual configurado.,
ui_no_letter_image_available_eeb42c0,string,,No letter image available,Nenhuma imagem de carta disponível,
ui_no_map_camera_configured_d72057b,string,,No map camera\nconfigured,Nenhuma câmara de mapa\nconfigurada,\n = line break
ui_no_map_camera_set_configure_in_button_settings_b54466c,string,,No map camera set.\nConfigure in button settings.,Nenhuma câmara de mapa definida.\nConfigure nas definições do botão.,\n = line break
ui_no_matches_cd0af6c,string,,No matches,Sem correspondências,
ui_no_matching_automations_4489522,string,,No matching automations,Nenhuma automação correspondente,
ui_no_media_players_found_1248a89,string,,No media players found.,Nenhum leitor multimédia encontrado.,
ui_no_native_home_assistant_automations_found_725a043,string,,No native Home Assistant automations found,Nenhuma automação nativa do Home Assistant encontrada,don't translate Home Assistant
ui_no_non_admin_users_found_on_this_home_assistant_e9e665d,string,,No non-admin users found on this Home Assistant.,Nenhum utilizador não administrador encontrado neste Home Assistant.,don't translate Home Assistant
ui_no_notifications_a72159d,string,,No Notifications,Sem Notificações,
ui_no_notifications_b08626f,string,,No notifications,Sem notificações,
ui_no_options_available_7a19b6d,string,,No options available,Nenhuma opção disponível,
ui_no_other_entities_on_this_device_fbc481b,string,,No other entities on this device.,Nenhuma outra entidade neste dispositivo.,
ui_no_other_users_found_on_this_home_assistant_cb89d3d,string,,No other users found on this Home Assistant.,Nenhum outro utilizador encontrado neste Home Assistant.,don't translate Home Assistant
ui_no_parcel_selected_922a402,string,,No parcel selected,Nenhuma encomenda selecionada,
ui_no_parcels_cf4c0a0,string,,No %1$s parcels.,Sem encomendas de %1$s.,keep %1$s
ui_no_phase_sensors_configured_in_energy_settings_b88c1dc,string,,No phase sensors configured in Energy Settings.,Nenhum sensor de fase configurado nas Definições de Energia.,
ui_no_power_sensors_found_caf2e07,string,,No power sensors found.,Nenhum sensor de potência encontrado.,
ui_no_power_sensors_found_on_this_device_or_its_942e9be,string,,No power sensors found on this device (or its sub-devices) yet.,Ainda não foi encontrado nenhum sensor de potência neste dispositivo (ou nos seus subdispositivos).,
ui_no_profile_available_98d6e00,string,,No profile available,Nenhum perfil disponível,
ui_no_sensors_found_edacf22,string,,No %1$s sensors found.,Nenhum sensor de %1$s encontrado.,keep %1$s
ui_no_sensors_selected_open_the_widget_settings_in_edit_cd87a2e,string,,No sensors selected — open the widget settings in edit mode.,Nenhum sensor selecionado — abra as definições do widget no modo de edição.,
ui_no_servers_found_yet_make_sure_you_re_on_7e6832d,string,,"No servers found yet. Make sure you're on the same Wi-Fi, or enter the address below.","Ainda não foram encontrados servidores. Certifique-se de que está na mesma rede Wi-Fi, ou introduza o endereço abaixo.",
ui_no_speed_control_linked_cb0e9ad,string,,No speed control linked,Nenhum controlo de velocidade associado,
ui_no_status_history_enable_parcel_history_in_the_integration_302ca4a,string,,No status history (enable parcel history in the integration options),Sem histórico de estado (ative o histórico de encomendas nas opções da integração),
ui_no_stream_available_0535c4e,string,,No stream available,Nenhuma transmissão disponível,
ui_no_stream_available_6bfd14a,string,,No Stream Available,Nenhuma Transmissão Disponível,
ui_no_supported_alarm_modes_reported_by_this_entity_588b22a,string,,No supported alarm modes reported by this entity,Nenhum modo de alarme suportado reportado por esta entidade,
ui_no_target_f919b89,string,,No target,Sem objetivo,
ui_no_tariff_sensors_configured_in_energy_settings_2ad6a3c,string,,No tariff sensors configured in Energy Settings.,Nenhum sensor de tarifa configurado nas Definições de Energia.,
ui_no_thanks_6d745b3,string,,No thanks,"Não, obrigado",
ui_no_upcoming_collections_feff2a6,string,,No upcoming collections,Sem recolhas próximas,
ui_no_waste_sensors_selected_68b51ce,string,,No waste sensors selected,Nenhum sensor de resíduos selecionado,
ui_no_waste_sensors_selected_add_them_via_the_widget_554ff3d,string,,No waste sensors selected. Add them via the widget settings in edit mode.,Nenhum sensor de resíduos selecionado. Adicione-os através das definições do widget no modo de edição.,
ui_no_weather_cards_ce32255,string,,No weather cards,Sem cartões meteorológicos,
ui_no_weather_entity_available_7476bcb,string,,No weather entity available,Nenhuma entidade meteorológica disponível,
ui_no_widgets_match_73a3c20,string,,"No widgets match ""%1$s""","Nenhum widget corresponde a ""%1$s""",keep %1$s
ui_none_6eef664,string,,None,Nenhum,
ui_none_auto_cc8786f,string,,None / Auto,Nenhum / Auto,
ui_none_modes_stay_as_the_only_control_b62bff7,string,,None — modes stay as the only control,Nenhum — os modos permanecem como o único controlo,
ui_none_of_your_configured_carriers_support_adding_a_parcel_21dc0a4,string,,"None of your configured carriers support adding a parcel by tracking number. Account-based carriers (PostNL, DPD, DHL) only track what's already in your account.","Nenhuma das suas transportadoras configuradas suporta a adição de uma encomenda por número de rastreio. As transportadoras baseadas em conta (PostNL, DPD, DHL) apenas rastreiam o que já está na sua conta.",
ui_none_selected_5798946,string,,None selected,Nenhum selecionado,
ui_none_timer_follows_the_completion_time_only_09d470a,string,,None — timer follows the completion time only,Nenhum — o temporizador segue apenas a hora de conclusão,
ui_not_enough_data_cdb9d58,string,,Not enough data,Dados insuficientes,
ui_not_enough_data_in_this_period_48188c4,string,,Not enough data in this period,Dados insuficientes neste período,
ui_not_loaded_by_home_assistant_95f811a,string,,Not loaded by Home Assistant,Não carregado pelo Home Assistant,don't translate Home Assistant
ui_not_set_93039e6,string,,Not set,Não definido,
ui_nothing_here_7f42022,string,,Nothing here.,Nada aqui.,
ui_nothing_hidden_fd1cdd3,string,,Nothing hidden,Nada oculto,
ui_nothing_is_shared_yet_fca61d0,string,,Nothing is shared yet.,Ainda nada partilhado.,
ui_nothing_removed_d67902f,string,,Nothing removed.,Nada removido.,
ui_nothing_removed_use_edit_mode_on_the_climate_page_dd07910,string,,Nothing removed. Use edit mode on the Climate page to remove cards; they land here and can be restored.,Nada removido. Utilize o modo de edição na página de Clima para remover cartões; ficam aqui e podem ser restaurados.,
ui_nothing_to_reorder_yet_cdcbb36,string,,Nothing to reorder yet.,Ainda nada para reordenar.,
ui_notification_c18f8f2,string,,Notification,Notificação,
ui_notifications_753a22b,string,,Notifications,Notificações,
ui_notifications_are_delivered_over_the_app_s_live_connection_d2aa965,string,,Notifications are delivered over the app's live connection whenever it is open — send them from Home Assistant with the notify service for this device. Swipe in from the left edge to see the history.,As notificações são entregues através da ligação em direto da aplicação sempre que esta está aberta — envie-as a partir do Home Assistant com o serviço notify para este dispositivo. Deslize a partir da margem esquerda para ver o histórico.,don't translate Home Assistant
ui_now_e3b8204,string,,Now,Agora,
ui_of_3_enabled_5cdedd4,string,,%1$s of 3 enabled,%1$s de 3 ativados,keep %1$s
ui_of_home_fdfd824,string,,%1$s%% of home,%1$s%% da casa,keep %1$s
ui_off_ad50489,string,,OFF,DESL.,
ui_off_at_any_time_in_android_settings_4607e2c,string,,off at any time in Android settings.,a qualquer momento nas definições do Android.,
ui_off_e3de5ab,string,,Off,Desligado,
ui_ok_9ce3bd4,string,,OK,OK,
ui_on_12469c7,string,,On - %1$s%%,Ligado - %1$s%%,keep %1$s
ui_on_387d7a5,string,,ON,LIG.,
ui_on_e0049a6,string,,On,Ligado,
ui_on_f9ca2fe,string,,%1$s%% • ON,%1$s%% • LIGADO,keep %1$s
ui_on_these_wi_fi_networks_the_app_connects_via_82d3f1f,string,,On these Wi-Fi networks the app connects via the internal URL; everywhere else it uses the main server URL above.,"Nestas redes Wi-Fi, a aplicação liga-se através do URL interno; em qualquer outro local, utiliza o URL do servidor principal acima.",
ui_on_this_device_a7f9620,string,,On this device,Neste dispositivo,
ui_onboard_step_fefaac1,string,,onboard_step,onboard_step,
ui_only_percentage_sensors_classified_by_home_assistant_as_ba_0d94a2a,string,,Only percentage sensors classified by Home Assistant as batteries are imported. ,Só são importados sensores de percentagem classificados pelo Home Assistant como baterias. ,don't translate Home Assistant; keep the space at the start/end
ui_only_show_battery_entities_and_include_battery_type_detail_b216867,string,,Only show Battery+ entities and include battery type details,Mostrar apenas entidades Battery+ e incluir detalhes do tipo de bateria,
ui_only_show_battery_entities_and_include_type_quantity_and_0d8ce40,string,,"Only show Battery+ entities and include type, quantity, and related battery info.","Mostrar apenas entidades Battery+ e incluir tipo, quantidade e informações relacionadas com a bateria.",
ui_open_camera_full_screen_afc186b,string,,Open camera full screen,Abrir câmara em ecrã inteiro,
ui_open_cf9b770,string,,Open,Abrir,
ui_open_history_for_graph_ae801d5,string,,Open history for graph,Abrir histórico para gráfico,
ui_open_link_d2de1a2,string,,Open link,Abrir ligação,
ui_open_source_and_premium_licensing_0328125,string,,Open-source and premium licensing,Licenciamento de código aberto e premium,
ui_open_the_component_on_github_c1e5ee5,string,,Open the component on GitHub,Abrir o componente no GitHub,
ui_open_this_panel_by_swiping_left_from_the_upper_671e63c,string,,Open this panel by swiping left from the upper-right edge of any page header.,Abra este painel deslizando para a esquerda a partir da margem superior direita de qualquer cabeçalho de página.,
ui_opening_dashboard_8e99930,string,,Opening dashboard…,A abrir painel…,
ui_openstreetmap_fa78a33,string,,OpenStreetMap,OpenStreetMap,
ui_optional_context_shown_by_the_lock_card_03f6814,string,,Optional context shown by the lock card,Contexto opcional mostrado pelo cartão da fechadura,
ui_optional_controls_and_sensors_for_richer_dialogs_7a80e7b,string,,Optional controls and sensors for richer dialogs,Controlos e sensores opcionais para diálogos mais completos,
ui_optional_display_name_and_icon_override_f7a6cda,string,,Optional display name and icon override,Substituição opcional de nome de exibição e ícone,
ui_optional_fields_passed_to_home_assistant_54dffc6,string,,Optional fields passed to Home Assistant,Campos opcionais enviados ao Home Assistant,don't translate Home Assistant
ui_optional_label_shown_when_name_is_enabled_above_8229e92,string,,"Optional label shown when ""Name"" is enabled above","Rótulo opcional mostrado quando ""Nome"" está ativado acima",
ui_optional_name_and_icon_overrides_5dfd062,string,,Optional name and icon overrides,Substituições opcionais de nome e ícone,
ui_optional_name_and_icon_shown_above_this_stack_272f237,string,,Optional name and icon shown above this stack,Nome e ícone opcionais mostrados acima desta pilha,
ui_optional_premium_5ae8183,string,,Optional Premium,Premium Opcional,
ui_optional_support_for_development_and_testing_costs_5d6af95,string,,Optional support for development and testing costs,Apoio opcional para custos de desenvolvimento e testes,
ui_optional_title_and_dashboard_width_e04c6e8,string,,Optional title and dashboard width,Título e largura do painel opcionais,
ui_optional_title_width_and_supported_shape_8b2e456,string,,"Optional title, width, and supported shape","Título, largura e forma suportada opcionais",
ui_options_6bf5da9,string,,Options,Opções,
ui_organization_519255a,string,,Organization,Organização,
ui_oscillate_3d3c9bd,string,,Oscillate,Oscilar,
ui_outside_cbbef8c,string,,OUTSIDE,EXTERIOR,
ui_outside_is_never_auto_detected_either_link_a_weather_eb8cc14,string,,"Outside is never auto-detected. Either link a weather entity (it usually carries temperature, humidity and pressure) or pick individual outdoor sensors below. The temperature feeds the Outside tile and the hero's outside reading.","O exterior nunca é detetado automaticamente. Associe uma entidade meteorológica (geralmente contém temperatura, humidade e pressão) ou escolha sensores exteriores individuais abaixo. A temperatura alimenta o bloco Exterior e a leitura exterior do destaque.",
ui_outside_weather_entity_98e8465,string,,Outside weather entity,Entidade meteorológica exterior,
ui_page_areas_1068b64,string,,Page areas,Áreas da página,
ui_page_icon_b58a288,string,,Page icon,Ícone da página,
ui_page_identity_dafa8dd,string,,Page identity,Identidade da página,
ui_page_name_c99f51a,string,,Page name,Nome da página,
ui_page_settings_0a44afc,string,,Page settings,Definições da página,
ui_page_subtitle_8a04084,string,,Page subtitle,Subtítulo da página,
ui_parcel_9ddaaee,string,,Parcel,Encomenda,
ui_parcels_16129ec,string,,Parcels,Encomendas,
ui_parental_controls_c4f61d0,string,,Parental controls,Controlo parental,
ui_parental_controls_dashboard_sharing_and_permissions_b74e0c0,string,,"Parental controls, dashboard sharing, and permissions","Controlo parental, partilha do painel e permissões",
ui_parental_controls_sharing_needs_the_hki_7_cloud_component_7929459,string,,Parental controls & sharing — needs the HKI 7 Cloud component,Controlo parental & partilha — requer o componente HKI 7 Cloud,don't translate HKI 7 Cloud
ui_pause_781961b,string,,Pause,Pausar,
ui_pause_adaptation_821b33e,string,,Pause adaptation,Pausar adaptação,
ui_pending_timer_dbf15fa,string,,Pending timer,Temporizador pendente,
ui_people_b37554f,string,,People,Pessoas,
ui_permission_needed_7c7a8e5,string,,Permission needed,Permissão necessária,
ui_permissions_d06d555,string,,Permissions,Permissões,
ui_person_settings_977e009,string,,Person settings,Definições de pessoa,
ui_personal_information_used_throughout_hki_7_b7d1b08,string,,Personal information used throughout HKI 7,Informações pessoais utilizadas em todo o HKI 7,don't translate HKI 7
ui_personalize_7602b35,string,,Personalize,Personalizar,
ui_persons_order_9fe91dc,string,,Persons order,Ordem das pessoas,
ui_phase_17619b8,string,,Phase %1$s,Fase %1$s,keep %1$s
ui_pick_a_carbon_footprint_device_ea1fe94,string,,Pick a carbon footprint device,Escolha um dispositivo de pegada de carbono,
ui_pick_a_device_to_auto_fill_the_sensors_below_f396326,string,,Pick a device to auto-fill the sensors below,Escolha um dispositivo para preencher automaticamente os sensores abaixo,
ui_pick_a_source_device_or_fine_tune_individual_roles_beb54f5,string,,Pick a source device or fine-tune individual roles,Escolha um dispositivo de origem ou ajuste funções individuais,
ui_pick_a_starting_point_everything_remains_editable_340924e,string,,Pick a starting point; everything remains editable,Escolha um ponto de partida; tudo permanece editável,
ui_pickup_b6da461,string,,Pickup: %1$s,Recolha: %1$s,keep %1$s
ui_pin_3adadd3,string,,PIN,PIN,
ui_place_this_room_in_the_correct_floor_group_52c044a,string,,Place this room in the correct floor group,Coloque esta divisão no grupo de piso correto,
ui_placement_ab89d05,string,,Placement,Posicionamento,
ui_playback_c8e3087,string,,Playback,Reprodução,
ui_player_e53407c,string,,Player,Leitor,
ui_players_summarized_by_the_room_header_and_card_729ea70,string,,Players summarized by the room header and card,Leitores resumidos pelo cabeçalho e cartão da divisão,
ui_please_wait_5afeca7,string,,Please wait…,Aguarde…,
ui_position_d0b0314,string,,POSITION,POSIÇÃO,
ui_postal_code_optional_b86b6a2,string,,Postal code (optional),Código postal (opcional),
ui_power_c2b6b52,string,,POWER,POTÊNCIA,
ui_power_overview_a204dd7,string,,Power overview,Vista geral de potência,
ui_power_per_phase_1f38fb0,string,,Power per phase,Potência por fase,
ui_precipitation_60d5e73,string,,Precipitation,Precipitação,
ui_premium_icon_packs_animated_icons_and_artwork_premium_them_6363fef,string,,"Premium icon packs, animated icons and artwork, premium themes, entitlement services, and any separately marked premium modules are not covered by MPL-2.0. They remain proprietary and are licensed for personal use through a valid Premium entitlement.","Pacotes de ícones premium, ícones animados e ilustrações, temas premium, serviços de direitos e quaisquer módulos premium marcados separadamente não estão abrangidos pela MPL-2.0. Permanecem proprietários e são licenciados para uso pessoal através de um direito Premium válido.",
ui_presets_6891289,string,,PRESETS,PREDEFINIÇÕES,
ui_presets_e709e76,string,,Presets,Predefinições,
ui_press_ea683ad,string,,Press,Pressionar,
ui_prevents_android_from_delaying_battery_charging_and_presen_623b898,string,,"Prevents Android from delaying battery, charging, and presence updates while the device is idle.","Impede que o Android atrase as atualizações de bateria, carregamento e presença enquanto o dispositivo está inativo.",
ui_previous_camera_5014da7,string,,Previous camera,Câmara anterior,
ui_produced_5028c07,string,,Produced %1$s,Produzido %1$s,keep %1$s
ui_production_overview_fbbfc38,string,,Production overview,Vista geral da produção,
ui_profile_ff4fc02,string,,Profile,Perfil,
ui_profile_switches_affect_every_light_assigned_to_19ba9ec,string,,Profile switches affect every light assigned to %1$s.,As alternâncias de perfil afetam todas as luzes atribuídas a %1$s.,keep %1$s
ui_profiles_0c2a930,string,,Profiles,Perfis,
ui_project_information_licensing_and_community_support_9fc47d6,string,,"Project information, licensing, and community support","Informações do projeto, licenciamento e apoio da comunidade",
ui_publish_one_of_your_dashboards_to_your_family_recipients_88c1d49,string,,Publish one of your dashboards to your family. Recipients import it from Settings › Dashboard and can pull updates later. Set what they may change under Permissions.,Publique um dos seus painéis para a sua família. Os destinatários importam-no a partir de Definições › Painel e podem obter atualizações mais tarde. Defina o que podem alterar em Permissões.,
ui_published_to_your_family_33fc8da,string,,Published to your family,Publicado para a sua família,
ui_pulse_8439fc4,string,,pulse,pulso,
ui_pulsescale_939f5c2,string,,pulseScale,escala de pulso,
ui_push_delivery_and_history_aa3e29d,string,,Push delivery and history,Entrega push e histórico,
ui_push_my_changes_now_ddff3f6,string,,Push my changes now,Enviar as minhas alterações agora,
ui_pushing_3c52088,string,,Pushing…,A enviar…,
ui_quick_actions_e47e804,string,,Quick actions,Ações rápidas,
ui_quick_start_gesture_23ee6fe,string,,quick_start_gesture,quick_start_gesture,
ui_rain_0a858c9,string,,Rain,Chuva,
ui_rain_map_7c1862a,string,,Rain map,Mapa de chuva,
ui_rain_map_image_url_0c47012,string,,Rain map image URL,URL da imagem do mapa de chuva,
ui_rain_map_url_iframe_3f22653,string,,Rain map URL (iframe),URL do mapa de chuva (iframe),
ui_re_import_batteries_9473d07,string,,Re-import batteries,Reimportar baterias,
ui_re_import_batteries_f3b8458,string,,Re-import Batteries,Reimportar Baterias,
ui_re_import_climate_3ed098c,string,,Re-import climate,Reimportar clima,
ui_re_import_climate_f7f5678,string,,Re-import Climate,Reimportar Clima,
ui_re_import_energy_9e66bbb,string,,Re-import Energy,Reimportar Energia,
ui_re_import_energy_c0b0fcc,string,,Re-import energy,Reimportar energia,
ui_re_import_rooms_6cc58f9,string,,Re-import rooms,Reimportar divisões,
ui_re_import_rooms_b49077d,string,,Re-import Rooms,Reimportar Divisões,
ui_re_import_security_411e76d,string,,Re-import Security,Reimportar Segurança,
ui_re_import_security_fcf0ad8,string,,Re-import security,Reimportar segurança,
ui_read_only_home_assistant_automation_46d25b7,string,,Read-only Home Assistant automation,Automação do Home Assistant apenas de leitura,don't translate Home Assistant
ui_read_the_full_mpl_2_0_4d68c7d,string,,Read the full MPL 2.0,Ler a MPL 2.0 completa,
ui_ready_20c7c55,string,,Ready,Pronto,
ui_receive_home_assistant_alerts_and_actionable_notifications_386435f,string,,Receive Home Assistant alerts and actionable notifications on this device.,Receba alertas do Home Assistant e notificações acionáveis neste dispositivo.,don't translate Home Assistant
ui_recipes_create_regular_home_assistant_automations_you_can_a81bf72,string,,Recipes create regular Home Assistant automations. You can continue editing them in either HKI7 or Home Assistant.,As receitas criam automações normais do Home Assistant. Pode continuar a editá-las no HKI7 ou no Home Assistant.,"don't translate Home Assistant, HKI7"
ui_recommended_e37d21e,string,,RECOMMENDED,RECOMENDADO,
ui_recording_09b5b61,string,,Recording · ,A gravar · ,keep the space at the start/end
ui_refresh_56e3bad,string,,Refresh,Atualizar,
ui_refresh_connection_46966aa,string,,Refresh Connection,Atualizar Ligação,
ui_refresh_interval_f086d9d,string,,Refresh interval,Intervalo de atualização,
ui_relock_after_4db5c55,string,,Relock after,Trancar novamente após,
ui_remote_access_is_ready_0e26b5a,string,,Remote access is ready.,O acesso remoto está pronto.,
ui_remote_access_optional_75dd54d,string,,Remote access (optional),Acesso remoto (opcional),
ui_remove_436e1a0,string,,Remove %1$s?,Remover %1$s?,keep %1$s
ui_remove_avatar_58e0c56,string,,Remove avatar,Remover avatar,
ui_remove_e963907,string,,Remove,Remover,
ui_remove_edits_and_import_all_7f0b4a1,string,,Remove edits and import all,Remover edições e importar tudo,
ui_removed_entities_559c584,string,,Removed entities (%1$s),Entidades removidas (%1$s),keep %1$s
ui_removed_entities_6dbeb2d,string,,Removed entities,Entidades removidas,
ui_removed_entities_are_excluded_from_cards_graphs_tiles_and_628e91a,string,,"Removed entities are excluded from cards, graphs, tiles and averages. Tap ✕ to restore.","As entidades removidas são excluídas de cartões, gráficos, blocos e médias. Toque em ✕ para restaurar.",
ui_rename_d3f4cb8,string,,Rename,Mudar nome,
ui_rename_dashboard_ceb1d6d,string,,Rename dashboard,Mudar nome do painel,
ui_rename_home_assistant_f1a0d6f,string,,Rename Home Assistant,Mudar Nome do Home Assistant,don't translate Home Assistant
ui_rename_players_and_choose_which_ones_may_show_the_212864f,string,,Rename players and choose which ones may show the mini player above the navigation bar while playing.,Mude o nome dos leitores e escolha quais podem mostrar o mini-leitor acima da barra de navegação durante a reprodução.,
ui_rename_players_and_mini_player_visibility_8d0e1f7,string,,Rename players and mini player visibility,Mudar nome dos leitores e visibilidade do mini-leitor,
ui_rendering_style_and_history_range_be872e9,string,,Rendering style and history range,Estilo de renderização e intervalo do histórico,
ui_reorder_and_hide_tabs_39de701,string,,Reorder and hide tabs,Reordenar e ocultar separadores,
ui_reorder_cameras_b226c47,string,,Reorder cameras,Reordenar câmaras,
ui_reorder_cards_147ed64,string,,Reorder cards,Reordenar cartões,
ui_reorder_devices_8bcc061,string,,Reorder devices,Reordenar dispositivos,
ui_repeat_659eba1,string,,Repeat,Repetir,
ui_repeats_every_day_only_the_time_of_day_is_a71f502,string,,Repeats every day — only the time of day is used.,Repete todos os dias — apenas a hora do dia é utilizada.,
ui_repeats_every_month_only_the_day_of_the_month_93ca445,string,,Repeats every month — only the day of the month and time are used.,Repete todos os meses — apenas o dia do mês e a hora são utilizados.,
ui_repeats_every_week_only_the_weekday_and_time_are_8f36757,string,,Repeats every week — only the weekday and time are used.,Repete todas as semanas — apenas o dia da semana e a hora são utilizados.,
ui_repeats_every_year_the_year_is_ignored_so_e_a661f32,string,,"Repeats every year — the year is ignored, so e.g. 24–26 Dec recurs each Christmas.","Repete todos os anos — o ano é ignorado, pelo que, por exemplo, 24–26 dez. se repete todos os Natais.",
ui_require_an_extra_gesture_or_pin_before_actions_run_19ae393,string,,Require an extra gesture or PIN before actions run,Requer um gesto extra ou PIN antes de as ações serem executadas,
ui_required_9100e2e,string,, (required), (obrigatório),keep the space at the start/end
ui_required_state_bdc9c95,string,,Required state,Estado obrigatório,
ui_reset_44c57ab,string,,Reset,Repor,
ui_reset_everything_2d6cd07,string,,Reset Everything,Repor Tudo,
ui_restart_b134bd5,string,,Restart,Reiniciar,
ui_restart_home_assistant_0206bf0,string,,Restart Home Assistant?,Reiniciar o Home Assistant?,don't translate Home Assistant
ui_restart_home_assistant_551322c,string,,Restart Home Assistant,Reiniciar o Home Assistant,don't translate Home Assistant
ui_restarting_b86eee1,string,,Restarting…,A reiniciar…,
ui_restore_3cbe6d6,string,,Restore,Restaurar,
ui_restore_backup_a65eaa8,string,,Restore backup,Restaurar cópia de segurança,
ui_restore_from_cloud_52b6663,string,,Restore from cloud,Restaurar da nuvem,
ui_restore_from_home_assistant_13aec1d,string,,Restore from Home Assistant,Restaurar do Home Assistant,don't translate Home Assistant
ui_resume_adaptation_ac73b12,string,,Resume adaptation,Retomar adaptação,
ui_resume_b3bd0b5,string,,Resume,Retomar,
ui_reverse_57f9933,string,,Reverse,Inverter,
ui_right_954daa8,string,,Right,Direita,
ui_right_side_overflows_left_d75893d,string,,Right side overflows left,O lado direito transborda para a esquerda,
ui_room_areas_584c8ee,string,,Room areas,Áreas da divisão,
ui_room_climate_c57811d,string,,Room climate,Clima da divisão,
ui_room_name_8605e33,string,,Room name,Nome da divisão,
ui_room_scale_6602c22,string,,room-scale,à escala da divisão,
ui_rooms_3a28d6f,string,,Rooms,Divisões,
ui_rooms_are_imported_2ef3415,string,,Rooms are imported,As divisões são importadas,
ui_rooms_in_auto_mode_are_imported_from_home_assistant_c583d84,string,,Rooms in auto mode are imported from Home Assistant. Switch to manual or take over the current dashboard to add widgets by hand.,As divisões no modo automático são importadas do Home Assistant. Mude para manual ou assuma o controlo do painel atual para adicionar widgets manualmente.,don't translate Home Assistant
ui_rotation_acaf322,string,,rotation,rotação,
ui_roundness_of_buttons_cards_and_widgets_3573fff,string,,"Roundness of buttons, cards and widgets","Arredondamento de botões, cartões e widgets",
ui_run_b1b3926,string,,Run,Executar,
ui_run_mode_12ce660,string,,Run mode,Modo de execução,
ui_running_state_entity_3c8ffde,string,,Running-state entity,Entidade de estado de execução,
ui_s_02aa629,string,,S,S,
ui_s_are_81c69ca,string,,s are,s são,
ui_s_refresh_10a9b0b,string,,%1$ss refresh,Atualização de %1$ss,keep %1$s
ui_save_efc007a,string,,Save,Guardar,
ui_save_in_home_assistant_eacb2ce,string,,Save in Home Assistant,Guardar no Home Assistant,don't translate Home Assistant
ui_save_local_network_7f0247d,string,,Save Local Network,Guardar Rede Local,
ui_save_or_restore_dashboard_configuration_be8f39f,string,,Save or restore dashboard configuration,Guardar ou restaurar a configuração do painel,
ui_save_profile_f597c0e,string,,Save profile,Guardar perfil,
ui_save_remote_access_05740bc,string,,Save Remote Access,Guardar Acesso Remoto,
ui_saved_directly_in_the_native_automation_734f9ba,string,,Saved directly in the native automation,Guardado diretamente na automação nativa,
ui_saving_56a2285,string,,Saving…,A guardar…,
ui_scanning_36c4a06,string,,Scanning…,A analisar…,
ui_scheduled_1cd1bda,string,,Scheduled,Agendado,
ui_search_actions_9313854,string,,Search actions,Pesquisar ações,
ui_search_automations_9172ba9,string,,Search automations,Pesquisar automações,
ui_search_batteries_a63e58b,string,,Search batteries,Pesquisar baterias,
ui_search_bce0641,string,,Search,Pesquisar,
ui_search_by_name_28abc03,string,,Search by name,Pesquisar por nome,
ui_search_devices_2ce0b70,string,,Search devices,Pesquisar dispositivos,
ui_search_entities_7c70008,string,,Search entities,Pesquisar entidades,
ui_search_f54fbca,string,,Search…,Pesquisar…,
ui_search_filters_3d10e32,string,,Search & filters,Pesquisa & filtros,
ui_search_sort_9fe6cb4,string,,Search & sort,Pesquisa & ordenação,
ui_search_the_material_design_icon_library_2a2aa8d,string,,Search the Material Design icon library,Pesquisar na biblioteca de ícones Material Design,
ui_search_widgets_9525879,string,,Search widgets,Pesquisar widgets,
ui_season_62255f5,string,,Season,Estação,
ui_season_card_flip_6683142,string,,season-card-flip,viragem de cartão de estação,
ui_secondary_line_ca81690,string,,Secondary line,Linha secundária,
ui_seconds_5fb1db5,string,,Seconds,Segundos,
ui_securitydoor_929c4fc,string,,securityDoor,segurançaPorta,
ui_securitygarage_499e9f7,string,,securityGarage,segurançaGaragem,
ui_securitygate_0743480,string,,securityGate,segurançaPortão,
ui_securityhouse_08bd121,string,,securityHouse,segurançaCasa,
ui_securityphase_f4739f6,string,,securityPhase,fase de segurança,
ui_securitypulse_5340cf8,string,,securityPulse,pulso de segurança,
ui_securitywindow_4619bf3,string,,securityWindow,segurançaJanela,
ui_select_0fc8ec5,string,,Select %1$s,Selecionar %1$s,keep %1$s
ui_select_a_mode_to_continue_0426fc8,string,,Select a mode to continue,Selecione um modo para continuar,
ui_select_an_effect_to_turn_it_on_75d9bec,string,,Select an effect to turn it on,Selecione um efeito para o ativar,
ui_select_an_inverter_device_in_energy_settings_solar_to_4a0aade,string,,Select an inverter device in Energy Settings → Solar to list its inverters here.,Selecione um dispositivo inversor em Definições de Energia → Solar para listar aqui os seus inversores.,
ui_select_an_option_08d7aa3,string,,Select an option,Selecione uma opção,
ui_select_battery_devices_bfc9841,string,,Select Battery Devices,Selecionar Dispositivos de Bateria,
ui_select_battery_entities_b08b299,string,,Select Battery Entities,Selecionar Entidades de Bateria,
ui_select_battery_sensor_51f1222,string,,Select Battery Sensor,Selecionar Sensor de Bateria,
ui_select_calendars_and_the_view_shown_first_d5c38b5,string,,Select calendars and the view shown first,Selecione os calendários e a vista mostrada primeiro,
ui_select_calendars_e26b0da,string,,Select Calendars,Selecionar Calendários,
ui_select_camera_70cf6fb,string,,Select Camera,Selecionar Câmara,
ui_select_climate_card_18f3b6e,string,,Select Climate Card,Selecionar Cartão de Clima,
ui_select_device_87a4751,string,,Select Device,Selecionar Dispositivo,
ui_select_door_sensor_f345fbf,string,,Select Door Sensor,Selecionar Sensor de Porta,
ui_select_empty_bin_control_d992252,string,,Select Empty Bin Control,Selecionar Controlo de Esvaziamento de Contentor,
ui_select_energy_card_9b5bf0c,string,,Select Energy Card,Selecionar Cartão de Energia,
ui_select_entities_affed45,string,,Select Entities,Selecionar Entidades,
ui_select_entity_4b3713e,string,,Select Entity,Selecionar Entidade,
ui_select_forecast_entities_f0ec511,string,,Select Forecast Entities,Selecionar Entidades de Previsão,
ui_select_humidity_sensor_8192d0e,string,,Select Humidity Sensor,Selecionar Sensor de Humidade,
ui_select_map_camera_d5ae262,string,,Select Map Camera,Selecionar Câmara do Mapa,
ui_select_media_player_73f4f5b,string,,Select Media Player,Selecionar Leitor Multimédia,
ui_select_media_players_e0da90e,string,,Select Media Players,Selecionar Leitores Multimédia,
ui_select_outside_3593063,string,,Select outside %1$s,Selecionar exterior %1$s,keep %1$s
ui_select_running_state_entity_136482a,string,,Select running-state entity,Selecionar entidade de estado de execução,
ui_select_sensor_2564e1a,string,,Select Sensor,Selecionar Sensor,
ui_select_sensors_5141d75,string,,Select Sensors,Selecionar Sensores,
ui_select_speed_control_20f7efa,string,,Select speed control,Selecionar controlo de velocidade,
ui_select_target_entity_654e6ac,string,,Select Target Entity,Selecionar Entidade Alvo,
ui_select_temperature_sensor_821f54c,string,,Select Temperature Sensor,Selecionar Sensor de Temperatura,
ui_select_the_alarm_panels_summarized_by_this_pill_f9b23e6,string,,Select the alarm panels summarized by this pill,Selecione os painéis de alarme resumidos por esta cápsula,
ui_select_to_auto_detect_map_battery_and_controls_72bc9d7,string,,"Select to auto-detect map, battery and controls","Selecione para detetar automaticamente o mapa, a bateria e os controlos",
ui_select_to_auto_fill_helper_entities_below_84a8833,string,,Select to auto-fill helper entities below,Selecione para preencher automaticamente as entidades auxiliares abaixo,
ui_select_vacuum_4663021,string,,Select Vacuum,Selecionar Aspirador,
ui_select_vacuum_entity_dbda6f4,string,,Select Vacuum Entity,Selecionar Entidade de Aspirador,
ui_select_vacuums_7c2d22a,string,,Select Vacuums,Selecionar Aspiradores,
ui_select_waste_sensors_6006d5f,string,,Select Waste Sensors,Selecionar Sensores de Resíduos,
ui_select_water_level_562845a,string,,Select Water Level,Selecionar Nível de Água,
ui_select_weather_2357e9d,string,,Select Weather,Selecionar Meteorologia,
ui_select_weather_entity_d489986,string,,Select Weather Entity,Selecionar Entidade Meteorológica,
ui_select_week_calendar_640f382,string,,Select Week Calendar,Selecionar Calendário Semanal,
ui_selected_61ed328,string,,%1$s selected,%1$s selecionado(s),keep %1$s
ui_selected_b82aaa5,string,,%1$s · Selected,%1$s · Selecionado,keep %1$s
ui_selected_for_this_card_3c4a588,string,,%1$s selected for this card,%1$s selecionado(s) para este cartão,keep %1$s
ui_sensor_620ec21,string,,%1$s sensor%2$s,%1$s sensor%2$s,keep %1$s %2$s
ui_sensor_efb9fbf,string,,SENSOR,SENSOR,
ui_sensor_graphs_5eb3573,string,,Sensor Graphs,Gráficos de Sensores,
ui_sensor_picture_c3a0ed2,string,,Sensor picture,Imagem do sensor,
ui_sensors_711bf35,string,,Sensors,Sensores,
ui_sensors_and_an_optional_week_calendar_399bad3,string,,Sensors and an optional week calendar,Sensores e um calendário semanal opcional,
ui_sensors_are_found_automatically_by_device_class_add_sensor_150bab5,string,,%1$s sensors are found automatically by device class; add sensors missing that class here.,Os sensores de %1$s são encontrados automaticamente pela classe de dispositivo; adicione aqui sensores em falta dessa classe.,keep %1$s
ui_separate_commercial_content_0408620,string,,Separate commercial content,Conteúdo comercial separado,
ui_server_url_1d5d1ef,string,,Server URL,URL do servidor,
ui_services_data_7864c0a,string,,Services & data,Serviços & dados,
ui_session_f7f1997,string,,Session,Sessão,
ui_set_448ab73,string,,Set,Definir,
ui_set_a_rain_map_image_url_in_this_widget_03729b8,string,,Set a rain map image URL in this widget's settings,Defina um URL de imagem do mapa de chuva nas definições deste widget,
ui_set_the_control_style_for_every_thermostat_on_this_de5cd1e,string,,Set the control style for every thermostat on this Climate page. Standalone climate widgets keep their own layout settings.,Defina o estilo de controlo para todos os termóstatos nesta página de Clima. Os widgets de clima autónomos mantêm as suas próprias definições de disposição.,
ui_set_what_each_person_may_do_per_user_like_aa86ea2,string,,"Set what each person may do — per user, like the hidden views above. These apply when they use a dashboard you shared.","Defina o que cada pessoa pode fazer — por utilizador, tal como as vistas ocultas acima. Estas aplicam-se quando utilizam um painel que partilhou.",
ui_settings_c7f73bb,string,,Settings,Definições,
ui_setup_changed_b184bf0,string,,Setup changed,Configuração alterada,
ui_setup_progress_1a8adef,string,,Setup progress,Progresso da configuração,
ui_shape_and_width_on_the_dashboard_c89fefa,string,,Shape and width on the dashboard,Forma e largura no painel,
ui_shape_ea5c1a2,string,,Shape,Forma,
ui_shape_visible_information_and_icon_behavior_63dec1c,string,,"Shape, visible information, and icon behavior","Forma, informação visível e comportamento do ícone",
ui_share_09ca55c,string,,Share,Partilhar,
ui_share_b300e5f,string,,"Share ""%1$s""","Partilhar ""%1$s""",keep %1$s
ui_share_dashboards_0917ff1,string,,Share dashboards,Partilhar painéis,
ui_shared_dashboard_86876c0,string,,Shared dashboard,Painel partilhado,
ui_shared_with_me_f40ca84,string,,Shared with me,Partilhado comigo,
ui_sharing_ad00590,string,,Sharing…,A partilhar…,
ui_show_a_descending_timer_when_the_value_is_a_1ae7350,string,,"Show a descending timer when the value is a completion time (e.g. a washer/dryer finish time). Active while counting, off at zero.","Mostra um temporizador decrescente quando o valor é uma hora de conclusão (por exemplo, a hora de fim de uma máquina de lavar/secar). Ativo enquanto conta, desativado em zero.",
ui_show_a_live_radar_rain_map_card_a_camera_a0e11c8,string,,Show a live radar/rain map card — a camera entity or an embedded web page (iframe),Mostrar um cartão de radar/mapa de chuva em direto — uma entidade de câmara ou uma página web incorporada (iframe),
ui_show_activity_badge_f5d56bb,string,,Show activity badge,Mostrar emblema de atividade,
ui_show_badge_bar_827499b,string,,Show badge bar,Mostrar barra de emblemas,
ui_show_flows_button_9e888be,string,,Show flows button,Mostrar botão de fluxos,
ui_show_global_search_e7aefbe,string,,Show global search,Mostrar pesquisa global,
ui_show_group_380c43e,string,,Show group,Mostrar grupo,
ui_show_in_header_43f0dfd,string,,Show in header,Mostrar no cabeçalho,
ui_show_persons_c4e81a0,string,,Show persons,Mostrar pessoas,
ui_show_the_automations_flows_button_16254ce,string,,Show the automations (flows) button,Mostrar o botão de automações (fluxos),
ui_show_the_entity_s_state_or_one_of_its_1008a4d,string,,"Show the entity's state, or one of its attributes instead","Mostre o estado da entidade, ou um dos seus atributos",
ui_show_the_entity_s_state_or_one_of_its_e721168,string,,"Show the entity's state, or one of its attributes instead.","Mostre o estado da entidade, ou um dos seus atributos.",
ui_show_the_global_search_button_0517d8b,string,,Show the global search button,Mostrar o botão de pesquisa global,
ui_show_widget_name_5ad7fc9,string,,Show widget name,Mostrar nome do widget,
ui_shown_b1015a1,string,,%1$s shown,%1$s mostrado(s),keep %1$s
ui_shows_an_icon_matching_the_waste_type_gft_pmd_1966fe0,string,,"Shows an icon matching the waste type (GFT, PMD, paper, …).","Mostra um ícone correspondente ao tipo de resíduo (orgânico, embalagens, papel, …).",
ui_side_split_alignment_b9c5399,string,,Side (split alignment),Lado (alinhamento dividido),
ui_sign_out_safely_or_reset_this_installation_681fac2,string,,Sign out safely or reset this installation,Termine sessão em segurança ou reponha esta instalação,
ui_signing_you_in_10d0636,string,,Signing you in…,A iniciar sessão…,
ui_size_shape_and_artwork_4bb38bb,string,,"Size, shape, and artwork","Tamanho, forma e ilustração",
ui_size_shape_and_background_24dd9b6,string,,"Size, shape, and background","Tamanho, forma e fundo",
ui_snapshot_b08ae37,string,,Snapshot,Instantâneo,
ui_solar_0e26539,string,,Solar,Solar,
ui_solar_noon_599372c,string,,Solar noon %1$s,Meio-dia solar %1$s,keep %1$s
ui_sort_d5f73d6,string,,Sort: %1$s,Ordenar: %1$s,keep %1$s
ui_source_and_card_refresh_behavior_0a26324,string,,Source and card refresh behavior,Comportamento de origem e atualização do cartão,
ui_source_device_4ddad2a,string,,Source device,Dispositivo de origem,
ui_span_badges_58c73f2,string,,Span badges,Emblemas de intervalo,
ui_speed_265ffc5,string,,SPEED,VELOCIDADE,
ui_speed_control_89a2786,string,,Speed control,Controlo de velocidade,
ui_spin_a801301,string,,spin,rotação,
ui_square_82810cb,string,,Square,Quadrado,
ui_stack_cards_8bdc343,string,,Stack Cards,Cartões da Pilha,
ui_stack_layout_1623679,string,,Stack layout,Disposição da pilha,
ui_stack_name_7507e93,string,,Stack name,Nome da pilha,
ui_stack_page_3d91ce9,string,,stack_page,stack_page,
ui_stack_title_46ccc2d,string,,Stack title,Título da pilha,
ui_stack_title_cc2f1ed,string,,Stack Title,Título da Pilha,
ui_stacks_249f056,string,,Stacks,Pilhas,
ui_standard_2dfa660,string,,Standard,Padrão,
ui_start_24758a5,string,,Start: %1$s,Início: %1$s,keep %1$s
ui_start_empty_25336ee,string,,Start empty,Começar vazio,
ui_start_empty_888db50,string,,Start Empty,Começar Vazio,
ui_start_new_dashboard_8c71127,string,,Start new dashboard?,Iniciar novo painel?,
ui_start_with_a_useful_recipe_then_adjust_each_step_d560a2a,string,,"Start with a useful recipe, then adjust each step",Comece com uma receita útil e depois ajuste cada passo,
ui_state_a725020,string,,State,Estado,
ui_state_bef84bb,string,,STATE,ESTADO,
ui_state_text_6749c0a,string,,State text,Texto de estado,
ui_stream_df06386,string,,Stream,Transmissão,
ui_style_99a0efc,string,,Style,Estilo,
ui_sunrise_and_sunset_data_unavailable_3295324,string,,Sunrise and sunset data unavailable,Dados de nascer e pôr do sol indisponíveis,
ui_sunrise_fadf71c,string,,Sunrise,Nascer do sol,
ui_sunset_181bcd5,string,,Sunset,Pôr do sol,
ui_support_f32d5a3,string,,Support,Suporte,
ui_support_via_buy_me_a_coffee_d7dadd1,string,,Support via Buy Me a Coffee,Apoiar via Buy Me a Coffee,
ui_support_via_paypal_7184a5d,string,,Support via PayPal,Apoiar via PayPal,
ui_support_without_premium_0a4aebd,string,,Support without Premium,Apoiar sem Premium,
ui_supports_headings_lists_quotes_code_bold_italic_code_strik_e295744,string,,"Supports # headings, lists, > quotes, ``` code, **bold**, *italic*, `code`, ~~strike~~ and [links](https://…).","Suporta # títulos, listas, > citações, ``` código, **negrito**, *itálico*, `código`, ~~rasurado~~ e [ligações](https://…).",
ui_swing_65d8d45,string,,Swing,Oscilação,
ui_swing_horizontal_c166cda,string,,Swing (horizontal),Oscilação (horizontal),
ui_swipe_left_from_the_upper_right_edge_of_a_416c467,string,,Swipe left from the upper-right edge of a page header to switch homes at any time.,Deslize para a esquerda a partir da margem superior direita do cabeçalho de uma página para mudar de casa a qualquer momento.,
ui_switch_b02cbd9,string,,SWITCH,INTERRUPTOR,
ui_switch_home_e6ceda2,string,,Switch home,Mudar de casa,
ui_system_dark_theme_c7e4ff9,string,,System Dark Theme,Tema Escuro do Sistema,
ui_system_light_theme_5bc7623,string,,System Light Theme,Tema Claro do Sistema,
ui_systems_idle_584a6f0,string,,Systems idle,Sistemas inativos,
ui_t_c2c53d6,string,,T,T,
ui_tabs_and_media_controls_shown_throughout_the_app_5d9c1ff,string,,Tabs and media controls shown throughout the app,Separadores e controlos de multimédia mostrados em toda a aplicação,
ui_tap_here_or_use_the_button_while_edit_mode_8baf490,string,,Tap here or use the + button while edit mode is active to add widgets to this stack.,Toque aqui ou utilize o botão + enquanto o modo de edição está ativo para adicionar widgets a esta pilha.,
ui_tap_here_or_use_the_button_while_edit_mode_b06aac5,string,,Tap here or use the + button while edit mode is active to add entities to this stack.,Toque aqui ou utilize o botão + enquanto o modo de edição está ativo para adicionar entidades a esta pilha.,
ui_tap_hold_and_dialog_quick_actions_2052817,string,,"Tap, hold, and dialog quick actions","Ações rápidas de toque, toque longo e diálogo",
ui_tap_share_to_publish_or_update_d185341,string,,Tap Share to publish or update,Toque em Partilhar para publicar ou atualizar,
ui_tap_to_add_a_weather_card_a3508a9,string,,Tap + to add a weather card,Toque em + para adicionar um cartão meteorológico,
ui_tap_to_load_0c49cab,string,,Tap to load,Toque para carregar,
ui_tap_x_to_restore_an_entity_to_the_battery_ad0eb75,string,,Tap X to restore an entity to the battery page.,Toque em X para restaurar uma entidade na página de bateria.,
ui_target_49d76ad,string,,TARGET (%1$s–%2$s%%),ALVO (%1$s–%2$s%%),keep %1$s %2$s
ui_target_61ad50a,string,,Target,Alvo,
ui_target_entity_optional_cdb68af,string,,Target entity (optional),Entidade alvo (opcional),
ui_target_f762108,string,,TARGET,ALVO,
ui_technology_d018b08,string,,Technology,Tecnologia,
ui_temperature_0a9062a,string,,Temperature,Temperatura,
ui_temperature_and_humidity_sources_for_the_room_8960580,string,,Temperature and humidity sources for the room,Fontes de temperatura e humidade para a divisão,
ui_temperature_cc6906a,string,,TEMPERATURE,TEMPERATURA,
ui_temperature_sensor_graphed_in_activity_1088c3d,string,,Temperature sensor (graphed in Activity),Sensor de temperatura (representado graficamente em Atividade),
ui_text_054812c,string,,%1$s +%2$s,%1$s +%2$s,keep %1$s %2$s
ui_text_0726b05,string,,%1$s%2$s,%1$s%2$s,keep %1$s %2$s
ui_text_16b6ffd,string,,-%1$s,-%1$s,keep %1$s
ui_text_2cd9114,string,,%1$s (%2$s),%1$s (%2$s),keep %1$s %2$s
ui_text_2fb8748,string,,%1$s · ,%1$s · ,keep %1$s; keep the space at the start/end
ui_text_33e0751,string,,.%1$s,.%1$s,keep %1$s
ui_text_42cae2b,string,,  %1$s°,  %1$s°,keep %1$s; keep the space at the start/end
ui_text_4ad598c,string,, · %1$s%%, · %1$s%%,keep %1$s; keep the space at the start/end
ui_text_5256c76,string,,↑ %1$s,↑ %1$s,keep %1$s
ui_text_59f6071,string,,%1$s - %2$s,%1$s - %2$s,keep %1$s %2$s
ui_text_68fdf13,string,,%1$s.,%1$s.,keep %1$s
ui_text_78c505f,string,,%1$s %2$s,%1$s %2$s,keep %1$s %2$s
ui_text_7c73907,string,,↓ %1$s,↓ %1$s,keep %1$s
ui_text_7f1f581,string,,%1$s°,%1$s°,keep %1$s
ui_text_89a38e4,string,,%1$s…,%1$s…,keep %1$s
ui_text_8f71dfd,string,,%1$s. %2$s,%1$s. %2$s,keep %1$s %2$s
ui_text_96dfbd3,string,,%1$s: %2$s%3$s,%1$s: %2$s%3$s,keep %1$s %2$s %3$s
ui_text_9704d5c,string,,%1$s/%2$s - ,%1$s/%2$s - ,keep %1$s %2$s; keep the space at the start/end
ui_text_98d3f75,string,,✓ %1$s,✓ %1$s,keep %1$s
ui_text_9e5a283,string,,%1$s×,%1$s×,keep %1$s
ui_text_a105b80,string,,%1$s/%2$s,%1$s/%2$s,keep %1$s %2$s
ui_text_be10035,string,, · %1$s, · %1$s,keep %1$s; keep the space at the start/end
ui_text_c1aacd9,string,,%1$s · %2$s,%1$s · %2$s,keep %1$s %2$s
ui_text_c3328c3,string,,Text,Texto,
ui_text_c79f712,string,,%1$s,%1$s,keep %1$s
ui_text_cc9d930,string,,%1$s — %2$s %3$s,%1$s — %2$s %3$s,keep %1$s %2$s %3$s
ui_text_df0282e,string,,%1$s: %2$s,%1$s: %2$s,keep %1$s %2$s
ui_text_f168b71,string,,+%1$s,+%1$s,keep %1$s
ui_text_fc9db15,string,,%1$s%%,%1$s%%,keep %1$s
ui_text_size_boldness_and_font_family_365f489,string,,"Text size, boldness and font family","Tamanho do texto, espessura e família de tipo de letra",
ui_that_profile_35adbf0,string,,that profile,esse perfil,
ui_the_effect_used_when_a_button_s_animation_is_7cce891,string,,"The effect used when a button's animation is set to ""Auto"". You can still override any individual button.","O efeito utilizado quando a animação de um botão está definida como ""Auto"". Ainda pode substituir qualquer botão individual.",
ui_the_exact_dates_you_pick_leave_a_bound_as_19357e8,string,,"The exact dates you pick. Leave a bound as ""Any"" for an open-ended range.","As datas exatas que escolher. Deixe um limite como ""Qualquer"" para um intervalo aberto.",
ui_the_heading_shown_between_dashboard_sections_b03805f,string,,The heading shown between dashboard sections,O título mostrado entre secções do painel,
ui_the_hki_7_community_source_code_is_free_and_f4f3f51,string,,"The HKI 7 community source code is free and open source under the Mozilla Public License 2.0. You may use, study, modify, and redistribute it. When you distribute modified MPL-covered files, those files and their source must remain available under MPL-2.0.","O código-fonte da comunidade HKI 7 é livre e de código aberto sob a Mozilla Public License 2.0. Pode utilizá-lo, estudá-lo, modificá-lo e redistribuí-lo. Ao distribuir ficheiros modificados abrangidos pela MPL, esses ficheiros e o seu código-fonte devem permanecer disponíveis sob a MPL-2.0.",don't translate HKI 7
ui_the_hki_7_name_and_logos_are_project_trademarks_985ffec,string,,"The HKI 7 name and logos are project trademarks and are not granted for misleading redistribution. Home Assistant and other third-party names, libraries, fonts, and artwork remain subject to their respective licenses and trademarks. The software is provided without warranty, as described by MPL-2.0.","O nome e os logótipos do HKI 7 são marcas do projeto e não são concedidos para redistribuição enganosa. O Home Assistant e outros nomes, bibliotecas, tipos de letra e ilustrações de terceiros permanecem sujeitos às suas respetivas licenças e marcas. O software é fornecido sem garantia, conforme descrito pela MPL-2.0.","don't translate Home Assistant, HKI 7"
ui_the_interface_is_built_with_jetpack_compose_coroutines_and_fe7f52d,string,,"The interface is built with Jetpack Compose. Coroutines and Flow handle live state, while JSON and YAML-compatible data keep HKI 7 connected with Home Assistant.","A interface é construída com Jetpack Compose. As Coroutines e o Flow tratam do estado em direto, enquanto os dados JSON e compatíveis com YAML mantêm o HKI 7 ligado ao Home Assistant.","don't translate Home Assistant, HKI 7"
ui_the_open_source_community_core_remains_usable_without_prem_d83ff8a,string,,The open-source community core remains usable without Premium. Premium purchases fund extra visual content and continued development; they do not remove the freedoms granted for MPL-covered files.,O núcleo de comunidade de código aberto permanece utilizável sem o Premium. As compras Premium financiam conteúdo visual extra e o desenvolvimento contínuo; não removem as liberdades concedidas para os ficheiros abrangidos pela MPL.,
ui_the_page_starts_empty_with_its_own_header_and_5a325c0,string,,"The page starts empty with its own header and page settings, while keeping the Home widget catalogue.","A página começa vazia, com o seu próprio cabeçalho e definições de página, mantendo o catálogo de widgets da Página Inicial.",
ui_the_quick_brown_fox_jumps_over_the_lazy_dog_2204ad2,string,,The quick brown fox jumps over the lazy dog — 0123456789,Um pequeno jabuti xereta viu dez cegonhas felizes — 0123456789,
ui_the_room_header_and_card_show_a_single_player_3e24a17,string,,"The room header and card show a single player's media, or an active-player count when multiple players are selected.","O cabeçalho e o cartão da divisão mostram a multimédia de um único leitor, ou uma contagem de leitores ativos quando vários leitores estão selecionados.",
ui_the_text_shown_on_the_dashboard_fff5c98,string,,The text shown on the dashboard,O texto mostrado no painel,
ui_the_web_page_shown_on_this_card_ce97bfd,string,,The web page shown on this card,A página web mostrada neste cartão,
ui_theme_a797e30,string,,Theme,Tema,
ui_theme_and_navigation_bar_474ee6b,string,,Theme and navigation bar,Tema e barra de navegação,
ui_thermostat_dial_e6af91b,string,,Thermostat dial,Botão do termóstato,
ui_thermostats_601da0c,string,,Thermostats,Termóstatos,
ui_thermostats_ac_7d2ace4,string,,Thermostats & AC,Termóstatos & AC,
ui_these_are_stored_in_the_cloud_import_one_to_558c62d,string,,"These are stored in the cloud. Import one to edit or re-share it, or delete it to remove it from everyone. Your edits are also pushed automatically when you open the app.","Estes são armazenados na nuvem. Importe um para o editar ou partilhar novamente, ou elimine-o para o remover para todos. As suas edições também são enviadas automaticamente quando abre a aplicação.",
ui_these_links_open_in_your_browser_tips_do_not_049b881,string,,These links open in your browser. Tips do not unlock Premium features and do not create an obligation to provide individual support.,Estas ligações abrem no seu navegador. As gorjetas não desbloqueiam funcionalidades Premium e não criam qualquer obrigação de fornecer apoio individual.,
ui_these_permissions_are_optional_and_can_be_changed_later_aa7a106,string,,These permissions are optional and can be changed later in Android Settings.,Estas permissões são opcionais e podem ser alteradas mais tarde nas Definições do Android.,
ui_thin_100_9e7a443,string,,Thin (-100),Fino (-100),
ui_thinner_200_6ae7a6f,string,,Thinner (-200),Mais fino (-200),
ui_this_action_does_not_use_an_entity_target_5952444,string,,This action does not use an entity target.,Esta ação não utiliza um alvo de entidade.,
ui_this_action_has_no_required_target_or_additional_fields_987a410,string,,This action has no required target or additional fields.,Esta ação não tem alvo obrigatório nem campos adicionais.,
ui_this_automation_is_managed_outside_home_assistant_s_ui_89d26f5,string,,"This automation is managed outside Home Assistant's UI (usually YAML). HKI7 can show it, but will not overwrite it.","Esta automação é gerida fora da interface do Home Assistant (normalmente YAML). O HKI7 pode mostrá-la, mas não a irá substituir.","don't translate Home Assistant, HKI7"
ui_this_card_uses_its_own_entities_e572388,string,,This card uses its own entities,Este cartão utiliza as suas próprias entidades,
ui_this_dashboard_is_currently_being_generated_from_home_assi_470200d,string,,This dashboard is currently being generated from Home Assistant. You can edit rooms as soon as the one-time import finishes.,Este painel está atualmente a ser gerado a partir do Home Assistant. Pode editar as divisões assim que a importação única terminar.,don't translate Home Assistant
ui_this_entity_2ddd36d,string,,This entity,Esta entidade,
ui_this_entity_has_no_attributes_to_show_b09f4c9,string,,This entity has no attributes to show.,Esta entidade não tem atributos para mostrar.,
ui_this_light_is_paused_for_manual_control_706bffa,string,,This light is paused for manual control.,Esta luz está em pausa para controlo manual.,
ui_this_name_is_used_when_the_device_registers_with_8aba2f2,string,,This name is used when the device registers with Home Assistant.,Este nome é utilizado quando o dispositivo se regista no Home Assistant.,don't translate Home Assistant
ui_this_permanently_removes_this_dashboard_and_its_room_and_8087734,string,,This permanently removes this dashboard and its room and page configuration.,Isto remove permanentemente este painel e a sua configuração de divisões e páginas.,
ui_this_removes_all_imported_battery_entities_from_this_view_7a74283,string,,This removes all imported battery entities from this view.,Isto remove todas as entidades de bateria importadas desta vista.,
ui_this_removes_all_imported_climate_entities_from_this_view_713f511,string,,This removes all imported climate entities from this view.,Isto remove todas as entidades de clima importadas desta vista.,
ui_this_removes_all_imported_energy_entities_from_this_view_7397917,string,,This removes all imported energy entities from this view.,Isto remove todas as entidades de energia importadas desta vista.,
ui_this_removes_all_imported_rooms_and_floors_from_this_d1cbbff,string,,This removes all imported rooms and floors from this view.,Isto remove todas as divisões e pisos importados desta vista.,
ui_this_removes_all_imported_security_entities_from_this_view_6443e5c,string,,This removes all imported security entities from this view.,Isto remove todas as entidades de segurança importadas desta vista.,
ui_this_removes_its_login_mobile_app_registration_details_and_69afc19,string,,"This removes its login, mobile-app registration details, and HKI dashboards from this device. The Home Assistant server itself is not changed.","Isto remove o seu início de sessão, os detalhes de registo da aplicação móvel e os painéis HKI deste dispositivo. O próprio servidor Home Assistant não é alterado.",don't translate Home Assistant
ui_this_removes_the_native_automation_from_home_assistant_thi_2a48e1a,string,,This removes the native automation from Home Assistant. This cannot be undone from HKI7.,Isto remove a automação nativa do Home Assistant. Esta ação não pode ser anulada a partir do HKI7.,"don't translate Home Assistant, HKI7"
ui_this_removes_the_shared_dashboard_from_the_cloud_for_4bab01c,string,,This removes the shared dashboard from the cloud for everyone. People currently using it fall back to an auto-generated dashboard. Their local copies aren't touched until they next open the app.,Isto remove o painel partilhado da nuvem para todos. As pessoas que o utilizam atualmente ficam com um painel gerado automaticamente. As suas cópias locais não são afetadas até que voltem a abrir a aplicação.,
ui_this_runs_on_a_small_free_home_assistant_add_f46f2e3,string,,"This runs on a small, free Home Assistant add-on (the HKI 7 Cloud component). It isn't on HACS by default yet, so add it as a custom repository — the app then handles everything else.","Isto é executado num pequeno suplemento gratuito do Home Assistant (o componente HKI 7 Cloud). Ainda não está disponível por predefinição no HACS, por isso adicione-o como repositório personalizado — a aplicação trata depois de tudo o resto.","don't translate HKI 7 Cloud, Home Assistant"
ui_this_source_code_form_is_subject_to_the_terms_c8e4e24,string,,"This Source Code Form is subject to the terms of the Mozilla Public License, v. 2.0. If a copy of the MPL was not distributed with this file, you can obtain one at mozilla.org/MPL/2.0/.","Esta forma de código-fonte está sujeita aos termos da Mozilla Public License, v. 2.0. Se uma cópia da MPL não foi distribuída com este ficheiro, pode obter uma em mozilla.org/MPL/2.0/.",
ui_this_stack_has_no_items_0f92c8d,string,,This stack has no items.,Esta pilha não tem itens.,
ui_this_travels_with_the_dashboard_so_cloud_backups_and_1dd603d,string,," This travels with the dashboard, so cloud backups and family sharing keep it."," Isto acompanha o painel, pelo que as cópias de segurança na nuvem e a partilha familiar o mantêm.",keep the space at the start/end
ui_tile_2dd2c66,string,,Tile,Bloco,
ui_tilt_aceae6f,string,,TILT,INCLINAÇÃO,
ui_time_6c82e6d,string,,Time,Hora,
ui_time_range_9257117,string,,Time Range,Intervalo de Tempo,
ui_title_768e0c1,string,,Title,Título,
ui_title_collapse_behavior_and_dashboard_width_a64a590,string,,"Title, collapse behavior, and dashboard width","Título, comportamento de colapso e largura do painel",
ui_title_collapse_behavior_and_width_dd2b475,string,,"Title, collapse behavior, and width","Título, comportamento de colapso e largura",
ui_title_optional_932fc13,string,,Title (optional),Título (opcional),
ui_title_width_and_icon_41ec073,string,,"Title, width, and icon","Título, largura e ícone",
ui_to_state_2a995a1,string,,To state,Para o estado,
ui_today_24345a1,string,,Today,Hoje,
ui_tomorrow_1948bf2,string,,Tomorrow,Amanhã,
ui_top_consumers_0199dbf,string,,Top consumers,Principais consumidores,
ui_tracking_number_4e40c54,string,,Tracking number,Número de rastreio,
ui_try_again_042c862,string,,Try again,Tentar novamente,
ui_try_the_demo_home_no_server_needed_bc58247,string,,Try the demo home — no server needed,Experimente a casa de demonstração — sem necessidade de servidor,
ui_turn_off_all_3a7a2b0,string,,Turn off all,Desligar tudo,
ui_turn_on_a5aa418,string,,Turn On,Ligar,
ui_turn_the_light_on_to_access_controls_25f4ad6,string,,Turn the light on to access controls,Ligue a luz para aceder aos controlos,
ui_turn_the_notification_connection_channel_off_on_the_next_cdddec0,string,,"Turn the ""Notification connection"" channel off on the next screen — the connection keeps working, only its notification disappears.","Desative o canal ""Ligação de notificações"" no ecrã seguinte — a ligação continua a funcionar, apenas a sua notificação desaparece.",
ui_two_rows_1b1737f,string,,Two rows,Duas linhas,
ui_type_3deb745,string,,Type,Tipo,
ui_type_icon_839142a,string,,Type icon,Ícone do tipo,
ui_unable_to_connect_8207f1b,string,,Unable to connect,Não é possível ligar,
ui_unit_f6b935a,string,,Unit,Unidade,
ui_unknown_bc7819b,string,,Unknown,Desconhecido,
ui_unknown_energy_card_b8e46de,string,,Unknown energy card: %1$s,Cartão de energia desconhecido: %1$s,keep %1$s
ui_unlock_1526a17,string,,Unlock,Destrancar,
ui_unlock_button_ad521c4,string,,Unlock button,Botão de destrancar,
ui_unlock_method_dff380e,string,,Unlock method,Método de destrancamento,
ui_unlocked_b3da702,string,,Unlocked,Destrancado,
ui_unrestricted_background_cebdb1e,string,,Unrestricted background,Segundo plano sem restrições,
ui_untitled_621521f,string,,Untitled,Sem título,
ui_untitled_event_ef8d264,string,,Untitled event,Evento sem título,
ui_upcoming_523baab,string,,Upcoming,Próximo,
ui_update_fb91e24,string,,Update,Atualizar,
ui_update_location_now_d338c2c,string,,Update Location Now,Atualizar Localização Agora,
ui_updated_62d2331,string,,Updated %1$s,Atualizado %1$s,keep %1$s
ui_url_https_a1a19ec,string,,URL (https://…),URL (https://…),
ui_usage_overview_fc2eefc,string,,Usage overview,Vista geral de consumo,
ui_use_1d4d43c,string,,Use,Utilizar,
ui_use_a_dashboard_an_admin_has_shared_with_you_8b1cfdb,string,,Use a dashboard an admin has shared with you.,Utilize um painel que um administrador partilhou consigo.,
ui_use_a_family_shared_dashboard_9b8ab51,string,,Use a family shared dashboard,Utilizar um painel partilhado pela família,
ui_use_a_recognizable_name_such_as_kitchen_tablet_or_ca9f431,string,,"Use a recognizable name, such as ‘Kitchen tablet’ or ‘Jimmy’s phone’.","Utilize um nome reconhecível, como ""Tablet da cozinha"" ou ""Telemóvel do Jimmy"".",
ui_use_family_shared_dashboard_28e06c2,string,,Use family shared dashboard,Utilizar painel partilhado pela família,
ui_used_6a4ebbf,string,,Used %1$s,Utilizado %1$s,keep %1$s
ui_uses_hki_7_s_private_google_drive_storage_enable_0559ced,string,,Uses HKI 7's private Google Drive storage. Enable it once to create an immediate backup and then back up automatically every day.,"Utiliza o armazenamento privado do Google Drive do HKI 7. Ative-o uma vez para criar uma cópia de segurança imediata e, depois, fazer cópias automaticamente todos os dias.","don't translate Google Drive, HKI 7"
ui_uses_the_sun_entity_configured_in_weather_settings_e580a39,string,,Uses the Sun entity configured in Weather settings.,Utiliza a entidade Sol configurada nas Definições Meteorológicas.,
ui_using_a_shared_dashboard_applies_the_permissions_the_admin_a337a76,string,,Using a shared dashboard applies the permissions the admin set for it.,Utilizar um painel partilhado aplica as permissões que o administrador definiu para ele.,
ui_using_the_climate_view_s_entities_8befb0f,string,,Using the Climate view's entities,A utilizar as entidades da vista de Clima,
ui_using_the_energy_view_s_entities_7ca9bed,string,,Using the Energy view's entities,A utilizar as entidades da vista de Energia,
ui_vacuum_5fe15df,string,,Vacuum,Aspirador,
ui_vacuum_device_3deae52,string,,Vacuum device,Dispositivo aspirador,
ui_vacuum_entities_c7da1d7,string,,Vacuum entities,Entidades de aspirador,
ui_vacuum_map_8236541,string,,Vacuum map,Mapa do aspirador,
ui_vacuum_stack_b93d3b7,string,,Vacuum Stack,Pilha de Aspirador,
ui_vertical_slider_e09cef1,string,,Vertical slider,Controlo deslizante vertical,
ui_view_on_github_0c77991,string,,View on GitHub,Ver no GitHub,
ui_visibility_7d9ff4f,string,,Visibility,Visibilidade,
ui_visibility_alignment_and_overflow_behavior_467f44f,string,,"Visibility, alignment, and overflow behavior","Visibilidade, alinhamento e comportamento de transbordo",
ui_visibility_and_ordering_in_the_page_header_0f9e3d8,string,,Visibility and ordering in the page header,Visibilidade e ordenação no cabeçalho da página,
ui_visible_during_791f42c,string,,Visible during,Visível durante,
ui_visible_persons_4b7ae6c,string,,Visible persons,Pessoas visíveis,
ui_visual_style_bc567f3,string,,Visual style,Estilo visual,
ui_w_e2415cb,string,,W,O,
ui_waiting_for_home_assistant_af224aa,string,,Waiting for Home Assistant,A aguardar o Home Assistant,don't translate Home Assistant
ui_wallpaper_and_an_optional_custom_color_f4f12f1,string,,Wallpaper and an optional custom color,Papel de parede e uma cor personalizada opcional,
ui_wallpaper_and_optional_custom_color_0dc6738,string,,Wallpaper and optional custom color,Papel de parede e cor personalizada opcional,
ui_wallpaper_url_or_path_e208631,string,,Wallpaper URL or path,URL ou caminho do papel de parede,
ui_waste_collection_7cdf205,string,,Waste Collection,Recolha de Resíduos,
ui_waste_sensors_8bfd3ec,string,,Waste sensors,Sensores de resíduos,
ui_watch_d91ebf5,string,,Watch,Ver,
ui_water_5480538,string,,Water: %1$s,Água: %1$s,keep %1$s
ui_water_de9b1be,string,,Water,Água,
ui_water_level_optional_fallback_61b2be5,string,,Water level (optional fallback),Nível de água (alternativa opcional),
ui_water_meters_imported_from_home_assistant_s_energy_dashboa_b1ac157,string,,Water meters imported from Home Assistant's Energy dashboard.,Contadores de água importados do painel de Energia do Home Assistant.,don't translate Home Assistant
ui_we_ll_check_your_home_network_first_you_can_c7ca0f0,string,,We'll check your home network first; you can also enter an address,Vamos verificar primeiro a sua rede doméstica; também pode introduzir um endereço,
ui_weather_284af3e,string,,Weather,Meteorologia,
ui_weather_card_0c6594c,string,,Weather Card,Cartão Meteorológico,
ui_weather_details_bc94175,string,,Weather details,Detalhes meteorológicos,
ui_weather_entities_0a2c547,string,,Weather entities,Entidades meteorológicas,
ui_weather_entity_402cbd9,string,,Weather entity,Entidade meteorológica,
ui_weather_source_778baeb,string,,Weather source,Fonte meteorológica,
ui_weather_stack_4d4f763,string,,Weather Stack,Pilha Meteorológica,
ui_weather_type_fe0b7cc,string,,Weather Type,Tipo de Meteorologia,
ui_web_address_url_55052c9,string,,Web address (URL),Endereço web (URL),
ui_week_calendar_shown_in_the_dialog_6d4f28b,string,,Week calendar (shown in the dialog),Calendário semanal (mostrado no diálogo),
ui_welcome_to_hki_7_9e317bb,string,,Welcome to HKI 7,Bem-vindo ao HKI 7,don't translate HKI 7
ui_what_hki_7_is_and_how_it_is_built_247bace,string,,What HKI 7 is and how it is built,O que é o HKI 7 e como é construído,don't translate HKI 7
ui_what_it_does_ca032b5,string,,What it does,O que faz,
ui_what_s_new_4d8dc5f,string,,What's new,Novidades,
ui_when_769bb19,string,,When,Quando,
ui_when_and_if_then_dd86ebe,string,,When · And if · Then,Quando · E se · Então,
ui_when_reporting_a_problem_include_your_android_version_home_784a4e6,string,,"When reporting a problem, include your Android version, Home Assistant version, the affected entity or integration, and clear steps to reproduce it. Removing private URLs, tokens, names, and location data first helps keep support safe.","Ao reportar um problema, inclua a sua versão do Android, a versão do Home Assistant, a entidade ou integração afetada e passos claros para o reproduzir. Remover primeiro URLs privados, tokens, nomes e dados de localização ajuda a manter o suporte seguro.",don't translate Home Assistant
ui_when_the_value_is_a_completion_time_e_g_7dce367,string,,"When the value is a completion time (e.g. a washer/dryer finish time), show a descending timer. The button reads active while counting and turns off at zero.","Quando o valor é uma hora de conclusão (por exemplo, a hora de fim de uma máquina de lavar/secar), mostra um temporizador decrescente. O botão indica ativo enquanto conta e desliga-se em zero.",
ui_widget_height_b26de24,string,,Widget height,Altura do widget,
ui_widget_name_55e5340,string,,Widget name,Nome do widget,
ui_widget_presentation_a3a8cdc,string,,Widget presentation,Apresentação do widget,
ui_widget_width_1d89599,string,,Widget width,Largura do widget,
ui_width_a58ddf5,string,,Width,Largura,
ui_width_and_height_6ed6746,string,,Width and height,Largura e altura,
ui_width_and_optional_icon_671e2ef,string,,Width and optional icon,Largura e ícone opcional,
ui_width_columns_and_container_shape_984a191,string,,"Width, columns, and container shape","Largura, colunas e forma do contentor",
ui_width_shape_and_collapse_behavior_7abc6f4,string,,"Width, shape, and collapse behavior","Largura, forma e comportamento de colapso",
ui_wind_142b575,string,,Wind,Vento,
ui_worth_watching_a3d46c7,string,,Worth watching,Vale a pena ver,
ui_would_you_like_to_add_an_existing_camera_entity_00d5bc3,string,,Would you like to add an existing camera entity or a custom URL?,Pretende adicionar uma entidade de câmara existente ou um URL personalizado?,
ui_write_the_information_shown_on_this_card_4ca5db7,string,,Write the information shown on this card,Escreva a informação mostrada neste cartão,
ui_you_can_help_by_testing_new_builds_reporting_reproducible_5310461,string,,"You can help by testing new builds, reporting reproducible bugs, suggesting thoughtful improvements, helping with translations or documentation, sharing HKI 7 with other Home Assistant users, and giving constructive feedback.","Pode ajudar testando novas versões, reportando erros reproduzíveis, sugerindo melhorias ponderadas, ajudando com traduções ou documentação, partilhando o HKI 7 com outros utilizadores do Home Assistant e dando feedback construtivo.","don't translate Home Assistant, HKI 7"
ui_you_re_exploring_the_built_in_sample_home_63c2ad1,string,,You're exploring the built-in sample home,Está a explorar a casa de exemplo incorporada,
ui_your_automations_and_devices_will_be_unavailable_briefly_h_8a8572e,string,,Your automations and devices will be unavailable briefly. HKI7 will reconnect automatically when Home Assistant is ready.,As suas automações e dispositivos ficarão indisponíveis brevemente. O HKI7 voltará a ligar-se automaticamente quando o Home Assistant estiver pronto.,"don't translate Home Assistant, HKI7"
ui_your_dashboard_is_ready_0719f75,string,,Your dashboard is ready,O seu painel está pronto,
ui_your_home_72412fa,string,,Your home,A sua casa,
ui_your_location_is_shared_only_with_your_own_home_c75bd6d,string,,Your location is shared only with your own Home Assistant server. It is ,A sua localização é partilhada apenas com o seu próprio servidor Home Assistant. Nunca é ,don't translate Home Assistant; keep the space at the start/end
logs_title,string,,Connection log,Registo de conexão,
logs_subtitle,string,,What the app's connection to Home Assistant has been doing,O que a ligação da aplicação com o Home Assistant tem feito,don't translate Home Assistant
logs_empty,string,,Connection log,Registo de conexão,
logs_empty_hint,string,,"Nothing logged yet. Connection attempts, reconnects, sync and subscriptions appear here as they happen.","Nada registado ainda. Tentativas de ligação, religações, sincronização e assinaturas aparecem aqui à medida que acontecem.",
logs_count,string,,Connection log (%1$d),Registo de ligação (%1$d),keep %1$d
logs_copy,string,,Copy the log,Copie o registo,
logs_clear,string,,Clear the log,Limpe o registo,
logs_show_all,string,,Show all %1$d,Mostrar tudo %1$d,keep %1$d
logs_show_less,string,,Show less,Mostrar menos,
parcel_letter_count,plural,one,%1$d letter,%1$d carta,keep %1$d
parcel_letter_count,plural,other,%1$d letters,%1$d cartas,keep %1$d
spacer_empty_button,string,,Empty button,Botão vazio,
spacer_empty_button_description,string,,Transparent placeholder that only reserves space,Marcador de posição transparente que apenas reserva espaço,
spacer_add_empty_button,string,,Add empty button,Adicionar botão vazio,
popup_custom_popup,string,,Custom popup,Janela personalizada,
popup_choose,string,,Choose a popup,Escolher uma janela,
popup_none_yet,string,,No popups yet,Ainda não há janelas,
popup_new,string,,New popup,Nova janela,
popup_default_name,string,,New popup,Nova janela,
popup_name,string,,Popup name,Nome da janela,
popup_edit_contents,string,,Edit contents,Editar conteúdo,
popup_delete,string,,Delete popup,Eliminar janela,
popup_status_entity,string,,Status entity,Entidade de estado,
popup_status_entity_hint,string,,Optional. Its state fills the dialog's status line and adds the history view.,Opcional. O respetivo estado preenche a linha de estado da caixa de diálogo e acrescenta o histórico.,
popup_settings_subtitle,string,,"Name, icon, and status entity","Nome, ícone e entidade de estado",
popup_shared_hint,string,,Popups are shared: other buttons can open this same popup.,As janelas são partilhadas: outros botões podem abrir a mesma janela.,
popup_empty,string,,This popup is empty. Tap Edit to add widgets.,Esta janela está vazia. Toque em Editar para adicionar widgets.,
popup_settings_title,string,,Popups,Janelas,
popup_settings_subtitle_section,string,,Build and edit your custom popups,Crie e edite as suas janelas personalizadas,
popup_settings_hint,string,,"Popups open from a button, badge, or dialog button set to the Custom popup action. Edit contents opens the popup itself so you can arrange its widgets.","As janelas abrem a partir de um botão, emblema ou botão de caixa de diálogo definido para a ação Janela personalizada. «Editar conteúdo» abre a própria janela para organizar os widgets.",
button_icon_only,string,,Icon only,Apenas ícone,
button_icon_size,string,,Icon size,Tamanho do ícone,
button_icon_size_description,string,,"Auto shrinks the icon as the stack gains columns, so it still fits a narrow button.","Automático reduz o ícone à medida que a pilha ganha colunas, para caber num botão estreito.",
button_icon_size_auto,string,,Auto,Automático,
button_icon_size_value,string,,%1$d dp,%1$d dp,keep %1$d
stack_child_icon_only,string,,Icon only for every button,Apenas ícone em todos os botões,
stack_child_icon_only_description,string,,"Applies to all buttons in this stack, so you don't have to set it on each one.","Aplica-se a todos os botões desta pilha, para não ter de definir um a um.",
stack_child_icon_size,string,,Icon size for every button,Tamanho do ícone em todos os botões,
button_icon_only_description,string,,"Hide the name and state, centering the icon on the button","Oculta o nome e o estado, centrando o ícone no botão",
action_button,string,,Action button,Botão de ação,
action_button_description,string,,"A button without an entity: give it a name, an icon, and any action","Um botão sem entidade: dê-lhe um nome, um ícone e qualquer ação",
action_button_add,string,,Add action button,Adicionar botão de ação,
action_badge_add,string,,Add action badge,Adicionar emblema de ação,
security_entity_count,plural,one,%1$d entity,%1$d entidade,keep %1$d
security_entity_count,plural,other,%1$d entities,%1$d entidades,keep %1$d
family_permission_switch_dashboards,string,,Allow switching dashboards,Permitir mudar de painel,
family_permission_switch_dashboards_subtitle,string,,Let this person load another existing dashboard,Permitir que esta pessoa carregue outro painel existente,
family_permission_create_dashboards,string,,Allow creating dashboards,Permitir criar painéis,
family_permission_create_dashboards_subtitle,string,,Let this person create or duplicate dashboards,Permitir que esta pessoa crie ou duplique painéis,
family_dashboard_tab_locked,string,,Locked by family permissions,Bloqueado pelas permissões familiares,
family_dashboard_access_lost_title,string,,Family access removed,Acesso familiar removido,
family_dashboard_access_lost_message,string,,"You no longer have access to HKI 7 through this family dashboard. Choose another dashboard shared with you, or use any other option your family permissions allow.",Já não tens acesso ao HKI 7 através deste painel familiar. Escolhe outro painel partilhado contigo ou outra opção permitida pelas tuas permissões familiares.,don't translate HKI 7
family_access_manage,string,,Manage access,Gerenciar acesso,
family_access_title,string,,Who can see %1$s,Quem pode ver %1$s,keep %1$s
family_access_description,string,,Add or remove people. Everyone you remove loses this dashboard the next time their app syncs.,Adicione ou remova pessoas. Todos que você remover perderão esse painel na próxima vez que o aplicativo for sincronizado.,
family_access_shared_everyone,string,,Shared with everyone,Compartilhado com todos,
family_access_shared_nobody,string,,Shared with no one,Compartilhado com ninguém,
family_access_shared_with,string,,Shared with %1$s,Compartilhado com %1$s,keep %1$s
family_access_unknown_user,string,,Unknown user,Usuário desconhecido,
family_access_revoke_warning,string,,"Losing access deletes their copy of this dashboard, along with any colours, icons, and names they changed on it.","A perda de acesso exclui a cópia deste painel, juntamente com quaisquer cores, ícones e nomes que eles alteraram nele.",
family_versions_title,string,,HKI versions,Versões HKI,
family_versions_description,string,,Which HKI build each family device is running. This device is on %1$s. A device appears once it has opened HKI 7 1.0.0-beta.18 or newer at least once.,Qual versão do HKI cada dispositivo da família está executando. Este dispositivo está em %1$s. Um dispositivo aparece depois de abrir o HKI 7 1.0.0-beta.18 ou mais recente pelo menos uma vez.,keep %1$s; don't translate HKI 7
family_versions_empty,string,,No family devices have reported a version yet.,Nenhum dispositivo familiar relatou uma versão ainda.,
family_versions_loading,string,,Loading family devices…,Carregando dispositivos familiares…,
family_versions_unavailable,string,,Home Assistant could not return the family device list. Check that HKI 7 Cloud is up to date.,O Home Assistant não conseguiu retornar a lista de dispositivos da família. Verifique se o HKI 7 Cloud está atualizado.,"don't translate HKI 7 Cloud, Home Assistant"
family_versions_outdated,string,,Older than yours,Mais velho que o seu,
family_versions_android,string,,Android %1$s,Android%1$s,keep %1$s
family_versions_reported,string,,reported %1$s,relatado %1$s,keep %1$s
family_versions_forget,string,,Forget this device,Esqueça este dispositivo,
family_versions_forget_hint,string,,Forgetting a device only clears it from this list. One that is still in use reappears the next time its app opens.,Esquecer um dispositivo apenas o apaga desta lista. Um que ainda esteja em uso reaparecerá na próxima vez que seu aplicativo for aberto.,
family_versions_nudge,string,,Ask to update to %1$s,Peça para atualizar para %1$s,keep %1$s
family_versions_nudge_clear,string,,Cancel update request,Cancelar solicitação de atualização,
family_versions_nudge_pending,string,,Waiting for this device to update to %1$s. The request clears itself once it does.,Aguardando a atualização deste dispositivo para %1$s. A solicitação é limpa automaticamente assim que isso acontece.,keep %1$s
family_require_title,string,,Require an HKI version,Exigir uma versão HKI,
family_require_description,string,,"Everyone below the version you require is asked to update before they can keep using HKI. Nothing here installs anything — Google Play does the update, so people are only ever held up when Play actually has it ready for them.","Todos abaixo da versão que você precisa serão solicitados a atualizar antes de continuarem usando o HKI. Nada aqui instala nada – o Google Play faz a atualização, então as pessoas só ficam paradas quando o Play realmente o tiver pronto para elas.",
family_require_current,string,,Currently required: %1$s,Atualmente necessário: %1$s,keep %1$s
family_require_set,string,,Require everyone to be on %1$s,Exigir que todos estejam em %1$s,keep %1$s
family_require_clear,string,,Clear the requirement,Limpe o requisito,
family_require_hint,string,,"You can only require a version some device already runs, so a requirement can never be one nobody is able to install.","Você só pode exigir uma versão que algum dispositivo já execute, portanto, um requisito nunca pode ser aquele que ninguém consegue instalar.",
settings_extra_family_require_failed,string,,Could not change the required version. It has to be one a family device already runs.,Não foi possível alterar a versão necessária. Tem que ser um dispositivo familiar que já esteja em execução.,
settings_extra_family_nudge_failed,string,,Could not ask “%1$s” to update.,Não foi possível solicitar “%1$s” para atualizar.,keep %1$s
app_update_required_title,string,,Time to update HKI,Hora de atualizar o HKI,
app_update_required_title_device,string,,This device needs an HKI update,Este dispositivo precisa de uma atualização HKI,
app_update_required_message,string,,Your family is on HKI %1$s. This device is on %2$s.,Sua família está em HKI %1$s. Este dispositivo está em %2$s.,keep %1$s %2$s
app_update_required_checking,string,,Checking Google Play…,Verificando o Google Play…,
app_update_required_update,string,,Update now,Atualizar agora,
app_update_required_open_store,string,,Open HKI in the Play Store,Abra o HKI na Play Store,
app_update_required_opened_store,string,,"Google Play could not take over here, so its store page was opened instead.","O Google Play não pôde assumir o controle aqui, então a página da loja foi aberta.",
app_update_required_unavailable,string,,"Google Play has no update ready for this device yet. That usually means the release hasn't reached you, or this copy of HKI didn't come from the Play Store.",O Google Play ainda não tem nenhuma atualização pronta para este dispositivo. Isso geralmente significa que o lançamento não chegou até você ou que esta cópia do HKI não veio da Play Store.,
app_update_required_continue,string,,Continue without updating,Continuar sem atualizar,
settings_extra_active_instance,string,,Active instance,Instância ativa,
settings_extra_automatic_cloud_backup_enabled,string,,Automatic cloud backup enabled.,Cópia de segurança automática na nuvem ativada.,
settings_extra_background_restricted_warning,string,,Restricted — background sync will not work,Restrito — a sincronização em segundo plano não irá funcionar,
settings_extra_backup_failed,string,,Backup failed: %1$s,Falha na cópia de segurança: %1$s,keep %1$s
settings_extra_backup_unreadable,string,,The backup could not be read,Não foi possível ler a cópia de segurança,
settings_extra_battery_optimized_warning,string,,Optimized — may interrupt background sync,Otimizado — pode interromper a sincronização em segundo plano,
settings_extra_buy_me_a_coffee_logo,string,,Buy Me a Coffee logo,Logótipo do Buy Me a Coffee,
settings_extra_cloud_backup_created,string,,Cloud backup created.,Cópia de segurança na nuvem criada.,
settings_extra_cloud_backup_failed,string,,Cloud backup failed: %1$s,Falha na cópia de segurança na nuvem: %1$s,keep %1$s
settings_extra_cloud_component_missing,string,,"The HKI 7 Cloud component was not found on your Home Assistant. Install it through HACS, then try again.",O componente HKI 7 Cloud não foi encontrado no seu Home Assistant. Instale-o através do HACS e tente novamente.,"don't translate HKI 7 Cloud, Home Assistant"
settings_extra_copy_dashboard,string,,Copy %1$s,Copiar %1$s,keep %1$s
settings_extra_corner_modern,string,,Modern,Moderno,
settings_extra_corner_round,string,,Round,Arredondado,
settings_extra_corner_sharp,string,,Sharp,Reto,
settings_extra_create_custom_page,string,,Create custom page,Criar página personalizada,
settings_extra_custom_page_identity_subtitle,string,,Identity and navigation appearance,Identidade e aparência de navegação,
settings_extra_dashboard_backup_saved,string,,Dashboard backup saved.,Cópia de segurança do painel guardada.,
settings_extra_dashboard_copy_name,string,,%1$s copy,Cópia de %1$s,keep %1$s
settings_extra_dashboard_default_name,string,,Dashboard %1$d,Painel %1$d,keep %1$d
settings_extra_new_dashboard_confirm_body,string,,This adds a dashboard alongside the one you are using. Your current dashboard is kept exactly as it is and is never overwritten — you can switch between them at any time.,Isto adiciona um painel ao lado daquele que está a utilizar. O seu painel atual é mantido exatamente como está e nunca é substituído – pode alternar entre eles a qualquer momento.,
settings_extra_new_dashboard_confirm_action,string,,Continue,Continuar,
settings_extra_new_dashboard_created,string,,Created “%1$s”,Criado “%1$s”,keep %1$s
uif_onboarding_shared_already_added,string,,Already added,Já adicionado,
settings_extra_dashboard_shared_badge,string,,Shared,Compartilhado,
settings_extra_dashboard_shared_subtitle,string,,Shared with you by your family. Tap to load,Partilhado consigo pela sua família. Toque para carregar,
settings_extra_dashboard_shared_loaded,string,,Shared with you by your family. Currently loaded,Partilhado consigo pela sua família. Atualmente carregado,
settings_extra_dashboard_generating,string,,Your new dashboard is being generated automatically.,O seu novo painel está a ser gerado automaticamente.,
settings_extra_dashboard_mode_auto,string,,Automatic,Automático,
settings_extra_dashboard_mode_manual,string,,Manual,Manual,
settings_extra_dashboard_restored,string,,Dashboard configuration restored.,Configuração do painel restaurada.,
settings_extra_dashboard_shared,string,,“%1$s” shared.,“%1$s” partilhado.,keep %1$s
settings_extra_dashboard_sharing_failed,string,,Could not share the dashboard.,Não foi possível partilhar o painel.,
settings_extra_default_user_name,string,,User,Utilizador,
settings_extra_delete_dashboard,string,,Delete %1$s,Eliminar %1$s,keep %1$s
settings_extra_device_tracker,string,,Device tracker,Rastreador de dispositivo,
settings_extra_device_tracker_subtitle,string,,"Name used for location, geocoded location, battery, and charging entities","Nome usado para localização, localização geocodificada, bateria e entidades de carregamento",
settings_extra_drive_access_token_missing,string,,Google Drive authorization did not return an access token.,A autorização do Google Drive não devolveu um token de acesso.,don't translate Google Drive
settings_extra_drive_authorization_cancelled,string,,Google Drive authorization was cancelled.,A autorização do Google Drive foi cancelada.,don't translate Google Drive
settings_extra_drive_authorization_failed,string,,Google Drive authorization failed: %1$s,Falha na autorização do Google Drive: %1$s,keep %1$s; don't translate Google Drive
settings_extra_drive_authorization_open_failed,string,,Google Drive authorization could not be opened.,Não foi possível abrir a autorização do Google Drive.,don't translate Google Drive
settings_extra_drive_backups_load_failed,string,,Could not load Google Drive backups: %1$s,Não foi possível carregar as cópias de segurança do Google Drive: %1$s,keep %1$s; don't translate Google Drive
settings_extra_edit_custom_page,string,,Edit custom page,Editar página personalizada,
settings_extra_effect_glow,string,,Glow,Brilho,
settings_extra_effect_group_alerts,string,,Sensors and alarms,Sensores e alarmes,
settings_extra_effect_group_climate,string,,Climate and humidity,Clima e humidade,
settings_extra_effect_group_fans,string,,Fans and vacuums,Ventoinhas e aspiradores,
settings_extra_effect_group_lights,string,,Lights and switches,Luzes e interruptores,
settings_extra_effect_group_media,string,,Media players,Leitores de média,
settings_extra_effect_group_other,string,,Everything else,Tudo o resto,
settings_extra_effect_none,string,,None,Nenhum,
settings_extra_effect_pulse,string,,Pulse,Pulsar,
settings_extra_effect_spin,string,,Spin,Rodar,
settings_extra_empty_dashboard_created,string,,An empty dashboard was created.,Foi criado um painel vazio.,
settings_extra_font_atkinson,string,,Atkinson Hyperlegible,Atkinson Hyperlegible,
settings_extra_font_bree_serif,string,,Bree Serif,Bree Serif,
settings_extra_font_comfortaa,string,,Comfortaa,Comfortaa,
settings_extra_font_cursive,string,,Cursive,Cursiva,
settings_extra_font_default,string,,Default,Predefinição,
settings_extra_font_monospace,string,,Monospace,Monoespaçada,
settings_extra_font_nunito,string,,Nunito,Nunito,
settings_extra_font_patrick_hand,string,,Patrick Hand,Patrick Hand,
settings_extra_font_sans_serif,string,,Sans serif,Sem serifa,
settings_extra_font_serif,string,,Serif,Com serifa,
settings_extra_font_space_grotesk,string,,Space Grotesk,Space Grotesk,
settings_extra_ha_backup_created,string,,Home Assistant backup created.,Cópia de segurança do Home Assistant criada.,don't translate Home Assistant
settings_extra_ha_backup_enabled,string,,Home Assistant backup enabled.,Cópia de segurança do Home Assistant ativada.,don't translate Home Assistant
settings_extra_ha_backup_failed,string,,Home Assistant backup failed. Is the HKI 7 Cloud component reachable?,Falha na cópia de segurança do Home Assistant. O componente HKI 7 Cloud está acessível?,"don't translate HKI 7 Cloud, Home Assistant"
settings_extra_ha_backups_load_failed,string,,Could not load Home Assistant backups: %1$s,Não foi possível carregar as cópias de segurança do Home Assistant: %1$s,keep %1$s; don't translate Home Assistant
settings_extra_hide_tab,string,,Hide tab,Ocultar separador,
settings_extra_hki_cloud_step_add_integration,string,,"Go to Settings → Devices & Services → Add Integration, choose “HKI 7 Cloud,” and confirm.","Vá a Definições → Dispositivos e Serviços → Adicionar Integração, escolha “HKI 7 Cloud” e confirme.",don't translate HKI 7 Cloud
settings_extra_hki_cloud_step_add_repository,string,,"Paste %1$s, choose the “Integration” category, and add it.","Cole %1$s, escolha a categoria “Integração” e adicione-a.",keep %1$s
settings_extra_hki_cloud_step_install,string,,"Open the new “HKI 7 Cloud” entry, install it, and restart Home Assistant.","Abra a nova entrada “HKI 7 Cloud”, instale-a e reinicie o Home Assistant.","don't translate HKI 7 Cloud, Home Assistant"
settings_extra_hki_cloud_step_open_custom_repositories,string,,"In Home Assistant, open HACS → the ⋮ menu in the top-right → Custom repositories.","No Home Assistant, abra HACS → o menu ⋮ no canto superior direito → Repositórios personalizados.",don't translate Home Assistant
settings_extra_hki_cloud_step_reopen,string,,Reopen this screen. The features will appear automatically.,Reabra este ecrã. As funcionalidades aparecerão automaticamente.,
settings_extra_hki_cloud_version,string,,HKI 7 Cloud v%1$s installed,Nuvem HKI 7 v%1$s instalada,keep %1$s; don't translate HKI 7 Cloud
settings_extra_hki_cloud_version_unknown,string,,HKI 7 Cloud installed (update to see its version),HKI 7 Cloud instalado (atualize para ver sua versão),don't translate HKI 7 Cloud
settings_extra_hki_cloud_update_to_unlock,string,,Update to unlock:,Atualize para desbloquear:,
settings_extra_hki_cloud_feature_requires,string,,%1$s (needs v%2$s+),%1$s (precisa de v%2$s+),keep %1$s %2$s
settings_extra_hki_cloud_feature_reimport,string,,Manually re-importing or clearing dashboard view data,Reimportando ou limpando manualmente os dados de visualização do painel,
settings_extra_hki_cloud_feature_search_lists,string,,Per-person Visible/Invisible global search lists,Listas de pesquisa global visíveis/invisíveis por pessoa,
settings_extra_hki_cloud_feature_room_follow,string,,Room following,Seguimento de sala,
settings_extra_hki_cloud_feature_room_follow_launch_only,string,,"Room following: only place someone on launch, without tracking further moves","Seguimento de sala: coloque apenas alguém no lançamento, sem rastrear movimentos adicionais",
settings_extra_hki_cloud_feature_devices,string,,Seeing which HKI version each family device runs,Ver qual versão HKI cada dispositivo da família executa,
settings_extra_hki_cloud_feature_required_version,string,,Requiring the family to update to a given HKI version,Exigir que a família atualize para uma determinada versão do HKI,
settings_extra_hki_cloud_feature_events,string,,"The event timeline, and hiding parts of it from individual people",A linha do tempo do evento e a ocultação de partes do mesmo de pessoas individuais,
settings_extra_hki_cloud_tab_requires,string,,"Needs HKI 7 Cloud v%1$s or newer. Update the component in HACS — until then, what you set here won't take effect.","Precisa do HKI 7 Cloud v%1$s ou mais recente. Atualize o componente no HACS — até então, o que você definir aqui não terá efeito.",keep %1$s; don't translate HKI 7 Cloud
settings_extra_location_allowed_always,string,,Allowed all the time,Permitida sempre,
settings_extra_location_allowed_foreground,string,,Allowed only while using the app,Permitida apenas ao usar a aplicação,
settings_extra_location_not_allowed,string,,Not allowed,Não permitida,
language_search_placeholder,string,,Search languages,Idiomas de pesquisa,
language_search_no_matches,string,,No language matches “%1$s”,Nenhum idioma corresponde a “%1$s”,keep %1$s
settings_extra_language_dutch,string,,Nederlands,Nederlands,
settings_extra_language_english,string,,English,English,
settings_extra_language_french,string,,Français,Français,
settings_extra_language_german,string,,Deutsch,Deutsch,
settings_extra_language_italian,string,,Italiano,Italiano,
settings_extra_language_spanish,string,,Español,Español,
settings_extra_language_turkish,string,,Türkçe,Türkçe,
settings_extra_language_portuguese,string,,Português,Português,
settings_extra_language_portuguese_brazil,string,,Português (Brasil),Português (Brasil),
settings_extra_language_spanish_latam,string,,Español (Latinoamérica),Español (Latinoamérica),
settings_extra_language_japanese,string,,日本語,日本語,
settings_extra_language_korean,string,,한국어,한국어,
settings_extra_language_chinese_simplified,string,,中文（简体）,中文（简体）,
settings_extra_language_chinese_traditional,string,,中文（繁體）,中文（繁體）,
settings_extra_no_drive_backups,string,,No Google Drive backups were found.,Não foram encontradas cópias de segurança no Google Drive.,don't translate Google Drive
settings_extra_no_ha_backups,string,,No Home Assistant backups were found. Is the HKI 7 Cloud component installed?,Não foram encontradas cópias de segurança do Home Assistant. O componente HKI 7 Cloud está instalado?,"don't translate HKI 7 Cloud, Home Assistant"
settings_extra_notifications_multi_home_required,string,,Required while multiple homes receive notifications. Manage each home under Connection.,Obrigatório enquanto várias casas recebem notificações. Faça a gestão de cada casa em Ligação.,
settings_extra_notifications_persistent_connection,string,,Keeps a persistent connection to Home Assistant while the app is closed. This uses more battery.,Mantém uma ligação persistente ao Home Assistant enquanto a aplicação está fechada. Isto consome mais bateria.,don't translate Home Assistant
settings_extra_paypal_logo,string,,PayPal logo,Logótipo do PayPal,
settings_extra_policy_update_failed,string,,Could not update the policy.,Não foi possível atualizar a política.,
settings_extra_policy_needs_component_update,string,,Permissions saved. Update HKI 7 Cloud to also store the Visible and Invisible lists.,Permissões guardadas. Atualize o HKI 7 Cloud para guardar também as listas Visível e Invisível.,don't translate HKI 7 Cloud
settings_extra_policy_needs_component_update_room_follow,string,,Permissions saved. Update HKI 7 Cloud to also store the room following settings.,Permissões guardadas. Atualize o HKI 7 Cloud para guardar também as definições de seguimento de divisões.,don't translate HKI 7 Cloud
settings_extra_policy_needs_component_update_events,string,,"Permissions saved, but this HKI 7 Cloud is too old to hide events from this person — they would see the whole timeline. Update it to apply the restriction.","Permissões guardadas, mas esta nuvem HKI 7 é demasiado antiga para ocultar eventos desta pessoa – veria toda a linha temporal. Atualize-o para aplicar a restrição.",don't translate HKI 7 Cloud
settings_extra_tab_presence,string,,Presence,Presença,
settings_extra_tab_events,string,,Events,Eventos,
settings_extra_events_title,string,,Event timeline,Cronograma do evento,
settings_extra_events_description,string,,"Choose which entities the family sees recent activity for, in the Events tab of the notification drawer. Set once here rather than on each phone. This hides the timeline, not the entities — anyone signed in to Home Assistant can still read them there.","Escolha para que entidades a família vê as atividades recentes, no separador Eventos da gaveta de notificações. Defina uma vez aqui e não em cada telefone. Isto oculta a linha do tempo, não as entidades – qualquer pessoa ligada ao Home Assistant ainda pode lê-las lá.",don't translate Home Assistant
settings_extra_events_loading,string,,Loading the roster…,Carregando a lista…,
settings_extra_events_unavailable,string,,Could not read the roster from HKI 7 Cloud.,Não foi possível ler a lista do HKI 7 Cloud.,don't translate HKI 7 Cloud
settings_extra_events_empty,string,,No entities are being tracked yet.,Nenhuma entidade está a ser rastreada ainda.,
settings_extra_events_choose,string,,Choose entities,Escolha entidades,
settings_extra_events_edit,string,,Edit entities,Editar entidades,
settings_extra_events_pick_title,string,,Entities to show events for,Entidades para mostrar eventos,
settings_extra_events_save_failed,string,,Could not save the event roster.,Não foi possível guardar a lista do evento.,
settings_extra_events_capped,string,,Saved %1$d entities and %2$d domains. The timeline roster is capped.,%1$d entidades e domínios %2$d guardados. A lista da linha do tempo está limitada.,keep %1$d %2$d
settings_extra_events_whole_domain,string,,All %1$s (%2$d entities),Todas as %1$s (entidades %2$d),keep %1$s %2$d
settings_extra_events_resolved_capped,string,,"This roster covers %2$d entities, but a timeline subscribes to at most %1$d. Remove a domain, or add entities by name instead.","Esta lista cobre as entidades %2$d, mas uma linha de tempo inscreve-se no máximo em %1$d. Remova um domínio ou adicione entidades por nome.",keep %2$d %1$d
settings_extra_events_per_person_title,string,,Who sees what,Quem vê o que,
settings_extra_events_per_person_description,string,,Everyone sees the whole timeline unless you take something out of it for them.,"Toda a gente vê toda a linha do tempo, a menos que se tire algo dela para eles.",
settings_extra_events_sees_everything,string,,Sees the whole timeline,Vê toda a linha do tempo,
settings_extra_events_hidden_count,string,,%1$d hidden,%1$d oculto,keep %1$d
settings_extra_events_manage,string,,Manage,Gerir,
settings_extra_events_hidden_title,string,,Hide from this person,Esconda-se desta pessoa,
settings_extra_events_notifications_hint,string,,"The Events tab in the notification drawer shows recent activity for the entities your family admin chose. It is set for the whole family in Family Sharing, not per device.","O separador Eventos na gaveta de notificações mostra as atividades recentes das entidades escolhidas pelo administrador da família. Está definido para toda a família na Partilha Familiar, não por dispositivo.",
settings_extra_events_open_family_sharing,string,,Open Family Sharing,Abrir Partilha Familiar,
settings_extra_room_follow_title,string,,Room following,Seguimento de divisões,
settings_extra_room_follow_description,string,,"Pick the room-presence sensor that tracks each person's phone, such as an ESPresense sensor. The app opens the room they are in and offers to follow them as they move.","Escolha o sensor de presença que segue o telemóvel de cada pessoa, como um sensor ESPresense. A aplicação abre a divisão onde ela está e propõe segui-la quando se desloca.",
settings_extra_room_follow_sensor,string,,Presence sensor,Sensor de presença,
settings_extra_room_follow_none,string,,No sensor,Sem sensor,
settings_extra_room_follow_enabled,string,,Follow this person between rooms,Seguir esta pessoa entre divisões,
settings_extra_room_follow_open_on_launch,string,,Open their room when the app starts,Abrir a divisão dela ao iniciar a aplicação,
settings_extra_room_follow_continue_after_launch,string,,Keep following while the app is open,Continue acompanhando enquanto o aplicativo estiver aberto,
settings_extra_room_follow_continue_after_launch_hint,string,,"Turn off to only place them in the right room when the app starts, without switching rooms again while they're using it.","Desligue para colocá-los apenas no cômodo certo quando o aplicativo for iniciado, sem trocar de cômodo novamente enquanto o estiverem usando.",
settings_extra_room_follow_prompt_on_move,string,,Ask before switching rooms,Perguntar antes de mudar de divisão,
settings_extra_room_follow_dwell,string,,Wait before a move counts,Espera antes de contar uma mudança,
settings_extra_room_follow_dwell_value,string,,%1$d s,%1$d s,keep %1$d
settings_extra_room_follow_dwell_hint,string,,Room-presence sensors drift between nearby rooms. A longer wait means fewer false moves.,Os sensores de presença oscilam entre divisões vizinhas. Uma espera maior reduz as mudanças falsas.,
settings_extra_room_follow_rooms,string,,Sensor states,Estados do sensor,
settings_extra_room_follow_rooms_matched,string,,Matched automatically,Associado automaticamente,
settings_extra_room_follow_rooms_unmatched,string,,Pick a room,Escolher uma divisão,
settings_extra_room_follow_no_states,string,,No states seen yet. States appear here once the sensor reports them.,Ainda sem estados. Aparecem aqui assim que o sensor os comunicar.,
room_follow_moved_title,string,,You moved to %1$s,Passou para %1$s,keep %1$s
room_follow_moved_message,string,,"Switch to that room, or stay where you are?",Mudar para essa divisão ou ficar aqui?,
room_follow_moved_switch,string,,Switch,Mudar,
room_follow_moved_stay,string,,Stay,Ficar,
room_follow_moved_silence,string,,Don't ask again until I restart the app,Não perguntar novamente até reiniciar a aplicação,
settings_extra_rename_dashboard,string,,Rename %1$s,Renomear %1$s,keep %1$s
settings_extra_rename_instance,string,,Rename %1$s,Renomear %1$s,keep %1$s
settings_extra_restart_home_assistant_failed,string,,Could not restart Home Assistant.,Não foi possível reiniciar o Home Assistant.,don't translate Home Assistant
settings_extra_restore_failed,string,,Restore failed: %1$s,Falha ao restaurar: %1$s,keep %1$s
settings_extra_selected_file_open_failed,string,,Could not open the selected file,Não foi possível abrir o ficheiro selecionado,
settings_extra_set_dashboard_default,string,,Set %1$s as the default dashboard,Definir %1$s como painel predefinido,keep %1$s
settings_extra_family_device_forget_failed,string,,Could not forget “%1$s.”,Não poderia esquecer “%1$s.”,keep %1$s
settings_extra_shared_dashboard_access_failed,string,,Could not change who can see “%1$s.”,Não foi possível alterar quem pode ver “%1$s.”,keep %1$s
settings_extra_shared_dashboard_access_updated,string,,Updated who can see “%1$s.”,Atualizado quem pode ver “%1$s.”,keep %1$s
settings_extra_shared_dashboard_delete_failed,string,,Could not delete “%1$s.”,Não foi possível eliminar “%1$s.”,keep %1$s
settings_extra_shared_dashboard_deleted,string,,“%1$s” was deleted from the cloud.,“%1$s” foi eliminado da nuvem.,keep %1$s
settings_extra_shared_dashboard_import_failed,string,,Could not import “%1$s.”,Não foi possível importar “%1$s.”,keep %1$s
settings_extra_shared_dashboard_imported,string,,“%1$s” was imported into your dashboards.,“%1$s” foi importado para os seus painéis.,keep %1$s
settings_extra_shared_dashboard_now_using,string,,Now using “%1$s.”,A usar agora “%1$s.”,keep %1$s
settings_extra_shared_dashboard_use_failed,string,,Could not use “%1$s.”,Não foi possível usar “%1$s.”,keep %1$s
settings_extra_shared_dashboards_up_to_date,string,,Shared dashboards are already up to date.,Os painéis partilhados já estão atualizados.,
settings_extra_show_tab,string,,Show tab,Mostrar separador,
settings_extra_tab_dashboards,string,,Dashboards,Painéis,
settings_extra_tab_devices,string,,Devices,Dispositivos,
settings_extra_tab_parental_controls,string,,Parental controls,Controlo parental,
settings_extra_tab_permissions,string,,Permissions,Permissões,
settings_extra_technology_kotlin,string,,Kotlin,Kotlin,
settings_extra_technology_xml_kotlin_dsl,string,,XML and Kotlin DSL,XML e Kotlin DSL,
settings_extra_theme_amber,string,,Amber,Âmbar,
settings_extra_theme_auto,string,,Auto,Automático,
settings_extra_theme_blue,string,,Blue,Azul,
settings_extra_theme_custom,string,,Custom,Personalizado,
settings_extra_theme_dark,string,,Dark,Escuro,
settings_extra_theme_green,string,,Green,Verde,
settings_extra_theme_light,string,,Light,Claro,
settings_extra_theme_rose,string,,Rose,Rosa,
settings_extra_theme_system,string,,System,Sistema,
settings_extra_unknown_error,string,,Unknown error,Erro desconhecido,
settings_extra_unrestricted_recommended,string,,Unrestricted (recommended),Sem restrições (recomendado),
settings_extra_view_battery,string,,Battery,Bateria,
settings_extra_view_climate,string,,Climate,Clima,
settings_extra_view_energy,string,,Energy,Energia,
settings_extra_view_rooms,string,,Rooms,Divisões,
settings_extra_view_security,string,,Security,Segurança,
settings_extra_minutes_ago,plural,one,%1$d minute ago,há %1$d minuto,keep %1$d
settings_extra_minutes_ago,plural,other,%1$d minutes ago,há %1$d minutos,keep %1$d
settings_extra_hours_ago,plural,one,%1$d hour ago,há %1$d hora,keep %1$d
settings_extra_hours_ago,plural,other,%1$d hours ago,há %1$d horas,keep %1$d
settings_extra_days_ago,plural,one,%1$d day ago,há %1$d dia,keep %1$d
settings_extra_days_ago,plural,other,%1$d days ago,há %1$d dias,keep %1$d
settings_extra_shared_dashboards_pushed,plural,one,Pushed changes to %1$d shared dashboard.,Alterações enviadas para %1$d painel partilhado.,keep %1$d
settings_extra_shared_dashboards_pushed,plural,other,Pushed changes to %1$d shared dashboards.,Alterações enviadas para %1$d painéis partilhados.,keep %1$d
family_permission_reimport,string,,Allow re-importing,Permitir reimportação,
family_permission_reimport_subtitle,string,,"Let this person manually re-import or clear Rooms, Climate, Security, Energy, and Battery data","Permitir que esta pessoa reimporte ou limpe manualmente os dados de Divisões, Clima, Segurança, Energia e Bateria",
family_dashboard_create_disabled_reason,string,,Your family administrator has disabled dashboard creation. This account can only use family-shared dashboards.,O administrador da família desativou a criação de painéis. Esta conta só pode usar painéis familiares partilhados.,
family_dashboard_restore_disabled_reason,string,,"Your family administrator has disabled dashboard switching. Restoring a backup could replace the family dashboard, so this account can only select a shared dashboard.","O administrador da família desativou a mudança de painel. Restaurar uma cópia pode substituir o painel familiar, por isso esta conta só pode escolher um painel partilhado.",
family_settings_admin_only,string,,Locked — only a Home Assistant administrator can manage family sharing,Bloqueado — apenas um administrador do Home Assistant pode gerir a partilha familiar,don't translate Home Assistant
family_aesthetics_only_explanation,string,,"Aesthetics-only access allows local names, icons, colors, backgrounds, card styles, shapes, sizes, and layout. Entities, actions, visibility rules, content, controls, and other behavior remain managed by the dashboard owner.","O acesso apenas estético permite nomes, ícones, cores, fundos, estilos de cartões, formas, tamanhos e disposição locais. Entidades, ações, regras de visibilidade, conteúdo, controlos e outros comportamentos continuam a ser geridos pelo proprietário do painel.",
parental_search_access_title,string,,Entity search access,Acesso à pesquisa de entidades,
parental_search_access_hint,string,,Choose which Home Assistant domains or individual entities this person can find in global search. Invisible selections always take precedence.,Escolha os domínios do Home Assistant ou entidades individuais que esta pessoa pode encontrar na pesquisa global. As seleções invisíveis têm sempre prioridade.,don't translate Home Assistant
parental_search_visible_title,string,,Visible,Visível,
parental_search_invisible_title,string,,Invisible,Invisível,
parental_search_visible_empty,string,,All entities are visible unless they appear in the Invisible list.,"Todas as entidades são visíveis, exceto as incluídas na lista Invisível.",
parental_search_invisible_empty,string,,No entities are explicitly hidden.,Nenhuma entidade está explicitamente oculta.,
parental_search_picker_subtitle,string,,Select entire domains or individual entities,Selecione domínios completos ou entidades individuais,
parental_search_domains,string,,Domains,Domínios,
parental_search_entire_domain,string,,Entire domain,Domínio completo,
parental_search_domain_chip,string,,Domain: %1$s,Domínio: %1$s,keep %1$s
uif_a_state,string,,a state,um estado,
uif_a_time,string,,a time,uma hora,
uif_actions,string,,Actions,Ações,
uif_active,string,,Active,Ativo,
uif_adaptive,string,,Adaptive,Adaptativa,
uif_advanced,string,,Advanced,Avançado,
uif_air_quality,string,,Air quality,Qualidade do ar,
uif_alarm,string,,Alarm,Alarme,
uif_alarms,string,,Alarms,Alarmes,
uif_allow,string,,Allow,Permitir,
uif_allow_all_the_time,string,,Allow all the time,Permitir sempre,
uif_and_separator,string,,\u0020and\u0020, e ,
uif_appearance,string,,Appearance,Aparência,
uif_aqi,string,,AQI,IQA,
uif_auto,string,,Auto,Auto,
uif_back,string,,Back,Voltar,
uif_beep,string,,Beep,Bip,
uif_brightness,string,,Brightness,Brilho,
uif_bucket,string,,Bucket,Balde,
uif_choose_action,string,,Choose action,Escolher ação,
uif_choose_entity,string,,Choose entity,Escolher entidade,
uif_choose_target,string,,Choose target,Escolher destino,
uif_circle,string,,Circle,Círculo,
uif_color,string,,Color,Cor,
uif_date,string,,Date,Data,
uif_date_and_time,string,,Date and time,Data e hora,
uif_defrost,string,,Defrost,Descongelar,
uif_devices_on,string,,Devices on,Dispositivos ligados,
uif_direction_east_short,string,,E,E,
uif_direction_north_short,string,,N,N,
uif_direction_northeast_short,string,,NE,NE,
uif_direction_northwest_short,string,,NW,NO,
uif_direction_south_short,string,,S,S,
uif_direction_southeast_short,string,,SE,SE,
uif_direction_southwest_short,string,,SW,SO,
uif_direction_west_short,string,,W,O,
uif_display,string,,Display,Visualização,
uif_edit,string,,Edit,Editar,
uif_enable,string,,Enable,Ativar,
uif_enable_location,string,,Enable location,Ativar localização,
uif_enabled,string,,Enabled,Ativado,
uif_entities,string,,Entities,Entidades,
uif_error,string,,Error,Erro,
uif_fan_speed,string,,Fan speed,Velocidade da ventoinha,
uif_feels_like_temperature,string,,Feels like %1$d°,Sensação térmica %1$d°,keep %1$d
uif_filter,string,,Filter,Filtro,
uif_fire,string,,Fire,Fogo,
uif_flow_actions_available,string,,Actions available in Home Assistant,Ações disponíveis no Home Assistant,don't translate Home Assistant
uif_flow_actions_load_failed,string,,Could not load Home Assistant actions,Não foi possível carregar as ações do Home Assistant,don't translate Home Assistant
uif_flow_advanced_block_unchanged,string,,Advanced block (kept unchanged),Bloco avançado (mantido inalterado),
uif_flow_after_format,string,,After (HH:MM:SS),Depois de (HH:MM:SS),
uif_flow_after_time,string,,after %1$s,depois de %1$s,keep %1$s
uif_flow_at_time,string,,At %1$s,Às %1$s,keep %1$s
uif_flow_automation_delete_failed,string,,Could not delete this automation,Não foi possível eliminar esta automação,
uif_flow_automation_deleted,string,,Deleted from Home Assistant,Eliminado do Home Assistant,don't translate Home Assistant
uif_flow_automation_load_failed,string,,Could not load this automation,Não foi possível carregar esta automação,
uif_flow_automation_save_failed,string,,Could not save this automation,Não foi possível guardar esta automação,
uif_flow_automation_saved,string,,Saved and loaded in Home Assistant,Guardado e carregado no Home Assistant,don't translate Home Assistant
uif_flow_before_format,string,,Before (HH:MM:SS),Antes de (HH:MM:SS),
uif_flow_before_time,string,,before %1$s,antes de %1$s,keep %1$s
uif_flow_domain_actions_first,string,,%1$s actions are shown first,As ações de %1$s aparecem primeiro,keep %1$s
uif_flow_entity_becomes_state,string,,%1$s becomes %2$s,%1$s fica %2$s,keep %1$s %2$s
uif_flow_entity_is_state,string,,%1$s is %2$s,%1$s é %2$s,keep %1$s %2$s
uif_flow_entity_state,string,,Entity state,Estado da entidade,
uif_flow_ha_action,string,,Home Assistant action,Ação do Home Assistant,don't translate Home Assistant
uif_flow_mode_parallel,string,,Parallel,Paralelo,
uif_flow_mode_parallel_description,string,,Start every trigger as a separate run at the same time.,Inicia cada gatilho como uma execução separada ao mesmo tempo.,
uif_flow_mode_queued,string,,Queued,Em fila,
uif_flow_mode_queued_description,string,,"Wait, then run each trigger in the order it arrived.",Aguarda e depois executa cada gatilho pela ordem em que chegou.,
uif_flow_mode_restart,string,,Restart,Reiniciar,
uif_flow_mode_restart_description,string,,Stop the current run and start again when conditions still pass.,Para a execução atual e recomeça quando as condições ainda se verificam.,
uif_flow_mode_single,string,,Single,Único,
uif_flow_mode_single_description,string,,Ignore a new trigger while this flow is still running.,Ignora um novo gatilho enquanto este fluxo ainda está em execução.,
uif_flow_perform_ha_action,string,,Perform a Home Assistant action,Executar uma ação do Home Assistant,don't translate Home Assistant
uif_flow_section_and_if,string,,And if,E se,
uif_flow_section_then,string,,Then,Então,
uif_flow_section_when,string,,When,Quando,
uif_flow_sun_event,string,,Sun event,Evento solar,
uif_flow_sunrise_or_sunset,string,,Sunrise or sunset,Nascer ou pôr do sol,
uif_flow_time_format,string,,Time (HH:MM:SS),Hora (HH:MM:SS),
uif_flow_time_window,string,,Time window,Janela temporal,
uif_flow_group_any,string,,Any of these,Qualquer uma destas,
uif_flow_group_all,string,,All of these,Todas estas,
uif_flow_group_none,string,,None of these,Nenhuma destas,
uif_flow_group_empty,string,,Empty — open it to add conditions,Vazio — abra o grupo para adicionar condições,
uif_flow_group_open,string,,Open group,Abrir grupo,
uif_flow_group_back,string,,Back,Voltar,
uif_flow_group_count,plural,one,%1$d condition inside,%1$d condição dentro,keep %1$d
uif_flow_group_count,plural,other,%1$d conditions inside,%1$d condições dentro,keep %1$d
uif_flow_within_time_window,string,,Within a time window,Dentro de uma janela temporal,
uif_full,string,,Full,Completo,
uif_gas,string,,Gas,Gás,
uif_glow,string,,Glow,Brilho,
uif_half,string,,Half,Metade,
uif_header_pill,string,,Header pill,Cápsula de cabeçalho,
uif_hold,string,,Hold,Manter premido,
uif_humidity,string,,Humidity,Humidade,
uif_ionizer,string,,Ionizer,Ionizador,
uif_lights_on,string,,Lights on,Luzes ligadas,
uif_mode_auto,string,,Auto,Auto,
uif_mode_away,string,,Away,Ausente,
uif_mode_baby,string,,Baby,Bebé,
uif_mode_boost,string,,Boost,Reforço,
uif_mode_clothes,string,,Clothes,Roupa,
uif_mode_comfort,string,,Comfort,Conforto,
uif_mode_continuous,string,,Continuous,Contínuo,
uif_mode_dry,string,,Dry,Seco,
uif_mode_eco,string,,Eco,Eco,
uif_mode_high,string,,High,Alto,
uif_mode_home,string,,Home,Em casa,
uif_mode_laundry,string,,Laundry,Lavandaria,
uif_mode_low,string,,Low,Baixo,
uif_mode_manual,string,,Manual,Manual,
uif_mode_medium,string,,Medium,Médio,
uif_mode_normal,string,,Normal,Normal,
uif_mode_purify,string,,Purify,Purificar,
uif_mode_quiet,string,,Quiet,Silencioso,
uif_mode_sleep,string,,Sleep,Suspensão,
uif_moon,string,,Moon,Lua,
uif_moon_phase_first_quarter,string,,First quarter,Quarto crescente,
uif_moon_phase_full,string,,Full moon,Lua cheia,
uif_moon_phase_last_quarter,string,,Last quarter,Quarto minguante,
uif_moon_phase_new,string,,New moon,Lua nova,
uif_moon_phase_waning_crescent,string,,Waning crescent,Minguante crescente,
uif_moon_phase_waning_gibbous,string,,Waning gibbous,Minguante gibosa,
uif_moon_phase_waxing_crescent,string,,Waxing crescent,Crescente côncava,
uif_moon_phase_waxing_gibbous,string,,Waxing gibbous,Crescente gibosa,
uif_motion,string,,Motion,Movimento,
uif_mute,string,,Mute,Silenciar,
uif_next,string,,Next,Seguinte,
uif_none,string,,None,Nenhum,
uif_off,string,,Off,Desligado,
uif_onboarding_add_in_edit_mode,string,,Add everything yourself in Edit mode,Adicione tudo você mesmo no modo de edição,
uif_onboarding_add_internal_url_later,string,,"For a faster direct connection at home, you can add an internal URL and your home Wi-Fi networks later in Settings > Connection.","Para uma ligação direta mais rápida em casa, pode adicionar um URL interno e as suas redes Wi-Fi domésticas mais tarde em Definições > Ligação.",
uif_onboarding_add_remote_url_later,string,,"To connect while you're away from home, add a Nabu Casa or external URL later in Settings > Connection.","Para se ligar quando está fora de casa, adicione um Nabu Casa ou URL externo mais tarde em Definições > Ligação.",don't translate Nabu Casa
uif_onboarding_auto_entities,string,,"Finds suitable Climate, Security, Energy and Battery entities","Encontra entidades adequadas de Clima, Segurança, Energia e Bateria",
uif_onboarding_auto_generate,string,,Auto generate,Gerar automaticamente,
uif_onboarding_auto_rooms_floors,string,,Creates rooms and floors from Home Assistant areas,Cria divisões e andares a partir das áreas do Home Assistant,don't translate Home Assistant
uif_onboarding_building_dashboard,string,,Building dashboard…,A criar painel…,
uif_onboarding_connection_failed,string,,Connection failed,Falha na ligação,
uif_onboarding_everything_editable,string,,Everything can be changed afterward in Edit mode,Tudo pode ser alterado depois no modo de edição,
uif_onboarding_external_access_explanation,string,,HKI 7 can reach your smart home both at home and while you're away through the external URL you entered.,"A HKI 7 pode aceder à sua casa inteligente tanto em casa como quando está fora, através do URL externo que introduziu.",don't translate HKI 7
uif_onboarding_local_access_explanation,string,,Your smart home is currently available to HKI 7 only while this device can reach your local Home Assistant network.,A sua casa inteligente está atualmente disponível para a HKI 7 apenas enquanto este dispositivo conseguir aceder à sua rede local do Home Assistant.,"don't translate Home Assistant, HKI 7"
uif_onboarding_login_failed,string,,Login failed: %1$s,Falha no início de sessão: %1$s,keep %1$s
uif_onboarding_nabu_casa_access_explanation,string,,HKI 7 can reach your smart home both at home and while you're away through your Nabu Casa URL.,"A HKI 7 pode aceder à sua casa inteligente tanto em casa como quando está fora, através do seu URL Nabu Casa.","don't translate Nabu Casa, HKI 7"
uif_onboarding_no_authorization_code,string,,Login failed: Home Assistant returned no authorization code.,Falha no início de sessão: o Home Assistant não devolveu nenhum código de autorização.,don't translate Home Assistant
uif_onboarding_preparing_dashboard,string,,Preparing dashboard…,A preparar painel…,
uif_onboarding_server_http_error,string,,The server answered with HTTP %1$d,O servidor respondeu com HTTP %1$d,keep %1$d
uif_onboarding_shared_import_failed,string,,Could not import “%1$s”. Try again.,Não foi possível importar “%1$s”. Tente novamente.,keep %1$s
uif_onboarding_start_empty,string,,Start empty,Começar vazio,
uif_onboarding_starts_empty,string,,"Starts without imported rooms, widgets or view entities","Começa sem divisões, widgets ou entidades de vista importados",
uif_open,string,,Open,Aberto,
uif_open_doors,string,,Open doors,Portas abertas,
uif_open_settings,string,,Open settings,Abrir definições,
uif_open_windows,string,,Open windows,Janelas abertas,
uif_pause,string,,Pause,Pausar,
uif_percentage,string,,Percentage,Percentagem,
uif_percentage_value,string,,%1$d%%,%1$d%%,keep %1$d
uif_pick_to_auto_fill,string,,Pick to auto-fill,Escolha para preencher automaticamente,
uif_pill,string,,Pill,Cápsula,
uif_play,string,,Play,Reproduzir,
uif_playlists,string,,Playlists,Listas de reprodução,
uif_pm25,string,,PM2.5,PM2.5,
uif_presence,string,,Presence,Presença,
uif_pressure,string,,Pressure,Pressão,
uif_pressure_hpa,string,,%1$d hPa,%1$d hPa,keep %1$d
uif_previous,string,,Previous,Anterior,
uif_pulse,string,,Pulse,Pulsar,
uif_pump,string,,Pump,Bomba,
uif_rain,string,,Rain,Chuva,
uif_rain_map_camera,string,,Rain map camera,Câmara do mapa de chuva,
uif_recipe_arrive_home_description,string,,Activate a scene when someone arrives home,Ativa uma cena quando alguém chega a casa,
uif_recipe_arrive_home_title,string,,Welcome home,Bem-vindo a casa,
uif_recipe_bedtime_description,string,,Turn off a light at a chosen bedtime,Desliga uma luz a uma hora de dormir escolhida,
uif_recipe_bedtime_title,string,,Bedtime lights,Luzes para dormir,
uif_recipe_blank_description,string,,Build an automation from an empty canvas,Cria uma automação a partir de uma tela vazia,
uif_recipe_blank_title,string,,Start empty,Começar vazio,
uif_recipe_close_covers_description,string,,Close a cover when the sun sets,Fecha um estore quando o sol se põe,
uif_recipe_close_covers_title,string,,Close covers at sunset,Fechar estores ao pôr do sol,
uif_recipe_entity_state_description,string,,Run an action when an entity reaches a state,Executa uma ação quando uma entidade atinge um estado,
uif_recipe_entity_state_title,string,,Entity changes,Alterações de entidade,
uif_recipe_leave_home_description,string,,Turn off a light when someone leaves home,Desliga uma luz quando alguém sai de casa,
uif_recipe_leave_home_title,string,,Leaving home,Ao sair de casa,
uif_recipe_lock_at_night_description,string,,Lock a door at a chosen time,Tranca uma porta a uma hora escolhida,
uif_recipe_lock_at_night_title,string,,Lock up at night,Trancar de noite,
uif_recipe_morning_scene_description,string,,Activate a scene at a chosen morning time,Ativa uma cena a uma hora da manhã escolhida,
uif_recipe_morning_scene_title,string,,Morning scene,Cena matinal,
uif_recipe_motion_lights_description,string,,Turn on a light when motion is detected,Liga uma luz quando é detetado movimento,
uif_recipe_motion_lights_title,string,,Motion lighting,Iluminação por movimento,
uif_recipe_open_covers_description,string,,Open a cover when the sun rises,Abre um estore quando o sol nasce,
uif_recipe_open_covers_title,string,,Open covers at sunrise,Abrir estores ao nascer do sol,
uif_recipe_schedule_description,string,,Run an action at a fixed time every day,Executa uma ação a uma hora fixa todos os dias,
uif_recipe_schedule_title,string,,At a time,A uma hora,
uif_recipe_sunrise_lights_off_description,string,,Turn off a light when the sun rises,Desliga uma luz quando o sol nasce,
uif_recipe_sunrise_lights_off_title,string,,Lights off at sunrise,Luzes desligadas ao nascer do sol,
uif_recipe_sunset_description,string,,Run an action at sunset,Executa uma ação ao pôr do sol,
uif_recipe_sunset_title,string,,Around sunset,Perto do pôr do sol,
uif_refresh,string,,Refresh,Atualizar,
uif_remove,string,,Remove,Remover,
uif_repeat,string,,Repeat,Repetir,
uif_run,string,,Run,Executar,
uif_season,string,,Season,Estação,
uif_season_autumn,string,,Autumn,Outono,
uif_season_spring,string,,Spring,Primavera,
uif_season_summer,string,,Summer,Verão,
uif_season_winter,string,,Winter,Inverno,
uif_shuffle,string,,Shuffle,Aleatório,
uif_sleep,string,,Sleep,Suspensão,
uif_smoke,string,,Smoke,Fumo,
uif_source,string,,Source,Fonte,
uif_source_device,string,,Source device,Dispositivo de origem,
uif_speed,string,,Speed,Velocidade,
uif_speed_kmh,string,,%1$d km/h,%1$d km/h,keep %1$d
uif_spin,string,,Spin,Rodar,
uif_state_active,string,,Active,Ativo,
uif_state_away,string,,Away,Ausente,
uif_state_buffering,string,,Buffering,Em buffer,
uif_state_cleaning,string,,Cleaning,A limpar,
uif_state_closed,string,,Closed,Fechado,
uif_state_docked,string,,Docked,Na base,
uif_state_error,string,,Error,Erro,
uif_state_home,string,,Home,Em casa,
uif_state_idle,string,,Idle,Inativo,
uif_state_locked,string,,Locked,Trancado,
uif_state_off,string,,Off,Desligado,
uif_state_on,string,,On,Ligado,
uif_state_open,string,,Open,Aberto,
uif_state_paused,string,,Paused,Em pausa,
uif_state_playing,string,,Playing,A reproduzir,
uif_state_returning,string,,Returning,A regressar,
uif_state_standby,string,,Standby,Em espera,
uif_state_unavailable,string,,Unavailable,Indisponível,
uif_state_unknown,string,,Unknown,Desconhecido,
uif_state_unlocked,string,,Unlocked,Destrancado,
uif_sun,string,,Sun,Sol,
uif_sunrise,string,,Sunrise,Nascer do sol,
uif_sunset,string,,Sunset,Pôr do sol,
uif_tank,string,,Tank,Depósito,
uif_tap,string,,Tap,Toque,
uif_third,string,,Third,Terço,
uif_time,string,,Time,Hora,
uif_unknown,string,,Unknown,Desconhecido,
uif_update_failed,string,,Could not update %1$s,Não foi possível atualizar %1$s,keep %1$s
uif_updated,string,,%1$s updated,%1$s atualizado,keep %1$s
uif_weather,string,,Weather,Meteorologia,
uif_wind,string,,Wind,Vento,
uif_active_device_count,plural,one,%1$d active device,%1$d dispositivo ativo,keep %1$d
uif_active_device_count,plural,other,%1$d active devices,%1$d dispositivos ativos,keep %1$d
uif_adaptive_group_paused_count,plural,one,%1$d group light is paused for manual control.,%1$d luz de grupo em pausa para controlo manual.,keep %1$d
uif_adaptive_group_paused_count,plural,other,%1$d group lights are paused for manual control.,%1$d luzes de grupo em pausa para controlo manual.,keep %1$d
uif_adaptive_profile_light_count,plural,one,Controls %1$d light in this profile.,Controla %1$d luz neste perfil.,keep %1$d
uif_adaptive_profile_light_count,plural,other,Controls %1$d lights in this profile.,Controla %1$d luzes neste perfil.,keep %1$d
uif_days_to_season,plural,one,%1$d day to %2$s,%1$d dia para %2$s,keep %1$d %2$s
uif_days_to_season,plural,other,%1$d days to %2$s,%1$d dias para %2$s,keep %1$d %2$s
uif_device_on_count,plural,one,%1$d device on,%1$d dispositivo ligado,keep %1$d
uif_device_on_count,plural,other,%1$d devices on,%1$d dispositivos ligados,keep %1$d
uif_fire_detector_count,plural,one,%1$d fire detector active,%1$d detetor de incêndio ativo,keep %1$d
uif_fire_detector_count,plural,other,%1$d fire detectors active,%1$d detetores de incêndio ativos,keep %1$d
uif_flow_advanced_block_count,plural,one,%1$d advanced shorthand block (kept unchanged),%1$d bloco abreviado avançado (mantido inalterado),keep %1$d
uif_flow_advanced_block_count,plural,other,%1$d advanced shorthand blocks (kept unchanged),%1$d blocos abreviados avançados (mantidos inalterados),keep %1$d
uif_gas_detector_count,plural,one,%1$d gas detector active,%1$d detetor de gás ativo,keep %1$d
uif_gas_detector_count,plural,other,%1$d gas detectors active,%1$d detetores de gás ativos,keep %1$d
uif_light_on_count,plural,one,%1$d light on,%1$d luz ligada,keep %1$d
uif_light_on_count,plural,other,%1$d lights on,%1$d luzes ligadas,keep %1$d
uif_media_item_count,plural,one,%1$d item,%1$d item,keep %1$d
uif_media_item_count,plural,other,%1$d items,%1$d itens,keep %1$d
uif_motion_sensor_count,plural,one,%1$d motion sensor active,%1$d sensor de movimento ativo,keep %1$d
uif_motion_sensor_count,plural,other,%1$d motion sensors active,%1$d sensores de movimento ativos,keep %1$d
uif_open_door_count,plural,one,%1$d open door,%1$d porta aberta,keep %1$d
uif_open_door_count,plural,other,%1$d open doors,%1$d portas abertas,keep %1$d
uif_open_window_count,plural,one,%1$d open window,%1$d janela aberta,keep %1$d
uif_open_window_count,plural,other,%1$d open windows,%1$d janelas abertas,keep %1$d
uif_presence_sensor_count,plural,one,%1$d presence sensor active,%1$d sensor de presença ativo,keep %1$d
uif_presence_sensor_count,plural,other,%1$d presence sensors active,%1$d sensores de presença ativos,keep %1$d
uif_smoke_detector_count,plural,one,%1$d smoke detector active,%1$d detetor de fumo ativo,keep %1$d
uif_smoke_detector_count,plural,other,%1$d smoke detectors active,%1$d detetores de fumo ativos,keep %1$d
weather_animate_title,string,,Animated weather,Clima animado,
weather_animate_description,string,,"Where the full-colour weather artwork plays. Turn a surface off to show its still artwork instead — the forecast strips are the ones that cost the most, since they animate a dozen icons side by side.","Onde a arte meteorológica colorida é reproduzida. Em vez disso, desligue uma superfície para mostrar a sua arte estática – as faixas de previsão são as que custam mais, pois animam uma dúzia de ícones lado a lado.",
weather_animate_applies_everywhere,string,,"These apply to this device everywhere weather is shown, not just to this pill. The same switches are in Settings › Appearance › Icons.","Isto aplica-se a este dispositivo em todos os lugares onde o tempo é mostrado, não apenas a esta pílula. As mesmas opções estão em Definições › Aparência › Ícones.",
weather_animate_pill,string,,Header pill,Pílula de cabeçalho,
weather_animate_pill_description,string,,The small weather icon beside the dashboard title.,O pequeno ícone do tempo junto ao título do painel.,
weather_animate_dialog,string,,Weather dialog,Diálogo de clima,
weather_animate_dialog_description,string,,The large icon on the current-weather card when you open the weather.,O ícone grande no cartão de previsão meteorológica atual quando abre a previsão meteorológica.,
weather_animate_forecast,string,,Forecast strips,Faixas de previsão,
weather_animate_forecast_description,string,,"The daily and hourly rows, in the dialog and on the dashboard.","As linhas diárias e horárias, na caixa de diálogo e no painel.",
weather_animate_widget,string,,Weather widget,Widget meteorológico,
weather_animate_widget_description,string,,The weather card on the dashboard itself.,O cartão meteorológico no próprio painel.,
widgets_tab_content,string,,Content,Conteúdo,
widgets_tab_appearance,string,,Appearance,Aparência,
widgets_tab_data,string,,Data,Dados,
widgets_tab_chart,string,,Chart,Gráfico,
widgets_tab_graphs,string,,Graphs,Gráficos,
widgets_tab_layout,string,,Layout,Disposição,
widgets_tab_data_sources,string,,Data sources,Fontes de dados,
widgets_remove,string,,Remove,Remover,
widgets_reimport,string,,Re-import,Reimportar,
widgets_unavailable,string,,Unavailable,Indisponível,
widgets_today,string,,Today,Hoje,
widgets_tomorrow,string,,Tomorrow,Amanhã,
widgets_yesterday,string,,Yesterday,Ontem,
widgets_today_initial,string,,T,H,
widgets_date_range,string,,%1$s – %2$s,%1$s – %2$s,keep %1$s %2$s
widgets_iframe_title,string,,iFrame,iFrame,
widgets_iframe_subtitle,string,,Embed a web page on your dashboard,Incorpore uma página web no seu painel,
widgets_ratio_square,string,,Square,Quadrado,
widgets_ratio_wide,string,,Wide,Largo,
widgets_ratio_tall,string,,Tall,Alto,
widgets_markdown_title,string,,Markdown,Markdown,
widgets_markdown_subtitle,string,,Content and card appearance,Conteúdo e aparência do cartão,
widgets_media_player_title,string,,Media player,Leitor de média,
widgets_media_player_subtitle,string,,"Source, layout, and artwork","Fonte, disposição e arte",
widgets_stat_min,string,,Min,Mín.,
widgets_stat_average,string,,Avg,Méd.,
widgets_stat_max,string,,Max,Máx.,
widgets_sensor_graph_title,string,,Sensor graph,Gráfico de sensor,
widgets_sensor_graph_subtitle,string,,"Entities, chart style, and appearance","Entidades, estilo do gráfico e aparência",
widgets_sensor_graph_stack_title,string,,Sensor graph stack,Pilha de gráficos de sensor,
widgets_sensor_graph_stack_subtitle,string,,Grouped charts and stack layout,Gráficos agrupados e disposição em pilha,
widgets_graph_sensor_count,plural,one,Graph %1$d · %2$d sensor,Gráfico %1$d · %2$d sensor,keep %1$d %2$d
widgets_graph_sensor_count,plural,other,Graph %1$d · %2$d sensors,Gráfico %1$d · %2$d sensores,keep %1$d %2$d
widgets_calendar_title,string,,Calendar,Calendário,
widgets_calendar_subtitle,string,,"Calendars, default view, and appearance","Calendários, vista predefinida e aparência",
widgets_calendar_agenda,string,,Agenda,Agenda,
widgets_calendar_week,string,,Week,Semana,
widgets_calendar_month,string,,Month,Mês,
widgets_calendar_no_entity,string,,No calendar entity available,Nenhuma entidade de calendário disponível,
widgets_calendar_no_upcoming_events,string,,No events in the coming days,Nenhum evento nos próximos dias,
widgets_calendar_no_events_for,string,,No events for %1$s,Nenhum evento para %1$s,keep %1$s
widgets_calendar_all_day,string,,All day,Todo o dia,
widgets_calendar_time_unknown,string,,Time unknown,Hora desconhecida,
widgets_vacuum_state_cleaning,string,,Cleaning,A limpar,
widgets_vacuum_state_docked,string,,Docked,Na base,
widgets_vacuum_state_paused,string,,Paused,Em pausa,
widgets_vacuum_state_error,string,,Error,Erro,
widgets_vacuum_state_returning,string,,Returning to dock,A regressar à base,
widgets_vacuum_dock,string,,Dock,Base,
widgets_vacuum_start,string,,Start,Iniciar,
widgets_vacuum_pause,string,,Pause,Pausar,
widgets_vacuum_stop,string,,Stop,Parar,
widgets_vacuum_locate,string,,Locate,Localizar,
widgets_vacuum_page_status,string,,%1$d/%2$d · %3$s,%1$d/%2$d · %3$s,keep %1$d %2$d %3$s
widgets_vacuum_fan_speed,string,,Fan speed,Velocidade da ventoinha,
widgets_vacuum_water_level,string,,Water level,Nível de água,
widgets_vacuum_map,string,,Vacuum map,Mapa do aspirador,
widgets_vacuum_room_number,string,,Room %1$d,Divisão %1$d,keep %1$d
widgets_vacuum_room_label,string,,Room %1$s,Divisão %1$s,keep %1$s
widgets_vacuum_valetudo_decode_failed,string,,No Valetudo map data in this camera entity,Esta entidade de câmara não contém dados de mapa Valetudo,don't translate Valetudo
widgets_vacuum_valetudo_tap_hint,string,,Tap a room to clean it,Toque numa divisão para a limpar,
widgets_vacuum_valetudo_unmapped,string,,Map this robot's segments to areas in Home Assistant to clean a room by tapping it,Associe os segmentos deste robot a áreas no Home Assistant para limpar uma divisão com um toque,don't translate Home Assistant
widgets_vacuum_valetudo_cleaning,string,,Cleaning %1$s,A limpar %1$s,keep %1$s
widgets_waste_collection_title,string,,Waste collection,Recolha de resíduos,
widgets_waste_collection_subtitle,string,,"Sensors, calendar, and appearance","Sensores, calendário e aparência",
widgets_waste_sensor_picture_help,string,,Shows the sensor’s entity_picture (falls back to the type icon when no picture is available).,Mostra o entity_picture do sensor (usa o ícone do tipo quando não há imagem disponível).,
ui_people_dialog_title,string,,People,Pessoas,
widgets_f1_title,string,,Formula 1,Fórmula 1,
widgets_f1_subtitle,string,,"Race weekend, standings, and results","Fim de semana de corrida, classificação e resultados",
widgets_f1_sources_subtitle,string,,Read from the F1 Sensor integration,Leia a partir da integração do sensor F1,
widgets_f1_tab_next,string,,Next race,Próxima corrida,
widgets_f1_tab_calendar,string,,Calendar,Calendário,
widgets_f1_tab_standings,string,,Standings,Classificação,
widgets_f1_tab_grid,string,,Grid,Grade,
widgets_f1_tab_results,string,,Results,Resultados,
widgets_f1_tab_live,string,,Live,Ao vivo,
widgets_f1_drivers,string,,Drivers,Motoristas,
widgets_f1_constructors,string,,Constructors,Construtores,
widgets_f1_prediction,string,,Prediction,Previsão,
widgets_f1_schedule,string,,Session schedule,Agenda da sessão,
widgets_f1_race_control,string,,Race control,Controle de corrida,
widgets_f1_timing,string,,Timing,Tempo,
widgets_f1_round,string,,Round %1$s,Rodada %1$s,keep %1$s
widgets_f1_lap_short,string,,Lap %1$s,Volta %1$s,keep %1$s
widgets_f1_lap_of,string,,Lap %1$d / %2$d,Volta %1$d / %2$d,keep %1$d %2$d
widgets_f1_wins_short,string,,%1$s wins,%1$s vitórias,keep %1$s
widgets_f1_points_wins_legend,string,,Right-hand column shows championship points.,A coluna da direita mostra os pontos do campeonato.,
widgets_f1_prediction_now,string,,Now: %1$s pts,Agora: %1$s pontos,keep %1$s
widgets_f1_prediction_legend,string,,Right-hand column shows predicted final points. Needs F1TV Auth in F1 Sensor.,A coluna da direita mostra os pontos finais previstos. Precisa de autenticação F1TV no sensor F1.,
widgets_f1_status_pit,string,,In pit,No poço,
widgets_f1_status_out,string,,Retired,Aposentado,
widgets_f1_no_calendar,string,,No season schedule available yet,Ainda não há calendário da temporada disponível,
widgets_f1_no_grid,string,,No starting grid available yet,Ainda não há grid de largada disponível,
widgets_f1_no_prediction,string,,No championship prediction available. Needs F1TV Auth in F1 Sensor.,Nenhuma previsão de campeonato disponível. Precisa de autenticação F1TV no sensor F1.,
widgets_f1_lights_out_in,string,,Lights out in %1$s,Luzes apagadas em %1$s,keep %1$s
widgets_f1_next_in,string,,%1$s · %2$s,%1$s · %2$s,keep %1$s %2$s
widgets_f1_in_days_hours,string,,in %1$dd %2$dh,em %1$dd %2$dh,keep %1$d %2$d
widgets_f1_in_hours_minutes,string,,in %1$dh %2$dm,em %1$dh %2$dm,keep %1$d %2$d
widgets_f1_in_minutes,string,,in %1$dm,em %1$dm,keep %1$d
widgets_f1_no_upcoming,string,,No upcoming race,Nenhuma próxima corrida,
widgets_f1_today_at,string,,Today %1$s,Hoje %1$s,keep %1$s
widgets_f1_tomorrow_at,string,,Tomorrow %1$s,Amanhã %1$s,keep %1$s
widgets_f1_time_unknown,string,,Time to be confirmed,Hora de confirmar,
widgets_f1_sensors_used,string,,"This widget uses the next race, season calendar, starting grid, driver and constructor standings, last race results, weather, and — during a session — track status, session status, race control, driver positions, and current tyres. It also shows a championship prediction when F1 Sensor's optional F1TV Auth is set up. Other F1 Sensor options are not needed for it.","Este widget usa a próxima corrida, calendário da temporada, grid de largada, classificação de pilotos e construtores, resultados da última corrida, clima e – durante uma sessão – status da pista, status da sessão, controle de corrida, posições do piloto e pneus atuais. Ele também mostra uma previsão do campeonato quando o F1TV Auth opcional do F1 Sensor está configurado. Outras opções de sensor F1 não são necessárias para isso.",
widgets_f1_no_standings,string,,No standings available yet,Nenhuma classificação disponível ainda,
widgets_f1_no_results,string,,No race results available yet,Nenhum resultado de corrida disponível ainda,
widgets_f1_no_race_control,string,,No race control messages,Nenhuma mensagem de controle de corrida,
widgets_f1_not_found,string,,F1 Sensor not found,Sensor F1 não encontrado,
widgets_f1_not_found_long,string,,The F1 Sensor integration was not found. Install it in Home Assistant (HACS: Nicxe/f1_sensor) and its sensors are picked up automatically.,A integração do Sensor F1 não foi encontrada. Instale-o no Home Assistant (HACS: Nicxe/f1_sensor) e seus sensores serão captados automaticamente.,don't translate Home Assistant
widgets_f1_found,string,,Found %1$d F1 sensors.,Sensores %1$d F1 encontrados.,keep %1$d
widgets_f1_default_tab,string,,Opening tab,Guia de abertura,
widgets_f1_background_help,string,,"With no background image the card shows the upcoming race, with the circuit outline as a faint watermark behind it.","Sem imagem de fundo, o cartão mostra a próxima corrida, com o contorno do circuito como uma marca d’água tênue atrás dele.",
widgets_f1_session_fp1,string,,Practice 1,Prática 1,
widgets_f1_session_fp2,string,,Practice 2,Prática 2,
widgets_f1_session_fp3,string,,Practice 3,Prática 3,
widgets_f1_session_sprint_quali,string,,Sprint qualifying,Qualificação de sprint,
widgets_f1_session_sprint,string,,Sprint,Corrida,
widgets_f1_session_qualifying,string,,Qualifying,Qualificação,
widgets_f1_session_race,string,,Race,Corrida,
widgets_f1_flag_green,string,,Track clear,Rastrear claro,
widgets_f1_flag_yellow,string,,Yellow flag,Bandeira amarela,
widgets_f1_flag_red,string,,Red flag,Bandeira vermelha,
widgets_f1_flag_safety_car,string,,Safety car,Carro de segurança,
widgets_f1_flag_vsc,string,,Virtual safety car,Carro de segurança virtual,
widgets_f1_flag_chequered,string,,Chequered flag,Bandeira quadriculada,
widgets_f1_flag_unknown,string,,Not running,Não está em execução,
cr_widget_f1,string,,Formula 1,Fórmula 1,
cr_widget_f1_description,string,,"Race weekend, standings, and results","Fim de semana de corrida, classificação e resultados",
widgets_todo_title,string,,To-Do List,Lista de tarefas,
widgets_todo_shopping_title,string,,Shopping List,Lista de compras,
widgets_todo_subtitle,string,,A shared checklist your family can add to and check off,Uma lista de verificação compartilhada que sua família pode adicionar e marcar,
widgets_todo_empty,string,,No items yet,Nenhum item ainda,
widgets_todo_all_done,string,,All done,Tudo pronto,
widgets_todo_remaining,string,,%1$d of %2$d left,%1$d de %2$d restantes,keep %1$d %2$d
widgets_todo_remaining_short,string,,%1$d/%2$d,%1$d/%2$d,keep %1$d %2$d
widgets_todo_add_placeholder,string,,Add an item…,Adicione um item…,
widgets_todo_read_only,string,,You don't have permission to edit this list.,Você não tem permissão para editar esta lista.,
widgets_todo_filter_active,string,,To do,Pendência,
widgets_todo_filter_all,string,,All,Tudo,
widgets_todo_filter_done,string,,Done,Concluído,
widgets_todo_clear_completed,string,,Clear completed,Limpeza concluída,
widgets_todo_completed_section,string,,Completed (%1$d),Concluído (%1$d),keep %1$d
widgets_todo_new_category,string,,New tab,Nova guia,
widgets_todo_manage_categories,string,,Manage tabs,Gerenciar guias,
widgets_todo_edit_item,string,,Edit item,Editar item,
widgets_todo_item_text,string,,Item,Item,
widgets_todo_quantity,string,,Quantity,Quantidade,
widgets_todo_category,string,,Category,Categoria,
widgets_todo_note,string,,Note,Observação,
widgets_todo_priority,string,,Priority,Prioridade,
widgets_todo_priority_low,string,,Low,Baixo,
widgets_todo_priority_normal,string,,Normal,Normal,
widgets_todo_priority_high,string,,High,Alto,
widgets_todo_due_date,string,,Due date,Data de vencimento,
widgets_todo_clear_due_date,string,,Clear due date,Limpar data de vencimento,
widgets_todo_delete_item,string,,Delete,Eliminar,
widgets_todo_checked_by,string,,Checked by %1$s,Verificado por %1$s,keep %1$s
widgets_todo_added_by,string,,Added by %1$s,Adicionado por %1$s,keep %1$s
widgets_todo_tab_general,string,,General,Geral,
widgets_todo_tab_permissions,string,,Permissions,Permissões,
widgets_todo_list_type,string,,List type,Tipo de lista,
widgets_todo_type_todo,string,,To-do,Pendência,
widgets_todo_type_shopping,string,,Shopping,Compras,
widgets_todo_sort_mode,string,,Sort order,Ordem de classificação,
widgets_todo_sort_manual,string,,Manual,Manual,
widgets_todo_sort_alphabetical,string,,A–Z,A–Z,
widgets_todo_sort_priority,string,,Priority,Prioridade,
widgets_todo_sort_newest,string,,Newest first,O mais novo primeiro,
widgets_todo_show_completed,string,,Show completed items by default,Mostrar itens concluídos por padrão,
widgets_todo_hero_list,string,,Hero list,Lista de heróis,
widgets_todo_hero_list_hint,string,,Show this list's open items on the square card.,Mostre os itens em aberto desta lista no cartão quadrado.,
widgets_todo_permissions_subtitle,string,,"Choose who can add, check off, or remove items","Escolha quem pode adicionar, marcar ou remover itens",
widgets_todo_perm_everyone,string,,Everyone,Todos,
widgets_todo_perm_specific,string,,Specific family members,Membros específicos da família,
widgets_todo_perm_admin_only,string,,Admins only,Somente administradores,
widgets_todo_permissions_admin_required,string,,Only an admin can choose specific members,Somente um administrador pode escolher membros específicos,
widgets_todo_no_users_found,string,,No Home Assistant users found,Nenhum usuário do Home Assistant encontrado,don't translate Home Assistant
cr_widget_todo,string,,To-Do List,Lista de tarefas,
cr_widget_todo_description,string,,"Shared checklist or shopping list, editable by everyone, chosen members, or admins only","Lista de verificação ou lista de compras compartilhada, editável por todos, membros escolhidos ou apenas administradores",
widgets_find_devices_title,string,,Find my devices,Encontre meus dispositivos,
widgets_find_devices_subtitle,string,,"Devices, map, and appearance","Dispositivos, mapa e aparência",
widgets_find_devices_label,string,,Devices,Dispositivos,
widgets_find_select_devices,string,,Select devices,Selecione dispositivos,
widgets_find_sources_subtitle,string,,Trackers to show on the map,Rastreadores para mostrar no mapa,
widgets_find_gps_help,string,,Any device_tracker or person entity can be added. Those reporting GPS coordinates appear on the map; the rest are still listed with their state.,Qualquer entidade device_tracker ou pessoa pode ser adicionada. Aqueles que reportam coordenadas GPS aparecem no mapa; o restante ainda está listado com seu estado.,
widgets_find_my_devices,string,,My devices,Meus dispositivos,
widgets_find_filter_all,string,,All,Tudo,
widgets_find_filter_devices,string,,Devices,Dispositivos,
widgets_find_filter_persons,string,,People,Pessoas,
widgets_find_showing_selected,string,,Showing %1$d selected,Mostrando %1$d selecionado,keep %1$d
widgets_find_show_all,string,,Show all,Mostrar tudo,
widgets_find_none_in_filter,string,,Nothing of this kind in this widget,Nada deste tipo neste widget,
widgets_find_refresh,string,,Refresh,Atualizar,
widgets_find_summary,string,,%1$d of %2$d home,%1$d de %2$d casa,keep %1$d %2$d
widgets_find_no_devices_selected,string,,No devices selected,Nenhum dispositivo selecionado,
widgets_find_no_location,string,,None of these devices report a location yet,Nenhum desses dispositivos informa uma localização ainda,
widgets_find_no_gps,string,,No location,Sem localização,
widgets_find_state_home,string,,Home,Início,
widgets_find_state_away,string,,Away,Ausente,
widgets_find_state_unknown,string,,Unknown,Desconhecido,
cr_widget_find_devices,string,,Find my devices,Encontre meus dispositivos,
cr_widget_find_devices_description,string,,"Map of your phones, tags, and trackers","Mapa de seus telefones, tags e rastreadores",
widgets_waste_calendar_range,string,,Calendar range,Intervalo de calendário,
widgets_waste_calendar_days,string,,%1$d days,%1$d dias,keep %1$d
widgets_waste_calendar_range_help,string,,"How far ahead the dialog's calendar looks. It is shown as a week grid, rounded out to whole weeks.","Quão longe está o calendário da caixa de diálogo. É mostrado como uma grade semanal, arredondada para semanas inteiras.",
widgets_waste_no_collection_on,string,,No collection on %1$s,Nenhuma coleta em %1$s,keep %1$s
widgets_waste_organic,string,,Organic waste,Resíduos orgânicos,
widgets_waste_packaging,string,,Packaging,Embalagens,
widgets_waste_paper,string,,Paper,Papel,
widgets_waste_residual,string,,Residual waste,Resíduos indiferenciados,
widgets_waste_glass,string,,Glass,Vidro,
widgets_waste_textiles,string,,Textiles,Têxteis,
widgets_waste_plastic,string,,Plastic,Plástico,
widgets_waste_christmas_trees,string,,Christmas trees,Árvores de Natal,
widgets_waste_bulky,string,,Bulky waste,Monos,
widgets_waste_duo_bin,string,,Duo bin,Caixote duo,
widgets_weather_title,string,,Weather,Meteorologia,
widgets_weather_subtitle,string,,"Entity, card type, and appearance","Entidade, tipo de cartão e aparência",
widgets_weather_style_current,string,,Current weather,Meteorologia atual,
widgets_weather_style_daily,string,,Daily forecast,Previsão diária,
widgets_weather_style_hourly,string,,Hourly forecast,Previsão horária,
widgets_weather_style_horizon,string,,Sunrise & sunset horizon,Horizonte do nascer e pôr do sol,
widgets_weather_style_wind,string,,Wind compass,Bússola de vento,
widgets_weather_style_rain_map,string,,Rain map (image URL),Mapa de chuva (URL de imagem),
widgets_compass_directions,array,1,N,N,
widgets_compass_directions,array,2,NNE,NNE,
widgets_compass_directions,array,3,NE,NE,
widgets_compass_directions,array,4,ENE,ENE,
widgets_compass_directions,array,5,E,E,
widgets_compass_directions,array,6,ESE,ESE,
widgets_compass_directions,array,7,SE,SE,
widgets_compass_directions,array,8,SSE,SSE,
widgets_compass_directions,array,9,S,S,
widgets_compass_directions,array,10,SSW,SSO,
widgets_compass_directions,array,11,SW,SO,
widgets_compass_directions,array,12,WSW,OSO,
widgets_compass_directions,array,13,W,O,
widgets_compass_directions,array,14,WNW,ONO,
widgets_compass_directions,array,15,NW,NO,
widgets_compass_directions,array,16,NNW,NNO,
widgets_battery_entities,string,,Battery entities,Entidades de bateria,
widgets_battery_settings,string,,Battery settings,Definições de bateria,
widgets_battery_empty_view_hint,string,,This battery view is empty. Swipe down on the header and open Battery settings to add entities manually.,Esta vista de bateria está vazia. Deslize para baixo no cabeçalho e abra Definições de bateria para adicionar entidades manualmente.,
widgets_battery_levels_title,string,,Battery levels,Níveis de bateria,
widgets_battery_levels_subtitle,string,,"Thresholds, sources, and appearance","Limiares, fontes e aparência",
widgets_battery_rules,string,,Battery rules,Regras de bateria,
widgets_battery_all,string,,All,Todas,
widgets_battery_critical,string,,Critical,Crítico,
widgets_battery_low,string,,Low,Baixa,
widgets_battery_watch,string,,Watch,Vigiar,
widgets_battery_good,string,,Good,Boa,
widgets_battery_unknown,string,,Unknown,Desconhecido,
widgets_battery_range_critical,string,,0–10%,0–10%,
widgets_battery_range_low,string,,11–30%,11–30%,
widgets_battery_range_watch,string,,31–50%,31–50%,
widgets_battery_range_good,string,,Above 50%,Acima de 50%,
widgets_battery_range_unknown,string,,Unavailable or unknown,Indisponível ou desconhecido,
widgets_battery_no_data,string,,No battery data,Sem dados de bateria,
widgets_battery_levels_unavailable,string,,Battery levels unavailable,Níveis de bateria indisponíveis,
widgets_battery_levels_healthy,string,,Battery levels look healthy,Os níveis de bateria parecem saudáveis,
widgets_battery_lowest_detail,string,,Lowest: %1$s at %2$d%%,Mais baixa: %1$s a %2$d%%,keep %1$s %2$d
widgets_battery_showing_plus,string,,Showing Battery+ devices,A mostrar dispositivos Battery+,
widgets_battery_waiting_levels,string,,Waiting for reported levels,A aguardar níveis reportados,
widgets_battery_lowest,string,,Lowest,Mais baixa,
widgets_battery_attention,string,,Attention,Atenção,
widgets_battery_tracked,string,,Tracked,Monitorizada,
widgets_battery_level,string,,Level,Nível,
widgets_battery_name,string,,Name,Nome,
widgets_battery_type,string,,Battery type,Tipo de bateria,
widgets_battery_entity,string,,Entity,Entidade,
widgets_battery_quantity,string,,Quantity,Quantidade,
widgets_battery_quantity_short,string,,Qty %1$s,Qtd. %1$s,keep %1$s
widgets_battery_device_id,string,,Device ID,ID do dispositivo,
widgets_battery_unknown_type,string,,Unknown type,Tipo desconhecido,
widgets_battery_sort_summary,string,,Sort: %1$s,Ordenar: %1$s,keep %1$s
widgets_battery_no_filters,string,,No filters active,Nenhum filtro ativo,
widgets_battery_collapse_filters,string,,Collapse filters,Reduzir filtros,
widgets_battery_expand_filters,string,,Expand filters,Expandir filtros,
widgets_battery_low_count,plural,one,%1$d low battery,%1$d bateria fraca,keep %1$d
widgets_battery_low_count,plural,other,%1$d low batteries,%1$d baterias fracas,keep %1$d
widgets_battery_critical_count,plural,one,%1$d critical battery,%1$d bateria crítica,keep %1$d
widgets_battery_critical_count,plural,other,%1$d critical batteries,%1$d baterias críticas,keep %1$d
widgets_battery_attention_count,plural,one,%1$d battery needs attention,%1$d bateria precisa de atenção,keep %1$d
widgets_battery_attention_count,plural,other,%1$d batteries need attention,%1$d baterias precisam de atenção,keep %1$d
widgets_energy_day,string,,Day,Dia,
widgets_energy_week,string,,Week,Semana,
widgets_energy_month,string,,Month,Mês,
widgets_energy_year,string,,Year,Ano,
widgets_energy_this_week,string,,This week,Esta semana,
widgets_energy_this_month,string,,This month,Este mês,
widgets_energy_this_year,string,,This year,Este ano,
widgets_energy_today_lower,string,,today,hoje,
widgets_energy_this_week_lower,string,,this week,esta semana,
widgets_energy_this_month_lower,string,,this month,este mês,
widgets_energy_this_year_lower,string,,this year,este ano,
widgets_energy_yesterday_lower,string,,yesterday,ontem,
widgets_energy_consumed_solar,string,,Consumed solar,Solar consumida,
widgets_energy_imported,string,,Imported,Importada,
widgets_energy_exported,string,,Exported,Exportada,
widgets_energy_phase_number,string,,Phase %1$d,Fase %1$d,keep %1$d
widgets_energy_forecast_number,string,,Forecast %1$d,Previsão %1$d,keep %1$d
widgets_energy_ha_forecast,string,,Home Assistant forecast,Previsão do Home Assistant,don't translate Home Assistant
widgets_battery_search,string,,Search devices,Pesquisar dispositivos,
widgets_battery_none,string,,No batteries match that search.,Nenhuma bateria corresponde a esta pesquisa.,
widgets_battery_open_page,string,,Open battery page,Abrir página da bateria,
