key,type,item,english,translation,notes
language_title,string,,Language,Dil,
language_display_title,string,,Display language,Ekran dili,
language_display_subtitle,string,,Follows your device by default; choose one to override it,Cihazınızı varsayılan olarak takip eder; geçersiz kılmak için birini seçin,
language_system,string,,System default,Sistem varsayılanı,
language_selected,string,,Selected,Seçildi,
nav_home,string,,Home,Ev,
nav_rooms,string,,Rooms,Odalar,
nav_security,string,,Security,Güvenlik,
nav_energy,string,,Energy,Enerji,
nav_climate,string,,Climate,İklim,
nav_battery,string,,Battery,Pil,
nav_settings,string,,Settings,Ayarlar,
nav_room_detail,string,,Room Detail,Oda Detayı,
settings_title_connection,string,,Connection,Bağlantı,
settings_title_profile,string,,Profile,Profil,
settings_title_location,string,,Location,Konum,
settings_title_notifications,string,,Notifications,Bildirimler,
settings_title_appearance,string,,Appearance,Dış görünüş,
settings_title_header,string,,Header,Başlık,
settings_title_theme,string,,Theme,Tema,
settings_title_fonts,string,,Fonts,Yazı tipleri,
settings_title_corners,string,,Corners,Köşeler,
settings_title_icons,string,,Icons,Simgeler,
settings_title_nav_bar,string,,Navigation Bar,Gezinme Çubuğu,
settings_title_media_players,string,,Media Players,Medya Oynatıcıları,
settings_title_dashboard,string,,Dashboard,Kontrol Paneli,
settings_title_family_sharing,string,,Family Sharing,Aile Paylaşımı,
settings_title_backup_restore,string,,Backup and Restore,Yedekleme ve Geri Yükleme,
settings_title_account,string,,Account,Hesap,
settings_title_about,string,,About HKI 7,HKI 7 Hakkında,don't translate HKI 7
settings_title_license,string,,License,Lisans,
settings_title_support,string,,Support,Destek,
settings_subtitle_menu,string,,Everything that shapes your HKI 7 experience,HKI 7 deneyiminizi şekillendiren her şey,don't translate HKI 7
settings_subtitle_account,string,,Your profile and this app installation,Profiliniz ve bu uygulama kurulumu,
settings_subtitle_profile,string,,Personal details used throughout your dashboard,Kontrol panelinizde kullanılan kişisel ayrıntılar,
settings_subtitle_connection,string,,Server routes and local-network preferences,Sunucu rotaları ve yerel ağ tercihleri,
settings_subtitle_location,string,,Presence updates and background access,Durum güncellemeleri ve arka planda erişim,
settings_subtitle_dashboard,string,,"Dashboards, tabs, media players, and popups","Kontrol panelleri, sekmeler, medya oynatıcılar ve açılır pencereler",
settings_subtitle_appearance,string,,Make the dashboard feel like yours,Kontrol panelinin size aitmiş gibi hissetmesini sağlayın,
settings_subtitle_corners,string,,"Roundness of buttons, cards, and widgets","Düğmelerin, kartların ve widget'ların yuvarlaklığı",
settings_subtitle_icons,string,,Icon animations and per-domain effects,Simge animasyonları ve etki alanı başına efektler,
settings_subtitle_header,string,,Choose whether the dashboard header is shown,Kontrol paneli başlığının gösterilip gösterilmeyeceğini seçin,
settings_subtitle_theme,string,,"Color, contrast, mode, and corner styling","Renk, kontrast, mod ve köşe stili",
settings_subtitle_fonts,string,,"Size, weight, and typeface readability","Boyut, ağırlık ve yazı tipinin okunabilirliği",
settings_subtitle_nav_bar,string,,Choose which destinations are always within reach,Hangi hedeflerin her zaman ulaşılabilir olacağını seçin,
settings_subtitle_media_players,string,,Names and mini-player visibility,İsimler ve mini oynatıcı görünürlüğü,
settings_subtitle_notifications,string,,"Push delivery, history, and service behavior","Anlık teslimat, geçmiş ve hizmet davranışı",
settings_subtitle_backup_restore,string,,Protect or move your dashboard configuration,Kontrol paneli yapılandırmanızı koruyun veya taşıyın,
settings_subtitle_family_sharing,string,,"Parental controls, dashboard sharing, and recipient permissions","Ebeveyn denetimleri, kontrol paneli paylaşımı ve alıcı izinleri",
settings_subtitle_about,string,,"The project, technology, and people behind HKI 7","HKI 7'nin arkasındaki proje, teknoloji ve kişiler",don't translate HKI 7
settings_subtitle_license,string,,Open-source community core and optional premium materials,Açık kaynak topluluk çekirdeği ve isteğe bağlı premium materyaller,
settings_subtitle_support,string,,Ways to help HKI 7 grow without buying Premium,HKI 7'nin Premium satın almadan büyümesine yardımcı olmanın yolları,don't translate HKI 7
notification_channel_general,string,,General,Genel,
location_channel_name,string,,Location sharing,Konum paylaşımı,
location_notification_title,string,,Home Assistant location,Home Assistant konumu,don't translate Home Assistant
location_notification_text,string,,Sharing your location with Home Assistant,Konumunuz Home Assistant ile paylaşılıyor,don't translate Home Assistant
push_connection_channel_name,string,,Notification connection,Bildirim bağlantısı,
push_connection_notification_title,string,,Connected to Home Assistant,Home Assistant'a bağlandı,don't translate Home Assistant
push_connection_notification_text,string,,Listening for notifications,Bildirimler bekleniyor,
parcel_title,string,,Parcels,Paketler,
parcel_generic_carrier,string,,Carrier,Taşıyıcı,
parcel_incoming,string,,Incoming,Gelen,
parcel_delivered,string,,Delivered,Teslim edildi,
parcel_outgoing,string,,Outgoing,Giden,
parcel_letters,string,,Letters,Mektuplar,
parcel_mail,string,,Mail,Posta,
parcel_summary,string,,%1$d incoming · %2$d outgoing,%1$d gelen · %2$d giden,keep %1$d %2$d
parcel_summary_with_letters,string,,%1$d incoming · %2$d outgoing · %3$d letters,%1$d gelen · %2$d giden · %3$d mektup,keep %1$d %2$d %3$d
parcel_carrier_summary_with_letters,string,,%1$d incoming · %2$d outgoing · %3$d letters,%1$d gelen · %2$d giden · %3$d mektup,keep %1$d %2$d %3$d
parcel_summary_with_letter_count,string,,%1$d incoming · %2$d outgoing · %3$s,%1$d gelen · %2$d giden · %3$s,keep %1$d %2$d %3$s
parcel_tracking_history,string,,Tracking history,Takip geçmişi,
parcel_tracking_history_subtitle,string,,Parcel journey and status updates,Gönderi geçmişi ve durum güncellemeleri,
parcel_choose_carrier_account,string,,Choose a carrier account,Taşıyıcı hesabı seç,
parcel_tab_count,string,,%1$s (%2$d),%1$s (%2$d),keep %1$s %2$d
parcel_empty_tab,string,,No %1$s parcels.,%1$s paket yok.,keep %1$s
parcel_no_incoming,string,,No incoming parcels.,Gelen paket yok.,
parcel_no_delivered,string,,No delivered parcels.,Teslim edilmiş paket yok.,
parcel_no_outgoing,string,,No outgoing parcels.,Giden paket yok.,
parcel_stage_registered,string,,Registered,Kaydedildi,
parcel_stage_sorting,string,,Sorting,Ayrıştırılıyor,
parcel_stage_on_the_way,string,,On the way,Yolda,
parcel_unknown_status,string,,Unknown status,Bilinmeyen durum,
parcel_status_in_transit,string,,In transit,Yolda,
parcel_status_out_for_delivery,string,,Out for delivery,Dağıtıma çıktı,
parcel_status_at_pickup_point,string,,Ready at pickup point,Teslim alma noktasında,
parcel_status_ready_to_send,string,,Ready to send,Gönderime hazır,
parcel_letter_preview,string,,Letter preview,Mektup önizlemesi,
parcel_carriers,string,,Carriers,Taşıyıcılar,
parcel_track_new,string,,Track a new %1$s parcel by number,Takip numarasıyla yeni bir %1$s paketi takip et,keep %1$s
parcel_choose_carrier,string,,Choose a carrier,Taşıyıcı seç,
parcel_settings_subtitle,string,,"Carrier accounts, aggregation, and appearance","Taşıyıcı hesapları, özet ve görünüm",
parcel_settings_accounts,string,,Accounts,Hesaplar,
parcel_settings_organization,string,,Organization,Düzen,
parcel_settings_appearance,string,,Appearance,Görünüm,
action_remove,string,,Remove,Kaldır,
notification_delete,string,,Delete notification,Bildirimi sil,
notification_mark_all_read,string,,Mark all as read,Tümünü okundu olarak işaretle,
notification_mark_all_unread,string,,Mark all as unread,Tümünü okunmadı olarak işaretle,
notification_delete_all,string,,Delete all,Tümünü sil,
notification_delete_all_archived,string,,Delete all archived,Arşivlenenlerin tümünü sil,
notification_unread,string,,Unread,Okunmamış,
notification_history,string,,History,Geçmiş,
notification_mark_unread,string,,Mark as unread,Okunmadı olarak işaretle,
notification_mark_read,string,,Mark as read,Okundu olarak işaretle,
notification_archive,string,,Archive,Arşivle,
notification_unarchive,string,,Unarchive,Arşivden çıkar,
notification_delete_action,string,,Delete,Sil,
entity_search_select_items,string,,Select items,Öğeleri seç,
entity_search_choose_one,string,,Search and choose one entity,Bir varlık ara ve seç,
entity_search_choose_multiple,string,,Search and select one or more entities,Bir veya daha fazla varlık ara ve seç,
global_search_title,string,,Search,Ara,
global_search_subtitle,string,,Find and control any Home Assistant device or entity,Home Assistant’taki herhangi bir cihazı veya varlığı ara ve kontrol et,don't translate Home Assistant
global_search_clear,string,,Clear search,Aramayı temizle,
global_search_no_devices,string,,No matching devices.,Eşleşen cihaz yok.,
global_search_no_entities,string,,No matching entities.,Eşleşen varlık yok.,
security_title,string,,Security,Güvenlik,
security_subtitle,string,,Home status and activity,Ev durumu ve etkinlikleri,
security_settings,string,,Security settings,Güvenlik ayarları,
security_entities,string,,Security entities,Güvenlik varlıkları,
security_reimport,string,,Re-import,Yeniden içe aktar,
security_group_doors,string,,Doors,Kapılar,
security_group_doors_subtitle,string,,Door contacts,Kapı sensörleri,
security_group_windows,string,,Windows,Pencereler,
security_group_windows_subtitle,string,,Window contacts,Pencere sensörleri,
security_group_openings,string,,Openings,Açıklıklar,
security_group_openings_subtitle,string,,Garage doors and other openings,Garaj kapıları ve diğer açıklıklar,
security_group_garage_doors,string,,Garage doors,Garaj kapıları,
security_group_garage_doors_subtitle,string,,Garage door covers,Garaj kapısı kontrolleri,
security_group_covers,string,,Covers,Panjurlar,
security_group_covers_subtitle,string,,"Blinds, shutters, and gates","Panjurlar, kepenkler ve geçitler",
security_group_locks,string,,Locks,Kilitler,
security_group_locks_subtitle,string,,Door and gate locks,Kapı ve geçit kilitleri,
security_group_motion,string,,Motion,Hareket,
security_group_motion_subtitle,string,,Motion detection,Hareket algılama,
security_group_presence,string,,Presence,Mevcudiyet,
security_group_presence_subtitle,string,,Occupancy sensors,Mevcudiyet sensörleri,
security_group_fire,string,,Fire and temperature,Yangın ve sıcaklık,
security_group_fire_subtitle,string,,"Fire, heat, cold, and safety alarms","Yangın, yüksek sıcaklık, don ve güvenlik alarmları",
security_group_smoke,string,,Smoke,Duman,
security_group_smoke_subtitle,string,,Smoke detectors,Duman dedektörleri,
security_group_gas,string,,Gas,Gaz,
security_group_gas_subtitle,string,,Combustible gas sensors,Yanıcı gaz sensörleri,
security_group_co2,string,,CO / CO₂,CO / CO₂,
security_group_co2_subtitle,string,,Carbon monoxide and carbon dioxide sensors,Karbonmonoksit ve karbondioksit sensörleri,
security_group_moisture,string,,Leaks,Su sızıntıları,
security_group_moisture_subtitle,string,,Moisture and water leaks,Nem ve su sensörleri,
security_group_sound,string,,Sound,Ses,
security_group_sound_subtitle,string,,Sound and glass-break sensors,Ses ve cam kırılma sensörleri,
security_group_light,string,,Light detection,Işık algılama,
security_group_light_subtitle,string,,Light and beam sensors,Işık ve ışın sensörleri,
security_group_alarms,string,,Alarm systems,Alarm sistemleri,
security_group_alarms_subtitle,string,,Alarm control panels,Alarm panelleri,
security_group_cameras,string,,Cameras,Kameralar,
security_group_cameras_subtitle,string,,Camera feeds,Kamera yayınları,
security_no_search_active,string,,No search active · %1$s,Etkin arama yok · %1$s,keep %1$s
security_status_alert,string,,Security alert,Güvenlik uyarısı,
security_status_alarm_pending,string,,Alarm pending,Alarm devreye alınıyor,
security_status_changing_alarm,string,,Changing alarm mode,Alarm modu değiştiriliyor,
security_status_needs_attention,string,,Needs attention,İlgilenilmesi gerekiyor,
security_status_motion,string,,Motion detected,Hareket algılandı,
security_status_sensor_activity,string,,Sensor activity,Sensör etkinliği,
security_status_alarm_unavailable,string,,Alarm unavailable,Alarm kullanılamıyor,
security_status_devices_unavailable,string,,Devices unavailable,Cihazlar kullanılamıyor,
security_status_cameras_offline,string,,Cameras offline,Kameralar çevrimdışı,
security_status_all_secure,string,,All secure,Her şey güvende,
security_status_alarm_disarmed,string,,Alarm disarmed,Alarm devre dışı,
security_status_all_clear,string,,All clear,Her şey yolunda,
security_status_no_data,string,,No security data,Güvenlik verisi yok,
security_metric_openings,string,,Openings,Açıklıklar,
security_metric_locked,string,,Locked,Kilitli,
security_metric_cameras_online,string,,Cameras online,Çevrimiçi kameralar,
security_card_title,string,,Security card,Güvenlik kartı,
security_card_subtitle,string,,"Name, layout, and card appearance","Ad, düzen ve kart görünümü",
security_stat_total,string,,Total,Toplam,
security_stat_active,string,,Active,Etkin,
security_stat_clear,string,,Clear,Temiz,
security_cover_open,string,,Open,Aç,
security_cover_stop,string,,Stop,Durdur,
security_cover_close,string,,Close,Kapat,
security_restore,string,,Restore,Geri yükle,
security_empty,string,,This is an empty security view. Swipe down on the header and open Security settings to add entities manually.,Bu güvenlik görünümü boş. Varlıkları elle eklemek için başlığı aşağı kaydır ve güvenlik ayarlarını aç.,
connection_stopping_for_restart,string,,Stopping for restart…,Yeniden başlatmak için durduruluyor…,
connection_starting,string,,Home Assistant is starting…,Home Assistant başlatılıyor…,don't translate Home Assistant
connection_restoring_dashboard,string,,Restoring your dashboard…,Kontrol panelin geri yükleniyor…,
connection_restarting,string,,Home Assistant is restarting…,Home Assistant yeniden başlatılıyor…,don't translate Home Assistant
connection_auto_generating,string,,Auto-generating rooms and widgets…,Odalar ve widget’lar otomatik olarak oluşturuluyor…,
connection_reconnecting,string,,Reconnecting to Home Assistant…,Home Assistant’a yeniden bağlanılıyor…,don't translate Home Assistant
connection_unavailable_retrying,string,,Unavailable · Retrying…,Kullanılamıyor · Yeniden deneniyor…,
connection_paused,string,,Connection paused,Bağlantı duraklatıldı,
connection_connected,string,,Connected,Bağlı,
connection_server_not_found,string,,Server address could not be found,Sunucu adresi bulunamadı,
connection_timed_out,string,,Connection timed out,Bağlantı zaman aşımına uğradı,
connection_no_route,string,,No network route to Home Assistant,Home Assistant’a giden ağ yolu yok,don't translate Home Assistant
connection_could_not_connect,string,,Could not connect to Home Assistant,Home Assistant’a bağlanılamadı,don't translate Home Assistant
connection_secure_failed,string,,Secure connection failed,Güvenli bağlantı başarısız,
connection_session_expired_refreshing,string,,Session expired · Refreshing login…,Oturumun süresi doldu · Giriş yenileniyor…,
connection_interrupted,string,,Connection was interrupted,Bağlantı kesildi,
connection_error_title,string,,Connection error,Bağlantı hatası,
connection_all_systems_normal,string,,All systems normal,Tüm sistemler normal çalışıyor,
action_undo,string,,Undo,Geri al,
action_redo,string,,Redo,Yinele,
connection_route_local,string,,Local,Yerel,
connection_route_nabu_casa,string,,Nabu Casa,Nabu Casa,don't translate Nabu Casa
connection_route_external,string,,External,Harici,
settings_connection_via,string,,Connected via %1$s,%1$s üzerinden bağlı,keep %1$s
settings_connection_unknown,string,,Unknown,Bilinmiyor,
settings_connection_connecting,string,,Connecting…,Bağlanılıyor…,
settings_this_home,string,,this home,bu ev,
settings_current_wifi,string,,Current Wi-Fi,Mevcut Wi‑Fi,
settings_wifi_unavailable,string,,Not connected or location permission is missing,Bağlı değil veya konum izni eksik,
settings_just_now,string,,just now,az önce,
settings_primary_app_language,string,,Primary application language,Birincil uygulama dili,
settings_android_build_configuration,string,,Android resources and build configuration,Android kaynakları ve derleme yapılandırması,
page_settings_default_title,string,,Page settings,Sayfa ayarları,
page_settings_choose_area,string,,Choose an area to configure,Yapılandırılacak alanı seç,
page_settings_focused_options,string,,Focused options for this page area,Bu sayfa alanına özel seçenekler,
page_settings_header_description,string,,Wallpaper and custom header color,Arka plan resmi ve özel başlık rengi,
page_settings_custom_page_description,string,,"Name, subtitle, and navigation icon","Ad, alt başlık ve gezinme simgesi",
page_settings_badge_bar,string,,Badge bar,Rozet çubuğu,
page_settings_badge_description,string,,"Visibility, alignment, and display options","Görünürlük, hizalama ve görüntüleme seçenekleri",
page_settings_persons,string,,Persons,Kişiler,
page_settings_persons_description,string,,Visibility and ordering,Görünürlük ve sıralama,
page_settings_configure,string,,Configure,Yapılandır,
room_config_title,string,,Room configuration,Oda yapılandırması,
header_pill_left,string,,Left header pill,Sol başlık düğmesi,
header_pill_right,string,,Right header pill,Sağ başlık düğmesi,
alignment_split,string,,Split,Bölünmüş,
alignment_center,string,,Center,Ortalanmış,
weather_cloudy,string,,Cloudy,Bulutlu,
home_default_markdown_content,string,,# Markdown\nOpen this widget's settings in **edit mode** to write your own content.,# Markdown\nKendi içeriğini yazmak için **düzenleme modunda** bu widget’ın ayarlarını aç.,\n = line break
home_settings_title,string,,Home settings,Ana sayfa ayarları,
custom_page_settings_title,string,,%1$s settings,%1$s ayarları,keep %1$s
home_empty,string,,This is the homepage. Add widgets by swiping down on the header and enabling edit mode.,Burası ana sayfa. Widget eklemek için başlığı aşağı kaydır ve düzenleme modunu etkinleştir.,
custom_page_empty,string,,This page is empty. Add widgets by swiping down on the header and enabling edit mode.,Bu sayfa boş. Widget eklemek için başlığı aşağı kaydır ve düzenleme modunu etkinleştir.,
select_camera_title,string,,Select camera,Kamera seç,
select_entity_title,string,,Select entity,Varlık seç,
custom_camera_default_name,string,,Custom camera,Özel kamera,
rooms_settings_title,string,,Rooms settings,Oda ayarları,
rooms_empty,string,,The rooms view is empty. Swipe down on the header and enable edit mode to add floors and rooms.,Odalar görünümü boş. Kat ve oda eklemek için başlığı aşağı kaydır ve düzenleme modunu etkinleştir.,
floor_expand,string,,Expand floor,Katı genişlet,
floor_collapse,string,,Collapse floor,Katı daralt,
floor_settings_title,string,,Floor,Kat,
floor_settings_subtitle,string,,"Identity, layout, and card style","Kimlik, düzen ve kart stili",
universal_cover_status,string,,%1$d%% · %2$s,%1$d%% · %2$s,keep %1$d %2$s
universal_effects,string,,Effects,Efektler,
universal_open_door,string,,Open door,Kapıyı aç,
universal_vacuum_dock,string,,Dock,İstasyona dön,
universal_start,string,,Start,Başlat,
universal_pause,string,,Pause,Duraklat,
universal_stop,string,,Stop,Durdur,
universal_locate,string,,Locate,Bul,
universal_room_number,string,,Room %1$d,Oda %1$d,keep %1$d
core_optional_display_name,string,,Optional display name override,İsteğe bağlı özel görünen ad,
core_media_paused_track,string,,Paused: %1$s,Duraklatıldı: %1$s,keep %1$s
core_percent_value,string,,%1$d percent,Yüzde %1$d,keep %1$d
core_current_humidity,string,,Current humidity,Mevcut nem,
core_tank_water_level,string,,Tank / water level,Depo/su seviyesi,
core_pm25,string,,PM2.5,PM2.5,
core_error_code,string,,Error code,Hata kodu,
core_bucket_full,string,,Bucket full,Hazne dolu,
core_clean_filter,string,,Clean filter,Filtreyi temizle,
core_ionizer,string,,Ionizer,İyonlaştırıcı,
core_pump,string,,Pump,Pompa,
core_beep_on_command,string,,Beep on command,Komutta bip sesi,
core_dawn,string,,Dawn,Şafak,
core_solar_noon,string,,Solar noon,Güneş öğlesi,
core_dusk,string,,Dusk,Alacakaranlık,
core_icon_category_common,string,,Common,Genel,
core_icon_category_home,string,,Home,Ev,
core_icon_category_weather,string,,Weather,Hava durumu,
core_icon_category_lock,string,,Lock,Kilit,
core_icon_category_people,string,,People,Kişiler,
core_icon_category_auto,string,,Automotive,Otomotiv,
core_icon_category_music,string,,Music,Müzik,
core_icon_category_battery,string,,Battery,Pil,
core_icon_category_nature,string,,Nature,Doğa,
core_icon_category_places,string,,Places,Yerler,
core_icon_category_food,string,,Food,Yiyecek,
core_icon_category_navigation,string,,Navigation,Navigasyon,
core_icon_category_devices,string,,Devices,Cihazlar,
core_icon_category_map,string,,Map,Harita,
core_icon_category_media,string,,Media,Medya,
core_icon_category_communication,string,,Communication,İletişim,
core_icon_category_health,string,,Health,Sağlık,
core_icon_category_vehicles,string,,Vehicles,Araçlar,
core_icon_category_buildings,string,,Buildings,Binalar,
core_icon_category_electrical,string,,Electrical,Elektrik,
core_icon_category_sport,string,,Sport,Spor,
core_icon_category_objects,string,,Objects,Nesneler,
core_icon_category_commerce,string,,Commerce,Ticaret,
core_icon_category_games,string,,Games,Oyunlar,
core_icon_category_finance,string,,Finance,Finans,
background_notification_channel_general,string,,General,Genel,
background_location_channel_name,string,,Location sharing,Konum paylaşımı,
background_location_channel_description,string,,Keeps your device location up to date in Home Assistant,Cihazınızın konumunu Home Assistant’ta güncel tutar,don't translate Home Assistant
background_location_notification_title,string,,Home Assistant location sharing,Home Assistant ile konum paylaşımı,don't translate Home Assistant
background_location_notification_text,string,,Sharing your location with Home Assistant,Konumunuz Home Assistant ile paylaşılıyor,don't translate Home Assistant
background_push_channel_name,string,,Notification connection,Bildirim bağlantısı,
background_push_channel_description,string,,Keeps a background connection to Home Assistant for instant notifications,Anlık bildirimler için arka planda Home Assistant bağlantısını sürdürür,don't translate Home Assistant
background_push_notification_title,string,,Connected to Home Assistant,Home Assistant’a bağlı,don't translate Home Assistant
background_push_notification_text,string,,Waiting for notifications,Bildirimler bekleniyor,
background_push_hide_action,string,,Hide this notification,Bu bildirimi gizle,
button_style_centered,string,,Centered,ortalanmış,
button_elements,string,,Elements,Elemanlar,
button_elements_description,string,,What appears on this button. Hide the name and state for an icon on its own.,Bu düğmede görünenler. Bir simgenin adını ve durumunu kendi başına gizleyin.,
stack_elements_title,string,,Elements on every button in this stack,Bu yığındaki her düğmedeki öğeler,
stack_elements_description,string,,"These apply to the whole stack, not to one button. Turning something off here hides it on every button in the stack; leaving it on lets each button decide for itself in its own settings.","Bunlar tek bir düğme için değil tüm yığın için geçerlidir. Burada bir şeyi kapatmak, onu yığındaki her düğmede gizler; açık bırakmak, her düğmenin kendi ayarlarında kendisi için karar vermesine olanak tanır.",
button_element_icon,string,,Icon,Simge,
button_element_name,string,,Name,İsim,
button_element_state,string,,State,Durum,
stack_show_title,string,,Show name,Adı göster,
stack_show_title_description,string,,Turn off for a stack with no heading at all.,Hiçbir başlığı olmayan bir yığın için kapatın.,
stack_show_icon,string,,Show icon,Simgeyi göster,
stack_show_icon_description,string,,The icon beside the heading.,Başlığın yanındaki simge.,
stack_center_title,string,,Center the heading,Başlığı ortala,
stack_center_title_description,string,,Puts the icon and name in the middle instead of against the left edge.,Simgeyi ve adı sol kenar yerine ortaya koyar.,
cr_state_on,string,,On,Açık,
cr_state_off,string,,Off,Kapalı,
cr_open,string,,Open,Aç,
cr_close,string,,Close,Kapat,
cr_stop,string,,Stop,Durdur,
cr_closed,string,,Closed,Kapalı,
cr_opening,string,,Opening,Açılıyor,
cr_closing,string,,Closing,Kapanıyor,
cr_locked,string,,Locked,Kilitli,
cr_unlocked,string,,Unlocked,Kilidi açık,
cr_unavailable,string,,Unavailable,Kullanılamıyor,
cr_unknown,string,,Unknown,Bilinmiyor,
cr_idle,string,,Idle,Boşta,
cr_home,string,,Home,Evde,
cr_away,string,,Away,Evde değil,
cr_cleaning,string,,Cleaning,Temizliyor,
cr_returning,string,,Returning,İstasyona dönüyor,
cr_paused,string,,Paused,Duraklatıldı,
cr_error,string,,Error,Hata,
cr_playing,string,,Playing,Oynatılıyor,
cr_buffering,string,,Buffering,Arabelleğe alınıyor,
cr_standby,string,,Standby,Beklemede,
cr_humidifying,string,,Humidifying,Nemlendiriyor,
cr_drying,string,,Drying,Kurutuyor,
cr_detected,string,,Detected,Algılandı,
cr_clear,string,,Clear,Temiz,
cr_problem,string,,Problem,Sorun,
cr_ok,string,,OK,Tamam,
cr_low,string,,Low,Düşük,
cr_normal,string,,Normal,Normal,
cr_connected,string,,Connected,Bağlı,
cr_disconnected,string,,Disconnected,Bağlı değil,
cr_plugged_in,string,,Plugged in,Prize takılı,
cr_unplugged,string,,Unplugged,Prizden çıkarılmış,
cr_wet,string,,Wet,Islak,
cr_dry,string,,Dry,Kuru,
cr_none,string,,None,Yok,
cr_any,string,,Any,Sınırsız,
cr_remove,string,,Remove,Kaldır,
cr_restore,string,,Restore,Geri yükle,
cr_general,string,,General,Genel,
cr_identity,string,,Identity,Kimlik,
cr_appearance,string,,Appearance,Görünüm,
cr_layout,string,,Layout,Düzen,
cr_behavior,string,,Behavior,Davranış,
cr_profiles,string,,Profiles,Profiller,
cr_playback,string,,Playback,Oynatma,
cr_content,string,,Content,İçerik,
cr_actions,string,,Actions,Eylemler,
cr_protection,string,,Protection,Koruma,
cr_power,string,,Power,Güç,
cr_brightness,string,,Brightness,Parlaklık,
cr_temperature,string,,Temperature,Sıcaklık,
cr_color,string,,Color,Renk,
cr_min,string,,Min,Min.,
cr_avg,string,,Avg,Ort.,
cr_max,string,,Max,Maks.,
cr_now,string,,Now,Şimdi,
cr_lowest,string,,Lowest,En düşük,
cr_average,string,,Average,Ortalama,
cr_highest,string,,Highest,En yüksek,
cr_live,string,,Live,Canlı,
cr_once,string,,Once,Bir kez,
cr_daily,string,,Daily,Her gün,
cr_weekly,string,,Weekly,Her hafta,
cr_monthly,string,,Monthly,Her ay,
cr_yearly,string,,Yearly,Her yıl,
cr_action_tap,string,,Tap,Dokunma,
cr_action_double_tap,string,,Double tap,Çift dokunma,
cr_action_hold,string,,Hold,Basılı tutma,
cr_mode,string,,Mode,Mod,
cr_mode_auto,string,,Auto,Otomatik,
cr_mode_heat,string,,Heat,Isıtma,
cr_mode_cool,string,,Cool,Soğutma,
cr_mode_heat_cool,string,,Heat/cool,Isıtma/soğutma,
cr_mode_dry,string,,Dry,Nem alma,
cr_mode_fan_only,string,,Fan only,Yalnızca fan,
cr_mode_low,string,,Low,Düşük,
cr_mode_medium,string,,Medium,Orta,
cr_mode_high,string,,High,Yüksek,
cr_mode_quiet,string,,Quiet,Sessiz,
cr_mode_boost,string,,Boost,Turbo,
cr_mode_eco,string,,Eco,Eko,
cr_mode_sleep,string,,Sleep,Uyku,
cr_mode_manual,string,,Manual,Manuel,
cr_mode_vertical,string,,Vertical,Dikey,
cr_mode_horizontal,string,,Horizontal,Yatay,
cr_mode_both,string,,Both,İkisi de,
cr_mode_up,string,,Up,Yukarı,
cr_mode_down,string,,Down,Aşağı,
cr_mode_center,string,,Center,Orta,
cr_mode_left,string,,Left,Sol,
cr_mode_right,string,,Right,Sağ,
cr_climate_fan,string,,Fan,Fan,
cr_climate_vertical_airflow,string,,Vertical airflow,Dikey hava akışı,
cr_climate_horizontal_airflow,string,,Horizontal airflow,Yatay hava akışı,
cr_climate_preset,string,,Preset,Ön ayar,
cr_fan_speed,string,,Fan speed,Fan hızı,
cr_speed,string,,Speed,Hız,
cr_lower_target,string,,Lower target,Hedef sıcaklığı düşür,
cr_raise_target,string,,Raise target,Hedef sıcaklığı yükselt,
cr_climate_temperature,string,,Temperature,Sıcaklık,
cr_climate_all_temperature_sensors,string,,All temperature sensors,Tüm sıcaklık sensörleri,
cr_climate_outside,string,,Outside,Dış ortam,
cr_climate_outside_summary,string,,"Outdoor temperature, humidity, and pressure","Dış ortam sıcaklığı, nemi ve basıncı",
cr_climate_humidity,string,,Humidity,Nem,
cr_climate_all_humidity_sensors,string,,All humidity sensors,Tüm nem sensörleri,
cr_climate_air_pressure,string,,Air pressure,Hava basıncı,
cr_climate_all_pressure_sensors,string,,All air-pressure sensors,Tüm hava basıncı sensörleri,
cr_climate_co2,string,,CO₂,CO₂,
cr_climate_carbon_dioxide_sensors,string,,Carbon-dioxide sensors,Karbondioksit sensörleri,
cr_climate_air_quality,string,,Air quality,Hava kalitesi,
cr_climate_air_quality_summary,string,,"Particulates, AQI, VOCs, and gases","Partiküller, HKİ, UOB’ler ve gazlar",
cr_climate_entities,string,,Climate entities,İklim varlıkları,
cr_climate_settings,string,,Climate settings,İklim ayarları,
cr_empty_climate_view,string,,No climate data is available yet.,Henüz iklim verisi yok.,
cr_climate_fans,string,,Fans,Fanlar,
cr_climate_air_purifiers,string,,Air purifiers,Hava temizleyiciler,
cr_climate_humidifiers,string,,Humidifiers,Nemlendiriciler,
cr_temperature_sensors,string,,Temperature sensors,Sıcaklık sensörleri,
cr_devices_active,string,,Devices active,Etkin cihazlar,
cr_active_of_total,string,,%1$d of %2$d active,%2$d cihazdan %1$d tanesi etkin,keep %1$d %2$d
cr_no_search_active,string,,No active search · %1$s,Etkin arama yok · %1$s,keep %1$s
cr_collapse_search,string,,Collapse search,Aramayı daralt,
cr_expand_search,string,,Expand search,Aramayı genişlet,
cr_custom_order,string,,Custom order,Özel sıralama,
cr_name_a_z,string,,Name A–Z,Ad A–Z,
cr_name_z_a,string,,Name Z–A,Ad Z–A,
cr_climate_device,string,,Climate device,İklim cihazı,
cr_climate_device_subtitle,string,,"Name, icon, card style, and width","Ad, simge, kart stili ve genişlik",
cr_widget_requires_f1,string,,"Needs the F1 Sensor integration, which was not found on your Home Assistant",Home Assistant cihazınızda bulunmayan F1 Sensör entegrasyonu gerekiyor,don't translate Home Assistant
cr_widget_requires_parcels,string,,"Needs a parcel integration, and none was found on your Home Assistant",Paket entegrasyonu gerekiyor ve Home Assistant cihazınızda hiçbiri bulunamadı,don't translate Home Assistant
cr_widget_requires_waste,string,,"Needs a waste collection integration, and none was found on your Home Assistant",Atık toplama entegrasyonu gerekiyor ve Home Assistant cihazınızda hiçbiri bulunamadı,don't translate Home Assistant
cr_people_here_title,string,,Who is here,Kim burada,
cr_people_here_empty,string,,Nobody is being tracked in this room right now.,Şu anda bu odada kimse takip edilmiyor.,
cr_people_here_unknown_room,string,,Room unknown,Oda bilinmiyor,
cr_button_exclude_counters,string,,Leave out of counters,Sayaçların dışında bırakın,
cr_button_exclude_counters_hint,string,,"Keep the button, but stop it counting towards this room’s Lights and Devices totals",Düğmeyi koruyun ancak bu odanın Işıklar ve Cihazlar toplamlarına dahil edilmesini bırakın,
cr_count_with_average,string,,%1$s · avg %2$s%3$s,%1$s · ort. %2$s%3$s,keep %1$s %2$s %3$s
cr_outside_temperature,string,,Outside temperature,Dış ortam sıcaklığı,
cr_outside_humidity,string,,Outside humidity,Dış ortam nemi,
cr_outside_pressure,string,,Outside pressure,Dış ortam basıncı,
cr_outside_air_pressure,string,,Outside air pressure,Dış ortam hava basıncı,
cr_no_sensors_found_for,string,,No %1$s sensors found.,%1$s sensörü bulunamadı.,keep %1$s
cr_climate_control,string,,Climate control,İklim kontrolü,
cr_thermostat_dial,string,,Thermostat dial,Termostat kadranı,
cr_width_third,string,,Third,Üçte bir,
cr_width_half,string,,Half,Yarım,
cr_width_full,string,,Full,Tam genişlik,
cr_select_item,string,,Select %1$s,%1$s seç,keep %1$s
cr_set_outdoor_sensors,string,,"Set outdoor temperature, humidity, and pressure","Dış ortam sıcaklığı, nemi ve basıncını ayarla",
cr_auto_discovered_device_class,string,,Discovered automatically by device class,Cihaz sınıfına göre otomatik olarak bulundu,
cr_auto_discovered_climate_devices,string,,Climate devices discovered automatically,Otomatik olarak bulunan iklim cihazları,
cr_pick_fan_entities_as_purifiers,string,,Choose fan entities to use as air purifiers,Hava temizleyici olarak kullanılacak fan varlıklarını seç,
cr_auto_discovered_humidifier_devices,string,,Humidifier devices discovered automatically,Otomatik olarak bulunan nemlendiriciler,
cr_removed_entities,string,,Removed entities,Kaldırılan varlıklar,
cr_entities_removed_edit_mode,string,,Entities removed in edit mode,Düzenleme modunda kaldırılan varlıklar,
cr_card_indoor_climate_overview,string,,Indoor climate overview,İç ortam iklimine genel bakış,
cr_card_sensor_device_tiles,string,,Sensor and device tiles,Sensör ve cihaz kutucukları,
cr_card_thermostats_ac,string,,Thermostats and AC,Termostatlar ve klimalar,
cr_card_temperature_summary,string,,Temperature summary,Sıcaklık özeti,
cr_card_humidity_summary,string,,Humidity summary,Nem özeti,
cr_card_air_pressure_summary,string,,Air-pressure summary,Hava basıncı özeti,
cr_card_co2_summary,string,,CO₂ summary,CO₂ özeti,
cr_card_air_quality_summary,string,,Air-quality summary,Hava kalitesi özeti,
cr_category_overview,string,,Overview,Genel bakış,
cr_category_devices,string,,Devices,Cihazlar,
cr_category_sensors,string,,Sensors,Sensörler,
cr_no_climate_sensors_devices,string,,No climate sensors or devices found.,İklim sensörü veya cihazı bulunamadı.,
cr_no_climate_devices,string,,No climate devices found. Thermostats and AC units from Home Assistant appear here automatically.,İklim cihazı bulunamadı. Home Assistant’taki termostatlar ve klimalar burada otomatik olarak görünür.,don't translate Home Assistant
cr_no_fans,string,,No fans found. Fan entities from Home Assistant appear here automatically.,Fan bulunamadı. Home Assistant’taki fan varlıkları burada otomatik olarak görünür.,don't translate Home Assistant
cr_no_air_purifiers,string,,No air purifiers configured. Choose fan entities under Climate settings → Climate entities → Air purifiers.,Yapılandırılmış hava temizleyici yok. İklim ayarları → İklim varlıkları → Hava temizleyiciler bölümünden fan varlıklarını seç.,
cr_no_humidifiers,string,,No humidifiers found. Humidifier entities from Home Assistant appear here automatically.,Nemlendirici bulunamadı. Home Assistant’taki nemlendirici varlıkları burada otomatik olarak görünür.,don't translate Home Assistant
cr_unknown_climate_card,string,,Unknown climate card: %1$s,Bilinmeyen iklim kartı: %1$s,keep %1$s
cr_select_climate_cards,string,,Select climate cards,İklim kartlarını seç,
cr_entities_for,string,,%1$s entities,%1$s varlıkları,keep %1$s
cr_climate_card,string,,Climate card,İklim kartı,
cr_climate_card_dialog_subtitle,string,,Data sources and card appearance,Veri kaynakları ve kart görünümü,
cr_card_and_data,string,,Card and data,Kart ve veri,
cr_climate_stack,string,,Climate stack,İklim yığını,
cr_climate_stack_dialog_subtitle,string,,"Cards, data sources, and layout","Kartlar, veri kaynakları ve düzen",
cr_cards_and_data,string,,Cards and data,Kartlar ve veri,
cr_sensor_count,plural,one,%d sensor,%d sensör,keep %d
cr_sensor_count,plural,other,%d sensors,%d sensör,keep %d
cr_device_count_on,plural,one,%1$d device · %2$d on,%1$d cihaz · %2$d açık,keep %1$d %2$d
cr_device_count_on,plural,other,%1$d devices · %2$d on,%1$d cihaz · %2$d açık,keep %1$d %2$d
cr_outside_sensors_set,plural,one,%d outside sensor set,%d dış ortam sensörü ayarlandı,keep %d
cr_outside_sensors_set,plural,other,%d outside sensors set,%d dış ortam sensörü ayarlandı,keep %d
cr_auto_plus_manual,plural,one,Automatic + %d manual,Otomatik + %d manuel,keep %d
cr_auto_plus_manual,plural,other,Automatic + %d manual,Otomatik + %d manuel,keep %d
cr_selected_count,plural,one,%d selected,%d seçildi,keep %d
cr_selected_count,plural,other,%d selected,%d seçildi,keep %d
cr_removed_count,plural,one,%d removed,%d kaldırıldı,keep %d
cr_removed_count,plural,other,%d removed,%d kaldırıldı,keep %d
cr_room,string,,Room,Oda,
cr_room_details,string,,Room details,Oda ayrıntıları,
cr_empty_room,string,,"This room is empty. Swipe down on the header, enable edit mode, and add widgets, buttons, or tiles.","Bu oda boş. Başlığı aşağı kaydır, düzenleme modunu aç ve widget, düğme veya kutucuk ekle.",
cr_default_markdown_content,string,,# Markdown\nOpen this widget in **edit mode** to write your own content.,# Markdown\nKendi içeriğini yazmak için bu widget’ı **düzenleme modunda** aç.,\n = line break
cr_select_camera,string,,Select camera,Kamera seç,
cr_select_entity,string,,Select entity,Varlık seç,
cr_custom_camera,string,,Custom camera,Özel kamera,
cr_configure_widget,string,,Configure widget,Widget’ı yapılandır,
cr_configure_widget_subtitle,string,,Set the essentials before adding it,Eklemeden önce temel seçenekleri ayarla,
cr_widget_options,string,,Widget options,Widget seçenekleri,
cr_widget_options_subtitle,string,,Choose what this widget should display,Bu widget’ın ne göstereceğini seç,
cr_add_widget,string,,Add widget,Widget ekle,
cr_add_widget_subtitle,string,,Browse by purpose or search every widget,Amaca göre göz at veya tüm widget’larda ara,
cr_category_with_options,string,,%1$s · %2$s,%1$s · %2$s,keep %1$s %2$s
cr_widget_category_controls,string,,Controls,Kontroller,
cr_widget_category_controls_description,string,,"Buttons, vacuums, and grouped controls","Düğmeler, robot süpürgeler ve gruplanmış kontroller",
cr_widget_category_cameras,string,,Cameras,Kameralar,
cr_widget_category_cameras_description,string,,Live camera tiles and multi-camera views,Canlı kamera kutucukları ve çoklu kamera görünümleri,
cr_widget_category_climate,string,,Climate and weather,İklim ve hava durumu,
cr_widget_category_climate_description,string,,"Temperature, comfort, forecasts, and conditions","Sıcaklık, konfor, tahminler ve koşullar",
cr_widget_category_energy,string,,Energy and batteries,Enerji ve piller,
cr_widget_category_energy_description,string,,"Consumption, production, and device health","Tüketim, üretim ve cihaz sağlığı",
cr_widget_category_information,string,,Information and media,Bilgi ve medya,
cr_widget_category_information_description,string,,"Calendars, deliveries, graphs, notes, and playback","Takvimler, teslimatlar, grafikler, notlar ve oynatma",
cr_widget_category_layout,string,,Layout and structure,Düzen ve yapı,
cr_widget_category_layout_description,string,,Headings and flexible widget containers,Başlıklar ve esnek widget kapsayıcıları,
cr_widget_adaptive_lighting,string,,Adaptive Lighting,Uyarlanabilir Aydınlatma,
cr_widget_adaptive_lighting_description,string,,Control any installed Adaptive Lighting profile,Yüklü herhangi bir Uyarlanabilir Aydınlatma profilini kontrol et,
cr_widget_button,string,,Button,Düğme,
cr_widget_button_description,string,,A single configurable entity control,Tek bir varlık için yapılandırılabilir kontrol,
cr_widget_buttons,string,,Buttons,Düğmeler,
cr_widget_calendar,string,,Calendar,Takvim,
cr_widget_calendar_description,string,,"Agenda, week, and month views from Home Assistant calendars","Home Assistant takvimlerinden ajanda, hafta ve ay görünümleri",don't translate Home Assistant
cr_widget_waste_collection,string,,Waste collection,Atık toplama,
cr_widget_waste_collection_description,string,,Upcoming collections from waste sensors,Atık sensörlerinden yaklaşan toplamalar,
cr_widget_parcels,string,,Parcels,Paketler,
cr_widget_parcels_description,string,,Incoming and outgoing parcels from supported carriers,Desteklenen taşıyıcılardan gelen ve giden paketler,
cr_widget_camera,string,,Camera,Kamera,
cr_widget_camera_description,string,,A single live camera tile or stream URL,Tek bir canlı kamera kutucuğu veya yayın URL’si,
cr_widget_cameras,string,,Cameras,Kameralar,
cr_widget_climate_card,string,,Climate card,İklim kartı,
cr_widget_climate_card_description,string,,Any card from the Climate view,İklim görünümündeki herhangi bir kart,
cr_widget_energy_card,string,,Energy card,Enerji kartı,
cr_widget_energy_card_description,string,,Any card from the Energy view,Enerji görünümündeki herhangi bir kart,
cr_widget_battery_levels,string,,Battery levels,Pil seviyeleri,
cr_widget_battery_levels_description,string,,"Low batteries, or Battery+ only with type details",Düşük piller veya yalnızca tür ayrıntılarıyla Battery+,
cr_widget_header_text,string,,Header text,Başlık metni,
cr_widget_header_text_description,string,,Add a section heading,Bölüm başlığı ekle,
cr_widget_markdown,string,,Markdown,Markdown,
cr_widget_markdown_description,string,,A free-form card written in Markdown,Markdown ile yazılmış serbest biçimli kart,
cr_widget_iframe,string,,iFrame,iFrame,
cr_widget_iframe_description,string,,Embed any web page on your dashboard,Panona herhangi bir web sayfası yerleştir,
cr_widget_media_player,string,,Media player,Medya oynatıcı,
cr_widget_media_player_description,string,,Now-playing tile with album art as the background,Arka planda albüm kapağı bulunan oynatılan içerik kutucuğu,
cr_widget_sensor_graph,string,,Sensor graph,Sensör grafiği,
cr_widget_sensor_graph_description,string,,"History graph for one or more sensors, as lines or bars",Bir veya daha fazla sensör için çizgi ya da çubuk biçiminde geçmiş grafiği,
cr_widget_vacuum,string,,Vacuum,Robot süpürge,
cr_widget_vacuum_description,string,,A single robot-vacuum control,Tek robot süpürge kontrolü,
cr_widget_weather,string,,Weather,Hava durumu,
cr_widget_weather_description,string,,A single weather card,Tek bir hava durumu kartı,
cr_widget_empty_stack,string,,Empty stack,Boş yığın,
cr_widget_empty_stack_description,string,,Place widgets inside a configurable stack,Widget’ları yapılandırılabilir bir yığına yerleştir,
cr_widget_button_stack,string,,Button stack,Düğme yığını,
cr_widget_button_stack_description,string,,Group entities into configurable controls,Varlıkları yapılandırılabilir kontrollerde grupla,
cr_widget_camera_stack,string,,Camera stack,Kamera yığını,
cr_widget_camera_stack_description,string,,Show live camera tiles or a custom stream URL,Canlı kamera kutucukları veya özel yayın URL’si göster,
cr_widget_climate_stack,string,,Climate stack,İklim yığını,
cr_widget_climate_stack_description,string,,"Group climate cards such as overview, thermostats, and sensors","Genel bakış, termostatlar ve sensörler gibi iklim kartlarını grupla",
cr_widget_energy_stack,string,,Energy stack,Enerji yığını,
cr_widget_energy_stack_description,string,,"Group energy cards such as usage, solar, gas, and water","Tüketim, güneş, gaz ve su gibi enerji kartlarını grupla",
cr_widget_sensor_graph_stack,string,,Sensor graph stack,Sensör grafiği yığını,
cr_widget_sensor_graph_stack_description,string,,Group several sensor-history graphs,Birden fazla sensör geçmişi grafiğini grupla,
cr_widget_swiping_stack,string,,Swiping stack,Kaydırmalı yığın,
cr_widget_swiping_stack_description,string,,Swipe horizontally through nested widgets,İç içe widget’lar arasında yatay kaydır,
cr_widget_vacuum_stack,string,,Vacuum stack,Robot süpürge yığını,
cr_widget_vacuum_stack_description,string,,Control robot vacuums with a map and battery status,Robot süpürgeleri harita ve pil durumuyla kontrol et,
cr_widget_weather_stack,string,,Weather stack,Hava durumu yığını,
cr_widget_weather_stack_description,string,,"Group conditions, forecast, wind, or rain-map cards","Koşul, tahmin, rüzgâr veya yağmur haritası kartlarını grupla",
cr_camera_settings,string,,Camera settings,Kamera ayarları,
cr_vacuum_settings,string,,Vacuum settings,Robot süpürge ayarları,
cr_button_settings,string,,Button settings,Düğme ayarları,
cr_robot_image,string,,Robot image,Robot görseli,
cr_map_camera,string,,Map camera,Harita kamerası,
cr_external_url,string,,External URL,Harici URL,
cr_valetudo_map,string,,Valetudo map,Valetudo haritası,don't translate Valetudo
cr_valetudo_map_hint,string,,Draws the map from a Valetudo robot and lets you tap a room to clean it. Pick the robot's map camera below.,Valetudo robotunun haritasını çizer; bir odaya dokunarak orayı süpürtebilirsiniz. Aşağıdan robotun harita kamerasını seçin.,don't translate Valetudo
cr_valetudo_camera_mode_note,string,,Using Map camera with a Valetudo map entity shows a blank tile. Valetudo does not render the map on the robot — its PNG is only a container for the map data. Choose Valetudo map instead to have HKI draw it.,Valetudo harita varlığıyla Harita kamerası boş bir kutu gösterir. Valetudo haritayı robot üzerinde çizmez — PNG yalnızca harita verisinin kabuğudur. HKI'nın çizmesi için Valetudo haritasını seçin.,don't translate Valetudo
cr_animation_glow,string,,Glow,Parlama,
cr_animation_spin,string,,Spin,Dönme,
cr_animation_pulse,string,,Pulse,Nabız,
cr_adaptive_lighting_widget,string,,Adaptive Lighting widget,Uyarlanabilir Aydınlatma widget’ı,
cr_adaptive_lighting_widget_subtitle,string,,"Profiles, size, and appearance","Profiller, boyut ve görünüm",
cr_button_stack_dialog_subtitle,string,,"Layout, appearance, and entity order","Düzen, görünüm ve varlık sırası",
cr_expand_stack,string,,Expand stack,Yığını genişlet,
cr_collapse_stack,string,,Collapse stack,Yığını daralt,
cr_hide_stack,string,,Hide stack,Yığını gizle,
cr_unhide_stack,string,,Unhide stack,Yığını göster,
cr_swiping_stack_dialog_subtitle,string,,"Pages, height, and card appearance","Sayfalar, yükseklik ve kart görünümü",
cr_empty_stack_dialog_subtitle,string,,Container layout and appearance,Kapsayıcı düzeni ve görünümü,
cr_header_text_dialog_subtitle,string,,Heading content and visual style,Başlık içeriği ve görsel stil,
cr_animation_swipe,string,,Swipe,Kaydırma,
cr_animation_fade,string,,Fade,Solma,
cr_animation_zoom,string,,Zoom,Yakınlaştırma,
cr_animation_slide_fade,string,,Slide + fade,Kaydırma + solma,
cr_animation_cube,string,,Cube,Küp,
cr_animation_instant,string,,Instant,Anında,
cr_paged_status,string,,%1$d/%2$d · %3$s,%1$d/%2$d · %3$s,keep %1$d %2$d %3$s
cr_cover_status,string,,%1$d%% · %2$s,%1$d%% · %2$s,keep %1$d %2$s
cr_paged_cover_status,string,,%1$d/%2$d · %3$d%% · %4$s,%1$d/%2$d · %3$d%% · %4$s,keep %1$d %2$d %3$d %4$s
cr_widget_option_count,plural,one,%d option,%d seçenek,keep %d
cr_widget_option_count,plural,other,%d options,%d seçenek,keep %d
cr_configured_lights,plural,one,%d configured light,%d yapılandırılmış ışık,keep %d
cr_configured_lights,plural,other,%d configured lights,%d yapılandırılmış ışık,keep %d
cr_quick_notifications,string,,Notifications,Bildirimler,
cr_quick_notifications_instruction,string,,Swipe right from the upper-left edge.,Sol üst köşeden sağa kaydır.,
cr_quick_switch_homes,string,,Switch homes,Ev değiştir,
cr_quick_switch_homes_instruction,string,,Swipe left from the upper-right edge of the header.,Başlığın sağ üst köşesinden sola kaydır.,
cr_quick_actions,string,,Quick actions,Hızlı eylemler,
cr_quick_actions_instruction,string,,"Pull down on any page header for Search, Flows, Edit, and Settings.","Arama, Akışlar, Düzenleme ve Ayarlar için herhangi bir sayfa başlığını aşağı çek.",
cr_quick_media_player,string,,Media player,Medya oynatıcı,
cr_quick_media_player_instruction,string,,"When the handle appears, swipe up on the bottom bar to restore the player.",Tutamak göründüğünde oynatıcıyı geri getirmek için alt çubuğu yukarı kaydır.,
cr_quick_make_it_yours,string,,Make it yours,Kendine göre düzenle,
cr_quick_make_it_yours_instruction,string,,"In edit mode, add and reorder rooms, floors, and widgets. Tap an item to configure it.","Düzenleme modunda odaları, katları ve widget’ları ekleyip sırala. Yapılandırmak için bir öğeye dokun.",
cr_whats_new_1_1_0,array,1,"Eighteen more languages, taking HKI 7 to 36. Polish, Russian, Czech, Slovak, Hungarian, Romanian, Bulgarian, Croatian, Greek, Lithuanian, Latvian, Estonian, Danish, Thai and Hebrew join the list, along with Austrian German, Swiss German and Mexican Spanish. Hebrew lays the interface out right to left, as Arabic does.","HKI 7 ile 36'ya çıkan on sekiz dil daha. Lehçe, Rusça, Çekçe, Slovakça, Macarca, Romence, Bulgarca, Hırvatça, Yunanca, Litvanca, Letonca, Estonca, Danca, Tayca ve İbranice'nin yanı sıra Avusturya Almancası, İsviçre Almancası ve Meksika İspanyolcası da listeye katılıyor. İbranice, Arapça'nın yaptığı gibi arayüzü sağdan sola doğru yerleştirir.",don't translate HKI 7
cr_whats_new_1_1_0,array,2,"HKI 7 now runs on Android 12 and later. It previously needed Android 14, which ruled out a lot of perfectly capable phones and tablets.",HKI 7 artık Android 12 ve sonraki sürümlerde çalışıyor. Daha önce Android 14'e ihtiyaç duyuluyordu ve bu da pek çok mükemmel yetenekli telefonu ve tableti devre dışı bırakıyordu.,don't translate HKI 7
cr_whats_new_1_1_0,array,3,"Energy costs are shown in your own currency instead of always in euros. HKI 7 follows what your cost sensors report, and there is a Currency setting in Energy settings if you would rather choose one yourself.",Enerji maliyetleri her zaman Euro yerine kendi para biriminizde gösterilir. HKI 7 maliyet sensörlerinizin raporlarını takip eder ve kendiniz seçmeyi tercih ederseniz Enerji ayarlarında bir Para Birimi ayarı bulunur.,don't translate HKI 7
cr_whats_new_1_1_0,array,4,"The language picker has a search box and is sorted, which it needed at 36 entries. If you ever land in a language you cannot read, the way back is still the first thing on screen.","Dil seçicinin bir arama kutusu vardır ve 36 girişe ihtiyaç duyacak şekilde sıralanmıştır. Okuyamayacağınız bir dile gelirseniz, dönüş yolu hâlâ ekrandaki ilk şeydir.",
cr_whats_new_1_1_0,array,5,"Views remember where you had scrolled to, and tapping the tab you are already on takes you back to the top.",Görünümler nereye kaydırdığınızı hatırlar ve halihazırda bulunduğunuz sekmeye dokunmanız sizi en üste götürür.,
cr_whats_new_1_1_0,array,6,"Swiping sideways no longer carries you out of a page you have opened, such as Solar inside Energy. Back now returns you to the view you came from rather than jumping to the home page.",Artık Solar Inside Energy gibi açtığınız bir sayfadan yana kaydırmak sizi dışarı taşımıyor. Geri dön artık sizi ana sayfaya atlamak yerine geldiğiniz görünüme döndürür.,
cr_whats_new_1_1_0,array,7,"Scrollable rows say so. The pull-down menu, the navigation bar and the settings tabs all show an arrow at the edge when there is more to reach.","Kaydırılabilir satırlar bunu söylüyor. Ulaşılacak daha fazla şey olduğunda açılır menü, gezinme çubuğu ve ayarlar sekmelerinin tümü kenarda bir ok gösterir.",
cr_whats_new_1_1_0,array,8,"Dialogs look and behave the same throughout. Six of them were plain Android dialogs with no close button in the corner, and buttons across the app now agree on what Close, Save and Done mean.","Diyaloglar baştan sona aynı görünür ve davranır. Bunlardan altısı, köşelerinde kapatma düğmesi olmayan düz Android iletişim kutularıydı ve uygulamadaki düğmeler artık Kapat, Kaydet ve Bitti'nin ne anlama geldiği konusunda aynı fikirde.",
cr_whats_new_1_1_0,array,9,"Creating a dashboard asks first and then offers the same choices as first-time setup — so a new dashboard can start from a backup or from one your family has shared, as well as being generated or left empty. Your current dashboard is never overwritten, and shared dashboards are now marked as shared in the list.","Bir kontrol paneli oluşturmak ilk önce sorar ve ardından ilk kurulumla aynı seçenekleri sunar; böylece yeni bir kontrol paneli bir yedekten veya ailenizin paylaştığı bir kontrol panelinden başlayabilir, oluşturulabilir veya boş bırakılabilir. Mevcut kontrol panelinizin üzerine hiçbir zaman yazılmaz ve paylaşılan kontrol panelleri artık listede paylaşılan olarak işaretlenir.",
cr_whats_new_1_1_0,array,10,"The battery widget opens a list in place instead of taking you to a separate page, grouped by how urgent each one is and showing the battery type where Home Assistant knows it. There is a search box, and a button to open the full Battery view if you want it.","Pil widget'ı, sizi her birinin aciliyetine göre gruplandırılan ve Home Assistant'nin bildiği pil türünü gösteren ayrı bir sayfaya götürmek yerine yerinde bir liste açar. İsterseniz bir arama kutusu ve tam Pil görünümünü açmak için bir düğme vardır.",don't translate Home Assistant
cr_whats_new_1_1_0,array,11,"Tapping the people counter in a room shows who is there, with each person's picture. The Rooms header now has a household counter too, showing where everyone is without opening every room.","Bir odadaki kişi sayacına dokunulduğunda, her kişinin resmiyle birlikte orada kimin olduğu gösterilir. Odalar başlığında artık her odayı açmadan herkesin nerede olduğunu gösteren bir ev sayacı da var.",
cr_whats_new_1_1_0,array,12,"A button can be left out of a room's Lights and Devices counters, for the ones that are in the room but not really part of it.",Odanın içinde bulunan ancak odanın bir parçası olmayanlar için odanın Işıklar ve Cihazlar sayaçlarının dışında bir düğme bırakılabilir.,
cr_whats_new_1_1_0,array,13,"Widgets that need an integration you do not have — Formula 1, Parcels, Waste Collection — are greyed out and say what is missing, instead of being added and then sitting empty.","Sahip olmadığınız bir entegrasyona ihtiyaç duyan widget'lar (Formula 1, Paketler, Atık Toplama) eklenip boş durmak yerine gri renkte gösterilir ve neyin eksik olduğunu söyler.",
cr_whats_new_1_1_0,array,14,"Parcel tracking covers fifteen more carriers, including PostNord, InPost, Swiss Post, An Post, Budbee, Sameday and Nova Post, each with its own logo.","Paket takibi, her biri kendi logosuna sahip olan PostNord, InPost, Swiss Post, An Post, Budbee, Sameday ve Nova Post dahil olmak üzere on beş taşıyıcıyı daha kapsar.",
cr_whats_new_1_1_0,array,15,"A Valetudo robot vacuum picks up its live map automatically when your rooms are imported, rather than needing the camera chosen by hand.","Bir Valetudo robot süpürgesi, kameranın elle seçilmesine gerek kalmadan, odalarınız içe aktarıldığında canlı haritasını otomatik olarak alır.",don't translate Valetudo
cr_whats_new_1_0_1,array,1,"Swiping between tabs now follows your finger. The pages move as you drag, you can change your mind mid-swipe and pull them back, and they settle where you let go. Previously the change was decided the moment you had dragged far enough and could not be taken back, while the animation that played afterwards was on its own timer and unrelated to the gesture — so the app committed to a page before your finger had finished asking for one.","Sekmeler arasında kaydırma artık parmağınızı takip ediyor. Sayfalar siz sürükledikçe hareket eder, kaydırmanın ortasında fikrinizi değiştirebilir ve onları geri çekebilirsiniz ve bıraktığınız yere yerleşirler. Önceden, yeterince sürüklediğiniz ve geri alınamadığınız anda değişikliğe karar veriliyordu; daha sonra oynatılan animasyon kendi zamanlayıcısındaydı ve hareketle ilgisi yoktu; dolayısıyla uygulama, parmağınız bir sayfa istemeyi bitirmeden önce bir sayfaya bağlanıyordu.",
cr_whats_new_1_0_1,array,2,"The bottom bar now keeps the selected tab in view. On a phone too narrow for every tab it scrolls the active one to the centre, so the tab you are on is always visible along with its neighbours — which is also the hint that there are more pages to swipe to. Reaching the last tab used to leave the indicator somewhere off the end of the bar.","Alt çubuk artık seçilen sekmeyi görünümde tutuyor. Her sekme için fazla dar olan bir telefonda, etkin olanı merkeze doğru kaydırır, böylece bulunduğunuz sekme her zaman komşularıyla birlikte görünür; bu aynı zamanda kaydırılacak daha fazla sayfa olduğunun ipucudur. Göstergeyi çubuğun ucunda bir yerde bırakmak için kullanılan son sekmeye ulaşmak.",
cr_whats_new_1_0_1,array,3,"Swiping between rooms shows how many rooms there are and which one you are on, as dots above the navigation bar — or as a count once there are more than eight. Room swiping also stops at the last room instead of wrapping around to the first, matching how the tabs behave. Rooms an admin has hidden are now skipped by the swipe rather than only blocked when opened.","Odalar arasında gezinmek, gezinme çubuğunun üzerinde noktalar halinde veya sekizden fazla oda olduğunda sayı olarak kaç oda olduğunu ve hangisinde olduğunuzu gösterir. Odanın kaydırılması da sekmelerin davranışına uygun şekilde ilk odaya sarmak yerine son odada durur. Bir yöneticinin gizlediği odalar artık yalnızca açıldığında engellenmek yerine kaydırma işlemiyle atlanıyor.",
cr_whats_new_1_0_1,array,4,"The pull-down header menu animates to wherever you let it go, instead of jumping open or shut in a single frame. It settles by which half you released it in, a quick flick opens it without a full-length drag, and it can be caught and dragged again mid-animation. It also no longer stops dead partway when pulled a long way but not quite far enough.","Açılan başlık menüsü, tek bir karede açılıp kapanmak yerine, bıraktığınız her yere animasyon uygular. Onu hangi yarıda bıraktığınıza karar verir, tam uzunlukta bir sürükleme olmadan hızlı bir hareketle onu açar ve animasyonun ortasında tekrar yakalanıp sürüklenebilir. Ayrıca yeterince uzağa çekilmese de uzun bir mesafeye çekildiğinde artık yarı yolda durmuyor.",
cr_whats_new_1_0_1,array,5,"Settings remembers where you were. Coming back from a sub-menu returns to the place in the list you left rather than to the top, which was most noticeable on the long way down to About and Licenses. The page settings dialog had the opposite problem — one scroll position carried across unrelated sub-menus — and that is fixed too.","Ayarlar nerede olduğunuzu hatırlar. Bir alt menüden geri döndüğünüzde, en üst noktaya değil, listede bıraktığınız yere geri dönersiniz; bu, Hakkında ve Lisanslar bölümünde en çok dikkat çeken kısımdır. Sayfa ayarları iletişim kutusunda tam tersi bir sorun vardı (bir kaydırma konumu ilgisiz alt menüler arasında taşınıyordu) ve bu da düzeltildi.",
cr_whats_new_1_0_1,array,6,"The notification panel now has a button in the pull-down header menu, so the left-edge swipe is no longer the only way to reach it. That let the strip of screen edge reserved for the swipe shrink from 200dp to 88dp: the reserved strip is where Android's own back gesture stops working, and it had been covering the exact corner where the back arrow sits.","Bildirim panelinin açılır başlık menüsünde artık bir düğme var, dolayısıyla sol kenardan kaydırma artık bu düğmeye ulaşmanın tek yolu değil. Bu, kaydırma için ayrılan ekran kenarı şeridinin 200 dp'den 88 dp'ye küçülmesine izin verdi: ayrılmış şerit, Android'in kendi geri hareketinin çalışmayı bıraktığı yerdir ve tam olarak geri okunun bulunduğu köşeyi kaplıyordu.",
cr_whats_new_1_0_1,array,7,"Fixed the app closing instead of the notification panel when back was pressed during the panel's opening animation. Back is also defined for the tabs now — it returns to the first tab before leaving the app, rather than exiting from wherever you happened to have swiped to.","Panelin açılış animasyonu sırasında geri tuşuna basıldığında bildirim paneli yerine uygulamanın kapanması düzeltildi. Geri özelliği artık sekmeler için de tanımlandı; kaydırdığınız yerden çıkmak yerine, uygulamadan çıkmadan önce ilk sekmeye geri dönüyor.",
cr_whats_new_1_0_1,array,8,"The home switcher panel follows Android's predictive back gesture, sliding out with your finger and springing back if you change your mind.","Ana sayfa değiştirici paneli, Android'in tahmine dayalı geri hareketini takip ederek parmağınızla dışarı doğru kayar ve fikrinizi değiştirirseniz geri döner.",
cr_whats_new_1_0_1,array,9,"Four more languages: Norwegian, Swedish, Finnish and Arabic. Arabic lays the whole app out right to left — the navigation bar, the panels that slide in from the screen edge, and the swipe that moves between tabs all mirror, rather than only the text changing direction. Product names such as Home Assistant stay in Latin script wherever they appear.","Dört dil daha: Norveççe, İsveççe, Fince ve Arapça. Arapça, uygulamanın tamamını sağdan sola doğru yerleştirir; gezinme çubuğu, ekran kenarından kayan paneller ve sekmeler arasında hareket eden kaydırma, yalnızca metnin yönünü değiştirmek yerine tüm aynayı yansıtır. Home Assistant gibi ürün adları göründükleri her yerde Latin alfabesinde kalır.",don't translate Home Assistant
cr_whats_new_1_0_1,array,10,"Swiping between rooms is much smoother. A room screen is by far the heaviest page in the app, and the next one was being built during the first frames of the swipe — precisely when there was no time for it. It is now prepared while nothing is moving, and live sensor updates wait for the swipe to finish instead of redrawing every open page mid-gesture.","Odalar arasında geçiş yapmak çok daha yumuşaktır. Oda ekranı, uygulamadaki açık ara en ağır sayfadır ve bir sonraki sayfa, kaydırma işleminin ilk kareleri sırasında, tam da bunun için zaman olmadığında oluşturuluyor. Artık hiçbir şey hareket etmiyorken hazırlanıyor ve canlı sensör güncellemeleri, hareketin ortasında her açık sayfayı yeniden çizmek yerine kaydırmanın bitmesini bekliyor.",
cr_whats_new_1_0_1,array,11,"The notification panel and the home switcher are dragged rather than flicked open, following your finger and settling where you let go. They close the same way: push them back towards the edge they came from. Tapping the panel itself no longer closes it, which it used to do anywhere you touched that was not a button.","Bildirim paneli ve ana sayfa değiştirici, parmağınızı takip ederek ve bıraktığınız yere yerleşerek açmak yerine sürüklenir. Aynı şekilde kapanıyorlar: geldikleri kenara doğru itin. Panele dokunmak artık paneli kapatmıyor; eskiden bu düğme olmayan, dokunduğunuz her yerde bunu yapıyordu.",
cr_whats_new_1_0_1,array,12,"A horizontal row inside a page — a mode selector, a swipe row, a swiping stack — no longer hands the rest of the gesture to the page once it reaches its end. Picking the first or last item in such a row used to flip the whole page instead.","Sayfanın içindeki yatay bir satır (bir mod seçici, bir kaydırma satırı, bir kaydırma yığını), sonuna ulaştığında artık hareketin geri kalanını sayfaya aktarmaz. Böyle bir satırdaki ilk veya son öğeyi seçmek bunun yerine tüm sayfayı çevirmek için kullanılır.",
cr_whats_new_1_0_1,array,13,"Dialogs with tabs show how many there are and which one you are on, and a sideways swipe anywhere on the dialog changes tab. The swipe used to be written off as a scroll whenever it set off with the slight downward arc a thumb naturally makes, which made it feel like it worked only sometimes.","Sekmeli diyaloglar kaç tane olduğunu ve hangisinde olduğunuzu gösterir ve diyalog değişiklikleri sekmesinde herhangi bir yere doğru kaydırın. Kaydırma, başparmağın doğal olarak yaptığı hafif aşağı doğru yay ile yola çıktığında bir kaydırma olarak yazılırdı, bu da yalnızca bazen işe yaradığını hissettirirdi.",
cr_whats_new_1_0_1,array,14,"Demo mode no longer talks to the network. Twenty-six requests — the whole HKI 7 Cloud surface plus the event timeline, camera snapshots and vacuum maps — were still being attempted against a server that does not exist, and one of them retried every three seconds for the entire session, filling the connection log with failures. Restarting Home Assistant in the demo is now simulated in a few seconds rather than showing ""restarting"" for two minutes and giving up.","Demo modu artık ağla iletişim kurmuyor. Yirmi altı istek (tüm HKI 7 Cloud yüzeyi artı olay zaman çizelgesi, kamera anlık görüntüleri ve vakum haritaları) var olmayan bir sunucuya karşı hâlâ deneniyordu ve bunlardan biri tüm oturum boyunca her üç saniyede bir yeniden denenerek bağlantı günlüğünü hatalarla doldurdu. Demoda Home Assistant'ın yeniden başlatılması, iki dakika boyunca ""yeniden başlatılıyor"" ve pes etme yerine artık birkaç saniye içinde simüle ediliyor.","don't translate HKI 7 Cloud, Home Assistant"
cr_whats_new_1_0_0,array,1,"New Events tab in the notification drawer: a timeline of what your home has actually been doing. The front door opening, a light going off, someone arriving home — each with the time and, where Home Assistant knows, who did it. An admin picks which entities appear under Settings › Family Sharing › Events, once for the whole family rather than on every phone. It reads Home Assistant's own logbook rather than recording anything on the device, so it still shows what happened overnight while the app was closed, and it opens on the last 3 hours — a timeline answers what just happened — with 6h to 72h a tap away. Events never touch the notification bell's unread count: a timeline of doors opening would leave that badge permanently lit and mean nothing. Requires HKI 7 Cloud 0.9.0.*","Bildirim çekmecesindeki Yeni Etkinlikler sekmesi: Evinizin gerçekte ne yapmakta olduğunun bir zaman çizelgesi. Ön kapının açılması, bir ışığın sönmesi, birinin eve varması; her birinin saati ve Ev Asistanının bildiği kadarıyla bunu kimin yaptığını. Bir yönetici, Ayarlar › Aile Paylaşımı › Etkinlikler altında hangi varlıkların görüneceğini her telefonda değil, bir kez tüm aile için seçer. Cihaza herhangi bir şey kaydetmek yerine Home Assistant'ın kendi kayıt defterini okur, böylece uygulama kapalıyken gece boyunca olanları göstermeye devam eder ve son 3 saatte açılır - bir zaman çizelgesi, az önce olanları yanıtlar - bir dokunuşla 6 saatten 72 saate kadar uzaktadır. Olaylar hiçbir zaman bildirim zilinin okunmamış sayısına dokunmaz: Kapıların açılmasına ilişkin zaman çizelgesi, bu rozetin kalıcı olarak yanık kalmasına neden olur ve hiçbir anlam ifade etmez. HKI 7 Cloud 0.9.0 gerektirir.*","don't translate HKI 7 Cloud, Home Assistant"
cr_whats_new_1_0_0,array,2,"An admin can take parts of the timeline away from individual family members — a whole domain, or named entities — from the same Events tab. Everyone sees the full timeline unless something is taken out for them, so adding a person to the family does not mean building their timeline from scratch. The filtering happens in the HKI 7 Cloud component rather than in the app, so a restricted device is never even told which entities it is being kept away from. As with hidden views and rooms, this hides the timeline rather than the entities: Home Assistant has no per-entity read permission for non-admin accounts, so anyone signed in can still read those entities through Home Assistant itself.*","Bir yönetici, aynı Etkinlikler sekmesinden zaman çizelgesinin bazı kısımlarını tek tek aile üyelerinden (tüm alan adı veya adlandırılmış varlıklar) alabilir. Kendileri için bir şey çıkarılmadığı sürece herkes zaman çizelgesinin tamamını görür, bu nedenle aileye bir kişi eklemek, zaman çizelgesini sıfırdan oluşturmak anlamına gelmez. Filtreleme, uygulama yerine HKI 7 Bulut bileşeninde gerçekleşir; dolayısıyla, kısıtlanmış bir cihaza hangi varlıklardan uzak tutulduğu asla söylenmez. Gizli görünümler ve odalarda olduğu gibi, bu da varlıklar yerine zaman çizelgesini gizler: Home Assistant'ın yönetici olmayan hesaplar için varlık başına okuma izni yoktur, dolayısıyla oturum açan herkes bu varlıkları Home Assistant aracılığıyla okumaya devam edebilir.*","don't translate HKI 7 Cloud, Home Assistant"
cr_whats_new_1_0_0,array,3,"The event roster takes whole domains as well as named entities, so ""every lock"" is one choice rather than eleven. Domains are resolved fresh each time the timeline opens, so a lock added next month joins on its own instead of the roster meaning whatever existed the day it was set. The editor shows what each domain currently covers, since one domain can be hundreds of entities. Requires HKI 7 Cloud 0.10.0.*","Etkinlik listesi adlandırılmış varlıkların yanı sıra tüm etki alanlarını da alır, dolayısıyla ""her kilit"" on bir yerine bir seçimdir. Etki alanları, zaman çizelgesi her açıldığında yeniden çözümlenir, bu nedenle, ayarlandığı gün ne varsa, liste anlamına gelen liste yerine gelecek ay eklenen bir kilit kendi başına katılır. Bir alan adı yüzlerce varlık olabileceğinden, editör her alan adının şu anda neleri kapsadığını gösterir. HKI 7 Cloud 0.10.0 gerektirir.*",don't translate HKI 7 Cloud
cr_whats_new_1_0_0,array,4,"Events are labelled and filterable by what kind of thing they happened to — Doors, Windows, Motion, Lights, Locks. The filter row is built from what your timeline actually contains, so you are never offered a filter that can only come back empty. Days stay as the list headings: a timeline that reorders itself by category stops being a timeline.","Olaylar, başlarına ne tür bir şey geldiğine göre etiketlenir ve filtrelenebilir: Kapılar, Pencereler, Hareket, Işıklar, Kilitler. Filtre satırı, zaman çizelgenizin gerçekte içerdiği şeylerden oluşturulmuştur, bu nedenle size hiçbir zaman yalnızca boş dönebilecek bir filtre sunulmaz. Günler liste başlıkları olarak kalır: Kendini kategoriye göre yeniden düzenleyen bir zaman çizelgesi, zaman çizelgesi olmaktan çıkar.",
cr_whats_new_1_0_0,array,5,"Weather artwork now animates in the daily forecast, the hourly strip and the header pill, not only on the hero card. Animation was previously switched off below a fixed size, which caught all three.","Hava durumu çizimleri artık yalnızca kahraman kartında değil, günlük tahminde, saatlik şeritte ve başlık hapında da canlandırılıyor. Animasyon daha önce sabit bir boyutun altında kapatılmıştı ve bu üçünü de yakalıyordu.",
cr_whats_new_1_0_0,array,6,"Where weather artwork animates is now four separate switches — header pill, weather dialog, forecast strips, weather widget — instead of riding on the entity icon animation setting. The forecast strips animate a dozen icons side by side and are the only ones that ever cost anything noticeable, so turning those off need not mean losing the single small icon in the header pill. All four are on by default, and appear both in Settings › Appearance › Icons and in the header pill's own settings.","Hava durumu çizimlerinin canlandırıldığı yerde artık varlık simgesi animasyon ayarını kullanmak yerine dört ayrı anahtar (başlık hapı, hava durumu iletişim kutusu, tahmin şeritleri, hava durumu widget'ı) bulunuyor. Tahmin şeritleri bir düzine simgeyi yan yana canlandırıyor ve gözle görülür bir maliyeti olan tek simge bunlar; bu nedenle bunları kapatmak, başlık hapındaki tek küçük simgeyi kaybetmek anlamına gelmez. Dördü de varsayılan olarak açıktır ve hem Ayarlar › Görünüm › Simgeler'de hem de başlık hapının kendi ayarlarında görünür.",
cr_whats_new_1_0_0,array,7,"The 6h/12h/24h/48h/72h range selector is centred rather than left-aligned everywhere it appears, and gains a 3h option.","6 saat/12 saat/24 saat/48 saat/72 saat aralığı seçici, göründüğü her yerde sola hizalanmak yerine ortalanır ve 3 saat seçeneği kazanır.",
cr_whats_new_1_0_0,array,8,"New Connection log at the bottom of Settings › Connection: what the app's connection has actually been doing — connection attempts, reconnects, sync and subscriptions — with buttons to copy or clear it. All of this was already being recorded; nothing displayed it. It holds the last 300 lines and starts empty each launch.","Ayarlar › Bağlantı'nın alt kısmındaki Yeni Bağlantı günlüğü: uygulamanın bağlantısının gerçekte ne yaptığı (bağlantı denemeleri, yeniden bağlanma, senkronizasyon ve abonelikler) ve kopyalama veya temizleme düğmeleri. Bunların hepsi zaten kaydediliyordu; hiçbir şey onu göstermedi. Son 300 satırı tutar ve her açılışta boş başlar.",
cr_whats_new_1_0_0,array,9,"A button stack's layout options are now named the same as a single button's. The same shape was called Tile on a button and Compact on a stack, which made them look like different features.","Bir düğme yığınının düzen seçenekleri artık tek bir düğmeyle aynı şekilde adlandırılıyor. Aynı şekle, düğme üzerinde Döşeme ve yığın üzerinde Kompakt adı verildi ve bu da bunların farklı özellikler gibi görünmesini sağladı.",
cr_whats_new_1_0_0,array,10,"New Centered button layout beside Standard, Square and Tile: a square card whose icon sits in the middle of the space above the text, with the name and state centred beneath it. The icon is pushed upward rather than crowded as the text grows. A grid of these reads as a keypad, which is what makes a remote control possible.","Standart, Kare ve Döşeme'nin yanında yeni Ortalanmış düğme düzeni: simgesi metnin üzerindeki boşluğun ortasında yer alan, adı ve durumu onun altında ortalanmış olan kare bir kart. Metin büyüdükçe simge kalabalıklaşmak yerine yukarı doğru itilir. Bunlardan oluşan bir ızgara, uzaktan kumandayı mümkün kılan tuş takımı olarak okunur.",
cr_whats_new_1_0_0,array,11,"A button's icon, name and state are each shown or hidden on their own, under a new Elements section in its settings. The old Icon only switch is gone — hiding both the name and state is what it did, and these also let you keep one of them. Existing icon-only buttons keep working.","Bir düğmenin simgesi, adı ve durumu, ayarlarındaki yeni Öğeler bölümünün altında kendi başına gösterilir veya gizlenir. Eski Yalnızca Simge anahtarı gitti; yaptığı şey hem adı hem de durumu gizlemekti ve bunlar aynı zamanda onlardan birini saklamanıza da olanak tanıyor. Mevcut yalnızca simge düğmeleri çalışmaya devam ediyor.",
cr_whats_new_1_0_0,array,12,"A button stack carries the same three switches for all of its children, so a stack of twenty buttons need not be set twenty times. Turning one off on the stack hides it on every button; leaving it on lets each button decide.",Bir düğme yığını tüm alt öğeleri için aynı üç anahtarı taşır; dolayısıyla yirmi düğmeden oluşan bir yığının yirmi kez ayarlanmasına gerek yoktur. Yığındaki bir tanesini kapatmak onu her düğmede gizler; açık bırakmak her düğmenin karar vermesine izin verir.,
cr_whats_new_1_0_0,array,13,"Fixed the button stack settings dialog stopping about two thirds of the way down with empty space below it, leaving the rest unreachable on a tall phone or a tablet.","Düğme yığını ayarları iletişim kutusunun yaklaşık üçte iki oranında durması ve altında boş alan kalması, geri kalanının uzun bir telefon veya tablette erişilemez durumda kalması düzeltildi.",
cr_whats_new_1_0_0,array,14,"Navigation bar, media players and popups moved from Settings › Appearance to Settings › Dashboard, below the dashboards themselves. They are parts of what the dashboard is made of rather than how it is styled.","Gezinme çubuğu, medya oynatıcılar ve açılır pencereler, kontrol panellerinin altındaki Ayarlar › Görünüm'den Ayarlar › Kontrol Paneli'ne taşındı. Bunlar, gösterge panelinin nasıl tasarlandığından ziyade, kontrol panelinin yapıldığı şeyin parçalarıdır.",
cr_whats_new_1_0_0,array,15,"Settings › Connection ends with the connection log, and Restart Home Assistant now sits below it rather than above — it is the most disruptive thing on the screen and the least often wanted.","Ayarlar › Bağlantı, bağlantı günlüğüyle birlikte sona eriyor ve Yeniden Başlatma Asistanı artık yukarıda değil, altında duruyor; ekrandaki en rahatsız edici ve en az istenen şey.",don't translate Home Assistant
cr_whats_new_1_0_0,array,16,"The Events tab gives an admin a button straight to Settings › Family Sharing › Events when nothing is being tracked yet, instead of only naming where to go.","Etkinlikler sekmesi, yalnızca nereye gidileceğini belirtmek yerine, henüz hiçbir şey takip edilmediğinde yöneticiye doğrudan Ayarlar › Aile Paylaşımı › Etkinlikler'e giden bir düğme sağlar.",
cr_whats_new_1_0_0,array,17,"Entity and domain pickers list what is already selected first, so undoing a choice does not mean hunting for it alphabetically. The order is fixed when the picker opens, so ticking something does not make it jump away from your finger.","Varlık ve etki alanı seçiciler, önceden seçilmiş olanı ilk önce listeler; dolayısıyla bir seçimi geri almak, onu alfabetik olarak aramak anlamına gelmez. Seçici açıldığında sıra sabitlenir, bu nedenle bir şeyi işaretlemek, onun parmağınızdan uzaklaşmasına neden olmaz.",
cr_whats_new_1_0_0,array,18,"A button stack's heading now has explicit Show name and Show icon switches, plus an option to centre them. Clearing the text field used to be the only way to get a stack with no heading, which hid that it was possible and meant losing the name to hide it.","Bir düğme yığınının başlığında artık açıkça Adı göster ve Simgeyi göster anahtarlarının yanı sıra bunları ortalama seçeneği de bulunuyor. Metin alanını temizlemek, başlığı olmayan bir yığın elde etmenin tek yoluydu; bu da bunun mümkün olduğunu gizliyordu ve onu gizlemek için adı kaybetmek anlamına geliyordu.",
cr_whats_new_beta_18,array,1,"An admin can now change who a published family dashboard is shared with, instead of only being able to choose at the moment of publishing. Settings › Family Sharing › Dashboards lists who each published dashboard reaches, with a Manage access button to add or remove people. Until now the only way to take a dashboard away from one person was to delete it for everybody.*","Yönetici artık yalnızca yayınlama sırasında seçim yapmak yerine, yayınlanan aile kontrol panelinin kimlerle paylaşılacağını değiştirebilir. Ayarlar › Aile Paylaşımı › Kontrol Panelleri, yayınlanan her kontrol panelinin kime ulaştığını listeler ve kişileri eklemek veya kaldırmak için Erişimi yönet düğmesi bulunur. Şimdiye kadar kontrol panelini bir kişinin elinden almanın tek yolu onu herkesten silmekti.*",
cr_whats_new_beta_18,array,2,"Losing access to a family dashboard now clears what was layered on top of it. The dashboard itself was already removed, but the rooms, widgets, pages, nav bar, header pill and theme it left behind on the device stayed — so the next dashboard an admin shared arrived on top of the previous one's leftovers and looked like it had failed to import in full. Everything that belonged to the revoked dashboard is now removed with it. Home Assistant connections, profiles and notification settings are untouched: losing a dashboard is not being signed out.*","Aile kontrol paneline erişimi kaybetmek artık onun üzerinde yer alan katmanları da temizliyor. Kontrol panelinin kendisi zaten kaldırılmıştı, ancak cihazda geride bıraktığı odalar, widget'lar, sayfalar, gezinme çubuğu, başlık hapı ve tema kaldı; böylece bir yöneticinin paylaştığı bir sonraki kontrol paneli, önceki kontrol panelinden kalanların üzerine geldi ve tam olarak içe aktarılamamış gibi görünüyordu. İptal edilen kontrol paneline ait olan her şey artık onunla birlikte kaldırılıyor. Ev Asistanı bağlantılarına, profillerine ve bildirim ayarlarına dokunulmaz: Kontrol panelini kaybetmek, oturumun kapatılması anlamına gelmez.*",don't translate Home Assistant
cr_whats_new_beta_18,array,3,"New Devices tab under Settings › Family Sharing, showing which HKI version each family device is running and flagging the ones older than yours, with the Home Assistant account, device name, Android version and when it last reported. Each install records this through the HKI 7 Cloud component over the connection the app already uses, so every signed-in device is covered — including one with Location and Notifications both switched off — and nothing is added to Home Assistant's entity list. A device can only ever report itself. An admin can forget a phone that has been replaced; one still in use reappears the next time its app opens. Requires HKI 7 Cloud 0.7.0.*","Ayarlar › Aile Paylaşımı altındaki Yeni Cihazlar sekmesi, her bir aile cihazının hangi HKI sürümünü çalıştırdığını gösterir ve sizinkinden daha eski olanları Ev Asistanı hesabı, cihaz adı, Android sürümü ve en son ne zaman bildirildiğiyle işaretler. Her yükleme, bunu uygulamanın halihazırda kullandığı bağlantı üzerinden HKI 7 Bulut bileşeni aracılığıyla kaydeder; böylece, Konum ve Bildirimler'in kapalı olduğu bir cihaz da dahil olmak üzere, oturum açmış olan her cihaz kapsanır ve Ev Asistanı'nın varlık listesine hiçbir şey eklenmez. Bir cihaz yalnızca kendisini raporlayabilir. Bir yönetici değiştirilen bir telefonu unutabilir; Halen kullanımda olan bir uygulama, uygulamanın bir sonraki açılışında yeniden görünür. HKI 7 Cloud 0.7.0 gerektirir.*","don't translate HKI 7 Cloud, Home Assistant"
cr_whats_new_beta_18,array,4,"An admin can now require the family to update. ""Require everyone to be on this version"" in the Devices tab sets a household minimum; anyone below it gets a full-screen prompt on their next launch instead of the dashboard, with Google Play's in-app update doing the install. There is also a per-device ""Ask to update"" for when one phone is behind rather than everyone, which clears itself once that device updates. No app can install a newer version of itself, so Play does the actual work — which also means the prompt can only insist when Play genuinely has the update ready. When it does not, the prompt explains why and lets you past for that session, rather than locking someone out of their own locks and alarms over an update they cannot get. You can only require a version some family device already runs. Requires HKI 7 Cloud 0.8.0.*","Bir yönetici artık ailenin güncelleme yapmasını isteyebilir. Cihazlar sekmesindeki ""Herkesin bu sürümde olmasını zorunlu kıl"" hane minimumunu belirler; altındaki herkes, bir sonraki açılışta kontrol paneli yerine tam ekran bir bilgi istemi alıyor ve yükleme işlemini Google Play'in uygulama içi güncellemesi yapıyor. Ayrıca, herkes yerine bir telefonun geride kalması durumunda cihaz başına bir ""Güncelleme iste"" seçeneği de vardır ve bu cihaz güncellendiğinde kendi kendini temizler. Hiçbir uygulama kendisinin daha yeni bir sürümünü yükleyemez, bu nedenle asıl işi Play yapar; bu aynı zamanda istemin yalnızca Play'in güncellemeyi gerçekten hazır olduğunda ısrar edebileceği anlamına gelir. Aksi takdirde, bilgi istemi nedenini açıklar ve birisini alamadığı bir güncelleme nedeniyle kendi kilitlerinden ve alarmlarından kilitlemek yerine o oturumu geçmenize izin verir. Yalnızca bazı aile cihazlarının zaten çalıştığı bir sürüme ihtiyaç duyabilirsiniz. HKI 7 Cloud 0.8.0 gerektirir.*",don't translate HKI 7 Cloud
cr_whats_new_beta_18,array,5,"Each Family Sharing tab now says for itself when it needs a newer HKI 7 Cloud than the one installed, instead of that only appearing in the summary at the top of the screen. Parental controls, Permissions, Presence and Devices each carry the version they need, so it is clear before you configure a tab whose settings the installed component cannot store yet.","Artık her Aile Paylaşımı sekmesi, yalnızca ekranın üst kısmındaki özette görünmek yerine, kurulu olandan daha yeni bir HKI 7 Cloud'a ihtiyaç duyduğunu kendisi söylüyor. Ebeveyn denetimleri, İzinler, İletişim Durumu ve Cihazların her biri ihtiyaç duydukları sürümü taşır; bu nedenle, yüklü bileşenin henüz ayarlarını saklayamadığı bir sekmeyi yapılandırmadan önce bunu yapmanız açıktır.",don't translate HKI 7 Cloud
cr_whats_new_beta_17,array,1,"Fixed a crash that could take the whole app down during the very first connection attempt after opening it, which read as ""the app won't even open"". The setup that runs on every launch had no error handling of its own, so a failure there — usually an expired session being refreshed on a flaky network — escaped as an unhandled error instead of surfacing as a connection error you could retry. As a backstop, an unexpected error on a background task can no longer terminate the app at all.","Uygulamayı açtıktan sonraki ilk bağlantı denemesinde tüm uygulamanın kapanmasına neden olabilecek ve ""uygulama açılmıyor bile"" olarak okunan bir kilitlenme düzeltildi. Her başlatmada çalışan kurulumun kendine ait bir hata işlemesi yoktu, bu nedenle buradaki bir hata (genellikle süresi dolmuş bir oturumun kesintili bir ağda yenilenmesi), yeniden deneyebileceğiniz bir bağlantı hatası olarak ortaya çıkmak yerine işlenmeyen bir hata olarak kaçtı. Bir arka plan görevinde beklenmedik bir hata, artık uygulamayı hiçbir şekilde sonlandıramaz.",
cr_whats_new_beta_17,array,2,"The dashboard no longer rebuilds itself every time Home Assistant reports a state change. The home screen tracked the complete entity list, so a single motion sensor tripping or a power meter ticking — several times a second on a busy install — invalidated the whole screen and every widget on it, even when nothing visible had changed. It now watches only what it actually draws.","Artık Home Assistant her durum değişikliğini bildirdiğinde kontrol paneli kendini yeniden oluşturmuyor. Ana ekran tüm varlık listesini takip ediyordu, bu nedenle tek bir hareket sensörü tetiklemesi veya bir güç ölçerin (yoğun bir kurulumda saniyede birkaç kez) tıklaması, görünür hiçbir şey değişmemiş olsa bile tüm ekranı ve üzerindeki her widget'ı geçersiz kılıyordu. Artık yalnızca gerçekte çizdiklerini izliyor.",don't translate Home Assistant
cr_whats_new_beta_17,array,3,"Entity icon animations no longer redo layout work on every frame they animate. The spin, pulse and glow effects re-ran the surrounding widget's composition on each animation frame instead of just redrawing the icon, so any dashboard with an active light, an open door or a recording camera paid that cost continuously. The animations look exactly the same.","Varlık simgesi animasyonları artık canlandırdıkları her karede düzen çalışmasını yeniden yapmıyor. Döndürme, darbe ve parlama efektleri, yalnızca simgeyi yeniden çizmek yerine, çevredeki widget'in kompozisyonunu her animasyon karesinde yeniden çalıştırdı; böylece aktif bir ışığa, açık bir kapıya veya bir kayıt kamerasına sahip herhangi bir gösterge paneli bu maliyeti sürekli olarak ödedi. Animasyonlar tamamen aynı görünüyor.",
cr_whats_new_beta_17,array,4,"Fixed the app becoming unresponsive — and eventually killed by Android — when opening the history of a busy entity, such as a motion sensor that logs thousands of state changes a day. Matching each history entry to its actor re-scanned and re-parsed the entire logbook's timestamps from scratch for every single entry, work that scaled with history size squared; a quiet entity never noticed, but a busy one could peg the CPU for ten seconds straight. The logbook is now parsed once instead of once per entry, and the whole fetch runs off the main thread.","Günde binlerce durum değişikliğini kaydeden bir hareket sensörü gibi meşgul bir varlığın geçmişini açarken uygulamanın yanıt vermemesi ve sonunda Android tarafından öldürülmesi düzeltildi. Her bir geçmiş girişini aktörüyle eşleştirerek, her bir giriş için tüm kayıt defterinin zaman damgalarını yeniden taradı ve yeniden ayrıştırdı; çalışma, geçmiş boyutunun karesi ile ölçeklendi; sessiz bir varlık asla farkına varmaz, ancak meşgul bir varlık CPU'yu on saniye boyunca sabitleyebilir. Kayıt defteri artık giriş başına bir kez yerine bir kez ayrıştırılıyor ve tüm getirme işlemi ana iş parçacığından yürütülüyor.",
cr_whats_new_beta_17,array,5,"Hardened how the app reads attributes Home Assistant sends for an entity: a value present but shaped unexpectedly (an object or array where a plain number or piece of text was expected) used to throw and crash whatever screen read it, instead of just being treated as missing.","Uygulamanın, Home Assistant'ın bir varlık için gönderdiği nitelikleri okuma biçimi güçlendirildi: mevcut olan ancak beklenmedik bir şekilde şekillendirilen bir değer (düz bir sayının veya metin parçasının beklendiği bir nesne veya dizi), yalnızca eksik olarak değerlendirilmek yerine, onu okuyan ekranı fırlatıp çökertmek için kullanıldı.",don't translate Home Assistant
cr_whats_new_beta_17,array,6,"Fixed ""Push to family dashboard"" reporting a dashboard as already up to date no matter what had changed. A dashboard re-imported after a reinstall is stored locally under a different id than the one the cloud copy is published under, and the push check was still looking up the local export by the cloud id, finding nothing, and silently skipping that dashboard on every push.","""Aile kontrol paneline aktar"" özelliğinin, ne değişirse değişsin bir kontrol panelini zaten güncel olarak raporlaması düzeltildi. Yeniden yükleme sonrasında yeniden içe aktarılan bir kontrol paneli, bulut kopyasının yayınlandığı kimlikten farklı bir kimlik altında yerel olarak depolanıyor ve push kontrolü hâlâ bulut kimliğine göre yerel dışa aktarmayı arıyor, hiçbir şey bulamıyor ve her gönderimde bu kontrol panelini sessizce atlıyordu.",
cr_whats_new_beta_15,array,1,"The Formula 1 widget gains two new tabs and expands two existing ones. Calendar lists the season's races in order, with each circuit and the host country's flag. Grid shows the starting grid, with each driver's move up or down from where they qualified. Standings can now show a championship prediction alongside the points table — current and predicted final points, for drivers or constructors — when F1 Sensor's optional F1TV Auth is set up. Live gains a proper timing list: gap to the leader, interval to the car ahead, tyre compound and stint length, and pit/retired status for every driver, plus which lap the leader is on.","Formula 1 widget'ına iki yeni sekme eklendi ve mevcut iki sekme genişletildi. Takvim, sezonun yarışlarını her devre ve ev sahibi ülkenin bayrağıyla birlikte sırayla listeler. Izgara, her sürücünün kalifiye olduğu yerden yukarı veya aşağı hareketiyle birlikte başlangıç ızgarasını gösterir. F1 Sensörünün isteğe bağlı F1TV Kimlik Doğrulaması ayarlandığında sıralamalar artık puan tablosunun yanında (sürücüler veya üreticiler için mevcut ve tahmini son puanlar) bir şampiyona tahminini gösterebiliyor. Live, uygun bir zamanlama listesi elde ediyor: liderle aradaki fark, öndeki araçla aradaki mesafe, lastik bileşimi ve yarış uzunluğu, her sürücü için pit/emekli durumu ve ayrıca liderin hangi turda olduğu.",
cr_whats_new_beta_15,array,2,"Fixed shared family dashboards failing to update at all once the owner added a widget type introduced in a newer app version, such as the To-Do List or Formula 1 widgets. A single unrecognized widget used to fail the whole dashboard, so a family member on an older build stopped receiving any of that dashboard's changes instead of just missing the new widget. Unrecognized widgets are now skipped individually, so the rest of a shared dashboard keeps working across app versions.","Paylaşılan aile kontrol panellerinin, sahibi Yapılacaklar Listesi veya Formül 1 widget'ları gibi daha yeni bir uygulama sürümünde tanıtılan bir widget türünü ekledikten sonra hiç güncellenemeyen sorun çözüldü. Tanınmayan tek bir widget tüm kontrol panelinde başarısızlığa neden oluyordu, bu nedenle eski bir yapıdaki bir aile üyesi, yeni widget'ı kaçırmak yerine söz konusu kontrol panelindeki değişikliklerin herhangi birini almayı bıraktı. Tanınmayan widget'lar artık tek tek atlanıyor, böylece paylaşılan kontrol panelinin geri kalanı uygulama sürümlerinde çalışmaya devam ediyor.",
cr_whats_new_beta_15,array,3,"The To-Do widget's square card can now feature one whole list instead of items individually flagged high priority. A new Hero list picker in the widget's General tab — shown once it has at least one tab — chooses which list's open items appear on the card, labelled with that list's name, so what you see at a glance is a specific list like Chores rather than a scattered mix pulled from every tab. Deleting a tab that's currently the hero list clears the setting automatically.","Yapılacaklar widget'ının kare kartında artık tek tek yüksek öncelik olarak işaretlenen öğeler yerine tek bir tam liste yer alabiliyor. Widget'ın Genel sekmesindeki yeni Kahraman listesi seçici - en az bir sekme olduğunda gösterilir - kartta hangi listenin açık öğelerinin görüneceğini ve o listenin adıyla etiketlendiğini seçer; böylece ilk bakışta gördüğünüz şey, her sekmeden alınan dağınık bir karışım yerine Görevler gibi belirli bir listedir. Şu anda kahraman listesi olan bir sekmeyi silmek, ayarı otomatik olarak temizler.",
cr_whats_new_beta_15,array,4,"Fixed the app crashing whenever it needed to reconnect to Home Assistant or the connection failed. The in-app push-notification channel ran its subscription in a way that let a dropped connection's error skip past the surrounding error handling entirely and crash the app outright. A separate mismatch also meant every single reconnect immediately tore the whole sync stack down and rebuilt it a second time, racing its own freshly made connection. Both are fixed.","Home Assistant'a yeniden bağlanmak gerektiğinde veya bağlantı başarısız olduğunda uygulamanın çökmesi düzeltildi. Uygulama içi anlık bildirim kanalı, aboneliğini, kesilen bir bağlantının hatasının çevredeki hata işlemeyi tamamen geçmesine ve uygulamanın tamamen çökmesine izin verecek şekilde çalıştırdı. Ayrı bir uyumsuzluk aynı zamanda her yeniden bağlantının anında tüm senkronizasyon yığınını parçalayıp ikinci kez yeniden oluşturarak kendi yeni yapılan bağlantısıyla yarıştığı anlamına geliyordu. Her ikisi de sabittir.",don't translate Home Assistant
cr_whats_new_beta_14,array,1,"Settings › Family Sharing now shows which HKI 7 Cloud version is installed, and — if it's behind — exactly which family features that leaves unavailable, each labelled with the version that unlocks it. Previously the only way to find out a component was out of date was to hit a save that silently dropped part of what you configured.*","Ayarlar › Aile Paylaşımı artık hangi HKI 7 Cloud sürümünün yüklü olduğunu ve eğer gerideyse tam olarak hangi aile özelliklerinin kullanılamaz durumda olduğunu, her biri bu sürümün kilidini açan sürümle etiketlenmiş olarak gösteriyor. Önceden bir bileşenin güncelliğini yitirdiğini anlamanın tek yolu, yapılandırdığınız şeyin bir kısmını sessizce düşüren bir kaydetme işlemine basmaktı.*",don't translate HKI 7 Cloud
cr_whats_new_beta_14,array,2,"New To-Do List widget: a shared checklist or shopping list the whole family can add to. Items support an optional quantity, category, priority (low, normal or high, shown as a flag) and due date, with Added by and Checked by attribution when more than one person edits the list. Choose Manual, A–Z, Priority, or Newest-first ordering, and filter between To do, All, and Done from the dialog. Editing can be limited to everyone, specific family members picked from the real Home Assistant user list, or admins only, enforced the same way the rest of the app's family permissions are. It follows the same design as every other widget, with the usual General, Permissions, Appearance and Visibility settings tabs.","Yeni Yapılacaklar Listesi widget'ı: tüm ailenin ekleyebileceği paylaşılan bir kontrol listesi veya alışveriş listesi. Öğeler isteğe bağlı bir miktarı, kategoriyi, önceliği (düşük, normal veya yüksek, bayrak olarak gösterilir) ve son tarihi destekler; listeyi birden fazla kişi düzenlediğinde Ekleyen ve Atıf tarafından kontrol edildi. Manuel, A-Z, Öncelik veya En yeni öncelikli sıralamayı seçin ve iletişim kutusunda Yapılacaklar, Tümü ve Bitti arasında filtre uygulayın. Düzenleme herkesle, gerçek Ev Asistanı kullanıcı listesinden seçilen belirli aile üyeleriyle veya yalnızca yöneticilerle sınırlandırılabilir ve uygulamanın diğer aile izinleriyle aynı şekilde uygulanır. Her zamanki Genel, İzinler, Görünüm ve Görünürlük ayarları sekmeleriyle diğer tüm widget'larla aynı tasarımı izler.",don't translate Home Assistant
cr_whats_new_beta_14,array,3,"Room following can now be set to only place someone in the right room when the app starts, without tracking them for the rest of the session. The existing Ask before switching rooms switch only chose between asking and switching silently; there was no way to get the one-time placement without the app continuing to follow every move afterward. A new Keep following while the app is open switch under each person's room-following settings turns that continued tracking off on its own, leaving Open their room when the app starts to do the one placement it always did.*","Oda takibi artık bir kişiyi yalnızca uygulama başlatıldığında doğru odaya yerleştirecek ve oturumun geri kalanında takip edilmeyecek şekilde ayarlanabilir. Mevcut oda değiştirmeden önce sor seçeneği yalnızca sorma ve sessizce geçiş yapma arasında seçim yapıyordu; Uygulama daha sonra her hareketi takip etmeye devam etmeden tek seferlik yerleştirmeyi almanın bir yolu yoktu. Her kişinin oda takip ayarlarının altındaki yeni Uygulama açıkken takip etmeye devam et anahtarı, kendi başına takip etmeye devam eden bir geçiş yaparak, uygulama her zaman yaptığı tek yerleşimi yapmaya başladığında Odasını aç özelliğini bırakır.*",
cr_whats_new_beta_14,array,4,"New Formula 1 widget, for the F1 Sensor integration. The card shows the next race with a countdown and the circuit outline; opening it gives four tabs — Next race with the full session schedule and trackside weather, Standings for drivers and constructors, Results for the last grand prix with places gained or lost, and a Live tab that appears only while a session is running, showing the flag and race control messages. It finds its sensors on its own: F1 Sensor lets you rename its entities and pick a language, so the widget matches on the integration's stable internal keys rather than entity ids.","F1 Sensor entegrasyonu için yeni Formula 1 bileşeni. Kart, geri sayımla birlikte bir sonraki yarışı ve pist çizimini gösterir; açtığınızda dört sekme var — Tam seans programı ve pist hava durumuyla Sonraki yarış, Sürücü ve takım Sıralaması, kazanılan veya kaybedilen sıralarla son yarışın Sonuçları ve yalnızca bir seans sürerken görünen, bayrak ile yarış kontrol mesajlarını gösteren Canlı sekmesi. Sensörlerini kendi bulur: F1 Sensor varlıkların yeniden adlandırılmasına ve dil seçimine izin verdiği için bileşen, varlık kimlikleri yerine entegrasyonun değişmeyen iç anahtarlarıyla eşleştirme yapar.",
cr_whats_new_beta_14,array,5,"New Find my devices widget: a map of your phones, watches, tags and trackers. Add any device_tracker or person entity; the ones reporting GPS appear as pins on the map, the rest are still listed with their state. Tick as many as you like to show them together, or leave nothing ticked to see everything. Three filters narrow the list: All, Devices, and People. The card follows the same design as the other widgets, so background image, icon, width, shape and corner radius all work as you would expect.","Yeni Cihazlarımı bul bileşeni: telefonlarınızın, saatlerinizin, etiketlerinizin ve takipçilerinizin haritası. Herhangi bir device_tracker veya person varlığı ekleyin; GPS bildirenler haritada iğne olarak görünür, diğerleri durumlarıyla listede kalır. Birlikte görmek için istediğiniz kadarını işaretleyin ya da hiçbirini işaretlemeyip hepsini görün. Üç filtre listeyi daraltır: Tümü, Cihazlar ve Kişiler. Kart diğer bileşenlerle aynı tasarımı izler; arka plan görseli, simge, genişlik, biçim ve köşe yarıçapı beklendiği gibi çalışır.",
cr_whats_new_beta_14,array,6,"The maps in the app no longer look like a printed atlas. HKI now uses the same muted CARTO basemap that Home Assistant's own map card uses, instead of the standard OpenStreetMap rendering, which was designed as a mapper's reference render rather than a background for an app. It also has a proper dark variant, so the map finally follows your theme instead of glowing white inside a dark dialog.","Uygulamadaki haritalar artık basılı atlas gibi görünmüyor. HKI artık Home Assistant'ın kendi harita kartının kullandığı sakin CARTO taban haritasını kullanıyor; standart OpenStreetMap çizimi haritaçılar için referans olarak tasarlanmıştı, uygulama arka planı için değil. Ayrıca gerçek bir koyu varyantı var, böylece harita koyu bir pencerede beyaz parlamak yerine temaya uyuyor.",don't translate Home Assistant
cr_whats_new_beta_14,array,7,"Fixed room following doing nothing at all once Ask before switching rooms was turned off. That switch was being treated as a master off-switch for the whole feature, so with prompting disabled the app neither asked nor moved. It now does what it says: with prompting on you get the prompt, with it off the room simply opens. Don't ask again until I restart still stops both, since trading a prompt for a surprise jump would be worse.","Oda takibinin, Oda değiştirmeden önce sor kapatıldığında hiçbir şey yapmaması düzeltildi. Bu anahtar tüm özelliğin ana kapatma düğmesi gibi ele alınıyordu; sorma kapalıyken uygulama ne soruyor ne de geçiyordu. Artık dediğini yapıyor: sorma açıkken sorulur, kapalıyken oda doğrudan açılır. Yeniden başlatana kadar bir daha sorma ikisini de durdurmaya devam eder; sürpriz bir sıçrama sorudan kötü olurdu.",
cr_whats_new_beta_14,array,8,"Fixed the waste widget's settings dialog being cut off around two thirds of the way down while empty space sat below it. The dialog reserves a tall card but its contents were capped at a fixed height, so the scroll area stopped short of the space available. Both the settings dialog and the waste dialog itself now use the full height.","Çöp bileşeninin ayarlar penceresinin, altında boş alan varken üçte ikide kesilmesi düzeltildi. Pencere uzun bir kart ayırıyor ama içeriği sabit bir yükseklikle sınırlıydı, böylece kaydırma alanı mevcut alana ulaşamıyordu. Her iki pencere de artık tam yüksekliği kullanıyor.",
cr_whats_new_beta_14,array,9,"The waste dialog's calendar can now look 7, 14 or 28 days ahead, and is drawn as a week grid like the calendar widget rather than a flat list: weekday columns, one row per week, and a coloured dot per collection in its fraction's colour. Tap a day to see what is collected then; it opens on the next day with a collection.","Çöp penceresindeki takvim artık 7, 14 veya 28 gün ileriye bakabiliyor ve düz liste yerine takvim bileşeni gibi haftalık ızgara olarak çiziliyor: gün sütunları, hafta başına bir satır ve her toplama için kendi fraksiyonunun renginde bir nokta. Bir güne dokunup o gün nelerin alındığını görün; ilk toplama gününde açılır.",
cr_whats_new_beta_14,array,10,"Parcel dialogs now say Today or Tomorrow instead of naming the weekday. The whole question a delivery date answers is how soon, and “Wednesday” on a Wednesday made you work that out yourself.",Kargo pencereleri artık gün adı yerine Bugün veya Yarın diyor. Teslimat tarihinin yanıtladığı soru ne kadar yakın olduğu; çarşamba günü “çarşamba” demek hesabı size bırakıyordu.,
cr_whats_new_beta_14,array,11,"The +2 bubble in the header, shown when there are more people than fit, now opens. Tapping it lists everyone with their name and state, and picking someone opens their detail dialog as usual. Previously those people were simply unreachable on a narrow header.","Başlıktaki, sığandan fazla kişi olduğunda çıkan “+2” balonu artık çalışıyor. Dokununca herkesi adı ve durumuyla listeler; birini seçmek her zamanki gibi ayrıntı penceresini açar. Önceden dar bir başlıkta o kişilere hiç ulaşılamıyordu.",
cr_whats_new_beta_14,array,12,"Fixed the map in the person dialog overflowing the dialog on a tablet or unfolded foldable. The map was drawn as a square as wide as the dialog, so on a 620dp-wide card it became 620dp tall and pushed the address off the bottom. It now takes the height left over instead.",Kişi penceresindeki haritanın tablet ve açık katlanabilir cihazlarda pencereyi taşması düzeltildi. Harita pencere genişliğinde bir kare olarak çiziliyordu; 620dp genişliğindeki bir kartta 620dp yüksekliğe ulaşıp adresi dışarı itiyordu. Artık kalan yüksekliği kullanıyor.,
cr_whats_new_beta_14,array,13,"Fixed notifications going undelivered while Home Assistant reported the device as not connected to local push notifications, even with the app open. The app stood aside for its background connection whenever the settings said that connection should be running — but when Android refused to start it, such as after a reboot, nothing was listening at all. The app now checks whether that connection is really running rather than whether it is meant to be, takes over when it is not, and hands the channel back the moment it does come up.","Uygulama açıkken bile Home Assistant'ın cihazı yerel anlık bildirimlere bağlı değil olarak bildirmesi ve bildirimlerin ulaşmaması düzeltildi. Ayarlar arka plan bağlantısının çalışması gerektiğini söylediği anda uygulama kenara çekiliyordu; ancak Android bu bağlantıyı başlatmayı reddettiğinde — örneğin yeniden başlatmadan sonra — hiç kimse dinlemiyordu. Uygulama artık bağlantının gerçekten çalışıp çalışmadığına bakıyor, çalışmıyorsa devralıyor ve bağlantı ayağa kalktığı anda kanalı geri veriyor.",don't translate Home Assistant
cr_whats_new_beta_14,array,14,"Fixed room-following settings not taking effect on the device you changed them from. Turning following off, or changing how long a room must hold before it counts as a move, was written to the companion component but not to the device's own cached copy — so it kept following, and kept using the old dwell time, until the app was next started. Changes now apply immediately. The dwell slider also no longer offers zero seconds, which made the very first sensor reading count as a move.","Oda takibi ayarlarının, değiştirildikleri cihazda etkili olmaması düzeltildi. Takibi kapatmak veya bir odanın taşınma sayılması için ne kadar sürmesi gerektiğini değiştirmek companion bileşenine yazılıyor ama cihazın kendi önbelleğine yazılmıyordu; böylece uygulama yeniden başlatılana kadar takip sürüyor ve eski süre kullanılıyordu. Değişiklikler artık anında geçerli. Kaydırıcı ayrıca artık sıfır saniye sunmuyor; bu, sensörün ilk okumasının bile taşınma sayılmasına yol açıyordu.",
cr_whats_new_beta_14,array,15,"The Formula 1 card now says one thing: the next grand prix and when it is — “Today 15:00” on the day, otherwise the date and time, in your own timezone. Track status is gone from it, because outside a session that read “Not running”, which is not what anyone glances at the card for. The status sits in the same dark pill the camera, vacuum and waste cards use, so it lines up with the rest of your dashboard again. The circuit outline stays as a faint watermark and the host country flag in the corner. The widget also no longer asks which F1 instance to use — it reads everything the integration publishes, so the dialog always has the full picture.","Formula 1 kartı artık tek bir şey söylüyor: bir sonraki büyük ödül ve ne zaman olduğu — gününde “Bugün 15:00”, diğer zamanlarda tarih ve saat, kendi saat diliminizde. Pist durumu karttan kaldırıldı; seans dışında “Çalışmıyor” yazıyordu ve kimse karta bunun için bakmıyor. Durum, kamera, süpürge ve çöp kartlarındaki aynı koyu kapsülde duruyor; böylece panonun geri kalanıyla yeniden hizalı. Pist çizimi soluk filigran olarak, ev sahibi ülke bayrağı da köşede kalıyor. Bileşen ayrıca artık hangi F1 örneğinin kullanılacağını sormuyor — entegrasyonun yayınladığı her şeyi okuyor, böylece pencere her zaman tam resme sahip.",
cr_whats_new_beta_14,array,16,"The To-Do List dialog's undo/redo and Close buttons moved from the title row to the bottom action bar, matching every other dialog in the app.",Yapılacaklar Listesi iletişim kutusunun geri al/yinele ve Kapat düğmeleri başlık satırından alt eylem çubuğuna taşınarak uygulamadaki diğer tüm iletişim kutuları ile eşleşti.,
cr_whats_new_beta_14,array,17,* HKI 7 Cloud Component integration required.,* HKI 7 Cloud Component entegrasyonu gerekir.,don't translate HKI 7 Cloud
cr_whats_new_beta_13,array,1,"HKI can now follow you from room to room. Point it at a room-presence sensor such as ESPresense and it opens the room you are in when the app starts, then offers to switch views when you move somewhere else. Rooms also gain a purple counter showing how many people are in them, beside the motion and presence counters. An admin sets this up for the whole family under Settings › Family Sharing › Presence: pick each person's sensor and how long a new room must hold before it counts as a move. Sensor rooms named after your Home Assistant areas are matched automatically.*","HKI artık sizi odadan odaya takip edebilir. ESPresense gibi bir oda varlık sensörü seçin: uygulama açılırken bulunduğunuz odayı açar, siz başka bir yere geçtiğinizde görünümü değiştirmeyi önerir. Odalarda ayrıca hareket ve varlık sayaçlarının yanında, içeride kaç kişi olduğunu gösteren mor bir sayaç belirir. Bir yönetici bunu tüm aile için Ayarlar › Aile Paylaşımı › Varlık altında kurar: her kişinin sensörü ve yeni bir odanın geçiş sayılması için ne kadar sürmesi gerektiği. Home Assistant alanlarınızla aynı ada sahip sensör odaları otomatik olarak eşleşir.*",don't translate Home Assistant
cr_whats_new_beta_13,array,2,"Notifications from Home Assistant can now carry action buttons. Add actions to a notify.mobile_app_… message and each one appears on the notification; tapping it sends the action back to Home Assistant, where an automation can respond. The buttons also appear on the in-app banner and in the notification drawer, because HKI hides system notifications while it is open. A URI action opens its link, a REPLY action takes a typed answer, and an action tapped while offline is delivered once the connection returns. Each notification can be actioned once.","Home Assistant bildirimleri artık eylem düğmeleri içerebilir. Bir notify.mobile_app_… mesajına actions eklendiğinde her biri bildirimde görünür; dokunulduğunda eylem Home Assistant'a geri gönderilir ve bir otomasyon buna yanıt verebilir. HKI açıkken sistem bildirimlerini göstermediği için bu düğmeler uygulama içindeki bantta ve bildirim çekmecesinde de görünür. URI eylemi bağlantısını açar, REPLY eylemi yazılan bir yanıt alır ve çevrim dışıyken dokunulan bir eylem bağlantı geri geldiğinde iletilir. Her bildirim bir kez kullanılabilir.",don't translate Home Assistant
cr_whats_new_beta_13,array,3,"New Action button: a button that needs no entity at all. Give it a name, an icon, and whatever tap, hold, or double-tap action you like — navigate to a view or room, call a Home Assistant action, open a URL or a custom popup. Add one from the widget picker, from a button stack, or as an action badge in the badge area beside the header.","Yeni: Eylem düğmesi — hiçbir varlığa ihtiyaç duymayan bir düğme. Ona bir ad, bir simge ve dokunma, basılı tutma veya çift dokunma için istediğiniz eylemi verin: bir görünüme ya da odaya gidin, bir Home Assistant eylemi çağırın, bir URL veya özel açılır pencere açın. Widget seçiciden, bir düğme yığınından veya başlığın yanındaki rozet alanına eylem rozeti olarak eklenir.",don't translate Home Assistant
cr_whats_new_beta_13,array,4,"Icon-only buttons can now be sized. Auto shrinks the icon as a stack gains columns, which is what makes icon-only usable in the four-, five-, and six-column custom popups where a fixed-size icon used to overflow the button. A button can also be given its own size.","Yalnızca simge gösteren düğmeler artık boyutlandırılabilir. Otomatik, yığın sütun kazandıkça simgeyi küçültür; bu da sabit boyutun taştığı dört, beş ve altı sütunlu pencerelerde yalnızca-simgeyi kullanılabilir kılar. Bir düğmeye kendi boyutu da verilebilir.",
cr_whats_new_beta_13,array,5,"Button stacks can push their appearance onto every button they hold: one Icon only for every button switch instead of the same switch on twenty buttons, plus an icon size they all inherit. A single button can still override the size.",Düğme yığınları görünümlerini içerdikleri tüm düğmelere dayatabilir: yirmi düğmede aynı anahtar yerine tek bir Her düğme için yalnızca simge anahtarı ve hepsinin devraldığı bir simge boyutu. Tek bir düğme boyutu yine de değiştirebilir.,
cr_whats_new_beta_13,array,6,"The quick start guide can be browsed by hand. Swipe the gesture preview, tap a dot, or tap any tip to jump to it. It still plays on its own until you take over.","Hızlı başlangıç kılavuzu artık elle gezilebiliyor. Hareket önizlemesini kaydırın, bir noktaya veya herhangi bir ipucuna dokunarak oraya atlayın. Siz devralana kadar kendi kendine oynamayı sürdürür.",
cr_whats_new_beta_13,array,7,"Fixed the waste widget showing the wrong icon and colour for every collection type outside Dutch: the type was matched against the translated label, so PMD shown as Packaging fell through to a generic grey-blue bin. PMD is orange with a recycling symbol again.","Atık bileşeninin Felemenkçe dışında her tür için yanlış simge ve renk göstermesi düzeltildi: tür, çevrilmiş etiketle karşılaştırılıyordu, bu yüzden Packaging olarak görünen PMD genel gri-mavi kovaya düşüyordu. PMD yeniden turuncu ve geri dönüşüm simgeli.",
cr_whats_new_beta_13,array,8,"Fixed the room-following prompt appearing after Ask before switching rooms was turned off, and for the room already on screen. It now also offers Don't ask again until I restart the app, and the wait time can be set whether or not prompting is on.","Oda değiştirme sorusunun, Oda değiştirmeden önce sor kapatıldıktan sonra ve zaten ekranda olan oda için görünmesi düzeltildi. Artık Uygulamayı yeniden başlatana kadar bir daha sorma da sunuyor ve bekleme süresi her hâlükârda ayarlanabiliyor.",
cr_whats_new_beta_13,array,9,"Flows can express Any of these and nested logic, not just a flat list of ANDs. A group opens into its own list with a breadcrumb, and groups can hold groups, so motion detected AND (after sunset OR guest mode on) is buildable. It is the same structure Home Assistant's own editor writes, so a flow made in HA that used OR is no longer an untouchable advanced block.","Akışlar artık yalnızca düz bir VE listesi değil, “Bunlardan herhangi biri” ve iç içe mantık da kurabiliyor. Bir grup kendi listesinde açılır ve gruplar grup içerebilir; böylece “hareket algılandı VE (gün batımından sonra VEYA misafir modu açık)” kurulabilir. Bu, Home Assistant'ın kendi otomasyon düzenleyicisinin yazdığı yapıdır; HA'da VEYA ile oluşturulmuş bir akış artık dokunulamaz bir gelişmiş blok değil.",don't translate Home Assistant
cr_whats_new_beta_13,array,10,"Thermostat dials on the Climate view no longer squeeze six across a landscape foldable. Dials hold at four per row until the window is genuinely desktop-wide, so each keeps enough width to read.",Klima görünümündeki termostat kadranları artık yatay katlanabilirde altı yan yana sıkışmıyor. Pencere gerçekten çok genişleyene kadar satır başına dörtte kalır; böylece her kadran okunacak genişliği korur.,
cr_whats_new_beta_13,array,11,"The Waiting for notifications message now has a Hide this notification button that jumps straight to its Android channel settings, where switching the channel off hides it for good while the connection keeps working. Android will not let a background connection run without a visible notification, so this is as far as muting can go. It also switches itself on when you have more than one Home Assistant server.","“Bildirimler bekleniyor” mesajında artık doğrudan Android kanal ayarlarına giden bir “Bu bildirimi gizle” düğmesi var. Kanalı orada kapatınca bildirim kalıcı olarak kaybolur, bağlantı çalışmaya devam eder. Android, görünür bir bildirim olmadan arka plan bağlantısına izin vermiyor; sessize almanın sınırı bu. Ayrıca birden fazla Home Assistant sunucunuz varsa kendiliğinden açılır.",don't translate Home Assistant
cr_whats_new_beta_13,array,12,"The vacuum widget can now draw a Valetudo map itself. Choose Valetudo map as the button image and point it at your robot's map camera: HKI reads the map data Valetudo hides inside that camera's PNG and draws the floor, walls, rooms, the robot, its dock and the path it has taken. No add-on, custom component or extra Home Assistant integration is involved, and the map refreshes on its own while the robot is cleaning.","Süpürge widget'ı artık Valetudo haritasını kendisi çizebiliyor. Düğme görseli olarak Valetudo haritasını seçip robotunuzun harita kamerasını gösterin: HKI, Valetudo'nun o kameranın PNG'sine sakladığı harita verisini okuyup zemini, duvarları, odaları, robotu, şarj ünitesini ve izlediği yolu çizer. Hiçbir eklenti, özel bileşen ya da ek Home Assistant entegrasyonu gerekmez ve harita robot süpürürken kendiliğinden yenilenir.","don't translate Home Assistant, Valetudo"
cr_whats_new_beta_13,array,13,"Tap a room on the Valetudo map to send the robot to clean it. Rooms use the names you gave them in Valetudo. Cleaning a single room goes through Home Assistant's clean_area action, so first map the robot's segments to your areas in Home Assistant — until you do, the map says so instead of leaving the tap doing nothing.",Robotu bir odaya göndermek için Valetudo haritasında o odaya dokunun. Odalar Valetudo'da verdiğiniz adları kullanır. Tek oda süpürmek Home Assistant'ın clean_area eylemi üzerinden gider; bu yüzden önce robotun segmentlerini alanlarınızla eşleştirin — eşleştirene kadar harita dokunuşu sessizce yutmak yerine bunu söyler.,"don't translate Home Assistant, Valetudo"
cr_whats_new_beta_13,array,14,"The vacuum settings now warn that plain Map camera on a Valetudo map entity shows a blank tile. Valetudo deliberately does not render the map on the robot, so its PNG is only a container for the data — Valetudo map is the mode that shows something.","Süpürge ayarları artık Valetudo harita varlığında düz Harita kamerasının boş bir kutu gösterdiğini belirtiyor. Valetudo haritayı robot üzerinde bilerek çizmez, PNG yalnızca verinin kabuğudur — gerçekten bir şey gösteren mod Valetudo haritasıdır.",don't translate Valetudo
cr_whats_new_beta_13,array,15,"The vacuum dialog now shows a Valetudo map whenever the map camera you picked actually carries one, whatever the button image is set to — the button image only decides how the tile on the dashboard looks. Cameras that turn out not to be Valetudo maps still show their picture, and HKI stops re-checking once it knows.",Süpürge penceresi artık seçtiğiniz harita kamerası gerçekten bir Valetudo haritası taşıyorsa onu gösteriyor — düğme görseli ne olursa olsun; o yalnızca panodaki kutunun görünüşünü belirler. Valetudo haritası olmadığı anlaşılan kameralar yine kendi görüntüsünü gösterir ve HKI bunu öğrendikten sonra tekrar denemez.,don't translate Valetudo
cr_whats_new_beta_13,array,16,"The robot image now spins while the vacuum is cleaning or returning to its dock, using the same icon animation settings as the rest of the app. A button's own animation setting still overrides it, and Off keeps it still.",Robot görseli artık süpürge çalışırken veya şarj ünitesine dönerken dönüyor; uygulamadaki diğer simge animasyonu ayarlarını kullanır. Düğmenin kendi animasyon ayarı yine önceliklidir ve Kapalı seçeneği hareketsiz bırakır.,
cr_whats_new_beta_13,array,17,* HKI 7 Cloud Component integration required.,* HKI 7 Cloud Component entegrasyonu gerekir.,don't translate HKI 7 Cloud
cr_whats_new_beta_12,array,1,"Button widgets and button stacks can now hold an empty, fully transparent button. It takes up a grid cell without drawing anything, so the buttons around it line up exactly where you want them.","Düğme widget’ları ve düğme yığınları artık boş, tamamen saydam bir düğme içerebilir. Hiçbir şey çizmeden bir ızgara hücresi kaplar; böylece çevresindeki düğmeler tam istediğiniz yere hizalanır.",
cr_whats_new_beta_12,array,2,Buttons can show just their icon. The new Icon only switch under a button's Appearance settings drops the name and state and centers a larger icon on the button.,Düğmeler yalnızca simgesini gösterebilir. Bir düğmenin görünüm ayarlarındaki yeni «Yalnızca simge» anahtarı adı ve durumu gizler ve daha büyük bir simgeyi ortalar.,
cr_whats_new_beta_12,array,3,"New Custom popup action for buttons, badges, and dialog buttons. Point any tap, hold, or double tap at a popup you build yourself: it opens with the usual dialog title, status, history, and close controls, and you fill it with any widget the app offers. Popups are listed under Settings › Appearance › Popups, where Edit contents opens one ready to arrange. Popups are shared, so several buttons can open the same one, and stacks inside a popup can use up to six columns instead of three. While a popup is being arranged, a Done button sits beside Add widget to leave edit mode without closing it.","Düğmeler, rozetler ve iletişim kutusu düğmeleri için yeni Özel açılır pencere eylemi. Herhangi bir dokunuşu, basılı tutmayı veya çift dokunuşu kendi hazırladığınız bir pencereye bağlayın: her zamanki başlık, durum, geçmiş ve kapatma denetimleriyle açılır ve içini uygulamadaki her widget ile doldurabilirsiniz. Pencereler Ayarlar › Görünüm › Açılır pencereler altında listelenir; «İçeriği düzenle» birini düzenlemeye hazır açar. Pencereler paylaşılır, birden çok düğme aynısını açabilir ve içindeki yığınlar üç yerine altı sütuna kadar kullanabilir. Bir açılır pencereyi düzenlerken, Widget ekle düğmesinin yanında pencereyi kapatmadan düzenleme modundan çıkmak için bir Bitti düğmesi bulunur.",
cr_whats_new_beta_12,array,4,"Fixed the Energy detail views (Solar, Electricity, Gas, Water, City heating, Battery) drawing their cards flush against each other with their headings missing. Production, Forecast, Inverters and the rest were hidden behind the card below them; the cards now keep their headings and the usual spacing.","Enerji ayrıntı görünümlerinin (Güneş, Elektrik, Gaz, Su, Bölgesel ısıtma, Batarya) kartları başlıksız ve bitişik çizmesi düzeltildi. «Üretim», «Tahmin», «Invertörler» ve diğerleri alttaki kartın arkasında kalıyordu; kartlar artık başlıklarını ve her zamanki boşluğu koruyor.",
cr_whats_new_beta_12,array,5,"Fixed Parental Controls refusing to save. An out-of-date HKI 7 Cloud component rejects the Visible and Invisible lists, which used to fail the whole policy; the permissions now save regardless and the message says the component needs updating. Those lists only filter entity lists such as global search — a button on a family dashboard stays visible unless it is hidden for that person explicitly.*","Ebeveyn Denetimleri’nin kaydetmemesi düzeltildi. Güncel olmayan bir HKI 7 Cloud bileşeni Görünür ve Görünmez listelerini reddediyor ve bu, önceden tüm ilkeyi başarısız kılıyordu; artık izinler yine de kaydediliyor ve mesaj bileşenin güncellenmesi gerektiğini söylüyor. Bu listeler yalnızca genel arama gibi varlık listelerini süzer — aile panosundaki bir düğme, o kişi için açıkça gizlenmedikçe görünür kalır.*",don't translate HKI 7 Cloud
cr_whats_new_beta_12,array,6,* HKI 7 Cloud Component integration required.,* HKI 7 Cloud Component entegrasyonu gerekir.,don't translate HKI 7 Cloud
cr_whats_new_beta_11,array,1,"Rooms, Climate, Security, Energy, and Battery dashboards now make better use of tablets and foldables. Large cards follow the Home and individual-room 1/2/3-column layout, while compact tiles auto-fit without becoming cramped. Climate, Security, and Energy cards use a height-aware masonry layout on wider displays, eliminating large gaps below shorter cards.","Odalar, İklim, Güvenlik, Enerji ve Pil panoları artık tablet ve katlanabilir cihazları daha iyi kullanıyor. Büyük kartlar Ana Sayfa ve oda ayrıntılarındaki bir, iki veya üç sütunlu düzeni izlerken kompakt kutucuklar sıkışmadan otomatik olarak yerleşiyor. İklim, Güvenlik ve Enerji kartları geniş ekranlarda yüksekliği dikkate alan bir masonry düzeni kullanarak kısa kartların altındaki büyük boşlukları kaldırıyor.",
cr_whats_new_beta_11,array,2,State-colored icons on entity buttons and header/status pills now preserve their semantic hue while automatically shifting lighter or darker when they would blend into the current theme.,Varlık düğmeleri ile başlık/durum rozetlerindeki durum renkli simgeler anlamlı renk tonunu korur; mevcut temayla karışacaksa otomatik olarak daha açık veya koyu hale gelir.,
cr_whats_new_beta_11,array,3,"Selecting a family dashboard during onboarding now subscribes that installation to it. Owner edits are published when Save or Done is tapped, active clients refresh immediately, and offline clients reconcile when reopened. Non-admin subscribers cannot create or duplicate dashboards unless the app is fully reset.*","İlk kurulum sırasında bir aile panosu seçildiğinde bu kurulum artık ona abone olur. Sahibin değişiklikleri Kaydet veya Bitti seçildiğinde yayımlanır, etkin istemciler hemen yenilenir ve çevrimdışı istemciler yeniden açıldığında eşitlenir. Yönetici olmayan aboneler uygulama tamamen sıfırlanana kadar pano oluşturamaz veya çoğaltamaz.*",
cr_whats_new_beta_11,array,4,"Dashboard setup during onboarding can now restore a local, Google Drive, or Home Assistant backup. New Google Drive and Home Assistant backups use consistent, informative names containing the app version and creation date.*","İlk kurulumdaki pano ayarı artık yerel, Google Drive veya Home Assistant yedeğini geri yükleyebilir. Yeni Google Drive ve Home Assistant yedekleri uygulama sürümünü ve oluşturma tarihini içeren tutarlı, açıklayıcı adlar kullanır.*","don't translate Home Assistant, Google Drive"
cr_whats_new_beta_11,array,5,"Calendar widgets become vertically scrollable when their height is too small for every event, and hidden Home widgets are removed from the layout instead of leaving an empty space.",Takvim widget’ları tüm etkinliklere yetecek kadar yüksek olmadığında dikey olarak kaydırılabilir ve gizli Ana Sayfa widget’ları boş alan bırakmak yerine düzenden kaldırılır.,
cr_whats_new_beta_11,array,6,"Parcel carrier cards now show the earliest expected delivery date and time for active incoming or outgoing shipments, including integrations that expose a separate next-delivery sensor.",Kargo şirketi kartları artık etkin gelen veya giden gönderiler için beklenen en erken teslimat tarihini ve saatini gösterir; ayrı bir sonraki teslimat sensörü sunan entegrasyonlar da desteklenir.,
cr_whats_new_beta_11,array,7,"Family permissions can now independently allow dashboard switching and creation. Fully restricted subscribers see a locked Dashboard settings tab; onboarding removes its placeholder dashboard when switching is denied, and a deleted family dashboard opens a permission-aware recovery screen instead of silently creating a replacement.*",Aile izinleri artık pano değiştirme ve oluşturmayı ayrı ayrı yönetebilir. Tamamen kısıtlı aboneler kilitli bir Pano ayarları bölümü görür; değiştirme yasaksa ilk kurulum geçici panoyu kaldırır ve silinen bir aile panosu sessizce yenisini oluşturmak yerine izinlere göre bir kurtarma ekranı açar.*,
cr_whats_new_beta_11,array,8,"Family permissions now also control manual re-importing. Non-admins cannot open Family Sharing settings, disabled onboarding choices explain why they are unavailable, and aesthetics-only editors see only visual controls. Their local names, icons, colors, backgrounds, styles, sizes, and layouts take priority when owner updates arrive.*","Aile izinleri artık elle yeniden içe aktarmayı da denetler. Yönetici olmayanlar Aile Paylaşımı ayarlarını açamaz, kurulumdaki devre dışı seçenekler neden kullanılamadıklarını açıklar ve yalnızca estetik düzenleme izni olanlar sadece görsel kontrolleri görür. Yerel adları, simgeleri, renkleri, arka planları, stilleri, boyutları ve düzenleri, sahip güncellemeleri geldiğinde öncelikli kalır.*",
cr_whats_new_beta_11,array,9,"Climate sensor/device tabs, Security groups, and every Energy detail tab now follow the same responsive one-, two-, or three-column masonry rules, including their edit and reorder layouts.","İklim sensör/cihaz sekmeleri, Güvenlik grupları ve tüm Enerji ayrıntı sekmeleri artık düzenleme ve yeniden sıralama ekranları dâhil aynı duyarlı bir, iki veya üç sütunlu masonry kurallarını izler.",
cr_whats_new_beta_11,array,10,Aesthetics-only family editors can no longer change header-pill configuration or the dashboard's people; those functional settings remain controlled by the owner.*,Yalnızca estetik düzenleme izni olan aile kullanıcıları artık başlık göstergesi yapılandırmasını veya paneldeki kişileri değiştiremez; bu işlevsel ayarlar sahibin kontrolünde kalır.*,
cr_whats_new_beta_11,array,11,"Parental Controls now replaces manual entity-ID entry with Visible and Invisible lists. Admins can select complete Home Assistant domains or individual entities, and global search hides restricted entities and devices. Invisible entries always take precedence.*","Ebeveyn Denetimleri, elle varlık kimliği girişini Görünür ve Görünmez listeleriyle değiştirir. Yöneticiler Home Assistant alanlarının tamamını veya tek tek varlıkları seçebilir; genel arama kısıtlı varlıkları ve cihazları gizler. Görünmez her zaman önceliklidir.*",don't translate Home Assistant
cr_whats_new_beta_11,array,12,"Energy setup now imports SmartGateways and DSMR Reader P1 meters even when the Home Assistant Energy dashboard has not been configured and the sensors are not attached to a device. Tariff 1 and tariff 2 readings are recognised separately, and usage charts and period totals add both tariffs together when no single grid import or export sensor is set.",Enerji kurulumu artık Home Assistant Enerji panosu yapılandırılmamış olsa ve sensörler bir cihaza bağlı olmasa bile SmartGateways ve DSMR Reader P1 sayaçlarını içe aktarıyor. Tarife 1 ve tarife 2 ayrı ayrı tanınır; tek bir şebeke alım veya verim sensörü ayarlanmadığında kullanım grafikleri ve dönem toplamları her iki tarifeyi toplar.,don't translate Home Assistant
cr_whats_new_beta_11,array,13,* HKI 7 Cloud Component integration required.,* HKI 7 Cloud Component entegrasyonu gerekir.,don't translate HKI 7 Cloud
cr_whats_new_beta_10,array,1,"Visibility rules now work across all widgets and individual items, with time, entity, person, and mixed AND/OR conditions. Admins using a family-shared dashboard can choose whether an item is Visible or Hidden for a selected user. Person conditions use HKI 7 Cloud, whose requirement is shown when it is unavailable. New rules start empty so you choose Time, Entity, or Person.","Görünürlük kuralları tüm widget ve öğelerde Zaman, Varlık, Kişi ve karışık VE/VEYA koşullarıyla çalışır. Paylaşılan aile panosunun yöneticileri bir öğeyi seçilen kullanıcı için Görünür veya Gizli yapabilir. Kişi koşulları HKI 7 Cloud kullanır ve entegrasyon yoksa gereksinim gösterilir. Yeni kurallar boş başlar: Zaman, Varlık veya Kişi.",don't translate HKI 7 Cloud
cr_whats_new_beta_10,array,2,"Room-status counter badges keep a stable two-digit width. Headers responsively fit one, two, or three counters per row like the home-page and person badges, without pushing the title down.","Oda durumu sayaç rozetleri iki basamak için sabit genişliğini korur. Başlıklar, ana sayfa ve kişi rozetleri gibi bir, iki veya üç sütuna uyum sağlar ve başlığı aşağı itmez.",
cr_whats_new_beta_10,array,3,"Energy setup now recognises SmartGateways and DSMR Reader MQTT sensor names, and choosing a source device refills its separate sensor roles. City heating has dedicated settings, a source tile and detail tab, plus an estimated natural-gas equivalent for J/GJ heat readings.","Enerji kurulumu artık SmartGateways ve DSMR Reader MQTT sensör adlarını tanıyor. Bir kaynak cihaz seçildiğinde ayrı sensör rolleri yeniden dolduruluyor. Bölgesel ısıtma için ayarlar, kaynak kutucuğu, ayrıntı sekmesi ve J/GJ değerlerinden tahmini doğal gaz eşdeğeri eklendi.",
cr_whats_new_beta_10,array,4,"Calendar widget dialogs now use the available height correctly, fixing content that previously occupied only half the settings dialog or was cut off.",Takvim widget pencereleri artık kullanılabilir yüksekliğin tamamını doğru kullanıyor; içerik yarım alanda kalmıyor veya kesilmiyor.,
cr_whats_new_beta_10,array,5,"Re-import settings now use one consistently spelled and localized label across Rooms, Climate, Security, Energy, and Battery. Conditional visibility wording was also corrected in every supported language.","Yeniden içe aktarma ayarları artık Odalar, İklim, Güvenlik, Enerji ve Pil genelinde aynı doğru yazılmış ve yerelleştirilmiş etiketi kullanıyor. Koşullu görünürlük terimleri de desteklenen tüm dillerde düzeltildi.",
cr_whats_new_beta_10,array,6,"Fixed PostNL and the current parcel-integration parser, so incoming shipments once again show their complete tracking details and delivered state. Carrier support has also been brought up to date.",Ekran döndürme artık dikey moda kilitlenmek yerine cihazın otomatik döndürme ayarını izliyor.,
cr_whats_new_beta_10,array,7,"Added an in-app language selector with full coverage in 13 languages: Dutch, German, French, Spanish (plus Latin American Spanish), Italian, Turkish, Portuguese (plus Brazilian Portuguese), Japanese, Korean, and Chinese (Simplified and Traditional). Each language shows its native name with an English hint beneath it.","İklim Dış ortam kutucuğu, ayrı sensörler olmasa bile bir hava durumu cihazı bağlandığında görünür; sıcaklık, nem ve basınç özniteliklerini özete katar ve eşleşen sensör renkleriyle grafikte gösterir.",
cr_whats_new_beta_10,array,8,"The reconnect status now shows the actual connection error, making Wi-Fi, mobile-data, and VPN handovers much easier to diagnose.","Paket durum kodları normal cümleler olarak gösterilir. Tarih ve saatler dil ile 12/24 saat tercihine uyar, yakın teslimatlarda hafta günleri kullanılır, geçerli yıl atlanır ve aynı tarih tekrarlanmaz.",
cr_whats_new_beta_10,array,9,Screen rotation now follows your device’s auto-rotate setting instead of staying locked to portrait.,PostNL ve güncel paket entegrasyonu ayrıştırıcısı düzeltildi; gelen gönderiler artık eksiksiz takip ayrıntılarını ve teslim durumunu yeniden gösteriyor. Taşıyıcı desteği de güncellendi.,
cr_whats_new_beta_10,array,10,"The Climate ""Outside"" tile now appears as soon as a weather device is linked, even without dedicated sensors, counts its temperature, humidity and pressure attributes in the summary, and graphs them with matching sensor colors.",Uygulama içi dil seçici artık desteklenen 13 dilin tamamını eksiksiz kapsıyor. Her dil kendi adını ve altında İngilizce açıklamasını gösteriyor.,
cr_whats_new_beta_10,array,11,"Parcel status codes are now normal sentences. Dates and times follow the selected language and 12/24-hour preference, nearby deliveries use weekday names, the current year is omitted, and same-day windows no longer repeat the date.","Yeniden bağlanma durumu artık gerçek bağlantı hatasını gösteriyor; böylece Wi-Fi, mobil veri ve VPN geçişlerindeki sorunları teşhis etmek çok daha kolay.",
cr_whats_new_beta_9,array,1,"Drag to reorder cameras, thermostats, and energy cards. In edit mode the Security, Climate, and Energy views each get a Reorder button for their relevant cards.","Kameraları, termostatları ve enerji kartlarını sürükleyerek sırala. Düzenleme modunda Güvenlik, İklim ve Enerji görünümlerinin ilgili kartları için birer Yeniden sırala düğmesi bulunur.",
cr_whats_new_beta_9,array,2,"New Climate Outside tile. Link a weather entity or outdoor temperature, humidity, and air-pressure sensors, then open the tile for individual history graphs.","Yeni İklim Dış ortam kutucuğu. Bir hava durumu varlığı veya dış ortam sıcaklık, nem ve basınç sensörlerini bağla; ayrı geçmiş grafiklerini görmek için kutucuğu aç.",
cr_whats_new_beta_9,array,3,"Visibility now belongs to each button and header badge. Hide an item or schedule it once or on a daily, weekly, monthly, or yearly recurrence.","Görünürlük artık her düğme ve başlık rozetine aittir. Bir öğeyi gizle ya da bir kez, günlük, haftalık, aylık veya yıllık olarak zamanla.",
cr_whats_new_beta_9,array,4,Header badges can be renamed from Appearance settings.,Başlık rozetleri Görünüm ayarlarından yeniden adlandırılabilir.,
cr_whats_new_beta_9,array,5,Swiping cards autoplay every three seconds by default.,Kaydırmalı kartlar varsayılan olarak her üç saniyede bir otomatik ilerler.,
cr_whats_new_beta_9,array,6,"The Weather dialog adds autoplay for Season, a windrose card, and an optional rain-map card from a camera or embedded web page.","Hava Durumu penceresine Mevsim için otomatik oynatma, rüzgâr gülü ve kamera ya da gömülü web sayfasından isteğe bağlı yağmur haritası eklendi.",
cr_whats_new_beta_9,array,7,"The Parcels widget was rebuilt around carriers, with logos, account totals, shipment sections, estimates, tracking history, and add-by-tracking support where available.","Paketler widget’ı; logolar, hesap toplamları, gönderi bölümleri, tahminler, takip geçmişi ve desteklendiğinde takip koduyla ekleme özellikleriyle taşıyıcılar etrafında yeniden oluşturuldu.",
cr_whats_new_beta_9,array,8,"Humidifiers and dehumidifiers now have native power, humidity, mode, speed, and helper controls throughout the app.","Nemlendiriciler ve nem alıcılar artık uygulamanın tamamında yerel güç, nem, mod, hız ve yardımcı kontrollere sahip.",
cr_whats_new_beta_9,array,9,Room status counters are interactive and open the entities behind each count.,Oda durum sayaçları etkileşimlidir ve her sayının arkasındaki varlıkları açar.,
cr_whats_new_beta_9,array,10,Buttons and badges can show a live countdown from a completion-time entity.,"Düğmeler ve rozetler, tamamlanma zamanı varlığından canlı geri sayım gösterebilir.",
cr_whats_new_beta_9,array,11,Shared dashboards publish owner edits automatically and recipients receive them on their next sync.,"Paylaşılan panolar, sahibinin düzenlemelerini otomatik yayımlar; alıcılar bunları sonraki eşitlemede alır.",
cr_whats_new_beta_9,array,12,Header display settings now belong to each dashboard and travel through backups and family sharing.,Başlık görünüm ayarları artık her panoya özeldir ve yedeklerle aile paylaşımına dâhil edilir.,
cr_whats_new_beta_9,array,13,Camera widgets fill the entire tile and follow the configured corner radius.,Kamera widget’ları kutucuğun tamamını doldurur ve ayarlanan köşe yarıçapını kullanır.,
cr_whats_new_beta_9,array,14,"Waste collections on the same day now overlap visibly, and the larger dialog can be dismissed by tapping outside.",Aynı gündeki atık toplamaları artık görünür biçimde üst üste gelir ve büyük pencere dışarıya dokunularak kapatılabilir.,
cr_whats_new_beta_9,array,15,"Battery, Waste, camera, weather, and About visuals are now more consistent.","Pil, Atık, kamera, hava durumu ve Hakkında görselleri artık daha tutarlı.",
cr_whats_new_beta_9,array,16,"Binary sensors use Home Assistant-style Open/Closed, Wet/Dry, Detected/Clear, and Connected/Disconnected labels.","İkili sensörler Home Assistant tarzı Açık/Kapalı, Islak/Kuru, Algılandı/Temiz ve Bağlı/Bağlı değil etiketlerini kullanır.",don't translate Home Assistant
cr_whats_new_beta_9,array,17,"Aesthetic-only editors can change existing badge visuals but cannot add, remove, or reconfigure badges.","Yalnızca görsel düzenleme izni olanlar mevcut rozetlerin görünümünü değiştirebilir ancak rozet ekleyemez, kaldıramaz veya yeniden yapılandıramaz.",
cr_whats_new_beta_9,array,18,Fixed network handovers: sockets tied to the old Android network are discarded and the saved Home Assistant session reconnects without an unnecessary login. Reconnect status also shows the failure reason.,Ağ geçişleri düzeltildi: eski Android ağına bağlı soketler atılır ve kaydedilen Home Assistant oturumu gereksiz giriş olmadan yeniden bağlanır. Yeniden bağlanma durumu hata nedenini de gösterir.,don't translate Home Assistant
cr_whats_new_beta_8,array,1,Child locks are no longer imported automatically as room controls.,Çocuk kilitleri artık oda kontrolü olarak otomatik içe aktarılmıyor.,
cr_whats_new_beta_8,array,2,Every button and badge now honours Home Assistant entity-icon overrides.,Tüm düğmeler ve rozetler artık Home Assistant varlık simgesi geçersiz kılmalarını kullanıyor.,don't translate Home Assistant
cr_whats_new_beta_8,array,3,Vacuums now appear in the room badge bar and open their controls when tapped.,Robot süpürgeler oda rozet çubuğunda görünür ve dokunulduğunda kontrollerini açar.,
cr_whats_new_beta_8,array,4,"Individual buttons in multi-item widgets can be hidden or scheduled, including recurring annual date ranges.","Çok öğeli widget’lardaki tekil düğmeler, yinelenen yıllık tarih aralıkları dâhil gizlenebilir veya zamanlanabilir.",
cr_whats_new_beta_8,array,5,Multiple camera badges now open one swipeable dialog with fullscreen paging.,Birden çok kamera rozeti artık tam ekran sayfalama içeren tek bir kaydırılabilir pencere açar.,
cr_whats_new_beta_8,array,6,"Family Sharing now lists cloud-published dashboards so they can be imported, reshared, or deleted after a reinstall.","Aile Paylaşımı artık bulutta yayımlanan panoları listeler; yeniden kurulumdan sonra içe aktarılabilir, tekrar paylaşılabilir veya silinebilir.",
cr_whats_new_beta_7,array,1,Automatic room import now skips built-in helper controls while retaining genuine extra controls.,"Otomatik oda içe aktarma, gerçek ek kontrolleri korurken yerleşik yardımcı kontrolleri artık atlar.",
cr_whats_new_beta_7,array,2,Climate devices from different integrations are no longer merged into one control.,Farklı entegrasyonlardan gelen iklim cihazları artık tek bir kontrolde birleştirilmiyor.,
cr_whats_new_beta_7,array,3,"Climate-device icons now match air conditioners, humidifiers, dehumidifiers, and air purifiers.","İklim cihazı simgeleri artık klima, nemlendirici, nem alıcı ve hava temizleyicilerle eşleşiyor.",
cr_whats_new_beta_7,array,4,Air-purifier and humidifier icons pulse gently instead of spinning.,Hava temizleyici ve nemlendirici simgeleri dönmek yerine hafifçe nabız gibi atıyor.,
cr_whats_new_beta_7,array,5,Door locks now use closed-door and open-door icons.,Kapı kilitleri artık kapalı ve açık kapı simgelerini kullanıyor.,
cr_whats_new_beta_7,array,6,Multi-device header badges can be reordered to choose their leading entity.,"Çok cihazlı başlık rozetleri, öndeki varlığı seçmek için yeniden sıralanabilir.",
cr_whats_new_beta_7,array,7,Animated icon effects are enabled by default on new installations.,Animasyonlu simge efektleri yeni kurulumlarda varsayılan olarak etkin.,
cr_whats_new_beta_7,array,8,Buttons and badges can display an entity attribute and optional unit instead of its state.,Düğmeler ve rozetler durum yerine bir varlık özniteliğini ve isteğe bağlı birimi gösterebilir.,
cr_whats_new_beta_7,array,9,"Dashboards can now be copied with all rooms, widgets, and page settings.","Panolar tüm odaları, widget’ları ve sayfa ayarlarıyla birlikte kopyalanabilir.",
cr_whats_new_beta_7,array,10,"Family Sharing now combines parental controls, dashboard sharing, and per-user permissions.","Aile Paylaşımı artık ebeveyn denetimlerini, pano paylaşımını ve kullanıcı başına izinleri birleştiriyor.",
cr_whats_new_beta_7,array,11,Shared dashboards update automatically while keeping allowed local visual changes.,"Paylaşılan panolar, izin verilen yerel görsel değişiklikleri koruyarak otomatik güncellenir.",
cr_whats_new_beta_7,array,12,Non-admin family members can use automatic per-room Adaptive Lighting controls when the HKI 7 Cloud component is installed.,"Yönetici olmayan aile üyeleri, HKI 7 Cloud Component yüklüyse oda başına otomatik Uyarlanabilir Aydınlatma kontrollerini kullanabilir.",don't translate HKI 7 Cloud
cr_whats_new_beta_7,array,13,Fixed unreadable header and pull-down labels in light mode and with custom appearances.,Açık modda ve özel görünümlerde okunamayan başlık ve aşağı çekme etiketleri düzeltildi.,
cr_whats_new_beta_7,array,14,About now provides What’s new and Full changelog buttons.,Hakkında sayfasında artık Yenilikler ve Tam değişiklik günlüğü düğmeleri bulunuyor.,
cr_whats_new_beta_7,array,15,Fixed the Unable to connect screen so it appears reliably when Home Assistant cannot be reached.,Home Assistant’a erişilemediğinde güvenilir biçimde görünmesi için Bağlanılamıyor ekranı düzeltildi.,don't translate Home Assistant
cr_whats_new_beta_6,array,1,Fixed edit-mode action bars overlapping Android three-button navigation.,Düzenleme modu eylem çubuklarının Android üç düğmeli gezinmeyle örtüşmesi düzeltildi.,
cr_whats_new_beta_6,array,2,The Backup and Restore screen now shows when each automatic cloud backup last ran.,Yedekleme ve Geri Yükleme ekranı artık her otomatik bulut yedeklemesinin son çalışma zamanını gösteriyor.,
cr_whats_new_beta_6,array,3,Each cloud backup now has a Back up now button.,Her bulut yedeklemesine Şimdi yedekle düğmesi eklendi.,
cr_whats_new_beta_6,array,4,Fixed the oversized app icon after the themed-icon update.,Temalı simge güncellemesinden sonra büyüyen uygulama simgesi düzeltildi.,
cr_whats_new_beta_4_to_5,array,1,The Backup and Restore screen now shows when each automatic cloud backup last ran.,Yedekleme ve Geri Yükleme ekranı artık her otomatik bulut yedeklemesinin son çalışma zamanını gösteriyor.,
cr_whats_new_beta_4_to_5,array,2,Each cloud backup now has a Back up now button.,Her bulut yedeklemesine Şimdi yedekle düğmesi eklendi.,
cr_whats_new_beta_4_to_5,array,3,Fixed the oversized app icon after the themed-icon update.,Temalı simge güncellemesinden sonra büyüyen uygulama simgesi düzeltildi.,
cr_whats_new_beta_3,array,1,"Added Simple Icons, Tabler, and Phosphor icon packs alongside Material Design Icons.","Material Design Icons yanında Simple Icons, Tabler ve Phosphor simge paketleri eklendi.",
cr_whats_new_beta_3,array,2,"Added animated entity icons that glow, spin, or pulse while active.","Etkin olduğunda parlayan, dönen veya nabız gibi atan animasyonlu varlık simgeleri eklendi.",
cr_whats_new_beta_3,array,3,Added family dashboard sharing for admins.*,Yöneticiler için aile pano paylaşımı eklendi.*,
cr_whats_new_beta_3,array,4,Added parental controls that can hide selected views and rooms for specific people.*,Belirli kişilerden seçilen görünümleri ve odaları gizleyebilen ebeveyn denetimleri eklendi.*,
cr_whats_new_beta_3,array,5,Added automatic daily backup to your own Home Assistant.*,Kendi Home Assistant’ına otomatik günlük yedekleme eklendi.*,don't translate Home Assistant
cr_whats_new_beta_3,array,6,Media-source icons are colored and can open the installed source app.,Medya kaynağı simgeleri renklidir ve yüklü kaynak uygulamasını açabilir.,
cr_whats_new_beta_3,array,7,New iFrame widget for embedding web pages.,Web sayfalarını gömmek için yeni iFrame widget’ı.,
cr_whats_new_beta_3,array,8,Energy views now show negative values while exporting power.,Enerji görünümleri dışa güç aktarılırken artık negatif değerleri gösterir.,
cr_whats_new_beta_3,array,9,Fixed onboarding completing when switching away before finishing.,İlk kurulum tamamlanmadan başka ekrana geçildiğinde kurulumun bitmiş sayılması düzeltildi.,
cr_whats_new_beta_3,array,10,Fixed the thermostat-dial mode button overlapping nearby items.,Termostat kadranı mod düğmesinin yakındaki öğelerle örtüşmesi düzeltildi.,
cr_whats_new_beta_3,array,11,Many smaller bug fixes.,Çok sayıda küçük hata düzeltmesi.,
cr_whats_new_beta_3,array,12,* HKI 7 Cloud Component integration required.,* HKI 7 Cloud Component entegrasyonu gerekir.,don't translate HKI 7 Cloud
cr_whats_new_beta_2,array,1,"Improved layouts on short and narrow displays, with a single-column fallback throughout the app.","Kısa ve dar ekranlardaki düzenler, uygulama genelinde tek sütunlu yerleşimle iyileştirildi.",
cr_whats_new_beta_2,array,2,Dialog headers use two rows on narrow screens so titles are no longer cut off.,Başlıkların kesilmemesi için pencere başlıkları dar ekranlarda iki satır kullanır.,
cr_whats_new_beta_2,array,3,Fixed Adaptive Lighting sliders overlapping other elements.,Uyarlanabilir Aydınlatma kaydırıcılarının diğer öğelerle örtüşmesi düzeltildi.,
cr_whats_new_beta_2,array,4,Navigation bars now indicate when more items are available off-screen.,Gezinme çubukları artık ekran dışında daha fazla öğe bulunduğunu gösterir.,
cr_whats_new_beta_2,array,5,Fixed cameras ignoring the screen-orientation lock.,Kameraların ekran yönü kilidini yok sayması düzeltildi.,
cr_whats_new_beta_2,array,6,Fixed zoom in camera dialogs and fullscreen cameras.,Kamera pencerelerinde ve tam ekran kameralarda yakınlaştırma düzeltildi.,
global_search_browse_entities,plural,one,Browse %1$d entity on this device,Bu cihazdaki %1$d varlığa göz at,keep %1$d
global_search_browse_entities,plural,other,Browse %1$d entities on this device,Bu cihazdaki %1$d varlığa göz at,keep %1$d
global_search_entity_count,plural,one,%1$d entity,%1$d varlık,keep %1$d
global_search_entity_count,plural,other,%1$d entities,%1$d varlık,keep %1$d
rooms_count,plural,one,%1$d room,%1$d oda,keep %1$d
rooms_count,plural,other,%1$d rooms,%1$d oda,keep %1$d
core_system,string,,System,Sistem,
core_greeting_morning,string,,Good Morning,Günaydın,
core_greeting_afternoon,string,,Good Afternoon,Tünaydın,
core_greeting_evening,string,,Good Evening,İyi akşamlar,
core_greeting_night,string,,Good Night,İyi geceler,
core_last_seen_just_now,string,,Last seen just now,Son görülme: az önce,
core_no_media_playing,string,,No media is playing,Herhangi bir medya oynatılmıyor,
core_media_players_playing,plural,one,%1$d media player is playing,%1$d medya oynatıcı oynatıyor,keep %1$d
core_media_players_playing,plural,other,%1$d media players are playing,%1$d medya oynatıcı oynatıyor,keep %1$d
core_last_seen_minutes,plural,one,Last seen %1$d minute ago,Son görülme: %1$d dakika önce,keep %1$d
core_last_seen_minutes,plural,other,Last seen %1$d minutes ago,Son görülme: %1$d dakika önce,keep %1$d
core_last_seen_hours,plural,one,Last seen %1$d hour ago,Son görülme: %1$d saat önce,keep %1$d
core_last_seen_hours,plural,other,Last seen %1$d hours ago,Son görülme: %1$d saat önce,keep %1$d
core_last_seen_days,plural,one,Last seen %1$d day ago,Son görülme: %1$d gün önce,keep %1$d
core_last_seen_days,plural,other,Last seen %1$d days ago,Son görülme: %1$d gün önce,keep %1$d
core_last_seen_weeks,plural,one,Last seen %1$d week ago,Son görülme: %1$d hafta önce,keep %1$d
core_last_seen_weeks,plural,other,Last seen %1$d weeks ago,Son görülme: %1$d hafta önce,keep %1$d
dlg_1_advanced_shorthand_block_kept_unchanged,string,,1 advanced shorthand block (kept unchanged),1 gelişmiş kısayol bloğu (değişmeden tutulur),
dlg_24_hour_format,string,,24-Hour Format,24 Saat Formatı,
dlg_action_count,string,,%1$s action,%1$s eylemi,keep %1$s
dlg_action,string,,Action,Aksiyon,
dlg_action_data,string,,Action data,Eylem verileri,
dlg_action_data_object,string,,Action data object,Eylem veri nesnesi,
dlg_action_details,string,,Action details,Eylem ayrıntıları,
dlg_adapt_now,string,,Adapt now,Şimdi uyum sağlayın,
dlg_adaptive_lighting,string,,Adaptive Lighting,Uyarlanabilir Aydınlatma,
dlg_adaptive_lighting_is_unavailable,string,,Adaptive Lighting is unavailable,Uyarlanabilir Aydınlatma kullanılamıyor,
dlg_add_4_10_entity_buttons_to_this_dialog_s,string,,Add 4–10 entity buttons to this dialog's nav bar.,Bu iletişim kutusunun gezinme çubuğuna 4-10 varlık düğmesi ekleyin.,
dlg_add,string,,Add,Eklemek,
dlg_add_at_least_one_step,string,,Add at least one step,En az bir adım ekleyin,
dlg_add_button,string,,Add button,Ekle düğmesi,
dlg_add_custom_buttons,string,,Add Custom Buttons,Özel Düğmeler Ekle,
dlg_add_more_for_a_full_row,string,,Add %1$s more for a full row.,Tam satır için %1$s daha ekleyin.,keep %1$s
dlg_add_to,string,,Add to %1$s,%1$s'ye ekle,keep %1$s
dlg_advanced,string,,Advanced,Gelişmiş,
dlg_advanced_action_data_json,string,,Advanced action data (JSON),Gelişmiş eylem verileri (JSON),
dlg_advanced_shorthand_blocks_kept_unchanged,string,,%1$s advanced shorthand blocks (kept unchanged),%1$s gelişmiş kısayol blokları (değişmeden tutuldu),keep %1$s
dlg_alarm_entities,string,,Alarm entities,Alarm varlıkları,
dlg_alarm_pending,string,,Alarm pending,Alarm bekleniyor,
dlg_alignment,string,,Alignment,Hizalama,
dlg_always,string,,Always,Her zaman,
dlg_any_state,string,,Any state,Herhangi bir eyalet,
dlg_appearance,string,,Appearance,Dış görünüş,
dlg_apply,string,,Apply,Uygula,
dlg_aspect_ratio,string,,Aspect ratio,En boy oranı,
dlg_astronomical_tap_or_swipe,string,,Astronomical · tap or swipe,Astronomik · dokunun veya kaydırın,
dlg_auto,string,,Auto,Otomatik,
dlg_auto_none,string,,Auto / none,Otomatik / yok,
dlg_auto_scan,string,,Auto-scan,Otomatik tarama,
dlg_automation,string,,Automation,Otomasyon,
dlg_back,string,,Back,Geri,
dlg_backspace,string,,Backspace,Geri tuşu,
dlg_badge_bar_layout,string,,Badge bar layout,Rozet çubuğu düzeni,
dlg_batt,string,,Batt,Vuruş,
dlg_battery_value,string,,Battery: %1$s,Pil: %1$s,keep %1$s
dlg_built_in,string,,Built-in,Yerleşik,
dlg_cancel,string,,Cancel,İptal etmek,
dlg_cancel_arming,string,,Cancel arming,Kurmayı iptal et,
dlg_change,string,,Change,Değiştirmek,
dlg_choose_a_side_when_the_badge_bar_is_split,string,,Choose a side when the badge bar is split,Rozet çubuğu bölündüğünde bir taraf seçin,
dlg_choose_a_state,string,,Choose a state,Bir eyalet seçin,
dlg_condition,string,,Condition,Durum,
dlg_condition_is,string,,Is,öyle mi,
dlg_condition_is_not,string,,Is not,değil mi,
dlg_condition_state,string,,State,Durum,
dlg_vis_and,string,,AND,VE,
dlg_vis_conditional,string,,Conditional,Koşullu,
dlg_vis_entity_state,string,,Entity state,Varlık durumu,
dlg_vis_person,string,,Person,Kişi,
dlg_visible,string,,Visible,Görünür,
dlg_choose_person,string,,Choose person,Kişi seç,
dlg_person_condition_hint,string,,Matches the signed-in Home Assistant user. This rule travels with a shared dashboard.,Oturum açmış Home Assistant kullanıcısıyla eşleşir. Bu kural paylaşılan pano ile birlikte taşınır.,don't translate Home Assistant
dlg_person_requires_hki7_cloud,string,,Person visibility requires the HKI 7 Cloud component. Install it to select Home Assistant users here.,Kişiye göre görünürlük için HKI 7 Cloud bileşeni gerekir. Home Assistant kullanıcılarını burada seçmek için bileşeni yükleyin.,"don't translate HKI 7 Cloud, Home Assistant"
dlg_vis_match,string,,Match,Kibrit,
dlg_vis_match_all,string,,All rules,Tüm kurallar,
dlg_vis_match_any,string,,Any rule,Herhangi bir kural,
dlg_vis_or,string,,OR,VEYA,
dlg_vis_time_schedule,string,,Time schedule,Zaman çizelgesi,
dlg_choose_a_visual_home_assistant_block,string,,Choose a visual Home Assistant block,Görsel bir Ev Asistanı bloğu seçin,don't translate Home Assistant
dlg_choose_action,string,,Choose action,Eylem seçin,
dlg_choose_an_action,string,,Choose an action,Bir eylem seçin,
dlg_choose_an_entity,string,,Choose an entity,Bir varlık seçin,
dlg_choose_an_entity_first,string,,Choose an entity first,Önce bir varlık seçin,
dlg_choose_entity,string,,Choose entity,Varlık seçin,
dlg_choose_the_home_assistant_entities_that_drive_this_room,string,,Choose the Home Assistant entities that drive this room's live indicators. Indicators only appear while they are active.,Bu odanın canlı göstergelerini yönlendiren Ev Asistanı varlıklarını seçin. Göstergeler yalnızca etkin olduklarında görünür.,don't translate Home Assistant
dlg_choose_the_profile_for_this_light,string,,Choose the profile for this light,Bu ışık için profili seçin,
dlg_choose_what_this_action_should_control,string,,Choose what this action should control,Bu eylemin neyi kontrol etmesi gerektiğini seçin,
dlg_choose_what_this_badge_summarizes,string,,Choose what this badge summarizes,Bu rozetin neyi özetlediğini seçin,
dlg_choose_what_this_header_pill_shows,string,,Choose what this header pill shows,Bu başlık hapının neyi göstereceğini seçin,
dlg_clear,string,,Clear,Temizlemek,
dlg_clear_rooms_view,string,,Clear rooms view?,Odaların görünümü temizlensin mi?,
dlg_climate_dialog_control,string,,Climate dialog control,İklim diyalog kontrolü,
dlg_climate_sources_take_priority_and_use_their_current_temper,string,,Climate sources take priority and use their current_temperature and current_humidity values. ,İklim kaynakları öncelik alır ve kendi current_temperature ve current_humidity değerlerini kullanır.,keep the space at the start/end
dlg_climate_summary,string,,Climate summary,İklim özeti,
dlg_close,string,,Close,Kapalı,
dlg_confirm,string,,Confirm,Onaylamak,
dlg_controls_light_in_this_profile,string,,Controls %1$s light%2$s in this profile.,Bu profildeki %1$s light%2$s öğesini kontrol eder.,keep %1$s %2$s
dlg_countdown_timer,string,,Countdown timer,Geri sayım sayacı,
dlg_create_a_flow,string,,Create a flow,Bir akış oluşturun,
dlg_current,string,,Current %1$s%%,Mevcut %1$s%%,keep %1$s
dlg_current_weather,string,,Current weather,Güncel hava durumu,
dlg_custom,string,,Custom,Gelenek,
dlg_custom_buttons,string,,Custom buttons,Özel düğmeler,
dlg_custom_value,string,,Custom %1$s,Özel %1$s,keep %1$s
dlg_custom_name,string,,Custom name,Özel ad,
dlg_custom_seconds,string,,Custom seconds,Özel saniyeler,
dlg_custom_state,string,,Custom state...,Özel durum...,
dlg_date,string,,Date,Tarih,
dlg_day_to,string,,%1$s day%2$s to %3$s,%1$s gün%2$s - %3$s arası,keep %1$s %2$s %3$s
dlg_delete_automation,string,,Delete automation?,Otomasyon silinsin mi?,
dlg_delete,string,,Delete,Silmek,
dlg_description,string,,Description,Tanım,
dlg_details,string,,Details,Detaylar,
dlg_device_value,string,,Device: %1$s,Cihaz: %1$s,keep %1$s
dlg_device,string,,Device,Cihaz,
dlg_direction,string,,Direction —,Yön -,
dlg_display,string,,Display,Görüntülemek,
dlg_display_linked_entities_and_dialog_layout,string,,"Display, linked entities, and dialog layout","Görüntüleme, bağlantılı varlıklar ve iletişim düzeni düzeni",
dlg_display_mode,string,,Display mode,Ekran modu,
dlg_display_order,string,,Display order,Görüntüleme sırası,
dlg_done,string,,Done,Tamamlamak,
dlg_door_sensors,string,,Door sensors,Kapı sensörleri,
dlg_edit,string,,Edit,Düzenlemek,
dlg_empty_bin,string,,Empty bin: %1$s,Boş kutu: %1$s,keep %1$s
dlg_end,string,,End: %1$s,Bitiş: %1$s,keep %1$s
dlg_enter_a_valid_json_object,string,,Enter a valid JSON object,Geçerli bir JSON nesnesi girin,
dlg_enter_code,string,,Enter code,Kodu girin,
dlg_enter_the_same_data_object_home_assistant_shows_in,string,,Enter the same data object Home Assistant shows in YAML. JSON is used here so values keep their exact type.,Home Assistant'ın YAML'de gösterdiği veri nesnesinin aynısını girin. Burada JSON kullanıldığı için değerler tam türlerini korur.,don't translate Home Assistant
dlg_entities_count,string,,Entities (%1$s),Varlıklar (%1$s),keep %1$s
dlg_entities_appearance_and_interactions,string,,"Entities, appearance, and interactions","Varlıklar, görünüm ve etkileşimler",
dlg_entities,string,,Entities,Varlıklar,
dlg_entities_that_signal_activity_or_safety_states,string,,Entities that signal activity or safety states,Faaliyet veya güvenlik durumlarını işaret eden varlıklar,
dlg_entity_integrations,string,,Entity integrations,Varlık entegrasyonları,
dlg_entity_name,string,,Entity name,Varlık adı,
dlg_entity_picture,string,,Entity picture,Varlık resmi,
dlg_event,string,,Event,Etkinlik,
dlg_exact_text_or_number_reported_by_home_assistant,string,,Exact text or number reported by Home Assistant,Ev Asistanı tarafından bildirilen tam metin veya sayı,don't translate Home Assistant
dlg_exit_full_screen,string,,Exit full screen,Tam ekrandan çık,
dlg_floor,string,,Floor,Zemin,
dlg_floor_assignment,string,,Floor assignment,Kat ataması,
dlg_flows,string,,Flows,Akışlar,
dlg_forecast,string,,Forecast,Tahmin etmek,
dlg_forget_selection,string,,Forget selection,Seçimi unut,
dlg_forward,string,,Forward,İleri,
dlg_from,string,,From %1$s,%1$s'den,keep %1$s
dlg_from_state,string,,From state,Eyaletten,
dlg_full_day_name,string,,Full Day Name,Tam Gün Adı,
dlg_group_light_paused_for_manual_control,string,,%1$s group light%2$s paused for manual control.,%1$s grup ışığı%2$s manuel kontrol için duraklatıldı.,keep %1$s %2$s
dlg_header_appearance,string,,Header appearance,Başlık görünümü,
dlg_header_custom_color_rrggbb,string,,Header custom color (#RRGGBB),Başlık özel rengi (#RRGGBB),
dlg_header_pill,string,,Header pill,Başlık hapı,
dlg_hidden,string,,Hidden,Gizlenmiş,
dlg_hidden_during,string,,Hidden during,sırasında gizli,
dlg_hide_this_badge_or_schedule_when_it_appears,string,,"Hide this badge, or schedule when it appears",Bu rozeti gizleyin veya ne zaman görüneceğini planlayın,
dlg_https,string,,https://…,https://…,
dlg_humidity,string,,Humidity,Nem,
dlg_icon,string,,Icon,Simge,
dlg_icon_animation,string,,Icon animation,Simge animasyonu,
dlg_icon_value,string,,Icon: %1$s,Simge: %1$s,keep %1$s
dlg_identity,string,,Identity,Kimlik,
dlg_identity_presentation_indicators_and_maintenance,string,,"Identity, presentation, indicators, and maintenance","Kimlik, sunum, göstergeler ve bakım",
dlg_import_only_rooms_that_have_not_been_edited_or,string,,"Import only rooms that have not been edited, or rebuild everything. Rebuilding removes all edited rooms and floors before importing them from scratch.","Yalnızca düzenlenmemiş odaları içe aktarın veya her şeyi yeniden oluşturun. Yeniden oluşturma, düzenlenen tüm odaları ve katları sıfırdan içe aktarmadan önce kaldırır.",
dlg_import_unedited,string,,Import unedited,Düzenlenmeden içe aktar,
dlg_interactions,string,,Interactions,Etkileşimler,
dlg_is,string,, is,öyle,keep the space at the start/end
dlg_items,string,,%1$s items,%1$s öğe,keep %1$s
dlg_last_run,string,,Last run %1$s,Son çalıştırma %1$s,keep %1$s
dlg_left,string,,Left,Sol,
dlg_left_side_overflows_right,string,,Left side overflows right,Sol taraf sağa taşar,
dlg_live,string,,Live,Canlı,
dlg_live_uppercase,string,,LIVE,CANLI,
dlg_live_indicators,string,,Live indicators,Canlı göstergeler,
dlg_loading_actions,string,,Loading actions…,Eylemler yükleniyor…,
dlg_lunar_phase,string,,Lunar phase,Ay evresi,
dlg_map,string,,Map,Harita,
dlg_map_value,string,,Map: %1$s,Harita: %1$s,keep %1$s
dlg_media,string,,Media,Medya,
dlg_media_browsing_isn_t_available_for_this_player,string,,Media browsing isn't available for this player.,Bu oynatıcıda medyaya göz atma özelliği mevcut değil.,
dlg_media_library,string,,Media library,Medya kitaplığı,
dlg_media_players,string,,Media players,Medya oynatıcıları,
dlg_meteorological_tap_or_swipe,string,,Meteorological · tap or swipe,Meteorolojik · dokunun veya kaydırın,
dlg_mm,string,,%1$s mm,%1$s mm,keep %1$s
dlg_modes,string,,Modes,Modlar,
dlg_moon,string,,Moon,Ay,
dlg_move_down,string,,Move down,Aşağı taşı,
dlg_move_up,string,,Move up,Yukarı taşı,
dlg_multiple_climate_values_are_averaged_separate_sensor_value,string,,Multiple climate values are averaged. Separate sensor values are averaged only when no climate source is selected.,Çoklu iklim değerlerinin ortalaması alınır. Ayrı sensör değerlerinin ortalaması yalnızca hiçbir iklim kaynağı seçilmediğinde alınır.,
dlg_name,string,,Name,İsim,
dlg_name_and_icon_used_throughout_the_app,string,,Name and icon used throughout the app,Uygulama genelinde kullanılan ad ve simge,
dlg_name_optional,string,,Name (optional),Ad (isteğe bağlı),
dlg_native_home_assistant_automations_always_in_sync,string,,"Native Home Assistant automations, always in sync",Yerel Ev Asistanı otomasyonları her zaman senkronize,don't translate Home Assistant
dlg_never_triggered,string,,Never triggered,Asla tetiklenmedi,
dlg_new_flow,string,,New flow,Yeni akış,
dlg_next_camera,string,,Next camera,Sonraki kamera,
dlg_no_conditions_this_flow_always_continues,string,,No conditions — this flow always continues,Koşul yok — bu akış her zaman devam eder,
dlg_no_door_sensor,string,,No door sensor,Kapı sensörü yok,
dlg_no_forecast_available,string,,No forecast available,Tahmin mevcut değil,
dlg_no_matching_automations,string,,No matching automations,Eşleşen otomasyon yok,
dlg_no_native_home_assistant_automations_found,string,,No native Home Assistant automations found,Yerel Ev Asistanı otomasyonu bulunamadı,don't translate Home Assistant
dlg_no_profile_available,string,,No profile available,Profil mevcut değil,
dlg_no_stream_available,string,,No stream available,Akış mevcut değil,
dlg_no_supported_alarm_modes_reported_by_this_entity,string,,No supported alarm modes reported by this entity,Bu varlık tarafından desteklenen alarm modu bildirilmedi,
dlg_no_target,string,,No target,Hedef yok,
dlg_none,string,,None,Hiçbiri,
dlg_none_timer_follows_the_completion_time_only,string,,None — timer follows the completion time only,Yok — zamanlayıcı yalnızca tamamlanma süresini takip eder,
dlg_not_loaded_by_home_assistant,string,,Not loaded by Home Assistant,Ev Asistanı tarafından yüklenmedi,don't translate Home Assistant
dlg_nothing_here,string,,Nothing here.,Burada hiçbir şey yok.,
dlg_off_uppercase,string,,OFF,KAPALI,
dlg_off,string,,Off,Kapalı,
dlg_on_uppercase,string,,ON,AÇIK,
dlg_on,string,,On,Açık,
dlg_percent_on,string,,%1$s%% • ON,%1$s%% • AÇIK,keep %1$s
dlg_open_camera_full_screen,string,,Open camera full screen,Kamerayı tam ekran aç,
dlg_open,string,,Open,Açık,
dlg_optional_controls_and_sensors_for_richer_dialogs,string,,Optional controls and sensors for richer dialogs,Daha zengin diyaloglar için isteğe bağlı kontroller ve sensörler,
dlg_optional_fields_passed_to_home_assistant,string,,Optional fields passed to Home Assistant,Ev Asistanı'na aktarılan isteğe bağlı alanlar,don't translate Home Assistant
dlg_optional_label_shown_when_name_is_enabled_above,string,,"Optional label shown when ""Name"" is enabled above","Yukarıda ""Ad"" etkinleştirildiğinde gösterilen isteğe bağlı etiket",
dlg_oscillate,string,,Oscillate,Salınım,
dlg_pause,string,,Pause,Duraklat,
dlg_pause_adaptation,string,,Pause adaptation,Uyarlamayı duraklat,
dlg_pending_timer,string,,Pending timer,Bekleme zamanlayıcısı,
dlg_pick_a_source_device_or_fine_tune_individual_roles,string,,Pick a source device or fine-tune individual roles,Bir kaynak cihaz seçin veya rollere ayrı ayrı ince ayar yapın,
dlg_place_this_room_in_the_correct_floor_group,string,,Place this room in the correct floor group,Bu odayı doğru kat grubuna yerleştirin,
dlg_placement,string,,Placement,Atama,
dlg_players_summarized_by_the_room_header_and_card,string,,Players summarized by the room header and card,Oda başlığına ve karta göre özetlenen oyuncular,
dlg_please_wait,string,,Please wait…,Lütfen bekleyin…,
dlg_precipitation,string,,Precipitation,Yağış,
dlg_presets_uppercase,string,,PRESETS,ÖN AYARLAR,
dlg_presets,string,,Presets,Ön ayarlar,
dlg_previous_camera,string,,Previous camera,Önceki kamera,
dlg_profile,string,,Profile,Profil,
dlg_profile_switches_affect_every_light_assigned_to,string,,Profile switches affect every light assigned to %1$s.,Profil anahtarları %1$s'ye atanan her ışığı etkiler.,keep %1$s
dlg_rain,string,,Rain,Yağmur,
dlg_rain_map,string,,Rain map,Yağmur haritası,
dlg_rain_map_url_iframe,string,,Rain map URL (iframe),Yağmur haritası URL'si (iframe),
dlg_re_import_rooms,string,,Re-import rooms,Odaları yeniden içe aktar,
dlg_read_only_home_assistant_automation,string,,Read-only Home Assistant automation,Salt okunur Ev Asistanı otomasyonu,don't translate Home Assistant
dlg_recipes_create_regular_home_assistant_automations_you_can,string,,Recipes create regular Home Assistant automations. You can continue editing them in either HKI7 or Home Assistant.,Tarifler düzenli Ev Asistanı otomasyonları oluşturur. Bunları HKI7 veya Ev Asistanı'nda düzenlemeye devam edebilirsiniz.,"don't translate Home Assistant, HKI7"
dlg_remove,string,,Remove,Kaldırmak,
dlg_remove_edits_and_import_all,string,,Remove edits and import all,Düzenlemeleri kaldırın ve tümünü içe aktarın,
dlg_repeat,string,,Repeat,Tekrarlamak,
dlg_repeats_every_day_only_the_time_of_day_is,string,,Repeats every day — only the time of day is used.,Her gün tekrarlanır; yalnızca günün saati kullanılır.,
dlg_repeats_every_month_only_the_day_of_the_month,string,,Repeats every month — only the day of the month and time are used.,Her ay tekrarlanır; yalnızca ayın günü ve saati kullanılır.,
dlg_repeats_every_week_only_the_weekday_and_time_are,string,,Repeats every week — only the weekday and time are used.,Her hafta tekrarlanır; yalnızca haftanın günü ve saati kullanılır.,
dlg_repeats_every_year_the_year_is_ignored_so_e,string,,"Repeats every year — the year is ignored, so e.g. 24–26 Dec recurs each Christmas.","Her yıl tekrarlanır — yıl göz ardı edilir, yani ör. 24–26 Aralık her Noel'de tekrarlanır.",
dlg_required,string,, (required),(gerekli),keep the space at the start/end
dlg_required_state,string,,Required state,Gerekli durum,
dlg_resume_adaptation,string,,Resume adaptation,Uyarlamayı sürdür,
dlg_resume,string,,Resume,Sürdürmek,
dlg_reverse,string,,Reverse,Tersi,
dlg_right,string,,Right,Sağ,
dlg_right_side_overflows_left,string,,Right side overflows left,Sağ taraf sola taşıyor,
dlg_room_areas,string,,Room areas,Oda alanları,
dlg_room_climate,string,,Room climate,Oda iklimi,
dlg_room_name,string,,Room name,Oda adı,
dlg_run_mode,string,,Run mode,Çalıştırma modu,
dlg_running_state_entity,string,,Running-state entity,Çalışan durum varlığı,
dlg_s_are,string,,s are,bunlar,
dlg_save,string,,Save,Kaydetmek,
dlg_save_in_home_assistant,string,,Save in Home Assistant,Ev Asistanında Kaydet,don't translate Home Assistant
dlg_saved_directly_in_the_native_automation,string,,Saved directly in the native automation,Doğrudan yerel otomasyona kaydedildi,
dlg_scheduled,string,,Scheduled,planlanmış,
dlg_search_actions,string,,Search actions,Arama işlemleri,
dlg_search_automations,string,,Search automations,Arama otomasyonları,
dlg_season,string,,Season,Mevsim,
dlg_select,string,,Select %1$s,%1$s öğesini seçin,keep %1$s
dlg_select_a_mode_to_continue,string,,Select a mode to continue,Devam etmek için bir mod seçin,
dlg_select_battery_sensor,string,,Select Battery Sensor,Pil Sensörünü Seçin,
dlg_select_door_sensor,string,,Select Door Sensor,Kapı Sensörünü Seçin,
dlg_select_empty_bin_control,string,,Select Empty Bin Control,Boş Depo Denetimini Seçin,
dlg_select_entities,string,,Select Entities,Varlıkları Seçin,
dlg_select_entity,string,,Select Entity,Varlık Seçin,
dlg_select_map_camera,string,,Select Map Camera,Harita Kamerasını Seçin,
dlg_select_media_players,string,,Select Media Players,Medya Oynatıcıları Seçin,
dlg_select_running_state_entity,string,,Select running-state entity,Çalışan durum varlığını seç,
dlg_select_target_entity,string,,Select Target Entity,Hedef Varlığı Seçin,
dlg_select_the_alarm_panels_summarized_by_this_pill,string,,Select the alarm panels summarized by this pill,Bu hapta özetlenen alarm panellerini seçin,
dlg_select_vacuum_entity,string,,Select Vacuum Entity,Vakum Varlığını Seçin,
dlg_select_water_level,string,,Select Water Level,Su Seviyesini Seçin,
dlg_selected,string,,%1$s · Selected,%1$s · Seçildi,keep %1$s
dlg_set,string,,Set,Ayarlamak,
dlg_shape,string,,Shape,Şekil,
dlg_shape_visible_information_and_icon_behavior,string,,"Shape, visible information, and icon behavior","Şekil, görünür bilgiler ve simge davranışı",
dlg_show_a_descending_timer_when_the_value_is_a,string,,"Show a descending timer when the value is a completion time (e.g. a washer/dryer finish time). Active while counting, off at zero.","Değer bir tamamlanma süresi olduğunda (örneğin, yıkayıcı/kurutucunun bitiş zamanı) azalan bir zamanlayıcı gösterin. Sayarken aktif, sıfırda kapalı.",
dlg_show_a_live_radar_rain_map_card_a_camera,string,,Show a live radar/rain map card — a camera entity or an embedded web page (iframe),Canlı bir radar/yağmur haritası kartını gösterin — bir kamera varlığı veya yerleşik bir web sayfası (iframe),
dlg_show_badge_bar,string,,Show badge bar,Rozet çubuğunu göster,
dlg_show_the_entity_s_state_or_one_of_its,string,,"Show the entity's state, or one of its attributes instead.",Bunun yerine varlığın durumunu veya özelliklerinden birini gösterin.,
dlg_side_split_alignment,string,,Side (split alignment),Yan (bölünmüş hizalama),
dlg_snapshot,string,,Snapshot,Anlık Görüntü,
dlg_span_badges,string,,Span badges,Aralık rozetleri,
dlg_speed,string,,SPEED,HIZ,
dlg_start,string,,Start: %1$s,Başlangıç: %1$s,keep %1$s
dlg_start_with_a_useful_recipe_then_adjust_each_step,string,,"Start with a useful recipe, then adjust each step","Yararlı bir tarifle başlayın, ardından her adımı ayarlayın",
dlg_state,string,,State,Durum,
dlg_state_text,string,,State text,Durum metni,
dlg_switch,string,,SWITCH,ANAHTAR,
dlg_tap_hold_and_dialog_quick_actions,string,,"Tap, hold, and dialog quick actions","Hızlı eylemlere dokunun, basılı tutun ve diyalog kurun",
dlg_target_range_percent,string,,TARGET (%1$s–%2$s%%),HEDEF (%1$s–%2$s%%),keep %1$s %2$s
dlg_target,string,,Target,Hedef,
dlg_target_entity_optional,string,,Target entity (optional),Hedef varlık (isteğe bağlı),
dlg_temperature,string,,Temperature,Sıcaklık,
dlg_temperature_and_humidity_sources_for_the_room,string,,Temperature and humidity sources for the room,Odanın sıcaklık ve nem kaynakları,
dlg_value_with_unit,string,,%1$s%2$s,%1$s%2$s,keep %1$s %2$s
dlg_negative_value,string,,-%1$s,-%1$s,keep %1$s
dlg_spaced_temperature,string,,  %1$s°,%1$s°,keep %1$s; keep the space at the start/end
dlg_value_and_unit,string,,%1$s %2$s,%1$s %2$s,keep %1$s %2$s
dlg_temperature_value,string,,%1$s°,%1$s°,keep %1$s
dlg_updating_value,string,,%1$s…,%1$s…,keep %1$s
dlg_sentence_pair,string,,%1$s. %2$s,%1$s. %2$s,keep %1$s %2$s
dlg_labeled_value_unit,string,,%1$s: %2$s%3$s,%1$s: %2$s%3$s,keep %1$s %2$s %3$s
dlg_selected_value,string,,✓ %1$s,✓ %1$s,keep %1$s
dlg_zoom_multiplier,string,,%1$s×,%1$s×,keep %1$s
dlg_page_of_pages,string,,%1$s/%2$s,%1$s/%2$s,keep %1$s %2$s
dlg_labeled_value,string,,%1$s: %2$s,%1$s: %2$s,keep %1$s %2$s
dlg_percentage,string,,%1$s%%,%1$s%%,keep %1$s
dlg_that_profile,string,,that profile,o profil,
dlg_the_exact_dates_you_pick_leave_a_bound_as,string,,"The exact dates you pick. Leave a bound as ""Any"" for an open-ended range.","Seçtiğiniz kesin tarihler. Açık uçlu bir aralık için sınırı ""Herhangi biri"" olarak bırakın.",
dlg_the_room_header_and_card_show_a_single_player,string,,"The room header and card show a single player's media, or an active-player count when multiple players are selected.","Oda başlığı ve kart, tek bir oyuncunun medyasını veya birden fazla oyuncu seçildiğinde aktif oyuncu sayısını gösterir.",
dlg_thermostat_dial,string,,Thermostat dial,Termostat kadranı,
dlg_this_action_does_not_use_an_entity_target,string,,This action does not use an entity target.,Bu eylem bir varlık hedefi kullanmaz.,
dlg_this_action_has_no_required_target_or_additional_fields,string,,This action has no required target or additional fields.,Bu eylemin gerekli hedefi veya ek alanları yok.,
dlg_this_automation_is_managed_outside_home_assistant_s_ui,string,,"This automation is managed outside Home Assistant's UI (usually YAML). HKI7 can show it, but will not overwrite it.","Bu otomasyon, Home Assistant'ın kullanıcı arayüzünün (genellikle YAML) dışında yönetilir. HKI7 bunu gösterebilir ancak üzerine yazmaz.","don't translate Home Assistant, HKI7"
dlg_this_entity,string,,This entity,Bu varlık,
dlg_this_light_is_paused_for_manual_control,string,,This light is paused for manual control.,Bu ışık manuel kontrol için duraklatılır.,
dlg_this_removes_all_imported_rooms_and_floors_from_this,string,,This removes all imported rooms and floors from this view.,"Bu, içe aktarılan tüm odaları ve katları bu görünümden kaldırır.",
dlg_this_removes_the_native_automation_from_home_assistant_thi,string,,This removes the native automation from Home Assistant. This cannot be undone from HKI7.,"Bu, yerel otomasyonu Home Assistant'tan kaldırır. Bu HKI7'den geri alınamaz.","don't translate Home Assistant, HKI7"
dlg_time,string,,Time,Zaman,
dlg_to_state,string,,To state,belirtmek,
dlg_turn_on,string,,Turn On,Aç,
dlg_unit,string,,Unit,Birim,
dlg_untitled,string,,Untitled,İsimsiz,
dlg_url_https,string,,URL (https://…),URL'si (https://…),
dlg_vacuum_entities,string,,Vacuum entities,Vakum varlıkları,
dlg_vertical_slider,string,,Vertical slider,Dikey kaydırıcı,
dlg_visibility,string,,Visibility,Görünürlük,
dlg_visibility_alignment_and_overflow_behavior,string,,"Visibility, alignment, and overflow behavior","Görünürlük, hizalama ve taşma davranışı",
dlg_visible_during,string,,Visible during,Şu süre boyunca görünür:,
dlg_waiting_for_home_assistant,string,,Waiting for Home Assistant,Ev Asistanını Bekliyorum,don't translate Home Assistant
dlg_wallpaper_and_optional_custom_color,string,,Wallpaper and optional custom color,Duvar kağıdı ve isteğe bağlı özel renk,
dlg_wallpaper_url_or_path,string,,Wallpaper URL or path,Duvar kağıdı URL'si veya yolu,
dlg_water_value,string,,Water: %1$s,Su: %1$s,keep %1$s
dlg_water,string,,Water,su,
dlg_weather_details,string,,Weather details,Hava durumu ayrıntıları,
dlg_weather_entities,string,,Weather entities,Hava durumu varlıkları,
dlg_when,string,,When,Ne zaman,
dlg_when_and_if_then,string,,When · And if · Then,Ne zaman · Ve eğer · O zaman,
dlg_widget_width,string,,Widget width,Widget genişliği,
dlg_wind,string,,Wind,Rüzgâr,
dlg_any,string,,Any,Herhangi biri,
dlg_once,string,,Once,Bir kez,
dlg_daily,string,,Daily,Her gün,
dlg_weekly,string,,Weekly,Her hafta,
dlg_monthly,string,,Monthly,Her ay,
dlg_yearly,string,,Yearly,Her yıl,
dlg_default,string,,Default,Varsayılan,
dlg_toggle,string,,Toggle,Değiştir,
dlg_more_information,string,,More information,Daha fazla bilgi,
dlg_navigate,string,,Navigate,Git,
dlg_url,string,,URL,URL,
dlg_home,string,,Home,Ana sayfa,
dlg_rooms,string,,Rooms,Odalar,
dlg_energy,string,,Energy,Enerji,
dlg_climate,string,,Climate,İklim,
dlg_security,string,,Security,Güvenlik,
dlg_battery,string,,Battery,Pil,
dlg_settings,string,,Settings,Ayarlar,
dlg_room_value,string,,Room · %1$s,Oda · %1$s,keep %1$s
dlg_could_not_load_home_assistant_actions,string,,Could not load Home Assistant actions,Home Assistant eylemleri yüklenemedi,don't translate Home Assistant
dlg_show_entity_default_this_one,string,,Show entity (default: this one),Varlığı göster (varsayılan: bu),
dlg_target_entity_default_this_one,string,,Target entity (default: this one),Hedef varlık (varsayılan: bu),
dlg_select_destination,string,,Select destination,Hedef seç,
dlg_choose_target,string,,Choose target,Hedef seç,
dlg_target_and_action_data,string,,Target and action data,Hedef ve eylem verileri,
dlg_tap,string,,Tap,Dokunma,
dlg_hold,string,,Hold,Basılı tutma,
dlg_double_tap,string,,Double tap,Çift dokunma,
dlg_alarm_disarmed,string,,Disarmed,Devre dışı,
dlg_alarm_armed_home,string,,Armed home,Etkin: evde,
dlg_alarm_armed_away,string,,Armed away,Etkin: dışarıda,
dlg_alarm_armed_night,string,,Armed night,Etkin: gece,
dlg_alarm_armed_vacation,string,,Armed vacation,Etkin: tatil,
dlg_alarm_armed_custom,string,,Armed (custom),Etkin (özel),
dlg_alarm_arming,string,,Arming…,Etkinleştiriliyor…,
dlg_alarm_disarming,string,,Disarming…,Devre dışı bırakılıyor…,
dlg_alarm_triggered,string,,TRIGGERED,TETİKLENDİ,
dlg_alarm_disarmed_message,string,,Alarm disarmed,Alarm devre dışı bırakıldı,
dlg_alarm_command,string,,Alarm command,Alarm komutu,
dlg_alarm_command_accepted,string,,%1$s accepted,%1$s kabul edildi,keep %1$s
dlg_alarm_command_failed,string,,Command failed. Check the code and try again.,Komut başarısız oldu. Kodu kontrol edip yeniden deneyin.,
dlg_alarm_arming_cancelled,string,,Arming cancelled,Etkinleştirme iptal edildi,
dlg_alarm_cancel_failed,string,,Cancellation failed. Check the code and try again.,İptal başarısız oldu. Kodu kontrol edip yeniden deneyin.,
dlg_alarm_arm_home,string,,Arm home,Ev modunu etkinleştir,
dlg_alarm_arm_away,string,,Arm away,Dışarıda modunu etkinleştir,
dlg_alarm_arm_night,string,,Arm night,Gece modunu etkinleştir,
dlg_alarm_arm_custom,string,,Arm custom,Özel modu etkinleştir,
dlg_alarm_arm_vacation,string,,Arm vacation,Tatil modunu etkinleştir,
dlg_alarm_disarm,string,,Disarm,Devre dışı bırak,
dlg_room_configuration,string,,Room configuration,Oda yapılandırması,
dlg_choose_room_area_to_configure,string,,Choose a room area to configure,Yapılandırılacak odayı seçin,
dlg_focused_room_options,string,,Options for this room area,Bu odanın seçenekleri,
dlg_general,string,,General,Genel,
dlg_name_and_icon,string,,Name and icon,Ad ve simge,
dlg_header,string,,Header,Başlık,
dlg_wallpaper_and_custom_color,string,,Wallpaper and custom color,Arka plan ve özel renk,
dlg_badge_bar,string,,Badge bar,Rozet çubuğu,
dlg_alignment_and_display_options,string,,Alignment and display options,Hizalama ve görüntüleme seçenekleri,
dlg_assign_room_to_floor,string,,Assign this room to a floor,Bu odayı bir kata ata,
dlg_room_status,string,,Room status,Oda durumu,
dlg_room_status_summary,string,,"Media, activity, safety, and climate indicators","Medya, etkinlik, güvenlik ve iklim göstergeleri",
dlg_reimport_from_home_assistant,string,,Re-import from Home Assistant,Home Assistant’tan yeniden içe aktar,don't translate Home Assistant
dlg_import_or_rebuild_rooms,string,,Import new rooms or rebuild every room,Yeni odaları içe aktar veya tüm odaları yeniden oluştur,
dlg_clear_rooms_view_action,string,,Clear rooms view,Odalar görünümünü temizle,
dlg_remove_imported_rooms_and_floors,string,,Remove imported rooms and floors,İçe aktarılan odaları ve katları kaldır,
dlg_room,string,,Room,Oda,
dlg_split,string,,Split,Bölünmüş,
dlg_center,string,,Center,Orta,
dlg_doors,string,,Doors,Kapılar,
dlg_windows,string,,Windows,Pencereler,
dlg_motion,string,,Motion,Hareket,
dlg_presence,string,,Presence,Varlık,
dlg_lights,string,,Lights,Işıklar,
dlg_devices,string,,Devices,Cihazlar,
dlg_smoke,string,,Smoke,Duman,
dlg_gas,string,,Gas,Gaz,
dlg_fire,string,,Fire,Yangın,
dlg_full,string,,Full,Tam,
dlg_half,string,,Half,Yarım,
dlg_third,string,,Third,Üçte bir,
dlg_choose_vacuum_entity_instead,string,,Choose a vacuum entity instead,Bunun yerine bir süpürge varlığı seç,
dlg_camera_live_page,string,,%1$d/%2$d · Live,%1$d/%2$d · Canlı,keep %1$d %2$d
dlg_weather,string,,Weather,Hava durumu,
dlg_weather_and_season,string,,%1$s · %2$s,%1$s · %2$s,keep %1$s %2$s
dlg_weather_state_clear_night,string,,Clear night,Açık gece,
dlg_weather_state_cloudy,string,,Cloudy,Bulutlu,
dlg_weather_state_exceptional,string,,Exceptional,Olağan dışı,
dlg_weather_state_fog,string,,Fog,Sisli,
dlg_weather_state_hail,string,,Hail,Dolu,
dlg_weather_state_lightning,string,,Lightning,Gök gürültülü,
dlg_weather_state_lightning_rainy,string,,Thunderstorms,Gök gürültülü ve yağmurlu,
dlg_weather_state_partly_cloudy,string,,Partly cloudy,Parçalı bulutlu,
dlg_weather_state_pouring,string,,Pouring rain,Şiddetli yağmur,
dlg_weather_state_rainy,string,,Rainy,Yağmurlu,
dlg_weather_state_snowy,string,,Snowy,Karlı,
dlg_weather_state_snowy_rainy,string,,Sleet,Karla karışık yağmur,
dlg_weather_state_sunny,string,,Sunny,Güneşli,
dlg_weather_state_windy,string,,Windy,Rüzgârlı,
dlg_weather_state_windy_variant,string,,Windy and cloudy,Rüzgârlı ve bulutlu,
dlg_selected_entities_summary,plural,one,%1$d selected · %2$s,%1$d seçildi · %2$s,keep %1$d %2$s
dlg_selected_entities_summary,plural,other,%1$d selected · %2$s,%1$d seçildi · %2$s,keep %1$d %2$s
dlg_action_data_value_summary,plural,one,%1$s · %2$d data value,%1$s · %2$d veri değeri,keep %1$s %2$d
dlg_action_data_value_summary,plural,other,%1$s · %2$d data values,%1$s · %2$d veri değeri,keep %1$s %2$d
dlg_seconds_short,plural,one,%d sec,%d sn,keep %d
dlg_seconds_short,plural,other,%d sec,%d sn,keep %d
dlg_arming_in_seconds,plural,one,Arming in %d second,%d saniye içinde etkinleştirilecek,keep %d
dlg_arming_in_seconds,plural,other,Arming in %d seconds,%d saniye içinde etkinleştirilecek,keep %d
energy_extra_sensors,string,,Energy sensors,Enerji sensörleri,
energy_extra_settings,string,,Energy settings,Enerji ayarları,
energy_extra_previous_period,string,,Previous period,Önceki dönem,
energy_extra_next_period,string,,Next period,Sonraki dönem,
energy_extra_empty_view_hint,string,,This energy view is empty. Swipe down on the header and open Energy settings to add entities manually.,Bu enerji görünümü boş. Başlıkta aşağı kaydırıp Enerji ayarlarını açarak varlıkları elle ekleyebilirsin.,
energy_extra_electricity,string,,Electricity,Elektrik,
energy_extra_solar,string,,Solar,Güneş enerjisi,
energy_extra_home,string,,Home,Ev,
energy_extra_battery,string,,Battery,Batarya,
energy_extra_gas,string,,Gas,Gaz,
energy_extra_city_heating,string,,City heating,Şehir ısıtma,
energy_extra_water,string,,Water,Su,
energy_extra_energy,string,,Energy,Enerji,
energy_extra_power,string,,Power,Güç,
energy_extra_carbon,string,,Carbon,Karbon,
energy_extra_devices,string,,Devices,Cihazlar,
energy_extra_device,string,,Device,Cihaz,
energy_extra_importing,string,,Importing,Şebekeden alım,
energy_extra_exporting,string,,Exporting,Şebekeye aktarım,
energy_extra_idle,string,,Idle,Beklemede,
energy_extra_charging,string,,Charging,Şarj oluyor,
energy_extra_discharging,string,,Discharging,Deşarj oluyor,
energy_extra_producing,string,,Producing,Üretiyor,
energy_extra_consuming,string,,Consuming,Tüketiyor,
energy_extra_grid_idle,string,,Grid idle,Şebeke beklemede,
energy_extra_importing_power,string,,Importing power,Şebekeden güç alınıyor,
energy_extra_exporting_power,string,,Exporting power,Şebekeye güç aktarılıyor,
energy_extra_battery_supporting,string,,Battery supplying power,Batarya güç sağlıyor,
energy_extra_battery_charging,string,,Battery charging,Batarya şarj oluyor,
energy_extra_solar_producing,string,,Solar producing,Güneş enerjisi üretiliyor,
energy_extra_home_consuming,string,,Home consuming,Ev enerji tüketiyor,
energy_extra_energy_idle,string,,Energy idle,Enerji akışı yok,
energy_extra_today_value,string,,%1$s today,%1$s bugün,keep %1$s
energy_extra_used_period,string,,Used %1$s,Tüketim: %1$s,keep %1$s
energy_extra_produced_period,string,,Produced %1$s,Üretim: %1$s,keep %1$s
energy_extra_fossil_percentage,string,,%1$s%% fossil,%1$s%% fosil,keep %1$s
energy_extra_self_used_percentage,string,,Self-used · %1$d%%,Öz tüketim · %1$d%%,keep %1$d
energy_extra_electricity_total,string,,Electricity total,Toplam elektrik,
energy_extra_top_consumers,string,,Top consumers,En çok tüketenler,
energy_extra_device_energy,string,,Device energy,Cihaza göre enerji,
energy_extra_individual_water_usage,string,,Individual water usage,Cihaza göre su tüketimi,
energy_extra_production,string,,Production,Üretim,
energy_extra_forecast,string,,Forecast,Tahmin,
energy_extra_inverters,string,,Inverters,İnvertörler,
energy_extra_now,string,,Now,Şimdi,
energy_extra_usage,string,,Usage,Tüketim,
energy_extra_total,string,,Total,Toplam,
energy_extra_cost,string,,Cost,Maliyet,
energy_extra_charge,string,,Charge,Şarj düzeyi,
energy_extra_grid_flow,string,,Grid flow,Şebeke akışı,
energy_extra_self_sufficient,string,,Self-sufficient,Enerji bağımsızlığı,
energy_extra_carbon_footprint,string,,Carbon footprint,Karbon ayak izi,
energy_extra_self_used,string,,Self-used,Öz tüketim,
energy_extra_last_seven_days,string,,Last 7 days,Son 7 gün,
energy_extra_lifetime,string,,Lifetime,Devreye alındığından beri,
energy_extra_power_per_phase,string,,Power per phase,Faz başına güç,
energy_extra_tariff_meter_readings,string,,Tariff meter readings,Tarifeye göre sayaç değerleri,
energy_extra_tariff_one,string,,Tariff 1,Tarife 1,
energy_extra_tariff_two,string,,Tariff 2,Tarife 2,
energy_extra_solar_production,string,,Solar production,Güneş enerjisi üretimi,
energy_extra_category_overview,string,,Overview,Genel bakış,
energy_extra_category_electricity_subtitle,string,,"Grid power, phases, import/export, tariffs, and cost","Şebeke gücü, fazlar, alım, aktarım, tarifeler ve maliyet",
energy_extra_category_solar_subtitle,string,,"Production, forecast, and inverter device","Üretim, tahmin ve invertör",
energy_extra_category_battery_subtitle,string,,Charge level and battery power,Şarj düzeyi ve batarya gücü,
energy_extra_category_carbon_subtitle,string,,Grid carbon-footprint device,Şebeke karbon ayak izi cihazı,
energy_extra_category_usage_cost_subtitle,string,,Usage and cost,Tüketim ve maliyet,
energy_extra_category_devices_subtitle,string,,"Power, energy, and individual water devices","Güç, enerji ve ayrı su sayaçları",
energy_extra_category_city_heating_subtitle,string,,"Heat energy, current output, and cost","Isı enerjisi, akım çıkışı ve maliyet",
energy_extra_card_live_source_tiles,string,,Live source tiles,Canlı kaynak kutucukları,
energy_extra_card_electricity_totals_usage,string,,Electricity totals and usage,Elektrik toplamları ve tüketim,
energy_extra_card_home_battery,string,,Home battery,Ev bataryası,
energy_extra_card_gas_usage,string,,Gas usage,Gaz tüketimi,
energy_extra_card_city_heating_usage,string,,City-heating usage,Şehir ısıtma kullanımı,
energy_extra_card_water_usage,string,,Water usage,Su tüketimi,
energy_extra_card_device_energy_bars,string,,Device energy bars,Cihaza göre enerji,
energy_extra_select_energy_cards,string,,Select energy cards,Enerji kartlarını seç,
energy_extra_role_grid_power,string,,Grid power (W),Şebeke gücü (W),
energy_extra_role_home_power,string,,Home power (W),Ev gücü (W),
energy_extra_role_solar_power,string,,Solar power (W),Güneş enerjisi gücü (W),
energy_extra_role_battery_power,string,,Battery power (W),Batarya gücü (W),
energy_extra_role_battery_level,string,,Battery level (%),Batarya düzeyi (%),
energy_extra_role_grid_import,string,,Grid import (kWh),Şebekeden alım (kWh),
energy_extra_role_grid_export,string,,Grid export (kWh),Şebekeye aktarım (kWh),
energy_extra_role_solar_production,string,,Solar production (kWh),Güneş enerjisi üretimi (kWh),
energy_extra_role_phase_one_power,string,,Phase 1 power,Faz 1 gücü,
energy_extra_role_phase_two_power,string,,Phase 2 power,Faz 2 gücü,
energy_extra_role_phase_three_power,string,,Phase 3 power,Faz 3 gücü,
energy_extra_role_import_meter_tariff_one,string,,Import meter tariff 1,Alım sayacı tarife 1,
energy_extra_role_import_meter_tariff_two,string,,Import meter tariff 2,Alım sayacı tarife 2,
energy_extra_role_export_meter_tariff_one,string,,Export meter tariff 1,Aktarım sayacı tarife 1,
energy_extra_role_export_meter_tariff_two,string,,Export meter tariff 2,Aktarım sayacı tarife 2,
energy_extra_role_energy_cost,string,,Energy cost,Enerji maliyeti,
energy_extra_role_gas_total,string,,Gas total (m³),Toplam gaz (m³),
energy_extra_role_gas_flow_now,string,,Gas flow (now),Gaz akışı (şimdi),
energy_extra_role_gas_cost,string,,Gas cost,Gaz maliyeti,
energy_extra_role_water_total,string,,Water total,Toplam su,
energy_extra_role_water_flow_now,string,,Water flow (now),Su akışı (şimdi),
energy_extra_role_water_cost,string,,Water cost,Su maliyeti,
energy_extra_role_individual_water_devices,string,,Individual water devices,Ayrı su sayaçları,
energy_extra_role_power_devices,string,,Power devices,Güç cihazları,
energy_extra_role_energy_devices,string,,Energy devices,Enerji cihazları,
energy_extra_sensor_current_power_import,string,,"Current power (W, + = import)","Anlık güç (W, + = alım)",
energy_extra_sensor_power_phase_one,string,,Power phase 1 (W),Faz 1 gücü (W),
energy_extra_sensor_power_phase_two,string,,Power phase 2 (W),Faz 2 gücü (W),
energy_extra_sensor_power_phase_three,string,,Power phase 3 (W),Faz 3 gücü (W),
energy_extra_sensor_current_phase_one,string,,Current phase 1 (A),Faz 1 akımı (A),
energy_extra_sensor_current_phase_two,string,,Current phase 2 (A),Faz 2 akımı (A),
energy_extra_sensor_current_phase_three,string,,Current phase 3 (A),Faz 3 akımı (A),
energy_extra_sensor_voltage_phase_one,string,,Voltage phase 1 (V),Faz 1 gerilimi (V),
energy_extra_sensor_voltage_phase_two,string,,Voltage phase 2 (V),Faz 2 gerilimi (V),
energy_extra_sensor_voltage_phase_three,string,,Voltage phase 3 (V),Faz 3 gerilimi (V),
energy_extra_sensor_home_consumption_power,string,,Home consumption power (W),Evin tüketim gücü (W),
energy_extra_sensor_energy_import,string,,Energy import (kWh),Alınan enerji (kWh),
energy_extra_sensor_energy_import_tariff_one,string,,Energy import tariff 1 (kWh),Alınan enerji tarife 1 (kWh),
energy_extra_sensor_energy_import_tariff_two,string,,Energy import tariff 2 (kWh),Alınan enerji tarife 2 (kWh),
energy_extra_sensor_energy_export,string,,Energy export (kWh),Aktarılan enerji (kWh),
energy_extra_sensor_energy_export_tariff_one,string,,Energy export tariff 1 (kWh),Aktarılan enerji tarife 1 (kWh),
energy_extra_sensor_energy_export_tariff_two,string,,Energy export tariff 2 (kWh),Aktarılan enerji tarife 2 (kWh),
energy_extra_sensor_energy_cost_today,string,,Energy cost today,Bugünkü enerji maliyeti,
energy_extra_sensor_current_power_production,string,,Current power production (W),Anlık enerji üretimi (W),
energy_extra_sensor_energy_production_today,string,,Energy production today (kWh),Bugünkü enerji üretimi (kWh),
energy_extra_sensor_energy_production_seven_days,string,,Energy production over the last 7 days,Son 7 gündeki enerji üretimi,
energy_extra_sensor_lifetime_energy_production,string,,Lifetime energy production,Toplam enerji üretimi,
energy_extra_sensor_battery_power_charging,string,,"Battery power (W, + = charging)","Batarya gücü (W, + = şarj)",
energy_extra_sensor_gas_used_today,string,,Gas used today (m³),Bugünkü gaz tüketimi (m³),
energy_extra_sensor_current_gas_flow,string,,"Current gas flow (m³/h, optional)","Anlık gaz akışı (m³/sa, isteğe bağlı)",
energy_extra_sensor_gas_cost_today,string,,Gas cost today,Bugünkü gaz maliyeti,
energy_extra_sensor_city_heating_total,string,,Heat energy total (J/MJ/GJ/kWh),Toplam ısı enerjisi (J/MJ/GJ/kWh),
energy_extra_sensor_city_heating_current,string,,Current heat output (optional),Mevcut ısı çıkışı (isteğe bağlı),
energy_extra_sensor_city_heating_cost,string,,City-heating cost,Şehir ısıtma maliyeti,
energy_extra_estimated_gas_equivalent,string,,Estimated gas equivalent,Tahmini gaz eşdeğeri,
energy_extra_estimated_gas_note,string,,Based on 35.17 MJ per m³ of natural gas,"Doğal gazın m³ başına 35,17 MJ'e dayanmaktadır",
energy_extra_sensor_water_used_today,string,,Water used today (L/m³),Bugünkü su tüketimi (L/m³),
energy_extra_sensor_current_water_flow,string,,"Current water flow (L/min, optional)","Anlık su akışı (L/dk, isteğe bağlı)",
energy_extra_sensor_water_cost_today,string,,Water cost today,Bugünkü su maliyeti,
energy_extra_picker_top_consumer_devices,string,,Top-consumer devices,En çok tüketen cihazlar,
energy_extra_picker_device_energy_counters,string,,Device energy counters,Cihaza göre enerji sayaçları,
energy_extra_auto_power_sensors_help,string,,All sensors with device_class power are included automatically. Remove a device to create your own list.,device_class power olan tüm sensörler otomatik olarak eklenir. Kendi listeni oluşturmak için bir cihazı kaldır.,
energy_extra_auto_energy_sensors_help,string,,All sensors with device_class energy are included automatically. Their counter changes are used for the selected period.,device_class energy olan tüm sensörler otomatik olarak eklenir. Sayaç değişimleri seçilen dönem için kullanılır.,
energy_extra_currency,string,,Currency,Para birimi,
energy_extra_currency_subtitle,string,,Which currency the cost stats are shown in,Maliyet istatistikleri hangi para biriminde gösterilir?,
energy_extra_currency_search,string,,Search currencies,Para birimlerini arayın,
energy_extra_currency_automatic,string,,Automatic,Otomatik,
energy_extra_currency_automatic_subtitle,string,,"Follow your cost sensors, then your device region",Maliyet sensörlerinizi ve ardından cihaz bölgenizi takip edin,
energy_extra_currency_automatic_value,string,,Automatic (%1$s),Otomatik (%1$s),keep %1$s
energy_extra_currency_manual_value,string,,%1$s (%2$s),%1$s (%2$s),keep %1$s %2$s
energy_extra_energy_card,string,,Energy card,Enerji kartı,
energy_extra_energy_card_subtitle,string,,Data sources and card appearance,Veri kaynakları ve kart görünümü,
energy_extra_card_and_data,string,,Card and data,Kart ve veriler,
energy_extra_energy_stack,string,,Energy stack,Enerji kart grubu,
energy_extra_energy_stack_subtitle,string,,"Cards, data sources, and layout","Kartlar, veri kaynakları ve düzen",
energy_extra_cards_and_data,string,,Cards and data,Kartlar ve veriler,
events_tab,string,,Events,Olaylar,
events_empty,string,,No events yet,Henüz etkinlik yok,
events_empty_hint,string,,Recent activity for the entities your family admin added to the timeline appears here.,Aile yöneticinizin zaman çizelgesine eklediği varlıklara ilişkin son etkinlikler burada görünür.,
events_not_configured,string,,No events are being tracked,Hiçbir etkinlik takip edilmiyor,
events_not_configured_admin,string,,Choose which entities appear here in Settings › Family Sharing › Events.,Ayarlar › Aile Paylaşımı › Etkinlikler'de hangi varlıkların görüneceğini seçin.,
events_not_configured_member,string,,Your family admin decides which entities appear here.,Burada hangi varlıkların görüneceğine aile yöneticiniz karar verir.,
events_unavailable,string,,The event timeline needs HKI 7 Cloud %1$s.,Etkinlik zaman çizelgesinde HKI 7 Cloud %1$s gerekiyor.,keep %1$s; don't translate HKI 7 Cloud
events_set_up_button,string,,Choose entities,Varlıkları seçin,
events_no_matches,string,,No matching events,Eşleşen etkinlik yok,
events_loading,string,,Loading events…,Etkinlikler yükleniyor…,
events_today,string,,Today,Bugün,
events_yesterday,string,,Yesterday,Dün,
events_by,string,,by %1$s,%1$s tarafından,keep %1$s
events_filter_all,string,,All,Tüm,
event_category_door,string,,Doors,Kapılar,
event_category_window,string,,Windows,Pencereler,
event_category_motion,string,,Motion,Hareket,
event_category_moisture,string,,Water,su,
event_category_safety,string,,Smoke & gas,Duman ve gaz,
event_category_problem,string,,Problems,Sorunlar,
event_category_battery,string,,Batteries,Piller,
event_category_connectivity,string,,Connectivity,Bağlantı,
event_category_light,string,,Lights,Işıklar,
event_category_switch,string,,Switches,Anahtarlar,
event_category_lock,string,,Locks,Kilitler,
event_category_cover,string,,Covers,Panjurlar,
event_category_climate,string,,Climate,İklim,
event_category_presence,string,,People,Kişiler,
event_category_alarm,string,,Alarm,Alarm,
event_category_media,string,,Media,Medya,
event_category_vacuum,string,,Vacuum,Robot süpürge,
event_category_automation,string,,Automations,Otomasyonlar,
event_category_sensor,string,,Sensors,Sensörler,
event_verb_opened,string,,was opened,açıldı,
event_verb_closed,string,,was closed,kapatıldı,
event_verb_opening,string,,is opening,açılıyor,
event_verb_closing,string,,is closing,kapanıyor,
event_verb_locked,string,,was locked,kilitliydi,
event_verb_unlocked,string,,was unlocked,kilidi açıldı,
event_verb_motion_detected,string,,detected motion,algılanan hareket,
event_verb_motion_cleared,string,,stopped detecting motion,hareket algılamayı durdurdu,
event_verb_moisture_detected,string,,detected moisture,tespit edilen nem,
event_verb_moisture_cleared,string,,is dry again,yine kuru,
event_verb_alarm_detected,string,,raised an alarm,alarmı çalıştırdım,
event_verb_alarm_cleared,string,,cleared,temizlendi,
event_verb_problem_detected,string,,reported a problem,bir sorun bildirdi,
event_verb_problem_cleared,string,,is back to normal,normale döndü,
event_verb_battery_low,string,,reported a low battery,pilin zayıf olduğunu bildirdi,
event_verb_battery_normal,string,,has a healthy battery again,yine sağlıklı bir bataryaya sahip,
event_verb_connected,string,,came online,çevrimiçi oldu,
event_verb_disconnected,string,,went offline,çevrimdışı oldu,
event_verb_turned_on,string,,was turned on,açıldı,
event_verb_turned_off,string,,was turned off,kapatıldı,
event_verb_detected,string,,was triggered,tetiklendi,
event_verb_cleared,string,,cleared,temizlendi,
event_verb_arrived_home,string,,arrived home,eve vardım,
event_verb_left_home,string,,left home,evden ayrıldı,
event_verb_arrived_at,string,,arrived at %1$s,%1$s adresine ulaştı,keep %1$s
event_verb_disarmed,string,,was disarmed,silahsızlandırıldı,
event_verb_armed,string,,was armed,silahlıydı,
event_verb_arming,string,,is arming,silahlanıyor,
event_verb_pending,string,,is counting down,geri sayıyorum,
event_verb_triggered,string,,was triggered,tetiklendi,
event_verb_set_to,string,,was set to %1$s,%1$s olarak ayarlandı,keep %1$s
event_verb_started_cleaning,string,,started cleaning,temizlemeye başladım,
event_verb_returning_to_dock,string,,is returning to its dock,iskelesine geri dönüyor,
event_verb_docked,string,,docked,kenetlenmiş,
event_verb_started_playing,string,,started playing,oynamaya başladım,
event_verb_paused,string,,was paused,duraklatıldı,
event_verb_stopped,string,,stopped,durduruldu,
event_verb_generic,string,,changed to %1$s,%1$s olarak değiştirildi,keep %1$s
ui_0f_s_788ca6f,string,,%.0f %s,%.0f %s,keep %.0f %s
ui_1_advanced_shorthand_block_kept_unchanged_d4dcbd7,string,,1 advanced shorthand block (kept unchanged),1 gelişmiş kısayol bloğu (değişmeden tutulur),
ui_1f_16b5d7d,string,,%.1f,%.1f,keep %.1f
ui_1f_b07a377,string,,%.1f°,%.1f°,keep %.1f
ui_1f_c_5b83308,string,,%.1f °C,%.1f °C,keep %.1f
ui_1f_kwh_507c039,string,,%.1f kWh,%.1f kWh,keep %.1f
ui_1f_kwh_self_used_b4798a5,string,, · %%.1f kWh self-used (%1$s%%%%),· Kendi kendine kullanılan %%.1f kWh (%1$s%%%%),keep %1$s; keep the space at the start/end
ui_1f_of_1f_kwh_d_00c25f6,string,,%.1f of %.1f kWh · %d%%,%.1f / %.1f kWh · %d%%,keep %.1f %d
ui_1f_s_0cafc63,string,,%.1f %s,%.1f %s,keep %.1f %s
ui_24_hour_format_b195a8f,string,,24-Hour Format,24 Saat Formatı,
ui_2f_kwh_76c1688,string,,%.2f kWh,%.2f kWh,keep %.2f
ui_a_fast_auto_generating_dashboard_for_home_assistant_let_0fad4a9,string,,"A fast, auto-generating dashboard for Home Assistant\nLet's connect to your server.","Ev Asistanı için hızlı, otomatik olarak oluşturulan bir kontrol paneli\nSunucunuza bağlanalım.",don't translate Home Assistant; \n = line break
ui_a_modern_touch_first_android_dashboard_and_companion_for_814cbdb,string,,"A modern, touch-first Android dashboard and companion for Home Assistant.","Modern, dokunmaya duyarlı bir Android kontrol paneli ve Ev Asistanı için tamamlayıcı.",don't translate Home Assistant
ui_about_6b21fb7,string,,About,Hakkında,
ui_accidental_touch_protection_e2683f4,string,,Accidental-touch protection,Kazara dokunma koruması,
ui_account_85dfa32,string,,Account,Hesap,
ui_action_49924bc,string,,%1$s action,%1$s eylemi,keep %1$s
ui_action_97c89a4,string,,Action,Aksiyon,
ui_action_data_e5a7704,string,,Action data,Eylem verileri,
ui_action_data_object_8850c05,string,,Action data object,Eylem veri nesnesi,
ui_action_details_d623b1c,string,,Action details,Eylem ayrıntıları,
ui_active_0af2854,string,,%1$s · %2$s active,%1$s · %2$s etkin,keep %1$s %2$s
ui_active_25ff32f,string,,%1$s/%2$s active,%1$s/%2$s etkin,keep %1$s %2$s
ui_active_a733b80,string,,Active,Etkin,
ui_active_c7260b5,string,,%1$s%% • ACTIVE,%1$s%% • AKTİF,keep %1$s
ui_active_connection_54db7a1,string,,Active connection,Aktif bağlantı,
ui_activity_81c0d91,string,,Activity,Etkinlik,
ui_activity_indication_and_collapsing_0764a94,string,,Activity indication and collapsing,Etkinlik göstergesi ve çökme,
ui_adapt_now_c30eb08,string,,Adapt now,Şimdi uyum sağlayın,
ui_adaptive_lighting_7587880,string,,Adaptive lighting,Uyarlanabilir aydınlatma,
ui_adaptive_lighting_e2cffbd,string,,Adaptive Lighting,Uyarlanabilir Aydınlatma,
ui_adaptive_lighting_is_unavailable_6b9ada3,string,,Adaptive Lighting is unavailable,Uyarlanabilir Aydınlatma kullanılamıyor,
ui_add_016df71,string,,Add (%1$s),Ekle (%1$s),keep %1$s
ui_add_4_10_entity_buttons_to_this_dialog_s_cdedf23,string,,Add 4–10 entity buttons to this dialog's nav bar.,Bu iletişim kutusunun gezinme çubuğuna 4-10 varlık düğmesi ekleyin.,
ui_add_61cc55a,string,,Add,Eklemek,
ui_add_and_edit_each_chart_in_this_stack_0c0cb11,string,,Add and edit each chart in this stack,Bu yığındaki her grafiği ekleyin ve düzenleyin,
ui_add_at_least_one_step_3620909,string,,Add at least one step,En az bir adım ekleyin,
ui_add_button_3d7db43,string,,Add button,Ekle düğmesi,
ui_add_camera_cf03528,string,,Add Camera,Kamera Ekle,
ui_add_carrier_device_7945283,string,,Add carrier device,Taşıyıcı cihaz ekle,
ui_add_current_network_64cabf3,string,,"Add current network ""%1$s""","Mevcut ağı ""%1$s"" ekle",keep %1$s
ui_add_custom_buttons_83a0768,string,,Add Custom Buttons,Özel Düğmeler Ekle,
ui_add_custom_camera_url_aab29ef,string,,Add Custom Camera URL,Özel Kamera URL'si Ekle,
ui_add_entities_333152e,string,,Add entities,Varlık ekle,
ui_add_entity_f99dc1d,string,,Add entity,Varlık ekle,
ui_add_every_integration_account_that_should_contribute_parce_ce58afb,string,,Add every integration account that should contribute parcels,Paketlere katkıda bulunması gereken her entegrasyon hesabını ekleyin,
ui_add_floor_63c715d,string,,Add Floor,Kat Ekle,
ui_add_graph_079e4ca,string,,Add graph,Grafik ekle,
ui_add_home_assistant_a6ccea8,string,,Add Home Assistant,Ev Asistanı Ekle,don't translate Home Assistant
ui_add_home_assistant_instance_625838a,string,,Add Home Assistant instance,Ev Asistanı örneği ekle,don't translate Home Assistant
ui_add_individual_water_meters_to_compare_their_usage_daec0de,string,,Add individual water meters to compare their usage.,Kullanımlarını karşılaştırmak için ayrı su sayaçları ekleyin.,
ui_add_instance_step_df337b3,string,,add_instance_step,add_instance_step,
ui_add_more_for_a_full_row_ed977e3,string,,Add %1$s more for a full row.,Tam satır için %1$s daha ekleyin.,keep %1$s
ui_add_one_focused_card_c2f2ed8,string,,Add one focused card,Odaklanmış bir kart ekleyin,
ui_add_or_edit_entities_b59919b,string,,Add or edit entities,Varlık ekleme veya düzenleme,
ui_add_parcel_82c0bf8,string,,Add parcel,Parsel ekle,
ui_add_parcel_bde8afb,string,,Add Parcel,Parsel Ekle,
ui_add_room_5a95991,string,,Add Room,Oda Ekle,
ui_add_sensors_d6df16f,string,,Add sensors,Sensör ekle,
ui_add_to_cd52e85,string,,Add to %1$s,%1$s'ye ekle,keep %1$s
ui_add_widget_a9df350,string,,Add Widget,Widget Ekle,
ui_add_widget_dd4416e,string,,Add widget,Widget ekle,
ui_adding_ffb2e62,string,,Adding…,Ekleniyor…,
ui_admin_b38222e,string,,%1$s (admin),%1$s (yönetici),keep %1$s
ui_administrative_controls_for_your_home_assistant_server_e56ebd9,string,,Administrative controls for your Home Assistant server,Home Assistant sunucunuz için yönetim kontrolleri,don't translate Home Assistant
ui_advanced_4d06472,string,,Advanced,Gelişmiş,
ui_advanced_action_data_json_622e363,string,,Advanced action data (JSON),Gelişmiş eylem verileri (JSON),
ui_advanced_shorthand_blocks_kept_unchanged_aa253ae,string,,%1$s advanced shorthand blocks (kept unchanged),%1$s gelişmiş kısayol blokları (değişmeden tutuldu),keep %1$s
ui_aesthetic_changes_only_f31f444,string,,Aesthetic changes only,Yalnızca estetik değişiklikler,
ui_aggregate_carriers_eae26c7,string,,Aggregate carriers,Agrega taşıyıcıları,
ui_agree_ee68d34,string,,Agree,Kabul etmek,
ui_air_circulating_273e82b,string,,Air circulating,Hava sirkülasyonu,
ui_air_circulation_devices_a14e95d,string,,Air circulation devices,Hava sirkülasyon cihazları,
ui_air_cleaning_devices_4364277,string,,Air cleaning devices,Hava temizleme cihazları,
ui_air_purifiers_476147b,string,,Air purifiers,Hava temizleyiciler,
ui_air_purifiers_are_fan_entities_in_home_assistant_so_3fa4fdb,string,,"Air purifiers are fan entities in Home Assistant, so they can't be auto-detected. Select yours here.","Hava temizleyicileri, Home Assistant'taki fan öğeleridir, dolayısıyla otomatik olarak algılanamazlar. Burada sizinkini seçin.",don't translate Home Assistant
ui_airphase_1f2d2b6,string,,airPhase,hava fazı,
ui_alarm_25f8c55,string,,Alarm,Alarm,
ui_alarm_entities_b462ba5,string,,Alarm entities,Alarm varlıkları,
ui_alarm_pending_e2c04aa,string,,Alarm pending,Alarm devreye alınıyor,
ui_alarm_triggered_641ff6f,string,,Alarm triggered,Alarm tetiklendi,
ui_alarm_unavailable_867909b,string,,Alarm unavailable,Alarm kullanılamıyor,
ui_alignment_7f8c517,string,,Alignment,Hizalama,
ui_all_6a72085,string,,All,Tüm,
ui_all_batteries_ok_9676f73,string,,All batteries OK,Tüm piller tamam,
ui_all_calendar_entities_bffb01d,string,,All calendar entities,Tüm takvim varlıkları,
ui_all_levels_6b4fde3,string,,All levels,Tüm seviyeler,
ui_all_off_97b7833,string,,All off,Hepsi kapalı,
ui_all_thermostats_59c8297,string,,All thermostats,Tüm termostatlar,
ui_all_types_30c8a0f,string,,All types,Tüm türler,
ui_allow_all_the_time_d91ab85,string,,Allow All The Time,Her Zaman İzin Ver,
ui_allow_editing_24f2b54,string,,Allow editing,Düzenlemeye izin ver,
ui_allow_theme_colors_icons_names_and_wallpaper_but_not_efc8a97,string,,"Allow theme, colors, icons, names and wallpaper — but not adding or removing widgets, buttons or rooms","Temaya, renklere, simgelere, adlara ve duvar kağıdına izin verin; ancak widget, düğme veya oda ekleme veya kaldırma işlemi yapmayın",
ui_always_a91bcce,string,,Always,Her zaman,
ui_an_admin_can_share_one_dashboard_with_the_whole_5a5434d,string,,"An admin can share one dashboard with the whole family so everyone gets the same layout. To use it, an admin needs to install the HKI 7 Cloud component and share a dashboard first.","Bir yönetici, herkesin aynı düzeni alabilmesi için bir kontrol panelini tüm aileyle paylaşabilir. Bunu kullanmak için yöneticinin önce HKI 7 Cloud bileşenini yüklemesi ve bir kontrol panelini paylaşması gerekir.",don't translate HKI 7 Cloud
ui_an_admin_needs_to_install_the_hki_7_cloud_0e9241b,string,,An admin needs to install the HKI 7 Cloud component and share a dashboard first.,Bir yöneticinin önce HKI 7 Cloud bileşenini yüklemesi ve bir kontrol panelini paylaşması gerekir.,don't translate HKI 7 Cloud
ui_android_location_permission_2ff3839,string,,Android Location Permission,Android Konum İzni,
ui_animated_icons_aa39cfe,string,,Animated icons,Animasyonlu simgeler,
ui_animation_62afd21,string,,Animation,Animasyon,
ui_announced_letter_3a7ac05,string,,Announced letter,Duyurulan mektup,
ui_any_state_c7274cb,string,,Any state,Herhangi bir eyalet,
ui_appearance_41def7a,string,,Appearance,Dış görünüş,
ui_applies_to_all_dashboard_buttons_widgets_stacks_rooms_and_9715deb,string,,"Applies to all dashboard buttons, widgets, stacks, rooms, and cards.","Tüm kontrol paneli düğmeleri, widget'lar, yığınlar, odalar ve kartlar için geçerlidir.",
ui_apply_cfea419,string,,Apply,Uygula,
ui_archived_eddc813,string,,Archived,Arşivlendi,
ui_are_you_sure_you_want_to_clear_battery_config_3e19f24,string,,Are you sure you want to clear battery config?,Pil yapılandırmasını temizlemek istediğinizden emin misiniz?,
ui_armed_32caa31,string,,Armed,Silahlı,
ui_armed_away_6834abf,string,,Armed away,Etkin: dışarıda,
ui_armed_home_c8d0b44,string,,Armed home,Etkin: evde,
ui_armed_night_80659bd,string,,Armed night,Etkin: gece,
ui_arming_in_seconds_b9e07a8,string,,Arming in %1$s seconds,%1$s saniye içinde devreye alınıyor,keep %1$s
ui_aspect_ratio_4e077cf,string,,Aspect ratio,En boy oranı,
ui_aspect_ratio_used_by_every_stream_275bb52,string,,Aspect ratio used by every stream,Her akış tarafından kullanılan en boy oranı,
ui_astronomical_tap_or_swipe_683fe28,string,,Astronomical · tap or swipe,Astronomik · dokunun veya kaydırın,
ui_at_target_6a8dbb5,string,,At target,Hedefte,
ui_auto_c614ba7,string,,Auto,Otomatik,
ui_auto_dashboard_c7a509a,string,,Auto dashboard,Otomatik kontrol paneli,
ui_auto_discovered_e0643da,string,,Auto-discovered,Otomatik keşfedildi,
ui_auto_generate_0f86c24,string,,Auto Generate,Otomatik Oluştur,
ui_auto_generate_1502534,string,,Auto generate,Otomatik oluştur,
ui_auto_generation_is_a_one_time_starting_point_the_6b317fe,string,,"Auto generation is a one-time starting point. The Home page starts empty in either mode, and you can re-import Home Assistant data later from individual views.",Otomatik oluşturma tek seferlik bir başlangıç noktasıdır. Her iki modda da Ana sayfa boş başlar ve Home Assistant verilerini daha sonra ayrı görünümlerden yeniden içe aktarabilirsiniz.,don't translate Home Assistant
ui_auto_manual_342b68e,string,,Auto + %1$s manual,Otomatik + %1$s manuel,keep %1$s
ui_auto_none_f606e9b,string,,Auto / none,Otomatik / yok,
ui_auto_scan_150eb4b,string,,Auto-scan,Otomatik tarama,
ui_auto_unavailable_33737ba,string,,Auto / unavailable,Otomatik / kullanılamıyor,
ui_automatic_cloud_backup_494d882,string,,Automatic cloud backup,Otomatik bulut yedekleme,
ui_automatic_configuration_only_battery_class_percentage_sens_ce9ab03,string,,Automatic configuration: only battery-class percentage sensors are included.,Otomatik yapılandırma: yalnızca pil sınıfı yüzde sensörleri dahildir.,
ui_automatic_local_cloud_backup_7aef407,string,,Automatic local cloud backup,Otomatik yerel bulut yedekleme,
ui_automatic_paging_and_transition_style_792709a,string,,Automatic paging and transition style,Otomatik sayfalama ve geçiş stili,
ui_automatically_backs_up_your_dashboard_and_appearance_setti_cd89812,string,,"Automatically backs up your dashboard and appearance settings to your own Home Assistant every day, so you can restore them any time. Requires the HKI 7 Cloud custom component (install it via HACS).","Kontrol panelinizi ve görünüm ayarlarınızı her gün otomatik olarak Ev Asistanınıza yedekler, böylece bunları istediğiniz zaman geri yükleyebilirsiniz. HKI 7 Cloud özel bileşenini gerektirir (HACS aracılığıyla yükleyin).","don't translate HKI 7 Cloud, Home Assistant"
ui_automation_a15fde5,string,,Automation,Otomasyon,
ui_automations_even_when_the_app_is_closed_or_not_d27e5b1,string,,"automations, even when the app is closed or not in use.\n\n",Uygulama kapalıyken veya kullanılmadığında bile otomasyonlar.,\n = line break
ui_autoplay_95619b5,string,,Autoplay,Otomatik oynatma,
ui_average_93a8018,string,,average,ortalama,
ui_azimuth_d2fbdb3,string,,Azimuth,Azimut,
ui_back_b52b36b,string,,Back,Geri,
ui_back_up_now_527bf1a,string,,Back up now,Şimdi yedekle,
ui_background_image_url_or_path_dfc4908,string,,Background image (URL or path),Arka plan resmi (URL veya yol),
ui_background_location_5f56f21,string,,Background location,Arka plan konumu,
ui_background_notifications_563a463,string,,Background notifications,Arka plan bildirimleri,
ui_background_usage_fd8ed73,string,,Background Usage,Arka Plan Kullanımı,
ui_backing_up_f600558,string,,Backing up…,Yedekleniyor…,
ui_backspace_88d130a,string,,Backspace,Geri tuşu,
ui_backup_and_restore_a593246,string,,Backup and Restore,Yedekleme ve Geri Yükleme,
ui_backup_dd96994,string,,Backup,Yedekleme,
ui_backups_contain_dashboard_and_appearance_configuration_onl_d5856be,string,,"Backups contain dashboard and appearance configuration only. Connection details, app permissions, location state, and notification history are not included.","Yedeklemeler yalnızca kontrol paneli ve görünüm yapılandırmasını içerir. Bağlantı ayrıntıları, uygulama izinleri, konum durumu ve bildirim geçmişi dahil değildir.",
ui_badge_bar_layout_4b4dfdd,string,,Badge bar layout,Rozet çubuğu düzeni,
ui_bars_ad5fb3b,string,,Bars,Barlar,
ui_batt_679d0aa,string,,Batt,Vuruş,
ui_batteries_0970f9d,string,,Batteries,Piller,
ui_battery_4a9be04,string,,Battery,Pil,
ui_battery_74dff99,string,,Battery: %1$s,Pil: %1$s,keep %1$s
ui_battery_attention_0feaa08,string,,battery-attention,pil dikkat,
ui_battery_battery_notes_only_14e5936,string,,Battery+ / Battery Notes only,Pil+ / Yalnızca Pil Notları,
ui_battery_energy_25638f8,string,,battery-energy,pil enerjisi,
ui_battery_entities_visible_9299588,string,,%1$s battery entities visible,%1$s pil varlıkları görünür,keep %1$s
ui_battery_fill_8b6793e,string,,battery-fill,pil doldurma,
ui_battery_health_12c0ce4,string,,BATTERY HEALTH,PİL SAĞLIĞI,
ui_battery_health_8cc8e64,string,,BATTERY+ HEALTH,PİL + SAĞLIK,
ui_battery_level_is_healthy_1de4c4f,string,,Battery level is healthy,Pil seviyesi sağlıklı,
ui_battery_levels_7c61b65,string,,Battery Levels,Pil Seviyeleri,
ui_battery_optimization_7676ca5,string,,Battery Optimization,Pil Optimizasyonu,
ui_battery_orbit_9aa5d8c,string,,battery-orbit,pil yörüngesi,
ui_battery_rules_be75b3c,string,,Battery rules,Pil kuralları,
ui_battery_sensor_optional_0e261e6,string,,Battery sensor (optional),Pil sensörü (isteğe bağlı),
ui_behavior_70cb647,string,,Behavior,Davranış,
ui_birthday_yyyy_mm_dd_d1a9b03,string,,Birthday (YYYY-MM-DD),Doğum Günü (YYYY-AA-GG),
ui_bold_100_1b94255,string,,Bold (+100),Kalın (+100),
ui_bolder_200_9cc5d65,string,,Bolder (+200),Daha cesur (+200),
ui_boldest_300_c5a490d,string,,Boldest (+300),En cesur (+300),
ui_boldness_10b6938,string,,Boldness · %1$s,Cesaret · %1$s,keep %1$s
ui_brand_and_third_party_work_8d6d517,string,,Brand and third-party work,Marka ve üçüncü taraf çalışmaları,
ui_brightness_222d6d5,string,,%1$s brightness,%1$s parlaklık,keep %1$s
ui_brightness_8e06ad0,string,,BRIGHTNESS,PARLAKLIK,
ui_brightness_slider_a427c80,string,,Brightness slider,Parlaklık kaydırıcısı,
ui_build_the_interface_entirely_your_way_e94582f,string,,Build the interface entirely your way.,Arayüzü tamamen kendi yönteminizle oluşturun.,
ui_building_your_dashboard_2943961,string,,Building your dashboard,Kontrol panelinizi oluşturma,
ui_built_in_20f409c,string,,Built-in,Yerleşik,
ui_button_794145f,string,,Button,Düğme,
ui_button_image_2483e32,string,,Button image,Düğme resmi,
ui_button_lock_28d87b1,string,,Button lock,Düğme kilidi,
ui_button_stack_ee9e7f8,string,,Button Stack,Düğme Yığını,
ui_button_type_890a578,string,,Button type,Düğme türü,
ui_buttons_available_from_this_person_s_detail_dialog_ab3f9f9,string,,Buttons available from this person's detail dialog,Bu kişinin ayrıntı iletişim kutusunda kullanılabilen düğmeler,
ui_c_286a95c,string,,%1$s %2$s°C,%1$s %2$s°C,keep %1$s %2$s
ui_c_3d3c16f,string,,%1$s - %2$s°C,%1$s - %2$s°C,keep %1$s %2$s
ui_c_a178665,string,,°C,°C,
ui_calendar_content_1f185c8,string,,Calendar content,Takvim içeriği,
ui_calendars_9444501,string,,Calendars,Takvimler,
ui_camera_4da9c9a,string,,Camera,Kamera,
ui_camera_aspect_ratio_928bf09,string,,Camera aspect ratio,Kamera en boy oranı,
ui_camera_display_20a9c82,string,,Camera display,Kamera ekranı,
ui_camera_feed_cc1f19e,string,,Camera Feed,Kamera Akışı,
ui_camera_page_6b1987b,string,,camera_page,kamera_sayfası,
ui_camera_stack_645ea0f,string,,Camera Stack,Kamera Yığını,
ui_camera_url_0eebe87,string,,Camera URL,Kamera URL'si,
ui_cameras_d3daff3,string,,Cameras,Kameralar,
ui_camerascan_00bd2cb,string,,cameraScan,kameraTaraması,
ui_can_t_reach_the_server_73079bd,string,,Can't reach the server,Sunucuya ulaşılamıyor,
ui_cancel_77dfd21,string,,Cancel,İptal etmek,
ui_cancel_arming_5d383c8,string,,Cancel arming,Kurmayı iptal et,
ui_card_4d4ce73,string,,Card,Kart,
ui_card_data_4a42176,string,,Card & data,Kart ve veriler,
ui_card_entities_e548a55,string,,Card & entities,Kart ve varlıklar,
ui_card_layout_f83b655,string,,Card layout,Kart düzeni,
ui_card_settings_1a3b62a,string,,Card settings,Kart ayarları,
ui_card_shape_and_width_0d513f7,string,,Card shape and width,Kart şekli ve genişliği,
ui_card_shape_width_and_background_e4aff1c,string,,"Card shape, width, and background","Kartın şekli, genişliği ve arka planı",
ui_card_size_shape_and_background_df75707,string,,"Card size, shape, and background","Kart boyutu, şekli ve arka planı",
ui_card_width_icon_and_styling_de70fd8,string,,"Card width, icon, and styling","Kart genişliği, simge ve stil",
ui_card_width_shape_icon_and_background_c3695b5,string,,"Card width, shape, icon, and background","Kart genişliği, şekli, simgesi ve arka planı",
ui_cards_0f830bc,string,,Cards,Kartlar,
ui_cards_data_a33e044,string,,Cards & data,Kartlar ve veriler,
ui_cards_entities_be4393a,string,,Cards & entities,Kartlar ve varlıklar,
ui_carrier_accounts_20ad36c,string,,Carrier accounts,Operatör hesapları,
ui_carrier_devices_9927ae1,string,,Carrier devices,Taşıyıcı cihazlar,
ui_carrier_display_name_optional_5ca06fc,string,,Carrier display name (optional),Operatör görünen adı (isteğe bağlı),
ui_center_adapt_now_and_pause_buttons_81074b2,string,,Center Adapt now and Pause buttons,Orta Şimdi uyarla ve Duraklat düğmeleri,
ui_change_64fbd99,string,,Change,Değiştirmek,
ui_change_avatar_image_217fbce,string,,Change avatar image,Avatar resmini değiştir,
ui_changing_mode_3da68b4,string,,Changing mode,Mod değiştirme,
ui_charge_flow_ceb6c62,string,,Charge & flow,Şarj ve akış,
ui_chart_66c7734,string,,Chart,Çizelge,
ui_checking_for_shared_dashboards_5f2f823,string,,Checking for shared dashboards…,Paylaşılan kontrol panelleri kontrol ediliyor…,
ui_checking_for_the_hki_7_cloud_component_c76112a,string,,Checking for the HKI 7 Cloud component…,HKI 7 Bulut bileşeni kontrol ediliyor…,don't translate HKI 7 Cloud
ui_choose_78b7c9f,string,,Choose,Seçmek,
ui_choose_a_different_server_47e6ce6,string,,Choose a different server,Farklı bir sunucu seçin,
ui_choose_a_side_when_the_badge_bar_is_split_6e3c73d,string,,Choose a side when the badge bar is split,Rozet çubuğu bölündüğünde bir taraf seçin,
ui_choose_a_state_7ab7191,string,,Choose a state,Bir eyalet seçin,
ui_choose_a_visual_home_assistant_block_e7c8652,string,,Choose a visual Home Assistant block,Görsel bir Ev Asistanı bloğu seçin,don't translate Home Assistant
ui_choose_action_cf9c80e,string,,Choose action,Eylem seçin,
ui_choose_an_action_e82323b,string,,Choose an action,Bir eylem seçin,
ui_choose_an_entity_00fd1cc,string,,Choose an entity,Bir varlık seçin,
ui_choose_an_entity_first_d59e681,string,,Choose an entity first,Önce bir varlık seçin,
ui_choose_an_expanded_or_compact_dashboard_header_815902d,string,,Choose an expanded or compact dashboard header,Genişletilmiş veya kompakt bir kontrol paneli başlığı seçin,
ui_choose_avatar_image_bcd5b00,string,,Choose avatar image,Avatar resmini seç,
ui_choose_between_the_full_header_and_a_compact_navigation_90ec55e,string,,Choose between the full header and a compact navigation bar,Tam başlık ve kompakt gezinme çubuğu arasında seçim yapın,
ui_choose_entity_31b0424,string,,Choose entity,Varlık seçin,
ui_choose_how_this_phone_or_tablet_appears_in_home_419da67,string,,Choose how this phone or tablet appears in Home Assistant,Bu telefonun veya tabletin Ev Asistanı'nda nasıl görüneceğini seçin,don't translate Home Assistant
ui_choose_icon_b0047ce,string,,Choose icon,Simge seç,
ui_choose_included_cards_and_shared_entity_overrides_a507343,string,,Choose included cards and shared entity overrides,Dahil edilen kartları ve paylaşılan varlık geçersiz kılmalarını seçin,
ui_choose_included_views_and_shared_entity_overrides_41f2e64,string,,Choose included views and shared entity overrides,Dahil edilen görünümleri ve paylaşılan varlık geçersiz kılmalarını seçin,
ui_choose_one_or_more_carrier_devices_in_widget_settings_100a4ca,string,,Choose one or more carrier devices in widget settings.,Widget ayarlarında bir veya daha fazla taşıyıcı cihaz seçin.,
ui_choose_person_entity_977db64,string,,Choose person entity,Kişi varlığını seçin,
ui_choose_the_climate_view_and_optional_entity_overrides_a69cbbc,string,,Choose the climate view and optional entity overrides,İklim görünümünü ve isteğe bağlı varlık geçersiz kılmalarını seçin,
ui_choose_the_energy_view_and_override_its_entities_if_523c3be,string,,Choose the energy view and override its entities if needed,Enerji görünümünü seçin ve gerekirse varlıklarını geçersiz kılın,
ui_choose_the_entity_and_card_content_8bde89a,string,,Choose the entity and card content,Varlık ve kart içeriğini seçin,
ui_choose_the_home_assistant_entities_that_drive_this_room_53a4061,string,,Choose the Home Assistant entities that drive this room's live indicators. Indicators only appear while they are active.,Bu odanın canlı göstergelerini yönlendiren Ev Asistanı varlıklarını seçin. Göstergeler yalnızca etkin olduklarında görünür.,don't translate Home Assistant
ui_choose_the_home_assistant_shown_in_hki_7_b29bc26,string,,Choose the Home Assistant shown in HKI 7,HKI 7'de gösterilen Ev Asistanını seçin,"don't translate Home Assistant, HKI 7"
ui_choose_the_player_and_dashboard_label_7fa88ba,string,,Choose the player and dashboard label,Oynatıcı ve kontrol paneli etiketini seçin,
ui_choose_the_profile_for_this_light_d8c7bae,string,,Choose the profile for this light,Bu ışık için profili seçin,
ui_choose_the_sensors_plotted_together_3bc1663,string,,Choose the sensors plotted together,Birlikte çizilen sensörleri seçin,
ui_choose_the_source_and_when_a_battery_is_considered_0b993df,string,,Choose the source and when a battery is considered low,Kaynağı seçin ve pilin zayıf olduğu düşünüldüğünde,
ui_choose_what_tap_double_tap_and_hold_should_do_0bbe9c8,string,,"Choose what tap, double tap, and hold should do","Dokunma, çift dokunma ve basılı tutmanın ne yapacağını seçin",
ui_choose_what_this_action_should_control_7ebe4ab,string,,Choose what this action should control,Bu eylemin neyi kontrol etmesi gerektiğini seçin,
ui_choose_what_this_badge_summarizes_a7af7e6,string,,Choose what this badge summarizes,Bu rozetin neyi özetlediğini seçin,
ui_choose_what_this_header_pill_shows_0bbdbc2,string,,Choose what this header pill shows,Bu başlık hapının neyi göstereceğini seçin,
ui_choose_where_to_restore_the_dashboard_configuration_from_bb40b34,string,,Choose where to restore the dashboard configuration from.,Kontrol paneli yapılandırmasının nereden geri yükleneceğini seçin.,
ui_choose_whether_this_person_appears_in_the_home_header_49f0ec2,string,,Choose whether this person appears in the Home header,Bu kişinin Ana Sayfa başlığında görünüp görünmeyeceğini seçin,
ui_choose_which_profiles_this_widget_can_control_2cd9b2b,string,,Choose which profiles this widget can control,Bu widget'ın hangi profilleri kontrol edebileceğini seçin,
ui_choose_who_can_see_this_dashboard_they_can_import_2f5e49d,string,,Choose who can see this dashboard. They can import it into their own app.,Bu kontrol panelini kimlerin görebileceğini seçin. Bunu kendi uygulamalarına aktarabilirler.,
ui_choose_your_dashboard_1ec85e9,string,,Choose your dashboard,Kontrol panelinizi seçin,
ui_clean_rooms_4dc67ab,string,,Clean rooms,Temiz odalar,
ui_clean_selected_43d8dd5,string,,Clean selected,Seçileni temizle,
ui_clear_719ea39,string,,Clear,Temiz,
ui_clear_battery_config_d8854f7,string,,Clear battery config?,Pil yapılandırması temizlensin mi?,
ui_clear_battery_view_1952347,string,,Clear battery view?,Pil görünümü temizlensin mi?,
ui_clear_battery_view_5ef09bf,string,,Clear Battery View,Pil Görünümünü Temizle,
ui_clear_climate_view_48e8a5e,string,,Clear Climate View,Temizle İklim Görünümü,
ui_clear_climate_view_9a1339c,string,,Clear climate view?,İklim görünümü temizlensin mi?,
ui_clear_config_51f6330,string,,Clear config,Yapılandırmayı temizle,
ui_clear_energy_view_401c166,string,,Clear Energy View,Enerji Görünümünü Temizle,
ui_clear_energy_view_d577bb7,string,,Clear energy view?,Enerji görünümü temizlensin mi?,
ui_clear_filters_4122267,string,,Clear filters,Filtreleri temizle,
ui_clear_rooms_view_87a43ca,string,,Clear Rooms View,Oda Görünümünü Temizle,
ui_clear_rooms_view_f1d0d72,string,,Clear rooms view?,Odaların görünümü temizlensin mi?,
ui_clear_search_67300d0,string,,Clear search,Aramayı temizle,
ui_clear_security_view_219e25b,string,,Clear Security View,Güvenlik Görünümünü Temizle,
ui_clear_security_view_48790f7,string,,Clear security view?,Güvenlik görünümü temizlensin mi?,
ui_clear_selection_247fd63,string,,Clear selection,Seçimi temizle,
ui_climate_4857860,string,,Climate,İklim,
ui_climate_cards_f4996fd,string,,Climate Cards,İklim Kartları,
ui_climate_devices_are_found_automatically_add_extra_entities_5ebd8b7,string,,Climate devices are found automatically; add extra entities here if any are missing.,İklim cihazları otomatik olarak bulunur; Eksik olanlar varsa buraya fazladan varlıklar ekleyin.,
ui_climate_dialog_control_add9f2b,string,,Climate dialog control,İklim diyalog kontrolü,
ui_climate_sources_take_priority_and_use_their_current_temper_5dbcde3,string,,Climate sources take priority and use their current_temperature and current_humidity values. ,İklim kaynakları öncelik alır ve kendi current_temperature ve current_humidity değerlerini kullanır.,keep the space at the start/end
ui_climate_stack_cards_dcff178,string,,Climate Stack Cards,İklim Yığını Kartları,
ui_climate_summary_4686577,string,,Climate summary,İklim özeti,
ui_climatedooropen_026f1c8,string,,climateDoorOpen,iklimKapıAçık,
ui_climatehouse_9c0637a,string,,climateHouse,İklim evi,
ui_climatewindowopen_9b0794a,string,,climateWindowOpen,iklimPencereAçık,
ui_close_bbfa773,string,,Close,Kapat,
ui_cloud_backup_is_off_71dfae1,string,,Cloud backup is off,Bulut yedekleme kapalı,
ui_collapsed_by_default_65a57c6,string,,Collapsed by default,Varsayılan olarak daraltıldı,
ui_collapsible_c932fac,string,,Collapsible,Katlanabilir,
ui_collection_30c54a9,string,,Collection,Koleksiyon,
ui_color_1d0c830,string,,Color,Renk,
ui_color_typography_and_component_shape_b82e582,string,,"Color, typography, and component shape","Renk, tipografi ve bileşen şekli",
ui_colors_and_light_dark_mode_37de9d5,string,,Colors and light/dark mode,Renkler ve açık/koyu modu,
ui_columns_cf723c5,string,,Columns,Sütunlar,
ui_combine_multiple_accounts_from_the_same_carrier_into_one_0006a49,string,,Combine multiple accounts from the same carrier into one tab and parcel list.,Aynı operatördeki birden fazla hesabı tek bir sekmede ve paket listesinde birleştirin.,
ui_comfortpulse_100b63b,string,,comfortPulse,konforNabız,
ui_community_source_716abd9,string,,Community source,Topluluk kaynağı,
ui_compact_1df39aa,string,,Compact,Kompakt,
ui_compact_header_50275e8,string,,Compact header,Kompakt başlık,
ui_compact_mode_hides_the_left_header_pill_persons_subtitle_da84968,string,,"Compact mode hides the left header pill, persons, subtitle/status information, and room counters. Swipe down on the compact bar to open Search, Flows, Edit, and Settings.","Kompakt mod, sol başlık hapını, kişileri, altyazı/durum bilgilerini ve oda sayaçlarını gizler. Arama, Akışlar, Düzenleme ve Ayarlar'ı açmak için kompakt çubuğu aşağı kaydırın.",
ui_compact_tile_height_78b57a3,string,,Compact tile height,Kompakt karo yüksekliği,
ui_configured_light_65a3aad,string,,%1$s configured light%2$s,%1$s yapılandırılmış ışık%2$s,keep %1$s %2$s
ui_confirm_04a2122,string,,Confirm,Onaylamak,
ui_connect_b65463c,string,,Connect,Bağlamak,
ui_connected_through_home_assistant_cloud_47a54c0,string,,Connected through Home Assistant Cloud,Home Assistant Cloud aracılığıyla bağlanıldı,don't translate Home Assistant
ui_connected_through_your_external_home_assistant_address_966b0e6,string,,Connected through your external Home Assistant address,Harici Ev Asistanı adresiniz aracılığıyla bağlanıldı,don't translate Home Assistant
ui_connected_through_your_home_network_cdf4e0f,string,,Connected through your home network,Ev ağınız üzerinden bağlı,
ui_connecting_fd3e796,string,,Connecting…,Bağlanılıyor…,
ui_connection_6512ee1,string,,Connection,Bağlantı,
ui_connection_switched_to_8f04753,string,,Connection switched to %1$s,Bağlantı %1$s olarak değiştirildi,keep %1$s
ui_contacting_your_home_assistant_server_e0a53d1,string,,Contacting your Home Assistant server…,Ev Asistanı sunucunuzla iletişim kuruluyor…,don't translate Home Assistant
ui_content_4f9be05,string,,Content,İçerik,
ui_continue_2e02623,string,,Continue,Devam etmek,
ui_continuous_gps_for_live_tracking_uses_much_more_battery_fdcd80d,string,,Continuous GPS for live tracking — uses much more battery. Leave off for official-app-like behavior.,Canlı izleme için sürekli GPS — çok daha fazla pil tüketir. Resmi uygulama benzeri davranışlar için bırakın.,
ui_control_ea1d3df,string,,Control,Kontrol,
ui_control_how_accounts_become_tabs_and_lists_f100249,string,,Control how accounts become tabs and lists,Hesapların nasıl sekmelere ve listelere dönüştüğünü kontrol edin,
ui_control_layout_4c3b047,string,,Control layout,Kontrol düzeni,
ui_controls_and_history_sensors_used_by_the_dialog_f71675d,string,,Controls and history sensors used by the dialog,İletişim kutusunun kullandığı kontroller ve geçmiş sensörleri,
ui_controls_light_in_this_profile_cd11089,string,,Controls %1$s light%2$s in this profile.,Bu profildeki %1$s light%2$s öğesini kontrol eder.,keep %1$s %2$s
ui_cooling_5569ac4,string,,Cooling,Soğutma,
ui_copy_af74f7c,string,,Copy,Kopyala,
ui_copy_dashboard_2ea354e,string,,Copy dashboard,Gösterge tablosunu kopyala,
ui_copyright_2026_jimz011_b8f2c24,string,,Copyright © 2026 Jimz011,Telif hakkı © 2026 Jimz011,
ui_corners_f1fb139,string,,Corners,Köşeler,
ui_could_not_add_the_parcel_check_the_number_and_fd157b4,string,,Could not add the parcel. Check the number and try again.,Paket eklenemedi. Numarayı kontrol edip tekrar deneyin.,
ui_couldn_t_reach_a30cc1b,string,,Couldn't reach %1$s,%1$s'ye ulaşılamadı,keep %1$s
ui_couldn_t_reach_your_home_assistant_server_2a17c09,string,,Couldn't reach your Home Assistant server.,Ev Asistanı sunucunuza ulaşılamadı.,don't translate Home Assistant
ui_countdown_timer_282cb17,string,,Countdown timer,Geri sayım sayacı,
ui_create_6e157c5,string,,Create,Yaratmak,
ui_create_a_flow_11b4415,string,,Create a flow,Bir akış oluşturun,
ui_create_a_separate_dashboard_auto_generate_imports_once_and_a5f0ef1,string,,Create a separate dashboard. Auto Generate imports once and then becomes editable; Start Empty only keeps persons available.,Ayrı bir kontrol paneli oluşturun. Otomatik Oluştur bir kez içe aktarılır ve ardından düzenlenebilir hale gelir; Boş Başlat yalnızca kişileri kullanılabilir durumda tutar.,
ui_create_custom_page_d1f53e7,string,,Create custom page,Özel sayfa oluştur,
ui_created_by_jimz011_2026_hki_7_v_20cbca0,string,,Created by Jimz011 - 2026 • HKI 7 v%1$s,Jimz011 - 2026 tarafından oluşturuldu • HKI 7 v%1$s,keep %1$s; don't translate HKI 7
ui_created_by_jimz011_with_help_from_ai_assisted_development_47c9a41,string,,"Created by Jimz011 with help from AI-assisted development tools. Product direction, design choices, testing, and responsibility for the released app remain with the project creator.","Yapay zeka destekli geliştirme araçlarının yardımıyla Jimz011 tarafından oluşturulmuştur. Yayınlanan uygulamanın ürün yönetimi, tasarım seçimleri, testleri ve sorumluluğu projeyi oluşturan kişiye aittir.",
ui_created_openly_1cc16d4,string,,Created openly,Açıkça oluşturuldu,
ui_creates_a_full_duplicate_of_including_all_rooms_widgets_b96bbb1,string,,"Creates a full duplicate of ""%1$s"", including all rooms, widgets, and page settings. The copy is added to your dashboards without switching to it.","Tüm odalar, widget'lar ve sayfa ayarları dahil olmak üzere ""%1$s"" dosyasının tam bir kopyasını oluşturur. Kopya, geçiş yapılmadan kontrol panellerinize eklenir.",keep %1$s
ui_critical_04b7b26,string,,Critical,Kritik,
ui_critical_low_5852b16,string,,%1$s critical · %2$s low,%1$s kritik · %2$s düşük,keep %1$s %2$s
ui_critical_replace_soon_dbd946d,string,,Critical — replace soon,Kritik — yakında değiştirin,
ui_current_4fc0e2b,string,,Current,Akım,
ui_current_88a0a02,string,,%1$s° current,%1$s° akım,keep %1$s
ui_current_charge_b6b0b3d,string,,Current charge,Mevcut ücret,
ui_current_e4ef83d,string,,Current %1$s%%,Mevcut %1$s%%,keep %1$s
ui_current_weather_0fc6239,string,,Current weather,Güncel hava durumu,
ui_currently_loaded_69ef6fb,string,,Currently loaded,Şu anda yüklü,
ui_custom_081ae3f,string,,Custom,Gelenek,
ui_custom_buttons_c580449,string,,Custom buttons,Özel düğmeler,
ui_custom_camera_ada9096,string,,Custom Camera,Özel Kamera,
ui_custom_camera_url_8191b15,string,,Custom camera URL,Özel kamera URL'si,
ui_custom_ed17691,string,,Custom %1$s,Özel %1$s,keep %1$s
ui_custom_entities_d6e76ae,string,,Custom entities,Özel varlıklar,
ui_custom_name_6af17c2,string,,Custom name,Özel ad,
ui_custom_order_a7a5984,string,,Custom order,Özel sıralama,
ui_custom_seconds_7467e28,string,,Custom seconds,Özel saniyeler,
ui_custom_state_378153b,string,,Custom state...,Özel durum...,
ui_custom_url_9c155e9,string,,Custom URL,Özel URL,
ui_customize_device_energy_b754bb5,string,,Customize device energy,Cihaz enerjisini özelleştirin,
ui_customize_top_consumers_eb249c5,string,,Customize top consumers,En iyi tüketicileri özelleştirin,
ui_customize_water_devices_81ce5f6,string,,Customize water devices,Su cihazlarını özelleştirin,
ui_d_6388bb3,string,,"%1$s d, %2$s","%1$s d, %2$s",keep %1$s %2$s
ui_daily_backup_is_active_111a631,string,,Daily backup is active,Günlük yedekleme etkin,
ui_dashboard_d87f47b,string,,Dashboard,Kontrol Paneli,
ui_dashboard_header_36d8656,string,,Dashboard header,Kontrol paneli başlığı,
ui_dashboard_name_466f3af,string,,Dashboard name,Kontrol paneli adı,
ui_dashboard_width_and_card_shape_3fcad11,string,,Dashboard width and card shape,Kontrol paneli genişliği ve kart şekli,
ui_dashboards_197565b,string,,Dashboards,Gösterge tabloları,
ui_dashboards_shared_by_your_family_import_to_add_a_8a6d06e,string,,Dashboards shared by your family. Import to add a copy to your dashboards; import again later to pull updates.,Aileniz tarafından paylaşılan kontrol panelleri. Kontrol panellerinize bir kopya eklemek için içe aktarın; güncellemeleri almak için daha sonra tekrar içe aktarın.,
ui_dashboards_visual_style_and_everyday_navigation_17f3ac2,string,,"Dashboards, visual style, and everyday navigation","Kontrol panelleri, görsel stil ve günlük gezinme",
ui_data_series_e5977fb,string,,Data series,Veri serisi,
ui_data_sources_dadd6ac,string,,Data sources,Veri kaynakları,
ui_date_eb9a4bc,string,,Date,Tarih,
ui_datetime_f1e5baf,string,,DateTime,TarihSaat,
ui_day_to_839bf92,string,,%1$s day%2$s to %3$s,%1$s gün%2$s - %3$s arası,keep %1$s %2$s %3$s
ui_decrease_67e19d8,string,,Decrease,Azaltmak,
ui_default_808d7dc,string,,Default,Varsayılan,
ui_default_effect_per_type_a4ce3c4,string,,Default effect per type,Tür başına varsayılan efekt,
ui_default_view_343256a,string,,Default view,Varsayılan görünüm,
ui_default_weather_entity_588d455,string,,Default weather entity,Varsayılan hava durumu varlığı,
ui_defrosting_c3b2817,string,,Defrosting,Buz çözme,
ui_delete_0c6013a,string,,"Delete ""%1$s""?","""%1$s"" silinsin mi?",keep %1$s
ui_delete_137cdc2,string,,Delete %1$s?,%1$s silinsin mi?,keep %1$s
ui_delete_automation_442d61c,string,,Delete automation?,Otomasyon silinsin mi?,
ui_delete_f6fdbe4,string,,Delete,Sil,
ui_delete_floor_07c4a91,string,,Delete floor,Katı sil,
ui_delivered_eea956c,string,,Delivered,Teslim edildi,
ui_demo_mode_a85b728,string,,Demo mode,Demo modu,
ui_description_55f8ebc,string,,Description,Tanım,
ui_details_dc3decb,string,,Details,Detaylar,
ui_detected_carbon_intensity_9983458,string,,Detected carbon intensity,Tespit edilen karbon yoğunluğu,
ui_device_8c01559,string,,Device: %1$s,Cihaz: %1$s,keep %1$s
ui_device_a5a74a6,string,,Device,Cihaz,
ui_device_details_39c277d,string,,Device details,Cihaz ayrıntıları,
ui_device_details_eb36018,string,,DEVICE DETAILS,CİHAZ DETAYLARI,
ui_device_energy_79de3d8,string,,Device energy,Cihaza göre enerji,
ui_device_helpers_6a8b199,string,,Device & helpers,Cihaz ve yardımcılar,
ui_device_name_79d7a15,string,,Device name,Cihaz adı,
ui_device_tracker_and_geocoded_location_f9e2d34,string,,Device tracker and geocoded location,Cihaz izleyici ve coğrafi kodlanmış konum,
ui_devices_728190e,string,,devices,cihazlar,
ui_devices_df485c8,string,,Devices,Cihazlar,
ui_dialog_control_63e18cf,string,,Dialog control,Diyalog kontrolü,
ui_direction_5a47d4d,string,,Direction —,Yön -,
ui_disable_battery_optimization_d3201bf,string,,Disable Battery Optimization,Pil Optimizasyonunu Devre Dışı Bırak,
ui_disarmed_aaa4d9e,string,,Disarmed,Devre dışı,
ui_discovered_acbb9e0,string,,Discovered,Keşfedildi,
ui_dismiss_70afe9e,string,,Dismiss,Azletmek,
ui_display_574ff9b,string,,Display,Görüntülemek,
ui_display_linked_entities_and_dialog_layout_e6987f9,string,,"Display, linked entities, and dialog layout","Görüntüleme, bağlantılı varlıklar ve iletişim düzeni düzeni",
ui_display_mode_627bc30,string,,Display mode,Ekran modu,
ui_display_order_5f1293a,string,,Display order,Görüntüleme sırası,
ui_done_e9b450d,string,,Done,Tamamlamak,
ui_door_locked_4b46012,string,,Door\nLocked,Kapı\nKilitli,\n = line break
ui_door_open_74899a4,string,,Door\nOpen,Kapı\nAçık,\n = line break
ui_door_sensor_turns_lock_card_red_when_open_9bc1372,string,,Door sensor (turns lock card red when open),Kapı sensörü (açıldığında kilit kartını kırmızıya çevirir),
ui_door_sensors_a7bb309,string,,Door sensors,Kapı sensörleri,
ui_double_tap_a268e89,string,,Double tap,Çift dokunma,
ui_drag_horizontally_across_the_full_button_547ea8c,string,,Drag horizontally across the full button,Tam düğme boyunca yatay olarak sürükleyin,
ui_drag_to_reorder_use_the_eye_button_to_hide_cd28b4c,string,,Drag to reorder. Use the eye button to hide an item or schedule when it shows.,Yeniden sıralamak için sürükleyin. Bir öğeyi veya programı gösterildiğinde gizlemek için göz düğmesini kullanın.,
ui_drag_to_set_the_order_cameras_appear_on_the_7bcb4f5,string,,Drag to set the order cameras appear on the Security view.,Kameraların Güvenlik görünümünde görünme sırasını ayarlamak için sürükleyin.,
ui_drag_to_set_the_order_the_cards_appear_below_b6a92e4,string,,Drag to set the order the cards appear below the house on the Energy view.,Enerji görünümünde kartların evin altında görüneceği sırayı ayarlamak için sürükleyin.,
ui_drag_to_set_the_order_thermostats_and_ac_units_62d49e7,string,,Drag to set the order thermostats and AC units appear on the Climate view.,Termostatların ve AC ünitelerinin İklim görünümünde görünme sırasını ayarlamak için sürükleyin.,
ui_drying_7ea61a9,string,,Drying,Kurutuyor,
ui_e_e0184ad,string,,E,e,
ui_each_group_controls_one_part_of_this_page_286a40b,string,,Each group controls one part of this page,Her grup bu sayfanın bir bölümünü kontrol eder,
ui_each_home_keeps_its_own_login_dashboard_notification_conne_c261f94,string,,"Each home keeps its own login, dashboard, notification connection, and location registration","Her evin kendi oturum açma bilgisi, kontrol paneli, bildirim bağlantısı ve konum kaydı bulunur",
ui_edit_5301648,string,,Edit,Düzenlemek,
ui_edit_entities_485ee65,string,,Edit entities,Varlıkları düzenle,
ui_edit_page_17e45f8,string,,Edit page,Sayfayı düzenle,
ui_edit_sensors_6c38d51,string,,Edit sensors,Sensörleri düzenle,
ui_effects_8f25a85,string,,Effects,Efektler,
ui_electricity_925cf7f,string,,Electricity,Elektrik,
ui_electricity_total_c81c63f,string,,Electricity Total,Elektrik Toplamı,
ui_elevation_a514da1,string,,Elevation,Yükseklik,
ui_empty_3159fe4,string,,Empty,Boş,
ui_empty_bin_0cbe2d7,string,,Empty bin,Boş kutu,
ui_empty_bin_bcf05c4,string,,Empty bin: %1$s,Boş kutu: %1$s,keep %1$s
ui_empty_bin_optional_fallback_e40b857,string,,Empty bin (optional fallback),Boş kutu (isteğe bağlı geri dönüş),
ui_empty_iframe_open_its_settings_in_edit_mode_and_c17ba2f,string,,Empty iFrame — open its settings in edit mode and enter a web address.,iFrame'i boşaltın — düzenleme modunda ayarlarını açın ve bir web adresi girin.,
ui_empty_markdown_widget_open_its_settings_in_edit_mode_b65072d,string,,Empty markdown widget — open its settings in edit mode to write content.,Boş işaretleme widget'ı — içerik yazmak için düzenleme modunda ayarlarını açın.,
ui_empty_stack_79d38d5,string,,Empty Stack,Boş Yığın,
ui_enable_cloud_backup_32fe82b,string,,Enable cloud backup,Bulut yedeklemeyi etkinleştir,
ui_enable_home_assistant_backup_bd7cf62,string,,Enable Home Assistant backup,Home Assistant yedeklemesini etkinleştir,don't translate Home Assistant
ui_enable_the_features_hki_7_may_use_in_the_52e596d,string,,Enable the features HKI 7 may use in the background,HKI 7'nin arka planda kullanabileceği özellikleri etkinleştirin,don't translate HKI 7
ui_enabled_e22fb09,string,,ENABLED,ETKİNLEŞTİRİLMİŞ,
ui_end_2a002eb,string,,End: %1$s,Bitiş: %1$s,keep %1$s
ui_energy_437bcb1,string,,Energy,Enerji,
ui_energy_cards_c84abda,string,,Energy Cards,Enerji Kartları,
ui_energy_counters_imported_from_home_assistant_s_energy_dash_9dd23f9,string,,Energy counters imported from Home Assistant's Energy dashboard.,Ev Asistanının Enerji panosundan aktarılan enerji sayaçları.,don't translate Home Assistant
ui_energy_stack_cards_5ac4b4c,string,,Energy Stack Cards,Enerji Yığını Kartları,
ui_energyscene_374cbbb,string,,energyScene,enerjiSahne,
ui_enter_a_pin_4e6a960,string,,Enter a PIN,Bir PIN girin,
ui_enter_a_valid_json_object_00d1e89,string,,Enter a valid JSON object,Geçerli bir JSON nesnesi girin,
ui_enter_an_address_manually_5eda99d,string,,Enter an address manually,Manuel olarak bir adres girin,
ui_enter_code_ab45ae5,string,,Enter code,Kodu girin,
ui_enter_http_url_relative_path_or_webrtc_id_e_bb736eb,string,,"Enter HTTP URL, relative path, or WebRTC ID (e.g., poort_hd)","HTTP URL'sini, göreli yolu veya WebRTC kimliğini girin (ör., Poort_hd)",
ui_enter_http_url_relative_path_or_webrtc_path_e_41da8c2,string,,"Enter HTTP URL, relative path, or WebRTC path (e.g., url: poort_hd)","HTTP URL'sini, göreli yolu veya WebRTC yolunu girin (ör. url: Poort_hd)",
ui_enter_the_same_data_object_home_assistant_shows_in_f7e27af,string,,Enter the same data object Home Assistant shows in YAML. JSON is used here so values keep their exact type.,Home Assistant'ın YAML'de gösterdiği veri nesnesinin aynısını girin. Burada JSON kullanıldığı için değerler tam türlerini korur.,don't translate Home Assistant
ui_entities_390082d,string,,Entities · %1$s,Varlıklar · %1$s,keep %1$s
ui_entities_6510c2f,string,,Entities (%1$s),Varlıklar (%1$s),keep %1$s
ui_entities_9d88f3c,string,,entities,varlıklar,
ui_entities_appearance_and_interactions_b90b013,string,,"Entities, appearance, and interactions","Varlıklar, görünüm ve etkileşimler",
ui_entities_f7638a2,string,,Entities,Varlıklar,
ui_entities_that_signal_activity_or_safety_states_769b862,string,,Entities that signal activity or safety states,Faaliyet veya güvenlik durumlarını işaret eden varlıklar,
ui_entity_icons_gently_glow_spin_or_pulse_while_the_b3a8910,string,,"Entity icons gently glow, spin, or pulse while the device is on. Only active devices animate.","Varlık simgeleri, cihaz açıkken hafifçe parlıyor, dönüyor veya yanıp sönüyor. Yalnızca etkin cihazlar animasyon uygular.",
ui_entity_integrations_852a3e0,string,,Entity integrations,Varlık entegrasyonları,
ui_entity_name_9543eb8,string,,Entity name,Varlık adı,
ui_entity_picture_0569c68,string,,Entity picture,Varlık resmi,
ui_entity_unavailable_3974ddb,string,,Entity unavailable,Varlık kullanılamıyor,
ui_event_ad8919a,string,,Event,Etkinlik,
ui_every_contribution_helps_and_payment_is_never_required_1bc44f2,string,,"Every contribution helps, and payment is never required",Her katkı yardımcı olur ve hiçbir zaman ödeme gerekmez,
ui_everyday_navigation_e2f1711,string,,Everyday navigation,Günlük navigasyon,
ui_everyone_c756f6a,string,,Everyone,Herkes,
ui_exact_text_or_number_reported_by_home_assistant_00e5cc6,string,,Exact text or number reported by Home Assistant,Ev Asistanı tarafından bildirilen tam metin veya sayı,don't translate Home Assistant
ui_example_com_or_https_8381ca6,string,,example.com or https://…,example.com veya https://…,
ui_existing_camera_5fb3653,string,,Existing Camera,Mevcut Kamera,
ui_exit_demo_mode_ab94122,string,,Exit Demo Mode,Demo Modundan Çık,
ui_exit_full_screen_3d9afda,string,,Exit full screen,Tam ekrandan çık,
ui_exiting_removes_the_sample_home_and_returns_to_the_05548e1,string,,"Exiting removes the sample home and returns to the welcome screen, where you can connect a real Home Assistant server.","Çıkış, örnek evi kaldırır ve gerçek bir Ev Asistanı sunucusuna bağlanabileceğiniz karşılama ekranına geri döner.",don't translate Home Assistant
ui_expected_delivery_78d54b2,string,,Expected delivery,Beklenen teslimat,
ui_expected_today_4af5600,string,,Expected today,Bugün bekleniyor,
ui_external_url_or_nabu_casa_url_d2e1eed,string,,External URL or Nabu Casa URL,Harici URL veya Nabu Casa URL'si,don't translate Nabu Casa
ui_family_sharing_160fddb,string,,Family Sharing,Aile Paylaşımı,
ui_family_sharing_settings_are_controlled_by_a_home_assistant_cdb35a2,string,,Family Sharing settings are controlled by a Home Assistant admin. You can use a dashboard shared with you below.,Aile Paylaşımı ayarları Ev Asistanı yöneticisi tarafından kontrol edilir. Aşağıda sizinle paylaşılan kontrol panelini kullanabilirsiniz.,don't translate Home Assistant
ui_fan_ec38406,string,,Fan,Fan,
ui_fan_modes_fbaa3df,string,,Fan & modes,Fan ve modlar,
ui_fans_73d38db,string,,Fans,Fanlar,
ui_fetch_climate_entities_from_home_assistant_again_a65f837,string,,Fetch climate entities from Home Assistant again.,İklim varlıklarını Home Assistant'tan tekrar alın.,don't translate Home Assistant
ui_fetch_rooms_floors_and_their_entities_from_home_assistant_0d84305,string,,"Fetch rooms, floors, and their entities from Home Assistant again.","Ev Asistanı'ndan odaları, katları ve bunların varlıklarını tekrar alın.",don't translate Home Assistant
ui_fetch_security_entities_from_home_assistant_again_577b666,string,,Fetch security entities from Home Assistant again.,Güvenlik varlıklarını Home Assistant'tan tekrar alın.,don't translate Home Assistant
ui_fetch_the_home_assistant_energy_dashboard_configuration_ag_9180e9b,string,,Fetch the Home Assistant energy dashboard configuration again.,Home Assistant enerji kontrol paneli yapılandırmasını tekrar alın.,don't translate Home Assistant
ui_find_home_assistant_locally_c992bdf,string,,Find Home Assistant locally,Ev Asistanını yerel olarak bulun,don't translate Home Assistant
ui_firmware_94fe490,string,,Firmware %1$s,Firmware %1$s,keep %1$s
ui_five_simple_gestures_are_all_you_need_to_get_d4c2675,string,,Five simple gestures are all you need to get around HKI 7.,HKI 7'yi aşmak için ihtiyacınız olan tek şey beş basit harekettir.,don't translate HKI 7
ui_fixed_tab_10fe998,string,,Fixed tab,Sabit sekme,
ui_floor_7db82f7,string,,Floor,Kat,
ui_floor_assignment_288a740,string,,Floor assignment,Kat ataması,
ui_floor_name_e9d98d6,string,,Floor name,Kat adı,
ui_floor_settings_640cb8e,string,,Floor settings,Zemin ayarları,
ui_flowphase_101d9f0,string,,flowPhase,akış Aşaması,
ui_flows_1242655,string,,Flows,Akışlar,
ui_focused_groups_keep_advanced_options_easy_to_find_44ac86e,string,,Focused groups keep advanced options easy to find,Odaklanmış gruplar gelişmiş seçeneklerin bulunmasını kolaylaştırır,
ui_font_family_54a1848,string,,Font family,Yazı tipi ailesi,
ui_font_size_ef89fc7,string,,Font size · %1$s%%,Yazı tipi boyutu · %1$s%%,keep %1$s
ui_fonts_ffe688a,string,,Fonts,Yazı tipleri,
ui_force_high_refresh_rate_214de79,string,,Force high refresh rate,Yüksek yenileme hızını zorla,
ui_forecast_528bc4b,string,,Forecast,Tahmin etmek,
ui_forecast_entities_c950412,string,,Forecast entities,Tahmin varlıkları,
ui_forget_selection_7864f34,string,,Forget selection,Seçimi unut,
ui_forward_ba4e722,string,,Forward,İleri,
ui_from_ad3b521,string,,From %1$s,%1$s'den,keep %1$s
ui_from_state_6c7eaef,string,,From state,Eyaletten,
ui_full_changelog_ae838e7,string,,Full changelog,Tam değişiklik günlüğü,
ui_full_controls_68749a5,string,,Full controls,Tam kontroller,
ui_full_day_name_25ab7ee,string,,Full Day Name,Tam Gün Adı,
ui_full_url_or_a_path_on_your_home_assistant_66f9c59,string,,Full URL or a path on your Home Assistant server (e.g. /local/vacuum.png),Home Assistant sunucunuzdaki tam URL veya yol (ör. /local/vacuum.png),don't translate Home Assistant
ui_gas_ead9650,string,,Gas,Gaz,
ui_generating_your_rooms_01654a1,string,,Generating your rooms,Odalarınız oluşturuluyor,
ui_get_started_bd2cb05,string,,Get Started,Başlayın,
ui_give_a_humidifier_a_fan_select_input_select_to_860be4d,string,,"Give a humidifier a fan / select / input_select to control its speed; its options replace the humidifier's mode chips, and modes move to the dialog's nav bar.",Hızını kontrol etmek için nemlendiriciye bir fan / select / input_select verin; seçenekleri nemlendiricinin mod çiplerinin yerini alır ve modlar iletişim kutusunun gezinme çubuğuna taşınır.,
ui_glow_6ae5a62,string,,glow,parıltı,
ui_glowphase_748e6d6,string,,glowPhase,kızdırma fazı,
ui_glowpulse_9269294,string,,glowPulse,parıltıNabız,
ui_good_61dedcf,string,,Good,İyi,
ui_google_drive_07c2964,string,,Google Drive,Google Drive,don't translate Google Drive
ui_got_it_5b8027f,string,,Got it,Anladım,
ui_got_it_let_s_explore_107038f,string,,Got it — let's explore,Anladım — hadi keşfedelim,
ui_graph_sensor_c63cbb6,string,,Graph %1$s · %2$s sensor%3$s,Grafik %1$s · %2$s sensör%3$s,keep %1$s %2$s %3$s
ui_graph_style_6acd980,string,,Graph Style,Grafik Stili,
ui_graphs_7839947,string,,Graphs,Grafikler,
ui_grid_density_and_button_presentation_b7907e5,string,,Grid density and button presentation,Izgara yoğunluğu ve düğme sunumu,
ui_grid_density_width_and_tile_shape_267ad9a,string,,"Grid density, width, and tile shape","Izgara yoğunluğu, genişliği ve döşeme şekli",
ui_grid_phases_0a5eae5,string,,Grid & phases,Izgara ve aşamalar,
ui_group_light_paused_for_manual_control_78d6b74,string,,%1$s group light%2$s paused for manual control.,%1$s grup ışığı%2$s manuel kontrol için duraklatıldı.,keep %1$s %2$s
ui_group_related_cards_in_one_section_f978d2b,string,,Group related cards in one section,İlgili kartları tek bir bölümde gruplayın,
ui_guide_motion_579dcaf,string,,guide_motion,kılavuz_hareket,
ui_guide_progress_6138614,string,,guide_progress,rehber_progress,
ui_gust_53f5da4,string,, (gust %1$s),(rüzgar %1$s),keep %1$s; keep the space at the start/end
ui_h_0be1674,string,,%1$sh,%1$sh,keep %1$s
ui_header_31341c6,string,,Header,Başlık,
ui_header_appearance_40327c9,string,,Header appearance,Başlık görünümü,
ui_header_custom_color_rrggbb_1887d0a,string,,Header custom color (#RRGGBB),Başlık özel rengi (#RRGGBB),
ui_header_pill_d7520cf,string,,Header pill,Başlık hapı,
ui_header_text_7f71314,string,,Header text,Başlık metni,
ui_header_text_f7593e7,string,,Header Text,Başlık Metni,
ui_header_wallpaper_url_or_path_25cf2b6,string,,Header wallpaper URL or path,Başlık duvar kağıdı URL'si veya yolu,
ui_heading_some_bold_text_a_list_item_one_item_b7f049b,string,,"# Heading\nSome **bold** text, a list:\n- item one\n- item two",# Başlık\nBazı **kalın** metinler ve bir liste:\n- birinci madde\n- ikinci madde,\n = line break
ui_healthy_80ea156,string,,Healthy,Sağlıklı,
ui_heating_f2a3e6e,string,,Heating,Isıtma,
ui_height_3f608b4,string,,Height,Yükseklik,
ui_help_the_project_without_buying_premium_e960d10,string,,Help the project without buying Premium,Premium satın almadan projeye yardımcı olun,
ui_hidden_1364716,string,,%1$s hidden,%1$s gizlendi,keep %1$s
ui_hidden_d4c2792,string,,Hidden,Gizlenmiş,
ui_hidden_during_c0afbbc,string,,Hidden during,sırasında gizli,
ui_hidden_rooms_f621ba4,string,,Hidden rooms,Gizli odalar,
ui_hidden_items_advanced_title,string,,Hidden items (advanced),Gizli öğeler (gelişmiş),
ui_hidden_items_advanced_hint,string,,Comma-separated list of button entity ids or badge/widget ids to hide from this person specifically. A button's id is its entity id; a badge or widget's id is shown in its own Appearance settings.,Bu kişiden özel olarak gizlenecek düğme varlık kimliklerinin veya rozet/widget kimliklerinin virgülle ayrılmış listesi. Bir düğmenin kimliği onun varlık kimliğidir; bir rozetin veya widget'ın kimliği kendi Görünüm ayarlarında gösterilir.,
ui_hidden_views_3e16d85,string,,Hidden views,Gizli görünümler,
ui_hide_certain_views_or_rooms_from_specific_people_to_f10458c,string,,Hide certain views or rooms from specific people to keep their dashboard simple. This is UX-level hiding — it does not restrict what they can do in Home Assistant itself.,"Kontrol panelini basit tutmak için belirli görünümleri veya odaları belirli kişilerden gizleyin. Bu, UX düzeyinde gizlemedir; Home Assistant'ta yapabileceklerini kısıtlamaz.",don't translate Home Assistant
ui_hide_connection_notification_dcee06a,string,,Hide Connection Notification,Bağlantı Bildirimini Gizle,
ui_hide_this_badge_or_schedule_when_it_appears_e149fbf,string,,"Hide this badge, or schedule when it appears",Bu rozeti gizleyin veya ne zaman görüneceğini planlayın,
ui_hide_this_button_or_schedule_when_it_appears_a28bf66,string,,"Hide this button, or schedule when it appears",Bu düğmeyi gizleyin veya ne zaman görüneceğini planlayın,
ui_high_accuracy_mode_954d2c5,string,,High accuracy mode,Yüksek doğruluk modu,
ui_history_90ccd64,string,,History,Geçmiş,
ui_hki_7_68a9e17,string,,HKI 7,HKİ 7,don't translate HKI 7
ui_hki_7_collects_location_data_to_enable_presence_detection_2dda033,string,,HKI 7 collects location data to enable presence detection and zone-based ,"HKI 7, varlık algılamayı ve bölge tabanlı özellikleri etkinleştirmek için konum verilerini toplar",don't translate HKI 7; keep the space at the start/end
ui_hki_7_logo_a445c44,string,,HKI 7 logo,HKI 7 logosu,don't translate HKI 7
ui_hki_7_turns_your_native_home_assistant_entities_rooms_c95b345,string,,"HKI 7 turns your native Home Assistant entities, rooms, automations, media, energy data, and services into a configurable mobile dashboard. It is designed to stay connected to Home Assistant as the source of truth while offering a distinct HKI interface.","HKI 7, yerel Ev Asistanı varlıklarınızı, odalarınızı, otomasyonlarınızı, medyanızı, enerji verilerinizi ve hizmetlerinizi yapılandırılabilir bir mobil kontrol paneline dönüştürür. Farklı bir HKI arayüzü sunarken, gerçeğin kaynağı olarak Home Assistant'a bağlı kalacak şekilde tasarlanmıştır.","don't translate Home Assistant, HKI 7"
ui_hki_7_v_d5594a7,string,,HKI 7 v%1$s,HKI 7 v%1$s,keep %1$s; don't translate HKI 7
ui_home_and_rooms_are_always_shown_reorder_the_other_bea984a,string,,Home and Rooms are always shown. Reorder the other tabs with the arrows and toggle each on or off.,Ev ve Odalar her zaman gösterilir. Oklarla diğer sekmeleri yeniden sıralayın ve her birini açın veya kapatın.,
ui_home_assistant_backup_is_off_4524f2e,string,,Home Assistant backup is off,Ev Asistanı yedeklemesi kapalı,don't translate Home Assistant
ui_home_assistant_c8fd3bb,string,,Home Assistant,Ev Asistanı,don't translate Home Assistant
ui_home_assistant_instances_b0de2f3,string,,Home Assistant instances,Ev Asistanı örnekleri,don't translate Home Assistant
ui_home_assistant_will_be_unavailable_briefly_while_it_restar_df30b45,string,,Home Assistant will be unavailable briefly while it restarts. Administrator access is required.,Ev Asistanı yeniden başlatılırken kısa süreliğine kullanılamayacak. Yönetici erişimi gereklidir.,don't translate Home Assistant
ui_home_security_aa534f2,string,,HOME SECURITY,EV GÜVENLİĞİ,
ui_home_wi_fi_names_comma_separated_b71c6ab,string,,Home Wi-Fi names (comma separated),Ev Wi-Fi adları (virgülle ayrılmış),
ui_hourly_forecast_50f6c9c,string,,Hourly forecast,Saatlik tahmin,
ui_how_this_control_communicates_state_ad17a3d,string,,How this control communicates state,Bu kontrolün durumu nasıl ilettiği,
ui_how_this_icon_animates_while_the_device_is_active_dffdaf5,string,,"How this icon animates while the device is active. ""Auto"" follows the global setting; the rest override it for this icon.","Cihaz etkinken bu simgenin nasıl canlandırıldığı. ""Otomatik"" genel ayarı takip eder; geri kalanı bu simge için onu geçersiz kılar.",
ui_http_homeassistant_local_8123_67b2235,string,,http://homeassistant.local:8123,http://homeassistant.local:8123,
ui_http_url_relative_path_or_webrtc_name_e_g_dfc56c4,string,,"HTTP URL, relative path, or WebRTC name (e.g., url: poort_hd)","HTTP URL'si, göreli yol veya WebRTC adı (ör. url: Poort_hd)",
ui_https_1a66279,string,,https://…,https://…,
ui_https_example_ui_nabu_casa_4d97501,string,,https://example.ui.nabu.casa,https://example.ui.nabu.casa,
ui_humidifiers_aa38e2a,string,,Humidifiers,Nemlendiriciler,
ui_humidifiers_are_found_automatically_from_the_humidifier_do_0717429,string,,Humidifiers are found automatically from the humidifier domain; add extra entities here if any are missing.,"Nemlendiriciler, nemlendirici alanından otomatik olarak bulunur; Eksik olanlar varsa buraya fazladan varlıklar ekleyin.",
ui_humidifying_5d5f6c5,string,,Humidifying,Nemlendiriyor,
ui_humidity_65adb9c,string,,Humidity,Nem,
ui_humidity_control_devices_c7e4846,string,,Humidity control devices,Nem kontrol cihazları,
ui_humidity_sensor_graphed_in_activity_5b792e1,string,,Humidity sensor (graphed in Activity),Nem sensörü (Etkinlik'te grafikle gösterilmiştir),
ui_icon_716f63b,string,,Icon,Simge,
ui_icon_animation_5b1faae,string,,Icon animation,Simge animasyonu,
ui_icon_animations_and_effects_db0dea4,string,,Icon animations and effects,Simge animasyonları ve efektleri,
ui_icon_eeaa97d,string,,Icon: %1$s,Simge: %1$s,keep %1$s
ui_icon_feedback_180b871,string,,Icon & feedback,Simge ve geri bildirim,
ui_icons_edb8f6c,string,,Icons,Simgeler,
ui_identity_7e5a975,string,,Identity,Kimlik,
ui_identity_and_connection_bee53f8,string,,Identity and connection,Kimlik ve bağlantı,
ui_identity_presentation_indicators_and_maintenance_d46fbf4,string,,"Identity, presentation, indicators, and maintenance","Kimlik, sunum, göstergeler ve bakım",
ui_idle_cc1ebdd,string,,Idle,Boşta,
ui_image_50e19fd,string,,Image,Resim,
ui_image_style_size_shape_and_background_40c17b6,string,,"Image style, size, shape, and background","Resim stili, boyutu, şekli ve arka planı",
ui_image_url_or_path_ddd8d74,string,,Image URL or path,Resim URL'si veya yolu,
ui_import_d6fbc9d,string,,Import,İçe aktarmak,
ui_import_entities_that_have_not_been_edited_or_remove_6edde59,string,,"Import entities that have not been edited, or remove all climate edits and import from scratch.",Düzenlenmemiş varlıkları içe aktarın veya tüm iklim düzenlemelerini kaldırın ve sıfırdan içe aktarın.,
ui_import_entities_that_have_not_been_edited_or_remove_9851b28,string,,"Import entities that have not been edited, or remove all security edits and import from scratch.",Düzenlenmemiş varlıkları içe aktarın veya tüm güvenlik düzenlemelerini kaldırın ve sıfırdan içe aktarın.,
ui_import_from_family_f9eb88d,string,,Import from family,Aileden içe aktar,
ui_import_only_rooms_and_entities_that_have_not_been_478d449,string,,"Import only rooms and entities that have not been edited, or remove all edited rooms and floors and import everything from scratch.",Yalnızca düzenlenmemiş oda ve varlıkları içe aktarın veya düzenlenen tüm oda ve katları kaldırıp her şeyi sıfırdan içe aktarın.,
ui_import_only_rooms_that_have_not_been_edited_or_d59bee5,string,,"Import only rooms that have not been edited, or rebuild everything. Rebuilding removes all edited rooms and floors before importing them from scratch.","Yalnızca düzenlenmemiş odaları içe aktarın veya her şeyi yeniden oluşturun. Yeniden oluşturma, düzenlenen tüm odaları ve katları sıfırdan içe aktarmadan önce kaldırır.",
ui_import_sensors_with_device_class_battery_and_unit_of_dfaced9,string,,Import sensors with device_class battery and unit_of_measurement %.,Device_class pil ve birim_of_measurement %'sine sahip sensörleri içe aktarın.,
ui_import_settings_that_have_not_been_edited_or_remove_2fc3850,string,,"Import settings that have not been edited, or remove all energy edits and import from scratch.",Düzenlenmemiş ayarları içe aktarın veya tüm enerji düzenlemelerini kaldırın ve sıfırdan içe aktarın.,
ui_import_unedited_4a58143,string,,Import unedited,Düzenlenmeden içe aktar,
ui_imported_stacks_cannot_be_removed_in_auto_mode_hide_608f9ed,string,,"Imported stacks cannot be removed in auto mode. Hide the stack instead, or take over / switch to manual mode to delete it permanently.",İçe aktarılan yığınlar otomatik modda kaldırılamaz. Bunun yerine yığını gizleyin veya kalıcı olarak silmek için devralın / manuel moda geçin.,
ui_importing_820599d,string,,Importing…,İçe aktarılıyor…,
ui_importing_areas_and_entities_from_home_assistant_0e50b82,string,,Importing areas and entities from Home Assistant…,Alanlar ve varlıklar Home Assistant'tan içe aktarılıyor…,don't translate Home Assistant
ui_incoming_outgoing_1815915,string,,%1$s incoming · %2$s outgoing%3$s,%1$s gelen · %2$s giden%3$s,keep %1$s %2$s %3$s
ui_incoming_outgoing_49b9c0b,string,,%1$s incoming · %2$s outgoing,%1$s gelen · %2$s giden,keep %1$s %2$s
ui_incorrect_pin_2de1d18,string,,Incorrect PIN,Yanlış PIN,
ui_increase_5a7fecf,string,,Increase,Arttırmak,
ui_individual_water_usage_21dd78c,string,,Individual water usage,Cihaza göre su tüketimi,
ui_individual_widgets_ff1526f,string,,Individual widgets,Bireysel widget'lar,
ui_indoor_average_53abf03,string,,INDOOR AVERAGE,İÇ MEKAN ORTALAMA,
ui_indoor_comfort_7060319,string,,Indoor comfort,İç mekan konforu,
ui_instance_name_e98a2eb,string,,Instance name,Örnek adı,
ui_interactions_0b3583e,string,,Interactions,Etkileşimler,
ui_internal_url_acab9b2,string,,Internal URL,Dahili URL,
ui_interval_seconds_eaeeb46,string,,Interval seconds,Aralık saniyesi,
ui_is_c24d775,string,, is,öyle,keep the space at the start/end
ui_item_corner_roundness_5032003,string,,Item corner roundness,Öğe köşe yuvarlaklığı,
ui_items_cabff0b,string,,%1$s items,%1$s öğe,keep %1$s
ui_k_df46805,string,,%1$sK,%1$sK,keep %1$s
ui_keep_existing_edits_or_remove_all_battery_edits_and_acc0236,string,,"Keep existing edits, or remove all battery edits and import from scratch.",Mevcut düzenlemeleri koruyun veya tüm pil düzenlemelerini kaldırın ve sıfırdan içe aktarın.,
ui_keep_only_the_title_right_header_pill_and_back_7777651,string,,"Keep only the title, right header pill, and back button when a page has one.","Sayfada bir tane varsa yalnızca başlığı, sağ başlık alanını ve geri düğmesini saklayın.",
ui_keeps_a_connection_to_home_assistant_for_instant_notificat_ecaee7d,string,,Keeps a connection to Home Assistant for instant notifications,Anlık bildirimler için Ev Asistanı ile bağlantıyı sürdürür,don't translate Home Assistant
ui_keeps_presence_detection_and_zone_automations_working_andr_c48598a,string,,Keeps presence detection and zone automations working. Android should show ‘Allow all the time’.,Varlık algılama ve bölge otomasyonlarının çalışır durumda kalmasını sağlar. Android 'Her zaman izin ver' seçeneğini göstermelidir.,
ui_keeps_your_device_location_updated_in_home_assistant_e295875,string,,Keeps your device location updated in Home Assistant,Cihazınızın konumunu Ev Asistanında güncel tutar,don't translate Home Assistant
ui_km_h_ede7178,string,,%1$s km/h,%1$s km/sa,keep %1$s
ui_kwh_72c28e9,string,,kWh,kWh,
ui_languages_and_frameworks_used_by_the_android_app_fb4ac97,string,,Languages and frameworks used by the Android app,Android uygulamasının kullandığı diller ve çerçeveler,
ui_last_backup_05509f8,string,,Last backup %1$s,Son yedekleme %1$s,keep %1$s
ui_last_h_3faaee1,string,,Last %1$sh,Son %1$sh,keep %1$s
ui_last_run_b27f32a,string,,Last run %1$s,Son çalıştırma %1$s,keep %1$s
ui_layout_972ad8d,string,,Layout,Düzen,
ui_leave_a_tip_5f90f10,string,,Leave a tip,Bir ipucu bırakın,
ui_leave_empty_to_use_the_home_assistant_name_f769e92,string,,Leave empty to use the Home Assistant name,Ev Asistanı adını kullanmak için boş bırakın,don't translate Home Assistant
ui_leave_this_empty_for_local_only_access_add_an_cc6bf85,string,,Leave this empty for local-only access. Add an external or Nabu Casa URL to use HKI 7 away from home.,Yalnızca yerel erişim için bunu boş bırakın. HKI 7'yi evden uzakta kullanmak için harici veya Nabu Casa URL'si ekleyin.,"don't translate Nabu Casa, HKI 7"
ui_left_8ae1c34,string,,Left,Sol,
ui_left_side_overflows_right_fc8533c,string,,Left side overflows right,Sol taraf sağa taşar,
ui_less_526cb74,string,,Less,Az,
ui_let_hki_7_create_the_first_version_for_you_dc36439,string,,Let HKI 7 create the first version for you.,HKI 7'nin sizin için ilk sürümü oluşturmasına izin verin.,don't translate HKI 7
ui_let_this_person_enter_edit_mode_667df39,string,,Let this person enter edit mode,Bu kişinin düzenleme moduna girmesine izin verin,
ui_level_7c7f5d0,string,,Level,Seviye,
ui_level_unavailable_a442183,string,,Level unavailable,Seviye mevcut değil,
ui_license_3229609,string,,License,Lisans,
ui_light_is_turned_off_ebc0cf1,string,,Light is turned off,Işık kapalı,
ui_lines_c6fd387,string,,Lines,çizgiler,
ui_link_a_device_to_auto_fill_the_humidifier_s_6f65010,string,,"Link a device to auto-fill the humidifier's helper entities, or set them by hand",Nemlendiricinin yardımcı birimlerini otomatik olarak doldurmak için bir cihazı bağlayın veya bunları elle ayarlayın,
ui_link_a_speed_control_197d75a,string,,Link a speed control,Hız kontrolünü bağlayın,
ui_linked_speed_control_optional_95fd680,string,,Linked speed control (optional),Bağlantılı hız kontrolü (isteğe bağlı),
ui_live_65c821a,string,,Live,Canlı,
ui_live_6990f01,string,,LIVE,CANLI,
ui_live_indicators_11ef687,string,,Live indicators,Canlı göstergeler,
ui_live_power_sensors_imported_from_home_assistant_s_configur_1b926f2,string,,Live power sensors imported from Home Assistant's configured Energy devices.,Home Assistant'ın yapılandırılmış Enerji cihazlarından içe aktarılan canlı güç sensörleri.,don't translate Home Assistant
ui_loading_actions_260b0c0,string,,Loading actions…,Eylemler yükleniyor…,
ui_loading_actions_877bfd9,string,,Loading actions...,Eylemler yükleniyor...,
ui_loading_camera_50a8065,string,,Loading camera…,Kamera yükleniyor…,
ui_loading_device_a3fda88,string,,Loading device...,Cihaz yükleniyor...,
ui_local_file_576d5ac,string,,Local file,Yerel dosya,
ui_local_network_optional_42aba01,string,,Local network (optional),Yerel ağ (isteğe bağlı),
ui_local_only_05ed059,string,,Local Only,Yalnızca Yerel,
ui_locating_e46bab0,string,,Locating…,Bulunuyor…,
ui_location_access_3b68001,string,,Location access,Konum erişimi,
ui_location_d219c68,string,,Location,Konum,
ui_location_unavailable_3a57dda,string,,Location Unavailable,Konum Mevcut Değil,
ui_lock_c37eb4c,string,,LOCK,KİLİT,
ui_locked_a798882,string,,Locked,Kilitli,
ui_locks_the_screen_to_its_highest_refresh_rate_while_585256f,string,,Locks the screen to its highest refresh rate while the app is open (uses more battery).,Uygulama açıkken ekranı en yüksek yenileme hızına kilitler (daha fazla pil kullanır).,
ui_log_in_again_1ee6e18,string,,Log in again,Tekrar oturum açın,
ui_logging_in_again_keeps_your_dashboard_and_settings_9a8ed6f,string,,Logging in again keeps your dashboard and settings.,Tekrar giriş yaptığınızda kontrol paneliniz ve ayarlarınız korunur.,
ui_logo_url_or_ha_local_path_optional_e795f06,string,,Logo URL or HA/local path (optional),Logo URL'si veya HA/yerel yol (isteğe bağlı),
ui_logout_keep_config_32a0cfb,string,,Logout (Keep Config),Oturumu Kapat (Yapılandırmayı Koru),
ui_low_a124947,string,,Low,Düşük,
ui_low_ba7cae2,string,,%1$s low,%1$s düşük,keep %1$s
ui_low_batteries_41d22d9,string,,%1$s low batteries,%1$s zayıf piller,keep %1$s
ui_low_plan_a_replacement_34435da,string,,Low — plan a replacement,Düşük — değiştirmeyi planlayın,
ui_low_threshold_1ecfd8b,string,,Low threshold (%),Düşük eşik (%),
ui_lunar_phase_301b75e,string,,Lunar phase,Ay evresi,
ui_mail_92379cb,string,,Mail,Posta,
ui_maintenance_94de303,string,,Maintenance,Bakım,
ui_manage_items_d854c4b,string,,Manage items,Öğeleri yönet,
ui_manage_order_411f2d9,string,,Manage order,Siparişi yönet,
ui_managed_by_an_admin_805ae65,string,,Managed by an admin,Bir yönetici tarafından yönetiliyor,
ui_manual_configuration_only_selected_entities_and_devices_ar_10e150b,string,,Manual configuration: only selected entities and devices are shown.,Manuel konfigürasyon: yalnızca seçilen varlıklar ve cihazlar gösterilir.,
ui_map_ab478f3,string,,Map,Harita,
ui_map_c5cc79f,string,,Map: %1$s,Harita: %1$s,keep %1$s
ui_map_camera_for_dialog_2bc4344,string,,Map camera (for dialog),Harita kamerası (diyalog için),
ui_map_status_sensors_and_control_bindings_8cc2dbd,string,,"Map, status sensors, and control bindings","Harita, durum sensörleri ve kontrol bağlantıları",
ui_map_unavailable_0ccd149,string,,Map unavailable,Harita kullanılamıyor,
ui_markdown_23e67fc,string,,Markdown,Markdown,
ui_matching_entities_are_added_automatically_by_home_assistan_07ebdac,string,,Matching entities are added automatically by Home Assistant device class. Add any missing or custom entities here.,Eşleşen varlıklar Home Assistant cihaz sınıfı tarafından otomatik olarak eklenir. Eksik veya özel varlıkları buraya ekleyin.,don't translate Home Assistant
ui_media_0c77aee,string,,Media,Medya,
ui_media_browsing_isn_t_available_for_this_player_e068417,string,,Media browsing isn't available for this player.,Bu oynatıcıda medyaya göz atma özelliği mevcut değil.,
ui_media_library_b9c5845,string,,Media library,Medya kitaplığı,
ui_media_players_a4b8cf2,string,,Media players,Medya oynatıcıları,
ui_media_players_ec25525,string,,Media Players,Medya Oynatıcıları,
ui_messages_safety_and_portability_ee58dfe,string,,"Messages, safety, and portability","Mesajlar, güvenlik ve taşınabilirlik",
ui_messages_sent_to_this_device_via_home_assistant_s_87e4a32,string,,Messages sent to this device via\nHome Assistant's notify service appear here.,Bu cihaza şu yolla gönderilen mesajlar:\nEv Asistanının bildirim hizmeti burada görünür.,don't translate Home Assistant; \n = line break
ui_meteorological_tap_or_swipe_3f3d67e,string,,Meteorological · tap or swipe,Meteorolojik · dokunun veya kaydırın,
ui_meter_readings_a3c12c4,string,,Meter readings,Sayaç okumaları,
ui_mixed_climate_5d22eb9,string,,Mixed climate,Karışık iklim,
ui_mm_ce9b88b,string,,%1$s mm,%1$s mm,keep %1$s
ui_mmm_d_9367bcf,string,,"%1$s, MMM d","%1$s, MMM d",keep %1$s
ui_mode_a7b93d2,string,,Mode,Mod,
ui_modes_6fc3ca8,string,,MODES,MODLAR,
ui_modes_79f5b22,string,,Modes,Modlar,
ui_monitoring_a814345,string,,Monitoring,İzleme,
ui_moon_846b902,string,,Moon,Ay,
ui_move_down_260ff8a,string,,Move down,Aşağı taşı,
ui_move_up_b4f57cd,string,,Move up,Yukarı taşı,
ui_mozilla_public_license_2_0_mpl_2_0_4ec8335,string,,Mozilla Public License 2.0 (MPL-2.0),Mozilla Kamu Lisansı 2.0 (MPL-2.0),
ui_multiple_climate_values_are_averaged_separate_sensor_value_cfccbf4,string,,Multiple climate values are averaged. Separate sensor values are averaged only when no climate source is selected.,Çoklu iklim değerlerinin ortalaması alınır. Ayrı sensör değerlerinin ortalaması yalnızca hiçbir iklim kaynağı seçilmediğinde alınır.,
ui_mywifi_mywifi_5g_2a163c1,string,,"MyWiFi, MyWiFi-5G","MyWiFi, MyWiFi-5G",
ui_n_b51a607,string,,N,N,
ui_name_709a232,string,,Name,İsim,
ui_name_a_z_257c1c4,string,,Name A-Z,A'dan Z'ye İsim,
ui_name_and_icon_shown_above_this_container_9076bde,string,,Name and icon shown above this container,Bu kapsayıcının üzerinde gösterilen ad ve simge,
ui_name_and_icon_shown_above_this_floor_3755eda,string,,Name and icon shown above this floor,Bu katın üzerinde gösterilen ad ve simge,
ui_name_and_icon_used_throughout_the_app_bed8e83,string,,Name and icon used throughout the app,Uygulama genelinde kullanılan ad ve simge,
ui_name_optional_9c9f03a,string,,Name (optional),Ad (isteğe bağlı),
ui_name_subtitle_and_navigation_icon_3f2e8c4,string,,"Name, subtitle, and navigation icon","Ad, alt başlık ve gezinme simgesi",
ui_name_this_device_4d603e2,string,,Name this device,Bu cihazı adlandırın,
ui_name_width_and_icon_a4d694b,string,,"Name, width, and icon","Ad, genişlik ve simge",
ui_name_z_a_daabfb6,string,,Name Z-A,İsim Z-A,
ui_native_home_assistant_automations_always_in_sync_ae8941e,string,,"Native Home Assistant automations, always in sync",Yerel Ev Asistanı otomasyonları her zaman senkronize,don't translate Home Assistant
ui_navigation_bar_e90e3de,string,,Navigation Bar,Gezinme Çubuğu,
ui_network_routes_for_1d18efd,string,,Network routes for %1$s,%1$s için ağ yolları,keep %1$s
ui_never_sent_to_the_developer_or_to_any_third_f0479e9,string,,"never sent to the developer or to any third party, and you can turn this ",hiçbir zaman geliştiriciye veya herhangi bir üçüncü tarafa gönderilmez; bunu,keep the space at the start/end
ui_never_triggered_c91b347,string,,Never triggered,Asla tetiklenmedi,
ui_new_dashboard_4d3c071,string,,New Dashboard,Yeni Kontrol Paneli,
ui_new_floor_1389094,string,,New floor,Yeni kat,
ui_new_flow_d4cef94,string,,New flow,Yeni akış,
ui_next_camera_14994be,string,,Next camera,Sonraki kamera,
ui_no_active_parcels_or_mail_6c9d49c,string,,No active parcels or mail.,Aktif paket veya posta yok.,
ui_no_activity_in_this_period_5cb3978,string,,No activity in this period,Bu dönemde faaliyet yok,
ui_no_adaptive_lighting_profiles_are_currently_available_6d29642,string,,No Adaptive Lighting profiles are currently available.,Şu anda Uyarlanabilir Aydınlatma profili mevcut değil.,
ui_no_air_purifiers_configured_add_fan_entities_under_climate_fd229a8,string,,No air purifiers configured. Add fan entities under Climate Settings → Climate Entities → Air purifiers.,Hiçbir hava temizleyici yapılandırılmadı. İklim Ayarları → İklim Varlıkları → Hava temizleyicileri altına fan öğeleri ekleyin.,
ui_no_alarm_585ad82,string,,No alarm,Alarm yok,
ui_no_announced_letters_4382408,string,,No announced letters.,İlan edilen mektup yok.,
ui_no_archived_notifications_ed5604b,string,,No archived notifications,Arşivlenmiş bildirim yok,
ui_no_battery_entities_found_turn_off_battery_filtering_to_dfbc403,string,,No Battery+ entities found. Turn off Battery+ filtering to show all battery sensors.,Hiçbir Battery+ varlığı bulunamadı. Tüm pil sensörlerini göstermek için Pil+ filtrelemeyi kapatın.,
ui_no_battery_sensors_found_7cc0962,string,,No battery sensors found.,Pil sensörü bulunamadı.,
ui_no_camera_selected_717ad35,string,,No camera selected,Kamera seçilmedi,
ui_no_carbon_intensity_sensor_found_on_this_device_140bf09,string,,No carbon intensity sensor found on this device,Bu cihazda karbon yoğunluğu sensörü bulunamadı,
ui_no_cards_yet_open_the_stack_settings_to_pick_021dada,string,,No cards yet — open the stack settings to pick energy cards.,Henüz kart yok; enerji kartlarını seçmek için yığın ayarlarını açın.,
ui_no_cards_yet_open_the_stack_settings_to_pick_ca8008f,string,,No cards yet — open the stack settings to pick climate cards.,Henüz kart yok; iklim kartlarını seçmek için yığın ayarlarını açın.,
ui_no_climate_data_37d45e0,string,,No climate data,İklim verisi yok,
ui_no_climate_devices_found_thermostats_and_ac_units_from_2e47541,string,,No climate devices found. Thermostats and AC units from Home Assistant appear here automatically.,İklim cihazı bulunamadı. Home Assistant’taki termostatlar ve klimalar burada otomatik olarak görünür.,don't translate Home Assistant
ui_no_collections_in_the_next_7_days_6d48bf4,string,,No collections in the next 7 days.,Önümüzdeki 7 gün içinde tahsilat yapılmayacaktır.,
ui_no_conditions_this_flow_always_continues_c95e76f,string,,No conditions — this flow always continues,Koşul yok — bu akış her zaman devam eder,
ui_no_dashboards_have_been_shared_with_you_yet_ask_38b2c0d,string,,"No dashboards have been shared with you yet. Ask an admin to share one, or pick another option above.",Henüz sizinle hiçbir kontrol paneli paylaşılmadı. Bir yöneticiden bir tanesini paylaşmasını isteyin veya yukarıdan başka bir seçeneği seçin.,
ui_no_dashboards_have_been_shared_with_you_yet_ask_877080a,string,,No dashboards have been shared with you yet. Ask an admin to share one.,Henüz sizinle hiçbir kontrol paneli paylaşılmadı. Bir yöneticiden bir tane paylaşmasını isteyin.,
ui_no_data_d802d23,string,,No data,Veri yok,
ui_no_door_sensor_f6b60c8,string,,No door sensor,Kapı sensörü yok,
ui_no_energy_sensors_found_eeecdec,string,,No energy sensors found.,Enerji sensörü bulunamadı.,
ui_no_events_e339ba7,string,,No events,Etkinlik yok,
ui_no_fans_found_fan_entities_from_home_assistant_appear_279dab7,string,,No fans found. Fan entities from Home Assistant appear here automatically.,Fan bulunamadı. Home Assistant’taki fan varlıkları burada otomatik olarak görünür.,don't translate Home Assistant
ui_no_forecast_available_ed48809,string,,No forecast available,Tahmin mevcut değil,
ui_no_graphs_yet_open_the_stack_settings_to_add_87f742f,string,,No graphs yet — open the stack settings to add sensor graphs.,Henüz grafik yok — sensör grafikleri eklemek için yığın ayarlarını açın.,
ui_no_heading_162947f,string,,No heading,Başlık yok,
ui_no_hourly_forecast_available_9ef5a5f,string,,No hourly forecast available,Saatlik tahmin yok,
ui_no_humidifiers_found_humidifier_entities_from_home_assista_eeadbd7,string,,No humidifiers found. Humidifier entities from Home Assistant appear here automatically; extras can be added in Climate Settings.,Nemlendirici bulunamadı. Home Assistant'ın nemlendirici öğeleri burada otomatik olarak görünür; İklim Ayarlarına ekstralar eklenebilir.,don't translate Home Assistant
ui_no_individual_water_devices_configured_d0060ba,string,,No individual water devices configured.,Bireysel su cihazı yapılandırılmadı.,
ui_no_letter_image_available_eeb42c0,string,,No letter image available,Mektup görseli mevcut değil,
ui_no_map_camera_configured_d72057b,string,,No map camera\nconfigured,Harita kamerası yok\nyapılandırılmış,\n = line break
ui_no_map_camera_set_configure_in_button_settings_b54466c,string,,No map camera set.\nConfigure in button settings.,Harita kamerası seti yok.\nDüğme ayarlarında yapılandırın.,\n = line break
ui_no_matches_cd0af6c,string,,No matches,Eşleşme yok,
ui_no_matching_automations_4489522,string,,No matching automations,Eşleşen otomasyon yok,
ui_no_media_players_found_1248a89,string,,No media players found.,Medya oynatıcı bulunamadı.,
ui_no_native_home_assistant_automations_found_725a043,string,,No native Home Assistant automations found,Yerel Ev Asistanı otomasyonu bulunamadı,don't translate Home Assistant
ui_no_non_admin_users_found_on_this_home_assistant_e9e665d,string,,No non-admin users found on this Home Assistant.,Bu Ev Asistanında yönetici olmayan kullanıcı bulunamadı.,don't translate Home Assistant
ui_no_notifications_a72159d,string,,No Notifications,Bildirim Yok,
ui_no_notifications_b08626f,string,,No notifications,Bildirim yok,
ui_no_options_available_7a19b6d,string,,No options available,Seçenek yok,
ui_no_other_entities_on_this_device_fbc481b,string,,No other entities on this device.,Bu cihazda başka varlık yok.,
ui_no_other_users_found_on_this_home_assistant_cb89d3d,string,,No other users found on this Home Assistant.,Bu Ev Asistanında başka kullanıcı bulunamadı.,don't translate Home Assistant
ui_no_parcel_selected_922a402,string,,No parcel selected,Parsel seçilmedi,
ui_no_parcels_cf4c0a0,string,,No %1$s parcels.,%1$s paket yok.,keep %1$s
ui_no_phase_sensors_configured_in_energy_settings_b88c1dc,string,,No phase sensors configured in Energy Settings.,Enerji Ayarlarında yapılandırılmış faz sensörü yok.,
ui_no_power_sensors_found_caf2e07,string,,No power sensors found.,Güç sensörü bulunamadı.,
ui_no_power_sensors_found_on_this_device_or_its_942e9be,string,,No power sensors found on this device (or its sub-devices) yet.,Bu cihazda (veya alt cihazlarında) henüz güç sensörü bulunamadı.,
ui_no_profile_available_98d6e00,string,,No profile available,Profil mevcut değil,
ui_no_sensors_found_edacf22,string,,No %1$s sensors found.,%1$s sensörü bulunamadı.,keep %1$s
ui_no_sensors_selected_open_the_widget_settings_in_edit_cd87a2e,string,,No sensors selected — open the widget settings in edit mode.,Hiçbir sensör seçilmedi — widget ayarlarını düzenleme modunda açın.,
ui_no_servers_found_yet_make_sure_you_re_on_7e6832d,string,,"No servers found yet. Make sure you're on the same Wi-Fi, or enter the address below.",Henüz sunucu bulunamadı. Aynı kablosuz ağa bağlı olduğunuzdan emin olun veya adresi aşağıya girin.,
ui_no_speed_control_linked_cb0e9ad,string,,No speed control linked,Hız kontrolü bağlı değil,
ui_no_status_history_enable_parcel_history_in_the_integration_302ca4a,string,,No status history (enable parcel history in the integration options),Durum geçmişi yok (entegrasyon seçeneklerinde parsel geçmişini etkinleştirin),
ui_no_stream_available_0535c4e,string,,No stream available,Akış mevcut değil,
ui_no_stream_available_6bfd14a,string,,No Stream Available,Yayın Yok,
ui_no_supported_alarm_modes_reported_by_this_entity_588b22a,string,,No supported alarm modes reported by this entity,Bu varlık tarafından desteklenen alarm modu bildirilmedi,
ui_no_target_f919b89,string,,No target,Hedef yok,
ui_no_tariff_sensors_configured_in_energy_settings_2ad6a3c,string,,No tariff sensors configured in Energy Settings.,Enerji Ayarlarında yapılandırılmış tarife sensörü yok.,
ui_no_thanks_6d745b3,string,,No thanks,"Hayır, teşekkürler",
ui_no_upcoming_collections_feff2a6,string,,No upcoming collections,Yaklaşan koleksiyon yok,
ui_no_waste_sensors_selected_68b51ce,string,,No waste sensors selected,Hiçbir atık sensörü seçilmedi,
ui_no_waste_sensors_selected_add_them_via_the_widget_554ff3d,string,,No waste sensors selected. Add them via the widget settings in edit mode.,Hiçbir atık sensörü seçilmedi. Bunları düzenleme modunda widget ayarları aracılığıyla ekleyin.,
ui_no_weather_cards_ce32255,string,,No weather cards,Hava durumu kartı yok,
ui_no_weather_entity_available_7476bcb,string,,No weather entity available,Hava durumu varlığı mevcut değil,
ui_no_widgets_match_73a3c20,string,,"No widgets match ""%1$s""","""%1$s"" ile eşleşen widget yok",keep %1$s
ui_none_6eef664,string,,None,Yok,
ui_none_auto_cc8786f,string,,None / Auto,Yok / Otomatik,
ui_none_modes_stay_as_the_only_control_b62bff7,string,,None — modes stay as the only control,Yok — modlar tek kontrol olarak kalır,
ui_none_of_your_configured_carriers_support_adding_a_parcel_21dc0a4,string,,"None of your configured carriers support adding a parcel by tracking number. Account-based carriers (PostNL, DPD, DHL) only track what's already in your account.","Yapılandırılmış operatörlerinizin hiçbiri takip numarasına göre paket eklemeyi desteklemiyor. Hesap tabanlı operatörler (PostNL, DPD, DHL) yalnızca hesabınızda bulunanları takip eder.",
ui_none_selected_5798946,string,,None selected,Hiçbiri seçilmedi,
ui_none_timer_follows_the_completion_time_only_09d470a,string,,None — timer follows the completion time only,Yok — zamanlayıcı yalnızca tamamlanma süresini takip eder,
ui_not_enough_data_cdb9d58,string,,Not enough data,Yeterli veri yok,
ui_not_enough_data_in_this_period_48188c4,string,,Not enough data in this period,Bu dönemde yeterli veri yok,
ui_not_loaded_by_home_assistant_95f811a,string,,Not loaded by Home Assistant,Ev Asistanı tarafından yüklenmedi,don't translate Home Assistant
ui_not_set_93039e6,string,,Not set,Ayarlanmadı,
ui_nothing_here_7f42022,string,,Nothing here.,Burada hiçbir şey yok.,
ui_nothing_hidden_fd1cdd3,string,,Nothing hidden,Gizli hiçbir şey yok,
ui_nothing_is_shared_yet_fca61d0,string,,Nothing is shared yet.,Henüz hiçbir şey paylaşılmadı.,
ui_nothing_removed_d67902f,string,,Nothing removed.,Hiçbir şey kaldırılmadı.,
ui_nothing_removed_use_edit_mode_on_the_climate_page_dd07910,string,,Nothing removed. Use edit mode on the Climate page to remove cards; they land here and can be restored.,Hiçbir şey kaldırılmadı. Kartları kaldırmak için İklim sayfasındaki düzenleme modunu kullanın; buraya inerler ve restore edilebilirler.,
ui_nothing_to_reorder_yet_cdcbb36,string,,Nothing to reorder yet.,Henüz yeniden sıralanacak bir şey yok.,
ui_notification_c18f8f2,string,,Notification,Bildiri,
ui_notifications_753a22b,string,,Notifications,Bildirimler,
ui_notifications_are_delivered_over_the_app_s_live_connection_d2aa965,string,,Notifications are delivered over the app's live connection whenever it is open — send them from Home Assistant with the notify service for this device. Swipe in from the left edge to see the history.,"Bildirimler, uygulama açık olduğunda uygulamanın canlı bağlantısı üzerinden iletilir; bildirimleri bu cihazın bildirim hizmetiyle Ev Asistanı'ndan gönderin. Geçmişi görmek için sol kenardan içeri doğru kaydırın.",don't translate Home Assistant
ui_now_e3b8204,string,,Now,Şimdi,
ui_of_3_enabled_5cdedd4,string,,%1$s of 3 enabled,%1$s / 3 etkin,keep %1$s
ui_of_home_fdfd824,string,,%1$s%% of home,Evin %%%1$s,keep %1$s
ui_off_ad50489,string,,OFF,KAPALI,
ui_off_at_any_time_in_android_settings_4607e2c,string,,off at any time in Android settings.,Android ayarlarında istediğiniz zaman kapatabilirsiniz.,
ui_off_e3de5ab,string,,Off,Kapalı,
ui_ok_9ce3bd4,string,,OK,Tamam,
ui_on_12469c7,string,,On - %1$s%%,Açık - %1$s%%,keep %1$s
ui_on_387d7a5,string,,ON,AÇIK,
ui_on_e0049a6,string,,On,Açık,
ui_on_f9ca2fe,string,,%1$s%% • ON,%1$s%% • AÇIK,keep %1$s
ui_on_these_wi_fi_networks_the_app_connects_via_82d3f1f,string,,On these Wi-Fi networks the app connects via the internal URL; everywhere else it uses the main server URL above.,Bu Wi-Fi ağlarında uygulama dahili URL aracılığıyla bağlanır; diğer her yerde yukarıdaki ana sunucu URL'sini kullanır.,
ui_on_this_device_a7f9620,string,,On this device,Bu cihazda,
ui_onboard_step_fefaac1,string,,onboard_step,onboard_step,
ui_only_percentage_sensors_classified_by_home_assistant_as_ba_0d94a2a,string,,Only percentage sensors classified by Home Assistant as batteries are imported. ,Yalnızca Ev Asistanı tarafından pil olarak sınıflandırılan yüzde sensörleri içe aktarılır.,don't translate Home Assistant; keep the space at the start/end
ui_only_show_battery_entities_and_include_battery_type_detail_b216867,string,,Only show Battery+ entities and include battery type details,Yalnızca Battery+ varlıklarını gösterin ve pil türü ayrıntılarını ekleyin,
ui_only_show_battery_entities_and_include_type_quantity_and_0d8ce40,string,,"Only show Battery+ entities and include type, quantity, and related battery info.","Yalnızca Pil+ varlıklarını gösterin ve türü, miktarı ve ilgili pil bilgilerini ekleyin.",
ui_open_camera_full_screen_afc186b,string,,Open camera full screen,Kamerayı tam ekran aç,
ui_open_cf9b770,string,,Open,Aç,
ui_open_history_for_graph_ae801d5,string,,Open history for graph,Grafik için geçmişi aç,
ui_open_link_d2de1a2,string,,Open link,Bağlantıyı aç,
ui_open_source_and_premium_licensing_0328125,string,,Open-source and premium licensing,Açık kaynak ve premium lisanslama,
ui_open_the_component_on_github_c1e5ee5,string,,Open the component on GitHub,Bileşeni GitHub'da açın,
ui_open_this_panel_by_swiping_left_from_the_upper_671e63c,string,,Open this panel by swiping left from the upper-right edge of any page header.,Herhangi bir sayfa başlığının sağ üst kenarından sola kaydırarak bu paneli açın.,
ui_opening_dashboard_8e99930,string,,Opening dashboard…,Kontrol paneli açılıyor…,
ui_openstreetmap_fa78a33,string,,OpenStreetMap,OpenStreetMap,
ui_optional_context_shown_by_the_lock_card_03f6814,string,,Optional context shown by the lock card,Kilit kartıyla gösterilen isteğe bağlı içerik,
ui_optional_controls_and_sensors_for_richer_dialogs_7a80e7b,string,,Optional controls and sensors for richer dialogs,Daha zengin diyaloglar için isteğe bağlı kontroller ve sensörler,
ui_optional_display_name_and_icon_override_f7a6cda,string,,Optional display name and icon override,İsteğe bağlı görünen ad ve simge geçersiz kılma,
ui_optional_fields_passed_to_home_assistant_54dffc6,string,,Optional fields passed to Home Assistant,Ev Asistanı'na aktarılan isteğe bağlı alanlar,don't translate Home Assistant
ui_optional_label_shown_when_name_is_enabled_above_8229e92,string,,"Optional label shown when ""Name"" is enabled above","Yukarıda ""Ad"" etkinleştirildiğinde gösterilen isteğe bağlı etiket",
ui_optional_name_and_icon_overrides_5dfd062,string,,Optional name and icon overrides,İsteğe bağlı ad ve simge geçersiz kılmaları,
ui_optional_name_and_icon_shown_above_this_stack_272f237,string,,Optional name and icon shown above this stack,Bu yığının üzerinde gösterilen isteğe bağlı ad ve simge,
ui_optional_premium_5ae8183,string,,Optional Premium,İsteğe Bağlı Prim,
ui_optional_support_for_development_and_testing_costs_5d6af95,string,,Optional support for development and testing costs,Geliştirme ve test maliyetleri için isteğe bağlı destek,
ui_optional_title_and_dashboard_width_e04c6e8,string,,Optional title and dashboard width,İsteğe bağlı başlık ve gösterge tablosu genişliği,
ui_optional_title_width_and_supported_shape_8b2e456,string,,"Optional title, width, and supported shape","İsteğe bağlı başlık, genişlik ve desteklenen şekil",
ui_options_6bf5da9,string,,Options,Seçenekler,
ui_organization_519255a,string,,Organization,Düzen,
ui_oscillate_3d3c9bd,string,,Oscillate,Salınım,
ui_outside_cbbef8c,string,,OUTSIDE,DIŞTAN,
ui_outside_is_never_auto_detected_either_link_a_weather_eb8cc14,string,,"Outside is never auto-detected. Either link a weather entity (it usually carries temperature, humidity and pressure) or pick individual outdoor sensors below. The temperature feeds the Outside tile and the hero's outside reading.","Dışarısı hiçbir zaman otomatik olarak algılanmaz. Ya bir hava durumu birimini bağlayın (genellikle sıcaklık, nem ve basıncı taşır) ya da aşağıdan bireysel dış mekan sensörlerini seçin. Sıcaklık, Dış kutucuğu ve kahramanın dışarıdaki okumasını besler.",
ui_outside_weather_entity_98e8465,string,,Outside weather entity,Dış hava durumu varlığı,
ui_page_areas_1068b64,string,,Page areas,Sayfa alanları,
ui_page_icon_b58a288,string,,Page icon,Sayfa simgesi,
ui_page_identity_dafa8dd,string,,Page identity,Sayfa kimliği,
ui_page_name_c99f51a,string,,Page name,Sayfa adı,
ui_page_settings_0a44afc,string,,Page settings,Sayfa ayarları,
ui_page_subtitle_8a04084,string,,Page subtitle,Sayfa alt başlığı,
ui_parcel_9ddaaee,string,,Parcel,Parsel,
ui_parcels_16129ec,string,,Parcels,Paketler,
ui_parental_controls_c4f61d0,string,,Parental controls,Ebeveyn denetimleri,
ui_parental_controls_dashboard_sharing_and_permissions_b74e0c0,string,,"Parental controls, dashboard sharing, and permissions","Ebeveyn denetimleri, kontrol paneli paylaşımı ve izinler",
ui_parental_controls_sharing_needs_the_hki_7_cloud_component_7929459,string,,Parental controls & sharing — needs the HKI 7 Cloud component,Ebeveyn denetimleri ve paylaşım — HKI 7 Bulut bileşenine ihtiyaç duyar,don't translate HKI 7 Cloud
ui_pause_781961b,string,,Pause,Duraklat,
ui_pause_adaptation_821b33e,string,,Pause adaptation,Uyarlamayı duraklat,
ui_pending_timer_dbf15fa,string,,Pending timer,Bekleme zamanlayıcısı,
ui_people_b37554f,string,,People,Kişiler,
ui_permission_needed_7c7a8e5,string,,Permission needed,İzin gerekli,
ui_permissions_d06d555,string,,Permissions,İzinler,
ui_person_settings_977e009,string,,Person settings,Kişi ayarları,
ui_personal_information_used_throughout_hki_7_b7d1b08,string,,Personal information used throughout HKI 7,HKI 7 genelinde kullanılan kişisel bilgiler,don't translate HKI 7
ui_personalize_7602b35,string,,Personalize,Kişiselleştir,
ui_persons_order_9fe91dc,string,,Persons order,Kişi siparişi,
ui_phase_17619b8,string,,Phase %1$s,Aşama %1$s,keep %1$s
ui_pick_a_carbon_footprint_device_ea1fe94,string,,Pick a carbon footprint device,Bir karbon ayak izi cihazı seçin,
ui_pick_a_device_to_auto_fill_the_sensors_below_f396326,string,,Pick a device to auto-fill the sensors below,Aşağıdaki sensörleri otomatik olarak dolduracak bir cihaz seçin,
ui_pick_a_source_device_or_fine_tune_individual_roles_beb54f5,string,,Pick a source device or fine-tune individual roles,Bir kaynak cihaz seçin veya rollere ayrı ayrı ince ayar yapın,
ui_pick_a_starting_point_everything_remains_editable_340924e,string,,Pick a starting point; everything remains editable,Bir başlangıç noktası seçin; her şeyi daha sonra düzenleyebilirsiniz,
ui_pickup_b6da461,string,,Pickup: %1$s,Teslim alma: %1$s,keep %1$s
ui_pin_3adadd3,string,,PIN,PIN,
ui_place_this_room_in_the_correct_floor_group_52c044a,string,,Place this room in the correct floor group,Bu odayı doğru kat grubuna yerleştirin,
ui_placement_ab89d05,string,,Placement,Atama,
ui_playback_c8e3087,string,,Playback,Oynatma,
ui_player_e53407c,string,,Player,Oyuncu,
ui_players_summarized_by_the_room_header_and_card_729ea70,string,,Players summarized by the room header and card,Oda başlığına ve karta göre özetlenen oyuncular,
ui_please_wait_5afeca7,string,,Please wait…,Lütfen bekleyin…,
ui_position_d0b0314,string,,POSITION,KONUM,
ui_postal_code_optional_b86b6a2,string,,Postal code (optional),Posta kodu (isteğe bağlı),
ui_power_c2b6b52,string,,POWER,GÜÇ,
ui_power_overview_a204dd7,string,,Power overview,Güce genel bakış,
ui_power_per_phase_1f38fb0,string,,Power per phase,Faz başına güç,
ui_precipitation_60d5e73,string,,Precipitation,Yağış,
ui_premium_icon_packs_animated_icons_and_artwork_premium_them_6363fef,string,,"Premium icon packs, animated icons and artwork, premium themes, entitlement services, and any separately marked premium modules are not covered by MPL-2.0. They remain proprietary and are licensed for personal use through a valid Premium entitlement.","Premium simge paketleri, animasyonlu simgeler ve resimler, premium temalar, yetkilendirme hizmetleri ve ayrı olarak işaretlenmiş premium modüller MPL-2.0 kapsamında değildir. Bunlar tescilli kalır ve geçerli bir Premium yetkisi aracılığıyla kişisel kullanım için lisanslanırlar.",
ui_presets_6891289,string,,PRESETS,ÖN AYARLAR,
ui_presets_e709e76,string,,Presets,Ön ayarlar,
ui_press_ea683ad,string,,Press,Basmak,
ui_prevents_android_from_delaying_battery_charging_and_presen_623b898,string,,"Prevents Android from delaying battery, charging, and presence updates while the device is idle.","Cihaz boştayken Android'in pil, şarj ve durum güncellemelerini geciktirmesini önler.",
ui_previous_camera_5014da7,string,,Previous camera,Önceki kamera,
ui_produced_5028c07,string,,Produced %1$s,Üretim: %1$s,keep %1$s
ui_production_overview_fbbfc38,string,,Production overview,Üretime genel bakış,
ui_profile_ff4fc02,string,,Profile,Profil,
ui_profile_switches_affect_every_light_assigned_to_19ba9ec,string,,Profile switches affect every light assigned to %1$s.,Profil anahtarları %1$s'ye atanan her ışığı etkiler.,keep %1$s
ui_profiles_0c2a930,string,,Profiles,Profiller,
ui_project_information_licensing_and_community_support_9fc47d6,string,,"Project information, licensing, and community support","Proje bilgileri, lisanslama ve topluluk desteği",
ui_publish_one_of_your_dashboards_to_your_family_recipients_88c1d49,string,,Publish one of your dashboards to your family. Recipients import it from Settings › Dashboard and can pull updates later. Set what they may change under Permissions.,Kontrol panellerinizden birini ailenize yayınlayın. Alıcılar bunu Ayarlar › Kontrol Paneli'nden içe aktarır ve güncellemeleri daha sonra alabilir. İzinler altında neleri değiştirebileceklerini ayarlayın.,
ui_published_to_your_family_33fc8da,string,,Published to your family,Ailenize yayınlandı,
ui_pulse_8439fc4,string,,pulse,nabız,
ui_pulsescale_939f5c2,string,,pulseScale,Nabız Ölçeği,
ui_push_delivery_and_history_aa3e29d,string,,Push delivery and history,Push teslimatı ve geçmişi,
ui_push_my_changes_now_ddff3f6,string,,Push my changes now,Değişikliklerimi şimdi aktar,
ui_pushing_3c52088,string,,Pushing…,İtiliyor…,
ui_quick_actions_e47e804,string,,Quick actions,Hızlı eylemler,
ui_quick_start_gesture_23ee6fe,string,,quick_start_gesture,quick_start_gesture,
ui_rain_0a858c9,string,,Rain,Yağmur,
ui_rain_map_7c1862a,string,,Rain map,Yağmur haritası,
ui_rain_map_image_url_0c47012,string,,Rain map image URL,Yağmur haritası resim URL'si,
ui_rain_map_url_iframe_3f22653,string,,Rain map URL (iframe),Yağmur haritası URL'si (iframe),
ui_re_import_batteries_9473d07,string,,Re-import batteries,Pilleri yeniden içe aktarın,
ui_re_import_batteries_f3b8458,string,,Re-import Batteries,Pilleri Yeniden İçe Aktarın,
ui_re_import_climate_3ed098c,string,,Re-import climate,İklimi yeniden içe aktar,
ui_re_import_climate_f7f5678,string,,Re-import Climate,İklimi Yeniden İçe Aktar,
ui_re_import_energy_9e66bbb,string,,Re-import Energy,Enerjiyi Yeniden İthal Edin,
ui_re_import_energy_c0b0fcc,string,,Re-import energy,Enerjiyi yeniden ithal edin,
ui_re_import_rooms_6cc58f9,string,,Re-import rooms,Odaları yeniden içe aktar,
ui_re_import_rooms_b49077d,string,,Re-import Rooms,Odaları Yeniden İçe Aktar,
ui_re_import_security_411e76d,string,,Re-import Security,Güvenliği Yeniden İçe Aktarma,
ui_re_import_security_fcf0ad8,string,,Re-import security,Güvenliği yeniden içe aktar,
ui_read_only_home_assistant_automation_46d25b7,string,,Read-only Home Assistant automation,Salt okunur Ev Asistanı otomasyonu,don't translate Home Assistant
ui_read_the_full_mpl_2_0_4d68c7d,string,,Read the full MPL 2.0,MPL 2.0'ın tamamını okuyun,
ui_ready_20c7c55,string,,Ready,Hazır,
ui_receive_home_assistant_alerts_and_actionable_notifications_386435f,string,,Receive Home Assistant alerts and actionable notifications on this device.,Bu cihazda Ev Asistanı uyarılarını ve uygulanabilir bildirimleri alın.,don't translate Home Assistant
ui_recipes_create_regular_home_assistant_automations_you_can_a81bf72,string,,Recipes create regular Home Assistant automations. You can continue editing them in either HKI7 or Home Assistant.,Tarifler düzenli Ev Asistanı otomasyonları oluşturur. Bunları HKI7 veya Ev Asistanı'nda düzenlemeye devam edebilirsiniz.,"don't translate Home Assistant, HKI7"
ui_recommended_e37d21e,string,,RECOMMENDED,TAVSİYE EDİLEN,
ui_recording_09b5b61,string,,Recording · ,Kayıt ·,keep the space at the start/end
ui_refresh_56e3bad,string,,Refresh,Yenile,
ui_refresh_connection_46966aa,string,,Refresh Connection,Bağlantıyı Yenile,
ui_refresh_interval_f086d9d,string,,Refresh interval,Yenileme aralığı,
ui_relock_after_4db5c55,string,,Relock after,Şu süreden sonra yeniden kilitle:,
ui_remote_access_is_ready_0e26b5a,string,,Remote access is ready.,Uzaktan erişim hazır.,
ui_remote_access_optional_75dd54d,string,,Remote access (optional),Uzaktan erişim (isteğe bağlı),
ui_remove_436e1a0,string,,Remove %1$s?,%1$s kaldırılsın mı?,keep %1$s
ui_remove_avatar_58e0c56,string,,Remove avatar,Avatarı kaldır,
ui_remove_e963907,string,,Remove,Kaldır,
ui_remove_edits_and_import_all_7f0b4a1,string,,Remove edits and import all,Düzenlemeleri kaldırın ve tümünü içe aktarın,
ui_removed_entities_559c584,string,,Removed entities (%1$s),Kaldırılan varlıklar (%1$s),keep %1$s
ui_removed_entities_6dbeb2d,string,,Removed entities,Kaldırılan varlıklar,
ui_removed_entities_are_excluded_from_cards_graphs_tiles_and_628e91a,string,,"Removed entities are excluded from cards, graphs, tiles and averages. Tap ✕ to restore.","Kaldırılan varlıklar kartlardan, grafiklerden, kutucuklardan ve ortalamalardan hariç tutulur. Geri yüklemek için ✕'ye dokunun.",
ui_rename_d3f4cb8,string,,Rename,Yeniden isimlendirmek,
ui_rename_dashboard_ceb1d6d,string,,Rename dashboard,Kontrol panelini yeniden adlandır,
ui_rename_home_assistant_f1a0d6f,string,,Rename Home Assistant,Ev Asistanını Yeniden Adlandırın,don't translate Home Assistant
ui_rename_players_and_choose_which_ones_may_show_the_212864f,string,,Rename players and choose which ones may show the mini player above the navigation bar while playing.,Oyuncuları yeniden adlandırın ve oyun sırasında hangilerinin mini oynatıcıyı gezinme çubuğunun üzerinde gösterebileceğini seçin.,
ui_rename_players_and_mini_player_visibility_8d0e1f7,string,,Rename players and mini player visibility,Oyuncuları ve mini oynatıcı görünürlüğünü yeniden adlandırın,
ui_rendering_style_and_history_range_be872e9,string,,Rendering style and history range,İşleme stili ve geçmiş aralığı,
ui_reorder_and_hide_tabs_39de701,string,,Reorder and hide tabs,Sekmeleri yeniden sıralama ve gizleme,
ui_reorder_cameras_b226c47,string,,Reorder cameras,Kameraları yeniden sıralayın,
ui_reorder_cards_147ed64,string,,Reorder cards,Kartları yeniden sırala,
ui_reorder_devices_8bcc061,string,,Reorder devices,Cihazları yeniden sıralayın,
ui_repeat_659eba1,string,,Repeat,Tekrarlamak,
ui_repeats_every_day_only_the_time_of_day_is_a71f502,string,,Repeats every day — only the time of day is used.,Her gün tekrarlanır; yalnızca günün saati kullanılır.,
ui_repeats_every_month_only_the_day_of_the_month_93ca445,string,,Repeats every month — only the day of the month and time are used.,Her ay tekrarlanır; yalnızca ayın günü ve saati kullanılır.,
ui_repeats_every_week_only_the_weekday_and_time_are_8f36757,string,,Repeats every week — only the weekday and time are used.,Her hafta tekrarlanır; yalnızca haftanın günü ve saati kullanılır.,
ui_repeats_every_year_the_year_is_ignored_so_e_a661f32,string,,"Repeats every year — the year is ignored, so e.g. 24–26 Dec recurs each Christmas.","Her yıl tekrarlanır — yıl göz ardı edilir, yani ör. 24–26 Aralık her Noel'de tekrarlanır.",
ui_require_an_extra_gesture_or_pin_before_actions_run_19ae393,string,,Require an extra gesture or PIN before actions run,İşlemler çalıştırılmadan önce ekstra bir hareket veya PIN iste,
ui_required_9100e2e,string,, (required),(gerekli),keep the space at the start/end
ui_required_state_bdc9c95,string,,Required state,Gerekli durum,
ui_reset_44c57ab,string,,Reset,Sıfırla,
ui_reset_everything_2d6cd07,string,,Reset Everything,Herşeyi Sıfırla,
ui_restart_b134bd5,string,,Restart,Tekrar başlat,
ui_restart_home_assistant_0206bf0,string,,Restart Home Assistant?,Ev Asistanı yeniden başlatılsın mı?,don't translate Home Assistant
ui_restart_home_assistant_551322c,string,,Restart Home Assistant,Ev Asistanını yeniden başlatın,don't translate Home Assistant
ui_restarting_b86eee1,string,,Restarting…,Yeniden başlatılıyor…,
ui_restore_3cbe6d6,string,,Restore,Geri yükle,
ui_restore_backup_a65eaa8,string,,Restore backup,Yedeği geri yükle,
ui_restore_from_cloud_52b6663,string,,Restore from cloud,Buluttan geri yükle,
ui_restore_from_home_assistant_13aec1d,string,,Restore from Home Assistant,Ev Asistanından Geri Yükle,don't translate Home Assistant
ui_resume_adaptation_ac73b12,string,,Resume adaptation,Uyarlamayı sürdür,
ui_resume_b3bd0b5,string,,Resume,Sürdürmek,
ui_reverse_57f9933,string,,Reverse,Tersi,
ui_right_954daa8,string,,Right,Sağ,
ui_right_side_overflows_left_d75893d,string,,Right side overflows left,Sağ taraf sola taşıyor,
ui_room_areas_584c8ee,string,,Room areas,Oda alanları,
ui_room_climate_c57811d,string,,Room climate,Oda iklimi,
ui_room_name_8605e33,string,,Room name,Oda adı,
ui_room_scale_6602c22,string,,room-scale,oda ölçeğinde,
ui_rooms_3a28d6f,string,,Rooms,Odalar,
ui_rooms_are_imported_2ef3415,string,,Rooms are imported,Odalar ithal ediliyor,
ui_rooms_in_auto_mode_are_imported_from_home_assistant_c583d84,string,,Rooms in auto mode are imported from Home Assistant. Switch to manual or take over the current dashboard to add widgets by hand.,Otomatik moddaki odalar Home Assistant'tan içe aktarılır. Widget'ları elle eklemek için manuele geçin veya mevcut kontrol panelini devralın.,don't translate Home Assistant
ui_rotation_acaf322,string,,rotation,rotasyon,
ui_roundness_of_buttons_cards_and_widgets_3573fff,string,,"Roundness of buttons, cards and widgets","Düğmelerin, kartların ve widget'ların yuvarlaklığı",
ui_run_b1b3926,string,,Run,Koşmak,
ui_run_mode_12ce660,string,,Run mode,Çalıştırma modu,
ui_running_state_entity_3c8ffde,string,,Running-state entity,Çalışan durum varlığı,
ui_s_02aa629,string,,S,S,
ui_s_are_81c69ca,string,,s are,bunlar,
ui_s_refresh_10a9b0b,string,,%1$ss refresh,%1$ss yenileme,keep %1$s
ui_save_efc007a,string,,Save,Kaydetmek,
ui_save_in_home_assistant_eacb2ce,string,,Save in Home Assistant,Ev Asistanında Kaydet,don't translate Home Assistant
ui_save_local_network_7f0247d,string,,Save Local Network,Yerel Ağı Kaydet,
ui_save_or_restore_dashboard_configuration_be8f39f,string,,Save or restore dashboard configuration,Kontrol paneli yapılandırmasını kaydedin veya geri yükleyin,
ui_save_profile_f597c0e,string,,Save profile,Profili kaydet,
ui_save_remote_access_05740bc,string,,Save Remote Access,Uzaktan Erişimi Kaydet,
ui_saved_directly_in_the_native_automation_734f9ba,string,,Saved directly in the native automation,Doğrudan yerel otomasyona kaydedildi,
ui_saving_56a2285,string,,Saving…,Kaydediliyor…,
ui_scanning_36c4a06,string,,Scanning…,Tarama…,
ui_scheduled_1cd1bda,string,,Scheduled,planlanmış,
ui_search_actions_9313854,string,,Search actions,Arama işlemleri,
ui_search_automations_9172ba9,string,,Search automations,Arama otomasyonları,
ui_search_batteries_a63e58b,string,,Search batteries,Pilleri arayın,
ui_search_bce0641,string,,Search,Ara,
ui_search_by_name_28abc03,string,,Search by name,İsme göre ara,
ui_search_devices_2ce0b70,string,,Search devices,Cihazları arayın,
ui_search_entities_7c70008,string,,Search entities,Varlıkları arayın,
ui_search_f54fbca,string,,Search…,Aramak…,
ui_search_filters_3d10e32,string,,Search & filters,Arama ve filtreler,
ui_search_sort_9fe6cb4,string,,Search & sort,Ara ve sırala,
ui_search_the_material_design_icon_library_2a2aa8d,string,,Search the Material Design icon library,Materyal Tasarımı simge kütüphanesinde arama yapın,
ui_search_widgets_9525879,string,,Search widgets,Widget'ları arayın,
ui_season_62255f5,string,,Season,Mevsim,
ui_season_card_flip_6683142,string,,season-card-flip,sezon kartı çevirme,
ui_secondary_line_ca81690,string,,Secondary line,İkincil hat,
ui_seconds_5fb1db5,string,,Seconds,Saniye,
ui_securitydoor_929c4fc,string,,securityDoor,güvenlikKapı,
ui_securitygarage_499e9f7,string,,securityGarage,güvenlikGaraj,
ui_securitygate_0743480,string,,securityGate,güvenlikKapısı,
ui_securityhouse_08bd121,string,,securityHouse,güvenlik evi,
ui_securityphase_f4739f6,string,,securityPhase,güvenlik Aşaması,
ui_securitypulse_5340cf8,string,,securityPulse,güvenlikNabız,
ui_securitywindow_4619bf3,string,,securityWindow,güvenlik penceresi,
ui_select_0fc8ec5,string,,Select %1$s,%1$s seç,keep %1$s
ui_select_a_mode_to_continue_0426fc8,string,,Select a mode to continue,Devam etmek için bir mod seçin,
ui_select_an_effect_to_turn_it_on_75d9bec,string,,Select an effect to turn it on,Açmak için bir efekt seçin,
ui_select_an_inverter_device_in_energy_settings_solar_to_4a0aade,string,,Select an inverter device in Energy Settings → Solar to list its inverters here.,İnverterlerini burada listelemek için Enerji Ayarları → Solar bölümünden bir invertör cihazı seçin.,
ui_select_an_option_08d7aa3,string,,Select an option,Bir seçenek seçin,
ui_select_battery_devices_bfc9841,string,,Select Battery Devices,Pil Cihazlarını Seçin,
ui_select_battery_entities_b08b299,string,,Select Battery Entities,Pil Varlıklarını Seçin,
ui_select_battery_sensor_51f1222,string,,Select Battery Sensor,Pil Sensörünü Seçin,
ui_select_calendars_and_the_view_shown_first_d5c38b5,string,,Select calendars and the view shown first,Takvimleri ve ilk gösterilen görünümü seçin,
ui_select_calendars_e26b0da,string,,Select Calendars,Takvimleri Seçin,
ui_select_camera_70cf6fb,string,,Select Camera,Kamera Seç,
ui_select_climate_card_18f3b6e,string,,Select Climate Card,İklim Kartını Seçin,
ui_select_device_87a4751,string,,Select Device,Cihaz Seç,
ui_select_door_sensor_f345fbf,string,,Select Door Sensor,Kapı Sensörünü Seçin,
ui_select_empty_bin_control_d992252,string,,Select Empty Bin Control,Boş Depo Denetimini Seçin,
ui_select_energy_card_9b5bf0c,string,,Select Energy Card,Enerji Kartını Seçin,
ui_select_entities_affed45,string,,Select Entities,Varlıkları Seçin,
ui_select_entity_4b3713e,string,,Select Entity,Varlık Seçin,
ui_select_forecast_entities_f0ec511,string,,Select Forecast Entities,Tahmin Varlıklarını Seçin,
ui_select_humidity_sensor_8192d0e,string,,Select Humidity Sensor,Nem Sensörünü Seçin,
ui_select_map_camera_d5ae262,string,,Select Map Camera,Harita Kamerasını Seçin,
ui_select_media_player_73f4f5b,string,,Select Media Player,Medya Oynatıcıyı Seçin,
ui_select_media_players_e0da90e,string,,Select Media Players,Medya Oynatıcıları Seçin,
ui_select_outside_3593063,string,,Select outside %1$s,%1$s dışını seçin,keep %1$s
ui_select_running_state_entity_136482a,string,,Select running-state entity,Çalışan durum varlığını seç,
ui_select_sensor_2564e1a,string,,Select Sensor,Sensörü Seçin,
ui_select_sensors_5141d75,string,,Select Sensors,Sensörleri Seçin,
ui_select_speed_control_20f7efa,string,,Select speed control,Hız kontrolünü seçin,
ui_select_target_entity_654e6ac,string,,Select Target Entity,Hedef Varlığı Seçin,
ui_select_temperature_sensor_821f54c,string,,Select Temperature Sensor,Sıcaklık Sensörünü Seçin,
ui_select_the_alarm_panels_summarized_by_this_pill_f9b23e6,string,,Select the alarm panels summarized by this pill,Bu hapta özetlenen alarm panellerini seçin,
ui_select_to_auto_detect_map_battery_and_controls_72bc9d7,string,,"Select to auto-detect map, battery and controls","Haritayı, pili ve kontrolleri otomatik olarak algılamak için seçin",
ui_select_to_auto_fill_helper_entities_below_84a8833,string,,Select to auto-fill helper entities below,Aşağıdaki yardımcı varlıkları otomatik doldurmak için seçin,
ui_select_vacuum_4663021,string,,Select Vacuum,Vakum Seçin,
ui_select_vacuum_entity_dbda6f4,string,,Select Vacuum Entity,Vakum Varlığını Seçin,
ui_select_vacuums_7c2d22a,string,,Select Vacuums,Elektrikli Süpürgeleri Seçin,
ui_select_waste_sensors_6006d5f,string,,Select Waste Sensors,Atık Sensörlerini Seçin,
ui_select_water_level_562845a,string,,Select Water Level,Su Seviyesini Seçin,
ui_select_weather_2357e9d,string,,Select Weather,Hava Durumu Seçin,
ui_select_weather_entity_d489986,string,,Select Weather Entity,Hava Durumu Varlığını Seçin,
ui_select_week_calendar_640f382,string,,Select Week Calendar,Hafta Takvimini Seçin,
ui_selected_61ed328,string,,%1$s selected,%1$s seçildi,keep %1$s
ui_selected_b82aaa5,string,,%1$s · Selected,%1$s · Seçildi,keep %1$s
ui_selected_for_this_card_3c4a588,string,,%1$s selected for this card,Bu kart için %1$s seçildi,keep %1$s
ui_sensor_620ec21,string,,%1$s sensor%2$s,%1$s sensör%2$s,keep %1$s %2$s
ui_sensor_efb9fbf,string,,SENSOR,SENSÖR,
ui_sensor_graphs_5eb3573,string,,Sensor Graphs,Sensör Grafikleri,
ui_sensor_picture_c3a0ed2,string,,Sensor picture,Sensör resmi,
ui_sensors_711bf35,string,,Sensors,Sensörler,
ui_sensors_and_an_optional_week_calendar_399bad3,string,,Sensors and an optional week calendar,Sensörler ve isteğe bağlı haftalık takvim,
ui_sensors_are_found_automatically_by_device_class_add_sensor_150bab5,string,,%1$s sensors are found automatically by device class; add sensors missing that class here.,%1$s sensörleri cihaz sınıfına göre otomatik olarak bulunur; o sınıfın eksik olduğu sensörleri buraya ekleyin.,keep %1$s
ui_separate_commercial_content_0408620,string,,Separate commercial content,Ayrı ticari içerik,
ui_server_url_1d5d1ef,string,,Server URL,Sunucu URL'si,
ui_services_data_7864c0a,string,,Services & data,Hizmetler ve veriler,
ui_session_f7f1997,string,,Session,Oturum,
ui_set_448ab73,string,,Set,Ayarlamak,
ui_set_a_rain_map_image_url_in_this_widget_03729b8,string,,Set a rain map image URL in this widget's settings,Bu widget'ın ayarlarında bir yağmur haritası resmi URL'si ayarlayın,
ui_set_the_control_style_for_every_thermostat_on_this_de5cd1e,string,,Set the control style for every thermostat on this Climate page. Standalone climate widgets keep their own layout settings.,Bu İklim sayfasında her termostat için kontrol stilini ayarlayın. Bağımsız iklim widget'ları kendi düzen ayarlarını korur.,
ui_set_what_each_person_may_do_per_user_like_aa86ea2,string,,"Set what each person may do — per user, like the hidden views above. These apply when they use a dashboard you shared.","Yukarıdaki gizli görünümler gibi, her bir kişinin kullanıcı başına ne yapabileceğini ayarlayın. Bunlar, paylaştığınız bir kontrol panelini kullandıklarında geçerlidir.",
ui_settings_c7f73bb,string,,Settings,Ayarlar,
ui_setup_changed_b184bf0,string,,Setup changed,Kurulum değiştirildi,
ui_setup_progress_1a8adef,string,,Setup progress,Kurulum ilerlemesi,
ui_shape_and_width_on_the_dashboard_c89fefa,string,,Shape and width on the dashboard,Gösterge tablosunun şekli ve genişliği,
ui_shape_ea5c1a2,string,,Shape,Şekil,
ui_shape_visible_information_and_icon_behavior_63dec1c,string,,"Shape, visible information, and icon behavior","Şekil, görünür bilgiler ve simge davranışı",
ui_share_09ca55c,string,,Share,Paylaşmak,
ui_share_b300e5f,string,,"Share ""%1$s""","""%1$s"" paylaş",keep %1$s
ui_share_dashboards_0917ff1,string,,Share dashboards,Kontrol panellerini paylaşın,
ui_shared_dashboard_86876c0,string,,Shared dashboard,Paylaşılan kontrol paneli,
ui_shared_with_me_f40ca84,string,,Shared with me,Benimle paylaştı,
ui_sharing_ad00590,string,,Sharing…,Paylaşılıyor…,
ui_show_a_descending_timer_when_the_value_is_a_1ae7350,string,,"Show a descending timer when the value is a completion time (e.g. a washer/dryer finish time). Active while counting, off at zero.","Değer bir tamamlanma süresi olduğunda (örneğin, yıkayıcı/kurutucunun bitiş zamanı) azalan bir zamanlayıcı gösterin. Sayarken aktif, sıfırda kapalı.",
ui_show_a_live_radar_rain_map_card_a_camera_a0e11c8,string,,Show a live radar/rain map card — a camera entity or an embedded web page (iframe),Canlı bir radar/yağmur haritası kartını gösterin — bir kamera varlığı veya yerleşik bir web sayfası (iframe),
ui_show_activity_badge_f5d56bb,string,,Show activity badge,Etkinlik rozetini göster,
ui_show_badge_bar_827499b,string,,Show badge bar,Rozet çubuğunu göster,
ui_show_flows_button_9e888be,string,,Show flows button,Akışları göster düğmesi,
ui_show_global_search_e7aefbe,string,,Show global search,Genel aramayı göster,
ui_show_group_380c43e,string,,Show group,Grubu göster,
ui_show_in_header_43f0dfd,string,,Show in header,Başlıkta göster,
ui_show_persons_c4e81a0,string,,Show persons,Kişileri göster,
ui_show_the_automations_flows_button_16254ce,string,,Show the automations (flows) button,Otomasyonlar (akışlar) düğmesini göster,
ui_show_the_entity_s_state_or_one_of_its_1008a4d,string,,"Show the entity's state, or one of its attributes instead",Bunun yerine varlığın durumunu veya özelliklerinden birini gösterin,
ui_show_the_entity_s_state_or_one_of_its_e721168,string,,"Show the entity's state, or one of its attributes instead.",Bunun yerine varlığın durumunu veya özelliklerinden birini gösterin.,
ui_show_the_global_search_button_0517d8b,string,,Show the global search button,Genel arama düğmesini göster,
ui_show_widget_name_5ad7fc9,string,,Show widget name,Widget adını göster,
ui_shown_b1015a1,string,,%1$s shown,%1$s gösteriliyor,keep %1$s
ui_shows_an_icon_matching_the_waste_type_gft_pmd_1966fe0,string,,"Shows an icon matching the waste type (GFT, PMD, paper, …).","Atık türüne (GFT, PMD, kağıt,…) uygun bir simge gösterir.",
ui_side_split_alignment_b9c5399,string,,Side (split alignment),Yan (bölünmüş hizalama),
ui_sign_out_safely_or_reset_this_installation_681fac2,string,,Sign out safely or reset this installation,Güvenli bir şekilde çıkış yapın veya bu kurulumu sıfırlayın,
ui_signing_you_in_10d0636,string,,Signing you in…,Oturumunuz açılıyor…,
ui_size_shape_and_artwork_4bb38bb,string,,"Size, shape, and artwork","Boyut, şekil ve sanat eseri",
ui_size_shape_and_background_24dd9b6,string,,"Size, shape, and background","Boyut, şekil ve arka plan",
ui_snapshot_b08ae37,string,,Snapshot,Anlık Görüntü,
ui_solar_0e26539,string,,Solar,Güneş enerjisi,
ui_solar_noon_599372c,string,,Solar noon %1$s,Güneşli öğle vakti %1$s,keep %1$s
ui_sort_d5f73d6,string,,Sort: %1$s,Sırala: %1$s,keep %1$s
ui_source_and_card_refresh_behavior_0a26324,string,,Source and card refresh behavior,Kaynak ve kart yenileme davranışı,
ui_source_device_4ddad2a,string,,Source device,Kaynak cihazı,
ui_span_badges_58c73f2,string,,Span badges,Aralık rozetleri,
ui_speed_265ffc5,string,,SPEED,HIZ,
ui_speed_control_89a2786,string,,Speed control,Hız kontrolü,
ui_spin_a801301,string,,spin,döndürmek,
ui_square_82810cb,string,,Square,Kare,
ui_stack_cards_8bdc343,string,,Stack Cards,Yığın Kartları,
ui_stack_layout_1623679,string,,Stack layout,Yığın düzeni,
ui_stack_name_7507e93,string,,Stack name,Yığın adı,
ui_stack_page_3d91ce9,string,,stack_page,yığın_sayfası,
ui_stack_title_46ccc2d,string,,Stack title,Yığın başlığı,
ui_stack_title_cc2f1ed,string,,Stack Title,Yığın Başlığı,
ui_stacks_249f056,string,,Stacks,Yığınlar,
ui_standard_2dfa660,string,,Standard,Standart,
ui_start_24758a5,string,,Start: %1$s,Başlangıç: %1$s,keep %1$s
ui_start_empty_25336ee,string,,Start empty,Boş başla,
ui_start_empty_888db50,string,,Start Empty,Boş Başlat,
ui_start_new_dashboard_8c71127,string,,Start new dashboard?,Yeni kontrol paneli başlatılsın mı?,
ui_start_with_a_useful_recipe_then_adjust_each_step_d560a2a,string,,"Start with a useful recipe, then adjust each step","Yararlı bir tarifle başlayın, ardından her adımı ayarlayın",
ui_state_a725020,string,,State,Durum,
ui_state_bef84bb,string,,STATE,DURUM,
ui_state_text_6749c0a,string,,State text,Durum metni,
ui_stream_df06386,string,,Stream,Aktarım,
ui_style_99a0efc,string,,Style,Stil,
ui_sunrise_and_sunset_data_unavailable_3295324,string,,Sunrise and sunset data unavailable,Gün doğumu ve gün batımı verileri mevcut değil,
ui_sunrise_fadf71c,string,,Sunrise,Gündoğumu,
ui_sunset_181bcd5,string,,Sunset,Gün batımı,
ui_support_f32d5a3,string,,Support,Destek,
ui_support_via_buy_me_a_coffee_d7dadd1,string,,Support via Buy Me a Coffee,Bana Bir Kahve Al aracılığıyla destek,
ui_support_via_paypal_7184a5d,string,,Support via PayPal,PayPal aracılığıyla destek,
ui_support_without_premium_0a4aebd,string,,Support without Premium,Premium olmadan destek,
ui_supports_headings_lists_quotes_code_bold_italic_code_strik_e295744,string,,"Supports # headings, lists, > quotes, ``` code, **bold**, *italic*, `code`, ~~strike~~ and [links](https://…).","# başlık, liste, > tırnak işareti, ``` kod, **kalın**, *italik*, `kod`, ~~strike~~ ve [bağlantılar](https://…) destekler.",
ui_swing_65d8d45,string,,Swing,Sallanmak,
ui_swing_horizontal_c166cda,string,,Swing (horizontal),Salıncak (yatay),
ui_swipe_left_from_the_upper_right_edge_of_a_416c467,string,,Swipe left from the upper-right edge of a page header to switch homes at any time.,İstediğiniz zaman ana sayfalar arasında geçiş yapmak için sayfa başlığının sağ üst kenarından sola kaydırın.,
ui_switch_b02cbd9,string,,SWITCH,ANAHTAR,
ui_switch_home_e6ceda2,string,,Switch home,Eve geçiş yap,
ui_system_dark_theme_c7e4ff9,string,,System Dark Theme,Sistem Koyu Teması,
ui_system_light_theme_5bc7623,string,,System Light Theme,Sistem Işık Teması,
ui_systems_idle_584a6f0,string,,Systems idle,Sistemler boşta,
ui_t_c2c53d6,string,,T,T,
ui_tabs_and_media_controls_shown_throughout_the_app_5d9c1ff,string,,Tabs and media controls shown throughout the app,Uygulama genelinde gösterilen sekmeler ve medya kontrolleri,
ui_tap_here_or_use_the_button_while_edit_mode_8baf490,string,,Tap here or use the + button while edit mode is active to add widgets to this stack.,Bu yığına widget eklemek için buraya dokunun veya düzenleme modu etkinken + düğmesini kullanın.,
ui_tap_here_or_use_the_button_while_edit_mode_b06aac5,string,,Tap here or use the + button while edit mode is active to add entities to this stack.,Bu yığına varlık eklemek için buraya dokunun veya düzenleme modu etkinken + düğmesini kullanın.,
ui_tap_hold_and_dialog_quick_actions_2052817,string,,"Tap, hold, and dialog quick actions","Hızlı eylemlere dokunun, basılı tutun ve diyalog kurun",
ui_tap_share_to_publish_or_update_d185341,string,,Tap Share to publish or update,Yayınlamak veya güncellemek için Paylaş'a dokunun,
ui_tap_to_add_a_weather_card_a3508a9,string,,Tap + to add a weather card,Hava durumu kartı eklemek için +'ya dokunun,
ui_tap_to_load_0c49cab,string,,Tap to load,Yüklemek için dokunun,
ui_tap_x_to_restore_an_entity_to_the_battery_ad0eb75,string,,Tap X to restore an entity to the battery page.,Bir varlığı pil sayfasına geri yüklemek için X'e dokunun.,
ui_target_49d76ad,string,,TARGET (%1$s–%2$s%%),HEDEF (%1$s–%2$s%%),keep %1$s %2$s
ui_target_61ad50a,string,,Target,Hedef,
ui_target_entity_optional_cdb68af,string,,Target entity (optional),Hedef varlık (isteğe bağlı),
ui_target_f762108,string,,TARGET,HEDEF,
ui_technology_d018b08,string,,Technology,Teknoloji,
ui_temperature_0a9062a,string,,Temperature,Sıcaklık,
ui_temperature_and_humidity_sources_for_the_room_8960580,string,,Temperature and humidity sources for the room,Odanın sıcaklık ve nem kaynakları,
ui_temperature_cc6906a,string,,TEMPERATURE,SICAKLIK,
ui_temperature_sensor_graphed_in_activity_1088c3d,string,,Temperature sensor (graphed in Activity),Sıcaklık sensörü (Etkinlik bölümünde grafikle gösterilmiştir),
ui_text_054812c,string,,%1$s +%2$s,%1$s +%2$s,keep %1$s %2$s
ui_text_0726b05,string,,%1$s%2$s,%1$s%2$s,keep %1$s %2$s
ui_text_16b6ffd,string,,-%1$s,-%1$s,keep %1$s
ui_text_2cd9114,string,,%1$s (%2$s),%1$s (%2$s),keep %1$s %2$s
ui_text_2fb8748,string,,%1$s · ,%1$s ·,keep %1$s; keep the space at the start/end
ui_text_33e0751,string,,.%1$s,.%1$s,keep %1$s
ui_text_42cae2b,string,,  %1$s°,%1$s°,keep %1$s; keep the space at the start/end
ui_text_4ad598c,string,, · %1$s%%,· %1$s%%,keep %1$s; keep the space at the start/end
ui_text_5256c76,string,,↑ %1$s,↑ %1$s,keep %1$s
ui_text_59f6071,string,,%1$s - %2$s,%1$s - %2$s,keep %1$s %2$s
ui_text_68fdf13,string,,%1$s.,%1$s.,keep %1$s
ui_text_78c505f,string,,%1$s %2$s,%1$s %2$s,keep %1$s %2$s
ui_text_7c73907,string,,↓ %1$s,↓ %1$s,keep %1$s
ui_text_7f1f581,string,,%1$s°,%1$s°,keep %1$s
ui_text_89a38e4,string,,%1$s…,%1$s…,keep %1$s
ui_text_8f71dfd,string,,%1$s. %2$s,%1$s. %2$s,keep %1$s %2$s
ui_text_96dfbd3,string,,%1$s: %2$s%3$s,%1$s: %2$s%3$s,keep %1$s %2$s %3$s
ui_text_9704d5c,string,,%1$s/%2$s - ,%1$s/%2$s -,keep %1$s %2$s; keep the space at the start/end
ui_text_98d3f75,string,,✓ %1$s,✓ %1$s,keep %1$s
ui_text_9e5a283,string,,%1$s×,%1$s×,keep %1$s
ui_text_a105b80,string,,%1$s/%2$s,%1$s/%2$s,keep %1$s %2$s
ui_text_be10035,string,, · %1$s,· %1$s,keep %1$s; keep the space at the start/end
ui_text_c1aacd9,string,,%1$s · %2$s,%1$s · %2$s,keep %1$s %2$s
ui_text_c3328c3,string,,Text,Metin,
ui_text_c79f712,string,,%1$s,%1$s,keep %1$s
ui_text_cc9d930,string,,%1$s — %2$s %3$s,%1$s — %2$s %3$s,keep %1$s %2$s %3$s
ui_text_df0282e,string,,%1$s: %2$s,%1$s: %2$s,keep %1$s %2$s
ui_text_f168b71,string,,+%1$s,+%1$s,keep %1$s
ui_text_fc9db15,string,,%1$s%%,%1$s%%,keep %1$s
ui_text_size_boldness_and_font_family_365f489,string,,"Text size, boldness and font family","Metin boyutu, kalınlık ve yazı tipi ailesi",
ui_that_profile_35adbf0,string,,that profile,o profil,
ui_the_effect_used_when_a_button_s_animation_is_7cce891,string,,"The effect used when a button's animation is set to ""Auto"". You can still override any individual button.","Bir düğmenin animasyonu ""Otomatik"" olarak ayarlandığında kullanılan efekt. Yine de herhangi bir düğmeyi geçersiz kılabilirsiniz.",
ui_the_exact_dates_you_pick_leave_a_bound_as_19357e8,string,,"The exact dates you pick. Leave a bound as ""Any"" for an open-ended range.","Seçtiğiniz kesin tarihler. Açık uçlu bir aralık için sınırı ""Herhangi biri"" olarak bırakın.",
ui_the_heading_shown_between_dashboard_sections_b03805f,string,,The heading shown between dashboard sections,Kontrol paneli bölümleri arasında gösterilen başlık,
ui_the_hki_7_community_source_code_is_free_and_f4f3f51,string,,"The HKI 7 community source code is free and open source under the Mozilla Public License 2.0. You may use, study, modify, and redistribute it. When you distribute modified MPL-covered files, those files and their source must remain available under MPL-2.0.","HKI 7 topluluğu kaynak kodu, Mozilla Kamu Lisansı 2.0 kapsamında ücretsiz ve açık kaynaktır. Onu kullanabilir, inceleyebilir, değiştirebilir ve yeniden dağıtabilirsiniz. Değiştirilmiş MPL kapsamındaki dosyaları dağıttığınızda, bu dosyalar ve bunların kaynakları MPL-2.0 altında mevcut kalmalıdır.",don't translate HKI 7
ui_the_hki_7_name_and_logos_are_project_trademarks_985ffec,string,,"The HKI 7 name and logos are project trademarks and are not granted for misleading redistribution. Home Assistant and other third-party names, libraries, fonts, and artwork remain subject to their respective licenses and trademarks. The software is provided without warranty, as described by MPL-2.0.","HKI 7 adı ve logoları projenin ticari markalarıdır ve yanıltıcı yeniden dağıtım için verilmemiştir. Home Assistant ve diğer üçüncü taraf adları, kitaplıkları, yazı tipleri ve çizimleri ilgili lisanslara ve ticari markalara tabi olmaya devam edecektir. Yazılım, MPL-2.0'da açıklandığı gibi garanti olmaksızın sağlanır.","don't translate Home Assistant, HKI 7"
ui_the_interface_is_built_with_jetpack_compose_coroutines_and_fe7f52d,string,,"The interface is built with Jetpack Compose. Coroutines and Flow handle live state, while JSON and YAML-compatible data keep HKI 7 connected with Home Assistant.","Arayüz Jetpack Compose ile oluşturulmuştur. Coroutines ve Flow canlı durumu yönetirken, JSON ve YAML uyumlu veriler HKI 7'nin Home Assistant'a bağlı kalmasını sağlar.","don't translate Home Assistant, HKI 7"
ui_the_open_source_community_core_remains_usable_without_prem_d83ff8a,string,,The open-source community core remains usable without Premium. Premium purchases fund extra visual content and continued development; they do not remove the freedoms granted for MPL-covered files.,Açık kaynak topluluk çekirdeği Premium olmadan da kullanılabilir. Premium satın alımlar ekstra görsel içeriğe ve sürekli gelişime fon sağlar; MPL kapsamındaki dosyalar için verilen özgürlükleri kaldırmazlar.,
ui_the_page_starts_empty_with_its_own_header_and_5a325c0,string,,"The page starts empty with its own header and page settings, while keeping the Home widget catalogue.","Sayfa, Ana pencere öğesi kataloğunu korurken, kendi başlığı ve sayfa ayarlarıyla boş başlar.",
ui_the_quick_brown_fox_jumps_over_the_lazy_dog_2204ad2,string,,The quick brown fox jumps over the lazy dog — 0123456789,Hızlı kahverengi tilki tembel köpeğin üzerinden atlıyor — 0123456789,
ui_the_room_header_and_card_show_a_single_player_3e24a17,string,,"The room header and card show a single player's media, or an active-player count when multiple players are selected.","Oda başlığı ve kart, tek bir oyuncunun medyasını veya birden fazla oyuncu seçildiğinde aktif oyuncu sayısını gösterir.",
ui_the_text_shown_on_the_dashboard_fff5c98,string,,The text shown on the dashboard,Kontrol panelinde gösterilen metin,
ui_the_web_page_shown_on_this_card_ce97bfd,string,,The web page shown on this card,Bu kartta gösterilen web sayfası,
ui_theme_a797e30,string,,Theme,Tema,
ui_theme_and_navigation_bar_474ee6b,string,,Theme and navigation bar,Tema ve gezinme çubuğu,
ui_thermostat_dial_e6af91b,string,,Thermostat dial,Termostat kadranı,
ui_thermostats_601da0c,string,,Thermostats,Termostatlar,
ui_thermostats_ac_7d2ace4,string,,Thermostats & AC,Termostatlar ve Klima,
ui_these_are_stored_in_the_cloud_import_one_to_558c62d,string,,"These are stored in the cloud. Import one to edit or re-share it, or delete it to remove it from everyone. Your edits are also pushed automatically when you open the app.",Bunlar bulutta depolanır. Düzenlemek veya yeniden paylaşmak için bir tanesini içe aktarın ya da herkesten kaldırmak için silin. Uygulamayı açtığınızda düzenlemeleriniz de otomatik olarak aktarılır.,
ui_these_links_open_in_your_browser_tips_do_not_049b881,string,,These links open in your browser. Tips do not unlock Premium features and do not create an obligation to provide individual support.,Bu bağlantılar tarayıcınızda açılır. İpuçları Premium özelliklerin kilidini açmaz ve bireysel destek sağlama zorunluluğu yaratmaz.,
ui_these_permissions_are_optional_and_can_be_changed_later_aa7a106,string,,These permissions are optional and can be changed later in Android Settings.,Bu izinler isteğe bağlıdır ve daha sonra Android Ayarları'ndan değiştirilebilir.,
ui_thin_100_9e7a443,string,,Thin (-100),İnce (-100),
ui_thinner_200_6ae7a6f,string,,Thinner (-200),Daha İnce (-200),
ui_this_action_does_not_use_an_entity_target_5952444,string,,This action does not use an entity target.,Bu eylem bir varlık hedefi kullanmaz.,
ui_this_action_has_no_required_target_or_additional_fields_987a410,string,,This action has no required target or additional fields.,Bu eylemin gerekli hedefi veya ek alanları yok.,
ui_this_automation_is_managed_outside_home_assistant_s_ui_89d26f5,string,,"This automation is managed outside Home Assistant's UI (usually YAML). HKI7 can show it, but will not overwrite it.","Bu otomasyon, Home Assistant'ın kullanıcı arayüzünün (genellikle YAML) dışında yönetilir. HKI7 bunu gösterebilir ancak üzerine yazmaz.","don't translate Home Assistant, HKI7"
ui_this_card_uses_its_own_entities_e572388,string,,This card uses its own entities,Bu kart kendi varlıklarını kullanıyor,
ui_this_dashboard_is_currently_being_generated_from_home_assi_470200d,string,,This dashboard is currently being generated from Home Assistant. You can edit rooms as soon as the one-time import finishes.,Bu kontrol paneli şu anda Home Assistant'tan oluşturuluyor. Tek seferlik içe aktarma işlemi biter bitmez odaları düzenleyebilirsiniz.,don't translate Home Assistant
ui_this_entity_2ddd36d,string,,This entity,Bu varlık,
ui_this_entity_has_no_attributes_to_show_b09f4c9,string,,This entity has no attributes to show.,Bu varlığın gösterilecek özelliği yok.,
ui_this_light_is_paused_for_manual_control_706bffa,string,,This light is paused for manual control.,Bu ışık manuel kontrol için duraklatılır.,
ui_this_name_is_used_when_the_device_registers_with_8aba2f2,string,,This name is used when the device registers with Home Assistant.,"Bu ad, cihaz Ev Asistanı'na kaydolduğunda kullanılır.",don't translate Home Assistant
ui_this_permanently_removes_this_dashboard_and_its_room_and_8087734,string,,This permanently removes this dashboard and its room and page configuration.,"Bu işlem, bu kontrol panelini ve oda ve sayfa yapılandırmasını kalıcı olarak kaldırır.",
ui_this_removes_all_imported_battery_entities_from_this_view_7a74283,string,,This removes all imported battery entities from this view.,"Bu, içe aktarılan tüm pil varlıklarını bu görünümden kaldırır.",
ui_this_removes_all_imported_climate_entities_from_this_view_713f511,string,,This removes all imported climate entities from this view.,"Bu, içe aktarılan tüm iklim varlıklarını bu görünümden kaldırır.",
ui_this_removes_all_imported_energy_entities_from_this_view_7397917,string,,This removes all imported energy entities from this view.,"Bu, içe aktarılan tüm enerji varlıklarını bu görünümden kaldırır.",
ui_this_removes_all_imported_rooms_and_floors_from_this_d1cbbff,string,,This removes all imported rooms and floors from this view.,"Bu, içe aktarılan tüm odaları ve katları bu görünümden kaldırır.",
ui_this_removes_all_imported_security_entities_from_this_view_6443e5c,string,,This removes all imported security entities from this view.,"Bu, içe aktarılan tüm güvenlik varlıklarını bu görünümden kaldırır.",
ui_this_removes_its_login_mobile_app_registration_details_and_69afc19,string,,"This removes its login, mobile-app registration details, and HKI dashboards from this device. The Home Assistant server itself is not changed.","Bu, giriş bilgilerini, mobil uygulama kayıt ayrıntılarını ve HKI kontrol panellerini bu cihazdan kaldırır. Home Assistant sunucusunun kendisi değişmedi.",don't translate Home Assistant
ui_this_removes_the_native_automation_from_home_assistant_thi_2a48e1a,string,,This removes the native automation from Home Assistant. This cannot be undone from HKI7.,"Bu, yerel otomasyonu Home Assistant'tan kaldırır. Bu HKI7'den geri alınamaz.","don't translate Home Assistant, HKI7"
ui_this_removes_the_shared_dashboard_from_the_cloud_for_4bab01c,string,,This removes the shared dashboard from the cloud for everyone. People currently using it fall back to an auto-generated dashboard. Their local copies aren't touched until they next open the app.,"Bu, paylaşılan kontrol panelini herkes için buluttan kaldırır. Şu anda onu kullanan kişiler otomatik olarak oluşturulan bir kontrol paneline geri dönüyor. Uygulamayı bir sonraki açana kadar yerel kopyalarına dokunulmaz.",
ui_this_runs_on_a_small_free_home_assistant_add_f46f2e3,string,,"This runs on a small, free Home Assistant add-on (the HKI 7 Cloud component). It isn't on HACS by default yet, so add it as a custom repository — the app then handles everything else.","Bu, küçük, ücretsiz bir Ev Asistanı eklentisinde (HKI 7 Bulut bileşeni) çalışır. Henüz varsayılan olarak HACS'ta değildir, bu nedenle onu özel bir depo olarak ekleyin; uygulama daha sonra geri kalan her şeyi halleder.","don't translate HKI 7 Cloud, Home Assistant"
ui_this_source_code_form_is_subject_to_the_terms_c8e4e24,string,,"This Source Code Form is subject to the terms of the Mozilla Public License, v. 2.0. If a copy of the MPL was not distributed with this file, you can obtain one at mozilla.org/MPL/2.0/.","Bu Kaynak Kodu Formu, Mozilla Kamu Lisansı v. 2.0'ın şartlarına tabidir. MPL'nin bir kopyası bu dosyayla birlikte dağıtılmadıysa mozilla.org/MPL/2.0/ adresinden bir tane edinebilirsiniz.",
ui_this_stack_has_no_items_0f92c8d,string,,This stack has no items.,Bu yığında öğe yok.,
ui_this_travels_with_the_dashboard_so_cloud_backups_and_1dd603d,string,," This travels with the dashboard, so cloud backups and family sharing keep it.","Bu, kontrol paneliyle birlikte seyahat eder, böylece bulut yedeklemeleri ve aile paylaşımı onu korur.",keep the space at the start/end
ui_tile_2dd2c66,string,,Tile,Fayans,
ui_tilt_aceae6f,string,,TILT,EĞİM,
ui_time_6c82e6d,string,,Time,Zaman,
ui_time_range_9257117,string,,Time Range,Zaman Aralığı,
ui_title_768e0c1,string,,Title,Başlık,
ui_title_collapse_behavior_and_dashboard_width_a64a590,string,,"Title, collapse behavior, and dashboard width","Başlık, daraltma davranışı ve kontrol paneli genişliği",
ui_title_collapse_behavior_and_width_dd2b475,string,,"Title, collapse behavior, and width","Başlık, daraltma davranışı ve genişlik",
ui_title_optional_932fc13,string,,Title (optional),Başlık (isteğe bağlı),
ui_title_width_and_icon_41ec073,string,,"Title, width, and icon","Başlık, genişlik ve simge",
ui_to_state_2a995a1,string,,To state,belirtmek,
ui_today_24345a1,string,,Today,Bugün,
ui_tomorrow_1948bf2,string,,Tomorrow,Yarın,
ui_top_consumers_0199dbf,string,,Top consumers,En çok tüketenler,
ui_tracking_number_4e40c54,string,,Tracking number,Takip numarası,
ui_try_again_042c862,string,,Try again,Tekrar deneyin,
ui_try_the_demo_home_no_server_needed_bc58247,string,,Try the demo home — no server needed,Demo ana sayfasını deneyin; sunucuya gerek yok,
ui_turn_off_all_3a7a2b0,string,,Turn off all,Hepsini kapat,
ui_turn_on_a5aa418,string,,Turn On,Aç,
ui_turn_the_light_on_to_access_controls_25f4ad6,string,,Turn the light on to access controls,Kontrollere erişmek için ışığı açın,
ui_turn_the_notification_connection_channel_off_on_the_next_cdddec0,string,,"Turn the ""Notification connection"" channel off on the next screen — the connection keeps working, only its notification disappears.","Bir sonraki ekranda ""Bildirim bağlantısı"" kanalını kapatın; bağlantı çalışmaya devam eder, yalnızca bildirimi kaybolur.",
ui_two_rows_1b1737f,string,,Two rows,İki satır,
ui_type_3deb745,string,,Type,Tip,
ui_type_icon_839142a,string,,Type icon,Yazım simgesi,
ui_unable_to_connect_8207f1b,string,,Unable to connect,Bağlantı kurulamıyor,
ui_unit_f6b935a,string,,Unit,Birim,
ui_unknown_bc7819b,string,,Unknown,Bilinmiyor,
ui_unknown_energy_card_b8e46de,string,,Unknown energy card: %1$s,Bilinmeyen enerji kartı: %1$s,keep %1$s
ui_unlock_1526a17,string,,Unlock,Kilidi aç,
ui_unlock_button_ad521c4,string,,Unlock button,Kilit açma düğmesi,
ui_unlock_method_dff380e,string,,Unlock method,Kilit açma yöntemi,
ui_unlocked_b3da702,string,,Unlocked,Kilidi açık,
ui_unrestricted_background_cebdb1e,string,,Unrestricted background,Sınırsız arka plan,
ui_untitled_621521f,string,,Untitled,İsimsiz,
ui_untitled_event_ef8d264,string,,Untitled event,Başlıksız etkinlik,
ui_upcoming_523baab,string,,Upcoming,Yaklaşan,
ui_update_fb91e24,string,,Update,Güncelleme,
ui_update_location_now_d338c2c,string,,Update Location Now,Konumu Şimdi Güncelle,
ui_updated_62d2331,string,,Updated %1$s,Güncellendi %1$s,keep %1$s
ui_url_https_a1a19ec,string,,URL (https://…),URL'si (https://…),
ui_usage_overview_fc2eefc,string,,Usage overview,Kullanıma genel bakış,
ui_use_1d4d43c,string,,Use,Kullanmak,
ui_use_a_dashboard_an_admin_has_shared_with_you_8b1cfdb,string,,Use a dashboard an admin has shared with you.,Bir yöneticinin sizinle paylaştığı kontrol panelini kullanın.,
ui_use_a_family_shared_dashboard_9b8ab51,string,,Use a family shared dashboard,Aile tarafından paylaşılan bir kontrol paneli kullanın,
ui_use_a_recognizable_name_such_as_kitchen_tablet_or_ca9f431,string,,"Use a recognizable name, such as ‘Kitchen tablet’ or ‘Jimmy’s phone’.",'Mutfak tableti' veya 'Jimmy'nin telefonu' gibi tanınabilir bir ad kullanın.,
ui_use_family_shared_dashboard_28e06c2,string,,Use family shared dashboard,Aile tarafından paylaşılan kontrol panelini kullanın,
ui_used_6a4ebbf,string,,Used %1$s,Tüketim: %1$s,keep %1$s
ui_uses_hki_7_s_private_google_drive_storage_enable_0559ced,string,,Uses HKI 7's private Google Drive storage. Enable it once to create an immediate backup and then back up automatically every day.,HKI 7'nin özel Google Drive depolama alanını kullanır. Anında yedekleme oluşturmak ve ardından her gün otomatik olarak yedeklemek için bunu bir kez etkinleştirin.,"don't translate Google Drive, HKI 7"
ui_uses_the_sun_entity_configured_in_weather_settings_e580a39,string,,Uses the Sun entity configured in Weather settings.,Hava Durumu ayarlarında yapılandırılan Güneş varlığını kullanır.,
ui_using_a_shared_dashboard_applies_the_permissions_the_admin_a337a76,string,,Using a shared dashboard applies the permissions the admin set for it.,"Paylaşılan bir kontrol panelinin kullanılması, yöneticinin kendisi için ayarladığı izinleri uygular.",
ui_using_the_climate_view_s_entities_8befb0f,string,,Using the Climate view's entities,İklim görünümünün varlıklarını kullanma,
ui_using_the_energy_view_s_entities_7ca9bed,string,,Using the Energy view's entities,Enerji görünümünün varlıklarını kullanma,
ui_vacuum_5fe15df,string,,Vacuum,Robot süpürge,
ui_vacuum_device_3deae52,string,,Vacuum device,Vakum cihazı,
ui_vacuum_entities_c7da1d7,string,,Vacuum entities,Vakum varlıkları,
ui_vacuum_map_8236541,string,,Vacuum map,Vakum haritası,
ui_vacuum_stack_b93d3b7,string,,Vacuum Stack,Vakum Yığını,
ui_vertical_slider_e09cef1,string,,Vertical slider,Dikey kaydırıcı,
ui_view_on_github_0c77991,string,,View on GitHub,GitHub'da görüntüle,
ui_visibility_7d9ff4f,string,,Visibility,Görünürlük,
ui_visibility_alignment_and_overflow_behavior_467f44f,string,,"Visibility, alignment, and overflow behavior","Görünürlük, hizalama ve taşma davranışı",
ui_visibility_and_ordering_in_the_page_header_0f9e3d8,string,,Visibility and ordering in the page header,Sayfa başlığında görünürlük ve sıralama,
ui_visible_during_791f42c,string,,Visible during,Şu süre boyunca görünür:,
ui_visible_persons_4b7ae6c,string,,Visible persons,Görünür kişiler,
ui_visual_style_bc567f3,string,,Visual style,Görsel stil,
ui_w_e2415cb,string,,W,K,
ui_waiting_for_home_assistant_af224aa,string,,Waiting for Home Assistant,Ev Asistanını Bekliyorum,don't translate Home Assistant
ui_wallpaper_and_an_optional_custom_color_f4f12f1,string,,Wallpaper and an optional custom color,Duvar kağıdı ve isteğe bağlı özel renk,
ui_wallpaper_and_optional_custom_color_0dc6738,string,,Wallpaper and optional custom color,Duvar kağıdı ve isteğe bağlı özel renk,
ui_wallpaper_url_or_path_e208631,string,,Wallpaper URL or path,Duvar kağıdı URL'si veya yolu,
ui_waste_collection_7cdf205,string,,Waste Collection,Atık Toplama,
ui_waste_sensors_8bfd3ec,string,,Waste sensors,Atık sensörleri,
ui_watch_d91ebf5,string,,Watch,Kol saati,
ui_water_5480538,string,,Water: %1$s,Su: %1$s,keep %1$s
ui_water_de9b1be,string,,Water,su,
ui_water_level_optional_fallback_61b2be5,string,,Water level (optional fallback),Su seviyesi (isteğe bağlı geri dönüş),
ui_water_meters_imported_from_home_assistant_s_energy_dashboa_b1ac157,string,,Water meters imported from Home Assistant's Energy dashboard.,Ev Asistanının Enerji panosundan içe aktarılan su sayaçları.,don't translate Home Assistant
ui_we_ll_check_your_home_network_first_you_can_c7ca0f0,string,,We'll check your home network first; you can also enter an address,Önce ev ağınızı kontrol edeceğiz; ayrıca bir adres de girebilirsiniz,
ui_weather_284af3e,string,,Weather,Hava durumu,
ui_weather_card_0c6594c,string,,Weather Card,Hava Durumu Kartı,
ui_weather_details_bc94175,string,,Weather details,Hava durumu ayrıntıları,
ui_weather_entities_0a2c547,string,,Weather entities,Hava durumu varlıkları,
ui_weather_entity_402cbd9,string,,Weather entity,Hava durumu varlığı,
ui_weather_source_778baeb,string,,Weather source,Hava durumu kaynağı,
ui_weather_stack_4d4f763,string,,Weather Stack,Hava Yığını,
ui_weather_type_fe0b7cc,string,,Weather Type,Hava Durumu Türü,
ui_web_address_url_55052c9,string,,Web address (URL),Web adresi (URL),
ui_week_calendar_shown_in_the_dialog_6d4f28b,string,,Week calendar (shown in the dialog),Hafta takvimi (iletişim kutusunda gösterilir),
ui_welcome_to_hki_7_9e317bb,string,,Welcome to HKI 7,HKI 7'ye hoş geldiniz,don't translate HKI 7
ui_what_hki_7_is_and_how_it_is_built_247bace,string,,What HKI 7 is and how it is built,HKI 7 nedir ve nasıl inşa edilmiştir?,don't translate HKI 7
ui_what_it_does_ca032b5,string,,What it does,Ne işe yarar,
ui_what_s_new_4d8dc5f,string,,What's new,Ne var ne yok,
ui_when_769bb19,string,,When,Ne zaman,
ui_when_and_if_then_dd86ebe,string,,When · And if · Then,Ne zaman · Ve eğer · O zaman,
ui_when_reporting_a_problem_include_your_android_version_home_784a4e6,string,,"When reporting a problem, include your Android version, Home Assistant version, the affected entity or integration, and clear steps to reproduce it. Removing private URLs, tokens, names, and location data first helps keep support safe.","Bir sorunu bildirirken Android sürümünüzü, Home Assistant sürümünüzü, etkilenen varlığı veya entegrasyonu ekleyin ve sorunu yeniden oluşturmaya yönelik net adımları belirtin. Öncelikle özel URL'lerin, belirteçlerin, adların ve konum verilerinin kaldırılması, desteğin güvende kalmasına yardımcı olur.",don't translate Home Assistant
ui_when_the_value_is_a_completion_time_e_g_7dce367,string,,"When the value is a completion time (e.g. a washer/dryer finish time), show a descending timer. The button reads active while counting and turns off at zero.","Değer bir tamamlanma süresi olduğunda (örneğin, yıkayıcı/kurutucunun bitiş süresi), azalan bir zamanlayıcı gösterin. Buton sayarken aktif okur ve sıfırda kapanır.",
ui_widget_height_b26de24,string,,Widget height,Widget yüksekliği,
ui_widget_name_55e5340,string,,Widget name,Widget adı,
ui_widget_presentation_a3a8cdc,string,,Widget presentation,Widget sunumu,
ui_widget_width_1d89599,string,,Widget width,Widget genişliği,
ui_width_a58ddf5,string,,Width,Genişlik,
ui_width_and_height_6ed6746,string,,Width and height,Genişlik ve yükseklik,
ui_width_and_optional_icon_671e2ef,string,,Width and optional icon,Genişlik ve isteğe bağlı simge,
ui_width_columns_and_container_shape_984a191,string,,"Width, columns, and container shape","Genişlik, sütunlar ve kapsayıcı şekli",
ui_width_shape_and_collapse_behavior_7abc6f4,string,,"Width, shape, and collapse behavior","Genişlik, şekil ve çökme davranışı",
ui_wind_142b575,string,,Wind,Rüzgâr,
ui_worth_watching_a3d46c7,string,,Worth watching,İzlemeye değer,
ui_would_you_like_to_add_an_existing_camera_entity_00d5bc3,string,,Would you like to add an existing camera entity or a custom URL?,Mevcut bir kamera varlığını mı yoksa özel bir URL'yi mi eklemek istiyorsunuz?,
ui_write_the_information_shown_on_this_card_4ca5db7,string,,Write the information shown on this card,Bu kartta gösterilen bilgileri yazın,
ui_you_can_help_by_testing_new_builds_reporting_reproducible_5310461,string,,"You can help by testing new builds, reporting reproducible bugs, suggesting thoughtful improvements, helping with translations or documentation, sharing HKI 7 with other Home Assistant users, and giving constructive feedback.","Yeni yapıları test ederek, tekrarlanabilir hataları bildirerek, düşünceli iyileştirmeler önererek, çevirilere veya belgelere yardımcı olarak, HKI 7'yi diğer Ev Asistanı kullanıcılarıyla paylaşarak ve yapıcı geri bildirimde bulunarak yardımcı olabilirsiniz.","don't translate Home Assistant, HKI 7"
ui_you_re_exploring_the_built_in_sample_home_63c2ad1,string,,You're exploring the built-in sample home,Yerleşik örnek evi keşfediyorsunuz,
ui_your_automations_and_devices_will_be_unavailable_briefly_h_8a8572e,string,,Your automations and devices will be unavailable briefly. HKI7 will reconnect automatically when Home Assistant is ready.,Otomasyonlarınız ve cihazlarınız kısa süreliğine kullanılamayacak. Ev Asistanı hazır olduğunda HKI7 otomatik olarak yeniden bağlanacaktır.,"don't translate Home Assistant, HKI7"
ui_your_dashboard_is_ready_0719f75,string,,Your dashboard is ready,Kontrol paneliniz hazır,
ui_your_home_72412fa,string,,Your home,Eviniz,
ui_your_location_is_shared_only_with_your_own_home_c75bd6d,string,,Your location is shared only with your own Home Assistant server. It is ,Konumunuz yalnızca kendi Ev Asistanı sunucunuzla paylaşılır. öyle,don't translate Home Assistant; keep the space at the start/end
logs_title,string,,Connection log,Bağlantı günlüğü,
logs_subtitle,string,,What the app's connection to Home Assistant has been doing,Uygulamanın Home Assistant ile bağlantısı ne yapıyor?,don't translate Home Assistant
logs_empty,string,,Connection log,Bağlantı günlüğü,
logs_empty_hint,string,,"Nothing logged yet. Connection attempts, reconnects, sync and subscriptions appear here as they happen.","Henüz hiçbir şey kaydedilmedi. Bağlantı denemeleri, yeniden bağlanmalar, senkronizasyon ve abonelikler gerçekleştikleri anda burada görünür.",
logs_count,string,,Connection log (%1$d),Bağlantı günlüğü (%1$d),keep %1$d
logs_copy,string,,Copy the log,Günlüğü kopyala,
logs_clear,string,,Clear the log,Günlüğü temizle,
logs_show_all,string,,Show all %1$d,Tümünü göster %1$d,keep %1$d
logs_show_less,string,,Show less,Daha az göster,
parcel_letter_count,plural,one,%1$d letter,%1$d mektup,keep %1$d
parcel_letter_count,plural,other,%1$d letters,%1$d mektup,keep %1$d
spacer_empty_button,string,,Empty button,Boş düğme,
spacer_empty_button_description,string,,Transparent placeholder that only reserves space,Yalnızca yer kaplayan saydam yer tutucu,
spacer_add_empty_button,string,,Add empty button,Boş düğme ekle,
popup_custom_popup,string,,Custom popup,Özel açılır pencere,
popup_choose,string,,Choose a popup,Bir açılır pencere seçin,
popup_none_yet,string,,No popups yet,Henüz açılır pencere yok,
popup_new,string,,New popup,Yeni açılır pencere,
popup_default_name,string,,New popup,Yeni açılır pencere,
popup_name,string,,Popup name,Açılır pencere adı,
popup_edit_contents,string,,Edit contents,İçeriği düzenle,
popup_delete,string,,Delete popup,Açılır pencereyi sil,
popup_status_entity,string,,Status entity,Durum varlığı,
popup_status_entity_hint,string,,Optional. Its state fills the dialog's status line and adds the history view.,"İsteğe bağlı. Durumu, iletişim kutusunun durum satırını doldurur ve geçmiş görünümünü ekler.",
popup_settings_subtitle,string,,"Name, icon, and status entity","Ad, simge ve durum varlığı",
popup_shared_hint,string,,Popups are shared: other buttons can open this same popup.,Açılır pencereler paylaşılır: başka düğmeler de aynı pencereyi açabilir.,
popup_empty,string,,This popup is empty. Tap Edit to add widgets.,Bu açılır pencere boş. Widget eklemek için Düzenle’ye dokunun.,
popup_settings_title,string,,Popups,Açılır pencereler,
popup_settings_subtitle_section,string,,Build and edit your custom popups,Özel açılır pencerelerinizi oluşturun ve düzenleyin,
popup_settings_hint,string,,"Popups open from a button, badge, or dialog button set to the Custom popup action. Edit contents opens the popup itself so you can arrange its widgets.","Açılır pencereler, Özel açılır pencere eylemine ayarlanmış bir düğme, rozet veya iletişim kutusu düğmesinden açılır. «İçeriği düzenle», widget’ları yerleştirebilmeniz için pencerenin kendisini açar.",
button_icon_only,string,,Icon only,Yalnızca simge,
button_icon_size,string,,Icon size,Simge boyutu,
button_icon_size_description,string,,"Auto shrinks the icon as the stack gains columns, so it still fits a narrow button.","Otomatik, yığın sütun kazandıkça simgeyi küçültür; böylece dar bir düğmeye sığar.",
button_icon_size_auto,string,,Auto,Otomatik,
button_icon_size_value,string,,%1$d dp,%1$d dp,keep %1$d
stack_child_icon_only,string,,Icon only for every button,Her düğme için yalnızca simge,
stack_child_icon_only_description,string,,"Applies to all buttons in this stack, so you don't have to set it on each one.","Bu yığındaki tüm düğmelere uygulanır, böylece tek tek ayarlamanız gerekmez.",
stack_child_icon_size,string,,Icon size for every button,Her düğme için simge boyutu,
button_icon_only_description,string,,"Hide the name and state, centering the icon on the button","Adı ve durumu gizler, simgeyi düğmenin ortasına yerleştirir",
action_button,string,,Action button,Eylem düğmesi,
action_button_description,string,,"A button without an entity: give it a name, an icon, and any action","Varlığı olmayan bir düğme: ad, simge ve istediğiniz eylemi verin",
action_button_add,string,,Add action button,Eylem düğmesi ekle,
action_badge_add,string,,Add action badge,Eylem rozeti ekle,
security_entity_count,plural,one,%1$d entity,%1$d varlık,keep %1$d
security_entity_count,plural,other,%1$d entities,%1$d varlık,keep %1$d
family_permission_switch_dashboards,string,,Allow switching dashboards,Pano değiştirmeye izin ver,
family_permission_switch_dashboards_subtitle,string,,Let this person load another existing dashboard,Bu kişinin başka bir mevcut panoyu yüklemesine izin ver,
family_permission_create_dashboards,string,,Allow creating dashboards,Pano oluşturmaya izin ver,
family_permission_create_dashboards_subtitle,string,,Let this person create or duplicate dashboards,Bu kişinin pano oluşturmasına veya çoğaltmasına izin ver,
family_dashboard_tab_locked,string,,Locked by family permissions,Aile izinleriyle kilitlendi,
family_dashboard_access_lost_title,string,,Family access removed,Aile erişimi kaldırıldı,
family_dashboard_access_lost_message,string,,"You no longer have access to HKI 7 through this family dashboard. Choose another dashboard shared with you, or use any other option your family permissions allow.",Bu aile panosu üzerinden HKI 7 erişimin artık yok. Seninle paylaşılan başka bir panoyu veya aile izinlerinin tanıdığı başka bir seçeneği seç.,don't translate HKI 7
family_access_manage,string,,Manage access,Erişimi yönet,
family_access_title,string,,Who can see %1$s,%1$s kimler görebilir?,keep %1$s
family_access_description,string,,Add or remove people. Everyone you remove loses this dashboard the next time their app syncs.,"Kişileri ekleyin veya kaldırın. Kaldırdığınız herkes, uygulamalarının bir sonraki senkronizasyonunda bu kontrol panelini kaybeder.",
family_access_shared_everyone,string,,Shared with everyone,Herkesle paylaşıldı,
family_access_shared_nobody,string,,Shared with no one,Kimseyle paylaşılmadı,
family_access_shared_with,string,,Shared with %1$s,%1$s ile paylaşıldı,keep %1$s
family_access_unknown_user,string,,Unknown user,Bilinmeyen kullanıcı,
family_access_revoke_warning,string,,"Losing access deletes their copy of this dashboard, along with any colours, icons, and names they changed on it.","Erişimi kaybeden kullanıcı bu kontrol panelinin kopyasını, üzerinde değiştirdiği tüm renkleri, simgeleri ve adları da siler.",
family_versions_title,string,,HKI versions,HKI versiyonları,
family_versions_description,string,,Which HKI build each family device is running. This device is on %1$s. A device appears once it has opened HKI 7 1.0.0-beta.18 or newer at least once.,Her aile cihazında hangi HKI yapısı çalışıyor. Bu cihaz %1$s üzerinde. Bir cihaz yalnızca HKI 7 1.0.0-beta.18 veya daha yenisini en az bir kez çalıştırdıktan sonra görünür.,keep %1$s; don't translate HKI 7
family_versions_empty,string,,No family devices have reported a version yet.,Henüz hiçbir aile cihazı bir sürüm bildirmedi.,
family_versions_loading,string,,Loading family devices…,Aile cihazları yükleniyor…,
family_versions_unavailable,string,,Home Assistant could not return the family device list. Check that HKI 7 Cloud is up to date.,Ev Asistanı aile cihazı listesini döndüremedi. HKI 7 Cloud'un güncel olup olmadığını kontrol edin.,"don't translate HKI 7 Cloud, Home Assistant"
family_versions_outdated,string,,Older than yours,Seninkinden daha yaşlı,
family_versions_android,string,,Android %1$s,Android %1$s,keep %1$s
family_versions_reported,string,,reported %1$s,%1$s bildirildi,keep %1$s
family_versions_forget,string,,Forget this device,Bu cihazı unut,
family_versions_forget_hint,string,,Forgetting a device only clears it from this list. One that is still in use reappears the next time its app opens.,"Bir cihazı unutmak onu yalnızca bu listeden temizler. Halen kullanımda olan bir uygulama, uygulamanın bir sonraki açılışında yeniden görünür.",
family_versions_nudge,string,,Ask to update to %1$s,%1$s sürümüne güncelleme yapmayı iste,keep %1$s
family_versions_nudge_clear,string,,Cancel update request,Güncelleme isteğini iptal et,
family_versions_nudge_pending,string,,Waiting for this device to update to %1$s. The request clears itself once it does.,"Bu cihazın %1$s sürümüne güncellenmesi bekleniyor. İstek, gerçekleştiğinde kendini temizler.",keep %1$s
family_require_title,string,,Require an HKI version,HKI sürümü gerektir,
family_require_description,string,,"Everyone below the version you require is asked to update before they can keep using HKI. Nothing here installs anything — Google Play does the update, so people are only ever held up when Play actually has it ready for them.","İhtiyacınız olan sürümün altındaki herkesin HKI'yi kullanmaya devam edebilmesi için güncelleme yapması istenir. Buradaki hiçbir şey hiçbir şey yüklemez; Google Play güncellemeyi yapar, bu nedenle insanlar yalnızca Play gerçekten onlar için hazır olduğunda bekletilir.",
family_require_current,string,,Currently required: %1$s,Şu anda gerekli: %1$s,keep %1$s
family_require_set,string,,Require everyone to be on %1$s,Herkesin %1$s adresinde olmasını zorunlu kılın,keep %1$s
family_require_clear,string,,Clear the requirement,Gereksinimi temizle,
family_require_hint,string,,"You can only require a version some device already runs, so a requirement can never be one nobody is able to install.","Yalnızca bazı cihazların zaten çalıştırdığı bir sürüme ihtiyaç duyabilirsiniz, dolayısıyla bir gereksinim asla kimsenin yükleyemeyeceği bir gereksinim olamaz.",
settings_extra_family_require_failed,string,,Could not change the required version. It has to be one a family device already runs.,Gerekli sürüm değiştirilemedi. Zaten çalışan bir aile cihazı olması gerekir.,
settings_extra_family_nudge_failed,string,,Could not ask “%1$s” to update.,“%1$s”dan güncelleme istenemedi.,keep %1$s
app_update_required_title,string,,Time to update HKI,HKI'yi güncelleme zamanı,
app_update_required_title_device,string,,This device needs an HKI update,Bu cihazın bir HKI güncellemesine ihtiyacı var,
app_update_required_message,string,,Your family is on HKI %1$s. This device is on %2$s.,Aileniz HKI %1$s kullanıyor. Bu cihaz %2$s üzerinde.,keep %1$s %2$s
app_update_required_checking,string,,Checking Google Play…,Google Play kontrol ediliyor…,
app_update_required_update,string,,Update now,Şimdi güncelle,
app_update_required_open_store,string,,Open HKI in the Play Store,HKI'yi Play Store'da açın,
app_update_required_opened_store,string,,"Google Play could not take over here, so its store page was opened instead.",Google Play burayı devralamadığı için onun yerine mağaza sayfası açıldı.,
app_update_required_unavailable,string,,"Google Play has no update ready for this device yet. That usually means the release hasn't reached you, or this copy of HKI didn't come from the Play Store.",Google Play'in henüz bu cihaz için hazır bir güncellemesi yok. Bu genellikle sürümün size ulaşmadığı veya HKI'nin bu kopyasının Play Store'dan gelmediği anlamına gelir.,
app_update_required_continue,string,,Continue without updating,Güncellemeden devam et,
settings_extra_active_instance,string,,Active instance,Etkin Home Assistant bağlantısı,
settings_extra_automatic_cloud_backup_enabled,string,,Automatic cloud backup enabled.,Otomatik bulut yedeklemesi etkinleştirildi.,
settings_extra_background_restricted_warning,string,,Restricted — background sync will not work,Kısıtlı — arka plan eşitlemesi çalışmaz,
settings_extra_backup_failed,string,,Backup failed: %1$s,Yedekleme başarısız: %1$s,keep %1$s
settings_extra_backup_unreadable,string,,The backup could not be read,Yedek okunamadı,
settings_extra_battery_optimized_warning,string,,Optimized — may interrupt background sync,Optimize edildi — arka plan eşitlemesini kesintiye uğratabilir,
settings_extra_buy_me_a_coffee_logo,string,,Buy Me a Coffee logo,Buy Me a Coffee logosu,
settings_extra_cloud_backup_created,string,,Cloud backup created.,Bulut yedeği oluşturuldu.,
settings_extra_cloud_backup_failed,string,,Cloud backup failed: %1$s,Bulut yedeklemesi başarısız: %1$s,keep %1$s
settings_extra_cloud_component_missing,string,,"The HKI 7 Cloud component was not found on your Home Assistant. Install it through HACS, then try again.",Home Assistant sisteminizde HKI 7 Cloud bileşeni bulunamadı. Bileşeni HACS üzerinden yükleyip tekrar deneyin.,"don't translate HKI 7 Cloud, Home Assistant"
settings_extra_copy_dashboard,string,,Copy %1$s,%1$s panosunu kopyala,keep %1$s
settings_extra_corner_modern,string,,Modern,Modern,
settings_extra_corner_round,string,,Round,Yuvarlak,
settings_extra_corner_sharp,string,,Sharp,Köşeli,
settings_extra_create_custom_page,string,,Create custom page,Özel sayfa oluştur,
settings_extra_custom_page_identity_subtitle,string,,Identity and navigation appearance,Gezinmedeki adı ve görünümü,
settings_extra_dashboard_backup_saved,string,,Dashboard backup saved.,Pano yedeği kaydedildi.,
settings_extra_dashboard_copy_name,string,,%1$s copy,%1$s kopyası,keep %1$s
settings_extra_dashboard_default_name,string,,Dashboard %1$d,Pano %1$d,keep %1$d
settings_extra_new_dashboard_confirm_body,string,,This adds a dashboard alongside the one you are using. Your current dashboard is kept exactly as it is and is never overwritten — you can switch between them at any time.,"Bu, kullandığınız kontrol panelinin yanına bir kontrol paneli ekler. Mevcut kontrol paneliniz tam olarak olduğu gibi tutulur ve üzerine hiçbir zaman yazılmaz; bunlar arasında istediğiniz zaman geçiş yapabilirsiniz.",
settings_extra_new_dashboard_confirm_action,string,,Continue,Devam etmek,
settings_extra_new_dashboard_created,string,,Created “%1$s”,“%1$s” oluşturuldu,keep %1$s
uif_onboarding_shared_already_added,string,,Already added,Zaten eklendi,
settings_extra_dashboard_shared_badge,string,,Shared,Paylaşıldı,
settings_extra_dashboard_shared_subtitle,string,,Shared with you by your family. Tap to load,Aileniz tarafından sizinle paylaşıldı. Yüklemek için dokunun,
settings_extra_dashboard_shared_loaded,string,,Shared with you by your family. Currently loaded,Aileniz tarafından sizinle paylaşıldı. Şu anda yüklü,
settings_extra_dashboard_generating,string,,Your new dashboard is being generated automatically.,Yeni panonuz otomatik olarak oluşturuluyor.,
settings_extra_dashboard_mode_auto,string,,Automatic,Otomatik,
settings_extra_dashboard_mode_manual,string,,Manual,El ile,
settings_extra_dashboard_restored,string,,Dashboard configuration restored.,Pano yapılandırması geri yüklendi.,
settings_extra_dashboard_shared,string,,“%1$s” shared.,“%1$s” paylaşıldı.,keep %1$s
settings_extra_dashboard_sharing_failed,string,,Could not share the dashboard.,Pano paylaşılamadı.,
settings_extra_default_user_name,string,,User,Kullanıcı,
settings_extra_delete_dashboard,string,,Delete %1$s,%1$s panosunu sil,keep %1$s
settings_extra_device_tracker,string,,Device tracker,Cihaz takibi,
settings_extra_device_tracker_subtitle,string,,"Name used for location, geocoded location, battery, and charging entities","Konum, coğrafi kodlanmış konum, pil ve şarj varlıkları için kullanılan ad",
settings_extra_drive_access_token_missing,string,,Google Drive authorization did not return an access token.,Google Drive yetkilendirmesi bir erişim belirteci döndürmedi.,don't translate Google Drive
settings_extra_drive_authorization_cancelled,string,,Google Drive authorization was cancelled.,Google Drive yetkilendirmesi iptal edildi.,don't translate Google Drive
settings_extra_drive_authorization_failed,string,,Google Drive authorization failed: %1$s,Google Drive yetkilendirmesi başarısız: %1$s,keep %1$s; don't translate Google Drive
settings_extra_drive_authorization_open_failed,string,,Google Drive authorization could not be opened.,Google Drive yetkilendirmesi açılamadı.,don't translate Google Drive
settings_extra_drive_backups_load_failed,string,,Could not load Google Drive backups: %1$s,Google Drive yedekleri yüklenemedi: %1$s,keep %1$s; don't translate Google Drive
settings_extra_edit_custom_page,string,,Edit custom page,Özel sayfayı düzenle,
settings_extra_effect_glow,string,,Glow,Parlama,
settings_extra_effect_group_alerts,string,,Sensors and alarms,Sensörler ve alarmlar,
settings_extra_effect_group_climate,string,,Climate and humidity,İklim ve nem,
settings_extra_effect_group_fans,string,,Fans and vacuums,Vantilatörler ve robot süpürgeler,
settings_extra_effect_group_lights,string,,Lights and switches,Işıklar ve anahtarlar,
settings_extra_effect_group_media,string,,Media players,Medya oynatıcılar,
settings_extra_effect_group_other,string,,Everything else,Diğer her şey,
settings_extra_effect_none,string,,None,Yok,
settings_extra_effect_pulse,string,,Pulse,Nabız,
settings_extra_effect_spin,string,,Spin,Dönme,
settings_extra_empty_dashboard_created,string,,An empty dashboard was created.,Boş bir pano oluşturuldu.,
settings_extra_font_atkinson,string,,Atkinson Hyperlegible,Atkinson Hyperlegible,
settings_extra_font_bree_serif,string,,Bree Serif,Bree Serif,
settings_extra_font_comfortaa,string,,Comfortaa,Comfortaa,
settings_extra_font_cursive,string,,Cursive,El yazısı,
settings_extra_font_default,string,,Default,Varsayılan,
settings_extra_font_monospace,string,,Monospace,Eş aralıklı,
settings_extra_font_nunito,string,,Nunito,Nunito,
settings_extra_font_patrick_hand,string,,Patrick Hand,Patrick Hand,
settings_extra_font_sans_serif,string,,Sans serif,Serifsiz,
settings_extra_font_serif,string,,Serif,Serifli,
settings_extra_font_space_grotesk,string,,Space Grotesk,Space Grotesk,
settings_extra_ha_backup_created,string,,Home Assistant backup created.,Home Assistant yedeği oluşturuldu.,don't translate Home Assistant
settings_extra_ha_backup_enabled,string,,Home Assistant backup enabled.,Home Assistant yedeklemesi etkinleştirildi.,don't translate Home Assistant
settings_extra_ha_backup_failed,string,,Home Assistant backup failed. Is the HKI 7 Cloud component reachable?,Home Assistant yedeklemesi başarısız. HKI 7 Cloud bileşenine erişilebiliyor mu?,"don't translate HKI 7 Cloud, Home Assistant"
settings_extra_ha_backups_load_failed,string,,Could not load Home Assistant backups: %1$s,Home Assistant yedekleri yüklenemedi: %1$s,keep %1$s; don't translate Home Assistant
settings_extra_hide_tab,string,,Hide tab,Sekmeyi gizle,
settings_extra_hki_cloud_step_add_integration,string,,"Go to Settings → Devices & Services → Add Integration, choose “HKI 7 Cloud,” and confirm.","Ayarlar → Cihazlar ve hizmetler → Entegrasyon ekle bölümüne gidin, “HKI 7 Cloud” seçeneğini seçip onaylayın.",don't translate HKI 7 Cloud
settings_extra_hki_cloud_step_add_repository,string,,"Paste %1$s, choose the “Integration” category, and add it.","%1$s adresini yapıştırın, “Entegrasyon” kategorisini seçin ve depoyu ekleyin.",keep %1$s
settings_extra_hki_cloud_step_install,string,,"Open the new “HKI 7 Cloud” entry, install it, and restart Home Assistant.","Yeni “HKI 7 Cloud” girdisini açın, yükleyin ve Home Assistant sistemini yeniden başlatın.","don't translate HKI 7 Cloud, Home Assistant"
settings_extra_hki_cloud_step_open_custom_repositories,string,,"In Home Assistant, open HACS → the ⋮ menu in the top-right → Custom repositories.",Home Assistant içinde HACS → sağ üstteki ⋮ menüsü → Özel depolar bölümünü açın.,don't translate Home Assistant
settings_extra_hki_cloud_step_reopen,string,,Reopen this screen. The features will appear automatically.,Bu ekranı yeniden açın. Özellikler otomatik olarak görünecektir.,
settings_extra_hki_cloud_version,string,,HKI 7 Cloud v%1$s installed,HKI 7 Cloud v%1$s yüklü,keep %1$s; don't translate HKI 7 Cloud
settings_extra_hki_cloud_version_unknown,string,,HKI 7 Cloud installed (update to see its version),HKI 7 Cloud yüklü (sürümünü görmek için güncelleyin),don't translate HKI 7 Cloud
settings_extra_hki_cloud_update_to_unlock,string,,Update to unlock:,Kilidi açmak için güncelleme:,
settings_extra_hki_cloud_feature_requires,string,,%1$s (needs v%2$s+),%1$s (v%2$s+ gerekir),keep %1$s %2$s
settings_extra_hki_cloud_feature_reimport,string,,Manually re-importing or clearing dashboard view data,Kontrol paneli görünümü verilerini manuel olarak yeniden içe aktarma veya temizleme,
settings_extra_hki_cloud_feature_search_lists,string,,Per-person Visible/Invisible global search lists,Kişi başına Görünür/Görünmez global arama listeleri,
settings_extra_hki_cloud_feature_room_follow,string,,Room following,Oda takibi,
settings_extra_hki_cloud_feature_room_follow_launch_only,string,,"Room following: only place someone on launch, without tracking further moves",Oda takibi: Daha sonraki hareketleri takip etmeden yalnızca birini fırlatma alanına yerleştirin,
settings_extra_hki_cloud_feature_devices,string,,Seeing which HKI version each family device runs,Her aile cihazının hangi HKI sürümünü çalıştırdığını görme,
settings_extra_hki_cloud_feature_required_version,string,,Requiring the family to update to a given HKI version,Ailenin belirli bir HKI sürümüne güncelleme yapmasını zorunlu kılma,
settings_extra_hki_cloud_feature_events,string,,"The event timeline, and hiding parts of it from individual people",Etkinlik zaman çizelgesi ve bazı bölümlerinin bireysel kişilerden gizlenmesi,
settings_extra_hki_cloud_tab_requires,string,,"Needs HKI 7 Cloud v%1$s or newer. Update the component in HACS — until then, what you set here won't take effect.",HKI 7 Cloud v%1$s veya daha yenisine ihtiyaç var. Bileşeni HACS'ta güncelleyin; o zamana kadar burada ayarladığınız ayarlar geçerli olmayacaktır.,keep %1$s; don't translate HKI 7 Cloud
settings_extra_location_allowed_always,string,,Allowed all the time,Her zaman izin verildi,
settings_extra_location_allowed_foreground,string,,Allowed only while using the app,Yalnızca uygulama kullanılırken izin verildi,
settings_extra_location_not_allowed,string,,Not allowed,İzin verilmedi,
language_search_placeholder,string,,Search languages,Dilleri ara,
language_search_no_matches,string,,No language matches “%1$s”,“%1$s” ile eşleşen dil yok,keep %1$s
settings_extra_language_dutch,string,,Nederlands,Nederlands,
settings_extra_language_english,string,,English,English,
settings_extra_language_french,string,,Français,Français,
settings_extra_language_german,string,,Deutsch,Deutsch,
settings_extra_language_italian,string,,Italiano,Italiano,
settings_extra_language_spanish,string,,Español,Español,
settings_extra_language_turkish,string,,Türkçe,Türkçe,
settings_extra_language_portuguese,string,,Português,Português,
settings_extra_language_portuguese_brazil,string,,Português (Brasil),Português (Brasil),
settings_extra_language_spanish_latam,string,,Español (Latinoamérica),Español (Latinoamérica),
settings_extra_language_japanese,string,,日本語,日本語,
settings_extra_language_korean,string,,한국어,한국어,
settings_extra_language_chinese_simplified,string,,中文（简体）,中文（简体）,
settings_extra_language_chinese_traditional,string,,中文（繁體）,中文（繁體）,
settings_extra_no_drive_backups,string,,No Google Drive backups were found.,Google Drive yedeği bulunamadı.,don't translate Google Drive
settings_extra_no_ha_backups,string,,No Home Assistant backups were found. Is the HKI 7 Cloud component installed?,Home Assistant yedeği bulunamadı. HKI 7 Cloud bileşeni yüklü mü?,"don't translate HKI 7 Cloud, Home Assistant"
settings_extra_notifications_multi_home_required,string,,Required while multiple homes receive notifications. Manage each home under Connection.,Birden fazla ev bildirim aldığında gereklidir. Her evi Bağlantı bölümünden yönetin.,
settings_extra_notifications_persistent_connection,string,,Keeps a persistent connection to Home Assistant while the app is closed. This uses more battery.,"Uygulama kapalıyken Home Assistant bağlantısını sürdürür. Bu, daha fazla pil tüketir.",don't translate Home Assistant
settings_extra_paypal_logo,string,,PayPal logo,PayPal logosu,
settings_extra_policy_update_failed,string,,Could not update the policy.,İlke güncellenemedi.,
settings_extra_policy_needs_component_update,string,,Permissions saved. Update HKI 7 Cloud to also store the Visible and Invisible lists.,İzinler kaydedildi. Görünür ve Görünmez listelerinin de kaydedilmesi için HKI 7 Cloud’u güncelleyin.,don't translate HKI 7 Cloud
settings_extra_policy_needs_component_update_room_follow,string,,Permissions saved. Update HKI 7 Cloud to also store the room following settings.,İzinler kaydedildi. Oda takibi ayarlarının da kaydedilmesi için HKI 7 Cloud'u güncelleyin.,don't translate HKI 7 Cloud
settings_extra_policy_needs_component_update_events,string,,"Permissions saved, but this HKI 7 Cloud is too old to hide events from this person — they would see the whole timeline. Update it to apply the restriction.","İzinler kaydedildi, ancak bu HKI 7 Bulutu, etkinlikleri bu kişiden gizlemek için çok eski; bu kişi tüm zaman çizelgesini görebilir. Kısıtlamayı uygulamak için güncelleyin.",don't translate HKI 7 Cloud
settings_extra_tab_presence,string,,Presence,Varlık,
settings_extra_tab_events,string,,Events,Olaylar,
settings_extra_events_title,string,,Event timeline,Etkinlik zaman çizelgesi,
settings_extra_events_description,string,,"Choose which entities the family sees recent activity for, in the Events tab of the notification drawer. Set once here rather than on each phone. This hides the timeline, not the entities — anyone signed in to Home Assistant can still read them there.","Bildirim çekmecesinin Etkinlikler sekmesinde, ailenin hangi varlıklar için son etkinliği göreceğini seçin. Her telefonda ayarlamak yerine burada bir kez ayarlayın. Bu, varlıkları değil zaman çizelgesini gizler; Home Assistant'ta oturum açan herkes bunları yine de orada okuyabilir.",don't translate Home Assistant
settings_extra_events_loading,string,,Loading the roster…,Liste yükleniyor…,
settings_extra_events_unavailable,string,,Could not read the roster from HKI 7 Cloud.,HKI 7 Cloud'un listesi okunamadı.,don't translate HKI 7 Cloud
settings_extra_events_empty,string,,No entities are being tracked yet.,Henüz hiçbir varlık takip edilmiyor.,
settings_extra_events_choose,string,,Choose entities,Varlıkları seçin,
settings_extra_events_edit,string,,Edit entities,Varlıkları düzenle,
settings_extra_events_pick_title,string,,Entities to show events for,Etkinliklerin gösterileceği varlıklar,
settings_extra_events_save_failed,string,,Could not save the event roster.,Etkinlik listesi kaydedilemedi.,
settings_extra_events_capped,string,,Saved %1$d entities and %2$d domains. The timeline roster is capped.,%1$d varlıkları ve %2$d alanları kaydedildi. Zaman çizelgesi listesi sınırlıdır.,keep %1$d %2$d
settings_extra_events_whole_domain,string,,All %1$s (%2$d entities),Tüm %1$s (%2$d varlıklar),keep %1$s %2$d
settings_extra_events_resolved_capped,string,,"This roster covers %2$d entities, but a timeline subscribes to at most %1$d. Remove a domain, or add entities by name instead.","Bu liste %2$d varlığı kapsar, ancak bir zaman çizelgesi en fazla %1$d'ye abone olur. Bir alanı kaldırın veya bunun yerine varlıkları ada göre ekleyin.",keep %2$d %1$d
settings_extra_events_per_person_title,string,,Who sees what,Kim neyi görüyor,
settings_extra_events_per_person_description,string,,Everyone sees the whole timeline unless you take something out of it for them.,Siz onlar için bir şeyler çıkarmadığınız sürece herkes zaman çizelgesinin tamamını görür.,
settings_extra_events_sees_everything,string,,Sees the whole timeline,Tüm zaman çizelgesini görür,
settings_extra_events_hidden_count,string,,%1$d hidden,%1$d gizlendi,keep %1$d
settings_extra_events_manage,string,,Manage,Üstesinden gelmek,
settings_extra_events_hidden_title,string,,Hide from this person,Bu kişiden gizle,
settings_extra_events_notifications_hint,string,,"The Events tab in the notification drawer shows recent activity for the entities your family admin chose. It is set for the whole family in Family Sharing, not per device.","Bildirim çekmecesindeki Etkinlikler sekmesi, aile yöneticinizin seçtiği varlıklara ilişkin son etkinlikleri gösterir. Aile Paylaşımı'nda bu, cihaz başına değil tüm aile için ayarlanır.",
settings_extra_events_open_family_sharing,string,,Open Family Sharing,Aile Paylaşımını Aç,
settings_extra_room_follow_title,string,,Room following,Oda takibi,
settings_extra_room_follow_description,string,,"Pick the room-presence sensor that tracks each person's phone, such as an ESPresense sensor. The app opens the room they are in and offers to follow them as they move.","Her kişinin telefonunu izleyen oda varlık sensörünü seçin, örneğin bir ESPresense sensörü. Uygulama bulundukları odayı açar ve hareket ettiklerinde onları takip etmeyi önerir.",
settings_extra_room_follow_sensor,string,,Presence sensor,Varlık sensörü,
settings_extra_room_follow_none,string,,No sensor,Sensör yok,
settings_extra_room_follow_enabled,string,,Follow this person between rooms,Bu kişiyi odalar arasında takip et,
settings_extra_room_follow_open_on_launch,string,,Open their room when the app starts,Uygulama açılırken odasını aç,
settings_extra_room_follow_continue_after_launch,string,,Keep following while the app is open,Uygulama açıkken takip etmeye devam edin,
settings_extra_room_follow_continue_after_launch_hint,string,,"Turn off to only place them in the right room when the app starts, without switching rooms again while they're using it.","Uygulamayı kullanırken tekrar oda değiştirmeden, onları yalnızca uygulama başlatıldığında doğru odaya yerleştirmek için kapatın.",
settings_extra_room_follow_prompt_on_move,string,,Ask before switching rooms,Oda değiştirmeden önce sor,
settings_extra_room_follow_dwell,string,,Wait before a move counts,Bir geçişin sayılması için bekleme,
settings_extra_room_follow_dwell_value,string,,%1$d s,%1$d sn,keep %1$d
settings_extra_room_follow_dwell_hint,string,,Room-presence sensors drift between nearby rooms. A longer wait means fewer false moves.,"Oda varlık sensörleri komşu odalar arasında gidip gelir. Daha uzun bekleme, daha az yanlış geçiş demektir.",
settings_extra_room_follow_rooms,string,,Sensor states,Sensör durumları,
settings_extra_room_follow_rooms_matched,string,,Matched automatically,Otomatik eşleşti,
settings_extra_room_follow_rooms_unmatched,string,,Pick a room,Bir oda seçin,
settings_extra_room_follow_no_states,string,,No states seen yet. States appear here once the sensor reports them.,Henüz durum görülmedi. Sensör bildirdiğinde burada görünürler.,
room_follow_moved_title,string,,You moved to %1$s,%1$s odasına geçtiniz,keep %1$s
room_follow_moved_message,string,,"Switch to that room, or stay where you are?","O odaya geçilsin mi, yoksa burada mı kalınsın?",
room_follow_moved_switch,string,,Switch,Geç,
room_follow_moved_stay,string,,Stay,Kal,
room_follow_moved_silence,string,,Don't ask again until I restart the app,Uygulamayı yeniden başlatana kadar bir daha sorma,
settings_extra_rename_dashboard,string,,Rename %1$s,%1$s panosunu yeniden adlandır,keep %1$s
settings_extra_rename_instance,string,,Rename %1$s,%1$s bağlantısını yeniden adlandır,keep %1$s
settings_extra_restart_home_assistant_failed,string,,Could not restart Home Assistant.,Home Assistant yeniden başlatılamadı.,don't translate Home Assistant
settings_extra_restore_failed,string,,Restore failed: %1$s,Geri yükleme başarısız: %1$s,keep %1$s
settings_extra_selected_file_open_failed,string,,Could not open the selected file,Seçilen dosya açılamadı,
settings_extra_set_dashboard_default,string,,Set %1$s as the default dashboard,%1$s panosunu varsayılan olarak ayarla,keep %1$s
settings_extra_family_device_forget_failed,string,,Could not forget “%1$s.”,“%1$s.” unutulamadı.,keep %1$s
settings_extra_shared_dashboard_access_failed,string,,Could not change who can see “%1$s.”,“%1$s” ifadesini kimlerin görebileceği değiştirilemedi.,keep %1$s
settings_extra_shared_dashboard_access_updated,string,,Updated who can see “%1$s.”,“%1$s” ifadesini kimlerin görebileceği güncellendi.,keep %1$s
settings_extra_shared_dashboard_delete_failed,string,,Could not delete “%1$s.”,“%1$s” silinemedi.,keep %1$s
settings_extra_shared_dashboard_deleted,string,,“%1$s” was deleted from the cloud.,“%1$s” buluttan silindi.,keep %1$s
settings_extra_shared_dashboard_import_failed,string,,Could not import “%1$s.”,“%1$s” içe aktarılamadı.,keep %1$s
settings_extra_shared_dashboard_imported,string,,“%1$s” was imported into your dashboards.,“%1$s” panolarınıza eklendi.,keep %1$s
settings_extra_shared_dashboard_now_using,string,,Now using “%1$s.”,Artık “%1$s” kullanılıyor.,keep %1$s
settings_extra_shared_dashboard_use_failed,string,,Could not use “%1$s.”,“%1$s” kullanılamadı.,keep %1$s
settings_extra_shared_dashboards_up_to_date,string,,Shared dashboards are already up to date.,Paylaşılan panolar zaten güncel.,
settings_extra_show_tab,string,,Show tab,Sekmeyi göster,
settings_extra_tab_dashboards,string,,Dashboards,Panolar,
settings_extra_tab_devices,string,,Devices,Cihazlar,
settings_extra_tab_parental_controls,string,,Parental controls,Ebeveyn denetimleri,
settings_extra_tab_permissions,string,,Permissions,İzinler,
settings_extra_technology_kotlin,string,,Kotlin,Kotlin,
settings_extra_technology_xml_kotlin_dsl,string,,XML and Kotlin DSL,XML ve Kotlin DSL,
settings_extra_theme_amber,string,,Amber,Kehribar,
settings_extra_theme_auto,string,,Auto,Otomatik,
settings_extra_theme_blue,string,,Blue,Mavi,
settings_extra_theme_custom,string,,Custom,Özel,
settings_extra_theme_dark,string,,Dark,Koyu,
settings_extra_theme_green,string,,Green,Yeşil,
settings_extra_theme_light,string,,Light,Açık,
settings_extra_theme_rose,string,,Rose,Pembe,
settings_extra_theme_system,string,,System,Sistem,
settings_extra_unknown_error,string,,Unknown error,Bilinmeyen hata,
settings_extra_unrestricted_recommended,string,,Unrestricted (recommended),Kısıtlanmamış (önerilen),
settings_extra_view_battery,string,,Battery,Pil,
settings_extra_view_climate,string,,Climate,İklim,
settings_extra_view_energy,string,,Energy,Enerji,
settings_extra_view_rooms,string,,Rooms,Odalar,
settings_extra_view_security,string,,Security,Güvenlik,
settings_extra_minutes_ago,plural,one,%1$d minute ago,%1$d dakika önce,keep %1$d
settings_extra_minutes_ago,plural,other,%1$d minutes ago,%1$d dakika önce,keep %1$d
settings_extra_hours_ago,plural,one,%1$d hour ago,%1$d saat önce,keep %1$d
settings_extra_hours_ago,plural,other,%1$d hours ago,%1$d saat önce,keep %1$d
settings_extra_days_ago,plural,one,%1$d day ago,%1$d gün önce,keep %1$d
settings_extra_days_ago,plural,other,%1$d days ago,%1$d gün önce,keep %1$d
settings_extra_shared_dashboards_pushed,plural,one,Pushed changes to %1$d shared dashboard.,Değişiklikler %1$d paylaşılan panoya gönderildi.,keep %1$d
settings_extra_shared_dashboards_pushed,plural,other,Pushed changes to %1$d shared dashboards.,Değişiklikler %1$d paylaşılan panoya gönderildi.,keep %1$d
family_permission_reimport,string,,Allow re-importing,Yeniden içe aktarmaya izin ver,
family_permission_reimport_subtitle,string,,"Let this person manually re-import or clear Rooms, Climate, Security, Energy, and Battery data","Bu kişinin Odalar, İklim, Güvenlik, Enerji ve Pil verilerini elle yeniden içe aktarmasına veya temizlemesine izin ver",
family_dashboard_create_disabled_reason,string,,Your family administrator has disabled dashboard creation. This account can only use family-shared dashboards.,Aile yöneticiniz pano oluşturmayı devre dışı bıraktı. Bu hesap yalnızca paylaşılan aile panolarını kullanabilir.,
family_dashboard_restore_disabled_reason,string,,"Your family administrator has disabled dashboard switching. Restoring a backup could replace the family dashboard, so this account can only select a shared dashboard.",Aile yöneticiniz pano değiştirmeyi devre dışı bıraktı. Bir yedeği geri yüklemek aile panosunun yerini alabileceğinden bu hesap yalnızca paylaşılan bir pano seçebilir.,
family_settings_admin_only,string,,Locked — only a Home Assistant administrator can manage family sharing,Kilitli — aile paylaşımını yalnızca bir Home Assistant yöneticisi yönetebilir,don't translate Home Assistant
family_aesthetics_only_explanation,string,,"Aesthetics-only access allows local names, icons, colors, backgrounds, card styles, shapes, sizes, and layout. Entities, actions, visibility rules, content, controls, and other behavior remain managed by the dashboard owner.","Yalnızca estetik erişim; yerel adlar, simgeler, renkler, arka planlar, kart stilleri, şekiller, boyutlar ve düzenlere izin verir. Varlıklar, eylemler, görünürlük kuralları, içerik, kontroller ve diğer davranışlar pano sahibinin yönetiminde kalır.",
parental_search_access_title,string,,Entity search access,Varlık arama erişimi,
parental_search_access_hint,string,,Choose which Home Assistant domains or individual entities this person can find in global search. Invisible selections always take precedence.,Bu kişinin genel aramada bulabileceği Home Assistant alanlarını veya tek tek varlıkları seçin. Görünmez seçimler her zaman önceliklidir.,don't translate Home Assistant
parental_search_visible_title,string,,Visible,Görünür,
parental_search_invisible_title,string,,Invisible,Görünmez,
parental_search_visible_empty,string,,All entities are visible unless they appear in the Invisible list.,Görünmez listesinde bulunmayan tüm varlıklar görünürdür.,
parental_search_invisible_empty,string,,No entities are explicitly hidden.,Açıkça gizlenmiş varlık yok.,
parental_search_picker_subtitle,string,,Select entire domains or individual entities,Tüm alanları veya tek tek varlıkları seçin,
parental_search_domains,string,,Domains,Alanlar,
parental_search_entire_domain,string,,Entire domain,Tüm alan,
parental_search_domain_chip,string,,Domain: %1$s,Alan: %1$s,keep %1$s
uif_a_state,string,,a state,bir durum,
uif_a_time,string,,a time,bir saat,
uif_actions,string,,Actions,Eylemler,
uif_active,string,,Active,Etkin,
uif_adaptive,string,,Adaptive,Uyarlanabilir,
uif_advanced,string,,Advanced,Gelişmiş,
uif_air_quality,string,,Air quality,Hava kalitesi,
uif_alarm,string,,Alarm,Alarm,
uif_alarms,string,,Alarms,Alarmlar,
uif_allow,string,,Allow,İzin ver,
uif_allow_all_the_time,string,,Allow all the time,Her zaman izin ver,
uif_and_separator,string,,\u0020and\u0020,\u0020ve\u0020,
uif_appearance,string,,Appearance,Görünüm,
uif_aqi,string,,AQI,AQI,
uif_auto,string,,Auto,Otomatik,
uif_back,string,,Back,Geri,
uif_beep,string,,Beep,Bip,
uif_brightness,string,,Brightness,Parlaklık,
uif_bucket,string,,Bucket,Kova,
uif_choose_action,string,,Choose action,Eylem seç,
uif_choose_entity,string,,Choose entity,Varlık seç,
uif_choose_target,string,,Choose target,Hedef seç,
uif_circle,string,,Circle,Daire,
uif_color,string,,Color,Renk,
uif_date,string,,Date,Tarih,
uif_date_and_time,string,,Date and time,Tarih ve saat,
uif_defrost,string,,Defrost,Buz çözme,
uif_devices_on,string,,Devices on,Açık cihazlar,
uif_direction_east_short,string,,E,D,
uif_direction_north_short,string,,N,K,
uif_direction_northeast_short,string,,NE,KD,
uif_direction_northwest_short,string,,NW,KB,
uif_direction_south_short,string,,S,G,
uif_direction_southeast_short,string,,SE,GD,
uif_direction_southwest_short,string,,SW,GB,
uif_direction_west_short,string,,W,B,
uif_display,string,,Display,Görüntüleme,
uif_edit,string,,Edit,Düzenle,
uif_enable,string,,Enable,Etkinleştir,
uif_enable_location,string,,Enable location,Konumu etkinleştir,
uif_enabled,string,,Enabled,Etkin,
uif_entities,string,,Entities,Varlıklar,
uif_error,string,,Error,Hata,
uif_fan_speed,string,,Fan speed,Fan hızı,
uif_feels_like_temperature,string,,Feels like %1$d°,Hissedilen %1$d°,keep %1$d
uif_filter,string,,Filter,Filtre,
uif_fire,string,,Fire,Yangın,
uif_flow_actions_available,string,,Actions available in Home Assistant,Home Assistant’taki kullanılabilir eylemler,don't translate Home Assistant
uif_flow_actions_load_failed,string,,Could not load Home Assistant actions,Home Assistant eylemleri yüklenemedi,don't translate Home Assistant
uif_flow_advanced_block_unchanged,string,,Advanced block (kept unchanged),Gelişmiş blok (değiştirilmeden korundu),
uif_flow_after_format,string,,After (HH:MM:SS),Sonra (HH:MM:SS),
uif_flow_after_time,string,,after %1$s,%1$s sonrasında,keep %1$s
uif_flow_at_time,string,,At %1$s,%1$s saatinde,keep %1$s
uif_flow_automation_delete_failed,string,,Could not delete this automation,Bu otomasyon silinemedi,
uif_flow_automation_deleted,string,,Deleted from Home Assistant,Home Assistant’tan silindi,don't translate Home Assistant
uif_flow_automation_load_failed,string,,Could not load this automation,Bu otomasyon yüklenemedi,
uif_flow_automation_save_failed,string,,Could not save this automation,Bu otomasyon kaydedilemedi,
uif_flow_automation_saved,string,,Saved and loaded in Home Assistant,Home Assistant’a kaydedildi ve yüklendi,don't translate Home Assistant
uif_flow_before_format,string,,Before (HH:MM:SS),Önce (HH:MM:SS),
uif_flow_before_time,string,,before %1$s,%1$s öncesinde,keep %1$s
uif_flow_domain_actions_first,string,,%1$s actions are shown first,Önce %1$s eylemleri gösterilir,keep %1$s
uif_flow_entity_becomes_state,string,,%1$s becomes %2$s,"%1$s, %2$s durumuna geçer",keep %1$s %2$s
uif_flow_entity_is_state,string,,%1$s is %2$s,"%1$s, %2$s durumunda",keep %1$s %2$s
uif_flow_entity_state,string,,Entity state,Varlık durumu,
uif_flow_ha_action,string,,Home Assistant action,Home Assistant eylemi,don't translate Home Assistant
uif_flow_mode_parallel,string,,Parallel,Paralel,
uif_flow_mode_parallel_description,string,,Start every trigger as a separate run at the same time.,Her tetikleyiciyi aynı anda ayrı bir çalıştırma olarak başlatır.,
uif_flow_mode_queued,string,,Queued,Sıraya alınmış,
uif_flow_mode_queued_description,string,,"Wait, then run each trigger in the order it arrived.","Bekler, ardından her tetikleyiciyi geliş sırasına göre çalıştırır.",
uif_flow_mode_restart,string,,Restart,Yeniden başlat,
uif_flow_mode_restart_description,string,,Stop the current run and start again when conditions still pass.,Geçerli çalıştırmayı durdurur ve koşullar hâlâ sağlanıyorsa yeniden başlatır.,
uif_flow_mode_single,string,,Single,Tek,
uif_flow_mode_single_description,string,,Ignore a new trigger while this flow is still running.,Bu akış çalışmaya devam ederken yeni bir tetikleyiciyi yok sayar.,
uif_flow_perform_ha_action,string,,Perform a Home Assistant action,Bir Home Assistant eylemi gerçekleştir,don't translate Home Assistant
uif_flow_section_and_if,string,,And if,Ve eğer,
uif_flow_section_then,string,,Then,O zaman,
uif_flow_section_when,string,,When,Ne zaman,
uif_flow_sun_event,string,,Sun event,Güneş olayı,
uif_flow_sunrise_or_sunset,string,,Sunrise or sunset,Gün doğumu veya gün batımı,
uif_flow_time_format,string,,Time (HH:MM:SS),Saat (HH:MM:SS),
uif_flow_time_window,string,,Time window,Zaman aralığı,
uif_flow_group_any,string,,Any of these,Bunlardan herhangi biri,
uif_flow_group_all,string,,All of these,Bunların tümü,
uif_flow_group_none,string,,None of these,Bunların hiçbiri,
uif_flow_group_empty,string,,Empty — open it to add conditions,Boş — koşul eklemek için grubu açın,
uif_flow_group_open,string,,Open group,Grubu aç,
uif_flow_group_back,string,,Back,Geri,
uif_flow_group_count,plural,one,%1$d condition inside,İçinde %1$d koşul,keep %1$d
uif_flow_group_count,plural,other,%1$d conditions inside,İçinde %1$d koşul,keep %1$d
uif_flow_within_time_window,string,,Within a time window,Bir zaman aralığında,
uif_full,string,,Full,Tam,
uif_gas,string,,Gas,Gaz,
uif_glow,string,,Glow,Parlama,
uif_half,string,,Half,Yarım,
uif_header_pill,string,,Header pill,Başlık kapsülü,
uif_hold,string,,Hold,Basılı tut,
uif_humidity,string,,Humidity,Nem,
uif_ionizer,string,,Ionizer,İyonlaştırıcı,
uif_lights_on,string,,Lights on,Açık ışıklar,
uif_mode_auto,string,,Auto,Otomatik,
uif_mode_away,string,,Away,Dışarıda,
uif_mode_baby,string,,Baby,Bebek,
uif_mode_boost,string,,Boost,Güçlü,
uif_mode_clothes,string,,Clothes,Giysi,
uif_mode_comfort,string,,Comfort,Konfor,
uif_mode_continuous,string,,Continuous,Sürekli,
uif_mode_dry,string,,Dry,Kurutma,
uif_mode_eco,string,,Eco,Eko,
uif_mode_high,string,,High,Yüksek,
uif_mode_home,string,,Home,Ev,
uif_mode_laundry,string,,Laundry,Çamaşır,
uif_mode_low,string,,Low,Düşük,
uif_mode_manual,string,,Manual,Manuel,
uif_mode_medium,string,,Medium,Orta,
uif_mode_normal,string,,Normal,Normal,
uif_mode_purify,string,,Purify,Arıtma,
uif_mode_quiet,string,,Quiet,Sessiz,
uif_mode_sleep,string,,Sleep,Uyku,
uif_moon,string,,Moon,Ay,
uif_moon_phase_first_quarter,string,,First quarter,İlk dördün,
uif_moon_phase_full,string,,Full moon,Dolunay,
uif_moon_phase_last_quarter,string,,Last quarter,Son dördün,
uif_moon_phase_new,string,,New moon,Yeni ay,
uif_moon_phase_waning_crescent,string,,Waning crescent,Küçülen hilal,
uif_moon_phase_waning_gibbous,string,,Waning gibbous,Küçülen şişkin ay,
uif_moon_phase_waxing_crescent,string,,Waxing crescent,Büyüyen hilal,
uif_moon_phase_waxing_gibbous,string,,Waxing gibbous,Büyüyen şişkin ay,
uif_motion,string,,Motion,Hareket,
uif_mute,string,,Mute,Sessize al,
uif_next,string,,Next,Sonraki,
uif_none,string,,None,Hiçbiri,
uif_off,string,,Off,Kapalı,
uif_onboarding_add_in_edit_mode,string,,Add everything yourself in Edit mode,Her şeyi düzenleme modunda kendin ekle,
uif_onboarding_add_internal_url_later,string,,"For a faster direct connection at home, you can add an internal URL and your home Wi-Fi networks later in Settings > Connection.",Evde daha hızlı ve doğrudan bağlantı için dahili URL’yi ve ev Wi-Fi ağlarını daha sonra Ayarlar > Bağlantı bölümünden ekleyebilirsin.,
uif_onboarding_add_remote_url_later,string,,"To connect while you're away from home, add a Nabu Casa or external URL later in Settings > Connection.",Evden uzaktayken bağlanmak için Nabu Casa veya harici URL’yi daha sonra Ayarlar > Bağlantı bölümünden ekle.,don't translate Nabu Casa
uif_onboarding_auto_entities,string,,"Finds suitable Climate, Security, Energy and Battery entities","Uygun İklim, Güvenlik, Enerji ve Pil varlıklarını bulur",
uif_onboarding_auto_generate,string,,Auto generate,Otomatik oluştur,
uif_onboarding_auto_rooms_floors,string,,Creates rooms and floors from Home Assistant areas,Home Assistant alanlarından odalar ve katlar oluşturur,don't translate Home Assistant
uif_onboarding_building_dashboard,string,,Building dashboard…,Pano oluşturuluyor…,
uif_onboarding_connection_failed,string,,Connection failed,Bağlantı başarısız,
uif_onboarding_everything_editable,string,,Everything can be changed afterward in Edit mode,Daha sonra her şey düzenleme modunda değiştirilebilir,
uif_onboarding_external_access_explanation,string,,HKI 7 can reach your smart home both at home and while you're away through the external URL you entered.,"HKI 7, girdiğin harici URL üzerinden hem evdeyken hem de dışarıdayken akıllı evine erişebilir.",don't translate HKI 7
uif_onboarding_local_access_explanation,string,,Your smart home is currently available to HKI 7 only while this device can reach your local Home Assistant network.,HKI 7 şu anda akıllı evine yalnızca bu cihaz yerel Home Assistant ağına erişebildiğinde ulaşabilir.,"don't translate Home Assistant, HKI 7"
uif_onboarding_login_failed,string,,Login failed: %1$s,Oturum açılamadı: %1$s,keep %1$s
uif_onboarding_nabu_casa_access_explanation,string,,HKI 7 can reach your smart home both at home and while you're away through your Nabu Casa URL.,"HKI 7, Nabu Casa URL’n üzerinden hem evdeyken hem de dışarıdayken akıllı evine erişebilir.","don't translate Nabu Casa, HKI 7"
uif_onboarding_no_authorization_code,string,,Login failed: Home Assistant returned no authorization code.,Oturum açılamadı: Home Assistant yetkilendirme kodu döndürmedi.,don't translate Home Assistant
uif_onboarding_preparing_dashboard,string,,Preparing dashboard…,Pano hazırlanıyor…,
uif_onboarding_server_http_error,string,,The server answered with HTTP %1$d,Sunucu HTTP %1$d yanıtını verdi,keep %1$d
uif_onboarding_shared_import_failed,string,,Could not import “%1$s”. Try again.,“%1$s” içe aktarılamadı. Tekrar dene.,keep %1$s
uif_onboarding_start_empty,string,,Start empty,Boş başla,
uif_onboarding_starts_empty,string,,"Starts without imported rooms, widgets or view entities","İçe aktarılmış odalar, widget’lar veya görünüm varlıkları olmadan başlar",
uif_open,string,,Open,Aç,
uif_open_doors,string,,Open doors,Açık kapılar,
uif_open_settings,string,,Open settings,Ayarları aç,
uif_open_windows,string,,Open windows,Açık pencereler,
uif_pause,string,,Pause,Duraklat,
uif_percentage,string,,Percentage,Yüzde,
uif_percentage_value,string,,%1$d%%,%1$d%%,keep %1$d
uif_pick_to_auto_fill,string,,Pick to auto-fill,Otomatik doldurmak için seç,
uif_pill,string,,Pill,Kapsül,
uif_play,string,,Play,Oynat,
uif_playlists,string,,Playlists,Oynatma listeleri,
uif_pm25,string,,PM2.5,PM2.5,
uif_presence,string,,Presence,Mevcudiyet,
uif_pressure,string,,Pressure,Basınç,
uif_pressure_hpa,string,,%1$d hPa,%1$d hPa,keep %1$d
uif_previous,string,,Previous,Önceki,
uif_pulse,string,,Pulse,Atım,
uif_pump,string,,Pump,Pompa,
uif_rain,string,,Rain,Yağmur,
uif_rain_map_camera,string,,Rain map camera,Yağmur haritası kamerası,
uif_recipe_arrive_home_description,string,,Activate a scene when someone arrives home,Biri eve geldiğinde bir sahneyi etkinleştir,
uif_recipe_arrive_home_title,string,,Welcome home,Eve hoş geldin,
uif_recipe_bedtime_description,string,,Turn off a light at a chosen bedtime,Seçilen uyku saatinde bir ışığı kapat,
uif_recipe_bedtime_title,string,,Bedtime lights,Uyku vakti ışıkları,
uif_recipe_blank_description,string,,Build an automation from an empty canvas,Boş bir tuvalden otomasyon oluştur,
uif_recipe_blank_title,string,,Start empty,Boş başla,
uif_recipe_close_covers_description,string,,Close a cover when the sun sets,Güneş battığında bir panjuru kapat,
uif_recipe_close_covers_title,string,,Close covers at sunset,Gün batımında panjurları kapat,
uif_recipe_entity_state_description,string,,Run an action when an entity reaches a state,Bir varlık belirli bir duruma ulaştığında bir eylem çalıştır,
uif_recipe_entity_state_title,string,,Entity changes,Varlık değişiklikleri,
uif_recipe_leave_home_description,string,,Turn off a light when someone leaves home,Biri evden ayrıldığında bir ışığı kapat,
uif_recipe_leave_home_title,string,,Leaving home,Evden ayrılma,
uif_recipe_lock_at_night_description,string,,Lock a door at a chosen time,Seçilen saatte bir kapıyı kilitle,
uif_recipe_lock_at_night_title,string,,Lock up at night,Gece kilitle,
uif_recipe_morning_scene_description,string,,Activate a scene at a chosen morning time,Seçilen sabah saatinde bir sahneyi etkinleştir,
uif_recipe_morning_scene_title,string,,Morning scene,Sabah sahnesi,
uif_recipe_motion_lights_description,string,,Turn on a light when motion is detected,Hareket algılandığında bir ışığı aç,
uif_recipe_motion_lights_title,string,,Motion lighting,Hareketle aydınlatma,
uif_recipe_open_covers_description,string,,Open a cover when the sun rises,Güneş doğduğunda bir panjuru aç,
uif_recipe_open_covers_title,string,,Open covers at sunrise,Gün doğumunda panjurları aç,
uif_recipe_schedule_description,string,,Run an action at a fixed time every day,Her gün sabit bir saatte bir eylem çalıştır,
uif_recipe_schedule_title,string,,At a time,Belirli bir saatte,
uif_recipe_sunrise_lights_off_description,string,,Turn off a light when the sun rises,Güneş doğduğunda bir ışığı kapat,
uif_recipe_sunrise_lights_off_title,string,,Lights off at sunrise,Gün doğumunda ışıkları kapat,
uif_recipe_sunset_description,string,,Run an action at sunset,Gün batımında bir eylem çalıştır,
uif_recipe_sunset_title,string,,Around sunset,Gün batımı civarında,
uif_refresh,string,,Refresh,Yenile,
uif_remove,string,,Remove,Kaldır,
uif_repeat,string,,Repeat,Tekrarla,
uif_run,string,,Run,Çalıştır,
uif_season,string,,Season,Mevsim,
uif_season_autumn,string,,Autumn,Sonbahar,
uif_season_spring,string,,Spring,İlkbahar,
uif_season_summer,string,,Summer,Yaz,
uif_season_winter,string,,Winter,Kış,
uif_shuffle,string,,Shuffle,Karıştır,
uif_sleep,string,,Sleep,Uyku,
uif_smoke,string,,Smoke,Duman,
uif_source,string,,Source,Kaynak,
uif_source_device,string,,Source device,Kaynak cihaz,
uif_speed,string,,Speed,Hız,
uif_speed_kmh,string,,%1$d km/h,%1$d km/sa,keep %1$d
uif_spin,string,,Spin,Döndürme,
uif_state_active,string,,Active,Etkin,
uif_state_away,string,,Away,Dışarıda,
uif_state_buffering,string,,Buffering,Arabelleğe alınıyor,
uif_state_cleaning,string,,Cleaning,Temizliyor,
uif_state_closed,string,,Closed,Kapalı,
uif_state_docked,string,,Docked,İstasyonda,
uif_state_error,string,,Error,Hata,
uif_state_home,string,,Home,Evde,
uif_state_idle,string,,Idle,Boşta,
uif_state_locked,string,,Locked,Kilitli,
uif_state_off,string,,Off,Kapalı,
uif_state_on,string,,On,Açık,
uif_state_open,string,,Open,Açık,
uif_state_paused,string,,Paused,Duraklatıldı,
uif_state_playing,string,,Playing,Oynatılıyor,
uif_state_returning,string,,Returning,Geri dönüyor,
uif_state_standby,string,,Standby,Beklemede,
uif_state_unavailable,string,,Unavailable,Kullanılamıyor,
uif_state_unknown,string,,Unknown,Bilinmiyor,
uif_state_unlocked,string,,Unlocked,Kilit açık,
uif_sun,string,,Sun,Güneş,
uif_sunrise,string,,Sunrise,Gün doğumu,
uif_sunset,string,,Sunset,Gün batımı,
uif_tank,string,,Tank,Depo,
uif_tap,string,,Tap,Dokun,
uif_third,string,,Third,Üçte bir,
uif_time,string,,Time,Zaman,
uif_unknown,string,,Unknown,Bilinmiyor,
uif_update_failed,string,,Could not update %1$s,%1$s güncellenemedi,keep %1$s
uif_updated,string,,%1$s updated,%1$s güncellendi,keep %1$s
uif_weather,string,,Weather,Hava durumu,
uif_wind,string,,Wind,Rüzgâr,
uif_active_device_count,plural,one,%1$d active device,%1$d etkin cihaz,keep %1$d
uif_active_device_count,plural,other,%1$d active devices,%1$d etkin cihaz,keep %1$d
uif_adaptive_group_paused_count,plural,one,%1$d group light is paused for manual control.,%1$d grup ışığı manuel kontrol için duraklatıldı.,keep %1$d
uif_adaptive_group_paused_count,plural,other,%1$d group lights are paused for manual control.,%1$d grup ışığı manuel kontrol için duraklatıldı.,keep %1$d
uif_adaptive_profile_light_count,plural,one,Controls %1$d light in this profile.,Bu profilde %1$d ışığı kontrol eder.,keep %1$d
uif_adaptive_profile_light_count,plural,other,Controls %1$d lights in this profile.,Bu profilde %1$d ışığı kontrol eder.,keep %1$d
uif_days_to_season,plural,one,%1$d day to %2$s,%2$s mevsimine %1$d gün kaldı,keep %1$d %2$s
uif_days_to_season,plural,other,%1$d days to %2$s,%2$s mevsimine %1$d gün kaldı,keep %1$d %2$s
uif_device_on_count,plural,one,%1$d device on,%1$d cihaz açık,keep %1$d
uif_device_on_count,plural,other,%1$d devices on,%1$d cihaz açık,keep %1$d
uif_fire_detector_count,plural,one,%1$d fire detector active,%1$d yangın dedektörü etkin,keep %1$d
uif_fire_detector_count,plural,other,%1$d fire detectors active,%1$d yangın dedektörü etkin,keep %1$d
uif_flow_advanced_block_count,plural,one,%1$d advanced shorthand block (kept unchanged),%1$d gelişmiş kısayol bloğu (değiştirilmeden korundu),keep %1$d
uif_flow_advanced_block_count,plural,other,%1$d advanced shorthand blocks (kept unchanged),%1$d gelişmiş kısayol bloğu (değiştirilmeden korundu),keep %1$d
uif_gas_detector_count,plural,one,%1$d gas detector active,%1$d gaz dedektörü etkin,keep %1$d
uif_gas_detector_count,plural,other,%1$d gas detectors active,%1$d gaz dedektörü etkin,keep %1$d
uif_light_on_count,plural,one,%1$d light on,%1$d ışık açık,keep %1$d
uif_light_on_count,plural,other,%1$d lights on,%1$d ışık açık,keep %1$d
uif_media_item_count,plural,one,%1$d item,%1$d öğe,keep %1$d
uif_media_item_count,plural,other,%1$d items,%1$d öğe,keep %1$d
uif_motion_sensor_count,plural,one,%1$d motion sensor active,%1$d hareket sensörü etkin,keep %1$d
uif_motion_sensor_count,plural,other,%1$d motion sensors active,%1$d hareket sensörü etkin,keep %1$d
uif_open_door_count,plural,one,%1$d open door,%1$d açık kapı,keep %1$d
uif_open_door_count,plural,other,%1$d open doors,%1$d açık kapı,keep %1$d
uif_open_window_count,plural,one,%1$d open window,%1$d açık pencere,keep %1$d
uif_open_window_count,plural,other,%1$d open windows,%1$d açık pencere,keep %1$d
uif_presence_sensor_count,plural,one,%1$d presence sensor active,%1$d mevcudiyet sensörü etkin,keep %1$d
uif_presence_sensor_count,plural,other,%1$d presence sensors active,%1$d mevcudiyet sensörü etkin,keep %1$d
uif_smoke_detector_count,plural,one,%1$d smoke detector active,%1$d duman dedektörü etkin,keep %1$d
uif_smoke_detector_count,plural,other,%1$d smoke detectors active,%1$d duman dedektörü etkin,keep %1$d
weather_animate_title,string,,Animated weather,Animasyonlu hava durumu,
weather_animate_description,string,,"Where the full-colour weather artwork plays. Turn a surface off to show its still artwork instead — the forecast strips are the ones that cost the most, since they animate a dozen icons side by side.",Tam renkli hava durumu sanat eserlerinin oynatıldığı yer. Bunun yerine hareketsiz resmini göstermek için bir yüzeyi kapatın; bir düzine simgeyi yan yana canlandırdıkları için tahmin şeritleri en pahalı olanlardır.,
weather_animate_applies_everywhere,string,,"These apply to this device everywhere weather is shown, not just to this pill. The same switches are in Settings › Appearance › Icons.","Bunlar sadece bu hap için değil, hava durumunun gösterildiği her yerde bu cihaz için geçerlidir. Aynı anahtarlar Ayarlar › Görünüm › Simgeler'de de bulunur.",
weather_animate_pill,string,,Header pill,Başlık hapı,
weather_animate_pill_description,string,,The small weather icon beside the dashboard title.,Kontrol paneli başlığının yanındaki küçük hava durumu simgesi.,
weather_animate_dialog,string,,Weather dialog,Hava durumu iletişim kutusu,
weather_animate_dialog_description,string,,The large icon on the current-weather card when you open the weather.,Hava durumunu açtığınızda mevcut hava durumu kartındaki büyük simge.,
weather_animate_forecast,string,,Forecast strips,Tahmin şeritleri,
weather_animate_forecast_description,string,,"The daily and hourly rows, in the dialog and on the dashboard.",İletişim kutusunda ve kontrol panelinde günlük ve saatlik satırlar.,
weather_animate_widget,string,,Weather widget,Hava durumu widget'ı,
weather_animate_widget_description,string,,The weather card on the dashboard itself.,Kontrol panelinin üzerindeki hava durumu kartı.,
widgets_tab_content,string,,Content,İçerik,
widgets_tab_appearance,string,,Appearance,Görünüm,
widgets_tab_data,string,,Data,Veriler,
widgets_tab_chart,string,,Chart,Grafik,
widgets_tab_graphs,string,,Graphs,Grafikler,
widgets_tab_layout,string,,Layout,Düzen,
widgets_tab_data_sources,string,,Data sources,Veri kaynakları,
widgets_remove,string,,Remove,Kaldır,
widgets_reimport,string,,Re-import,Yeniden içe aktar,
widgets_unavailable,string,,Unavailable,Kullanılamıyor,
widgets_today,string,,Today,Bugün,
widgets_tomorrow,string,,Tomorrow,Yarın,
widgets_yesterday,string,,Yesterday,Dün,
widgets_today_initial,string,,T,B,
widgets_date_range,string,,%1$s – %2$s,%1$s – %2$s,keep %1$s %2$s
widgets_iframe_title,string,,iFrame,iFrame,
widgets_iframe_subtitle,string,,Embed a web page on your dashboard,Panona bir web sayfası yerleştir,
widgets_ratio_square,string,,Square,Kare,
widgets_ratio_wide,string,,Wide,Geniş,
widgets_ratio_tall,string,,Tall,Uzun,
widgets_markdown_title,string,,Markdown,Markdown,
widgets_markdown_subtitle,string,,Content and card appearance,İçerik ve kart görünümü,
widgets_media_player_title,string,,Media player,Medya oynatıcı,
widgets_media_player_subtitle,string,,"Source, layout, and artwork","Kaynak, düzen ve kapak görseli",
widgets_stat_min,string,,Min,En az,
widgets_stat_average,string,,Avg,Ort.,
widgets_stat_max,string,,Max,En çok,
widgets_sensor_graph_title,string,,Sensor graph,Sensör grafiği,
widgets_sensor_graph_subtitle,string,,"Entities, chart style, and appearance","Varlıklar, grafik stili ve görünüm",
widgets_sensor_graph_stack_title,string,,Sensor graph stack,Sensör grafik grubu,
widgets_sensor_graph_stack_subtitle,string,,Grouped charts and stack layout,Gruplanmış grafikler ve grup düzeni,
widgets_graph_sensor_count,plural,one,Graph %1$d · %2$d sensor,Grafik %1$d · %2$d sensör,keep %1$d %2$d
widgets_graph_sensor_count,plural,other,Graph %1$d · %2$d sensors,Grafik %1$d · %2$d sensör,keep %1$d %2$d
widgets_calendar_title,string,,Calendar,Takvim,
widgets_calendar_subtitle,string,,"Calendars, default view, and appearance","Takvimler, varsayılan görünüm ve görünüm ayarları",
widgets_calendar_agenda,string,,Agenda,Ajanda,
widgets_calendar_week,string,,Week,Hafta,
widgets_calendar_month,string,,Month,Ay,
widgets_calendar_no_entity,string,,No calendar entity available,Kullanılabilir takvim varlığı yok,
widgets_calendar_no_upcoming_events,string,,No events in the coming days,Önümüzdeki günlerde etkinlik yok,
widgets_calendar_no_events_for,string,,No events for %1$s,%1$s için etkinlik yok,keep %1$s
widgets_calendar_all_day,string,,All day,Tüm gün,
widgets_calendar_time_unknown,string,,Time unknown,Saat bilinmiyor,
widgets_vacuum_state_cleaning,string,,Cleaning,Temizliyor,
widgets_vacuum_state_docked,string,,Docked,İstasyonda,
widgets_vacuum_state_paused,string,,Paused,Duraklatıldı,
widgets_vacuum_state_error,string,,Error,Hata,
widgets_vacuum_state_returning,string,,Returning to dock,İstasyona dönüyor,
widgets_vacuum_dock,string,,Dock,İstasyona dön,
widgets_vacuum_start,string,,Start,Başlat,
widgets_vacuum_pause,string,,Pause,Duraklat,
widgets_vacuum_stop,string,,Stop,Durdur,
widgets_vacuum_locate,string,,Locate,Bul,
widgets_vacuum_page_status,string,,%1$d/%2$d · %3$s,%1$d/%2$d · %3$s,keep %1$d %2$d %3$s
widgets_vacuum_fan_speed,string,,Fan speed,Emiş gücü,
widgets_vacuum_water_level,string,,Water level,Su seviyesi,
widgets_vacuum_map,string,,Vacuum map,Süpürge haritası,
widgets_vacuum_room_number,string,,Room %1$d,Oda %1$d,keep %1$d
widgets_vacuum_room_label,string,,Room %1$s,Oda %1$s,keep %1$s
widgets_vacuum_valetudo_decode_failed,string,,No Valetudo map data in this camera entity,Bu kamera varlığında Valetudo harita verisi yok,don't translate Valetudo
widgets_vacuum_valetudo_tap_hint,string,,Tap a room to clean it,Süpürmek için bir odaya dokunun,
widgets_vacuum_valetudo_unmapped,string,,Map this robot's segments to areas in Home Assistant to clean a room by tapping it,Tek dokunuşla oda süpürmek için bu robotun segmentlerini Home Assistant'taki alanlarla eşleştirin,don't translate Home Assistant
widgets_vacuum_valetudo_cleaning,string,,Cleaning %1$s,%1$s süpürülüyor,keep %1$s
widgets_waste_collection_title,string,,Waste collection,Atık toplama,
widgets_waste_collection_subtitle,string,,"Sensors, calendar, and appearance","Sensörler, takvim ve görünüm",
widgets_waste_sensor_picture_help,string,,Shows the sensor’s entity_picture (falls back to the type icon when no picture is available).,Sensörün entity_picture görselini gösterir; görsel yoksa atık türü simgesi kullanılır.,
ui_people_dialog_title,string,,People,Kişiler,
widgets_f1_title,string,,Formula 1,Formül 1,
widgets_f1_subtitle,string,,"Race weekend, standings, and results","Yarış hafta sonu, sıralamalar ve sonuçlar",
widgets_f1_sources_subtitle,string,,Read from the F1 Sensor integration,F1 Sensör entegrasyonundan okuyun,
widgets_f1_tab_next,string,,Next race,Sonraki yarış,
widgets_f1_tab_calendar,string,,Calendar,Takvim,
widgets_f1_tab_standings,string,,Standings,Puan Durumu,
widgets_f1_tab_grid,string,,Grid,Izgara,
widgets_f1_tab_results,string,,Results,Sonuçlar,
widgets_f1_tab_live,string,,Live,Canlı,
widgets_f1_drivers,string,,Drivers,Sürücüler,
widgets_f1_constructors,string,,Constructors,İnşaatçılar,
widgets_f1_prediction,string,,Prediction,Tahmin,
widgets_f1_schedule,string,,Session schedule,Oturum programı,
widgets_f1_race_control,string,,Race control,Yarış kontrolü,
widgets_f1_timing,string,,Timing,Zamanlama,
widgets_f1_round,string,,Round %1$s,%1$s Turu,keep %1$s
widgets_f1_lap_short,string,,Lap %1$s,%1$s Turu,keep %1$s
widgets_f1_lap_of,string,,Lap %1$d / %2$d,%1$d / %2$d Turu,keep %1$d %2$d
widgets_f1_wins_short,string,,%1$s wins,%1$s kazandı,keep %1$s
widgets_f1_points_wins_legend,string,,Right-hand column shows championship points.,Sağdaki sütun şampiyonluk puanlarını gösterir.,
widgets_f1_prediction_now,string,,Now: %1$s pts,Şimdi: %1$s puan,keep %1$s
widgets_f1_prediction_legend,string,,Right-hand column shows predicted final points. Needs F1TV Auth in F1 Sensor.,Sağdaki sütun tahmin edilen son noktaları gösterir. F1 Sensöründe F1TV Kimlik Doğrulaması gerekiyor.,
widgets_f1_status_pit,string,,In pit,Çukurda,
widgets_f1_status_out,string,,Retired,Emekli,
widgets_f1_no_calendar,string,,No season schedule available yet,Henüz sezon programı mevcut değil,
widgets_f1_no_grid,string,,No starting grid available yet,Henüz başlangıç tablosu mevcut değil,
widgets_f1_no_prediction,string,,No championship prediction available. Needs F1TV Auth in F1 Sensor.,Şampiyonluk tahmini mevcut değil. F1 Sensöründe F1TV Kimlik Doğrulaması gerekiyor.,
widgets_f1_lights_out_in,string,,Lights out in %1$s,%1$s'da ışıklar sönüyor,keep %1$s
widgets_f1_next_in,string,,%1$s · %2$s,%1$s · %2$s,keep %1$s %2$s
widgets_f1_in_days_hours,string,,in %1$dd %2$dh,%1$dd %2$dh içinde,keep %1$d %2$d
widgets_f1_in_hours_minutes,string,,in %1$dh %2$dm,%1$dh %2$dm içinde,keep %1$d %2$d
widgets_f1_in_minutes,string,,in %1$dm,%1$dm içinde,keep %1$d
widgets_f1_no_upcoming,string,,No upcoming race,Yaklaşan yarış yok,
widgets_f1_today_at,string,,Today %1$s,Bugün %1$s,keep %1$s
widgets_f1_tomorrow_at,string,,Tomorrow %1$s,Yarın %1$s,keep %1$s
widgets_f1_time_unknown,string,,Time to be confirmed,Onaylanma zamanı,
widgets_f1_sensors_used,string,,"This widget uses the next race, season calendar, starting grid, driver and constructor standings, last race results, weather, and — during a session — track status, session status, race control, driver positions, and current tyres. It also shows a championship prediction when F1 Sensor's optional F1TV Auth is set up. Other F1 Sensor options are not needed for it.","Bu widget bir sonraki yarışı, sürücü ve yapımcı sıralamalarını, son yarış sonuçlarını, hava durumunu, mevcut sezonu ve bir oturum sırasında pist durumunu, oturum durumunu ve yarış kontrolünü kullanır. Bunun için diğer F1 Sensör seçeneklerine gerek yoktur.",
widgets_f1_no_standings,string,,No standings available yet,Henüz sıralama mevcut değil,
widgets_f1_no_results,string,,No race results available yet,Henüz yarış sonucu yok,
widgets_f1_no_race_control,string,,No race control messages,Yarış kontrol mesajı yok,
widgets_f1_not_found,string,,F1 Sensor not found,F1 Sensörü bulunamadı,
widgets_f1_not_found_long,string,,The F1 Sensor integration was not found. Install it in Home Assistant (HACS: Nicxe/f1_sensor) and its sensors are picked up automatically.,F1 Sensör entegrasyonu bulunamadı. Home Assistant'a (HACS: Nicxe/f1_sensor) yükleyin; sensörleri otomatik olarak algılanır.,don't translate Home Assistant
widgets_f1_found,string,,Found %1$d F1 sensors.,%1$d F1 sensörü bulundu.,keep %1$d
widgets_f1_default_tab,string,,Opening tab,Açılış sekmesi,
widgets_f1_background_help,string,,"With no background image the card shows the upcoming race, with the circuit outline as a faint watermark behind it.","Arka plan resmi olmayan kart, arkasında soluk bir filigran gibi devre taslağıyla yaklaşan yarışı gösteriyor.",
widgets_f1_session_fp1,string,,Practice 1,Alıştırma 1,
widgets_f1_session_fp2,string,,Practice 2,Alıştırma 2,
widgets_f1_session_fp3,string,,Practice 3,Alıştırma 3,
widgets_f1_session_sprint_quali,string,,Sprint qualifying,Sprint elemeleri,
widgets_f1_session_sprint,string,,Sprint,Sprint,
widgets_f1_session_qualifying,string,,Qualifying,Nitelikli,
widgets_f1_session_race,string,,Race,Irk,
widgets_f1_flag_green,string,,Track clear,Parçayı temizle,
widgets_f1_flag_yellow,string,,Yellow flag,Sarı bayrak,
widgets_f1_flag_red,string,,Red flag,Kırmızı bayrak,
widgets_f1_flag_safety_car,string,,Safety car,Güvenlik arabası,
widgets_f1_flag_vsc,string,,Virtual safety car,Sanal güvenlik arabası,
widgets_f1_flag_chequered,string,,Chequered flag,Damalı bayrak,
widgets_f1_flag_unknown,string,,Not running,Çalışmıyor,
cr_widget_f1,string,,Formula 1,Formül 1,
cr_widget_f1_description,string,,"Race weekend, standings, and results","Yarış hafta sonu, sıralamalar ve sonuçlar",
widgets_todo_title,string,,To-Do List,Yapılacaklar Listesi,
widgets_todo_shopping_title,string,,Shopping List,Alışveriş listesi,
widgets_todo_subtitle,string,,A shared checklist your family can add to and check off,Ailenizin ekleyip işaretleyebileceği paylaşılan bir kontrol listesi,
widgets_todo_empty,string,,No items yet,Henüz öğe yok,
widgets_todo_all_done,string,,All done,Hepsi bitti,
widgets_todo_remaining,string,,%1$d of %2$d left,%2$d / %1$d kaldı,keep %1$d %2$d
widgets_todo_remaining_short,string,,%1$d/%2$d,%1$d/%2$d,keep %1$d %2$d
widgets_todo_add_placeholder,string,,Add an item…,Bir öğe ekleyin…,
widgets_todo_read_only,string,,You don't have permission to edit this list.,Bu listeyi düzenleme izniniz yok.,
widgets_todo_filter_active,string,,To do,yapmak,
widgets_todo_filter_all,string,,All,Tüm,
widgets_todo_filter_done,string,,Done,Tamamlamak,
widgets_todo_clear_completed,string,,Clear completed,Tamamlananları temizle,
widgets_todo_completed_section,string,,Completed (%1$d),Tamamlandı (%1$d),keep %1$d
widgets_todo_new_category,string,,New tab,Yeni sekme,
widgets_todo_manage_categories,string,,Manage tabs,Sekmeleri yönet,
widgets_todo_edit_item,string,,Edit item,Öğeyi düzenle,
widgets_todo_item_text,string,,Item,Öğe,
widgets_todo_quantity,string,,Quantity,Adet,
widgets_todo_category,string,,Category,Kategori,
widgets_todo_note,string,,Note,Not,
widgets_todo_priority,string,,Priority,Öncelik,
widgets_todo_priority_low,string,,Low,Düşük,
widgets_todo_priority_normal,string,,Normal,Normal,
widgets_todo_priority_high,string,,High,Yüksek,
widgets_todo_due_date,string,,Due date,Bitiş tarihi,
widgets_todo_clear_due_date,string,,Clear due date,Son tarihi temizle,
widgets_todo_delete_item,string,,Delete,Sil,
widgets_todo_checked_by,string,,Checked by %1$s,%1$s tarafından kontrol edildi,keep %1$s
widgets_todo_added_by,string,,Added by %1$s,%1$s tarafından eklendi,keep %1$s
widgets_todo_tab_general,string,,General,Genel,
widgets_todo_tab_permissions,string,,Permissions,İzinler,
widgets_todo_list_type,string,,List type,Liste türü,
widgets_todo_type_todo,string,,To-do,Yapılacaklar,
widgets_todo_type_shopping,string,,Shopping,Alışveriş,
widgets_todo_sort_mode,string,,Sort order,Sıralama düzeni,
widgets_todo_sort_manual,string,,Manual,Manuel,
widgets_todo_sort_alphabetical,string,,A–Z,A'dan Z'ye,
widgets_todo_sort_priority,string,,Priority,Öncelik,
widgets_todo_sort_newest,string,,Newest first,Önce en yeni,
widgets_todo_show_completed,string,,Show completed items by default,Tamamlanan öğeleri varsayılan olarak göster,
widgets_todo_hero_list,string,,Hero list,Kahraman listesi,
widgets_todo_hero_list_hint,string,,Show this list's open items on the square card.,Bu listenin açık öğelerini kare kartta gösterin.,
widgets_todo_permissions_subtitle,string,,"Choose who can add, check off, or remove items","Öğeleri kimlerin ekleyebileceğini, işaretleyebileceğini veya kaldırabileceğini seçin",
widgets_todo_perm_everyone,string,,Everyone,Herkes,
widgets_todo_perm_specific,string,,Specific family members,Belirli aile üyeleri,
widgets_todo_perm_admin_only,string,,Admins only,Yalnızca yöneticiler,
widgets_todo_permissions_admin_required,string,,Only an admin can choose specific members,Yalnızca bir yönetici belirli üyeleri seçebilir,
widgets_todo_no_users_found,string,,No Home Assistant users found,Hiçbir Ev Asistanı kullanıcısı bulunamadı,don't translate Home Assistant
cr_widget_todo,string,,To-Do List,Yapılacaklar Listesi,
cr_widget_todo_description,string,,"Shared checklist or shopping list, editable by everyone, chosen members, or admins only","Herkes, seçilen üyeler veya yalnızca yöneticiler tarafından düzenlenebilen paylaşılan kontrol listesi veya alışveriş listesi",
widgets_find_devices_title,string,,Find my devices,Cihazlarımı bul,
widgets_find_devices_subtitle,string,,"Devices, map, and appearance","Cihazlar, harita ve görünüm",
widgets_find_devices_label,string,,Devices,Cihazlar,
widgets_find_select_devices,string,,Select devices,Cihazları seçin,
widgets_find_sources_subtitle,string,,Trackers to show on the map,Haritada gösterilecek izleyiciler,
widgets_find_gps_help,string,,Any device_tracker or person entity can be added. Those reporting GPS coordinates appear on the map; the rest are still listed with their state.,Herhangi bir cihaz_izleyici veya kişi varlığı eklenebilir. GPS koordinatlarını bildirenlerin haritada görünmesi; geri kalanı hala durumlarıyla birlikte listeleniyor.,
widgets_find_my_devices,string,,My devices,Cihazlarım,
widgets_find_filter_all,string,,All,Tüm,
widgets_find_filter_devices,string,,Devices,Cihazlar,
widgets_find_filter_persons,string,,People,Kişiler,
widgets_find_showing_selected,string,,Showing %1$d selected,%1$d seçili olarak gösteriliyor,keep %1$d
widgets_find_show_all,string,,Show all,Tümünü göster,
widgets_find_none_in_filter,string,,Nothing of this kind in this widget,Bu widget'ta bu türden hiçbir şey yok,
widgets_find_refresh,string,,Refresh,Yenile,
widgets_find_summary,string,,%1$d of %2$d home,%2$d evinden %1$d,keep %1$d %2$d
widgets_find_no_devices_selected,string,,No devices selected,Hiçbir cihaz seçilmedi,
widgets_find_no_location,string,,None of these devices report a location yet,Bu cihazların hiçbiri henüz konum bildirmiyor,
widgets_find_no_gps,string,,No location,Konum yok,
widgets_find_state_home,string,,Home,Ev,
widgets_find_state_away,string,,Away,Evde değil,
widgets_find_state_unknown,string,,Unknown,Bilinmiyor,
cr_widget_find_devices,string,,Find my devices,Cihazlarımı bul,
cr_widget_find_devices_description,string,,"Map of your phones, tags, and trackers","Telefonlarınızın, etiketlerinizin ve izleyicilerinizin haritası",
widgets_waste_calendar_range,string,,Calendar range,Takvim aralığı,
widgets_waste_calendar_days,string,,%1$d days,%1$d gün,keep %1$d
widgets_waste_calendar_range_help,string,,"How far ahead the dialog's calendar looks. It is shown as a week grid, rounded out to whole weeks.",Diyaloğun takviminin ne kadar ileride göründüğü. Tam haftalara yuvarlanmış bir hafta tablosu olarak gösterilir.,
widgets_waste_no_collection_on,string,,No collection on %1$s,%1$s üzerinde tahsilat yok,keep %1$s
widgets_waste_organic,string,,Organic waste,Organik atık,
widgets_waste_packaging,string,,Packaging,Ambalaj,
widgets_waste_paper,string,,Paper,Kâğıt,
widgets_waste_residual,string,,Residual waste,Evsel atık,
widgets_waste_glass,string,,Glass,Cam,
widgets_waste_textiles,string,,Textiles,Tekstil,
widgets_waste_plastic,string,,Plastic,Plastik,
widgets_waste_christmas_trees,string,,Christmas trees,Yılbaşı ağaçları,
widgets_waste_bulky,string,,Bulky waste,Hacimli atık,
widgets_waste_duo_bin,string,,Duo bin,Çift bölmeli kutu,
widgets_weather_title,string,,Weather,Hava durumu,
widgets_weather_subtitle,string,,"Entity, card type, and appearance","Varlık, kart türü ve görünüm",
widgets_weather_style_current,string,,Current weather,Güncel hava,
widgets_weather_style_daily,string,,Daily forecast,Günlük tahmin,
widgets_weather_style_hourly,string,,Hourly forecast,Saatlik tahmin,
widgets_weather_style_horizon,string,,Sunrise & sunset horizon,Gün doğumu ve gün batımı,
widgets_weather_style_wind,string,,Wind compass,Rüzgâr pusulası,
widgets_weather_style_rain_map,string,,Rain map (image URL),Yağış haritası (görsel URL’si),
widgets_compass_directions,array,1,N,K,
widgets_compass_directions,array,2,NNE,KKD,
widgets_compass_directions,array,3,NE,KD,
widgets_compass_directions,array,4,ENE,DKD,
widgets_compass_directions,array,5,E,D,
widgets_compass_directions,array,6,ESE,DGD,
widgets_compass_directions,array,7,SE,GD,
widgets_compass_directions,array,8,SSE,GGD,
widgets_compass_directions,array,9,S,G,
widgets_compass_directions,array,10,SSW,GGB,
widgets_compass_directions,array,11,SW,GB,
widgets_compass_directions,array,12,WSW,BGB,
widgets_compass_directions,array,13,W,B,
widgets_compass_directions,array,14,WNW,BKB,
widgets_compass_directions,array,15,NW,KB,
widgets_compass_directions,array,16,NNW,KKB,
widgets_battery_entities,string,,Battery entities,Pil varlıkları,
widgets_battery_settings,string,,Battery settings,Pil ayarları,
widgets_battery_empty_view_hint,string,,This battery view is empty. Swipe down on the header and open Battery settings to add entities manually.,Bu pil görünümü boş. Başlığı aşağı kaydırıp Pil ayarlarını açarak varlıkları elle ekleyebilirsin.,
widgets_battery_levels_title,string,,Battery levels,Pil seviyeleri,
widgets_battery_levels_subtitle,string,,"Thresholds, sources, and appearance","Eşikler, kaynaklar ve görünüm",
widgets_battery_rules,string,,Battery rules,Pil kuralları,
widgets_battery_all,string,,All,Tümü,
widgets_battery_critical,string,,Critical,Kritik,
widgets_battery_low,string,,Low,Düşük,
widgets_battery_watch,string,,Watch,İzle,
widgets_battery_good,string,,Good,İyi,
widgets_battery_unknown,string,,Unknown,Bilinmiyor,
widgets_battery_range_critical,string,,0–10%,0–10%,
widgets_battery_range_low,string,,11–30%,11–30%,
widgets_battery_range_watch,string,,31–50%,31–50%,
widgets_battery_range_good,string,,Above 50%,50%’nin üzerinde,
widgets_battery_range_unknown,string,,Unavailable or unknown,Kullanılamıyor veya bilinmiyor,
widgets_battery_no_data,string,,No battery data,Pil verisi yok,
widgets_battery_levels_unavailable,string,,Battery levels unavailable,Pil seviyeleri kullanılamıyor,
widgets_battery_levels_healthy,string,,Battery levels look healthy,Pil seviyeleri iyi görünüyor,
widgets_battery_lowest_detail,string,,Lowest: %1$s at %2$d%%,"En düşük: %1$s, %2$d%%",keep %1$s %2$d
widgets_battery_showing_plus,string,,Showing Battery+ devices,Battery+ cihazları gösteriliyor,
widgets_battery_waiting_levels,string,,Waiting for reported levels,Bildirilen seviyeler bekleniyor,
widgets_battery_lowest,string,,Lowest,En düşük,
widgets_battery_attention,string,,Attention,Dikkat,
widgets_battery_tracked,string,,Tracked,İzlenen,
widgets_battery_level,string,,Level,Seviye,
widgets_battery_name,string,,Name,Ad,
widgets_battery_type,string,,Battery type,Pil türü,
widgets_battery_entity,string,,Entity,Varlık,
widgets_battery_quantity,string,,Quantity,Adet,
widgets_battery_quantity_short,string,,Qty %1$s,Adet %1$s,keep %1$s
widgets_battery_device_id,string,,Device ID,Cihaz kimliği,
widgets_battery_unknown_type,string,,Unknown type,Bilinmeyen tür,
widgets_battery_sort_summary,string,,Sort: %1$s,Sıralama: %1$s,keep %1$s
widgets_battery_no_filters,string,,No filters active,Etkin filtre yok,
widgets_battery_collapse_filters,string,,Collapse filters,Filtreleri daralt,
widgets_battery_expand_filters,string,,Expand filters,Filtreleri genişlet,
widgets_battery_low_count,plural,one,%1$d low battery,%1$d pil düşük,keep %1$d
widgets_battery_low_count,plural,other,%1$d low batteries,%1$d pil düşük,keep %1$d
widgets_battery_critical_count,plural,one,%1$d critical battery,%1$d pil kritik,keep %1$d
widgets_battery_critical_count,plural,other,%1$d critical batteries,%1$d pil kritik,keep %1$d
widgets_battery_attention_count,plural,one,%1$d battery needs attention,%1$d pil ilgilenmenizi gerektiriyor,keep %1$d
widgets_battery_attention_count,plural,other,%1$d batteries need attention,%1$d pil ilgilenmenizi gerektiriyor,keep %1$d
widgets_energy_day,string,,Day,Gün,
widgets_energy_week,string,,Week,Hafta,
widgets_energy_month,string,,Month,Ay,
widgets_energy_year,string,,Year,Yıl,
widgets_energy_this_week,string,,This week,Bu hafta,
widgets_energy_this_month,string,,This month,Bu ay,
widgets_energy_this_year,string,,This year,Bu yıl,
widgets_energy_today_lower,string,,today,bugün,
widgets_energy_this_week_lower,string,,this week,bu hafta,
widgets_energy_this_month_lower,string,,this month,bu ay,
widgets_energy_this_year_lower,string,,this year,bu yıl,
widgets_energy_yesterday_lower,string,,yesterday,dün,
widgets_energy_consumed_solar,string,,Consumed solar,Doğrudan tüketilen güneş enerjisi,
widgets_energy_imported,string,,Imported,Şebekeden alınan,
widgets_energy_exported,string,,Exported,Şebekeye verilen,
widgets_energy_phase_number,string,,Phase %1$d,Faz %1$d,keep %1$d
widgets_energy_forecast_number,string,,Forecast %1$d,Tahmin %1$d,keep %1$d
widgets_energy_ha_forecast,string,,Home Assistant forecast,Home Assistant tahmini,don't translate Home Assistant
widgets_battery_search,string,,Search devices,Cihazları arayın,
widgets_battery_none,string,,No batteries match that search.,Bu aramayla eşleşen pil yok.,
widgets_battery_open_page,string,,Open battery page,Pil sayfasını aç,
